date,year,month,day,dayofyear,dayofweek,dayofyear_sin1,dayofyear_cos1,dayofweek_sin1,dayofweek_cos1,is_holiday,day_type,period_start_utc,period_end_utc,price,gen_forecast_da,load_forecast_da,on_wind_da,off_wind_da,solar_da,res_sum_da,c_by_day,price_gas
2019-01-01,2019,1,1,1,1,0.0,1.0,0.7818314824680298,0.6234898018587336,1,holiday,2019-01-01 00:00:00+00:00,2019-01-02 00:00:00+00:00,-5.873333333333334,61009.40916666667,47744.07020833334,31139.542708333334,4523.7921875,413.4023958333334,36076.73729166667,24,22.28
2019-01-02,2019,1,2,2,2,0.0172015754182605,0.9998520419557736,0.9749279121818236,-0.2225209339563143,0,weekday,2019-01-02 00:00:00+00:00,2019-01-03 00:00:00+00:00,29.28625,65324.24083333334,55944.56458333333,24192.978333333333,4118.932916666667,1191.0254166666666,29502.936666666665,24,22.28
2019-01-03,2019,1,3,3,3,0.034398060613608,0.9994082116062598,0.4338837391175582,-0.900968867902419,0,weekday,2019-01-03 00:00:00+00:00,2019-01-04 00:00:00+00:00,58.197916666666664,64042.93041666667,57691.7809375,10048.293333333333,2879.674791666667,942.6522916666668,13870.620416666667,24,22.215
2019-01-04,2019,1,4,4,4,0.0515843668694083,0.9986686402879996,-0.433883739117558,-0.9009688679024191,0,weekday,2019-01-04 00:00:00+00:00,2019-01-05 00:00:00+00:00,49.44,68236.98375,55457.005625,17837.964791666665,4346.913333333333,375.7546875,22560.6328125,24,22.845
2019-01-05,2019,1,5,5,5,0.0687554084811394,0.9976335468520452,-0.9749279121818236,-0.2225209339563146,0,weekend,2019-01-05 00:00:00+00:00,2019-01-06 00:00:00+00:00,43.21458333333334,62672.75541666666,52843.88145833334,19964.51104166667,3769.7930208333332,261.3178125,23995.621875,24,22.93
2019-01-06,2019,1,6,6,6,0.0859061042613327,0.9963032375991964,-0.7818314824680299,0.6234898018587334,0,weekend,2019-01-06 00:00:00+00:00,2019-01-07 00:00:00+00:00,54.571666666666665,54984.085,49207.168750000004,7195.665416666667,2235.9777083333333,458.683125,9890.32625,24,22.42
2019-01-07,2019,1,7,7,0,0.1030313790431787,0.9946781061893646,0.0,1.0,0,weekday,2019-01-07 00:00:00+00:00,2019-01-08 00:00:00+00:00,51.43291666666667,68132.40041666667,58152.10833333334,15175.478541666665,3276.344270833333,372.04604166666667,18823.868854166667,24,21.91
2019-01-08,2019,1,8,8,1,0.1201261651823505,0.9927586335250792,0.7818314824680298,0.6234898018587336,0,weekday,2019-01-08 00:00:00+00:00,2019-01-09 00:00:00+00:00,34.88291666666667,75705.25375,62377.701875,37007.63447916667,4033.6740625,437.7851041666667,41479.09364583334,24,22.165
2019-01-09,2019,1,9,9,2,0.1371854040566005,0.9905453876091832,0.9749279121818236,-0.2225209339563143,0,weekday,2019-01-09 00:00:00+00:00,2019-01-10 00:00:00+00:00,41.157916666666665,74710.18125000001,62589.832083333335,28870.751354166667,4737.11,610.9683333333334,34218.8296875,24,22.515
2019-01-10,2019,1,10,10,3,0.1542040475626894,0.988039023376751,0.4338837391175582,-0.900968867902419,0,weekday,2019-01-10 00:00:00+00:00,2019-01-11 00:00:00+00:00,67.98041666666667,65233.70208333334,63276.463749999995,7839.714270833334,1147.8522916666668,623.1822916666666,9610.748854166666,24,21.705
2019-01-11,2019,1,11,11,4,0.1711770596101998,0.985240282501282,-0.433883739117558,-0.9009688679024191,0,weekday,2019-01-11 00:00:00+00:00,2019-01-12 00:00:00+00:00,50.01583333333334,72605.25583333334,61668.47510416666,16740.5725,4472.266875,307.8847916666667,21520.724166666667,24,22.39
2019-01-12,2019,1,12,12,5,0.1880994176117975,0.9821499931752292,-0.9749279121818236,-0.2225209339563146,0,weekend,2019-01-12 00:00:00+00:00,2019-01-13 00:00:00+00:00,40.19416666666667,65805.92583333333,54611.30427083333,24823.54354166667,4450.33125,279.87666666666667,29553.751458333336,24,22.255
2019-01-13,2019,1,13,13,6,0.2049661139694953,0.9787690698649216,-0.7818314824680299,0.6234898018587334,0,weekend,2019-01-13 00:00:00+00:00,2019-01-14 00:00:00+00:00,14.427083333333334,64444.56458333333,52417.64124999999,32411.8503125,4498.073333333333,201.52552083333333,37111.449166666665,24,22.0825
2019-01-14,2019,1,14,14,0,0.2217721575564818,0.975098513039961,0.0,1.0,0,weekday,2019-01-14 00:00:00+00:00,2019-01-15 00:00:00+00:00,34.375416666666666,74833.43125000001,62345.92166666667,31980.523750000004,4583.998437499999,1107.3858333333333,37671.90802083333,24,21.91
2019-01-15,2019,1,15,15,1,0.2385125751940764,0.9711394088771652,0.7818314824680298,0.6234898018587336,0,weekday,2019-01-15 00:00:00+00:00,2019-01-16 00:00:00+00:00,45.517500000000005,76808.62791666666,65189.709062500006,28729.259791666667,4600.665,542.3275,33872.25229166667,24,22.035
2019-01-16,2019,1,16,16,2,0.2551824131233728,0.966892928939152,0.9749279121818236,-0.2225209339563143,0,weekday,2019-01-16 00:00:00+00:00,2019-01-17 00:00:00+00:00,45.459583333333335,75388.95,65551.425,24210.619687500002,4628.756666666667,963.9804166666667,29803.356770833332,24,22.3
2019-01-17,2019,1,17,17,3,0.2717767384711357,0.9623603298276544,0.4338837391175582,-0.900968867902419,0,weekday,2019-01-17 00:00:00+00:00,2019-01-18 00:00:00+00:00,43.555,75034.35958333332,65739.08114583333,25429.5490625,4607.354583333333,853.8781250000001,30890.78177083333,24,22.64
2019-01-18,2019,1,18,18,4,0.2882906407095177,0.957542952811672,-0.433883739117558,-0.9009688679024191,0,weekday,2019-01-18 00:00:00+00:00,2019-01-19 00:00:00+00:00,62.305416666666666,68683.23458333332,64590.53104166667,8737.787395833333,1388.4514583333332,2178.189479166667,12304.428333333335,24,22.84
2019-01-19,2019,1,19,19,5,0.3047192331091634,0.9524422234305676,-0.9749279121818236,-0.2225209339563146,0,weekend,2019-01-19 00:00:00+00:00,2019-01-20 00:00:00+00:00,55.26333333333333,59988.74333333334,57112.71125,4392.834374999999,1050.8938541666666,2411.055729166667,7854.783958333333,24,22.605
2019-01-20,2019,1,20,20,6,0.321057654185271,0.9470596510722284,-0.7818314824680299,0.6234898018587334,0,weekend,2019-01-20 00:00:00+00:00,2019-01-21 00:00:00+00:00,54.52875,55740.85,53881.481770833336,1600.5238541666668,283.22010416666666,2589.4094791666666,4473.1534375,24,22.338333333333335
2019-01-21,2019,1,21,21,0,0.3373010691361842,0.9413968285264122,0.0,1.0,0,weekday,2019-01-21 00:00:00+00:00,2019-01-22 00:00:00+00:00,70.04833333333333,67727.42916666667,63784.0015625,4462.399375,1593.2421875,2380.3011458333335,8435.942708333334,24,22.071666666666665
2019-01-22,2019,1,22,22,1,0.3534446712740877,0.9354554315134164,0.7818314824680298,0.6234898018587336,0,weekday,2019-01-22 00:00:00+00:00,2019-01-23 00:00:00+00:00,63.07708333333333,73166.59166666666,65638.82822916667,8619.82375,3784.2084375,2129.2917708333334,14533.323958333334,24,21.805
2019-01-23,2019,1,23,23,2,0.3694836834473831,0.9292372181882051,0.9749279121818236,-0.2225209339563143,0,weekday,2019-01-23 00:00:00+00:00,2019-01-24 00:00:00+00:00,75.69916666666667,68673.27583333333,64481.71125,6457.575104166666,1329.5741666666665,1462.040208333333,9249.189479166667,24,22.225
2019-01-24,2019,1,24,24,3,0.3854133594543256,0.9227440286201428,0.4338837391175582,-0.900968867902419,0,weekday,2019-01-24 00:00:00+00:00,2019-01-25 00:00:00+00:00,86.16583333333334,62735.40791666667,65626.43145833333,1992.4501041666665,419.4821875,1293.9748958333332,3705.9071874999995,24,21.72
2019-01-25,2019,1,25,25,4,0.4012289854475009,0.9159777842484876,-0.433883739117558,-0.9009688679024191,0,weekday,2019-01-25 00:00:00+00:00,2019-01-26 00:00:00+00:00,65.83208333333333,66486.21541666666,64646.347708333335,7628.7459375,2434.5652083333334,942.54625,11005.857395833335,24,20.735
2019-01-26,2019,1,26,26,5,0.4169258813287287,0.908940487313808,-0.9749279121818236,-0.2225209339563146,0,weekend,2019-01-26 00:00:00+00:00,2019-01-27 00:00:00+00:00,48.68125,63522.980416666665,56828.003333333334,17317.5346875,2525.071354166667,286.6871875,20129.293229166666,24,20.89
2019-01-27,2019,1,27,27,6,0.4324994021339788,0.901634220265486,-0.7818314824680299,0.6234898018587334,0,weekend,2019-01-27 00:00:00+00:00,2019-01-28 00:00:00+00:00,36.2725,60302.40208333333,52734.48260416667,20263.30145833333,2948.34375,637.3696874999999,23849.014895833334,24,20.705
2019-01-28,2019,1,28,28,0,0.4479449394078911,0.8940611451454876,0.0,1.0,0,weekday,2019-01-28 00:00:00+00:00,2019-01-29 00:00:00+00:00,50.60666666666666,72404.75916666667,63256.8759375,17475.015833333335,3272.0044791666664,758.694375,21505.7146875,24,20.52
2019-01-29,2019,1,29,29,1,0.4632579225674917,0.88622350294858,0.7818314824680298,0.6234898018587336,0,weekday,2019-01-29 00:00:00+00:00,2019-01-30 00:00:00+00:00,60.44416666666667,72098.9825,63897.412916666675,10986.459166666667,3295.2938541666667,1453.9593750000001,15735.712395833332,24,20.6
2019-01-30,2019,1,30,30,2,0.4784338202547012,0.8781236129591848,0.9749279121818236,-0.2225209339563143,0,weekday,2019-01-30 00:00:00+00:00,2019-01-31 00:00:00+00:00,53.234166666666674,75454.97875,65003.3840625,16827.447708333333,3429.758333333333,1240.7061458333335,21497.912187500002,24,20.18
2019-01-31,2019,1,31,31,3,0.4934681416772373,0.8697638720650646,0.4338837391175582,-0.900968867902419,0,weekday,2019-01-31 00:00:00+00:00,2019-02-01 00:00:00+00:00,59.885,70663.11166666666,65155.646145833336,8809.14625,2432.3142708333335,1962.2292708333334,13203.689791666666,24,19.665
2019-02-01,2019,2,1,32,4,0.5083564379375122,0.8611467540480452,-0.433883739117558,-0.9009688679024191,0,weekday,2019-02-01 00:00:00+00:00,2019-02-02 00:00:00+00:00,55.875,70137.65125000001,63993.763333333336,10815.828958333334,3873.688125,863.458125,15552.975208333331,24,19.3
2019-02-02,2019,2,2,33,5,0.5230943033491326,0.8522748088519838,-0.9749279121818236,-0.2225209339563146,0,weekend,2019-02-02 00:00:00+00:00,2019-02-03 00:00:00+00:00,50.07583333333333,56305.51624999999,56748.99864583334,3965.9492708333332,2043.3921874999999,834.4457291666666,6843.787187500001,24,19.3
2019-02-03,2019,2,3,34,6,0.5376773767406141,0.8431506618282,-0.7818314824680299,0.6234898018587334,0,weekend,2019-02-03 00:00:00+00:00,2019-02-04 00:00:00+00:00,46.87,56973.347083333334,53179.17604166667,8957.511354166667,2315.1742708333336,775.9115625,12048.597187500001,24,19.3275
2019-02-04,2019,2,4,35,0,0.5521013427459208,0.8337770129585915,0.0,1.0,0,weekday,2019-02-04 00:00:00+00:00,2019-02-05 00:00:00+00:00,43.91791666666666,71138.94958333333,63160.954999999994,15268.327083333332,4569.615104166666,2192.8283333333334,22030.770520833335,24,19.355
2019-02-05,2019,2,5,36,1,0.5663619330814524,0.8241566360566663,0.7818314824680298,0.6234898018587336,0,weekday,2019-02-05 00:00:00+00:00,2019-02-06 00:00:00+00:00,54.26583333333334,70245.54458333334,65118.4271875,10995.312291666667,3426.0242708333335,1745.6614583333333,16166.998020833335,24,19.14
2019-02-06,2019,2,6,37,2,0.580454927809098,0.8142923779467267,0.9749279121818236,-0.2225209339563143,0,weekday,2019-02-06 00:00:00+00:00,2019-02-07 00:00:00+00:00,51.599583333333335,69653.2675,65527.84458333333,10675.623854166666,3364.8459375,2005.291875,16045.761666666667,24,19.075
2019-02-07,2019,2,7,38,3,0.5943761565849831,0.804187157621448,0.4338837391175582,-0.900968867902419,0,weekday,2019-02-07 00:00:00+00:00,2019-02-08 00:00:00+00:00,44.195,71661.14333333333,65863.42947916668,23686.189791666668,3982.6546875,972.4641666666666,28641.30864583333,24,19.185
2019-02-08,2019,2,8,39,4,0.6081214998935418,0.7938439653781019,-0.433883739117558,-0.9009688679024191,0,weekday,2019-02-08 00:00:00+00:00,2019-02-09 00:00:00+00:00,40.38166666666667,71602.32125,63670.010625,27073.008749999997,4675.3985416666665,1685.3404166666667,33433.74770833333,24,18.515
2019-02-09,2019,2,9,40,5,0.6216868902665479,0.7832658619336791,-0.9749279121818236,-0.2225209339563146,0,weekend,2019-02-09 00:00:00+00:00,2019-02-10 00:00:00+00:00,8.294583333333334,66144.15166666666,56769.16989583333,34026.231770833336,4263.0090625,2261.3226041666667,40550.5634375,24,18.265
2019-02-10,2019,2,10,41,6,0.6350683134867438,0.7724559775191742,-0.7818314824680299,0.6234898018587334,0,weekend,2019-02-10 00:00:00+00:00,2019-02-11 00:00:00+00:00,27.23,58686.488333333335,51173.72645833334,26118.756041666667,2764.8671875,761.815,29645.438229166666,24,18.045
2019-02-11,2019,2,11,42,0,0.6482618097757122,0.7614175109532997,0.0,1.0,0,weekday,2019-02-11 00:00:00+00:00,2019-02-12 00:00:00+00:00,33.85125,73466.47541666667,62567.07020833334,29977.045937500003,4552.389583333333,1497.306770833333,36026.74229166666,24,17.825
2019-02-12,2019,2,12,43,1,0.6612634749656386,0.7501537286959042,0.7818314824680298,0.6234898018587336,0,weekday,2019-02-12 00:00:00+00:00,2019-02-13 00:00:00+00:00,46.706250000000004,69263.66458333333,64255.643854166665,14314.483124999999,2930.3700000000003,1758.79625,19003.649375,24,18.0
2019-02-13,2019,2,13,44,2,0.6740694616546161,0.7386679638813748,0.9749279121818236,-0.2225209339563143,0,weekday,2019-02-13 00:00:00+00:00,2019-02-14 00:00:00+00:00,45.79458333333333,71202.36541666667,64835.00760416667,13785.565625000001,4292.015833333334,2563.5923958333333,20641.173854166667,24,17.8
2019-02-14,2019,2,14,45,3,0.6866759803451553,0.726963615332308,0.4338837391175582,-0.900968867902419,0,weekday,2019-02-14 00:00:00+00:00,2019-02-15 00:00:00+00:00,49.4125,63391.84375,64356.48708333333,4299.424583333333,2609.9740625,3892.4465625,10801.845208333334,24,18.165
2019-02-15,2019,2,15,46,4,0.6990793005655562,0.7150441465537444,-0.433883739117558,-0.9009688679024191,0,weekday,2019-02-15 00:00:00+00:00,2019-02-16 00:00:00+00:00,47.47875,62973.57541666667,62946.698645833334,5471.295416666667,2404.343229166667,4884.1203125,12759.758958333332,24,18.1
2019-02-16,2019,2,16,47,5,0.7112757519738152,0.7029130847082615,-0.9749279121818236,-0.2225209339563146,0,weekend,2019-02-16 00:00:00+00:00,2019-02-17 00:00:00+00:00,39.154583333333335,62199.82166666666,55073.18645833334,10843.77375,4231.813229166667,5118.539374999999,20194.126354166667,24,18.1
2019-02-17,2019,2,17,48,6,0.7232617254437388,0.6905740195722293,-0.7818314824680299,0.6234898018587334,0,weekend,2019-02-17 00:00:00+00:00,2019-02-18 00:00:00+00:00,39.38125,55960.53333333333,51816.53968750001,6182.606979166667,2988.7982291666667,4994.6753125000005,14166.080520833333,24,17.983333333333334
2019-02-18,2019,2,18,49,0,0.7350336741329413,0.6780306024735382,0.0,1.0,0,weekday,2019-02-18 00:00:00+00:00,2019-02-19 00:00:00+00:00,46.52375,65910.81083333334,62628.65687500001,7636.170416666667,3319.035416666667,5301.685208333333,16256.891041666668,24,17.866666666666667
2019-02-19,2019,2,19,50,1,0.746588114532413,0.6652865452111116,0.7818314824680298,0.6234898018587336,0,weekday,2019-02-19 00:00:00+00:00,2019-02-20 00:00:00+00:00,41.4475,71638.55541666667,63806.885,18153.860104166666,4584.296875,2914.6006250000005,25652.757604166665,24,17.75
2019-02-20,2019,2,20,51,2,0.7579216274973472,0.6523456189565257,0.9749279121818236,-0.2225209339563143,0,weekday,2019-02-20 00:00:00+00:00,2019-02-21 00:00:00+00:00,45.81125,67277.67666666667,62226.9575,11599.3253125,4169.565520833334,2457.61375,18226.50458333333,24,18.145
2019-02-21,2019,2,21,52,3,0.7690308592589181,0.6392116531380588,0.4338837391175582,-0.900968867902419,0,weekday,2019-02-21 00:00:00+00:00,2019-02-22 00:00:00+00:00,43.51333333333333,68972.68916666666,63201.792604166665,14301.4659375,3625.7828125,2522.6772916666664,20449.92604166667,24,17.52
2019-02-22,2019,2,22,53,4,0.7799125224167177,0.6258885343075018,-0.433883739117558,-0.9009688679024191,0,weekday,2019-02-22 00:00:00+00:00,2019-02-23 00:00:00+00:00,47.26666666666667,61764.96583333333,61644.9475,7237.579791666667,1605.2675,1978.8187500000001,10821.666041666667,24,17.23
2019-02-23,2019,2,23,54,5,0.7905633969115482,0.612380204990065,-0.9749279121818236,-0.2225209339563146,0,weekend,2019-02-23 00:00:00+00:00,2019-02-24 00:00:00+00:00,40.23791666666667,57286.104166666664,53157.21177083333,7187.888645833334,1827.1690625,5771.368750000001,14786.426458333333,24,17.23
2019-02-24,2019,2,24,55,6,0.8009803309782905,0.5986906625177214,-0.7818314824680299,0.6234898018587334,0,weekend,2019-02-24 00:00:00+00:00,2019-02-25 00:00:00+00:00,40.17625,51377.285833333335,49791.6409375,3102.711458333333,772.3103125000001,5673.814895833333,9548.836666666668,24,17.115000000000002
2019-02-25,2019,2,25,56,0,0.8111602420785621,0.5848239578463322,0.0,1.0,0,weekday,2019-02-25 00:00:00+00:00,2019-02-26 00:00:00+00:00,44.430416666666666,59507.67249999999,60512.29020833334,3772.5189583333336,931.0902083333334,5753.8871875,10457.496354166668,24,17.0
2019-02-26,2019,2,26,57,1,0.8211001178128892,0.5707841943569036,0.7818314824680298,0.6234898018587336,0,weekday,2019-02-26 00:00:00+00:00,2019-02-27 00:00:00+00:00,44.98833333333334,60061.542916666665,61006.908854166664,3810.0819791666668,766.8707291666666,5511.614479166667,10088.5671875,24,17.045
2019-02-27,2019,2,27,58,2,0.8307970168121247,0.5565755266413303,0.9749279121818236,-0.2225209339563143,0,weekday,2019-02-27 00:00:00+00:00,2019-02-28 00:00:00+00:00,43.96,62157.75083333333,59815.340625000004,5963.01875,2286.8250000000003,6145.654895833333,14395.498645833331,24,17.325
2019-02-28,2019,2,28,59,3,0.8402480696078469,0.5422021592729844,0.4338837391175582,-0.900968867902419,0,weekday,2019-02-28 00:00:00+00:00,2019-03-01 00:00:00+00:00,40.735,65816.3775,60602.94354166667,14483.700625,1488.1953125,4895.661041666667,20867.556979166668,24,17.815
2019-03-01,2019,3,1,60,4,0.8494504794814806,0.527668345562516,-0.433883739117558,-0.9009688679024191,0,weekday,2019-03-01 00:00:00+00:00,2019-03-02 00:00:00+00:00,46.10166666666667,58336.43958333333,59937.32177083333,6696.899791666667,1352.8790625,1567.6367708333335,9617.415625,24,17.32
2019-03-02,2019,3,2,61,5,0.8584015232918917,0.512978386299228,-0.9749279121818236,-0.2225209339563146,0,weekend,2019-03-02 00:00:00+00:00,2019-03-03 00:00:00+00:00,40.5725,53183.00166666667,51212.128333333334,9139.461770833334,2554.4690625,1802.0761458333334,13496.006979166666,24,17.32
2019-03-03,2019,3,3,62,6,0.8670985522812081,0.4981366284784055,-0.7818314824680299,0.6234898018587334,0,weekend,2019-03-03 00:00:00+00:00,2019-03-04 00:00:00+00:00,9.472916666666668,60792.94041666667,47602.7125,27898.727916666667,4529.543854166667,1901.201875,34329.473645833335,24,17.3475
2019-03-04,2019,3,4,63,0,0.8755389928586302,0.4831474640149687,0.0,1.0,0,weekday,2019-03-04 00:00:00+00:00,2019-03-05 00:00:00+00:00,13.827083333333334,72663.85583333333,57795.41677083333,34927.54895833333,4671.211145833334,3009.6139583333334,42608.3740625,24,17.375
2019-03-05,2019,3,5,64,1,0.8837203473619977,0.4680153284438345,0.7818314824680298,0.6234898018587336,0,weekday,2019-03-05 00:00:00+00:00,2019-03-06 00:00:00+00:00,33.03458333333334,69260.97041666666,60275.918125,26854.0846875,4221.949479166667,3314.1,34390.13416666666,24,17.475
2019-03-06,2019,3,6,65,2,0.8916401947968874,0.452744699607371,0.9749279121818236,-0.2225209339563143,0,weekday,2019-03-06 00:00:00+00:00,2019-03-07 00:00:00+00:00,34.39541666666667,65581.24083333333,62169.07604166667,20597.540416666667,4307.551145833334,3987.8251041666667,28892.916666666668,24,17.025
2019-03-07,2019,3,7,66,3,0.8992961915530253,0.4373400963303323,0.4338837391175582,-0.900968867902419,0,weekday,2019-03-07 00:00:00+00:00,2019-03-08 00:00:00+00:00,29.425833333333333,71374.45791666667,61536.35083333333,31505.601458333334,4523.634479166667,2618.6571875,38647.893124999995,24,16.95
2019-03-08,2019,3,8,67,4,0.9066860720977984,0.4218060770826634,-0.433883739117558,-0.9009688679024191,0,weekday,2019-03-08 00:00:00+00:00,2019-03-09 00:00:00+00:00,27.379583333333333,70817.25708333333,59842.8428125,28837.809479166666,4555.171354166667,3483.4054166666665,36876.38625,24,16.85
2019-03-09,2019,3,9,68,5,0.9138076496466616,0.4061472386305789,-0.9749279121818236,-0.2225209339563146,0,weekend,2019-03-09 00:00:00+00:00,2019-03-10 00:00:00+00:00,6.392500000000001,66776.91791666667,52705.285520833335,33737.427083333336,4450.7404166666665,2047.20375,40235.371250000004,24,16.73
2019-03-10,2019,3,10,69,6,0.9206588168102428,0.3903682146763026,-0.7818314824680299,0.6234898018587334,0,weekend,2019-03-10 00:00:00+00:00,2019-03-11 00:00:00+00:00,19.531666666666666,53189.604583333334,48316.713541666664,20962.8228125,2373.184583333333,1768.1510416666667,25104.1584375,24,16.715
2019-03-11,2019,3,11,70,0,0.9272375462179536,0.374473674486883,0.0,1.0,0,weekday,2019-03-11 00:00:00+00:00,2019-03-12 00:00:00+00:00,39.61833333333333,64629.0975,60611.620520833334,23862.131354166664,2861.8303125,2850.201875,29574.16354166667,24,16.7
2019-03-12,2019,3,12,71,1,0.9335418911179212,0.3584683215124808,0.7818314824680298,0.6234898018587336,0,weekday,2019-03-12 00:00:00+00:00,2019-03-13 00:00:00+00:00,36.153749999999995,66248.86333333333,62540.33479166666,22747.248854166668,4321.46375,3866.910625,30935.623229166667,24,16.425
2019-03-13,2019,3,13,72,2,0.9395699859530622,0.342356891994542,0.9749279121818236,-0.2225209339563143,0,weekday,2019-03-13 00:00:00+00:00,2019-03-14 00:00:00+00:00,18.984583333333333,75753.34541666666,62221.135416666664,34724.39916666666,5098.671666666666,3267.1456249999997,43090.21645833333,24,15.725
2019-03-14,2019,3,14,73,3,0.945320046913132,0.3261441535642696,0.4338837391175582,-0.900968867902419,0,weekday,2019-03-14 00:00:00+00:00,2019-03-15 00:00:00+00:00,32.35125,71558.77916666666,62598.01979166667,30986.15239583333,4603.701562499999,1379.2571875,36969.11114583333,24,15.825
2019-03-15,2019,3,15,74,4,0.9507903724625832,0.3098349038318025,-0.433883739117558,-0.9009688679024191,0,weekday,2019-03-15 00:00:00+00:00,2019-03-16 00:00:00+00:00,24.2225,70725.48916666667,62208.857500000006,31498.455,4609.533125,1277.7257291666667,37385.71385416667,24,15.485
2019-03-16,2019,3,16,75,5,0.9559793438440766,0.2934339689665273,-0.9749279121818236,-0.2225209339563146,0,weekend,2019-03-16 00:00:00+00:00,2019-03-17 00:00:00+00:00,17.45625,61302.47083333333,53650.84239583334,26411.992916666666,4369.69,1936.4204166666666,32718.103333333333,24,15.25
2019-03-17,2019,3,17,76,6,0.9608854255574976,0.2769462022689364,-0.7818314824680299,0.6234898018587334,0,weekend,2019-03-17 00:00:00+00:00,2019-03-18 00:00:00+00:00,1.6204166666666666,62851.551666666666,49450.68072916666,29430.32760416667,5338.110520833333,4322.207083333334,39090.645208333335,24,15.075
2019-03-18,2019,3,18,77,0,0.9655071658143364,0.2603764827344581,0.0,1.0,0,weekday,2019-03-18 00:00:00+00:00,2019-03-19 00:00:00+00:00,33.0225,70333.28125,60503.52385416667,24129.275520833336,4528.891875,4250.185833333334,32908.35322916667,24,14.9
2019-03-19,2019,3,19,78,1,0.969843196967294,0.2437297136096838,0.7818314824680298,0.6234898018587336,0,weekday,2019-03-19 00:00:00+00:00,2019-03-20 00:00:00+00:00,45.45416666666667,62575.915,61540.245625,6820.599583333334,1595.2501041666667,5485.0391666666665,13900.888854166667,24,15.2
2019-03-20,2019,3,20,79,2,0.9738922359149924,0.2270108209414184,0.9749279121818236,-0.2225209339563143,0,weekday,2019-03-20 00:00:00+00:00,2019-03-21 00:00:00+00:00,41.515,64178.950833333336,61599.199583333335,7001.980416666666,2959.1766666666667,6307.630625000001,16268.787708333335,24,15.075
2019-03-21,2019,3,21,80,3,0.977653084481664,0.2102247521189836,0.4338837391175582,-0.900968867902419,0,weekday,2019-03-21 00:00:00+00:00,2019-03-22 00:00:00+00:00,40.04958333333334,62548.106250000004,59948.89979166666,5988.9925,3656.5207291666666,6189.921875,15835.435104166667,24,14.92
2019-03-22,2019,3,22,81,4,0.981124629771712,0.1933764744102058,-0.433883739117558,-0.9009688679024191,0,weekday,2019-03-22 00:00:00+00:00,2019-03-23 00:00:00+00:00,40.54208333333333,58364.93541666667,58548.310625000006,2853.0067708333336,1310.8780208333333,6942.879375,11106.764166666668,24,14.425
2019-03-23,2019,3,23,82,5,0.984305844499033,0.1764709734915216,-0.9749279121818236,-0.2225209339563146,0,weekend,2019-03-23 00:00:00+00:00,2019-03-24 00:00:00+00:00,35.860416666666666,53819.237499999996,50478.079375,6390.804270833333,2069.7066666666665,6486.636770833334,14947.147708333332,24,14.455
2019-03-24,2019,3,24,83,6,0.9871957872910084,0.1595132519726365,-0.7818314824680299,0.6234898018587334,0,weekend,2019-03-24 00:00:00+00:00,2019-03-25 00:00:00+00:00,33.03333333333333,49181.67791666667,48461.60427083333,5355.775104166667,2564.1764583333334,5384.426354166667,13304.377916666666,24,14.32
2019-03-25,2019,3,25,84,0,0.9897936029670716,0.1425083279161708,0.0,1.0,0,weekday,2019-03-25 00:00:00+00:00,2019-03-26 00:00:00+00:00,32.75833333333333,66952.44333333333,60164.88895833333,20795.501354166667,4588.378854166666,4277.2977083333335,29661.177916666667,24,14.185
2019-03-26,2019,3,26,85,1,0.992098522791769,0.1254612333527364,0.7818314824680298,0.6234898018587336,0,weekday,2019-03-26 00:00:00+00:00,2019-03-27 00:00:00+00:00,36.79958333333333,63975.145,60087.4359375,14397.402916666666,3643.0183333333334,3472.5855208333337,21513.006770833334,24,14.2
2019-03-27,2019,3,27,86,2,0.9941098647022418,0.108377012791876,0.9749279121818236,-0.2225209339563143,0,weekday,2019-03-27 00:00:00+00:00,2019-03-28 00:00:00+00:00,40.193333333333335,59772.50541666666,59532.9075,8500.101354166667,2859.6800000000003,2951.6804166666666,14311.461770833334,24,14.5
2019-03-28,2019,3,28,87,3,0.9958270335100596,0.0912607217293118,0.4338837391175582,-0.900968867902419,0,weekday,2019-03-28 00:00:00+00:00,2019-03-29 00:00:00+00:00,42.72416666666667,55227.746666666666,58984.52458333334,3850.3416666666667,877.9133333333333,3606.8040625,8335.0590625,24,14.8
2019-03-29,2019,3,29,88,4,0.9972495210773452,0.0741174251509443,-0.433883739117558,-0.9009688679024191,0,weekday,2019-03-29 00:00:00+00:00,2019-03-30 00:00:00+00:00,39.920833333333334,57232.65666666667,57507.762083333335,3349.1120833333334,2916.1289583333332,7107.2265625,13372.467604166668,24,14.225
2019-03-30,2019,3,30,89,5,0.998376906467142,0.0569521960340397,-0.9749279121818236,-0.2225209339563146,0,weekend,2019-03-30 00:00:00+00:00,2019-03-31 00:00:00+00:00,35.318333333333335,50975.1975,49180.323124999995,5045.5893750000005,2179.4180208333332,8477.629583333333,15702.636979166668,24,14.215
2019-03-31,2019,3,31,90,6,0.9992088560679752,0.0397701138460557,-0.7818314824680299,0.6234898018587334,0,weekend,2019-03-31 00:00:00+00:00,2019-04-01 00:00:00+00:00,28.4225,48446.7825,45442.70260416667,8124.341874999999,2424.1403125,7199.079583333333,17747.561770833334,24,14.030000000000001
2019-04-01,2019,4,1,91,0,0.9997451236925734,0.0225762630415454,0.0,1.0,0,weekday,2019-04-01 00:00:00+00:00,2019-04-02 00:00:00+00:00,38.015,60353.16,56948.049375,11030.007604166667,1284.7248958333332,8517.968020833334,20832.700520833332,24,13.845
2019-04-02,2019,4,2,92,1,0.9999855506507186,0.0053757315575838,0.7818314824680298,0.6234898018587336,0,weekday,2019-04-02 00:00:00+00:00,2019-04-03 00:00:00+00:00,34.34083333333333,66249.67166666666,58408.651666666665,15167.2715625,3535.4640624999997,7497.640208333333,26200.375833333335,24,13.455
2019-04-03,2019,4,3,93,2,0.9999300657962056,-0.0118263906918325,0.9749279121818236,-0.2225209339563143,0,weekday,2019-04-03 00:00:00+00:00,2019-04-04 00:00:00+00:00,42.64791666666667,60498.197916666664,57473.22635416667,6534.4996875,1564.2621875000002,4842.611875,12941.373749999999,24,13.7
2019-04-04,2019,4,4,94,3,0.9995786855478958,-0.0290250133219752,0.4338837391175582,-0.900968867902419,0,weekday,2019-04-04 00:00:00+00:00,2019-04-05 00:00:00+00:00,42.09125,62275.284583333334,57295.77416666667,7586.6490625,1312.0476041666666,4977.660833333333,13876.3575,24,14.6
2019-04-05,2019,4,5,95,4,0.9989315138848576,-0.0462150469837083,-0.433883739117558,-0.9009688679024191,0,weekday,2019-04-05 00:00:00+00:00,2019-04-06 00:00:00+00:00,42.76958333333334,58552.73708333333,55809.16541666666,5194.382083333333,2042.8809375,3790.5183333333334,11027.781354166667,24,16.635
2019-04-06,2019,4,6,96,5,0.9979887423155984,-0.0633914048695103,-0.9749279121818236,-0.2225209339563146,0,weekend,2019-04-06 00:00:00+00:00,2019-04-07 00:00:00+00:00,38.13333333333333,54885.94166666667,47958.06104166667,7366.2422916666665,2261.0792708333333,7509.088645833333,17136.410208333335,24,16.635
2019-04-07,2019,4,7,97,6,0.9967506498213928,-0.0805490042187416,-0.7818314824680299,0.6234898018587334,0,weekend,2019-04-07 00:00:00+00:00,2019-04-08 00:00:00+00:00,38.160833333333336,50983.402916666666,44874.226875,6273.1797916666665,949.0492708333333,7436.377604166667,14658.606666666667,24,16.605
2019-04-08,2019,4,8,98,0,0.9952176027737294,-0.0976827678217159,0.0,1.0,0,weekday,2019-04-08 00:00:00+00:00,2019-04-09 00:00:00+00:00,44.29333333333333,61403.43333333333,55278.75739583333,6989.263541666667,2909.2329166666664,5983.155625,15881.652083333334,24,16.575
2019-04-09,2019,4,9,99,1,0.9933900548258936,-0.114787625522127,0.7818314824680298,0.6234898018587336,0,weekday,2019-04-09 00:00:00+00:00,2019-04-10 00:00:00+00:00,42.33416666666667,63556.89125000001,56883.13854166667,10175.982916666666,2613.592291666667,5726.185416666667,18515.760625,24,16.755
2019-04-10,2019,4,10,100,2,0.9912685467787256,-0.1318585157173911,0.9749279121818236,-0.2225209339563143,0,weekday,2019-04-10 00:00:00+00:00,2019-04-11 00:00:00+00:00,42.95249999999999,62851.09541666667,57611.64666666667,10251.704895833334,1724.9344791666665,6163.1403125,18139.779687500002,24,15.73
2019-04-11,2019,4,11,101,3,0.9888537064205885,-0.1488903868564548,0.4338837391175582,-0.900968867902419,0,weekday,2019-04-11 00:00:00+00:00,2019-04-12 00:00:00+00:00,45.040416666666665,61464.715,57835.488645833335,7770.300208333334,563.2052083333333,6839.068958333333,15172.574374999998,24,15.55
2019-04-12,2019,4,12,102,4,0.986146248341595,-0.1658781989346314,-0.433883739117558,-0.9009688679024191,0,weekday,2019-04-12 00:00:00+00:00,2019-04-13 00:00:00+00:00,45.38958333333333,58516.03125,57093.35104166667,6499.805833333333,1182.0120833333333,5396.0460416666665,13077.863958333333,24,15.895
2019-04-13,2019,4,13,103,5,0.98314697372215,-0.1828169249850199,-0.9749279121818236,-0.2225209339563146,0,weekend,2019-04-13 00:00:00+00:00,2019-04-14 00:00:00+00:00,40.9475,55962.91541666666,49479.87541666667,8508.828541666668,3288.373020833333,4707.545833333333,16504.747395833332,24,15.855
2019-04-14,2019,4,14,104,6,0.9798567700958664,-0.1997015525660636,-0.7818314824680299,0.6234898018587334,0,weekend,2019-04-14 00:00:00+00:00,2019-04-15 00:00:00+00:00,37.303333333333335,55274.16041666667,46133.082916666666,10643.689166666667,3992.252291666666,4183.89375,18819.835208333334,24,15.7475
2019-04-15,2019,4,15,105,0,0.976276611086932,-0.2165270852448143,0.0,1.0,0,weekday,2019-04-15 00:00:00+00:00,2019-04-16 00:00:00+00:00,42.15291666666666,64898.69416666666,56245.4240625,12406.409479166667,4284.518125,8739.750416666668,25430.678020833333,24,15.64
2019-04-16,2019,4,16,106,1,0.9724075561219968,-0.2332885440754551,0.7818314824680298,0.6234898018587336,0,weekday,2019-04-16 00:00:00+00:00,2019-04-17 00:00:00+00:00,41.556666666666665,64534.7925,57195.83572916667,12118.597083333334,4644.8440625,9015.4409375,25778.882083333334,24,14.85
2019-04-17,2019,4,17,107,2,0.9682507501166718,-0.2499809690726521,0.9749279121818236,-0.2225209339563143,0,weekday,2019-04-17 00:00:00+00:00,2019-04-18 00:00:00+00:00,41.32833333333333,62777.74375,57496.121979166666,11126.771875,4497.417708333333,8100.52,23724.709583333333,24,15.195
2019-04-18,2019,4,18,108,3,0.9638074231367308,-0.2665994206792935,0.4338837391175582,-0.900968867902419,0,weekday,2019-04-18 00:00:00+00:00,2019-04-19 00:00:00+00:00,40.65125,61440.39041666667,56201.23458333334,13290.151562500001,3976.1302083333335,10060.3471875,27326.62895833333,24,15.0
2019-04-19,2019,4,19,109,4,0.9590788900341132,-0.2831389812281835,-0.433883739117558,-0.9009688679024191,1,holiday,2019-04-19 00:00:00+00:00,2019-04-20 00:00:00+00:00,33.809583333333336,51649.378333333334,45851.945625,10550.354375,2512.8269791666667,10246.132291666667,23309.313645833332,24,14.46
2019-04-20,2019,4,20,110,5,0.9540665500578388,-0.2995947563972602,-0.9749279121818236,-0.2225209339563146,0,weekend,2019-04-20 00:00:00+00:00,2019-04-21 00:00:00+00:00,34.79416666666667,44988.30458333334,45087.558125,5223.877083333334,726.0372916666666,10356.5875,16306.501875,24,14.46
2019-04-21,2019,4,21,111,6,0.9487718864399473,-0.3159618766579029,-0.7818314824680299,0.6234898018587334,0,weekend,2019-04-21 00:00:00+00:00,2019-04-22 00:00:00+00:00,30.724166666666665,39892.871250000004,43107.552708333336,4916.580208333334,623.1054166666667,10430.127916666666,15969.813541666668,24,14.46
2019-04-22,2019,4,22,112,0,0.9431964659565866,-0.3322354987159043,0.0,1.0,1,holiday,2019-04-22 00:00:00+00:00,2019-04-23 00:00:00+00:00,-15.540416666666667,51542.262500000004,44124.35,17973.299479166668,4229.1153125,10000.150520833333,32202.5653125,24,14.46
2019-04-23,2019,4,23,113,1,0.9373419384643772,-0.3484108069446808,0.7818314824680298,0.6234898018587336,0,weekday,2019-04-23 00:00:00+00:00,2019-04-24 00:00:00+00:00,17.27541666666667,64986.982083333336,54856.050416666665,25612.9475,4719.0311458333335,8636.026041666666,38968.004687500004,24,14.105
2019-04-24,2019,4,24,114,2,0.9312100364121948,-0.3644830148102912,0.9749279121818236,-0.2225209339563143,0,weekday,2019-04-24 00:00:00+00:00,2019-04-25 00:00:00+00:00,35.192083333333336,55634.817500000005,55977.7153125,14223.798020833334,4540.137604166667,8446.135729166666,27210.071354166666,24,14.425
2019-04-25,2019,4,25,115,3,0.9248025743285088,-0.3804473662878516,0.4338837391175582,-0.900968867902419,0,weekday,2019-04-25 00:00:00+00:00,2019-04-26 00:00:00+00:00,40.18416666666666,53747.275,56236.14781250001,10060.766458333334,2301.0935416666666,9064.666875,21426.526875,24,14.535
2019-04-26,2019,4,26,116,4,0.9181214482844364,-0.3962991372689181,-0.433883739117558,-0.9009688679024191,0,weekday,2019-04-26 00:00:00+00:00,2019-04-27 00:00:00+00:00,43.334583333333335,48176.62916666667,55781.204999999994,8693.106041666666,1032.2026041666666,5130.474166666667,14855.7828125,24,14.725
2019-04-27,2019,4,27,117,5,0.9111686353326632,-0.4120336369594263,-0.9749279121818236,-0.2225209339563146,0,weekend,2019-04-27 00:00:00+00:00,2019-04-28 00:00:00+00:00,32.11083333333333,46531.91541666666,47387.210625,10273.138125,2483.1891666666666,5595.576770833333,18351.9040625,24,14.425
2019-04-28,2019,4,28,118,6,0.9039461929224012,-0.4276462092677746,-0.7818314824680299,0.6234898018587334,0,weekend,2019-04-28 00:00:00+00:00,2019-04-29 00:00:00+00:00,35.82833333333333,39906.93541666667,43609.99822916667,4168.489895833333,480.1034375,5873.378124999999,10521.971458333333,24,14.475000000000001
2019-04-29,2019,4,29,119,0,0.8964562582905575,-0.4431322341826345,0.0,1.0,0,weekday,2019-04-29 00:00:00+00:00,2019-04-30 00:00:00+00:00,43.22625,52867.58958333333,54129.0915625,9077.4084375,1456.149583333333,4315.1334375,14848.691458333333,24,14.525
2019-04-30,2019,4,30,120,1,0.8887010478292915,-0.4584871291400876,0.7818314824680298,0.6234898018587336,0,weekday,2019-04-30 00:00:00+00:00,2019-05-01 00:00:00+00:00,43.11875,51343.14083333333,53718.75208333333,5209.694895833333,669.2463541666667,8192.7096875,14071.6509375,24,14.425
2019-05-01,2019,5,1,121,2,0.8806828564301475,-0.47370635037968,0.9749279121818236,-0.2225209339563143,1,holiday,2019-05-01 00:00:00+00:00,2019-05-02 00:00:00+00:00,25.090416666666666,44458.925833333335,45008.32697916666,9111.6,2418.8460416666667,7504.292604166666,19034.73864583333,24,14.1
2019-05-02,2019,5,2,122,3,0.8724040568049612,-0.4887853942889926,0.4338837391175582,-0.900968867902419,0,weekday,2019-05-02 00:00:00+00:00,2019-05-03 00:00:00+00:00,38.456250000000004,57763.223750000005,52496.27125,15020.975520833332,3902.416979166667,7228.043645833334,26151.436145833333,24,14.365
2019-05-03,2019,5,3,123,4,0.8638670987837349,-0.503719798736334,-0.433883739117558,-0.9009688679024191,0,weekday,2019-05-03 00:00:00+00:00,2019-05-04 00:00:00+00:00,41.18125,57930.37333333333,55358.38791666667,14179.855520833333,4582.4453125,5645.9540625,24408.254895833335,24,14.565
2019-05-04,2019,5,4,124,5,0.8550745085896932,-0.518505144391157,-0.9749279121818236,-0.2225209339563146,0,weekend,2019-05-04 00:00:00+00:00,2019-05-05 00:00:00+00:00,39.19416666666667,45275.730416666665,48512.77614583333,8620.844375,3102.8948958333335,4905.042395833333,16628.781666666666,24,14.565
2019-05-05,2019,5,5,125,6,0.8460288880917339,-0.533137056031809,-0.7818314824680299,0.6234898018587334,0,weekend,2019-05-05 00:00:00+00:00,2019-05-06 00:00:00+00:00,30.83375,44448.38166666666,44089.33520833333,7526.710520833333,3343.7183333333337,6865.7498958333335,17736.17875,24,14.45
2019-05-06,2019,5,6,126,0,0.8367329140344921,-0.5476112038402312,0.0,1.0,0,weekday,2019-05-06 00:00:00+00:00,2019-05-07 00:00:00+00:00,45.12375,57379.513333333336,54477.481562500005,10469.123125,3769.98,6288.17875,20527.281875,24,14.335
2019-05-07,2019,5,7,127,1,0.8271893372462497,-0.5619233046832195,0.7818314824680298,0.6234898018587336,0,weekday,2019-05-07 00:00:00+00:00,2019-05-08 00:00:00+00:00,50.71416666666667,53242.293750000004,55312.7746875,3698.3925,1453.8117708333332,6925.5965625,12077.800833333335,24,14.325
2019-05-08,2019,5,8,128,2,0.8174009818249189,-0.5760691233798758,0.9749279121818236,-0.2225209339563143,0,weekday,2019-05-08 00:00:00+00:00,2019-05-09 00:00:00+00:00,38.86416666666667,56969.16291666666,56331.91354166667,13192.910312499998,2678.7740625,4150.818125,20022.5025,24,14.175
2019-05-09,2019,5,9,129,3,0.8073707443023492,-0.5900444739548627,0.4338837391175582,-0.900968867902419,0,weekday,2019-05-09 00:00:00+00:00,2019-05-10 00:00:00+00:00,46.00625,55678.93666666667,55214.5221875,9517.143125,2090.8482291666664,5817.54,17425.531354166666,24,14.455
2019-05-10,2019,5,10,130,4,0.7971015927871943,-0.6038452208771035,-0.433883739117558,-0.9009688679024191,0,weekday,2019-05-10 00:00:00+00:00,2019-05-11 00:00:00+00:00,45.122083333333336,55843.01291666667,55124.691875,8790.707291666668,1822.6579166666668,6538.399270833333,17151.764479166664,24,13.995
2019-05-11,2019,5,11,131,5,0.7865965660866021,-0.6174672802835514,-0.9749279121818236,-0.2225209339563146,0,weekend,2019-05-11 00:00:00+00:00,2019-05-12 00:00:00+00:00,36.920833333333334,46232.47166666667,47503.89833333334,9697.156458333333,1348.4429166666666,4403.4461458333335,15449.045520833335,24,13.995
2019-05-12,2019,5,12,132,6,0.7758587728069828,-0.6309066211876704,-0.7818314824680299,0.6234898018587334,0,weekend,2019-05-12 00:00:00+00:00,2019-05-13 00:00:00+00:00,19.674166666666668,48881.30458333334,44539.916354166664,13425.5321875,2682.7814583333334,7381.948854166666,23490.2625,24,13.8775
2019-05-13,2019,5,13,133,0,0.7648913904341225,-0.6441592666722685,0.0,1.0,0,weekday,2019-05-13 00:00:00+00:00,2019-05-14 00:00:00+00:00,39.83291666666667,53958.07041666666,54881.22291666667,10216.580416666666,1271.9076041666665,8944.454375,20432.942395833332,24,13.76
2019-05-14,2019,5,14,134,1,0.753697664392914,-0.6572212950663319,0.7818314824680298,0.6234898018587336,0,weekday,2019-05-14 00:00:00+00:00,2019-05-15 00:00:00+00:00,41.149166666666666,52926.56916666666,55920.331979166665,9431.373541666666,251.81489583333334,8247.679375,17930.8678125,24,13.785
2019-05-15,2019,5,15,135,2,0.742280907086982,-0.6700888411055113,0.9749279121818236,-0.2225209339563143,0,weekday,2019-05-15 00:00:00+00:00,2019-05-16 00:00:00+00:00,40.88458333333333,53357.254583333335,55944.99072916667,9279.983333333334,657.1605208333334,6640.271562499999,16577.415416666667,24,13.855
2019-05-16,2019,5,16,136,3,0.7306444969184916,-0.6827580970759147,0.4338837391175582,-0.900968867902419,0,weekday,2019-05-16 00:00:00+00:00,2019-05-17 00:00:00+00:00,39.97416666666667,54152.799166666664,55517.15833333333,10172.172083333333,3312.1640625,3474.855208333333,16959.19135416667,24,13.385
2019-05-17,2019,5,17,137,4,0.7187918772884232,-0.6952253139408722,-0.433883739117558,-0.9009688679024191,0,weekday,2019-05-17 00:00:00+00:00,2019-05-18 00:00:00+00:00,43.19125,51421.09375,54531.34989583333,4993.6584375,2994.0360416666667,7028.929479166666,15016.623958333332,24,12.935
2019-05-18,2019,5,18,138,5,0.7067265555776158,-0.7074868024503348,-0.9749279121818236,-0.2225209339563146,0,weekend,2019-05-18 00:00:00+00:00,2019-05-19 00:00:00+00:00,37.47625,46591.17333333333,48078.2646875,5405.321458333333,1973.8983333333333,8591.786666666667,15971.006458333331,24,12.855
2019-05-19,2019,5,19,139,6,0.6944521021088763,-0.719538934232584,-0.7818314824680299,0.6234898018587334,0,weekend,2019-05-19 00:00:00+00:00,2019-05-20 00:00:00+00:00,35.40416666666667,42312.574583333335,44070.12770833333,4756.2490625,1228.375625,8185.168750000001,14169.793437499999,24,12.879999999999999
2019-05-20,2019,5,20,140,0,0.6819721490904629,-0.7313781428679254,0.0,1.0,0,weekday,2019-05-20 00:00:00+00:00,2019-05-21 00:00:00+00:00,46.451249999999995,49861.57083333333,54337.442291666666,6247.0984375,1087.4984375000001,4536.603645833334,11871.200520833334,24,12.905
2019-05-21,2019,5,21,141,1,0.6692903895412567,-0.7430009249440493,0.7818314824680298,0.6234898018587336,0,weekday,2019-05-21 00:00:00+00:00,2019-05-22 00:00:00+00:00,43.36000000000001,54342.8725,55831.37447916667,12644.636145833334,3075.564895833333,3180.043333333333,18900.244375,24,12.6
2019-05-22,2019,5,22,142,2,0.6564105761979381,-0.7544038410927472,0.9749279121818236,-0.2225209339563143,0,weekday,2019-05-22 00:00:00+00:00,2019-05-23 00:00:00+00:00,40.55375,55015.230416666665,55544.26125,14423.077604166667,2300.0232291666666,4477.7134375,21200.814270833333,24,12.885
2019-05-23,2019,5,23,143,3,0.6433365204044917,-0.765583517007675,0.4338837391175582,-0.900968867902419,0,weekday,2019-05-23 00:00:00+00:00,2019-05-24 00:00:00+00:00,41.09458333333333,48870.807916666665,55450.669583333336,3359.814479166667,2013.2685416666666,9206.545416666666,14579.628437500001,24,12.595
2019-05-24,2019,5,24,144,4,0.6300720909843687,-0.7765366444428655,-0.433883739117558,-0.9009688679024191,0,weekday,2019-05-24 00:00:00+00:00,2019-05-25 00:00:00+00:00,40.75958333333333,48929.856250000004,54133.35395833334,6022.636666666666,2243.7730208333332,8841.623958333334,17108.033645833333,24,12.435
2019-05-25,2019,5,25,145,5,0.6166212130956382,-0.7872599821916922,-0.9749279121818236,-0.2225209339563146,0,weekend,2019-05-25 00:00:00+00:00,2019-05-26 00:00:00+00:00,36.43416666666666,41935.29083333333,46419.729687499996,4903.948229166667,1543.5040625000001,7423.788229166667,13871.240520833335,24,12.25
2019-05-26,2019,5,26,146,6,0.6029878670694714,-0.7977503570459932,-0.7818314824680299,0.6234898018587334,0,weekend,2019-05-26 00:00:00+00:00,2019-05-27 00:00:00+00:00,20.1825,45104.99958333333,44178.89552083333,11941.8759375,3544.5141666666664,6988.448333333334,22474.838437500002,24,12.34
2019-05-27,2019,5,27,147,0,0.5891760872322963,-0.8080046647350754,0.0,1.0,0,weekday,2019-05-27 00:00:00+00:00,2019-05-28 00:00:00+00:00,37.0475,51370.99333333334,54570.268645833334,9587.234270833333,3542.016145833333,6407.806770833333,19537.0571875,24,12.43
2019-05-28,2019,5,28,148,1,0.5751899607119775,-0.8180198708443174,0.7818314824680298,0.6234898018587336,0,weekday,2019-05-28 00:00:00+00:00,2019-05-29 00:00:00+00:00,43.5275,46243.275,55235.0015625,5186.697916666667,1127.5426041666667,4660.927083333333,10975.167604166667,24,12.52
2019-05-29,2019,5,29,149,2,0.5610336262283677,-0.8277930117131022,0.9749279121818236,-0.2225209339563143,0,weekday,2019-05-29 00:00:00+00:00,2019-05-30 00:00:00+00:00,41.72541666666667,46944.97833333333,53438.260104166664,3878.7727083333334,1221.1709375,7162.886770833334,12262.830416666666,24,12.225
2019-05-30,2019,5,30,150,3,0.5467112728685939,-0.8373211953118121,0.4338837391175582,-0.900968867902419,1,holiday,2019-05-30 00:00:00+00:00,2019-05-31 00:00:00+00:00,16.288333333333334,47940.67166666667,45074.62916666667,10947.3646875,4140.3046875,7055.989270833333,22143.658645833333,24,11.475
2019-05-31,2019,5,31,151,4,0.5322271388474397,-0.8466016020976267,-0.433883739117558,-0.9009688679024191,0,weekday,2019-05-31 00:00:00+00:00,2019-06-01 00:00:00+00:00,36.10208333333333,45122.03208333333,49311.130208333336,6274.905104166667,2515.8086458333332,6987.555833333333,15778.269583333333,24,11.205
2019-06-01,2019,6,1,152,5,0.5175855102531889,-0.8556314858488706,-0.9749279121818236,-0.2225209339563146,0,weekend,2019-06-01 00:00:00+00:00,2019-06-02 00:00:00+00:00,29.78125,42468.62666666667,45434.565312499995,3895.418333333333,2120.7455208333336,9630.119375,15646.283229166665,24,11.205
2019-06-02,2019,6,2,153,6,0.5027907197793043,-0.8644081744776648,-0.7818314824680299,0.6234898018587334,0,weekend,2019-06-02 00:00:00+00:00,2019-06-03 00:00:00+00:00,21.852500000000003,43351.416666666664,43458.53364583333,6362.792708333333,2195.7140624999997,10627.48375,19185.990520833333,24,11.1525
2019-06-03,2019,6,3,154,0,0.4878471454423119,-0.8729290708206411,0.0,1.0,0,weekday,2019-06-03 00:00:00+00:00,2019-06-04 00:00:00+00:00,37.83541666666667,51297.392499999994,54198.33458333334,6082.355416666666,1842.1760416666666,8837.273541666667,16761.805,24,11.1
2019-06-04,2019,6,4,155,1,0.4727592092862775,-0.881191653407483,0.7818314824680298,0.6234898018587336,0,weekday,2019-06-04 00:00:00+00:00,2019-06-05 00:00:00+00:00,38.64333333333334,52158.52125,54808.1084375,5548.24625,1819.8009375000001,9452.885,16820.9321875,24,11.91
2019-06-05,2019,6,5,156,2,0.4575313760742512,-0.8891934772070711,0.9749279121818236,-0.2225209339563143,0,weekday,2019-06-05 00:00:00+00:00,2019-06-06 00:00:00+00:00,38.319583333333334,52970.864583333336,56275.214062499996,7644.340625,2284.3069791666667,10003.329583333334,19931.9771875,24,11.6
2019-06-06,2019,6,6,157,3,0.442168151967072,-0.8969321743510065,0.4338837391175582,-0.900968867902419,0,weekday,2019-06-06 00:00:00+00:00,2019-06-07 00:00:00+00:00,37.55583333333333,52010.05958333333,57396.42895833333,11926.367291666667,3142.724270833334,6277.264270833333,21346.35583333333,24,11.32
2019-06-07,2019,6,7,158,4,0.4266740831899246,-0.9044054548343,-0.433883739117558,-0.9009688679024191,0,weekday,2019-06-07 00:00:00+00:00,2019-06-08 00:00:00+00:00,33.82833333333333,51898.55291666667,55306.2425,9989.342812500001,2116.5064583333333,10327.307291666666,22433.156562499997,24,11.245
2019-06-08,2019,6,8,159,5,0.4110537546870351,-0.911611107193024,-0.9749279121818236,-0.2225209339563146,0,weekend,2019-06-08 00:00:00+00:00,2019-06-09 00:00:00+00:00,-39.475833333333334,55520.263333333336,46356.26052083333,22481.18302083333,4506.1521875,8375.366354166666,35362.7015625,24,11.52
2019-06-09,2019,6,9,160,6,0.3953117887649151,-0.9185469991587164,-0.7818314824680299,0.6234898018587334,0,weekend,2019-06-09 00:00:00+00:00,2019-06-10 00:00:00+00:00,23.65875,38561.28,41698.90583333333,6072.442395833333,1953.1294791666667,9301.310625,17326.8825,24,11.585
2019-06-10,2019,6,10,161,0,0.3794528437245443,-0.925211078289358,0.0,1.0,1,holiday,2019-06-10 00:00:00+00:00,2019-06-11 00:00:00+00:00,31.454583333333332,39556.92,43418.001979166664,6680.556145833333,3609.087916666667,6248.616354166667,16538.260416666668,24,11.65
2019-06-11,2019,6,11,162,1,0.3634816124829063,-0.9316013725767188,0.7818314824680298,0.6234898018587336,0,weekday,2019-06-11 00:00:00+00:00,2019-06-12 00:00:00+00:00,45.468333333333334,46976.083333333336,53544.291041666664,3599.9609375,2467.9261458333335,5542.925729166666,11610.8128125,24,11.48
2019-06-12,2019,6,12,163,2,0.3474028211842774,-0.9377159910299092,0.9749279121818236,-0.2225209339563143,0,weekday,2019-06-12 00:00:00+00:00,2019-06-13 00:00:00+00:00,43.61541666666667,50239.16291666666,55746.85208333333,6213.9878125,1579.6109374999999,6294.644791666667,14088.243541666665,24,11.205
2019-06-13,2019,6,13,164,3,0.3312212278016865,-0.9435531242349544,0.4338837391175582,-0.900968867902419,0,weekday,2019-06-13 00:00:00+00:00,2019-06-14 00:00:00+00:00,38.996249999999996,53138.36083333333,55382.75572916667,8264.078229166667,2904.1264583333336,9535.061666666666,20703.266354166666,24,11.52
2019-06-14,2019,6,14,165,4,0.3149416207289519,-0.9491110448902284,-0.433883739117558,-0.9009688679024191,0,weekday,2019-06-14 00:00:00+00:00,2019-06-15 00:00:00+00:00,41.915,51512.199166666665,54624.18666666667,7089.34125,1775.1473958333333,9069.806145833334,17934.294791666667,24,11.35
2019-06-15,2019,6,15,166,5,0.2985688173637202,-0.9543881083175908,-0.9749279121818236,-0.2225209339563146,0,weekend,2019-06-15 00:00:00+00:00,2019-06-16 00:00:00+00:00,30.480416666666667,45778.77875,46541.96677083333,10973.002708333333,2185.6198958333334,7467.195937500001,20625.818541666667,24,11.32
2019-06-16,2019,6,16,167,6,0.2821076626819194,-0.9593827529490744,-0.7818314824680299,0.6234898018587334,0,weekend,2019-06-16 00:00:00+00:00,2019-06-17 00:00:00+00:00,31.6825,36017.21833333333,43315.3490625,3008.441666666667,1778.8096875,6968.132083333334,11755.3834375,24,11.3375
2019-06-17,2019,6,17,168,0,0.2655630278040559,-0.9640935007889756,0.0,1.0,0,weekday,2019-06-17 00:00:00+00:00,2019-06-18 00:00:00+00:00,42.03,49410.57666666667,53624.67875,2500.0392708333334,1105.226875,9920.194479166666,13525.460625,24,11.355
2019-06-18,2019,6,18,169,1,0.2489398085537665,-0.9685189578512204,0.7818314824680298,0.6234898018587336,0,weekday,2019-06-18 00:00:00+00:00,2019-06-19 00:00:00+00:00,42.76083333333333,52674.5375,54821.79958333333,4637.658854166667,674.7126041666667,9979.0325,15291.403958333334,24,11.4
2019-06-19,2019,6,19,170,2,0.2322429240090701,-0.9726578145718654,0.9749279121818236,-0.2225209339563143,0,weekday,2019-06-19 00:00:00+00:00,2019-06-20 00:00:00+00:00,41.14625,52643.232083333336,54285.050729166665,4956.811875,1660.5564583333335,9233.1753125,15850.543645833333,24,10.485
2019-06-20,2019,6,20,171,3,0.2154773150467301,-0.976508846196619,0.4338837391175582,-0.900968867902419,0,weekday,2019-06-20 00:00:00+00:00,2019-06-21 00:00:00+00:00,36.92333333333333,45765.916666666664,47454.71875,4888.868541666667,727.7960416666666,6995.346041666667,12612.010625,24,10.15
2019-06-21,2019,6,21,172,4,0.1986479428801711,-0.9800709131432666,-0.433883739117558,-0.9009688679024191,0,weekday,2019-06-21 00:00:00+00:00,2019-06-22 00:00:00+00:00,39.040416666666665,46451.177083333336,51402.082604166666,3822.03375,793.2321874999999,8253.016562499999,12868.282500000001,24,9.8
2019-06-22,2019,6,22,173,5,0.1817597875913753,-0.9833429613388902,-0.9749279121818236,-0.2225209339563146,0,weekend,2019-06-22 00:00:00+00:00,2019-06-23 00:00:00+00:00,31.290000000000003,41773.49833333333,46340.41770833333,6141.628958333334,311.4560416666667,7201.983125,13655.068125,24,10.355
2019-06-23,2019,6,23,174,6,0.1648178466571979,-0.9863240225317866,-0.7818314824680299,0.6234898018587334,0,weekend,2019-06-23 00:00:00+00:00,2019-06-24 00:00:00+00:00,21.077916666666667,44153.38041666666,43947.8465625,9034.8778125,2232.906354166667,9174.926562499999,20442.710729166665,24,10.2775
2019-06-24,2019,6,24,175,0,0.1478271334705304,-0.9890132145779884,0.0,1.0,0,weekday,2019-06-24 00:00:00+00:00,2019-06-25 00:00:00+00:00,34.73708333333334,55695.02458333334,53733.701875,10139.118645833334,4304.603645833334,10639.153854166667,25082.876145833332,24,10.2
2019-06-25,2019,6,25,176,1,0.1307926758567592,-0.9914097417023038,0.7818314824680298,0.6234898018587336,0,weekday,2019-06-25 00:00:00+00:00,2019-06-26 00:00:00+00:00,41.59666666666667,55518.52125,55446.30552083333,6901.733958333333,2681.458125,10475.394791666668,20058.586875,24,9.875
2019-06-26,2019,6,26,177,2,0.1137195145859496,-0.9935128947338008,0.9749279121818236,-0.2225209339563143,0,weekday,2019-06-26 00:00:00+00:00,2019-06-27 00:00:00+00:00,38.145833333333336,56917.57833333334,56832.512604166666,10054.750104166667,3296.7142708333336,10347.106041666666,23698.570416666666,24,9.62
2019-06-27,2019,6,27,178,3,0.0966127018812031,-0.9953220513156602,0.4338837391175582,-0.900968867902419,0,weekday,2019-06-27 00:00:00+00:00,2019-06-28 00:00:00+00:00,36.06458333333333,56161.957083333335,56447.2984375,11058.1459375,3406.710104166667,10300.600104166666,24765.456145833334,24,9.375
2019-06-28,2019,6,28,179,4,0.0794772999236209,-0.9968366760893436,-0.433883739117558,-0.9009688679024191,0,weekday,2019-06-28 00:00:00+00:00,2019-06-29 00:00:00+00:00,44.00333333333333,49342.44708333333,55517.590729166666,2935.5717708333336,645.5903125,10630.728854166666,14211.8909375,24,9.75
2019-06-29,2019,6,29,180,5,0.062318379354325,-0.998056320853012,-0.9749279121818236,-0.2225209339563146,0,weekend,2019-06-29 00:00:00+00:00,2019-06-30 00:00:00+00:00,33.07791666666667,42596.17791666667,47585.57770833333,2535.7070833333332,745.7130208333333,11042.7959375,14324.216041666667,24,10.115
2019-06-30,2019,6,30,181,6,0.0451410177739719,-0.998980624694158,-0.7818314824680299,0.6234898018587334,0,weekend,2019-06-30 00:00:00+00:00,2019-07-01 00:00:00+00:00,15.314583333333333,48304.00166666667,45344.14229166667,11507.972500000002,3771.4864583333333,10527.151458333334,25806.610416666666,24,10.342500000000001
2019-07-01,2019,7,1,182,0,0.0279502982402103,-0.999609314096404,0.0,1.0,0,weekday,2019-07-01 00:00:00+00:00,2019-07-02 00:00:00+00:00,33.209583333333335,56252.03541666667,57293.1175,13220.503749999998,4705.755833333334,8450.547812499999,26376.807395833337,24,10.57
2019-07-02,2019,7,2,183,1,0.0107513077635219,-0.9999422030204416,0.7818314824680298,0.6234898018587336,0,weekday,2019-07-02 00:00:00+00:00,2019-07-03 00:00:00+00:00,33.694583333333334,57449.8675,58515.01499999999,13497.628229166667,4164.003541666667,8318.454791666667,25980.0865625,24,10.65
2019-07-03,2019,7,3,184,2,-0.0064508641981051,-0.9999791929590824,0.9749279121818236,-0.2225209339563143,0,weekday,2019-07-03 00:00:00+00:00,2019-07-04 00:00:00+00:00,34.82541666666667,53259.99583333333,59672.99864583334,8067.741979166666,3260.5038541666668,9354.130520833334,20682.376354166667,24,10.375
2019-07-04,2019,7,4,185,3,-0.0236511272452315,-0.9997202729664084,0.4338837391175582,-0.900968867902419,0,weekday,2019-07-04 00:00:00+00:00,2019-07-05 00:00:00+00:00,34.1575,54272.388750000006,58545.56072916667,8336.008333333333,4338.142083333333,10126.589375000001,22800.739791666667,24,10.295
2019-07-05,2019,7,5,186,4,-0.0408443915432961,-0.9991655196610107,-0.433883739117558,-0.9009688679024191,0,weekday,2019-07-05 00:00:00+00:00,2019-07-06 00:00:00+00:00,35.98,51848.16,57381.56145833334,8757.188020833333,2792.0717708333336,7745.423229166667,19294.683020833334,24,10.575
2019-07-06,2019,7,6,187,5,-0.0580255693287803,-0.9983150972033183,-0.9749279121818236,-0.2225209339563146,0,weekend,2019-07-06 00:00:00+00:00,2019-07-07 00:00:00+00:00,29.141666666666666,49147.38458333333,50276.02989583334,10878.693645833333,4230.7096875,7646.648958333334,22756.052291666667,24,11.215
2019-07-07,2019,7,7,188,6,-0.0751895764147585,-0.9971692572470178,-0.7818314824680299,0.6234898018587334,0,weekend,2019-07-07 00:00:00+00:00,2019-07-08 00:00:00+00:00,25.282083333333333,45987.260416666664,46048.4415625,12115.654583333335,4082.349791666667,6589.652916666667,22787.657291666666,24,11.16
2019-07-08,2019,7,8,189,0,-0.0923313336953912,-0.9957283388645872,0.0,1.0,0,weekday,2019-07-08 00:00:00+00:00,2019-07-09 00:00:00+00:00,35.755,53656.85125,57904.318333333336,9923.422083333333,3060.822083333333,7009.283229166666,19993.527395833335,24,11.105
2019-07-09,2019,7,9,190,1,-0.1094457686489155,-0.993992768446958,0.7818314824680298,0.6234898018587336,0,weekday,2019-07-09 00:00:00+00:00,2019-07-10 00:00:00+00:00,38.009166666666665,52536.45208333334,59007.13322916667,8266.260520833333,2434.5804166666667,8166.003854166666,18866.844791666666,24,12.225
2019-07-10,2019,7,10,191,2,-0.1265278168386831,-0.9919630595773395,0.9749279121818236,-0.2225209339563143,0,weekday,2019-07-10 00:00:00+00:00,2019-07-11 00:00:00+00:00,41.808749999999996,52308.09125,57466.244791666664,3669.7726041666665,755.3897916666666,9017.473333333333,13442.635729166666,24,11.35
2019-07-11,2019,7,11,192,3,-0.1435724234118113,-0.9896398128792412,0.4338837391175582,-0.900968867902419,0,weekday,2019-07-11 00:00:00+00:00,2019-07-12 00:00:00+00:00,46.409166666666664,49351.19166666667,57641.48479166667,1780.375,421.22197916666664,4454.046458333333,6655.6434375,24,12.725
2019-07-12,2019,7,12,193,4,-0.1605745445949937,-0.9870237158387384,-0.433883739117558,-0.9009688679024191,0,weekday,2019-07-12 00:00:00+00:00,2019-07-13 00:00:00+00:00,45.455000000000005,48666.347083333334,56591.5134375,3004.294479166667,332.2319791666667,6049.81,9386.336458333333,24,12.65
2019-07-13,2019,7,13,194,5,-0.1775291491870349,-0.984115542601034,-0.9749279121818236,-0.2225209339563146,0,weekend,2019-07-13 00:00:00+00:00,2019-07-14 00:00:00+00:00,37.01416666666667,43143.917916666665,48895.35479166667,6117.139375,1543.0288541666666,5885.9225,13546.090729166666,24,13.28
2019-07-14,2019,7,14,195,6,-0.1944312200476619,-0.9809161537413774,-0.7818314824680299,0.6234898018587334,0,weekend,2019-07-14 00:00:00+00:00,2019-07-15 00:00:00+00:00,35.952083333333334,41389.80375,46332.73333333334,4390.292604166667,1758.686354166667,5915.7509375,12064.729895833334,24,13.5025
2019-07-15,2019,7,15,196,0,-0.2112757555821793,-0.9774264960104057,0.0,1.0,0,weekday,2019-07-15 00:00:00+00:00,2019-07-16 00:00:00+00:00,41.77041666666667,52594.255,56790.621145833335,6854.948229166667,2918.4401041666665,7077.533645833333,16850.921979166666,24,13.725
2019-07-16,2019,7,16,197,1,-0.2280577712215198,-0.9736476020539838,0.7818314824680298,0.6234898018587336,0,weekday,2019-07-16 00:00:00+00:00,2019-07-17 00:00:00+00:00,43.291666666666664,54697.715416666666,57125.0896875,7708.760208333333,2056.8917708333333,7430.232499999999,17195.884479166667,24,12.13
2019-07-17,2019,7,17,198,2,-0.2447723008972595,-0.9695805901076308,0.9749279121818236,-0.2225209339563143,0,weekday,2019-07-17 00:00:00+00:00,2019-07-18 00:00:00+00:00,46.10541666666666,50490.10916666667,56691.29197916667,1497.4814583333334,187.1172916666667,7904.577604166666,9589.176354166668,24,11.0
2019-07-18,2019,7,18,199,3,-0.2614143985111562,-0.965226663665613,0.4338837391175582,-0.900968867902419,0,weekday,2019-07-18 00:00:00+00:00,2019-07-19 00:00:00+00:00,43.92249999999999,50637.16208333333,56444.6328125,1772.3441666666668,955.9856249999999,8284.961770833334,11013.2915625,24,11.075
2019-07-19,2019,7,19,200,4,-0.2779791393987801,-0.9605871111248128,-0.433883739117558,-0.9009688679024191,0,weekday,2019-07-19 00:00:00+00:00,2019-07-20 00:00:00+00:00,45.22666666666667,49142.89791666667,55479.44677083333,2569.73875,527.6627083333333,7475.938854166667,10573.3403125,24,10.9
2019-07-20,2019,7,20,201,5,-0.2944616217868012,-0.9556633054034704,-0.9749279121818236,-0.2225209339563146,0,weekend,2019-07-20 00:00:00+00:00,2019-07-21 00:00:00+00:00,34.64833333333333,47344.695,47606.97614583333,6701.884999999999,2940.2429166666666,8361.565104166666,18003.693020833332,24,10.815
2019-07-21,2019,7,21,202,6,-0.3108569682435036,-0.9504567035349152,-0.7818314824680299,0.6234898018587334,0,weekend,2019-07-21 00:00:00+00:00,2019-07-22 00:00:00+00:00,32.04,46718.92250000001,44812.7346875,9364.232083333334,2875.113020833333,8033.6189583333335,20272.9640625,24,10.8575
2019-07-22,2019,7,22,203,0,-0.3271603271220951,-0.9449688462364056,0.0,1.0,0,weekday,2019-07-22 00:00:00+00:00,2019-07-23 00:00:00+00:00,43.127916666666664,50589.80958333333,55437.636145833334,3549.6134375,3245.545104166667,7430.306562499999,14225.465104166666,24,10.9
2019-07-23,2019,7,23,204,1,-0.343366873996388,-0.939201357453208,0.7818314824680298,0.6234898018587336,0,weekday,2019-07-23 00:00:00+00:00,2019-07-24 00:00:00+00:00,47.23499999999999,53848.14916666667,56325.7953125,2814.186979166667,625.8090625,10236.860312499999,13676.856354166666,24,10.125
2019-07-24,2019,7,24,205,2,-0.3594718130884232,-0.9331559438780432,0.9749279121818236,-0.2225209339563143,0,weekday,2019-07-24 00:00:00+00:00,2019-07-25 00:00:00+00:00,51.215,55774.02,57221.25135416666,3602.6028125,1905.3261458333334,10339.331666666667,15847.260625,24,10.375
2019-07-25,2019,7,25,206,3,-0.3754703786876202,-0.9268343944460494,0.4338837391175582,-0.900968867902419,0,weekday,2019-07-25 00:00:00+00:00,2019-07-26 00:00:00+00:00,50.12708333333333,55648.825000000004,57867.7321875,5042.403125,1283.0702083333333,10007.012083333333,16332.485416666665,24,10.25
2019-07-26,2019,7,26,207,4,-0.3913578365610259,-0.9202385798054076,-0.433883739117558,-0.9009688679024191,0,weekday,2019-07-26 00:00:00+00:00,2019-07-27 00:00:00+00:00,44.90625,59604.77666666667,57723.606250000004,11257.7034375,4262.6701041666665,9796.871874999999,25317.24541666667,24,10.0
2019-07-27,2019,7,27,208,5,-0.4071294853542516,-0.9133704517637858,-0.9749279121818236,-0.2225209339563146,0,weekend,2019-07-27 00:00:00+00:00,2019-07-28 00:00:00+00:00,35.60541666666666,51004.004583333335,49751.5871875,13189.091145833334,4915.208229166667,7280.629895833333,25384.929270833334,24,9.965
2019-07-28,2019,7,28,209,6,-0.4227806579826773,-0.9062320427107696,-0.7818314824680299,0.6234898018587334,0,weekend,2019-07-28 00:00:00+00:00,2019-07-29 00:00:00+00:00,32.555416666666666,41995.28208333333,44512.02520833333,6558.4478125,2849.624479166667,5512.416249999999,14920.488541666666,24,10.02
2019-07-29,2019,7,29,210,0,-0.4383067230125192,-0.898825465016444,0.0,1.0,0,weekday,2019-07-29 00:00:00+00:00,2019-07-30 00:00:00+00:00,46.06333333333333,47561.958333333336,55832.064791666664,3892.232395833333,784.7667708333333,5386.4040625,10063.403229166666,24,10.075
2019-07-30,2019,7,30,211,1,-0.4537030860313442,-0.8911529104063088,0.7818314824680298,0.6234898018587336,0,weekday,2019-07-30 00:00:00+00:00,2019-07-31 00:00:00+00:00,44.66916666666666,49176.97833333333,56803.09645833333,3171.7276041666664,522.9536458333333,7004.6471875,10699.3284375,24,9.85
2019-07-31,2019,7,31,212,2,-0.4689651910076318,-0.8832166493127127,0.9749279121818236,-0.2225209339563143,0,weekday,2019-07-31 00:00:00+00:00,2019-08-01 00:00:00+00:00,48.98333333333333,49342.456249999996,56394.02,3926.410520833333,1223.5379166666667,6068.5871875,11218.535624999999,24,11.0
2019-08-01,2019,8,1,213,3,-0.4840885216389758,-0.8750190302029955,0.4338837391175582,-0.900968867902419,0,weekday,2019-08-01 00:00:00+00:00,2019-08-02 00:00:00+00:00,45.07083333333333,50894.207916666666,56216.055625,1966.976875,1079.2670833333334,8144.292291666668,11190.53625,24,11.675
2019-08-02,2019,8,2,214,4,-0.4990686026885319,-0.8665624788845385,-0.433883739117558,-0.9009688679024191,0,weekday,2019-08-02 00:00:00+00:00,2019-08-03 00:00:00+00:00,43.693333333333335,48644.4775,55160.49875,1538.7820833333335,494.8159375,7242.999062499999,9276.597083333332,24,11.96
2019-08-03,2019,8,3,215,5,-0.5139010013093103,-0.8578494977869301,-0.9749279121818236,-0.2225209339563146,0,weekend,2019-08-03 00:00:00+00:00,2019-08-04 00:00:00+00:00,36.33583333333333,42288.86625,47253.85104166667,2514.0880208333333,643.1471875000001,6770.9621875,9928.197395833333,24,12.015
2019-08-04,2019,8,4,216,6,-0.5285813283559292,-0.8488826652214553,-0.7818314824680299,0.6234898018587334,0,weekend,2019-08-04 00:00:00+00:00,2019-08-05 00:00:00+00:00,35.385,39162.8375,43992.4009375,1600.3016666666665,270.613125,8196.937916666668,10067.852708333334,24,11.995000000000001
2019-08-05,2019,8,5,217,0,-0.5431052396834317,-0.8396646346181327,0.0,1.0,0,weekday,2019-08-05 00:00:00+00:00,2019-08-06 00:00:00+00:00,46.56625,48129.895,55211.66395833334,3404.0428125,717.4955208333334,5389.919375,9511.457708333333,24,11.975
2019-08-06,2019,8,6,218,1,-0.5574684374327892,-0.8301981337405212,0.7818314824680298,0.6234898018587336,0,weekday,2019-08-06 00:00:00+00:00,2019-08-07 00:00:00+00:00,42.27833333333333,53215.761666666665,55988.72635416666,5279.686770833333,1575.04,6687.9025,13542.629270833333,24,11.175
2019-08-07,2019,8,7,219,2,-0.5716666713027052,-0.8204859638785327,0.9749279121818236,-0.2225209339563143,0,weekday,2019-08-07 00:00:00+00:00,2019-08-08 00:00:00+00:00,40.641666666666666,51612.76458333334,55636.11833333334,5551.95625,2142.688125,4236.6092708333335,11931.253645833332,24,11.0
2019-08-08,2019,8,8,220,3,-0.5856957398073508,-0.8105309990194823,0.4338837391175582,-0.900968867902419,0,weekday,2019-08-08 00:00:00+00:00,2019-08-09 00:00:00+00:00,35.10875,55460.059166666666,55406.191979166666,10841.719479166666,3385.8429166666665,8185.430520833333,22412.992916666666,24,11.25
2019-08-09,2019,8,9,221,4,-0.5995514915196489,-0.8003361849976323,-0.433883739117558,-0.9009688679024191,0,weekday,2019-08-09 00:00:00+00:00,2019-08-10 00:00:00+00:00,38.52708333333333,50660.1525,54616.4571875,6312.443333333334,2087.2712500000002,7454.319895833333,15854.034479166667,24,12.05
2019-08-10,2019,8,10,222,5,-0.6132298262997502,-0.7899045386224707,-0.9749279121818236,-0.2225209339563146,0,weekend,2019-08-10 00:00:00+00:00,2019-08-11 00:00:00+00:00,11.767916666666666,52746.19625,47083.20604166667,21518.504895833332,4319.549791666667,6258.133229166667,32096.187916666666,24,12.025
2019-08-11,2019,8,11,223,6,-0.6267266965083301,-0.7792391467859886,-0.7818314824680299,0.6234898018587334,0,weekend,2019-08-11 00:00:00+00:00,2019-08-12 00:00:00+00:00,15.042499999999999,46050.21333333334,43335.30520833333,11872.100520833332,4547.395416666667,8632.3615625,25051.8575,24,11.9875
2019-08-12,2019,8,12,224,0,-0.6400381082043503,-0.7683431655492202,0.0,1.0,0,weekday,2019-08-12 00:00:00+00:00,2019-08-13 00:00:00+00:00,42.06583333333334,48899.496666666666,54198.056562499994,6885.1396875,3051.1761458333335,5873.2439583333335,15809.559791666667,24,11.95
2019-08-13,2019,8,13,225,1,-0.65316012232693,-0.7572198192083127,0.7818314824680298,0.6234898018587336,0,weekday,2019-08-13 00:00:00+00:00,2019-08-14 00:00:00+00:00,38.009166666666665,48729.458333333336,55258.04749999999,9170.18125,1048.2007291666666,6950.1378125,17168.519791666666,24,11.45
2019-08-14,2019,8,14,226,2,-0.666088855860977,-0.7458723993404063,0.9749279121818236,-0.2225209339563143,0,weekday,2019-08-14 00:00:00+00:00,2019-08-15 00:00:00+00:00,38.662083333333335,47654.19333333333,54692.32833333334,4767.500312499999,1547.5452083333332,8111.466041666667,14426.511562500002,24,11.5
2019-08-15,2019,8,15,227,3,-0.6788204829862355,-0.734304263829602,0.4338837391175582,-0.900968867902419,0,weekday,2019-08-15 00:00:00+00:00,2019-08-16 00:00:00+00:00,30.611666666666665,48589.65791666667,54531.82145833334,13161.309479166666,3664.3396875,4142.8640625,20968.513229166667,24,11.15
2019-08-16,2019,8,16,228,4,-0.6913512362094071,-0.722518835873311,-0.433883739117558,-0.9009688679024191,0,weekday,2019-08-16 00:00:00+00:00,2019-08-17 00:00:00+00:00,35.80458333333333,48388.6325,54428.11802083333,6890.8059375,2237.8390624999997,7161.605625,16290.250625,24,11.175
2019-08-17,2019,8,17,229,5,-0.7036774074790128,-0.7105196029692745,-0.9749279121818236,-0.2225209339563146,0,weekend,2019-08-17 00:00:00+00:00,2019-08-18 00:00:00+00:00,26.62625,46203.9475,46957.197916666664,13358.775,3614.939895833333,3758.880833333333,20732.595729166667,24,10.955
2019-08-18,2019,8,18,230,6,-0.7157953492826642,-0.6983101158835584,-0.7818314824680299,0.6234898018587334,0,weekend,2019-08-18 00:00:00+00:00,2019-08-19 00:00:00+00:00,27.636666666666667,42130.01666666667,44601.87489583334,9417.667291666667,2379.585104166667,5898.7575,17696.009895833333,24,10.877500000000001
2019-08-19,2019,8,19,231,0,-0.7277014757264236,-0.6858939875998223,0.0,1.0,0,weekday,2019-08-19 00:00:00+00:00,2019-08-20 00:00:00+00:00,34.873333333333335,51595.20958333334,53841.93614583334,9385.8725,3344.2888541666666,6313.421354166666,19043.58270833333,24,10.8
2019-08-20,2019,8,20,232,1,-0.7393922635959241,-0.673274892250183,0.7818314824680298,0.6234898018587336,0,weekday,2019-08-20 00:00:00+00:00,2019-08-21 00:00:00+00:00,40.21041666666667,48705.201250000006,52849.29854166667,3778.3213541666664,1774.45,4462.174270833333,10014.945625,24,11.3
2019-08-21,2019,8,21,233,2,-0.7508642533989489,-0.6604565640279754,0.9749279121818236,-0.2225209339563143,0,weekday,2019-08-21 00:00:00+00:00,2019-08-22 00:00:00+00:00,41.922916666666666,50019.5725,54814.61635416667,2348.8201041666666,771.9138541666666,8263.640208333332,11384.374166666666,24,11.2
2019-08-22,2019,8,22,234,3,-0.7621140503891487,-0.6474427960827475,0.4338837391175582,-0.900968867902419,0,weekday,2019-08-22 00:00:00+00:00,2019-08-23 00:00:00+00:00,36.29708333333333,51480.8375,54400.56104166667,3499.5397916666666,2179.46875,9224.841458333334,14903.85,24,11.275
2019-08-23,2019,8,23,235,4,-0.7731383255706026,-0.6342374393978054,-0.433883739117558,-0.9009688679024191,0,weekday,2019-08-23 00:00:00+00:00,2019-08-24 00:00:00+00:00,37.65,50339.05875,53335.27135416667,2999.0920833333334,1028.761875,9066.5678125,13094.421770833333,24,10.825
2019-08-24,2019,8,24,236,5,-0.7839338166829201,-0.620844401650647,-0.9749279121818236,-0.2225209339563146,0,weekend,2019-08-24 00:00:00+00:00,2019-08-25 00:00:00+00:00,32.08291666666667,46013.92958333334,45970.838229166664,5673.188333333333,1537.6914583333335,8616.539583333333,15827.419375,24,10.585
2019-08-25,2019,8,25,237,6,-0.7944973291665992,-0.6072676460566135,-0.7818314824680299,0.6234898018587334,0,weekend,2019-08-25 00:00:00+00:00,2019-08-26 00:00:00+00:00,31.13,42930.27583333333,43441.5303125,4800.678124999999,1237.4508333333333,8046.0628125,14084.191770833333,24,10.45
2019-08-26,2019,8,26,238,0,-0.8048257371083452,-0.593511190196115,0.0,1.0,0,weekday,2019-08-26 00:00:00+00:00,2019-08-27 00:00:00+00:00,46.29791666666667,51973.385833333334,54492.49708333333,2977.9035416666666,485.0135416666667,7878.2891666666665,11341.206250000001,24,10.315
2019-08-27,2019,8,27,239,1,-0.8149159841660791,-0.5795791048257612,0.7818314824680298,0.6234898018587336,0,weekday,2019-08-27 00:00:00+00:00,2019-08-28 00:00:00+00:00,46.78,55382.200000000004,55558.02947916667,2866.9054166666665,1346.2861458333334,8125.1639583333335,12338.355520833335,24,10.15
2019-08-28,2019,8,28,240,2,-0.8247650844733614,-0.5654755126737576,0.9749279121818236,-0.2225209339563143,0,weekday,2019-08-28 00:00:00+00:00,2019-08-29 00:00:00+00:00,51.17583333333334,54234.426666666666,55995.03,2539.1252083333334,1038.3465625000001,7366.920000000001,10944.391770833334,24,10.35
2019-08-29,2019,8,29,241,3,-0.8343701235229538,-0.5512045872199277,0.4338837391175582,-0.900968867902419,0,weekday,2019-08-29 00:00:00+00:00,2019-08-30 00:00:00+00:00,44.48374999999999,53958.70374999999,56553.18072916666,2826.4197916666667,1168.5291666666667,5798.504479166666,9793.4534375,24,10.425
2019-08-30,2019,8,30,242,4,-0.8437282590292712,-0.5367705514607103,-0.433883739117558,-0.9009688679024191,0,weekday,2019-08-30 00:00:00+00:00,2019-08-31 00:00:00+00:00,41.84625,52943.40166666667,55177.40635416666,1012.0919791666666,1474.6146875000002,7589.119791666667,10075.826458333333,24,12.795
2019-08-31,2019,8,31,243,5,-0.8528367217694595,-0.522177676659508,-0.9749279121818236,-0.2225209339563146,0,weekend,2019-08-31 00:00:00+00:00,2019-09-01 00:00:00+00:00,33.15541666666667,45084.63291666666,47559.17729166666,4389.7986458333335,1439.8634375000001,8603.536770833334,14433.198854166667,24,12.795
2019-09-01,2019,9,1,244,6,-0.8616928164028522,-0.5074302810827518,-0.7818314824680299,0.6234898018587334,0,weekend,2019-09-01 00:00:00+00:00,2019-09-02 00:00:00+00:00,30.328333333333333,44103.307916666665,44774.830416666664,7519.0859375,2481.1815625,5941.091770833334,15941.359270833333,24,12.513333333333334
2019-09-02,2019,9,2,245,0,-0.8702939222685674,-0.4925327287220543,0.0,1.0,0,weekday,2019-09-02 00:00:00+00:00,2019-09-03 00:00:00+00:00,39.5625,52418.8675,55409.589791666665,5440.202916666666,2457.8125,6364.137916666667,14262.153333333334,24,12.231666666666666
2019-09-03,2019,9,3,246,1,-0.8786374941610001,-0.4774894280028391,0.7818314824680298,0.6234898018587336,0,weekday,2019-09-03 00:00:00+00:00,2019-09-04 00:00:00+00:00,35.61666666666667,56000.28416666667,56747.64927083333,7930.494479166667,3770.5483333333336,7002.6678125,18703.710625,24,11.95
2019-09-04,2019,9,4,247,2,-0.886721063082993,-0.4623048304798108,0.9749279121818236,-0.2225209339563143,0,weekday,2019-09-04 00:00:00+00:00,2019-09-05 00:00:00+00:00,33.96666666666666,55640.66541666666,56775.53895833334,8760.726458333333,3567.7484375,7400.056562499999,19728.531458333335,24,12.15
2019-09-05,2019,9,5,248,3,-0.8945422369764496,-0.4469834295196741,0.4338837391175582,-0.900968867902419,0,weekday,2019-09-05 00:00:00+00:00,2019-09-06 00:00:00+00:00,31.850833333333338,57704.542916666665,57331.362708333334,14782.362812500001,4065.365208333333,5338.234583333334,24185.962604166667,24,11.8
2019-09-06,2019,9,6,249,4,-0.9020987014301836,-0.4315297589714714,-0.433883739117558,-0.9009688679024191,0,weekday,2019-09-06 00:00:00+00:00,2019-09-07 00:00:00+00:00,33.027499999999996,53262.66583333333,56348.067500000005,8773.913645833332,3967.72,6634.313020833334,19375.946666666667,24,12.175
2019-09-07,2019,9,7,250,5,-0.9093882203647924,-0.4159483918249421,-0.9749279121818236,-0.2225209339563146,0,weekend,2019-09-07 00:00:00+00:00,2019-09-08 00:00:00+00:00,36.282916666666665,40767.4375,48462.95822916667,3163.1745833333334,1432.0015624999999,3628.616666666667,8223.7928125,24,12.35
2019-09-08,2019,9,8,251,6,-0.9164086366943458,-0.4002439388573056,-0.7818314824680299,0.6234898018587334,0,weekend,2019-09-08 00:00:00+00:00,2019-09-09 00:00:00+00:00,37.272083333333335,38620.034999999996,44951.286458333336,1185.3952083333334,380.25677083333335,3964.0653125000003,5529.717291666667,24,12.5125
2019-09-09,2019,9,9,252,0,-0.923157872964704,-0.3844210472688554,0.0,1.0,0,weekday,2019-09-09 00:00:00+00:00,2019-09-10 00:00:00+00:00,45.468333333333334,49385.763333333336,55237.76270833333,4952.3202083333335,415.9741666666667,3233.6621875,8601.9565625,24,12.675
2019-09-10,2019,9,10,253,1,-0.9296339319682696,-0.3684843993077793,0.7818314824680298,0.6234898018587336,0,weekday,2019-09-10 00:00:00+00:00,2019-09-11 00:00:00+00:00,36.82875,55682.21875,55685.627812499995,9421.955,2462.4178125000003,6770.7890625,18655.161875,24,12.35
2019-09-11,2019,9,11,254,2,-0.935834897334994,-0.3524387108846032,0.9749279121818236,-0.2225209339563143,0,weekday,2019-09-11 00:00:00+00:00,2019-09-12 00:00:00+00:00,33.78375,57327.18166666667,55836.182291666664,10860.483437500001,3788.703645833333,6687.8497916666665,21337.036875,24,14.05
2019-09-12,2019,9,12,255,3,-0.9417589340994617,-0.3362887301766828,0.4338837391175582,-0.900968867902419,0,weekday,2019-09-12 00:00:00+00:00,2019-09-13 00:00:00+00:00,38.162083333333335,54476.81041666667,56780.32395833333,9247.4690625,3750.058854166667,4781.308541666666,17778.836458333335,24,14.545
2019-09-13,2019,9,13,256,4,-0.9474042892438844,-0.3200392362231385,-0.433883739117558,-0.9009688679024191,0,weekday,2019-09-13 00:00:00+00:00,2019-09-14 00:00:00+00:00,39.72,52841.07208333333,56829.1903125,9282.7953125,3000.586458333333,4902.4861458333335,17185.867916666666,24,15.65
2019-09-14,2019,9,14,257,5,-0.9527692922168512,-0.3036950375106588,-0.9749279121818236,-0.2225209339563146,0,weekend,2019-09-14 00:00:00+00:00,2019-09-15 00:00:00+00:00,36.129583333333336,44270.92291666666,46537.34166666667,2638.205104166667,1965.7815625,7081.192916666667,11685.179583333333,24,14.71
2019-09-15,2019,9,15,258,6,-0.9578523554276668,-0.2872609705505963,-0.7818314824680299,0.6234898018587334,0,weekend,2019-09-15 00:00:00+00:00,2019-09-16 00:00:00+00:00,24.059583333333332,49250.28375,42986.74052083333,10841.111875,4524.175625,7851.456875,23216.744375,24,14.932500000000001
2019-09-16,2019,9,16,259,0,-0.9626519747161488,-0.2707418984477642,0.0,1.0,0,weekday,2019-09-16 00:00:00+00:00,2019-09-17 00:00:00+00:00,47.669999999999995,52543.182083333326,54637.4065625,5430.924791666667,2811.7122916666667,4155.770729166667,12398.4078125,24,15.155
2019-09-17,2019,9,17,260,1,-0.9671667297977312,-0.2541427094613622,0.7818314824680298,0.6234898018587336,0,weekday,2019-09-17 00:00:00+00:00,2019-09-18 00:00:00+00:00,33.367916666666666,62477.40458333333,55943.072604166664,18512.405104166668,5385.4003125,4515.568020833333,28413.373437500002,24,14.175
2019-09-18,2019,9,18,261,2,-0.97139528468375,-0.2374683155584684,0.9749279121818236,-0.2225209339563143,0,weekday,2019-09-18 00:00:00+00:00,2019-09-19 00:00:00+00:00,37.22875,61545.668750000004,56954.737395833334,13315.554895833333,4258.1534375,7122.039895833333,24695.748229166667,24,12.8
2019-09-19,2019,9,19,262,3,-0.9753363880767836,-0.2207236509605022,0.4338837391175582,-0.900968867902419,0,weekday,2019-09-19 00:00:00+00:00,2019-09-20 00:00:00+00:00,44.54750000000001,57261.107500000006,57522.86302083333,5818.123958333334,1170.6051041666667,7327.970208333333,14316.699270833335,24,12.255
2019-09-20,2019,9,20,263,4,-0.978988873740932,-0.2039136706831147,-0.433883739117558,-0.9009688679024191,0,weekday,2019-09-20 00:00:00+00:00,2019-09-21 00:00:00+00:00,42.472500000000004,53865.42333333333,56002.99854166667,3967.51625,890.8405208333334,6907.685416666667,11766.042187500001,24,12.575
2019-09-21,2019,9,21,264,5,-0.9823516608469236,-0.1870433490699165,-0.9749279121818236,-0.2225209339563146,0,weekend,2019-09-21 00:00:00+00:00,2019-09-22 00:00:00+00:00,34.45166666666667,47109.40333333333,47309.99927083333,5665.2247916666665,904.1764583333334,7977.170312499999,14546.571562500001,24,12.71
2019-09-22,2019,9,22,265,6,-0.9854237542919524,-0.1701176783204905,-0.7818314824680299,0.6234898018587334,0,weekend,2019-09-22 00:00:00+00:00,2019-09-23 00:00:00+00:00,29.66208333333333,47889.918333333335,45035.707708333335,8025.919791666667,2258.8334375,6976.310833333333,17261.064062499998,24,12.4775
2019-09-23,2019,9,23,266,0,-0.9882042449941422,-0.15314166701312,0.0,1.0,0,weekday,2019-09-23 00:00:00+00:00,2019-09-24 00:00:00+00:00,45.1275,52973.05375,56348.351875,6100.198541666666,1527.4877083333333,3052.8308333333334,10680.517083333334,24,12.245
2019-09-24,2019,9,24,267,1,-0.9906923101615608,-0.136120338622667,0.7818314824680298,0.6234898018587336,0,weekday,2019-09-24 00:00:00+00:00,2019-09-25 00:00:00+00:00,47.38458333333333,54758.940833333334,57294.19854166667,4584.076458333333,2053.4979166666667,4230.700520833333,10868.274895833334,24,12.175
2019-09-25,2019,9,25,268,2,-0.9928872135356962,-0.1190587300340498,0.9749279121818236,-0.2225209339563143,0,weekday,2019-09-25 00:00:00+00:00,2019-09-26 00:00:00+00:00,46.922083333333326,54819.71791666667,56595.00677083334,5946.019583333334,1191.6430208333334,3063.7745833333333,10201.4371875,24,11.935
2019-09-26,2019,9,26,269,3,-0.994788305609327,-0.1019618900517457,0.4338837391175582,-0.900968867902419,0,weekday,2019-09-26 00:00:00+00:00,2019-09-27 00:00:00+00:00,41.25,57791.01291666667,56673.75802083334,9336.108125,3028.0008333333335,2374.4486458333336,14738.557604166666,24,12.045
2019-09-27,2019,9,27,270,4,-0.9963950238187232,-0.0848348779057653,-0.433883739117558,-0.9009688679024191,0,weekday,2019-09-27 00:00:00+00:00,2019-09-28 00:00:00+00:00,38.35125,56795.70208333334,56188.50854166667,12494.751770833333,3606.1265625,3149.4186458333334,19250.296979166666,24,11.94
2019-09-28,2019,9,28,271,5,-0.9977068927101168,-0.0676827617545516,-0.9749279121818236,-0.2225209339563146,0,weekend,2019-09-28 00:00:00+00:00,2019-09-29 00:00:00+00:00,22.054166666666664,55833.37666666667,49228.50718749999,22603.921562500003,4858.0356249999995,4283.2872916666665,31745.244479166668,24,11.94
2019-09-29,2019,9,29,272,6,-0.9987235240803972,-0.0505106171852228,-0.7818314824680299,0.6234898018587334,0,weekend,2019-09-29 00:00:00+00:00,2019-09-30 00:00:00+00:00,11.592083333333333,53293.39041666667,45945.643645833334,23950.73875,4193.464270833333,3628.3303125,31772.533333333336,24,14.309999999999999
2019-09-30,2019,9,30,273,0,-0.9994446170919858,-0.0333235257116313,0.0,1.0,0,weekday,2019-09-30 00:00:00+00:00,2019-10-01 00:00:00+00:00,25.16416666666667,63215.46208333334,57527.44645833334,27154.12625,3906.6859375000004,4066.4684374999997,35127.280625,24,16.68
2019-10-01,2019,10,1,274,1,-0.9998699583618592,-0.0161265732706577,0.7818314824680298,0.6234898018587336,0,weekday,2019-10-01 00:00:00+00:00,2019-10-02 00:00:00+00:00,42.977916666666665,55454.08708333334,57647.37552083333,14307.285624999999,1961.4539583333333,3239.3482291666664,19508.087812499998,24,16.25
2019-10-02,2019,10,2,275,2,-0.9999994220246924,0.0010751512827982,0.9749279121818236,-0.2225209339563143,0,weekday,2019-10-02 00:00:00+00:00,2019-10-03 00:00:00+00:00,40.46208333333333,57363.659583333334,57928.62177083333,12181.6503125,4378.183958333334,3002.1573958333333,19561.991666666665,24,16.3
2019-10-03,2019,10,3,276,3,-0.999832969770105,0.0182765576816912,0.4338837391175582,-0.900968867902419,1,holiday,2019-10-03 00:00:00+00:00,2019-10-04 00:00:00+00:00,41.295833333333334,49570.74041666667,47461.557499999995,8222.9378125,677.89875,3731.427916666667,12632.264479166666,24,16.0
2019-10-04,2019,10,4,277,4,-0.9993706508539968,0.0354725557531255,-0.433883739117558,-0.9009688679024191,0,weekday,2019-10-04 00:00:00+00:00,2019-10-05 00:00:00+00:00,43.24875,51845.16375,53937.615625,7361.505729166667,1915.0821875,1800.6392708333333,11077.2271875,24,16.35
2019-10-05,2019,10,5,278,5,-0.9986126020839734,0.052658056924614,-0.9749279121818236,-0.2225209339563146,0,weekend,2019-10-05 00:00:00+00:00,2019-10-06 00:00:00+00:00,37.1775,51663.07541666667,49901.78270833333,10066.392708333333,2672.7888541666666,2956.3521875,15695.53375,24,15.77
2019-10-06,2019,10,6,279,6,-0.9975590477788612,0.0698279757298708,-0.7818314824680299,0.6234898018587334,0,weekend,2019-10-06 00:00:00+00:00,2019-10-07 00:00:00+00:00,31.753333333333334,50215.338749999995,47364.9665625,9646.429791666667,3865.4146875,3148.2645833333336,16660.1090625,24,15.485
2019-10-07,2019,10,7,280,0,-0.9962102997023295,0.0869772313136861,0.0,1.0,0,weekday,2019-10-07 00:00:00+00:00,2019-10-08 00:00:00+00:00,45.177083333333336,59147.095,58177.68895833333,5461.472916666667,2730.0645833333333,4503.1795833333335,12694.717083333335,24,15.2
2019-10-08,2019,10,8,281,1,-0.9945667569706336,0.1041007489354256,0.7818314824680298,0.6234898018587336,0,weekday,2019-10-08 00:00:00+00:00,2019-10-09 00:00:00+00:00,34.5925,65499.23375000001,59235.065104166664,19110.631875,4913.5175,1479.9720833333333,25504.121458333335,24,15.65
2019-10-09,2019,10,9,282,2,-0.9926289059345096,0.121193461470736,0.9749279121818236,-0.2225209339563143,0,weekday,2019-10-09 00:00:00+00:00,2019-10-10 00:00:00+00:00,35.39958333333333,65084.019166666665,58325.13333333333,19144.707291666666,4709.92375,2429.68625,26284.317291666666,24,15.3
2019-10-10,2019,10,10,283,3,-0.9903973200352558,0.1382503109109819,0.4338837391175582,-0.900968867902419,0,weekday,2019-10-10 00:00:00+00:00,2019-10-11 00:00:00+00:00,30.572083333333335,65860.34583333334,59295.433125,22524.38,5087.294583333333,3864.0826041666664,31475.7571875,24,15.825
2019-10-11,2019,10,11,284,4,-0.9878726596350428,0.1552662498599956,-0.433883739117558,-0.9009688679024191,0,weekday,2019-10-11 00:00:00+00:00,2019-10-12 00:00:00+00:00,24.49208333333333,66906.55791666666,58381.43333333334,27625.435833333333,5466.266354166666,3491.6565625000003,36583.35875,24,16.125
2019-10-12,2019,10,12,285,5,-0.9850556718215012,0.172236243027682,-0.9749279121818236,-0.2225209339563146,0,weekend,2019-10-12 00:00:00+00:00,2019-10-13 00:00:00+00:00,22.174583333333334,55090.71291666667,49958.24125,17770.985729166667,4059.8054166666666,5076.827395833333,26907.618541666667,24,16.135
2019-10-13,2019,10,13,286,6,-0.981947190186646,0.1891552687200409,-0.7818314824680299,0.6234898018587334,0,weekend,2019-10-13 00:00:00+00:00,2019-10-14 00:00:00+00:00,20.073333333333334,51193.457083333335,46037.021562500006,15952.616770833332,3044.914166666667,4434.2517708333335,23431.782708333336,24,16.0425
2019-10-14,2019,10,14,287,0,-0.9785481345802032,0.2060183203251708,0.0,1.0,0,weekday,2019-10-14 00:00:00+00:00,2019-10-15 00:00:00+00:00,38.23458333333333,61011.07750000001,56996.036250000005,9980.981770833334,2984.318125,4573.610416666666,17538.9103125,24,15.95
2019-10-15,2019,10,15,288,1,-0.9748595108374124,0.2228204077947995,0.7818314824680298,0.6234898018587336,0,weekday,2019-10-15 00:00:00+00:00,2019-10-16 00:00:00+00:00,44.61375,58900.37375,58483.24416666667,7385.1296875,2497.2370833333334,4655.935104166667,14538.301875,24,16.05
2019-10-16,2019,10,16,289,2,-0.9708824104813836,0.239556559120927,0.9749279121818236,-0.2225209339563143,0,weekday,2019-10-16 00:00:00+00:00,2019-10-17 00:00:00+00:00,39.14958333333333,63990.32708333333,58819.77177083333,16296.510208333333,2622.9559375000003,3314.0537499999996,22233.519895833335,24,16.225
2019-10-17,2019,10,17,290,3,-0.9666180104000972,0.2562218218071163,0.4338837391175582,-0.900968867902419,0,weekday,2019-10-17 00:00:00+00:00,2019-10-18 00:00:00+00:00,44.293749999999996,60745.17333333333,57925.36614583334,10620.5796875,2164.0559375,2650.0707291666663,15434.706354166667,24,15.825
2019-10-18,2019,10,18,291,4,-0.9620675724981452,0.2728112643340191,-0.433883739117558,-0.9009688679024191,0,weekday,2019-10-18 00:00:00+00:00,2019-10-19 00:00:00+00:00,34.972500000000004,62170.26,57952.56239583334,16453.211354166666,4572.291770833333,2899.606458333333,23925.109583333335,24,16.245
2019-10-19,2019,10,19,292,5,-0.957232443323312,0.2893199776186952,-0.9749279121818236,-0.2225209339563146,0,weekend,2019-10-19 00:00:00+00:00,2019-10-20 00:00:00+00:00,33.221666666666664,52651.285833333335,49987.3525,11784.559583333334,4433.7352083333335,1780.9138541666669,17999.208645833332,24,15.965
2019-10-20,2019,10,20,293,6,-0.9521140536681102,0.3057430764672831,-0.7818314824680299,0.6234898018587334,0,weekend,2019-10-20 00:00:00+00:00,2019-10-21 00:00:00+00:00,34.97708333333333,44430.70916666667,46609.32989583333,4774.528854166667,995.9441666666667,3416.2704166666667,9186.7434375,24,16.0875
2019-10-21,2019,10,21,294,0,-0.9467139181463862,0.3220757010206104,0.0,1.0,0,weekday,2019-10-21 00:00:00+00:00,2019-10-22 00:00:00+00:00,44.721666666666664,59343.630833333336,58359.56916666666,8794.210729166667,2656.7054166666667,2761.903958333333,14212.820104166667,24,16.21
2019-10-22,2019,10,22,295,1,-0.9410336347451196,0.3383130181923076,0.7818314824680298,0.6234898018587336,0,weekday,2019-10-22 00:00:00+00:00,2019-10-23 00:00:00+00:00,46.67250000000001,58671.46916666667,58356.06895833334,4522.572708333333,1857.95375,3499.1201041666664,9879.6465625,24,15.75
2019-10-23,2019,10,23,296,2,-0.9350748843515574,0.3544502230989869,0.9749279121818236,-0.2225209339563143,0,weekday,2019-10-23 00:00:00+00:00,2019-10-24 00:00:00+00:00,43.501666666666665,57746.75833333333,58159.14010416667,5377.560208333333,1149.2509375,3451.8216666666667,9978.6328125,24,15.3
2019-10-24,2019,10,24,297,3,-0.9288394302558068,0.3704825404820963,0.4338837391175582,-0.900968867902419,0,weekday,2019-10-24 00:00:00+00:00,2019-10-25 00:00:00+00:00,38.22625,59358.10999999999,58680.32052083333,10340.913020833334,3135.6062500000003,3477.8754166666663,16954.3946875,24,15.15
2019-10-25,2019,10,25,298,4,-0.9223291176290545,0.3864052261209853,-0.433883739117558,-0.9009688679024191,0,weekday,2019-10-25 00:00:00+00:00,2019-10-26 00:00:00+00:00,35.94583333333333,61284.22083333333,57470.746458333335,14959.874375,5141.9383333333335,3221.3352083333334,23323.14791666667,24,15.55
2019-10-26,2019,10,26,299,5,-0.9155458729775467,0.4022135682368036,-0.9749279121818236,-0.2225209339563146,0,weekend,2019-10-26 00:00:00+00:00,2019-10-27 00:00:00+00:00,17.572916666666668,61065.29958333333,50835.370416666665,24580.90625,5208.813958333333,4364.744166666666,34154.464375,24,15.235
2019-10-27,2019,10,27,300,6,-0.9084917035725082,0.4179028888867866,-0.7818314824680299,0.6234898018587334,0,weekend,2019-10-27 00:00:00+00:00,2019-10-28 00:00:00+00:00,24.334166666666665,54852.677083333336,46632.3915625,17846.432291666668,5772.432708333334,2718.1436458333333,26337.008645833335,24,14.905
2019-10-28,2019,10,28,301,0,-0.9011686968561567,0.4334685453485363,0.0,1.0,0,weekday,2019-10-28 00:00:00+00:00,2019-10-29 00:00:00+00:00,43.040416666666665,62995.67791666667,57553.13177083334,8352.9334375,3523.7578125,3160.657291666667,15037.348541666666,24,14.575
2019-10-29,2019,10,29,302,1,-0.8935790198239952,0.4489059314938798,0.7818314824680298,0.6234898018587336,0,weekday,2019-10-29 00:00:00+00:00,2019-10-30 00:00:00+00:00,48.247083333333336,59749.45166666667,59136.50125,4651.280625,781.5807291666666,2851.1602083333332,8284.0215625,24,14.5
2019-10-30,2019,10,30,303,2,-0.8857249183835637,0.4642104791518923,0.9749279121818236,-0.2225209339563143,0,weekday,2019-10-30 00:00:00+00:00,2019-10-31 00:00:00+00:00,48.13041666666667,58170.607083333336,59179.86020833333,4058.646145833334,187.65937499999998,3295.3155208333333,7541.621041666666,24,13.625
2019-10-31,2019,10,31,304,3,-0.8776087166898392,0.4793776594606945,0.4338837391175582,-0.900968867902419,0,weekday,2019-10-31 00:00:00+00:00,2019-11-01 00:00:00+00:00,42.73916666666667,57483.82041666666,56218.226875,5420.719479166667,892.4120833333333,4292.0216666666665,10605.153229166666,24,16.05
2019-11-01,2019,11,1,305,4,-0.8692328164574792,0.4944029842076181,-0.433883739117558,-0.9009688679024191,0,weekday,2019-11-01 00:00:00+00:00,2019-11-02 00:00:00+00:00,31.99291666666667,54423.59,52523.24802083333,13782.729791666667,3652.5989583333335,1892.2004166666666,19327.529166666667,24,16.35
2019-11-02,2019,11,2,306,5,-0.8605996962501181,0.5092820071573356,-0.9749279121818236,-0.2225209339563146,0,weekend,2019-11-02 00:00:00+00:00,2019-11-03 00:00:00+00:00,27.12125,56335.200833333336,50902.736979166664,20520.904583333333,4605.951979166667,1504.0816666666667,26630.938229166666,24,16.175
2019-11-03,2019,11,3,307,6,-0.8517119107469189,0.5240103253675756,-0.7818314824680299,0.6234898018587334,0,weekend,2019-11-03 00:00:00+00:00,2019-11-04 00:00:00+00:00,27.375416666666666,47269.798749999994,48965.065104166664,11627.097812499998,3254.4483333333333,1350.9933333333333,16232.539479166668,24,16.2375
2019-11-04,2019,11,4,308,0,-0.8425720899866032,0.5385835804920232,0.0,1.0,0,weekday,2019-11-04 00:00:00+00:00,2019-11-05 00:00:00+00:00,38.92333333333333,55578.36041666666,59615.25864583333,10722.489583333334,1654.9246875000001,1848.8942708333334,14226.308541666667,24,16.3
2019-11-05,2019,11,5,309,1,-0.8331829385891785,0.5529974600700271,0.7818314824680298,0.6234898018587336,0,weekday,2019-11-05 00:00:00+00:00,2019-11-06 00:00:00+00:00,43.25958333333333,59067.863333333335,59056.64822916667,6771.3915625,2559.5245833333333,1778.7679166666667,11109.684062499999,24,16.75
2019-11-06,2019,11,6,310,2,-0.8235472349556007,0.5672476988027229,0.9749279121818236,-0.2225209339563143,0,weekday,2019-11-06 00:00:00+00:00,2019-11-07 00:00:00+00:00,52.05708333333334,56889.56875,59495.45885416667,3669.5921875,620.8420833333333,1323.0121875,5613.446458333333,24,16.575
2019-11-07,2019,11,7,311,3,-0.8136678304455991,0.5813300798152042,0.4338837391175582,-0.900968867902419,0,weekday,2019-11-07 00:00:00+00:00,2019-11-08 00:00:00+00:00,42.547916666666666,61583.225,59400.28187500001,9542.857291666667,2222.304791666667,2224.3323958333335,13989.494479166666,24,16.225
2019-11-08,2019,11,8,312,4,-0.8035476485339116,0.5952404359043674,-0.433883739117558,-0.9009688679024191,0,weekday,2019-11-08 00:00:00+00:00,2019-11-09 00:00:00+00:00,47.73791666666667,58847.97166666667,58199.51500000001,4858.278020833333,2195.3161458333334,1457.4189583333334,8511.013125,24,16.175
2019-11-09,2019,11,9,313,5,-0.7931896839451843,0.6089746507720486,-0.9749279121818236,-0.2225209339563146,0,weekend,2019-11-09 00:00:00+00:00,2019-11-10 00:00:00+00:00,41.606249999999996,53337.45875,50955.5690625,6709.666666666667,2142.889166666667,1576.8551041666667,10429.410937499999,24,15.94
2019-11-10,2019,11,10,314,6,-0.7825970017677834,0.6225286602431057,-0.7818314824680299,0.6234898018587334,0,weekend,2019-11-10 00:00:00+00:00,2019-11-11 00:00:00+00:00,41.074999999999996,50285.17249999999,47728.315624999996,3404.921875,1923.8742708333332,3124.919479166667,8453.715624999999,24,15.907499999999999
2019-11-11,2019,11,11,315,0,-0.7717727365467836,0.6358984534680745,0.0,1.0,0,weekday,2019-11-11 00:00:00+00:00,2019-11-12 00:00:00+00:00,41.15625,64413.58666666667,59019.32729166667,13863.454270833334,3944.6002083333333,2615.192916666667,20423.247395833332,24,15.875
2019-11-12,2019,11,12,316,1,-0.7607200913564104,0.6490800741100398,0.7818314824680298,0.6234898018587336,0,weekday,2019-11-12 00:00:00+00:00,2019-11-13 00:00:00+00:00,42.43458333333333,67226.19791666667,60676.79489583333,16611.44927083333,4566.959583333333,1460.5782291666667,22638.987083333337,24,15.6
2019-11-13,2019,11,13,317,2,-0.7494423368521954,0.6620696215153815,0.9749279121818236,-0.2225209339563143,0,weekday,2019-11-13 00:00:00+00:00,2019-11-14 00:00:00+00:00,47.362500000000004,65099.61708333334,61825.31041666667,10526.982083333334,3116.358854166667,1168.175625,14811.5165625,24,15.275
2019-11-14,2019,11,14,318,3,-0.7379428103031386,0.6748632518680403,0.4338837391175582,-0.900968867902419,0,weekday,2019-11-14 00:00:00+00:00,2019-11-15 00:00:00+00:00,45.12833333333333,66781.70041666667,61624.76125,10184.8459375,1720.1711458333332,2776.490416666667,14681.5075,24,15.45
2019-11-15,2019,11,15,319,4,-0.7262249146041543,0.6874571793269664,-0.433883739117558,-0.9009688679024191,0,weekday,2019-11-15 00:00:00+00:00,2019-11-16 00:00:00+00:00,38.27125,68072.605,59629.2334375,16508.302395833332,4563.086354166667,1407.2520833333335,22478.640833333335,24,15.4
2019-11-16,2019,11,16,320,5,-0.7142921172691032,0.699847677146407,-0.9749279121818236,-0.2225209339563146,0,weekend,2019-11-16 00:00:00+00:00,2019-11-17 00:00:00+00:00,37.95875,55528.268749999996,52143.841875000006,8495.5965625,2930.044583333334,1658.2922916666666,13083.933437500002,24,15.715
2019-11-17,2019,11,17,321,6,-0.7021479494046978,0.7120310787787131,-0.7818314824680299,0.6234898018587334,0,weekend,2019-11-17 00:00:00+00:00,2019-11-18 00:00:00+00:00,36.75416666666667,54171.23541666666,48255.96375,9639.853541666667,2187.061875,806.0273958333333,12632.9428125,24,15.545
2019-11-18,2019,11,18,322,0,-0.6897960046655887,0.7240037789593305,0.0,1.0,0,weekday,2019-11-18 00:00:00+00:00,2019-11-19 00:00:00+00:00,41.691250000000004,65432.35833333334,60001.990625,13558.1934375,3942.038958333333,1179.4867708333334,18679.719166666666,24,15.375
2019-11-19,2019,11,19,323,1,-0.6772399381909491,0.7357622347736527,0.7818314824680298,0.6234898018587336,0,weekday,2019-11-19 00:00:00+00:00,2019-11-20 00:00:00+00:00,47.10583333333333,66849.655,62927.24979166667,12636.627916666666,3277.599583333333,1840.0152083333335,17754.242708333335,24,15.15
2019-11-20,2019,11,20,324,2,-0.6644834655228552,0.7473029667054296,0.9749279121818236,-0.2225209339563143,0,weekday,2019-11-20 00:00:00+00:00,2019-11-21 00:00:00+00:00,53.336666666666666,58573.573333333334,62064.58656250001,1664.2560416666665,375.82322916666664,1183.8713541666666,3223.950625,24,15.3
2019-11-21,2019,11,21,325,3,-0.6515303615068021,0.75862255966641,0.4338837391175582,-0.900968867902419,0,weekday,2019-11-21 00:00:00+00:00,2019-11-22 00:00:00+00:00,50.07416666666666,60841.36541666667,61441.9009375,3677.2840625000003,1746.3935416666666,716.3072916666666,6139.984895833334,24,15.675
2019-11-22,2019,11,22,326,4,-0.6383844591746642,0.7697176640069211,-0.433883739117558,-0.9009688679024191,0,weekday,2019-11-22 00:00:00+00:00,2019-11-23 00:00:00+00:00,43.62083333333334,61162.409583333334,60647.70354166667,7765.0734375,2727.252916666667,1488.3155208333335,11980.641875000001,24,16.0
2019-11-23,2019,11,23,327,5,-0.6250496486104377,0.7805849965070866,-0.9749279121818236,-0.2225209339563146,0,weekend,2019-11-23 00:00:00+00:00,2019-11-24 00:00:00+00:00,29.88,59124.96583333333,53084.84614583334,18038.357708333333,5654.347291666666,2029.4288541666665,25722.133854166666,24,16.05
2019-11-24,2019,11,24,328,6,-0.6115298757991053,0.7912213413483807,-0.7818314824680299,0.6234898018587334,0,weekend,2019-11-24 00:00:00+00:00,2019-11-25 00:00:00+00:00,34.714999999999996,51627.06208333333,49285.137500000004,8343.573437500001,4308.832708333333,2149.796770833333,14802.202916666667,24,16.262500000000003
2019-11-25,2019,11,25,329,0,-0.5978291414589552,0.801623551065242,0.0,1.0,0,weekday,2019-11-25 00:00:00+00:00,2019-11-26 00:00:00+00:00,51.35541666666666,55437.2825,60629.99822916667,2397.93125,881.4433333333333,745.4285416666667,4024.803125,24,16.475
2019-11-26,2019,11,26,330,1,-0.5839514998576998,0.8117885474764613,0.7818314824680298,0.6234898018587336,0,weekday,2019-11-26 00:00:00+00:00,2019-11-27 00:00:00+00:00,47.43416666666667,62317.14000000001,63118.09291666667,7221.331875,2471.5829166666667,688.6660416666667,10381.580833333333,24,16.0
2019-11-27,2019,11,27,331,2,-0.5699010576127624,0.8217133225960589,0.9749279121818236,-0.2225209339563143,0,weekday,2019-11-27 00:00:00+00:00,2019-11-28 00:00:00+00:00,39.168749999999996,66507.87791666666,62585.184166666666,19495.548958333333,3906.7483333333334,610.8475,24013.144791666666,24,15.95
2019-11-28,2019,11,28,332,3,-0.5556819724760489,0.8313949395234058,0.4338837391175582,-0.900968867902419,0,weekday,2019-11-28 00:00:00+00:00,2019-11-29 00:00:00+00:00,30.569999999999997,71976.23583333334,63054.25739583333,31076.625937499997,4225.184583333334,874.8838541666665,36176.694375,24,15.98
2019-11-29,2019,11,29,333,4,-0.5412984521036173,0.8408305333122887,-0.433883739117558,-0.9009688679024191,0,weekday,2019-11-29 00:00:00+00:00,2019-11-30 00:00:00+00:00,40.71875,65978.835,62528.31427083333,18282.212812499998,5441.894791666667,1006.3747916666666,24730.482395833333,24,16.33
2019-11-30,2019,11,30,334,5,-0.5267547528105542,0.8500173118187018,-0.9749279121818236,-0.2225209339563146,0,weekend,2019-11-30 00:00:00+00:00,2019-12-01 00:00:00+00:00,42.181666666666665,53325.800416666665,54641.21760416666,6499.433958333334,1899.6310416666665,1729.2183333333332,10128.283333333333,24,16.33
2019-12-01,2019,12,1,335,6,-0.5120551783114646,0.8589525565270845,-0.7818314824680299,0.6234898018587334,0,weekend,2019-12-01 00:00:00+00:00,2019-12-02 00:00:00+00:00,42.42916666666667,49845.113333333335,50264.584062500006,3559.0415625,1693.086875,967.8498958333333,6219.9783333333335,24,16.1425
2019-12-02,2019,12,2,336,0,-0.4972040784469378,0.8676336233547726,0.0,1.0,0,weekday,2019-12-02 00:00:00+00:00,2019-12-03 00:00:00+00:00,46.53375,66890.89791666667,60616.80260416667,10267.783541666666,4289.4959375,1223.9552083333333,15781.2346875,24,15.955
2019-12-03,2019,12,3,337,1,-0.4822058478963526,0.8760579434344281,0.7818314824680298,0.6234898018587336,0,weekday,2019-12-03 00:00:00+00:00,2019-12-04 00:00:00+00:00,51.23208333333333,63598.611666666664,61565.346874999996,7749.494374999999,3591.5847916666667,1130.3251041666665,12471.404270833335,24,15.675
2019-12-04,2019,12,4,338,2,-0.4670649248774303,0.8842230238742036,0.9749279121818236,-0.2225209339563143,0,weekday,2019-12-04 00:00:00+00:00,2019-12-05 00:00:00+00:00,48.1,65238.18,61579.40864583334,6576.251666666667,4050.4222916666663,2216.9103125,12843.584270833335,24,15.6
2019-12-05,2019,12,5,339,3,-0.451785789832884,0.8921264484954345,0.4338837391175582,-0.900968867902419,0,weekday,2019-12-05 00:00:00+00:00,2019-12-06 00:00:00+00:00,41.685833333333335,66522.79333333333,62969.8215625,11016.555937500001,5533.759687500001,2354.8546874999997,18905.1703125,24,15.6
2019-12-06,2019,12,6,340,4,-0.4363729641045924,0.8997658785476209,-0.433883739117558,-0.9009688679024191,0,weekday,2019-12-06 00:00:00+00:00,2019-12-07 00:00:00+00:00,31.06125,73049.75041666666,62913.19375,30402.502083333336,6215.280416666667,1523.6851041666666,38141.46760416667,24,15.175
2019-12-07,2019,12,7,341,5,-0.4208310085956556,0.9071390534005044,-0.9749279121818236,-0.2225209339563146,0,weekend,2019-12-07 00:00:00+00:00,2019-12-08 00:00:00+00:00,24.574166666666667,62523.00125,55561.880208333336,27537.197291666667,5711.410625,604.3234375000001,33852.93135416667,24,15.14
2019-12-08,2019,12,8,342,6,-0.4051645224207563,0.9142437912130223,-0.7818314824680299,0.6234898018587334,0,weekend,2019-12-08 00:00:00+00:00,2019-12-09 00:00:00+00:00,-16.267916666666668,62662.88333333333,50299.93583333333,32968.423125,6114.351145833333,878.8834375,39961.65770833333,24,14.9575
2019-12-09,2019,12,9,343,0,-0.3893781415452015,0.9210779895789526,0.0,1.0,0,weekday,2019-12-09 00:00:00+00:00,2019-12-10 00:00:00+00:00,25.38,71433.35708333334,62728.04739583333,30479.745729166665,5693.7653125,948.6876041666666,37122.198645833334,24,14.775
2019-12-10,2019,12,10,344,1,-0.3734765374130707,0.9276396261490468,0.7818314824680298,0.6234898018587336,0,weekday,2019-12-10 00:00:00+00:00,2019-12-11 00:00:00+00:00,40.081250000000004,68288.59541666666,63055.63864583333,17623.91010416667,4429.9470833333335,1880.2421875,23934.099375,24,14.37
2019-12-11,2019,12,11,345,2,-0.3574644155648614,0.9339267592294762,0.9749279121818236,-0.2225209339563143,0,weekday,2019-12-11 00:00:00+00:00,2019-12-12 00:00:00+00:00,39.09125,67151.79583333334,65017.53822916667,15811.087708333333,4225.708333333333,801.0277083333334,20837.82375,24,14.17
2019-12-12,2019,12,12,346,3,-0.3413465142450361,0.9399375283564132,0.4338837391175582,-0.900968867902419,0,weekday,2019-12-12 00:00:00+00:00,2019-12-13 00:00:00+00:00,44.3025,64387.380000000005,65239.395104166666,12808.378020833334,3676.4396875,746.3972916666667,17231.215,24,14.15
2019-12-13,2019,12,13,347,4,-0.3251276029999093,0.9456701548465688,-0.433883739117558,-0.9009688679024191,0,weekday,2019-12-13 00:00:00+00:00,2019-12-14 00:00:00+00:00,36.817083333333336,65168.104583333334,63208.90114583333,22041.601145833334,3676.7744791666664,648.5076041666667,26366.883229166666,24,14.23
2019-12-14,2019,12,14,348,5,-0.3088124812662537,0.9511229423235356,-0.9749279121818236,-0.2225209339563146,0,weekend,2019-12-14 00:00:00+00:00,2019-12-15 00:00:00+00:00,22.382916666666663,61216.795000000006,56557.4234375,29474.127604166668,4729.982812499999,822.6659375,35026.776354166665,24,13.805
2019-12-15,2019,12,15,349,6,-0.2924059769510773,0.956294277219772,-0.7818314824680299,0.6234898018587334,0,weekend,2019-12-15 00:00:00+00:00,2019-12-16 00:00:00+00:00,14.019166666666665,60370.74208333334,52948.0015625,28371.619687500002,5514.575104166666,1019.7576041666667,34905.95239583334,24,13.8775
2019-12-16,2019,12,16,350,0,-0.2759129450029604,0.9611826292540836,0.0,1.0,0,weekday,2019-12-16 00:00:00+00:00,2019-12-17 00:00:00+00:00,41.06041666666667,63757.795000000006,63428.95250000001,14109.979166666666,4926.175625,1147.1455208333334,20183.3003125,24,13.95
2019-12-17,2019,12,17,351,1,-0.2593382659754056,0.9657865518844574,0.7818314824680298,0.6234898018587336,0,weekday,2019-12-17 00:00:00+00:00,2019-12-18 00:00:00+00:00,36.356249999999996,67493.27375000001,64317.6753125,19017.676666666666,2999.7775,1470.3465625,23487.80072916667,24,14.47
2019-12-18,2019,12,18,352,2,-0.2426868445825954,0.9701046827361176,0.9749279121818236,-0.2225209339563143,0,weekday,2019-12-18 00:00:00+00:00,2019-12-19 00:00:00+00:00,40.655833333333334,61533.09375,61464.59552083333,10544.464791666667,3895.474895833333,1126.4694791666668,15566.409166666666,24,14.35
2019-12-19,2019,12,19,353,3,-0.225963608248019,0.974135744004672,0.4338837391175582,-0.900968867902419,0,weekday,2019-12-19 00:00:00+00:00,2019-12-20 00:00:00+00:00,34.77916666666667,60846.263333333336,62370.7434375,16119.945208333333,5727.863541666667,1798.6967708333332,23646.505520833336,24,14.4
2019-12-20,2019,12,20,354,4,-0.2091735056463563,0.9778785428342386,-0.433883739117558,-0.9009688679024191,0,weekday,2019-12-20 00:00:00+00:00,2019-12-21 00:00:00+00:00,29.06041666666667,60369.982083333336,60238.92322916666,19540.5803125,5597.9990625,1289.0451041666668,26427.62447916667,24,14.075
2019-12-21,2019,12,21,355,5,-0.1923215052390948,0.9813319716704276,-0.9749279121818236,-0.2225209339563146,0,weekend,2019-12-21 00:00:00+00:00,2019-12-22 00:00:00+00:00,28.327916666666667,50689.59583333333,52016.63114583333,12621.900520833333,4769.968020833333,1185.3655208333332,18577.2340625,24,14.235
2019-12-22,2019,12,22,356,6,-0.1754125938042784,0.9844950085880858,-0.7818314824680299,0.6234898018587334,0,weekend,2019-12-22 00:00:00+00:00,2019-12-23 00:00:00+00:00,26.383750000000003,46857.121666666666,49764.301354166666,13747.574166666667,2794.3328125000003,607.8854166666666,17149.792395833334,24,13.7225
2019-12-23,2019,12,23,357,0,-0.1584517749608363,0.9873667175937016,0.0,1.0,0,weekday,2019-12-23 00:00:00+00:00,2019-12-24 00:00:00+00:00,24.777083333333334,55617.13208333333,54349.26520833333,20674.603020833336,4440.676875,637.7543750000001,25753.034270833334,24,13.21
2019-12-24,2019,12,24,358,1,-0.141444067687942,0.989946248902378,0.7818314824680298,0.6234898018587336,0,weekday,2019-12-24 00:00:00+00:00,2019-12-25 00:00:00+00:00,21.755416666666665,48939.926666666666,50291.46052083333,16444.446041666666,2855.3645833333335,597.9097916666666,19897.720416666667,24,12.61
2019-12-25,2019,12,25,359,2,-0.1243945048397999,0.9922328391893008,0.9749279121818236,-0.2225209339563143,1,holiday,2019-12-25 00:00:00+00:00,2019-12-26 00:00:00+00:00,27.548333333333332,42313.19583333333,45076.729687499996,11192.513854166667,1743.9353125,662.6263541666666,13599.075520833334,24,12.605
2019-12-26,2019,12,26,360,3,-0.1073081316563624,0.994225811815616,0.4338837391175582,-0.900968867902419,1,holiday,2019-12-26 00:00:00+00:00,2019-12-27 00:00:00+00:00,33.8325,37068.55375,43982.82239583333,4680.597395833333,714.9077083333333,874.9633333333335,6270.4684375,24,12.605
2019-12-27,2019,12,27,361,4,-0.0901900042703451,0.99592457702866,-0.433883739117558,-0.9009688679024191,0,weekday,2019-12-27 00:00:00+00:00,2019-12-28 00:00:00+00:00,37.85041666666667,40582.52333333334,51841.63625,3796.4264583333334,1113.0519791666666,764.2530208333333,5673.731458333333,24,12.765
2019-12-28,2019,12,28,362,5,-0.0730451882110474,0.9973286321364752,-0.9749279121818236,-0.2225209339563146,0,weekend,2019-12-28 00:00:00+00:00,2019-12-29 00:00:00+00:00,34.50125,41533.480416666665,47771.82072916667,3520.1469791666664,2357.7803125,1437.78625,7315.713541666667,24,12.765
2019-12-29,2019,12,29,363,6,-0.0558787569053731,0.9984375616565666,-0.7818314824680299,0.6234898018587334,0,weekend,2019-12-29 00:00:00+00:00,2019-12-30 00:00:00+00:00,29.54375,46365.043333333335,45373.01145833333,8667.221666666666,4858.012291666667,2050.7096875,15575.943645833335,24,12.530000000000001
2019-12-30,2019,12,30,364,0,-0.0386957901765268,0.999251037438848,0.0,1.0,0,weekday,2019-12-30 00:00:00+00:00,2019-12-31 00:00:00+00:00,26.33458333333333,59260.45875,53035.68604166667,20566.654270833333,5911.4946875,2140.8984375,28619.04739583333,24,12.295
2019-12-31,2019,12,31,365,1,-0.0215013727408137,0.999768818762748,0.7818314824680298,0.6234898018587336,0,weekday,2019-12-31 00:00:00+00:00,2020-01-01 00:00:00+00:00,33.53625,64714.1,51697.08708333334,14212.025416666665,3579.2407291666664,1319.8342708333332,19111.100416666664,24,12.05
2020-01-01,2020,1,1,1,2,0.0,1.0,0.9749279121818236,-0.2225209339563143,1,holiday,2020-01-01 00:00:00+00:00,2020-01-02 00:00:00+00:00,34.92,43782.83083333333,48127.4553125,6111.840416666667,3039.5217708333334,1745.3656250000001,10896.7278125,24,12.05
2020-01-02,2020,1,2,2,3,0.0172015754182605,0.9998520419557736,0.4338837391175582,-0.900968867902419,0,weekday,2020-01-02 00:00:00+00:00,2020-01-03 00:00:00+00:00,38.589999999999996,54236.82375,57162.464375,12498.906979166668,5804.9971875,1621.9017708333333,19925.8059375,24,12.435
2020-01-03,2020,1,3,3,4,0.034398060613608,0.9994082116062598,-0.433883739117558,-0.9009688679024191,0,weekday,2020-01-03 00:00:00+00:00,2020-01-04 00:00:00+00:00,26.323333333333334,63739.39625,58288.856041666666,25622.797708333335,5885.284166666667,781.9354166666667,32290.017291666667,24,12.405
2020-01-04,2020,1,4,4,5,0.0515843668694083,0.9986686402879996,-0.9749279121818236,-0.2225209339563146,0,weekend,2020-01-04 00:00:00+00:00,2020-01-05 00:00:00+00:00,20.822916666666668,61017.55833333333,53906.14927083333,26230.30135416667,5154.702916666666,614.4934374999999,31999.497708333332,24,12.985
2020-01-05,2020,1,5,5,6,0.0687554084811394,0.9976335468520452,-0.7818314824680299,0.6234898018587334,0,weekend,2020-01-05 00:00:00+00:00,2020-01-06 00:00:00+00:00,35.638333333333335,47872.81375,47166.403437500005,9081.747083333334,4201.3107291666665,1204.1261458333333,14487.183958333333,24,12.84
2020-01-06,2020,1,6,6,0,0.0859061042613327,0.9963032375991964,0.0,1.0,0,weekday,2020-01-06 00:00:00+00:00,2020-01-07 00:00:00+00:00,38.24916666666667,57076.07083333333,54896.33552083333,10495.443333333333,5601.426041666667,1482.4359375000001,17579.3053125,24,12.695
2020-01-07,2020,1,7,7,1,0.1030313790431787,0.9946781061893646,0.7818314824680298,0.6234898018587336,0,weekday,2020-01-07 00:00:00+00:00,2020-01-08 00:00:00+00:00,40.240833333333335,64577.833333333336,58571.32916666666,15167.3271875,4730.474375,642.2864583333334,20540.088020833333,24,11.95
2020-01-08,2020,1,8,8,2,0.1201261651823505,0.9927586335250792,0.9749279121818236,-0.2225209339563143,0,weekday,2020-01-08 00:00:00+00:00,2020-01-09 00:00:00+00:00,34.30583333333333,65818.88708333333,60332.63166666666,18426.532083333335,4004.4791666666665,424.1119791666667,22855.123229166667,24,11.835
2020-01-09,2020,1,9,9,3,0.1371854040566005,0.9905453876091832,0.4338837391175582,-0.900968867902419,0,weekday,2020-01-09 00:00:00+00:00,2020-01-10 00:00:00+00:00,36.02916666666667,62861.04125,61390.501874999994,17000.148020833334,3814.0748958333334,596.874375,21411.09729166667,24,11.925
2020-01-10,2020,1,10,10,4,0.1542040475626894,0.988039023376751,-0.433883739117558,-0.9009688679024191,0,weekday,2020-01-10 00:00:00+00:00,2020-01-11 00:00:00+00:00,35.42166666666667,67050.71041666667,59762.89145833333,22993.5378125,3999.9060416666666,1264.1846874999999,28257.628541666665,24,12.2
2020-01-11,2020,1,11,11,5,0.1711770596101998,0.985240282501282,-0.9749279121818236,-0.2225209339563146,0,weekend,2020-01-11 00:00:00+00:00,2020-01-12 00:00:00+00:00,31.52625,57048.93958333333,54567.90135416667,14769.805104166668,5614.236250000001,1528.32125,21912.36260416667,24,11.94
2020-01-12,2020,1,12,12,6,0.1880994176117975,0.9821499931752292,-0.7818314824680299,0.6234898018587334,0,weekend,2020-01-12 00:00:00+00:00,2020-01-13 00:00:00+00:00,22.635833333333334,61760.807499999995,50738.75843750001,25390.063437499997,5323.4465625,1452.631875,32166.141875,24,12.045
2020-01-13,2020,1,13,13,0,0.2049661139694953,0.9787690698649216,0.0,1.0,0,weekday,2020-01-13 00:00:00+00:00,2020-01-14 00:00:00+00:00,37.81875,61368.65541666667,60613.450833333336,14577.3571875,4478.610937500001,939.3465624999999,19995.3146875,24,12.15
2020-01-14,2020,1,14,14,1,0.2217721575564818,0.975098513039961,0.7818314824680298,0.6234898018587336,0,weekday,2020-01-14 00:00:00+00:00,2020-01-15 00:00:00+00:00,23.499166666666667,70581.25041666666,64427.405,32388.06760416667,5280.0001041666665,1290.1696875,38958.237395833334,24,12.025
2020-01-15,2020,1,15,15,2,0.2385125751940764,0.9711394088771652,0.9749279121818236,-0.2225209339563143,0,weekday,2020-01-15 00:00:00+00:00,2020-01-16 00:00:00+00:00,25.600416666666664,70396.2225,65684.39885416666,30562.1140625,4857.983125,2550.98625,37971.0834375,24,11.275
2020-01-16,2020,1,16,16,3,0.2551824131233728,0.966892928939152,0.4338837391175582,-0.900968867902419,0,weekday,2020-01-16 00:00:00+00:00,2020-01-17 00:00:00+00:00,38.24916666666667,62807.393749999996,64419.275312499994,13610.569583333332,5543.971145833333,2458.5916666666667,21613.132395833334,24,11.425
2020-01-17,2020,1,17,17,4,0.2717767384711357,0.9623603298276544,-0.433883739117558,-0.9009688679024191,0,weekday,2020-01-17 00:00:00+00:00,2020-01-18 00:00:00+00:00,36.69375,62849.302083333336,63585.213229166664,15826.894166666667,4613.549166666667,2286.548854166667,22726.9921875,24,11.05
2020-01-18,2020,1,18,18,5,0.2882906407095177,0.957542952811672,-0.9749279121818236,-0.2225209339563146,0,weekend,2020-01-18 00:00:00+00:00,2020-01-19 00:00:00+00:00,32.39833333333333,60338.322916666664,56609.32802083334,17808.92125,5307.94,1226.768125,24343.629375,24,10.93
2020-01-19,2020,1,19,19,6,0.3047192331091634,0.9524422234305676,-0.7818314824680299,0.6234898018587334,0,weekend,2020-01-19 00:00:00+00:00,2020-01-20 00:00:00+00:00,34.10041666666667,50642.607500000006,53811.879687500004,8227.084479166666,4410.3784375000005,1279.7230208333333,13917.1859375,24,10.841666666666667
2020-01-20,2020,1,20,20,0,0.321057654185271,0.9470596510722284,0.0,1.0,0,weekday,2020-01-20 00:00:00+00:00,2020-01-21 00:00:00+00:00,44.73791666666667,61689.6525,64078.065729166665,5894.059583333333,2735.5316666666663,1740.5677083333333,10370.158958333333,24,10.753333333333332
2020-01-21,2020,1,21,21,1,0.3373010691361842,0.9413968285264122,0.7818314824680298,0.6234898018587336,0,weekday,2020-01-21 00:00:00+00:00,2020-01-22 00:00:00+00:00,41.84916666666667,69608.83625000001,65161.628020833334,10784.555104166668,4203.654375,2689.5580208333336,17677.767499999998,24,10.665
2020-01-22,2020,1,22,22,2,0.3534446712740877,0.9354554315134164,0.9749279121818236,-0.2225209339563143,0,weekday,2020-01-22 00:00:00+00:00,2020-01-23 00:00:00+00:00,46.24333333333333,66576.52833333334,64039.370729166665,8575.451354166667,2277.453125,1709.5581249999998,12562.462604166665,24,10.66
2020-01-23,2020,1,23,23,3,0.3694836834473831,0.9292372181882051,0.4338837391175582,-0.900968867902419,0,weekday,2020-01-23 00:00:00+00:00,2020-01-24 00:00:00+00:00,51.475833333333334,62582.44291666666,63897.33864583333,3870.6545833333334,2172.5276041666666,1800.3988541666668,7843.581041666667,24,10.375
2020-01-24,2020,1,24,24,4,0.3854133594543256,0.9227440286201428,-0.433883739117558,-0.9009688679024191,0,weekday,2020-01-24 00:00:00+00:00,2020-01-25 00:00:00+00:00,50.36875,64385.30375,63080.04666666666,4923.636354166667,3072.5826041666664,2098.5346875,10094.753645833332,24,10.63
2020-01-25,2020,1,25,25,5,0.4012289854475009,0.9159777842484876,-0.9749279121818236,-0.2225209339563146,0,weekend,2020-01-25 00:00:00+00:00,2020-01-26 00:00:00+00:00,40.46458333333333,54345.839166666665,54729.32989583333,4312.3059375,3215.2286458333333,1502.7109375,9030.245520833332,24,10.455
2020-01-26,2020,1,26,26,6,0.4169258813287287,0.908940487313808,-0.7818314824680299,0.6234898018587334,0,weekend,2020-01-26 00:00:00+00:00,2020-01-27 00:00:00+00:00,33.693333333333335,49914.02375,51304.90458333333,6862.812708333334,4196.3559374999995,1496.4855208333336,12555.654166666667,24,10.48
2020-01-27,2020,1,27,27,0,0.4324994021339788,0.901634220265486,0.0,1.0,0,weekday,2020-01-27 00:00:00+00:00,2020-01-28 00:00:00+00:00,37.61,63526.505416666674,62436.28187500001,18841.909270833334,4174.1140625,1180.8213541666667,24196.844687499997,24,10.505
2020-01-28,2020,1,28,28,1,0.4479449394078911,0.8940611451454876,0.7818314824680298,0.6234898018587336,0,weekday,2020-01-28 00:00:00+00:00,2020-01-29 00:00:00+00:00,31.520833333333332,67709.43000000001,64938.35260416666,30575.2375,3783.9388541666667,1066.8339583333334,35426.0103125,24,10.8
2020-01-29,2020,1,29,29,2,0.4632579225674917,0.88622350294858,0.9749279121818236,-0.2225209339563143,0,weekday,2020-01-29 00:00:00+00:00,2020-01-30 00:00:00+00:00,33.67541666666667,70566.3175,65036.340729166666,31041.974479166664,5391.099270833333,1185.5314583333334,37618.605208333334,24,10.675
2020-01-30,2020,1,30,30,3,0.4784338202547012,0.8781236129591848,0.4338837391175582,-0.900968867902419,0,weekday,2020-01-30 00:00:00+00:00,2020-01-31 00:00:00+00:00,31.914166666666663,69550.08875000001,65692.09260416667,29348.298437499998,5470.438958333333,1484.7927083333334,36303.53010416667,24,10.0
2020-01-31,2020,1,31,31,4,0.4934681416772373,0.8697638720650646,-0.433883739117558,-0.9009688679024191,0,weekday,2020-01-31 00:00:00+00:00,2020-02-01 00:00:00+00:00,22.62125,68809.88,64491.28697916667,32302.673437499998,5434.973645833334,1007.1023958333334,38744.74947916667,24,9.975
2020-02-01,2020,2,1,32,5,0.5083564379375122,0.8611467540480452,-0.9749279121818236,-0.2225209339563146,0,weekend,2020-02-01 00:00:00+00:00,2020-02-02 00:00:00+00:00,7.09,61610.09166666667,56127.86781249999,30492.215208333335,5529.009270833333,1093.6842708333334,37114.90875,24,9.755
2020-02-02,2020,2,2,33,6,0.5230943033491326,0.8522748088519838,-0.7818314824680299,0.6234898018587334,0,weekend,2020-02-02 00:00:00+00:00,2020-02-03 00:00:00+00:00,18.12875,52047.49083333334,51168.011875,22787.9675,2742.1714583333337,617.130625,26147.26958333333,24,9.6775
2020-02-03,2020,2,3,34,0,0.5376773767406141,0.8431506618282,0.0,1.0,0,weekday,2020-02-03 00:00:00+00:00,2020-02-04 00:00:00+00:00,27.95958333333333,61823.46625,62729.340729166666,24187.05083333333,4691.049583333333,905.5872916666667,29783.687708333335,24,9.6
2020-02-04,2020,2,4,35,1,0.5521013427459208,0.8337770129585915,0.7818314824680298,0.6234898018587336,0,weekday,2020-02-04 00:00:00+00:00,2020-02-05 00:00:00+00:00,28.21166666666667,65980.4275,64232.325000000004,25022.4075,4700.158958333333,1888.8005208333334,31611.366979166665,24,9.285
2020-02-05,2020,2,5,36,2,0.5663619330814524,0.8241566360566663,0.9749279121818236,-0.2225209339563143,0,weekday,2020-02-05 00:00:00+00:00,2020-02-06 00:00:00+00:00,36.339166666666664,63498.20416666666,64178.00885416666,12797.523125,2572.1501041666666,3571.1740625,18940.84729166667,24,9.435
2020-02-06,2020,2,6,37,3,0.580454927809098,0.8142923779467267,0.4338837391175582,-0.900968867902419,0,weekday,2020-02-06 00:00:00+00:00,2020-02-07 00:00:00+00:00,37.373333333333335,63020.16333333333,64683.7384375,10572.9425,2440.8430208333334,2902.4714583333334,15916.256979166666,24,8.925
2020-02-07,2020,2,7,38,4,0.5943761565849831,0.804187157621448,-0.433883739117558,-0.9009688679024191,0,weekday,2020-02-07 00:00:00+00:00,2020-02-08 00:00:00+00:00,36.405,57716.63791666667,62936.128958333335,6301.0046875,1920.3532291666668,3582.3897916666665,11803.747708333334,24,9.22
2020-02-08,2020,2,8,39,5,0.6081214998935418,0.7938439653781019,-0.9749279121818236,-0.2225209339563146,0,weekend,2020-02-08 00:00:00+00:00,2020-02-09 00:00:00+00:00,28.00208333333333,54600.065833333334,54983.28833333333,12673.186979166667,4339.926666666667,3397.2901041666664,20410.40375,24,9.07
2020-02-09,2020,2,9,40,6,0.6216868902665479,0.7832658619336791,-0.7818314824680299,0.6234898018587334,0,weekend,2020-02-09 00:00:00+00:00,2020-02-10 00:00:00+00:00,0.5658333333333334,60720.642916666664,52561.892499999994,33105.5090625,3782.7428125,3260.9733333333334,40149.22520833334,24,8.9225
2020-02-10,2020,2,10,41,0,0.6350683134867438,0.7724559775191742,0.0,1.0,0,weekday,2020-02-10 00:00:00+00:00,2020-02-11 00:00:00+00:00,8.841666666666667,71525.35041666667,63701.6315625,38835.53145833333,5376.099999999999,2205.0414583333336,46416.67291666666,24,8.775
2020-02-11,2020,2,11,42,1,0.6482618097757122,0.7614175109532997,0.7818314824680298,0.6234898018587336,0,weekday,2020-02-11 00:00:00+00:00,2020-02-12 00:00:00+00:00,11.499166666666667,73939.57916666666,64862.00614583333,39883.693333333336,5214.633125,2427.2360416666666,47525.5625,24,8.5
2020-02-12,2020,2,12,43,2,0.6612634749656386,0.7501537286959042,0.9749279121818236,-0.2225209339563143,0,weekday,2020-02-12 00:00:00+00:00,2020-02-13 00:00:00+00:00,20.69625,71527.02875,65344.12791666667,36128.931875,5345.121041666666,2366.9577083333334,43841.010624999995,24,8.575
2020-02-13,2020,2,13,44,3,0.6740694616546161,0.7386679638813748,0.4338837391175582,-0.900968867902419,0,weekday,2020-02-13 00:00:00+00:00,2020-02-14 00:00:00+00:00,37.93,61904.01458333334,65173.75114583334,19037.813229166666,3597.004166666667,1520.4017708333333,24155.219166666666,24,8.575
2020-02-14,2020,2,14,45,4,0.6866759803451553,0.726963615332308,-0.433883739117558,-0.9009688679024191,0,weekday,2020-02-14 00:00:00+00:00,2020-02-15 00:00:00+00:00,36.147083333333335,55316.527916666666,63626.010208333326,9948.482083333334,2209.5734374999997,1542.9934375,13701.048958333333,24,8.925
2020-02-15,2020,2,15,46,5,0.6990793005655562,0.7150441465537444,-0.9749279121818236,-0.2225209339563146,0,weekend,2020-02-15 00:00:00+00:00,2020-02-16 00:00:00+00:00,19.18,57882.426666666666,54400.08375,21208.263020833332,5612.808125,3210.332291666667,30031.4034375,24,8.88
2020-02-16,2020,2,16,47,6,0.7112757519738152,0.7029130847082615,-0.7818314824680299,0.6234898018587334,0,weekend,2020-02-16 00:00:00+00:00,2020-02-17 00:00:00+00:00,-8.99375,62463.329999999994,51855.565,36714.10229166666,4774.546458333333,1638.3654166666665,43127.01416666667,24,8.986666666666666
2020-02-17,2020,2,17,48,0,0.7232617254437388,0.6905740195722293,0.0,1.0,0,weekday,2020-02-17 00:00:00+00:00,2020-02-18 00:00:00+00:00,20.510833333333334,66458.97499999999,62811.34208333333,29346.070625000004,5576.534791666666,1724.7687500000002,36647.37416666667,24,9.093333333333334
2020-02-18,2020,2,18,49,1,0.7350336741329413,0.6780306024735382,0.7818314824680298,0.6234898018587336,0,weekday,2020-02-18 00:00:00+00:00,2020-02-19 00:00:00+00:00,22.131666666666664,70000.82125,64402.94395833334,32282.764583333334,5956.092187499999,3571.9558333333334,41810.81260416667,24,9.2
2020-02-19,2020,2,19,50,2,0.746588114532413,0.6652865452111116,0.9749279121818236,-0.2225209339563143,0,weekday,2020-02-19 00:00:00+00:00,2020-02-20 00:00:00+00:00,31.229166666666668,67707.70791666667,64314.834375,27161.71479166667,5498.970312500001,2678.375,35339.06010416667,24,9.225
2020-02-20,2020,2,20,51,3,0.7579216274973472,0.6523456189565257,0.4338837391175582,-0.900968867902419,0,weekday,2020-02-20 00:00:00+00:00,2020-02-21 00:00:00+00:00,28.383750000000003,64402.84125,64580.49333333334,24342.650937500002,5695.112083333333,1635.4535416666668,31673.2165625,24,9.575
2020-02-21,2020,2,21,52,4,0.7690308592589181,0.6392116531380588,-0.433883739117558,-0.9009688679024191,0,weekday,2020-02-21 00:00:00+00:00,2020-02-22 00:00:00+00:00,25.029583333333335,68788.78041666666,63157.94427083333,30283.264270833333,5842.431979166667,3949.6209375,40075.317187500004,24,9.3
2020-02-22,2020,2,22,53,5,0.7799125224167177,0.6258885343075018,-0.9749279121818236,-0.2225209339563146,0,weekend,2020-02-22 00:00:00+00:00,2020-02-23 00:00:00+00:00,-2.044166666666667,66102.05875,55496.17958333334,35314.168125000004,5602.348958333333,3381.7370833333334,44298.25416666667,24,9.41
2020-02-23,2020,2,23,54,6,0.7905633969115482,0.612380204990065,-0.7818314824680299,0.6234898018587334,0,weekend,2020-02-23 00:00:00+00:00,2020-02-24 00:00:00+00:00,7.18375,58935.277916666666,52105.85802083334,29403.329791666667,5455.574583333334,863.249375,35722.15375,24,9.31
2020-02-24,2020,2,24,55,0,0.8009803309782905,0.5986906625177214,0.0,1.0,0,weekday,2020-02-24 00:00:00+00:00,2020-02-25 00:00:00+00:00,29.14833333333333,59422.74958333333,61253.13354166667,21624.930520833335,4245.447604166667,1363.1379166666668,27233.516041666666,24,9.21
2020-02-25,2020,2,25,56,1,0.8111602420785621,0.5848239578463322,0.7818314824680298,0.6234898018587336,0,weekday,2020-02-25 00:00:00+00:00,2020-02-26 00:00:00+00:00,24.896666666666665,69117.70625,64283.39020833333,29697.941041666665,4988.9975,2321.316875,37008.25541666667,24,9.0
2020-02-26,2020,2,26,57,2,0.8211001178128892,0.5707841943569036,0.9749279121818236,-0.2225209339563143,0,weekday,2020-02-26 00:00:00+00:00,2020-02-27 00:00:00+00:00,32.083333333333336,61280.54749999999,64395.590416666666,18507.001874999998,2042.7355208333336,2659.5335416666667,23209.2709375,24,8.875
2020-02-27,2020,2,27,58,3,0.8307970168121247,0.5565755266413303,0.4338837391175582,-0.900968867902419,0,weekday,2020-02-27 00:00:00+00:00,2020-02-28 00:00:00+00:00,38.57541666666666,59447.082916666666,62962.64020833333,11494.238333333333,2416.1870833333332,2328.6470833333333,16239.0725,24,8.87
2020-02-28,2020,2,28,59,4,0.8402480696078469,0.5422021592729844,-0.433883739117558,-0.9009688679024191,0,weekday,2020-02-28 00:00:00+00:00,2020-02-29 00:00:00+00:00,29.92375,63347.79083333333,62511.544270833336,19039.02666666667,4902.668125,3263.3540625,27205.048854166667,24,8.65
2020-02-29,2020,2,29,60,5,0.8494504794814806,0.527668345562516,-0.9749279121818236,-0.2225209339563146,0,weekend,2020-02-29 00:00:00+00:00,2020-03-01 00:00:00+00:00,8.72625,63160.13916666667,54754.74635416667,29033.504479166662,5927.354583333334,3033.7881249999996,37994.6471875,24,8.875
2020-03-01,2020,3,1,61,6,0.8584015232918917,0.512978386299228,-0.7818314824680299,0.6234898018587334,0,weekend,2020-03-01 00:00:00+00:00,2020-03-02 00:00:00+00:00,8.505,59034.50541666666,51396.34447916667,26325.674270833333,5744.435520833334,3896.549166666666,35966.65895833333,24,8.9375
2020-03-02,2020,3,2,62,0,0.8670985522812081,0.4981366284784055,0.0,1.0,0,weekday,2020-03-02 00:00:00+00:00,2020-03-03 00:00:00+00:00,33.33083333333334,57580.8125,61610.93552083333,10538.914166666667,2627.7272916666666,3635.3477083333332,16801.989166666666,24,9.0
2020-03-03,2020,3,3,63,1,0.8755389928586302,0.4831474640149687,0.7818314824680298,0.6234898018587336,0,weekday,2020-03-03 00:00:00+00:00,2020-03-04 00:00:00+00:00,36.57416666666666,61134.23375000001,62767.02208333334,11919.84625,1400.1829166666666,3225.5803125,16545.609479166666,24,9.02
2020-03-04,2020,3,4,64,2,0.8837203473619977,0.4680153284438345,0.9749279121818236,-0.2225209339563143,0,weekday,2020-03-04 00:00:00+00:00,2020-03-05 00:00:00+00:00,39.704166666666666,61345.05291666667,61939.90864583334,8862.377916666666,1515.4828125000001,3606.8234374999997,13984.684166666666,24,8.975
2020-03-05,2020,3,5,65,3,0.8916401947968874,0.452744699607371,0.4338837391175582,-0.900968867902419,0,weekday,2020-03-05 00:00:00+00:00,2020-03-06 00:00:00+00:00,35.90125,59660.10083333333,62356.21104166666,10486.846666666666,1650.713125,2349.879375,14487.439166666665,24,8.9
2020-03-06,2020,3,6,66,4,0.8992961915530253,0.4373400963303323,-0.433883739117558,-0.9009688679024191,0,weekday,2020-03-06 00:00:00+00:00,2020-03-07 00:00:00+00:00,30.828333333333333,62087.548749999994,61097.39239583333,18441.1984375,4688.4578125,1663.0639583333332,24792.720208333336,24,8.775
2020-03-07,2020,3,7,67,5,0.9066860720977984,0.4218060770826634,-0.9749279121818236,-0.2225209339563146,0,weekend,2020-03-07 00:00:00+00:00,2020-03-08 00:00:00+00:00,28.8025,52211.28916666666,54352.64989583333,13706.6725,2394.9398958333336,3382.1803125,19483.792708333334,24,8.645
2020-03-08,2020,3,8,68,6,0.9138076496466616,0.4061472386305789,-0.7818314824680299,0.6234898018587334,0,weekend,2020-03-08 00:00:00+00:00,2020-03-09 00:00:00+00:00,17.348333333333333,53545.57791666667,50674.22239583333,18540.048333333336,5237.37375,3818.5771874999996,27595.999270833334,24,8.46
2020-03-09,2020,3,9,69,0,0.9206588168102428,0.3903682146763026,0.0,1.0,0,weekday,2020-03-09 00:00:00+00:00,2020-03-10 00:00:00+00:00,37.41583333333333,55103.47125,60417.30645833333,10696.160416666668,3039.9265625000003,2987.2706249999997,16723.357604166667,24,8.275
2020-03-10,2020,3,10,70,1,0.9272375462179536,0.374473674486883,0.7818314824680298,0.6234898018587336,0,weekday,2020-03-10 00:00:00+00:00,2020-03-11 00:00:00+00:00,22.415833333333335,67660.0125,61774.49364583333,30105.061666666665,6092.401041666667,1248.2135416666667,37445.67625,24,8.875
2020-03-11,2020,3,11,71,2,0.9335418911179212,0.3584683215124808,0.9749279121818236,-0.2225209339563143,0,weekday,2020-03-11 00:00:00+00:00,2020-03-12 00:00:00+00:00,23.465833333333332,65252.50166666667,62929.91135416667,25534.88010416667,5981.783229166667,2775.7539583333332,34292.417291666665,24,8.975
2020-03-12,2020,3,12,72,3,0.9395699859530622,0.342356891994542,0.4338837391175582,-0.900968867902419,0,weekday,2020-03-12 00:00:00+00:00,2020-03-13 00:00:00+00:00,12.902083333333335,70595.63958333334,63820.683645833335,32836.518854166665,5920.847916666667,3895.3747916666666,42652.7415625,24,9.1
2020-03-13,2020,3,13,73,4,0.945320046913132,0.3261441535642696,-0.433883739117558,-0.9009688679024191,0,weekday,2020-03-13 00:00:00+00:00,2020-03-14 00:00:00+00:00,17.718333333333334,67050.93000000001,62444.18875,28608.617395833335,5206.2659375,4881.280729166667,38696.1640625,24,9.36
2020-03-14,2020,3,14,74,5,0.9507903724625832,0.3098349038318025,-0.9749279121818236,-0.2225209339563146,0,weekend,2020-03-14 00:00:00+00:00,2020-03-15 00:00:00+00:00,29.5175,46053.47125,53457.43802083333,6653.570833333334,2941.2548958333336,5844.920520833333,15439.746249999998,24,9.285
2020-03-15,2020,3,15,75,6,0.9559793438440766,0.2934339689665273,-0.7818314824680299,0.6234898018587334,0,weekend,2020-03-15 00:00:00+00:00,2020-03-16 00:00:00+00:00,5.149583333333333,58045.59583333333,50394.261875,20000.242708333335,6276.566458333334,6915.326979166667,33192.136145833334,24,8.9925
2020-03-16,2020,3,16,76,0,0.9608854255574976,0.2769462022689364,0.0,1.0,0,weekday,2020-03-16 00:00:00+00:00,2020-03-17 00:00:00+00:00,31.601250000000004,55055.62333333333,60127.30291666667,6694.228541666666,2243.7525,7033.9384375,15971.919479166667,24,8.7
2020-03-17,2020,3,17,77,1,0.9655071658143364,0.2603764827344581,0.7818314824680298,0.6234898018587336,0,weekday,2020-03-17 00:00:00+00:00,2020-03-18 00:00:00+00:00,28.197916666666668,56195.4625,62030.895312500004,7461.4925,5215.351250000001,4983.3533333333335,17660.197083333333,24,8.775
2020-03-18,2020,3,18,78,2,0.969843196967294,0.2437297136096838,0.9749279121818236,-0.2225209339563143,0,weekday,2020-03-18 00:00:00+00:00,2020-03-19 00:00:00+00:00,26.72791666666667,59088.3325,61030.043645833335,12191.324895833333,3920.7097916666667,6542.293333333334,22654.328020833334,24,8.3
2020-03-19,2020,3,19,79,3,0.9738922359149924,0.2270108209414184,0.4338837391175582,-0.900968867902419,0,weekday,2020-03-19 00:00:00+00:00,2020-03-20 00:00:00+00:00,28.69541666666667,48733.504583333335,61995.97718749999,2488.7928125,518.7203125,5231.8271875,8239.3403125,24,8.425
2020-03-20,2020,3,20,80,4,0.977653084481664,0.2102247521189836,-0.433883739117558,-0.9009688679024191,0,weekday,2020-03-20 00:00:00+00:00,2020-03-21 00:00:00+00:00,24.8925,49895.14625,60221.42135416667,6805.248124999999,2690.7863541666666,4670.343437500001,14166.377916666666,24,8.295
2020-03-21,2020,3,21,81,5,0.981124629771712,0.1933764744102058,-0.9749279121818236,-0.2225209339563146,0,weekend,2020-03-21 00:00:00+00:00,2020-03-22 00:00:00+00:00,10.310833333333333,54606.40375,52724.70916666667,20614.593854166666,4744.720416666666,4242.003229166667,29601.3175,24,8.295
2020-03-22,2020,3,22,82,6,0.984305844499033,0.1764709734915216,-0.7818314824680299,0.6234898018587334,0,weekend,2020-03-22 00:00:00+00:00,2020-03-23 00:00:00+00:00,-0.6012500000000002,53052.15833333333,50067.6415625,18117.731041666666,4121.349895833333,8992.903229166666,31231.984166666665,24,8.157499999999999
2020-03-23,2020,3,23,83,0,0.9871957872910084,0.1595132519726365,0.0,1.0,0,weekday,2020-03-23 00:00:00+00:00,2020-03-24 00:00:00+00:00,17.325416666666666,56886.161250000005,60626.36010416667,14538.536875,4613.630104166667,9587.446145833334,28739.613125,24,8.02
2020-03-24,2020,3,24,84,1,0.9897936029670716,0.1425083279161708,0.7818314824680298,0.6234898018587336,0,weekday,2020-03-24 00:00:00+00:00,2020-03-25 00:00:00+00:00,20.673750000000002,57334.85083333333,61206.5321875,12976.7334375,4158.564375,9665.461770833334,26800.759583333333,24,8.05
2020-03-25,2020,3,25,85,2,0.992098522791769,0.1254612333527364,0.9749279121818236,-0.2225209339563143,0,weekday,2020-03-25 00:00:00+00:00,2020-03-26 00:00:00+00:00,23.195833333333336,56958.54833333333,61008.16822916667,13449.971041666666,2312.8721875,9700.4221875,25463.265416666665,24,7.765
2020-03-26,2020,3,26,86,3,0.9941098647022418,0.108377012791876,0.4338837391175582,-0.900968867902419,0,weekday,2020-03-26 00:00:00+00:00,2020-03-27 00:00:00+00:00,22.36,57076.82666666667,60528.2503125,14902.15375,1940.0153125,9259.360625,26101.529687500002,24,7.58
2020-03-27,2020,3,27,87,4,0.9958270335100596,0.0912607217293118,-0.433883739117558,-0.9009688679024191,0,weekday,2020-03-27 00:00:00+00:00,2020-03-28 00:00:00+00:00,21.565833333333334,53884.185,58299.996666666666,11940.734479166667,2621.3678125,9291.286145833334,23853.3884375,24,7.25
2020-03-28,2020,3,28,88,5,0.9972495210773452,0.0741174251509443,-0.9749279121818236,-0.2225209339563146,0,weekend,2020-03-28 00:00:00+00:00,2020-03-29 00:00:00+00:00,13.829166666666666,49216.67916666667,51470.213125,10142.369895833333,4475.001145833333,9020.463854166666,23637.834895833334,24,7.22
2020-03-29,2020,3,29,89,6,0.998376906467142,0.0569521960340397,-0.7818314824680299,0.6234898018587334,0,weekend,2020-03-29 00:00:00+00:00,2020-03-30 00:00:00+00:00,5.034166666666667,52661.3325,48835.82052083333,21091.782812499998,5338.1278125,3895.080520833333,30324.991145833334,24,7.057499999999999
2020-03-30,2020,3,30,90,0,0.9992088560679752,0.0397701138460557,0.0,1.0,0,weekday,2020-03-30 00:00:00+00:00,2020-03-31 00:00:00+00:00,23.728333333333335,49430.36541666667,58011.542083333334,7617.538437499999,3213.2901041666664,7380.696145833333,18211.524687499998,24,6.895
2020-03-31,2020,3,31,91,1,0.9997451236925734,0.0225762630415454,0.7818314824680298,0.6234898018587336,0,weekday,2020-03-31 00:00:00+00:00,2020-04-01 00:00:00+00:00,25.249583333333334,48079.71666666667,59059.51489583333,4800.266145833333,1177.8932291666667,7893.869062499999,13872.0284375,24,7.1
2020-04-01,2020,4,1,92,2,0.9999855506507186,0.0053757315575838,0.9749279121818236,-0.2225209339563143,0,weekday,2020-04-01 00:00:00+00:00,2020-04-02 00:00:00+00:00,23.635416666666668,53770.14958333334,58500.76427083334,8458.359583333333,4209.170729166667,8702.330729166666,21369.861041666667,24,6.725
2020-04-02,2020,4,2,93,3,0.9999300657962056,-0.0118263906918325,0.4338837391175582,-0.900968867902419,0,weekday,2020-04-02 00:00:00+00:00,2020-04-03 00:00:00+00:00,19.866666666666667,59442.27708333333,57884.1546875,16567.337499999998,5901.595416666667,7465.720625000001,29934.65354166667,24,7.275
2020-04-03,2020,4,3,94,4,0.9995786855478958,-0.0290250133219752,-0.433883739117558,-0.9009688679024191,0,weekday,2020-04-03 00:00:00+00:00,2020-04-04 00:00:00+00:00,22.892083333333332,52594.916666666664,57154.9184375,13395.7971875,4387.458645833333,5334.287604166667,23117.5434375,24,6.825
2020-04-04,2020,4,4,95,5,0.9989315138848576,-0.0462150469837083,-0.9749279121818236,-0.2225209339563146,0,weekend,2020-04-04 00:00:00+00:00,2020-04-05 00:00:00+00:00,19.5525,41113.5575,49007.33177083333,3911.5550000000003,2383.1447916666666,7884.975625,14179.675416666667,24,6.92
2020-04-05,2020,4,5,96,6,0.9979887423155984,-0.0633914048695103,-0.7818314824680299,0.6234898018587334,0,weekend,2020-04-05 00:00:00+00:00,2020-04-06 00:00:00+00:00,2.0504166666666666,50205.5275,46208.965,14632.950208333334,4574.392291666667,10032.533958333333,29239.876458333336,24,6.859999999999999
2020-04-06,2020,4,6,97,0,0.9967506498213928,-0.0805490042187416,0.0,1.0,0,weekday,2020-04-06 00:00:00+00:00,2020-04-07 00:00:00+00:00,18.745,52109.22458333333,56162.19895833333,11067.232604166667,4314.016666666666,10005.346458333333,25386.595729166667,24,6.8
2020-04-07,2020,4,7,98,1,0.9952176027737294,-0.0976827678217159,0.7818314824680298,0.6234898018587336,0,weekday,2020-04-07 00:00:00+00:00,2020-04-08 00:00:00+00:00,23.809166666666666,46676.52166666667,56549.94114583333,5293.948333333333,1233.4270833333333,9359.1184375,15886.493854166665,24,7.4
2020-04-08,2020,4,8,99,2,0.9933900548258936,-0.114787625522127,0.9749279121818236,-0.2225209339563143,0,weekday,2020-04-08 00:00:00+00:00,2020-04-09 00:00:00+00:00,26.775833333333335,46842.732500000006,55703.871875000004,4478.5353125,1276.3228125,9643.444375000001,15398.3025,24,7.3
2020-04-09,2020,4,9,100,3,0.9912685467787256,-0.1318585157173911,0.4338837391175582,-0.900968867902419,0,weekday,2020-04-09 00:00:00+00:00,2020-04-10 00:00:00+00:00,23.889166666666668,47187.68125,54905.91447916667,6228.752708333333,1550.3671875,8421.333645833334,16200.453541666668,24,7.475
2020-04-10,2020,4,10,101,4,0.9888537064205885,-0.1488903868564548,-0.433883739117558,-0.9009688679024191,1,holiday,2020-04-10 00:00:00+00:00,2020-04-11 00:00:00+00:00,23.160833333333333,41355.76583333333,45020.880208333336,2852.556458333333,256.53281250000003,9280.735416666666,12389.824687499999,24,7.28
2020-04-11,2020,4,11,102,5,0.986146248341595,-0.1658781989346314,-0.9749279121818236,-0.2225209339563146,0,weekend,2020-04-11 00:00:00+00:00,2020-04-12 00:00:00+00:00,20.767083333333336,41986.096666666665,44156.220624999994,2530.5507291666668,1385.8334375000002,9698.158020833334,13614.542187500001,24,7.28
2020-04-12,2020,4,12,103,6,0.98314697372215,-0.1828169249850199,-0.7818314824680299,0.6234898018587334,0,weekend,2020-04-12 00:00:00+00:00,2020-04-13 00:00:00+00:00,11.654166666666667,42843.215000000004,40399.71375,5766.714166666668,2235.743229166667,9168.47375,17170.931145833332,24,7.28
2020-04-13,2020,4,13,104,0,0.9798567700958664,-0.1997015525660636,0.0,1.0,1,holiday,2020-04-13 00:00:00+00:00,2020-04-14 00:00:00+00:00,-16.0475,53537.737499999996,44597.486770833326,19252.001874999998,6199.741562499999,6727.844270833334,32179.587708333333,24,7.28
2020-04-14,2020,4,14,105,1,0.976276611086932,-0.2165270852448143,0.7818314824680298,0.6234898018587336,0,weekday,2020-04-14 00:00:00+00:00,2020-04-15 00:00:00+00:00,21.202083333333334,46976.54666666667,55119.40625,10663.647083333333,3660.4439583333333,8277.427291666667,22601.51833333333,24,7.175
2020-04-15,2020,4,15,106,2,0.9724075561219968,-0.2332885440754551,0.9749279121818236,-0.2225209339563143,0,weekday,2020-04-15 00:00:00+00:00,2020-04-16 00:00:00+00:00,20.409583333333334,49517.926666666666,54678.685,10745.554791666667,4061.8563541666667,10090.586458333333,24897.997604166667,24,6.825
2020-04-16,2020,4,16,107,3,0.9682507501166718,-0.2499809690726521,0.4338837391175582,-0.900968867902419,0,weekday,2020-04-16 00:00:00+00:00,2020-04-17 00:00:00+00:00,25.5475,44172.89333333333,53812.4140625,6045.501979166667,1476.4627083333335,9540.256770833334,17062.221458333333,24,6.98
2020-04-17,2020,4,17,108,4,0.9638074231367308,-0.2665994206792935,-0.433883739117558,-0.9009688679024191,0,weekday,2020-04-17 00:00:00+00:00,2020-04-18 00:00:00+00:00,27.883750000000003,42041.41541666666,53021.76270833333,3381.8434375,739.8551041666666,9509.334479166666,13631.033020833333,24,7.18
2020-04-18,2020,4,18,109,5,0.9590788900341132,-0.2831389812281835,-0.9749279121818236,-0.2225209339563146,0,weekend,2020-04-18 00:00:00+00:00,2020-04-19 00:00:00+00:00,19.849999999999998,40274.54875,45081.284791666665,6740.991979166666,2822.911770833334,8098.409270833334,17662.313020833335,24,6.995
2020-04-19,2020,4,19,110,6,0.9540665500578388,-0.2995947563972602,-0.7818314824680299,0.6234898018587334,0,weekend,2020-04-19 00:00:00+00:00,2020-04-20 00:00:00+00:00,6.607916666666667,45369.68541666667,41979.140625,12965.881354166666,2920.8555208333332,8838.777083333332,24725.513958333333,24,6.865
2020-04-20,2020,4,20,111,0,0.9487718864399473,-0.3159618766579029,0.0,1.0,0,weekday,2020-04-20 00:00:00+00:00,2020-04-21 00:00:00+00:00,2.6741666666666664,58769.69041666667,53461.83677083333,23040.7721875,3801.3250000000003,10411.690416666666,37253.78760416667,24,6.735
2020-04-21,2020,4,21,112,1,0.9431964659565866,-0.3322354987159043,0.7818314824680298,0.6234898018587336,0,weekday,2020-04-21 00:00:00+00:00,2020-04-22 00:00:00+00:00,-16.197916666666668,62760.97458333333,54363.77833333333,25814.129270833335,5147.295520833333,10779.864791666667,41741.28958333333,24,6.6
2020-04-22,2020,4,22,113,2,0.9373419384643772,-0.3484108069446808,0.9749279121818236,-0.2225209339563143,0,weekday,2020-04-22 00:00:00+00:00,2020-04-23 00:00:00+00:00,9.22125,56261.34583333333,55347.63416666666,19156.118854166667,4467.1987500000005,10935.188229166668,34558.505833333336,24,6.125
2020-04-23,2020,4,23,114,3,0.9312100364121948,-0.3644830148102912,0.4338837391175582,-0.900968867902419,0,weekday,2020-04-23 00:00:00+00:00,2020-04-24 00:00:00+00:00,28.2375,44471.47833333333,55293.652708333335,4816.052395833333,921.9291666666667,10933.698020833333,16671.679583333334,24,6.15
2020-04-24,2020,4,24,115,4,0.9248025743285088,-0.3804473662878516,-0.433883739117558,-0.9009688679024191,0,weekday,2020-04-24 00:00:00+00:00,2020-04-25 00:00:00+00:00,19.778333333333332,48651.05625,53996.911458333336,11637.863020833334,3503.096145833333,9335.218020833334,24476.177187499998,24,5.83
2020-04-25,2020,4,25,116,5,0.9181214482844364,-0.3962991372689181,-0.9749279121818236,-0.2225209339563146,0,weekend,2020-04-25 00:00:00+00:00,2020-04-26 00:00:00+00:00,17.84958333333333,38780.918750000004,45855.98510416667,5976.681145833333,1218.0598958333333,9222.528020833333,16417.2690625,24,5.77
2020-04-26,2020,4,26,117,6,0.9111686353326632,-0.4120336369594263,-0.7818314824680299,0.6234898018587334,0,weekend,2020-04-26 00:00:00+00:00,2020-04-27 00:00:00+00:00,18.979166666666668,35051.105833333335,43528.42270833333,1507.8532291666668,386.4998958333333,9998.176875,11892.529999999999,24,5.797499999999999
2020-04-27,2020,4,27,118,0,0.9039461929224012,-0.4276462092677746,0.0,1.0,0,weekday,2020-04-27 00:00:00+00:00,2020-04-28 00:00:00+00:00,25.828333333333333,43720.951250000006,54209.71156250001,2573.0507291666668,1024.6776041666667,9564.955416666666,13162.683749999998,24,5.825
2020-04-28,2020,4,28,119,1,0.8964562582905575,-0.4431322341826345,0.7818314824680298,0.6234898018587336,0,weekday,2020-04-28 00:00:00+00:00,2020-04-29 00:00:00+00:00,24.94333333333333,45472.60208333333,55835.51770833333,5525.8455208333335,646.8621875,6248.343333333333,12421.051041666666,24,5.975
2020-04-29,2020,4,29,120,2,0.8887010478292915,-0.4584871291400876,0.9749279121818236,-0.2225209339563143,0,weekday,2020-04-29 00:00:00+00:00,2020-04-30 00:00:00+00:00,23.020833333333332,46136.55541666667,55363.57833333334,9220.058125,1521.8863541666667,5335.654375,16077.598854166667,24,6.015
2020-04-30,2020,4,30,121,3,0.8806828564301475,-0.47370635037968,0.4338837391175582,-0.900968867902419,0,weekday,2020-04-30 00:00:00+00:00,2020-05-01 00:00:00+00:00,19.420833333333334,48880.486666666664,55183.805625,14259.9896875,3846.1607291666664,5205.8425,23311.992916666666,24,6.325
2020-05-01,2020,5,1,122,4,0.8724040568049612,-0.4887853942889926,-0.433883739117558,-0.9009688679024191,1,holiday,2020-05-01 00:00:00+00:00,2020-05-02 00:00:00+00:00,7.208749999999999,45170.67041666667,45751.2815625,15013.415833333333,2944.127916666667,6839.421145833333,24796.96489583333,24,6.2
2020-05-02,2020,5,2,123,5,0.8638670987837349,-0.503719798736334,-0.9749279121818236,-0.2225209339563146,0,weekend,2020-05-02 00:00:00+00:00,2020-05-03 00:00:00+00:00,13.034166666666666,42647.712916666664,46954.9,13698.210833333333,1164.049375,6835.696770833333,21697.95697916667,24,5.845
2020-05-03,2020,5,3,124,6,0.8550745085896932,-0.518505144391157,-0.7818314824680299,0.6234898018587334,0,weekend,2020-05-03 00:00:00+00:00,2020-05-04 00:00:00+00:00,14.636249999999999,35577.120833333334,43697.28916666666,5761.1251041666665,893.1552083333332,8062.097291666666,14716.377604166666,24,5.8725000000000005
2020-05-04,2020,5,4,125,0,0.8460288880917339,-0.533137056031809,0.0,1.0,0,weekday,2020-05-04 00:00:00+00:00,2020-05-05 00:00:00+00:00,26.214166666666667,43677.285416666666,54583.730625,5983.461875,1985.9034375,6108.374374999999,14077.7396875,24,5.9
2020-05-05,2020,5,5,126,1,0.8367329140344921,-0.5476112038402312,0.7818314824680298,0.6234898018587336,0,weekday,2020-05-05 00:00:00+00:00,2020-05-06 00:00:00+00:00,22.01125,48266.37125,55243.174687499995,8505.572395833333,1587.4065625,9187.362291666666,19280.34125,24,5.85
2020-05-06,2020,5,6,127,2,0.8271893372462497,-0.5619233046832195,0.9749279121818236,-0.2225209339563143,0,weekday,2020-05-06 00:00:00+00:00,2020-05-07 00:00:00+00:00,21.511666666666667,49933.03375,55278.221770833334,8738.413958333333,2144.185729166667,10688.844166666668,21571.443854166664,24,5.74
2020-05-07,2020,5,7,128,3,0.8174009818249189,-0.5760691233798758,0.4338837391175582,-0.900968867902419,0,weekday,2020-05-07 00:00:00+00:00,2020-05-08 00:00:00+00:00,24.107083333333335,46064.16208333333,54487.8384375,4260.9778125,1078.3746875,10613.714479166667,15953.066979166666,24,5.84
2020-05-08,2020,5,8,129,4,0.8073707443023492,-0.5900444739548627,-0.433883739117558,-0.9009688679024191,0,weekday,2020-05-08 00:00:00+00:00,2020-05-09 00:00:00+00:00,23.909583333333334,43127.17375,53324.72791666666,2017.4673958333333,1140.6883333333333,9776.100937500001,12934.256666666666,24,5.83
2020-05-09,2020,5,9,130,5,0.7971015927871943,-0.6038452208771035,-0.9749279121818236,-0.2225209339563146,0,weekend,2020-05-09 00:00:00+00:00,2020-05-10 00:00:00+00:00,22.04041666666667,35350.7425,45736.552083333336,2686.1441666666665,145.60145833333334,8056.2846875,10888.030312500001,24,5.83
2020-05-10,2020,5,10,131,6,0.7865965660866021,-0.6174672802835514,-0.7818314824680299,0.6234898018587334,0,weekend,2020-05-10 00:00:00+00:00,2020-05-11 00:00:00+00:00,11.425416666666665,39134.05583333333,42609.769583333335,8403.785208333333,3802.463333333333,6785.928333333333,18992.176875,24,5.765000000000001
2020-05-11,2020,5,11,132,0,0.7758587728069828,-0.6309066211876704,0.0,1.0,0,weekday,2020-05-11 00:00:00+00:00,2020-05-12 00:00:00+00:00,15.500833333333333,50774.182499999995,53404.441041666665,20040.5284375,4888.3875,3716.415104166667,28645.331041666668,24,5.7
2020-05-12,2020,5,12,133,1,0.7648913904341225,-0.6441592666722685,0.7818314824680298,0.6234898018587336,0,weekday,2020-05-12 00:00:00+00:00,2020-05-13 00:00:00+00:00,22.573333333333334,49570.67833333334,55421.746041666665,9688.366979166667,3551.1823958333334,8683.761770833333,21923.311145833333,24,5.575
2020-05-13,2020,5,13,134,2,0.753697664392914,-0.6572212950663319,0.9749279121818236,-0.2225209339563143,0,weekday,2020-05-13 00:00:00+00:00,2020-05-14 00:00:00+00:00,29.50583333333333,47667.166666666664,55593.24729166667,4250.847291666667,2278.4275000000002,6616.3634375,13145.638229166667,24,5.375
2020-05-14,2020,5,14,135,3,0.742280907086982,-0.6700888411055113,0.4338837391175582,-0.900968867902419,0,weekday,2020-05-14 00:00:00+00:00,2020-05-15 00:00:00+00:00,22.945833333333336,48695.40708333333,55180.09270833334,6750.6903125,1382.9489583333334,7289.1684375,15422.807708333334,24,5.175
2020-05-15,2020,5,15,136,4,0.7306444969184916,-0.6827580970759147,-0.433883739117558,-0.9009688679024191,0,weekday,2020-05-15 00:00:00+00:00,2020-05-16 00:00:00+00:00,21.273333333333333,48797.40083333334,53431.93260416667,8294.934166666668,3378.0,7670.508958333333,19343.443125,24,5.4
2020-05-16,2020,5,16,137,5,0.7187918772884232,-0.6952253139408722,-0.9749279121818236,-0.2225209339563146,0,weekend,2020-05-16 00:00:00+00:00,2020-05-17 00:00:00+00:00,17.039166666666667,45319.03666666666,45962.003958333335,8643.246041666667,3767.2916666666665,8819.660833333333,21230.19854166667,24,5.22
2020-05-17,2020,5,17,138,6,0.7067265555776158,-0.7074868024503348,-0.7818314824680299,0.6234898018587334,0,weekend,2020-05-17 00:00:00+00:00,2020-05-18 00:00:00+00:00,9.442083333333333,46112.887500000004,42816.777604166666,9852.779791666666,4726.489895833333,9865.146770833333,24444.416458333333,24,5.25
2020-05-18,2020,5,18,139,0,0.6944521021088763,-0.719538934232584,0.0,1.0,0,weekday,2020-05-18 00:00:00+00:00,2020-05-19 00:00:00+00:00,19.850416666666664,49964.137083333335,54599.910833333335,8705.532916666667,4199.968020833333,9174.9815625,22080.4825,24,5.28
2020-05-19,2020,5,19,140,1,0.6819721490904629,-0.7313781428679254,0.7818314824680298,0.6234898018587336,0,weekday,2020-05-19 00:00:00+00:00,2020-05-20 00:00:00+00:00,24.366249999999997,47390.9675,55021.019166666665,6053.680729166666,1617.6947916666668,8465.393229166666,16136.768750000001,24,4.775
2020-05-20,2020,5,20,141,2,0.6692903895412567,-0.7430009249440493,0.9749279121818236,-0.2225209339563143,0,weekday,2020-05-20 00:00:00+00:00,2020-05-21 00:00:00+00:00,32.47958333333333,43341.695,54207.7671875,2072.4321875,104.28114583333333,7947.303645833334,10124.016979166667,24,4.75
2020-05-21,2020,5,21,142,3,0.6564105761979381,-0.7544038410927472,0.4338837391175582,-0.900968867902419,1,holiday,2020-05-21 00:00:00+00:00,2020-05-22 00:00:00+00:00,19.454166666666666,40630.4575,43982.684687500005,3032.527708333333,1032.6433333333332,10398.6053125,14463.776354166666,24,3.965
2020-05-22,2020,5,22,143,4,0.6433365204044917,-0.765583517007675,-0.433883739117558,-0.9009688679024191,0,weekday,2020-05-22 00:00:00+00:00,2020-05-23 00:00:00+00:00,18.449166666666667,45555.401249999995,52210.5846875,8599.732291666667,4193.996666666667,6594.902395833334,19388.631354166668,24,3.75
2020-05-23,2020,5,23,144,5,0.6300720909843687,-0.7765366444428655,-0.9749279121818236,-0.2225209339563146,0,weekend,2020-05-23 00:00:00+00:00,2020-05-24 00:00:00+00:00,9.12625,44120.91166666666,46526.706458333334,12681.229583333334,5302.758125,4576.8759375,22560.863645833335,24,3.89
2020-05-24,2020,5,24,145,6,0.6166212130956382,-0.7872599821916922,-0.7818314824680299,0.6234898018587334,0,weekend,2020-05-24 00:00:00+00:00,2020-05-25 00:00:00+00:00,-24.640833333333333,50391.9425,43001.36822916667,19353.4896875,5555.955729166667,7712.346979166668,32621.79239583333,24,4.043333333333333
2020-05-25,2020,5,25,146,0,0.6029878670694714,-0.7977503570459932,0.0,1.0,0,weekday,2020-05-25 00:00:00+00:00,2020-05-26 00:00:00+00:00,19.536666666666665,52181.49875,54204.3628125,12975.596875000001,2697.913125,7128.041145833333,22801.551145833335,24,4.196666666666666
2020-05-26,2020,5,26,147,1,0.5891760872322963,-0.8080046647350754,0.7818314824680298,0.6234898018587336,0,weekday,2020-05-26 00:00:00+00:00,2020-05-27 00:00:00+00:00,27.7775,47677.45166666667,54518.30510416667,1781.4596875,163.69947916666666,9915.515729166667,11860.674895833334,24,4.35
2020-05-27,2020,5,27,148,2,0.5751899607119775,-0.8180198708443174,0.9749279121818236,-0.2225209339563143,0,weekday,2020-05-27 00:00:00+00:00,2020-05-28 00:00:00+00:00,22.572083333333335,48152.38291666666,53862.685,4981.1621875,1298.5161458333334,10250.573854166667,16530.2521875,24,3.8
2020-05-28,2020,5,28,149,3,0.5610336262283677,-0.8277930117131022,0.4338837391175582,-0.900968867902419,0,weekday,2020-05-28 00:00:00+00:00,2020-05-29 00:00:00+00:00,20.685416666666665,50765.07083333333,53769.24270833333,9047.905833333332,1211.4312499999999,10339.488020833332,20598.825104166666,24,3.7
2020-05-29,2020,5,29,150,4,0.5467112728685939,-0.8373211953118121,-0.433883739117558,-0.9009688679024191,0,weekday,2020-05-29 00:00:00+00:00,2020-05-30 00:00:00+00:00,22.582083333333333,46321.356250000004,52375.02614583333,4893.825,511.2625,10521.045416666666,15926.132916666667,24,4.425
2020-05-30,2020,5,30,151,5,0.5322271388474397,-0.8466016020976267,-0.9749279121818236,-0.2225209339563146,0,weekend,2020-05-30 00:00:00+00:00,2020-05-31 00:00:00+00:00,12.132916666666667,42440.41416666666,45459.6228125,8501.225208333333,1219.4577083333334,9375.073958333332,19095.756875,24,4.385
2020-05-31,2020,5,31,152,6,0.5175855102531889,-0.8556314858488706,-0.7818314824680299,0.6234898018587334,0,weekend,2020-05-31 00:00:00+00:00,2020-06-01 00:00:00+00:00,1.456666666666667,43962.576250000006,40256.951145833336,11416.6121875,2419.5513541666664,8781.445416666667,22617.608958333334,24,4.2425
2020-06-01,2020,6,1,153,0,0.5027907197793043,-0.8644081744776648,0.0,1.0,1,holiday,2020-06-01 00:00:00+00:00,2020-06-02 00:00:00+00:00,6.895416666666667,45243.28875,42650.994375,7766.122083333333,2119.8523958333335,11583.733333333332,21469.7078125,24,4.1
2020-06-02,2020,6,2,154,1,0.4878471454423119,-0.8729290708206411,0.7818314824680298,0.6234898018587336,0,weekday,2020-06-02 00:00:00+00:00,2020-06-03 00:00:00+00:00,29.471666666666668,47554.22083333333,52900.75718750001,3170.4142708333334,712.9177083333334,11444.0946875,15327.426666666666,24,4.37
2020-06-03,2020,6,3,155,2,0.4727592092862775,-0.881191653407483,0.9749279121818236,-0.2225209339563143,0,weekday,2020-06-03 00:00:00+00:00,2020-06-04 00:00:00+00:00,28.736666666666665,49950.92166666667,53378.24208333334,3294.4021875,3223.586458333333,9677.891041666668,16195.879687499999,24,5.15
2020-06-04,2020,6,4,156,3,0.4575313760742512,-0.8891934772070711,0.4338837391175582,-0.900968867902419,0,weekday,2020-06-04 00:00:00+00:00,2020-06-05 00:00:00+00:00,26.36708333333333,49909.057499999995,54512.13125,7945.4728125,4004.3619791666665,5119.160208333334,17068.995,24,4.975
2020-06-05,2020,6,5,157,4,0.442168151967072,-0.8969321743510065,-0.433883739117558,-0.9009688679024191,0,weekday,2020-06-05 00:00:00+00:00,2020-06-06 00:00:00+00:00,23.50125,52133.81625,53923.79979166667,14029.15625,2325.6208333333334,6304.089479166666,22658.8665625,24,5.35
2020-06-06,2020,6,6,158,5,0.4266740831899246,-0.9044054548343,-0.9749279121818236,-0.2225209339563146,0,weekend,2020-06-06 00:00:00+00:00,2020-06-07 00:00:00+00:00,8.062083333333334,50577.07916666666,46346.463125,17148.803645833334,4761.271979166667,6657.606145833332,28567.681770833336,24,5.71
2020-06-07,2020,6,7,159,6,0.4110537546870351,-0.911611107193024,-0.7818314824680299,0.6234898018587334,0,weekend,2020-06-07 00:00:00+00:00,2020-06-08 00:00:00+00:00,18.22125,40923.92041666667,42831.483125,9694.833958333335,1502.904375,6736.590833333333,17934.329166666666,24,5.654999999999999
2020-06-08,2020,6,8,160,0,0.3953117887649151,-0.9185469991587164,0.0,1.0,0,weekday,2020-06-08 00:00:00+00:00,2020-06-09 00:00:00+00:00,31.72458333333333,46605.918750000004,53852.99333333334,2045.4195833333333,874.2304166666667,8051.547916666666,10971.197916666666,24,5.6
2020-06-09,2020,6,9,161,1,0.3794528437245443,-0.925211078289358,0.7818314824680298,0.6234898018587336,0,weekday,2020-06-09 00:00:00+00:00,2020-06-10 00:00:00+00:00,36.67166666666667,49237.902916666666,54157.52416666667,3512.8487499999997,131.6240625,5617.070104166666,9261.542916666667,24,5.275
2020-06-10,2020,6,10,162,2,0.3634816124829063,-0.9316013725767188,0.9749279121818236,-0.2225209339563143,0,weekday,2020-06-10 00:00:00+00:00,2020-06-11 00:00:00+00:00,31.45625,49056.36208333333,53888.150625,5248.526770833333,1419.92125,4993.763229166667,11662.21125,24,4.7
2020-06-11,2020,6,11,163,3,0.3474028211842774,-0.9377159910299092,0.4338837391175582,-0.900968867902419,0,weekday,2020-06-11 00:00:00+00:00,2020-06-12 00:00:00+00:00,23.75375,46990.329999999994,46886.19114583333,4962.538333333333,4398.957708333333,5771.4627083333335,15132.95875,24,4.775
2020-06-12,2020,6,12,164,4,0.3312212278016865,-0.9435531242349544,-0.433883739117558,-0.9009688679024191,0,weekday,2020-06-12 00:00:00+00:00,2020-06-13 00:00:00+00:00,20.989583333333332,50744.807499999995,50895.25041666667,7345.788541666666,3895.7706249999997,10522.544895833335,21764.1040625,24,5.15
2020-06-13,2020,6,13,165,5,0.3149416207289519,-0.9491110448902284,-0.9749279121818236,-0.2225209339563146,0,weekend,2020-06-13 00:00:00+00:00,2020-06-14 00:00:00+00:00,19.706666666666667,44351.231250000004,45802.099687500006,7258.4669791666665,4393.4728125,9090.269583333333,20742.209375000002,24,5.275
2020-06-14,2020,6,14,166,6,0.2985688173637202,-0.9543881083175908,-0.7818314824680299,0.6234898018587334,0,weekend,2020-06-14 00:00:00+00:00,2020-06-15 00:00:00+00:00,19.05375,42382.15666666667,42708.64791666667,10572.712291666667,3524.0959375,4465.710625,18562.51885416667,24,5.362500000000001
2020-06-15,2020,6,15,167,0,0.2821076626819194,-0.9593827529490744,0.0,1.0,0,weekday,2020-06-15 00:00:00+00:00,2020-06-16 00:00:00+00:00,31.77,48775.09625,53223.60020833334,4903.3654166666665,1548.6499999999999,5903.461875,12355.477291666668,24,5.45
2020-06-16,2020,6,16,168,1,0.2655630278040559,-0.9640935007889756,0.7818314824680298,0.6234898018587336,0,weekday,2020-06-16 00:00:00+00:00,2020-06-17 00:00:00+00:00,34.535000000000004,47065.15791666667,54203.316354166665,1267.1592708333333,281.3157291666667,6091.609791666667,7640.084791666667,24,5.55
2020-06-17,2020,6,17,169,2,0.2489398085537665,-0.9685189578512204,0.9749279121818236,-0.2225209339563143,0,weekday,2020-06-17 00:00:00+00:00,2020-06-18 00:00:00+00:00,37.045833333333334,49619.05541666667,53935.35791666667,2025.1047916666666,560.8453125,7377.408541666667,9963.358645833334,24,5.2
2020-06-18,2020,6,18,170,3,0.2322429240090701,-0.9726578145718654,0.4338837391175582,-0.900968867902419,0,weekday,2020-06-18 00:00:00+00:00,2020-06-19 00:00:00+00:00,31.964583333333334,51023.99625,54767.0178125,4902.0060416666665,1275.9737499999999,5779.754583333332,11957.734375,24,5.425
2020-06-19,2020,6,19,171,4,0.2154773150467301,-0.976508846196619,-0.433883739117558,-0.9009688679024191,0,weekday,2020-06-19 00:00:00+00:00,2020-06-20 00:00:00+00:00,29.9525,47626.29416666667,54752.27989583334,6757.226770833334,621.3455208333334,6353.161770833333,13731.7340625,24,5.55
2020-06-20,2020,6,20,172,5,0.1986479428801711,-0.9800709131432666,-0.9749279121818236,-0.2225209339563146,0,weekend,2020-06-20 00:00:00+00:00,2020-06-21 00:00:00+00:00,24.38083333333333,42147.230416666665,46228.144166666665,9333.048020833334,775.7439583333334,7556.045833333334,17664.837812499998,24,5.615
2020-06-21,2020,6,21,173,6,0.1817597875913753,-0.9833429613388902,-0.7818314824680299,0.6234898018587334,0,weekend,2020-06-21 00:00:00+00:00,2020-06-22 00:00:00+00:00,19.22041666666667,37631.736666666664,43178.301145833335,4315.9165625,981.6035416666667,9305.854583333334,14603.3746875,24,5.532500000000001
2020-06-22,2020,6,22,174,0,0.1648178466571979,-0.9863240225317866,0.0,1.0,0,weekday,2020-06-22 00:00:00+00:00,2020-06-23 00:00:00+00:00,30.206666666666667,49202.27708333333,53321.964375,6699.257291666666,1053.8802083333333,9484.862083333333,17237.999583333334,24,5.45
2020-06-23,2020,6,23,175,1,0.1478271334705304,-0.9890132145779884,0.7818314824680298,0.6234898018587336,0,weekday,2020-06-23 00:00:00+00:00,2020-06-24 00:00:00+00:00,33.21583333333333,50168.31416666667,53346.89677083333,3318.2083333333335,586.2620833333333,11583.267083333332,15487.737500000001,24,5.7
2020-06-24,2020,6,24,176,2,0.1307926758567592,-0.9914097417023038,0.9749279121818236,-0.2225209339563143,0,weekday,2020-06-24 00:00:00+00:00,2020-06-25 00:00:00+00:00,35.50541666666667,52067.69375,54117.59010416667,4598.9446875,730.5837499999999,11416.8515625,16746.38,24,5.825
2020-06-25,2020,6,25,177,3,0.1137195145859496,-0.9935128947338008,0.4338837391175582,-0.900968867902419,0,weekday,2020-06-25 00:00:00+00:00,2020-06-26 00:00:00+00:00,34.754583333333336,54931.293333333335,54734.56312500001,7445.094270833334,2305.5779166666666,9734.633854166666,19485.306041666667,24,5.425
2020-06-26,2020,6,26,178,4,0.0966127018812031,-0.9953220513156602,-0.433883739117558,-0.9009688679024191,0,weekday,2020-06-26 00:00:00+00:00,2020-06-27 00:00:00+00:00,35.16625,51247.69458333333,53242.54145833334,4837.8565625,2065.4930208333335,10778.246979166666,17681.5965625,24,5.065
2020-06-27,2020,6,27,179,5,0.0794772999236209,-0.9968366760893436,-0.9749279121818236,-0.2225209339563146,0,weekend,2020-06-27 00:00:00+00:00,2020-06-28 00:00:00+00:00,26.13,42661.323333333334,45617.058958333335,6008.499375,1300.4926041666668,8869.41,16178.401979166667,24,5.105
2020-06-28,2020,6,28,180,6,0.062318379354325,-0.998056320853012,-0.7818314824680299,0.6234898018587334,0,weekend,2020-06-28 00:00:00+00:00,2020-06-29 00:00:00+00:00,17.260833333333334,42422.11791666666,42194.74229166667,8963.6540625,3362.9565625,7116.982291666667,19443.592916666665,24,5.2525
2020-06-29,2020,6,29,181,0,0.0451410177739719,-0.998980624694158,0.0,1.0,0,weekday,2020-06-29 00:00:00+00:00,2020-06-30 00:00:00+00:00,27.914583333333336,52799.07541666667,52920.85166666666,11743.831458333334,3865.7158333333336,7685.622812499999,23295.170104166667,24,5.4
2020-06-30,2020,6,30,182,1,0.0279502982402103,-0.999609314096404,0.7818314824680298,0.6234898018587336,0,weekday,2020-06-30 00:00:00+00:00,2020-07-01 00:00:00+00:00,18.72041666666667,61293.37375,54760.034479166665,21858.09375,4768.1115625,8008.277395833334,34634.48270833333,24,6.105
2020-07-01,2020,7,1,183,2,0.0107513077635219,-0.9999422030204416,0.9749279121818236,-0.2225209339563143,0,weekday,2020-07-01 00:00:00+00:00,2020-07-02 00:00:00+00:00,33.16916666666666,53137.838749999995,54516.12354166667,12567.4925,2220.1998958333334,7896.086145833334,22683.77854166667,24,5.95
2020-07-02,2020,7,2,184,3,-0.0064508641981051,-0.9999791929590824,0.4338837391175582,-0.900968867902419,0,weekday,2020-07-02 00:00:00+00:00,2020-07-03 00:00:00+00:00,39.54708333333333,48861.12875,54526.87864583333,7045.357395833334,743.6013541666666,7704.1590625,15493.1178125,24,5.765
2020-07-03,2020,7,3,185,4,-0.0236511272452315,-0.9997202729664084,-0.433883739117558,-0.9009688679024191,0,weekday,2020-07-03 00:00:00+00:00,2020-07-04 00:00:00+00:00,34.175000000000004,49884.275416666664,53533.69354166667,7812.424791666667,2233.1369791666666,8772.0115625,18817.573333333334,24,5.945
2020-07-04,2020,7,4,186,5,-0.0408443915432961,-0.9991655196610107,-0.9749279121818236,-0.2225209339563146,0,weekend,2020-07-04 00:00:00+00:00,2020-07-05 00:00:00+00:00,13.945833333333333,52173.75,46112.106770833336,19140.6428125,4872.075208333334,7654.725104166667,31667.443125,24,6.011666666666667
2020-07-05,2020,7,5,187,6,-0.0580255693287803,-0.9983150972033183,-0.7818314824680299,0.6234898018587334,0,weekend,2020-07-05 00:00:00+00:00,2020-07-06 00:00:00+00:00,-14.45125,52803.732083333336,42686.75791666666,24838.254791666666,3923.3114583333336,5871.244895833333,34632.81114583334,24,6.078333333333333
2020-07-06,2020,7,6,188,0,-0.0751895764147585,-0.9971692572470178,0.0,1.0,0,weekday,2020-07-06 00:00:00+00:00,2020-07-07 00:00:00+00:00,15.761249999999999,59470.2175,53310.68260416667,23068.687291666665,5371.523645833334,8448.371041666667,36888.581979166665,24,6.145
2020-07-07,2020,7,7,189,1,-0.0923313336953912,-0.9957283388645872,0.7818314824680298,0.6234898018587336,0,weekday,2020-07-07 00:00:00+00:00,2020-07-08 00:00:00+00:00,32.40333333333333,51872.57166666666,54083.5325,9101.275416666665,3467.529479166667,9648.698125,22217.503020833334,24,6.13
2020-07-08,2020,7,8,190,2,-0.1094457686489155,-0.993992768446958,0.9749279121818236,-0.2225209339563143,0,weekday,2020-07-08 00:00:00+00:00,2020-07-09 00:00:00+00:00,41.79958333333334,46096.78833333333,55431.38260416667,4601.549270833333,1077.2869791666667,6348.052812499999,12026.8890625,24,6.09
2020-07-09,2020,7,9,191,3,-0.1265278168386831,-0.9919630595773395,0.4338837391175582,-0.900968867902419,0,weekday,2020-07-09 00:00:00+00:00,2020-07-10 00:00:00+00:00,42.48,46017.54,54581.50291666667,4867.853229166667,384.64927083333333,5919.302604166667,11171.805104166668,24,5.855
2020-07-10,2020,7,10,192,4,-0.1435724234118113,-0.9896398128792412,-0.433883739117558,-0.9009688679024191,0,weekday,2020-07-10 00:00:00+00:00,2020-07-11 00:00:00+00:00,36.34583333333333,49636.598750000005,54347.129687500004,9404.990416666667,1808.7610416666666,6962.699895833334,18176.451354166667,24,5.57
2020-07-11,2020,7,11,193,5,-0.1605745445949937,-0.9870237158387384,-0.9749279121818236,-0.2225209339563146,0,weekend,2020-07-11 00:00:00+00:00,2020-07-12 00:00:00+00:00,28.606666666666666,40786.8325,45431.55614583333,5373.76375,2224.5558333333333,8278.90625,15877.225833333336,24,5.475
2020-07-12,2020,7,12,194,6,-0.1775291491870349,-0.984115542601034,-0.7818314824680299,0.6234898018587334,0,weekend,2020-07-12 00:00:00+00:00,2020-07-13 00:00:00+00:00,24.587083333333336,39140.71875,42531.82916666667,3691.4221875000003,1337.9142708333334,10122.054479166667,15151.3909375,24,5.4975
2020-07-13,2020,7,13,195,0,-0.1944312200476619,-0.9809161537413774,0.0,1.0,0,weekday,2020-07-13 00:00:00+00:00,2020-07-14 00:00:00+00:00,34.692083333333336,44573.879583333335,53424.72864583333,2098.671041666667,890.0177083333333,10890.6128125,13879.301562499999,24,5.52
2020-07-14,2020,7,14,196,1,-0.2112757555821793,-0.9774264960104057,0.7818314824680298,0.6234898018587336,0,weekday,2020-07-14 00:00:00+00:00,2020-07-15 00:00:00+00:00,37.01,45797.93333333333,54805.340520833335,3954.7173958333333,1050.1903125000001,8336.7546875,13341.662395833335,24,5.16
2020-07-15,2020,7,15,197,2,-0.2280577712215198,-0.9736476020539838,0.9749279121818236,-0.2225209339563143,0,weekday,2020-07-15 00:00:00+00:00,2020-07-16 00:00:00+00:00,42.00291666666667,42333.5525,54936.410729166666,2529.0940625,257.65916666666664,4725.594375,7512.347604166666,24,5.35
2020-07-16,2020,7,16,198,3,-0.2447723008972595,-0.9695805901076308,0.4338837391175582,-0.900968867902419,0,weekday,2020-07-16 00:00:00+00:00,2020-07-17 00:00:00+00:00,44.6025,42799.69666666666,55416.50177083333,2570.174791666667,335.84375,4753.963645833333,7659.982187500001,24,5.09
2020-07-17,2020,7,17,199,4,-0.2614143985111562,-0.965226663665613,-0.433883739117558,-0.9009688679024191,0,weekday,2020-07-17 00:00:00+00:00,2020-07-18 00:00:00+00:00,37.64833333333333,45225.207916666666,53530.293125,1981.193125,245.90729166666665,7914.789375,10141.889791666666,24,5.16
2020-07-18,2020,7,18,200,5,-0.2779791393987801,-0.9605871111248128,-0.9749279121818236,-0.2225209339563146,0,weekend,2020-07-18 00:00:00+00:00,2020-07-19 00:00:00+00:00,28.97875,39267.64833333333,45160.5459375,909.8119791666667,746.523125,8950.479270833333,10606.814375,24,5.115
2020-07-19,2020,7,19,201,6,-0.2944616217868012,-0.9556633054034704,-0.7818314824680299,0.6234898018587334,0,weekend,2020-07-19 00:00:00+00:00,2020-07-20 00:00:00+00:00,27.81958333333333,38774.08625,41641.5328125,2059.225,758.0898958333333,9097.936354166666,11915.25125,24,5.032500000000001
2020-07-20,2020,7,20,202,0,-0.3108569682435036,-0.9504567035349152,0.0,1.0,0,weekday,2020-07-20 00:00:00+00:00,2020-07-21 00:00:00+00:00,33.08416666666667,47646.260416666664,53602.60770833333,5117.433958333334,1103.4064583333334,9132.386145833332,15353.2265625,24,4.95
2020-07-21,2020,7,21,203,1,-0.3271603271220951,-0.9449688462364056,0.7818314824680298,0.6234898018587336,0,weekday,2020-07-21 00:00:00+00:00,2020-07-22 00:00:00+00:00,31.924583333333334,49676.573333333334,54346.613645833335,4966.728020833333,1481.7121875,9998.216770833335,16446.656979166666,24,4.9
2020-07-22,2020,7,22,204,2,-0.343366873996388,-0.939201357453208,0.9749279121818236,-0.2225209339563143,0,weekday,2020-07-22 00:00:00+00:00,2020-07-23 00:00:00+00:00,34.84166666666667,48388.85,53959.60958333333,2887.7248958333334,832.3966666666666,10015.142708333333,13735.264270833335,24,4.82
2020-07-23,2020,7,23,205,3,-0.3594718130884232,-0.9331559438780432,0.4338837391175582,-0.900968867902419,0,weekday,2020-07-23 00:00:00+00:00,2020-07-24 00:00:00+00:00,35.44541666666667,48693.457916666666,53767.6421875,2387.765104166667,2134.725520833333,9661.632708333333,14184.123333333335,24,4.925
2020-07-24,2020,7,24,206,4,-0.3754703786876202,-0.9268343944460494,-0.433883739117558,-0.9009688679024191,0,weekday,2020-07-24 00:00:00+00:00,2020-07-25 00:00:00+00:00,31.58666666666667,48306.2175,52725.35999999999,6988.125729166667,1839.3862499999998,7269.880104166667,16097.392083333334,24,5.025
2020-07-25,2020,7,25,207,5,-0.3913578365610259,-0.9202385798054076,-0.9749279121818236,-0.2225209339563146,0,weekend,2020-07-25 00:00:00+00:00,2020-07-26 00:00:00+00:00,25.00125,41628.97875,44910.97572916667,4046.3529166666667,2281.395,8587.557083333333,14915.305,24,5.01
2020-07-26,2020,7,26,208,6,-0.4071294853542516,-0.9133704517637858,-0.7818314824680299,0.6234898018587334,0,weekend,2020-07-26 00:00:00+00:00,2020-07-27 00:00:00+00:00,13.402083333333332,45097.24333333334,42267.713854166665,11633.1540625,3366.3279166666666,6559.481041666666,21558.963020833333,24,4.98
2020-07-27,2020,7,27,209,0,-0.4227806579826773,-0.9062320427107696,0.0,1.0,0,weekday,2020-07-27 00:00:00+00:00,2020-07-28 00:00:00+00:00,31.895,48694.956666666665,53037.7775,6021.085520833333,3294.565,8289.616770833332,17605.267291666667,24,4.95
2020-07-28,2020,7,28,210,1,-0.4383067230125192,-0.898825465016444,0.7818314824680298,0.6234898018587336,0,weekday,2020-07-28 00:00:00+00:00,2020-07-29 00:00:00+00:00,23.702916666666667,56789.150416666664,54624.259375,14784.880104166667,5292.7853125,8528.638645833333,28606.3040625,24,4.775
2020-07-29,2020,7,29,211,2,-0.4537030860313442,-0.8911529104063088,0.9749279121818236,-0.2225209339563143,0,weekday,2020-07-29 00:00:00+00:00,2020-07-30 00:00:00+00:00,21.619583333333335,56855.82166666666,54111.77177083333,13270.395625,5385.425208333333,9671.603333333334,28327.424166666668,24,5.15
2020-07-30,2020,7,30,212,3,-0.4689651910076318,-0.8832166493127127,0.4338837391175582,-0.900968867902419,0,weekday,2020-07-30 00:00:00+00:00,2020-07-31 00:00:00+00:00,36.1175,48927.89000000001,53783.78187499999,4278.58375,1771.5213541666665,10701.675208333334,16751.7803125,24,5.19
2020-07-31,2020,7,31,213,4,-0.4840885216389758,-0.8750190302029955,-0.433883739117558,-0.9009688679024191,0,weekday,2020-07-31 00:00:00+00:00,2020-08-01 00:00:00+00:00,38.17333333333333,47733.87791666667,52469.40572916667,3095.3673958333334,1471.595625,11026.226770833333,15593.189791666666,24,6.0
2020-08-01,2020,8,1,214,5,-0.4990686026885319,-0.8665624788845385,-0.9749279121818236,-0.2225209339563146,0,weekend,2020-08-01 00:00:00+00:00,2020-08-02 00:00:00+00:00,28.500833333333333,43048.79666666667,44980.30583333334,5283.047604166667,2381.5441666666666,9441.0440625,17105.635833333334,24,6.025
2020-08-02,2020,8,2,215,6,-0.5139010013093103,-0.8578494977869301,-0.7818314824680299,0.6234898018587334,0,weekend,2020-08-02 00:00:00+00:00,2020-08-03 00:00:00+00:00,28.155416666666667,36851.37708333333,42189.22947916667,4714.774895833333,1480.934375,5485.362083333333,11681.071354166668,24,6.1775
2020-08-03,2020,8,3,216,0,-0.5285813283559292,-0.8488826652214553,0.0,1.0,0,weekday,2020-08-03 00:00:00+00:00,2020-08-04 00:00:00+00:00,37.192083333333336,42143.224583333336,52474.80291666667,2998.6570833333335,397.28197916666664,5779.046458333333,9174.985520833334,24,6.33
2020-08-04,2020,8,4,217,1,-0.5431052396834317,-0.8396646346181327,0.7818314824680298,0.6234898018587336,0,weekday,2020-08-04 00:00:00+00:00,2020-08-05 00:00:00+00:00,36.6675,44492.184166666666,53533.26364583333,2602.6115624999998,905.6910416666666,6377.764895833333,9886.0675,24,7.185
2020-08-05,2020,8,5,218,2,-0.5574684374327892,-0.8301981337405212,0.9749279121818236,-0.2225209339563143,0,weekday,2020-08-05 00:00:00+00:00,2020-08-06 00:00:00+00:00,29.49291666666667,51334.31791666666,52625.74208333334,4991.775416666666,3722.1141666666667,10190.03125,18903.920833333334,24,7.37
2020-08-06,2020,8,6,219,3,-0.5716666713027052,-0.8204859638785327,0.4338837391175582,-0.900968867902419,0,weekday,2020-08-06 00:00:00+00:00,2020-08-07 00:00:00+00:00,34.06791666666667,50566.699166666665,52388.13552083333,4212.2003125,1260.2485416666666,10827.796458333332,16300.245312500001,24,7.75
2020-08-07,2020,8,7,220,4,-0.5856957398073508,-0.8105309990194823,-0.433883739117558,-0.9009688679024191,0,weekday,2020-08-07 00:00:00+00:00,2020-08-08 00:00:00+00:00,36.461666666666666,48146.91583333333,51615.263750000006,3216.0388541666666,905.5920833333333,10470.197395833335,14591.828333333333,24,7.55
2020-08-08,2020,8,8,221,5,-0.5995514915196489,-0.8003361849976323,-0.9749279121818236,-0.2225209339563146,0,weekend,2020-08-08 00:00:00+00:00,2020-08-09 00:00:00+00:00,31.86583333333333,42734.8125,44567.415,2242.504895833333,577.5642708333334,10439.007291666667,13259.076458333335,24,7.93
2020-08-09,2020,8,9,222,6,-0.6132298262997502,-0.7899045386224707,-0.7818314824680299,0.6234898018587334,0,weekend,2020-08-09 00:00:00+00:00,2020-08-10 00:00:00+00:00,28.81041666666667,40922.25166666667,41894.95447916666,3536.91375,2172.2465625,9463.361145833334,15172.521458333335,24,8.105
2020-08-10,2020,8,10,223,0,-0.6267266965083301,-0.7792391467859886,0.0,1.0,0,weekday,2020-08-10 00:00:00+00:00,2020-08-11 00:00:00+00:00,37.76833333333334,50392.91583333333,52484.419062500005,4976.8025,2983.8039583333334,9041.945416666667,17002.551875,24,8.28
2020-08-11,2020,8,11,224,1,-0.6400381082043503,-0.7683431655492202,0.7818314824680298,0.6234898018587336,0,weekday,2020-08-11 00:00:00+00:00,2020-08-12 00:00:00+00:00,35.81916666666667,54232.98708333333,54052.52239583334,7998.136875,3580.1325,9104.428229166666,20682.697604166668,24,7.495
2020-08-12,2020,8,12,225,2,-0.65316012232693,-0.7572198192083127,0.9749279121818236,-0.2225209339563143,0,weekday,2020-08-12 00:00:00+00:00,2020-08-13 00:00:00+00:00,36.617916666666666,55192.66,55656.056875,7817.855416666666,4347.0451041666665,9543.194895833332,21708.095416666667,24,7.175
2020-08-13,2020,8,13,226,3,-0.666088855860977,-0.7458723993404063,0.4338837391175582,-0.900968867902419,0,weekday,2020-08-13 00:00:00+00:00,2020-08-14 00:00:00+00:00,39.03875,51111.56666666667,55686.55708333334,5409.442291666667,3136.7155208333334,7339.143229166667,15885.301041666666,24,7.4
2020-08-14,2020,8,14,227,4,-0.6788204829862355,-0.734304263829602,-0.433883739117558,-0.9009688679024191,0,weekday,2020-08-14 00:00:00+00:00,2020-08-15 00:00:00+00:00,41.29541666666667,44131.63083333333,54536.25166666667,2481.4088541666665,1347.9748958333332,5515.856666666667,9345.240416666666,24,7.45
2020-08-15,2020,8,15,228,5,-0.6913512362094071,-0.722518835873311,-0.9749279121818236,-0.2225209339563146,0,weekend,2020-08-15 00:00:00+00:00,2020-08-16 00:00:00+00:00,31.66333333333333,39536.07166666666,45867.74729166667,1769.5758333333333,1255.8098958333333,6498.5190625,9523.904791666666,24,8.02
2020-08-16,2020,8,16,229,6,-0.7036774074790128,-0.7105196029692745,-0.7818314824680299,0.6234898018587334,0,weekend,2020-08-16 00:00:00+00:00,2020-08-17 00:00:00+00:00,28.765416666666667,40780.89708333334,41680.495208333334,4227.755520833333,1074.9433333333334,9105.450520833334,14408.149375,24,8.14
2020-08-17,2020,8,17,230,0,-0.7157953492826642,-0.6983101158835584,0.0,1.0,0,weekday,2020-08-17 00:00:00+00:00,2020-08-18 00:00:00+00:00,41.04416666666666,46441.60958333334,52771.768125,4030.7214583333334,829.2467708333334,5938.141666666666,10798.109895833333,24,8.26
2020-08-18,2020,8,18,231,1,-0.7277014757264236,-0.6858939875998223,0.7818314824680298,0.6234898018587336,0,weekday,2020-08-18 00:00:00+00:00,2020-08-19 00:00:00+00:00,42.85041666666667,46651.34583333333,54641.27427083333,3021.2553125,543.1219791666666,6926.996458333334,10491.37375,24,8.225
2020-08-19,2020,8,19,232,2,-0.7393922635959241,-0.673274892250183,0.9749279121818236,-0.2225209339563143,0,weekday,2020-08-19 00:00:00+00:00,2020-08-20 00:00:00+00:00,38.108333333333334,47458.05291666667,54873.20354166667,2402.8725,1045.8143750000002,8563.731354166666,12012.418229166666,24,8.815
2020-08-20,2020,8,20,233,3,-0.7508642533989489,-0.6604565640279754,0.4338837391175582,-0.900968867902419,0,weekday,2020-08-20 00:00:00+00:00,2020-08-21 00:00:00+00:00,38.38791666666666,49890.557916666665,54962.830625,6332.760104166667,2413.1865625,7642.360833333333,16388.3075,24,8.325
2020-08-21,2020,8,21,234,4,-0.7621140503891487,-0.6474427960827475,-0.433883739117558,-0.9009688679024191,0,weekday,2020-08-21 00:00:00+00:00,2020-08-22 00:00:00+00:00,31.74791666666667,51969.92833333334,54260.642916666664,9265.6496875,4116.2032291666665,8007.999479166666,21389.852395833335,24,7.975
2020-08-22,2020,8,22,235,5,-0.7731383255706026,-0.6342374393978054,-0.9749279121818236,-0.2225209339563146,0,weekend,2020-08-22 00:00:00+00:00,2020-08-23 00:00:00+00:00,23.772916666666664,47086.05333333334,46341.40447916667,12522.853333333333,4683.257395833333,5422.435,22628.545729166668,24,7.62
2020-08-23,2020,8,23,236,6,-0.7839338166829201,-0.620844401650647,-0.7818314824680299,0.6234898018587334,0,weekend,2020-08-23 00:00:00+00:00,2020-08-24 00:00:00+00:00,16.8225,48086.59458333333,42806.21260416667,15307.331979166667,3511.4612500000003,6855.5990625,25674.392291666667,24,7.8725000000000005
2020-08-24,2020,8,24,237,0,-0.7944973291665992,-0.6072676460566135,0.0,1.0,0,weekday,2020-08-24 00:00:00+00:00,2020-08-25 00:00:00+00:00,46.15291666666667,48793.168333333335,54175.527916666666,7448.743750000001,634.8623958333334,5962.957604166667,14046.563750000001,24,8.125
2020-08-25,2020,8,25,238,1,-0.8048257371083452,-0.593511190196115,0.7818314824680298,0.6234898018587336,0,weekday,2020-08-25 00:00:00+00:00,2020-08-26 00:00:00+00:00,36.15291666666666,52958.02291666667,54822.63208333333,9983.257395833332,3125.8013541666664,6541.834895833334,19650.893645833334,24,8.36
2020-08-26,2020,8,26,239,2,-0.8149159841660791,-0.5795791048257612,0.9749279121818236,-0.2225209339563143,0,weekday,2020-08-26 00:00:00+00:00,2020-08-27 00:00:00+00:00,19.169999999999998,63804.97291666667,55818.414375,32506.545,5141.165416666667,5599.694583333334,43247.405,24,9.34
2020-08-27,2020,8,27,240,3,-0.8247650844733614,-0.5654755126737576,0.4338837391175582,-0.900968867902419,0,weekday,2020-08-27 00:00:00+00:00,2020-08-28 00:00:00+00:00,48.18375,52789.98416666667,55203.21135416667,11387.524166666668,2075.821145833333,6431.501354166667,19894.846666666668,24,9.25
2020-08-28,2020,8,28,241,4,-0.8343701235229538,-0.5512045872199277,-0.433883739117558,-0.9009688679024191,0,weekday,2020-08-28 00:00:00+00:00,2020-08-29 00:00:00+00:00,40.74666666666666,50407.09791666667,55357.403645833336,10926.110416666668,2710.7896875,5271.680729166666,18908.580833333333,24,11.125
2020-08-29,2020,8,29,242,5,-0.8437282590292712,-0.5367705514607103,-0.9749279121818236,-0.2225209339563146,0,weekend,2020-08-29 00:00:00+00:00,2020-08-30 00:00:00+00:00,35.905,40549.44,45337.48583333333,7589.998541666667,799.7595833333334,5222.185416666666,13611.943541666667,24,11.17
2020-08-30,2020,8,30,243,6,-0.8528367217694595,-0.522177676659508,-0.7818314824680299,0.6234898018587334,0,weekend,2020-08-30 00:00:00+00:00,2020-08-31 00:00:00+00:00,33.380833333333335,36540.905,42500.49333333333,3337.8821875,2162.8528125,3714.677291666667,9215.412291666666,24,11.205
2020-08-31,2020,8,31,244,0,-0.8616928164028522,-0.5074302810827518,0.0,1.0,0,weekday,2020-08-31 00:00:00+00:00,2020-09-01 00:00:00+00:00,55.138749999999995,46628.31666666667,53531.12489583334,3722.1440625,875.3639583333334,4964.775104166666,9562.283125,24,11.24
2020-09-01,2020,9,1,245,1,-0.8702939222685674,-0.4925327287220543,0.7818314824680298,0.6234898018587336,0,weekday,2020-09-01 00:00:00+00:00,2020-09-02 00:00:00+00:00,50.15291666666667,46918.2725,54559.43052083333,3009.083541666667,589.7322916666667,5241.6954166666665,8840.51125,24,11.2
2020-09-02,2020,9,2,246,2,-0.8786374941610001,-0.4774894280028391,0.9749279121818236,-0.2225209339563143,0,weekday,2020-09-02 00:00:00+00:00,2020-09-03 00:00:00+00:00,50.20875,47513.354583333334,54485.441354166665,2309.9019791666665,562.1504166666667,6668.780625,9540.833020833334,24,11.4
2020-09-03,2020,9,3,247,3,-0.886721063082993,-0.4623048304798108,0.4338837391175582,-0.900968867902419,0,weekday,2020-09-03 00:00:00+00:00,2020-09-04 00:00:00+00:00,39.42333333333333,54327.386666666665,54816.49833333333,10145.7271875,3186.8234374999997,6909.369374999999,20241.920000000002,24,11.515
2020-09-04,2020,9,4,248,4,-0.8945422369764496,-0.4469834295196741,-0.433883739117558,-0.9009688679024191,0,weekday,2020-09-04 00:00:00+00:00,2020-09-05 00:00:00+00:00,39.6025,51696.807916666665,53739.57093749999,10065.155312500001,3338.7304166666668,6613.285729166667,20017.171458333334,24,12.105
2020-09-05,2020,9,5,249,5,-0.9020987014301836,-0.4315297589714714,-0.9749279121818236,-0.2225209339563146,0,weekend,2020-09-05 00:00:00+00:00,2020-09-06 00:00:00+00:00,33.094166666666666,43735.70583333333,45935.60375,8691.281770833333,4329.973854166667,6081.080416666667,19102.336041666666,24,11.68
2020-09-06,2020,9,6,250,6,-0.9093882203647924,-0.4159483918249421,-0.7818314824680299,0.6234898018587334,0,weekend,2020-09-06 00:00:00+00:00,2020-09-07 00:00:00+00:00,35.12,37541.65833333333,42100.43864583333,5689.287604166667,1599.6295833333334,5728.9684375,13017.885625,24,11.586666666666666
2020-09-07,2020,9,7,251,0,-0.9164086366943458,-0.4002439388573056,0.0,1.0,0,weekday,2020-09-07 00:00:00+00:00,2020-09-08 00:00:00+00:00,43.48791666666667,47455.434166666666,53340.53375,4322.881770833334,2600.431145833333,7557.322916666667,14480.635833333334,24,11.493333333333334
2020-09-08,2020,9,8,252,1,-0.923157872964704,-0.3844210472688554,0.7818314824680298,0.6234898018587336,0,weekday,2020-09-08 00:00:00+00:00,2020-09-09 00:00:00+00:00,38.168749999999996,54964.11875,54636.653437500005,12231.678229166668,4072.3018749999997,7087.307291666667,23391.287395833333,24,11.4
2020-09-09,2020,9,9,253,2,-0.9296339319682696,-0.3684843993077793,0.9749279121818236,-0.2225209339563143,0,weekday,2020-09-09 00:00:00+00:00,2020-09-10 00:00:00+00:00,36.42583333333334,55046.447916666664,54426.35875000001,11574.778124999999,4899.893645833334,6511.982708333333,22986.654479166667,24,10.6
2020-09-10,2020,9,10,254,3,-0.935834897334994,-0.3524387108846032,0.4338837391175582,-0.900968867902419,0,weekday,2020-09-10 00:00:00+00:00,2020-09-11 00:00:00+00:00,48.74583333333334,50983.013750000006,54436.762395833335,4178.5403125,1907.694166666667,6366.338541666667,12452.573020833333,24,10.85
2020-09-11,2020,9,11,255,4,-0.9417589340994617,-0.3362887301766828,-0.433883739117558,-0.9009688679024191,0,weekday,2020-09-11 00:00:00+00:00,2020-09-12 00:00:00+00:00,47.78875,49355.13958333334,53518.31187499999,2235.679375,2584.601458333333,7679.844479166666,12500.1253125,24,10.4
2020-09-12,2020,9,12,256,5,-0.9474042892438844,-0.3200392362231385,-0.9749279121818236,-0.2225209339563146,0,weekend,2020-09-12 00:00:00+00:00,2020-09-13 00:00:00+00:00,31.595416666666665,45990.769583333335,45359.73458333333,8051.0763541666665,4259.316770833333,8146.052083333333,20456.445208333334,24,10.495
2020-09-13,2020,9,13,257,6,-0.9527692922168512,-0.3036950375106588,-0.7818314824680299,0.6234898018587334,0,weekend,2020-09-13 00:00:00+00:00,2020-09-14 00:00:00+00:00,20.571250000000003,43970.82916666666,42647.04520833333,7139.204687500001,4814.216875,8540.450208333334,20493.87177083333,24,10.61
2020-09-14,2020,9,14,258,0,-0.9578523554276668,-0.2872609705505963,0.0,1.0,0,weekday,2020-09-14 00:00:00+00:00,2020-09-15 00:00:00+00:00,54.04624999999999,48417.80875,53205.637604166666,3109.6473958333336,808.0305208333334,8483.894479166667,12401.572395833333,24,10.725
2020-09-15,2020,9,15,259,1,-0.9626519747161488,-0.2707418984477642,0.7818314824680298,0.6234898018587336,0,weekday,2020-09-15 00:00:00+00:00,2020-09-16 00:00:00+00:00,71.29416666666667,49177.267499999994,54617.6709375,2354.195833333333,195.86041666666665,8286.881770833334,10836.938020833333,24,10.85
2020-09-16,2020,9,16,260,2,-0.9671667297977312,-0.2541427094613622,0.9749279121818236,-0.2225209339563143,0,weekday,2020-09-16 00:00:00+00:00,2020-09-17 00:00:00+00:00,52.53583333333333,52625.58375,55024.63645833333,6320.008125,2807.2802083333336,7009.5884375,16136.876770833333,24,11.2
2020-09-17,2020,9,17,261,3,-0.97139528468375,-0.2374683155584684,0.4338837391175582,-0.900968867902419,0,weekday,2020-09-17 00:00:00+00:00,2020-09-18 00:00:00+00:00,46.81166666666667,53677.589166666665,55506.06447916667,9086.042291666667,1473.6172916666667,7482.0971875,18041.756770833334,24,11.515
2020-09-18,2020,9,18,262,4,-0.9753363880767836,-0.2207236509605022,-0.433883739117558,-0.9009688679024191,0,weekday,2020-09-18 00:00:00+00:00,2020-09-19 00:00:00+00:00,41.905,49867.315833333334,55286.644375,7859.3540625,845.9088541666666,8861.967708333334,17567.230625,24,11.105
2020-09-19,2020,9,19,263,5,-0.978988873740932,-0.2039136706831147,-0.9749279121818236,-0.2225209339563146,0,weekend,2020-09-19 00:00:00+00:00,2020-09-20 00:00:00+00:00,37.09375,44622.2175,46678.3240625,7608.848541666666,1536.5094791666668,8161.261666666666,17306.6196875,24,11.475
2020-09-20,2020,9,20,264,6,-0.9823516608469236,-0.1870433490699165,-0.7818314824680299,0.6234898018587334,0,weekend,2020-09-20 00:00:00+00:00,2020-09-21 00:00:00+00:00,37.6975,40335.041666666664,42985.962812499994,5425.109583333334,774.8945833333333,7961.0896875,14161.093854166667,24,11.4875
2020-09-21,2020,9,21,265,0,-0.9854237542919524,-0.1701176783204905,0.0,1.0,0,weekday,2020-09-21 00:00:00+00:00,2020-09-22 00:00:00+00:00,61.901250000000005,46250.230416666665,53575.598958333336,1721.7346875,88.62166666666667,8189.629270833334,9999.985625,24,11.5
2020-09-22,2020,9,22,266,1,-0.9882042449941422,-0.15314166701312,0.7818314824680298,0.6234898018587336,0,weekday,2020-09-22 00:00:00+00:00,2020-09-23 00:00:00+00:00,53.65208333333334,47007.90458333333,55041.599166666674,1401.505,342.98864583333335,7731.612604166668,9476.10625,24,11.33
2020-09-23,2020,9,23,267,2,-0.9906923101615608,-0.136120338622667,0.9749279121818236,-0.2225209339563143,0,weekday,2020-09-23 00:00:00+00:00,2020-09-24 00:00:00+00:00,45.61041666666667,51265.065,56118.29010416666,7076.997395833333,3042.978854166666,5998.5165625,16118.4928125,24,11.77
2020-09-24,2020,9,24,268,3,-0.9928872135356962,-0.1190587300340498,0.4338837391175582,-0.900968867902419,0,weekday,2020-09-24 00:00:00+00:00,2020-09-25 00:00:00+00:00,38.75875,55417.94541666666,56885.25364583333,16362.999270833332,4726.5028125,5548.551041666667,26638.053125000002,24,11.95
2020-09-25,2020,9,25,269,4,-0.994788305609327,-0.1019618900517457,-0.433883739117558,-0.9009688679024191,0,weekday,2020-09-25 00:00:00+00:00,2020-09-26 00:00:00+00:00,41.545,46091.800416666665,56161.27614583333,9523.983854166667,1853.9487500000002,3001.0876041666666,14379.020208333333,24,11.5
2020-09-26,2020,9,26,270,5,-0.9963950238187232,-0.0848348779057653,-0.9749279121818236,-0.2225209339563146,0,weekend,2020-09-26 00:00:00+00:00,2020-09-27 00:00:00+00:00,31.437916666666666,38733.16416666666,47995.667083333334,11497.416041666665,3274.7958333333336,1660.0541666666666,16432.266041666666,24,11.665
2020-09-27,2020,9,27,271,6,-0.9977068927101168,-0.0676827617545516,-0.7818314824680299,0.6234898018587334,0,weekend,2020-09-27 00:00:00+00:00,2020-09-28 00:00:00+00:00,32.0,37155.465000000004,44760.05375,6166.612708333333,3174.208645833334,3767.310520833333,13108.131875,24,11.8625
2020-09-28,2020,9,28,272,0,-0.9987235240803972,-0.0505106171852228,0.0,1.0,0,weekday,2020-09-28 00:00:00+00:00,2020-09-29 00:00:00+00:00,47.98166666666666,46385.79125,55993.15916666667,4297.2509375,1146.4028125,4735.601979166667,10179.255729166667,24,12.06
2020-09-29,2020,9,29,273,1,-0.9994446170919858,-0.0333235257116313,0.7818314824680298,0.6234898018587336,0,weekday,2020-09-29 00:00:00+00:00,2020-09-30 00:00:00+00:00,59.21875,47040.50833333333,57012.490208333336,2636.3001041666666,831.9180208333333,3719.1608333333334,7187.378958333334,24,12.4
2020-09-30,2020,9,30,274,2,-0.9998699583618592,-0.0161265732706577,0.9749279121818236,-0.2225209339563143,0,weekday,2020-09-30 00:00:00+00:00,2020-10-01 00:00:00+00:00,49.94833333333333,49381.83375,57563.60760416667,3216.914583333333,2341.1726041666666,4333.828333333334,9891.915520833334,24,13.31
2020-10-01,2020,10,1,275,3,-0.9999994220246924,0.0010751512827982,0.4338837391175582,-0.900968867902419,0,weekday,2020-10-01 00:00:00+00:00,2020-10-02 00:00:00+00:00,40.9775,52966.512500000004,58081.16375,8785.845104166667,4583.435520833334,5111.5346875000005,18480.8153125,24,13.35
2020-10-02,2020,10,2,276,4,-0.999832969770105,0.0182765576816912,-0.433883739117558,-0.9009688679024191,0,weekday,2020-10-02 00:00:00+00:00,2020-10-03 00:00:00+00:00,33.579166666666666,51515.861249999994,57344.46166666667,15325.500520833333,3637.115208333333,3911.617604166667,22874.233333333334,24,12.875
2020-10-03,2020,10,3,277,5,-0.9993706508539968,0.0354725557531255,-0.9749279121818236,-0.2225209339563146,1,holiday,2020-10-03 00:00:00+00:00,2020-10-04 00:00:00+00:00,18.386666666666667,48268.97583333333,44199.4571875,17589.91833333333,5406.559583333334,3882.6533333333336,26879.131250000002,24,13.025
2020-10-04,2020,10,4,278,6,-0.9986126020839734,0.052658056924614,-0.7818314824680299,0.6234898018587334,0,weekend,2020-10-04 00:00:00+00:00,2020-10-05 00:00:00+00:00,6.703333333333333,47805.30958333333,44676.17197916666,18512.3934375,4271.066041666667,5378.9809374999995,28162.440416666665,24,13.205
2020-10-05,2020,10,5,279,0,-0.9975590477788612,0.0698279757298708,0.0,1.0,0,weekday,2020-10-05 00:00:00+00:00,2020-10-06 00:00:00+00:00,33.21541666666666,53856.30375,56736.651979166665,15355.198020833333,5103.098020833333,3337.7125,23796.008541666666,24,13.385
2020-10-06,2020,10,6,280,1,-0.9962102997023295,0.0869772313136861,0.7818314824680298,0.6234898018587336,0,weekday,2020-10-06 00:00:00+00:00,2020-10-07 00:00:00+00:00,34.714166666666664,56521.50375,58964.91979166667,22067.825729166667,3499.363645833333,2621.064479166667,28188.25385416667,24,13.225
2020-10-07,2020,10,7,281,2,-0.9945667569706336,0.1041007489354256,0.9749279121818236,-0.2225209339563143,0,weekday,2020-10-07 00:00:00+00:00,2020-10-08 00:00:00+00:00,36.50083333333333,54402.03875,59804.6953125,16863.615104166667,3475.0020833333333,3150.7875000000004,23489.404687500002,24,13.425
2020-10-08,2020,10,8,282,3,-0.9926289059345096,0.121193461470736,0.4338837391175582,-0.900968867902419,0,weekday,2020-10-08 00:00:00+00:00,2020-10-09 00:00:00+00:00,29.465833333333336,59050.880000000005,59168.1990625,23360.050520833334,5077.342083333334,2773.6223958333335,31211.015,24,13.75
2020-10-09,2020,10,9,283,4,-0.9903973200352558,0.1382503109109819,-0.433883739117558,-0.9009688679024191,0,weekday,2020-10-09 00:00:00+00:00,2020-10-10 00:00:00+00:00,41.602916666666665,50230.29958333333,58325.478125,8078.855104166666,3351.7336458333334,3218.750625,14649.339375000001,24,13.73
2020-10-10,2020,10,10,284,5,-0.9878726596350428,0.1552662498599956,-0.9749279121818236,-0.2225209339563146,0,weekend,2020-10-10 00:00:00+00:00,2020-10-11 00:00:00+00:00,30.6725,47077.035833333335,50592.309270833335,13859.7159375,3917.6370833333335,3219.654375,20997.007395833334,24,13.755
2020-10-11,2020,10,11,285,6,-0.9850556718215012,0.172236243027682,-0.7818314824680299,0.6234898018587334,0,weekend,2020-10-11 00:00:00+00:00,2020-10-12 00:00:00+00:00,32.63291666666667,41068.41458333333,46125.39229166667,7567.2665625,3313.4364583333336,3789.058229166667,14669.761250000001,24,13.682500000000001
2020-10-12,2020,10,12,286,0,-0.981947190186646,0.1891552687200409,0.0,1.0,0,weekday,2020-10-12 00:00:00+00:00,2020-10-13 00:00:00+00:00,47.47,49161.52,58270.29541666667,2685.6398958333334,1264.6630208333333,3339.5544791666666,7289.857395833334,24,13.61
2020-10-13,2020,10,13,287,1,-0.9785481345802032,0.2060183203251708,0.7818314824680298,0.6234898018587336,0,weekday,2020-10-13 00:00:00+00:00,2020-10-14 00:00:00+00:00,45.32875000000001,51214.24958333333,60019.55197916667,4288.200208333333,1789.6391666666666,3813.6778125,9891.5171875,24,13.69
2020-10-14,2020,10,14,288,2,-0.9748595108374124,0.2228204077947995,0.9749279121818236,-0.2225209339563143,0,weekday,2020-10-14 00:00:00+00:00,2020-10-15 00:00:00+00:00,35.4825,58644.07750000001,60311.66645833334,20146.979479166668,5359.5196875,1854.0446875,27360.543854166666,24,13.74
2020-10-15,2020,10,15,289,3,-0.9708824104813836,0.239556559120927,0.4338837391175582,-0.900968867902419,0,weekday,2020-10-15 00:00:00+00:00,2020-10-16 00:00:00+00:00,41.654583333333335,55487.244583333326,61170.451250000006,13752.448854166667,3565.3373958333336,1303.0554166666666,18620.841666666667,24,14.175
2020-10-16,2020,10,16,290,4,-0.9666180104000972,0.2562218218071163,-0.433883739117558,-0.9009688679024191,0,weekday,2020-10-16 00:00:00+00:00,2020-10-17 00:00:00+00:00,47.260416666666664,49398.99791666667,59505.55010416667,5740.799270833333,790.6714583333334,2019.2098958333333,8550.680624999999,24,14.525
2020-10-17,2020,10,17,291,5,-0.9620675724981452,0.2728112643340191,-0.9749279121818236,-0.2225209339563146,0,weekend,2020-10-17 00:00:00+00:00,2020-10-18 00:00:00+00:00,40.47208333333334,40764.50791666667,50947.10052083334,2416.2438541666666,799.4705208333334,2268.4440625,5484.158437499999,24,14.5
2020-10-18,2020,10,18,292,6,-0.957232443323312,0.2893199776186952,-0.7818314824680299,0.6234898018587334,0,weekend,2020-10-18 00:00:00+00:00,2020-10-19 00:00:00+00:00,30.974166666666665,43840.88416666666,47650.35979166667,11065.225625,3291.060208333334,2723.7,17079.985833333336,24,14.575
2020-10-19,2020,10,19,293,0,-0.9521140536681102,0.3057430764672831,0.0,1.0,0,weekday,2020-10-19 00:00:00+00:00,2020-10-20 00:00:00+00:00,44.49166666666667,51805.19125,57780.95145833333,5977.050104166666,2402.4860416666666,3456.2751041666666,11835.81125,24,14.65
2020-10-20,2020,10,20,294,1,-0.9467139181463862,0.3220757010206104,0.7818314824680298,0.6234898018587336,0,weekday,2020-10-20 00:00:00+00:00,2020-10-21 00:00:00+00:00,35.1275,56706.40208333333,58189.49895833334,16234.745312500001,4672.363020833333,3830.7484375,24737.856770833332,24,14.56
2020-10-21,2020,10,21,295,2,-0.9410336347451196,0.3383130181923076,0.9749279121818236,-0.2225209339563143,0,weekday,2020-10-21 00:00:00+00:00,2020-10-22 00:00:00+00:00,31.110416666666666,58809.425416666665,58678.70927083333,22543.15625,4145.2396875,2826.3375,29514.733437500003,24,14.81
2020-10-22,2020,10,22,296,3,-0.9350748843515574,0.3544502230989869,0.4338837391175582,-0.900968867902419,0,weekday,2020-10-22 00:00:00+00:00,2020-10-23 00:00:00+00:00,34.717083333333335,60451.612499999996,60663.88010416667,20655.188020833335,5552.949479166667,3745.6515624999997,29953.7890625,24,14.825
2020-10-23,2020,10,23,297,4,-0.9288394302558068,0.3704825404820963,-0.433883739117558,-0.9009688679024191,0,weekday,2020-10-23 00:00:00+00:00,2020-10-24 00:00:00+00:00,44.930416666666666,52104.64875,59926.855416666665,8288.711041666667,3621.7639583333334,1579.8260416666665,13490.301041666666,24,15.245
2020-10-24,2020,10,24,298,5,-0.9223291176290545,0.3864052261209853,-0.9749279121818236,-0.2225209339563146,0,weekend,2020-10-24 00:00:00+00:00,2020-10-25 00:00:00+00:00,28.425833333333333,48942.49416666667,50883.78697916667,17575.523333333334,4717.4675,2722.4969791666667,25015.4878125,24,15.41
2020-10-25,2020,10,25,299,6,-0.9155458729775467,0.4022135682368036,-0.7818314824680299,0.6234898018587334,0,weekend,2020-10-25 00:00:00+00:00,2020-10-26 00:00:00+00:00,14.677083333333334,50144.33583333334,47758.45447916666,18864.446354166666,4750.7257291666665,3591.4790625,27206.651145833337,24,15.280000000000001
2020-10-26,2020,10,26,300,0,-0.9084917035725082,0.4179028888867866,0.0,1.0,0,weekday,2020-10-26 00:00:00+00:00,2020-10-27 00:00:00+00:00,38.51916666666667,50857.80125,59071.67270833333,10427.5525,4504.0469791666665,1590.0589583333333,16521.6584375,24,15.15
2020-10-27,2020,10,27,301,1,-0.9011686968561567,0.4334685453485363,0.7818314824680298,0.6234898018587336,0,weekday,2020-10-27 00:00:00+00:00,2020-10-28 00:00:00+00:00,34.3075,59551.86583333334,60849.17791666667,19287.1915625,5384.6180208333335,2656.315416666667,27328.125,24,14.7
2020-10-28,2020,10,28,302,2,-0.8935790198239952,0.4489059314938798,0.9749279121818236,-0.2225209339563143,0,weekday,2020-10-28 00:00:00+00:00,2020-10-29 00:00:00+00:00,31.016666666666666,60898.96083333334,60808.19708333333,23009.789791666666,5328.2186458333335,2237.8870833333335,30575.895520833335,24,14.525
2020-10-29,2020,10,29,303,3,-0.8857249183835637,0.4642104791518923,0.4338837391175582,-0.900968867902419,0,weekday,2020-10-29 00:00:00+00:00,2020-10-30 00:00:00+00:00,32.90416666666667,60844.95333333333,61390.50927083333,22772.4146875,4759.938020833333,2269.142604166667,29801.4953125,24,14.4
2020-10-30,2020,10,30,304,4,-0.8776087166898392,0.4793776594606945,-0.433883739117558,-0.9009688679024191,0,weekday,2020-10-30 00:00:00+00:00,2020-10-31 00:00:00+00:00,30.817083333333333,57140.798749999994,60905.04479166667,21797.4459375,3890.611666666666,924.3133333333334,26612.3709375,24,14.335
2020-10-31,2020,10,31,305,5,-0.8692328164574792,0.4944029842076181,-0.9749279121818236,-0.2225209339563146,0,weekend,2020-10-31 00:00:00+00:00,2020-11-01 00:00:00+00:00,30.700833333333335,43126.184166666666,48910.92875,10331.475833333334,3336.234479166667,2953.820416666667,16621.530729166665,24,14.06
2020-11-01,2020,11,1,306,6,-0.8605996962501181,0.5092820071573356,-0.7818314824680299,0.6234898018587334,0,weekend,2020-11-01 00:00:00+00:00,2020-11-02 00:00:00+00:00,16.44333333333333,46476.77666666667,48217.887395833335,19810.271145833332,5031.3446875,782.9778124999999,25624.593645833334,24,13.787500000000001
2020-11-02,2020,11,2,307,0,-0.8517119107469189,0.5240103253675756,0.0,1.0,0,weekday,2020-11-02 00:00:00+00:00,2020-11-03 00:00:00+00:00,24.5275,60904.79041666666,59408.631875,29065.093020833334,5343.61625,1807.5151041666666,36216.224375,24,13.515
2020-11-03,2020,11,3,308,1,-0.8425720899866032,0.5385835804920232,0.7818314824680298,0.6234898018587336,0,weekday,2020-11-03 00:00:00+00:00,2020-11-04 00:00:00+00:00,36.16291666666667,55868.52458333334,60946.9084375,14225.171354166667,4996.434375,2343.8264583333334,21565.4321875,24,13.73
2020-11-04,2020,11,4,309,2,-0.8331829385891785,0.5529974600700271,0.9749279121818236,-0.2225209339563143,0,weekday,2020-11-04 00:00:00+00:00,2020-11-05 00:00:00+00:00,40.26166666666666,56349.2075,61540.505520833336,11113.118020833334,4520.199791666667,2921.8766666666666,18555.194479166665,24,13.725
2020-11-05,2020,11,5,310,3,-0.8235472349556007,0.5672476988027229,0.4338837391175582,-0.900968867902419,0,weekday,2020-11-05 00:00:00+00:00,2020-11-06 00:00:00+00:00,38.8925,54722.769583333335,60930.77395833333,8891.386354166667,4061.5198958333335,3385.9323958333334,16338.838645833333,24,14.3
2020-11-06,2020,11,6,311,4,-0.8136678304455991,0.5813300798152042,-0.433883739117558,-0.9009688679024191,0,weekday,2020-11-06 00:00:00+00:00,2020-11-07 00:00:00+00:00,40.73083333333333,49310.99,59912.12322916667,5480.17875,935.5777083333334,3435.183854166666,9850.9403125,24,14.115
2020-11-07,2020,11,7,312,5,-0.8035476485339116,0.5952404359043674,-0.9749279121818236,-0.2225209339563146,0,weekend,2020-11-07 00:00:00+00:00,2020-11-08 00:00:00+00:00,36.356249999999996,41528.03666666667,51960.63947916666,4737.540208333333,538.8521875,4353.065833333333,9629.458229166667,24,13.9
2020-11-08,2020,11,8,313,6,-0.7931896839451843,0.6089746507720486,-0.7818314824680299,0.6234898018587334,0,weekend,2020-11-08 00:00:00+00:00,2020-11-09 00:00:00+00:00,36.60208333333333,38218.21791666667,48814.096041666664,2864.6254166666663,1025.9252083333333,3494.7107291666666,7385.261354166666,24,13.8375
2020-11-09,2020,11,9,314,0,-0.7825970017677834,0.6225286602431057,0.0,1.0,0,weekday,2020-11-09 00:00:00+00:00,2020-11-10 00:00:00+00:00,45.162083333333335,50330.99416666667,60103.004791666666,2939.559583333333,862.3998958333333,2618.8712499999997,6420.830729166667,24,13.775
2020-11-10,2020,11,10,315,1,-0.7717727365467836,0.6358984534680745,0.7818314824680298,0.6234898018587336,0,weekday,2020-11-10 00:00:00+00:00,2020-11-11 00:00:00+00:00,48.66041666666666,50983.08625,61843.16770833333,2379.4379166666668,634.2236458333333,1806.3256250000002,4819.9871875,24,13.8
2020-11-11,2020,11,11,316,2,-0.7607200913564104,0.6490800741100398,0.9749279121818236,-0.2225209339563143,0,weekday,2020-11-11 00:00:00+00:00,2020-11-12 00:00:00+00:00,44.876666666666665,49494.52875,61053.801458333335,1986.6978124999998,1414.1751041666666,1165.3010416666666,4566.173958333334,24,14.05
2020-11-12,2020,11,12,317,3,-0.7494423368521954,0.6620696215153815,0.4338837391175582,-0.900968867902419,0,weekday,2020-11-12 00:00:00+00:00,2020-11-13 00:00:00+00:00,41.17041666666667,54769.955416666664,61265.006250000006,11503.3521875,3853.0357291666664,1820.8304166666667,17177.218333333334,24,14.05
2020-11-13,2020,11,13,318,4,-0.7379428103031386,0.6748632518680403,-0.433883739117558,-0.9009688679024191,0,weekday,2020-11-13 00:00:00+00:00,2020-11-14 00:00:00+00:00,41.005833333333335,54808.81166666667,59888.9515625,9958.289999999999,3725.8763541666667,2578.9721875,16263.138541666667,24,14.2
2020-11-14,2020,11,14,319,5,-0.7262249146041543,0.6874571793269664,-0.9749279121818236,-0.2225209339563146,0,weekend,2020-11-14 00:00:00+00:00,2020-11-15 00:00:00+00:00,35.37791666666667,45459.950000000004,51901.8203125,10857.496458333333,3671.456666666667,2565.9171875,17094.8703125,24,14.24
2020-11-15,2020,11,15,320,6,-0.7142921172691032,0.699847677146407,-0.7818314824680299,0.6234898018587334,0,weekend,2020-11-15 00:00:00+00:00,2020-11-16 00:00:00+00:00,7.1499999999999995,52452.66375,48584.636875,24100.688645833332,6210.921666666666,2700.264583333333,33011.87489583334,24,14.3325
2020-11-16,2020,11,16,321,0,-0.7021479494046978,0.7120310787787131,0.0,1.0,0,weekday,2020-11-16 00:00:00+00:00,2020-11-17 00:00:00+00:00,29.92458333333333,59116.78958333333,60228.31447916667,23940.409166666665,6322.320104166666,1673.2407291666666,31935.97,24,14.425
2020-11-17,2020,11,17,322,1,-0.6897960046655887,0.7240037789593305,0.7818314824680298,0.6234898018587336,0,weekday,2020-11-17 00:00:00+00:00,2020-11-18 00:00:00+00:00,39.037083333333335,59356.89333333333,61165.427395833336,17939.298333333332,6340.0946875,1328.6979166666667,25608.0909375,24,14.35
2020-11-18,2020,11,18,323,2,-0.6772399381909491,0.7357622347736527,0.9749279121818236,-0.2225209339563143,0,weekday,2020-11-18 00:00:00+00:00,2020-11-19 00:00:00+00:00,36.17041666666667,57939.91541666666,61790.603125,17866.204166666666,6323.667395833333,3004.230729166667,27194.102291666666,24,13.85
2020-11-19,2020,11,19,324,3,-0.6644834655228552,0.7473029667054296,0.4338837391175582,-0.900968867902419,0,weekday,2020-11-19 00:00:00+00:00,2020-11-20 00:00:00+00:00,27.707916666666666,63515.53208333333,62553.792395833334,29570.06708333333,6126.753020833334,1137.4690625,36834.28916666666,24,13.475
2020-11-20,2020,11,20,325,4,-0.6515303615068021,0.75862255966641,-0.433883739117558,-0.9009688679024191,0,weekday,2020-11-20 00:00:00+00:00,2020-11-21 00:00:00+00:00,43.512499999999996,55034.760833333334,61464.082083333335,11440.560208333334,4298.938854166667,2668.023333333333,18407.522395833334,24,12.7
2020-11-21,2020,11,21,326,5,-0.6383844591746642,0.7697176640069211,-0.9749279121818236,-0.2225209339563146,0,weekend,2020-11-21 00:00:00+00:00,2020-11-22 00:00:00+00:00,29.52333333333333,53963.675833333335,53264.14572916667,22047.47666666667,6130.543645833334,1970.3659375,30148.38625,24,12.895
2020-11-22,2020,11,22,327,6,-0.6250496486104377,0.7805849965070866,-0.7818314824680299,0.6234898018587334,0,weekend,2020-11-22 00:00:00+00:00,2020-11-23 00:00:00+00:00,31.1275,51832.8425,49375.47854166667,18592.075,5986.842395833333,1531.3100000000002,26110.227395833335,24,13.0975
2020-11-23,2020,11,23,328,0,-0.6115298757991053,0.7912213413483807,0.0,1.0,0,weekday,2020-11-23 00:00:00+00:00,2020-11-24 00:00:00+00:00,43.749583333333334,59650.604166666664,60645.00854166667,12274.574270833333,5476.0642708333335,1900.0832291666666,19650.721770833334,24,13.3
2020-11-24,2020,11,24,329,1,-0.5978291414589552,0.801623551065242,0.7818314824680298,0.6234898018587336,0,weekday,2020-11-24 00:00:00+00:00,2020-11-25 00:00:00+00:00,42.22083333333333,59373.73,61890.99156250001,10430.296875,5996.5715625,1957.1733333333334,18384.041770833333,24,13.45
2020-11-25,2020,11,25,330,2,-0.5839514998576998,0.8117885474764613,0.9749279121818236,-0.2225209339563143,0,weekday,2020-11-25 00:00:00+00:00,2020-11-26 00:00:00+00:00,47.195,57016.887500000004,61850.106875,8600.06875,3488.1225,2486.661145833333,14574.852395833334,24,14.15
2020-11-26,2020,11,26,331,3,-0.5699010576127624,0.8217133225960589,0.4338837391175582,-0.900968867902419,0,weekday,2020-11-26 00:00:00+00:00,2020-11-27 00:00:00+00:00,57.095,55016.155,61796.0990625,5401.7,1384.4638541666666,1884.1554166666667,8670.319270833334,24,13.93
2020-11-27,2020,11,27,332,4,-0.5556819724760489,0.8313949395234058,-0.433883739117558,-0.9009688679024191,0,weekday,2020-11-27 00:00:00+00:00,2020-11-28 00:00:00+00:00,65.07041666666667,51278.36708333334,60633.474583333336,1487.4194791666666,508.05385416666667,1684.6597916666667,3680.1331250000003,24,13.835
2020-11-28,2020,11,28,333,5,-0.5412984521036173,0.8408305333122887,-0.9749279121818236,-0.2225209339563146,0,weekend,2020-11-28 00:00:00+00:00,2020-11-29 00:00:00+00:00,46.547083333333326,47166.68458333333,52398.8228125,4844.770625,1451.6413541666668,1859.8706249999998,8156.282604166667,24,14.485
2020-11-29,2020,11,29,334,6,-0.5267547528105542,0.8500173118187018,-0.7818314824680299,0.6234898018587334,0,weekend,2020-11-29 00:00:00+00:00,2020-11-30 00:00:00+00:00,45.79749999999999,42559.10375,50070.416875,3990.997604166667,642.4103125,1940.195625,6573.603541666666,24,14.735
2020-11-30,2020,11,30,335,0,-0.5120551783114646,0.8589525565270845,0.0,1.0,0,weekday,2020-11-30 00:00:00+00:00,2020-12-01 00:00:00+00:00,51.85041666666667,56438.043333333335,60823.0503125,7758.719270833334,3555.4463541666664,1972.4884375000001,13286.6540625,24,14.985
2020-12-01,2020,12,1,336,1,-0.4972040784469378,0.8676336233547726,0.7818314824680298,0.6234898018587336,0,weekday,2020-12-01 00:00:00+00:00,2020-12-02 00:00:00+00:00,54.492916666666666,55003.065833333334,62166.324166666665,5976.373541666667,2935.6584375,472.38625,9384.418229166668,24,15.475
2020-12-02,2020,12,2,337,2,-0.4822058478963526,0.8760579434344281,0.9749279121818236,-0.2225209339563143,0,weekday,2020-12-02 00:00:00+00:00,2020-12-03 00:00:00+00:00,74.07208333333334,53836.68208333334,62609.512291666666,2682.0096875,1561.8543750000001,1498.8792708333333,5742.743333333333,24,14.45
2020-12-03,2020,12,3,338,3,-0.4670649248774303,0.8842230238742036,0.4338837391175582,-0.900968867902419,0,weekday,2020-12-03 00:00:00+00:00,2020-12-04 00:00:00+00:00,47.69708333333333,59945.18083333334,63793.41302083334,14355.9009375,4853.268229166667,832.6488541666666,20041.818020833332,24,14.6
2020-12-04,2020,12,4,339,4,-0.451785789832884,0.8921264484954345,-0.433883739117558,-0.9009688679024191,0,weekday,2020-12-04 00:00:00+00:00,2020-12-05 00:00:00+00:00,42.378750000000004,60417.46166666667,63299.6759375,17738.828333333335,5539.2625,1020.1546875,24298.24552083333,24,14.55
2020-12-05,2020,12,5,340,5,-0.4363729641045924,0.8997658785476209,-0.9749279121818236,-0.2225209339563146,0,weekend,2020-12-05 00:00:00+00:00,2020-12-06 00:00:00+00:00,46.59791666666666,48813.75291666667,55413.65687500001,6784.949270833334,2028.9417708333333,1112.3422916666666,9926.233333333334,24,14.645
2020-12-06,2020,12,6,341,6,-0.4208310085956556,0.9071390534005044,-0.7818314824680299,0.6234898018587334,0,weekend,2020-12-06 00:00:00+00:00,2020-12-07 00:00:00+00:00,42.65958333333334,46376.01458333333,50252.3434375,6972.605520833334,1746.8022916666666,670.3978125,9389.805624999999,24,14.372499999999999
2020-12-07,2020,12,7,342,0,-0.4051645224207563,0.9142437912130223,0.0,1.0,0,weekday,2020-12-07 00:00:00+00:00,2020-12-08 00:00:00+00:00,45.05625,62057.715416666666,61513.521041666674,13642.538541666667,4249.7908333333335,956.9044791666666,18849.233854166665,24,14.1
2020-12-08,2020,12,8,343,1,-0.3893781415452015,0.9210779895789526,0.7818314824680298,0.6234898018587336,0,weekday,2020-12-08 00:00:00+00:00,2020-12-09 00:00:00+00:00,61.240833333333335,53986.770416666666,63119.677291666674,4166.938125,1139.5028125000001,1311.7178125,6618.15875,24,14.3
2020-12-09,2020,12,9,344,2,-0.3734765374130707,0.9276396261490468,0.9749279121818236,-0.2225209339563143,0,weekday,2020-12-09 00:00:00+00:00,2020-12-10 00:00:00+00:00,75.21916666666667,53989.6,63341.50333333333,3600.250104166667,1651.4705208333335,449.10572916666666,5700.8263541666665,24,14.35
2020-12-10,2020,12,10,345,3,-0.3574644155648614,0.9339267592294762,0.4338837391175582,-0.900968867902419,0,weekday,2020-12-10 00:00:00+00:00,2020-12-11 00:00:00+00:00,69.53708333333334,52138.674166666664,62771.14427083333,2002.0917708333334,1398.8095833333334,633.96875,4034.870104166667,24,15.3
2020-12-11,2020,12,11,346,4,-0.3413465142450361,0.9399375283564132,-0.433883739117558,-0.9009688679024191,0,weekday,2020-12-11 00:00:00+00:00,2020-12-12 00:00:00+00:00,45.64541666666667,58257.862499999996,61603.69895833333,12685.345833333333,4870.565208333333,800.0479166666668,18355.958958333333,24,15.525
2020-12-12,2020,12,12,347,5,-0.3251276029999093,0.9456701548465688,-0.9749279121818236,-0.2225209339563146,0,weekend,2020-12-12 00:00:00+00:00,2020-12-13 00:00:00+00:00,46.06333333333333,46930.23499999999,53244.41260416667,6915.8725,2902.5628125000003,510.8646875,10329.300000000001,24,15.96
2020-12-13,2020,12,13,348,6,-0.3088124812662537,0.9511229423235356,-0.7818314824680299,0.6234898018587334,0,weekend,2020-12-13 00:00:00+00:00,2020-12-14 00:00:00+00:00,43.05291666666667,41454.85958333333,49726.97677083334,5073.2221875000005,1521.0190624999998,443.9821875,7038.2234375,24,16.205
2020-12-14,2020,12,14,349,0,-0.2924059769510773,0.956294277219772,0.0,1.0,0,weekday,2020-12-14 00:00:00+00:00,2020-12-15 00:00:00+00:00,43.21083333333333,58299.39958333334,61711.21020833333,15449.336666666668,5303.455,1069.8361458333331,21822.6278125,24,16.45
2020-12-15,2020,12,15,350,1,-0.2759129450029604,0.9611826292540836,0.7818314824680298,0.6234898018587336,0,weekday,2020-12-15 00:00:00+00:00,2020-12-16 00:00:00+00:00,50.831250000000004,55989.285,62926.0103125,10925.823125,3198.5863541666663,517.569375,14641.978854166666,24,17.1
2020-12-16,2020,12,16,351,2,-0.2593382659754056,0.9657865518844574,0.9749279121818236,-0.2225209339563143,0,weekday,2020-12-16 00:00:00+00:00,2020-12-17 00:00:00+00:00,50.081250000000004,53722.543750000004,62574.2828125,7134.324583333334,3689.890729166667,951.3891666666667,11775.604479166666,24,17.05
2020-12-17,2020,12,17,352,3,-0.2426868445825954,0.9701046827361176,0.4338837391175582,-0.900968867902419,0,weekday,2020-12-17 00:00:00+00:00,2020-12-18 00:00:00+00:00,45.0275,58017.64958333334,61523.84197916667,15867.691250000002,5230.979583333334,968.445,22067.115833333333,24,16.175
2020-12-18,2020,12,18,353,4,-0.225963608248019,0.974135744004672,-0.433883739117558,-0.9009688679024191,0,weekday,2020-12-18 00:00:00+00:00,2020-12-19 00:00:00+00:00,42.485,54737.65041666667,60344.793541666666,13126.105104166667,5885.9684375,1462.8401041666666,20474.913645833334,24,15.75
2020-12-19,2020,12,19,354,5,-0.2091735056463563,0.9778785428342386,-0.9749279121818236,-0.2225209339563146,0,weekend,2020-12-19 00:00:00+00:00,2020-12-20 00:00:00+00:00,32.355,52306.10666666667,52945.79125,17714.334583333333,5916.382291666666,1603.7069791666665,25234.423854166667,24,15.885
2020-12-20,2020,12,20,355,6,-0.1923215052390948,0.9813319716704276,-0.7818314824680299,0.6234898018587334,0,weekend,2020-12-20 00:00:00+00:00,2020-12-21 00:00:00+00:00,40.643750000000004,46000.49416666667,48740.67552083333,11743.879374999999,5519.999791666666,975.236875,18239.116041666668,24,16.1425
2020-12-21,2020,12,21,356,0,-0.1754125938042784,0.9844950085880858,0.0,1.0,0,weekday,2020-12-21 00:00:00+00:00,2020-12-22 00:00:00+00:00,37.76125,53906.91583333333,57539.8265625,18963.958854166667,5428.833125,1086.8941666666667,25479.686145833333,24,16.4
2020-12-22,2020,12,22,357,1,-0.1584517749608363,0.9873667175937016,0.7818314824680298,0.6234898018587336,0,weekday,2020-12-22 00:00:00+00:00,2020-12-23 00:00:00+00:00,29.402083333333334,55022.92166666667,57597.06968750001,23488.413333333334,3770.3017708333336,520.4863541666667,27779.201458333333,24,17.2
2020-12-23,2020,12,23,358,2,-0.141444067687942,0.989946248902378,0.9749279121818236,-0.2225209339563143,0,weekday,2020-12-23 00:00:00+00:00,2020-12-24 00:00:00+00:00,42.5425,45399.59,55539.69125,11089.3359375,1450.8845833333335,457.07489583333336,12997.295416666668,24,17.65
2020-12-24,2020,12,24,359,3,-0.1243945048397999,0.9922328391893008,0.4338837391175582,-0.900968867902419,0,weekday,2020-12-24 00:00:00+00:00,2020-12-25 00:00:00+00:00,25.64916666666667,48016.32666666667,49878.557291666664,18474.345312499998,5327.464375,540.0519791666667,24341.861666666668,24,17.65
2020-12-25,2020,12,25,360,4,-0.1073081316563624,0.994225811815616,-0.433883739117558,-0.9009688679024191,1,holiday,2020-12-25 00:00:00+00:00,2020-12-26 00:00:00+00:00,35.46125,37361.75208333333,44725.55604166666,7628.685937499999,2268.5326041666667,1000.6148958333333,10897.8334375,24,17.65
2020-12-26,2020,12,26,361,5,-0.0901900042703451,0.99592457702866,-0.9749279121818236,-0.2225209339563146,1,holiday,2020-12-26 00:00:00+00:00,2020-12-27 00:00:00+00:00,17.62666666666667,47842.08708333334,42507.66489583333,19490.33375,5396.926354166667,1035.0483333333334,25922.3084375,24,18.15
2020-12-27,2020,12,27,362,6,-0.0730451882110474,0.9973286321364752,-0.7818314824680299,0.6234898018587334,0,weekend,2020-12-27 00:00:00+00:00,2020-12-28 00:00:00+00:00,-12.804166666666667,56724.87916666667,45620.77489583333,34574.933020833334,3028.515729166667,1226.2519791666666,38829.70072916667,24,18.65
2020-12-28,2020,12,28,363,0,-0.0558787569053731,0.9984375616565666,0.0,1.0,0,weekday,2020-12-28 00:00:00+00:00,2020-12-29 00:00:00+00:00,40.83958333333333,41883.08541666667,52741.4209375,11228.699895833333,1499.5811458333335,603.3832291666666,13331.664270833333,24,19.15
2020-12-29,2020,12,29,364,1,-0.0386957901765268,0.999251037438848,0.7818314824680298,0.6234898018587336,0,weekday,2020-12-29 00:00:00+00:00,2020-12-30 00:00:00+00:00,46.53791666666667,44504.291666666664,53558.69822916667,12863.822395833333,1366.6544791666665,879.0578125000001,15109.534687500001,24,19.0
2020-12-30,2020,12,30,365,2,-0.0215013727408137,0.999768818762748,0.9749279121818236,-0.2225209339563143,0,weekday,2020-12-30 00:00:00+00:00,2020-12-31 00:00:00+00:00,47.32708333333333,49194.1775,51779.64958333334,15800.611770833333,3307.453645833333,1209.0919791666668,20317.157395833336,24,19.15
2020-12-31,2020,12,31,366,3,-0.0043005927029819,0.9999907524084426,0.4338837391175582,-0.900968867902419,0,weekday,2020-12-31 00:00:00+00:00,2021-01-01 00:00:00+00:00,47.19833333333333,43645.21875,47565.39427083333,9654.280312500001,1773.7028125,1194.9995833333332,12622.982708333335,24,19.125
2021-01-01,2021,1,1,1,4,0.0,1.0,-0.433883739117558,-0.9009688679024191,1,holiday,2021-01-01 00:00:00+00:00,2021-01-02 00:00:00+00:00,48.379583333333336,46352.730833333335,44445.51541666667,3295.1516666666666,635.7504166666666,837.1535416666666,4768.055625,24,19.125
2021-01-02,2021,1,2,2,5,0.0172015754182605,0.9998520419557736,-0.9749279121818236,-0.2225209339563146,0,weekend,2021-01-02 00:00:00+00:00,2021-01-03 00:00:00+00:00,50.696666666666665,47061.16208333333,48839.949166666665,2746.2726041666665,702.980625,933.7682291666666,4383.021458333334,24,19.233333333333334
2021-01-03,2021,1,3,3,6,0.034398060613608,0.9994082116062598,-0.7818314824680299,0.6234898018587334,0,weekend,2021-01-03 00:00:00+00:00,2021-01-04 00:00:00+00:00,38.239583333333336,54685.60916666667,45731.60364583333,13977.098854166667,5033.2009375,440.845625,19451.145416666666,24,19.341666666666665
2021-01-04,2021,1,4,4,0,0.0515843668694083,0.9986686402879996,0.0,1.0,0,weekday,2021-01-04 00:00:00+00:00,2021-01-05 00:00:00+00:00,48.53875,66764.52208333333,54784.96385416667,13227.1490625,5883.0321875,472.60489583333333,19582.786145833332,24,19.45
2021-01-05,2021,1,5,5,1,0.0687554084811394,0.9976335468520452,0.7818314824680298,0.6234898018587336,0,weekday,2021-01-05 00:00:00+00:00,2021-01-06 00:00:00+00:00,55.867916666666666,66875.0,55497.566979166666,11591.313020833333,5586.608645833334,364.9022916666667,17542.823958333334,24,18.905
2021-01-06,2021,1,6,6,2,0.0859061042613327,0.9963032375991964,0.9749279121818236,-0.2225209339563143,0,weekday,2021-01-06 00:00:00+00:00,2021-01-07 00:00:00+00:00,53.10125,62690.53916666666,54400.4790625,8204.92625,4152.795208333334,293.9526041666667,12651.6740625,24,17.875
2021-01-07,2021,1,7,7,3,0.1030313790431787,0.9946781061893646,0.4338837391175582,-0.900968867902419,0,weekday,2021-01-07 00:00:00+00:00,2021-01-08 00:00:00+00:00,71.21625,63275.18333333333,58049.768125,6245.0675,1209.0909374999999,515.7792708333333,7969.937708333334,24,18.275
2021-01-08,2021,1,8,8,4,0.1201261651823505,0.9927586335250792,-0.433883739117558,-0.9009688679024191,0,weekday,2021-01-08 00:00:00+00:00,2021-01-09 00:00:00+00:00,78.755,62345.53,57089.619479166664,4641.7221875000005,1294.3319791666665,452.2634375,6388.317604166667,24,20.4
2021-01-09,2021,1,9,9,5,0.1371854040566005,0.9905453876091832,-0.9749279121818236,-0.2225209339563146,0,weekend,2021-01-09 00:00:00+00:00,2021-01-10 00:00:00+00:00,59.522083333333335,55475.40833333333,50784.19729166667,2899.593229166667,574.02125,753.52625,4227.1407291666665,24,20.12
2021-01-10,2021,1,10,10,6,0.1542040475626894,0.988039023376751,-0.7818314824680299,0.6234898018587334,0,weekend,2021-01-10 00:00:00+00:00,2021-01-11 00:00:00+00:00,52.375416666666666,55697.10125,49085.6546875,6683.320833333334,2874.2760416666665,1052.9680208333332,10610.564895833333,24,20.735
2021-01-11,2021,1,11,11,0,0.1711770596101998,0.985240282501282,0.0,1.0,0,weekday,2021-01-11 00:00:00+00:00,2021-01-12 00:00:00+00:00,47.3475,70626.50708333333,60010.09645833333,20707.38625,5672.2091666666665,960.8694791666667,27340.46489583333,24,21.35
2021-01-12,2021,1,12,12,1,0.1880994176117975,0.9821499931752292,0.7818314824680298,0.6234898018587336,0,weekday,2021-01-12 00:00:00+00:00,2021-01-13 00:00:00+00:00,46.81166666666667,72962.54916666666,61082.311354166675,26349.294583333332,5330.227291666667,496.86395833333336,32176.385833333334,24,23.24
2021-01-13,2021,1,13,13,2,0.2049661139694953,0.9787690698649216,0.9749279121818236,-0.2225209339563143,0,weekday,2021-01-13 00:00:00+00:00,2021-01-14 00:00:00+00:00,42.66958333333333,73614.80541666667,63188.30416666667,29838.935729166667,5554.4384375,782.5741666666667,36175.948333333334,24,23.475
2021-01-14,2021,1,14,14,3,0.2217721575564818,0.975098513039961,0.4338837391175582,-0.900968867902419,0,weekday,2021-01-14 00:00:00+00:00,2021-01-15 00:00:00+00:00,71.23958333333333,65502.16291666666,63518.122395833336,9906.1940625,2145.5837500000002,675.2814583333334,12727.059270833333,24,21.25
2021-01-15,2021,1,15,15,4,0.2385125751940764,0.9711394088771652,-0.433883739117558,-0.9009688679024191,0,weekday,2021-01-15 00:00:00+00:00,2021-01-16 00:00:00+00:00,73.60791666666667,63019.74791666667,63526.63916666667,5376.231875,920.4594791666667,804.1417708333333,7100.833125,24,20.1
2021-01-16,2021,1,16,16,5,0.2551824131233728,0.966892928939152,-0.9749279121818236,-0.2225209339563146,0,weekend,2021-01-16 00:00:00+00:00,2021-01-17 00:00:00+00:00,55.52125,55868.34125,55008.65739583334,4226.894166666666,2354.7776041666666,869.2022916666666,7450.8740625,24,20.2
2021-01-17,2021,1,17,17,6,0.2717767384711357,0.9623603298276544,-0.7818314824680299,0.6234898018587334,0,weekend,2021-01-17 00:00:00+00:00,2021-01-18 00:00:00+00:00,54.33041666666667,52289.38791666667,49704.067083333335,4534.323125,2079.0736458333336,625.6672916666666,7239.064062500001,24,19.833333333333332
2021-01-18,2021,1,18,18,0,0.2882906407095177,0.957542952811672,0.0,1.0,0,weekday,2021-01-18 00:00:00+00:00,2021-01-19 00:00:00+00:00,55.602916666666665,69936.77625,62498.643437499995,16555.476458333334,4758.005208333333,425.7711458333333,21739.2528125,24,19.46666666666667
2021-01-19,2021,1,19,19,1,0.3047192331091634,0.9524422234305676,0.7818314824680298,0.6234898018587336,0,weekday,2021-01-19 00:00:00+00:00,2021-01-20 00:00:00+00:00,44.915,74234.22125,65985.10875,28905.473020833335,4690.188125,356.7795833333334,33952.440729166665,24,19.1
2021-01-20,2021,1,20,20,2,0.321057654185271,0.9470596510722284,0.9749279121818236,-0.2225209339563143,0,weekday,2021-01-20 00:00:00+00:00,2021-01-21 00:00:00+00:00,36.22833333333333,73597.68625,65263.53489583334,30230.663750000003,5809.843333333333,1607.5562499999999,37648.06333333333,24,21.4
2021-01-21,2021,1,21,21,3,0.3373010691361842,0.9413968285264122,0.4338837391175582,-0.900968867902419,0,weekday,2021-01-21 00:00:00+00:00,2021-01-22 00:00:00+00:00,29.74,74951.35291666667,66503.72677083332,34577.30458333333,4950.596770833334,1711.7633333333333,41239.6646875,24,19.825
2021-01-22,2021,1,22,22,4,0.3534446712740877,0.9354554315134164,-0.433883739117558,-0.9009688679024191,0,weekday,2021-01-22 00:00:00+00:00,2021-01-23 00:00:00+00:00,44.2575,69571.72916666667,63360.7553125,20904.431875,5591.994479166667,1503.6510416666667,28000.077395833334,24,20.75
2021-01-23,2021,1,23,23,5,0.3694836834473831,0.9292372181882051,-0.9749279121818236,-0.2225209339563146,0,weekend,2021-01-23 00:00:00+00:00,2021-01-24 00:00:00+00:00,51.89625,53854.03125,55674.04145833334,6469.479375,2203.72,917.0433333333334,9590.242708333333,24,21.485
2021-01-24,2021,1,24,24,6,0.3854133594543256,0.9227440286201428,-0.7818314824680299,0.6234898018587334,0,weekend,2021-01-24 00:00:00+00:00,2021-01-25 00:00:00+00:00,49.495000000000005,52726.13166666666,50846.3928125,8599.367708333333,387.1307291666667,1205.0266666666666,10191.525104166667,24,21.8175
2021-01-25,2021,1,25,25,0,0.4012289854475009,0.9159777842484876,0.0,1.0,0,weekday,2021-01-25 00:00:00+00:00,2021-01-26 00:00:00+00:00,61.259166666666665,61542.71458333333,62141.85010416667,5288.767916666667,1218.0379166666667,974.655625,7481.461458333332,24,22.15
2021-01-26,2021,1,26,26,1,0.4169258813287287,0.908940487313808,0.7818314824680298,0.6234898018587336,0,weekday,2021-01-26 00:00:00+00:00,2021-01-27 00:00:00+00:00,61.49125,69488.96250000001,64893.08510416667,12989.445625,1665.2269791666668,896.4847916666666,15551.157395833332,24,19.8
2021-01-27,2021,1,27,27,2,0.4324994021339788,0.901634220265486,0.9749279121818236,-0.2225209339563143,0,weekday,2021-01-27 00:00:00+00:00,2021-01-28 00:00:00+00:00,58.124583333333334,68572.47791666667,63935.964895833335,11079.461458333333,2962.885104166667,886.7509375,14929.097500000002,24,19.0
2021-01-28,2021,1,28,28,3,0.4479449394078911,0.8940611451454876,0.4338837391175582,-0.900968867902419,0,weekday,2021-01-28 00:00:00+00:00,2021-01-29 00:00:00+00:00,55.36375,64375.74333333334,63640.239895833336,8641.743229166666,1470.4277083333334,509.2735416666667,10621.444479166666,24,20.6
2021-01-29,2021,1,29,29,4,0.4632579225674917,0.88622350294858,-0.433883739117558,-0.9009688679024191,0,weekday,2021-01-29 00:00:00+00:00,2021-01-30 00:00:00+00:00,49.78541666666666,68340.87166666666,62532.42458333333,16248.478125,5157.599270833333,878.7512500000001,22284.82864583333,24,20.6
2021-01-30,2021,1,30,30,5,0.4784338202547012,0.8781236129591848,-0.9749279121818236,-0.2225209339563146,0,weekend,2021-01-30 00:00:00+00:00,2021-01-31 00:00:00+00:00,48.67458333333334,52870.28916666666,53365.64947916666,8506.402083333332,1356.0963541666667,902.4943750000001,10764.992812499999,24,19.82
2021-01-31,2021,1,31,31,6,0.4934681416772373,0.8697638720650646,-0.7818314824680299,0.6234898018587334,0,weekend,2021-01-31 00:00:00+00:00,2021-02-01 00:00:00+00:00,48.35999999999999,48758.6575,49503.1325,6414.696354166666,1224.6552083333333,2476.6605208333335,10116.012083333333,24,19.435000000000002
2021-02-01,2021,2,1,32,0,0.5083564379375122,0.8611467540480452,0.0,1.0,0,weekday,2021-02-01 00:00:00+00:00,2021-02-02 00:00:00+00:00,57.92333333333334,60614.23875,61926.88989583333,7819.463333333333,1601.5398958333333,952.7984375,10373.801666666666,24,19.05
2021-02-02,2021,2,2,33,1,0.5230943033491326,0.8522748088519838,0.7818314824680298,0.6234898018587336,0,weekday,2021-02-02 00:00:00+00:00,2021-02-03 00:00:00+00:00,54.42541666666667,61080.72458333333,63167.91385416667,8651.380416666667,1529.8742708333332,798.0126041666667,10979.267291666665,24,18.2
2021-02-03,2021,2,3,34,2,0.5376773767406141,0.8431506618282,0.9749279121818236,-0.2225209339563143,0,weekday,2021-02-03 00:00:00+00:00,2021-02-04 00:00:00+00:00,44.64833333333333,65799.2675,63778.03916666666,17174.725000000002,5403.240104166666,749.3390625000001,23327.30416666667,24,17.65
2021-02-04,2021,2,4,35,3,0.5521013427459208,0.8337770129585915,0.4338837391175582,-0.900968867902419,0,weekday,2021-02-04 00:00:00+00:00,2021-02-05 00:00:00+00:00,52.798750000000005,63964.635,64011.6990625,9979.713958333334,4770.334374999999,2417.259375,17167.307708333334,24,17.85
2021-02-05,2021,2,5,36,4,0.5663619330814524,0.8241566360566663,-0.433883739117558,-0.9009688679024191,0,weekday,2021-02-05 00:00:00+00:00,2021-02-06 00:00:00+00:00,51.387499999999996,64532.2925,62177.50677083334,10830.280833333332,5808.884687500001,1260.7471874999999,17899.912708333333,24,18.55
2021-02-06,2021,2,6,37,5,0.580454927809098,0.8142923779467267,-0.9749279121818236,-0.2225209339563146,0,weekend,2021-02-06 00:00:00+00:00,2021-02-07 00:00:00+00:00,35.22208333333334,62756.09416666667,53054.826250000006,24750.615,6116.435624999999,1299.535,32166.585625000003,24,18.38
2021-02-07,2021,2,7,38,6,0.5943761565849831,0.804187157621448,-0.7818314824680299,0.6234898018587334,0,weekend,2021-02-07 00:00:00+00:00,2021-02-08 00:00:00+00:00,20.075833333333332,63611.670000000006,50433.18052083333,29807.1334375,4706.630625000001,724.5725000000001,35238.3365625,24,19.377499999999998
2021-02-08,2021,2,8,39,0,0.6081214998935418,0.7938439653781019,0.0,1.0,0,weekday,2021-02-08 00:00:00+00:00,2021-02-09 00:00:00+00:00,45.344166666666666,70462.27333333333,63241.339270833334,19673.998229166667,5423.7875,1097.3654166666668,26195.151145833337,24,20.375
2021-02-09,2021,2,9,40,1,0.6216868902665479,0.7832658619336791,0.7818314824680298,0.6234898018587336,0,weekday,2021-02-09 00:00:00+00:00,2021-02-10 00:00:00+00:00,64.71041666666666,65263.72166666667,64840.41677083333,5068.394166666666,5000.9659375,940.9641666666666,11010.324270833333,24,18.855
2021-02-10,2021,2,10,41,2,0.6350683134867438,0.7724559775191742,0.9749279121818236,-0.2225209339563143,0,weekday,2021-02-10 00:00:00+00:00,2021-02-11 00:00:00+00:00,72.55541666666666,65779.44708333333,65375.331249999996,7468.341145833333,3431.8184375,1108.65375,12008.813333333334,24,18.85
2021-02-11,2021,2,11,42,3,0.6482618097757122,0.7614175109532997,0.4338837391175582,-0.900968867902419,0,weekday,2021-02-11 00:00:00+00:00,2021-02-12 00:00:00+00:00,79.33125,61998.67125000001,64571.97864583333,4900.002916666667,1517.8813541666666,1703.0420833333335,8120.926354166666,24,18.15
2021-02-12,2021,2,12,43,4,0.6612634749656386,0.7501537286959042,-0.433883739117558,-0.9009688679024191,0,weekday,2021-02-12 00:00:00+00:00,2021-02-13 00:00:00+00:00,62.23791666666667,65550.47791666667,64229.17229166667,10538.716770833335,2198.0444791666664,2422.8614583333333,15159.622708333334,24,17.07
2021-02-13,2021,2,13,44,5,0.6740694616546161,0.7386679638813748,-0.9749279121818236,-0.2225209339563146,0,weekend,2021-02-13 00:00:00+00:00,2021-02-14 00:00:00+00:00,53.23916666666667,56851.25125,57112.971562499995,7436.180416666666,670.8654166666666,3042.6363541666665,11149.6821875,24,17.62
2021-02-14,2021,2,14,45,6,0.6866759803451553,0.726963615332308,-0.7818314824680299,0.6234898018587334,0,weekend,2021-02-14 00:00:00+00:00,2021-02-15 00:00:00+00:00,45.68958333333333,57151.51,54729.8125,10419.31125,4113.005416666667,3644.2503125,18176.566979166666,24,17.330000000000002
2021-02-15,2021,2,15,46,0,0.6990793005655562,0.7150441465537444,0.0,1.0,0,weekday,2021-02-15 00:00:00+00:00,2021-02-16 00:00:00+00:00,51.23458333333334,72133.03625,64530.77322916666,20013.815416666668,4792.168229166667,1151.6051041666667,25957.58875,24,17.04
2021-02-16,2021,2,16,47,1,0.7112757519738152,0.7029130847082615,0.7818314824680298,0.6234898018587336,0,weekday,2021-02-16 00:00:00+00:00,2021-02-17 00:00:00+00:00,52.435833333333335,64785.89208333333,63460.71604166667,12975.585416666667,3793.4740625,1749.7561458333332,18518.815625,24,16.75
2021-02-17,2021,2,17,48,2,0.7232617254437388,0.6905740195722293,0.9749279121818236,-0.2225209339563143,0,weekday,2021-02-17 00:00:00+00:00,2021-02-18 00:00:00+00:00,49.78333333333333,66677.81541666666,63305.51614583333,18421.97625,4799.2584375,2093.0184375,25314.253125,24,17.15
2021-02-18,2021,2,18,49,3,0.7350336741329413,0.6780306024735382,0.4338837391175582,-0.900968867902419,0,weekday,2021-02-18 00:00:00+00:00,2021-02-19 00:00:00+00:00,45.23458333333334,66682.50041666666,63129.94614583333,17099.814270833333,5854.198020833333,3420.1319791666665,26374.144270833334,24,16.9
2021-02-19,2021,2,19,50,4,0.746588114532413,0.6652865452111116,-0.433883739117558,-0.9009688679024191,0,weekday,2021-02-19 00:00:00+00:00,2021-02-20 00:00:00+00:00,47.995000000000005,63463.1525,61213.58520833333,14045.477916666665,5580.132291666666,3890.8871875,23516.497395833332,24,17.325
2021-02-20,2021,2,20,51,5,0.7579216274973472,0.6523456189565257,-0.9749279121818236,-0.2225209339563146,0,weekend,2021-02-20 00:00:00+00:00,2021-02-21 00:00:00+00:00,33.262499999999996,59506.80833333333,54928.8828125,15737.4509375,5927.388750000001,5343.0434374999995,27007.883125000004,24,16.555
2021-02-21,2021,2,21,52,6,0.7690308592589181,0.6392116531380588,-0.7818314824680299,0.6234898018587334,0,weekend,2021-02-21 00:00:00+00:00,2021-02-22 00:00:00+00:00,33.92916666666667,53402.5425,50300.066770833335,11671.759791666665,3759.8502083333333,5954.561666666667,21386.171666666665,24,16.4025
2021-02-22,2021,2,22,53,0,0.7799125224167177,0.6258885343075018,0.0,1.0,0,weekday,2021-02-22 00:00:00+00:00,2021-02-23 00:00:00+00:00,50.17916666666667,59204.145,61197.01197916667,8149.59,3803.0785416666663,5639.076145833334,17591.7446875,24,16.25
2021-02-23,2021,2,23,54,1,0.7905633969115482,0.612380204990065,0.7818314824680298,0.6234898018587336,0,weekday,2021-02-23 00:00:00+00:00,2021-02-24 00:00:00+00:00,44.90875,60332.424166666664,62006.26697916666,11553.871874999999,4347.0711458333335,4888.433020833333,20789.376041666666,24,16.1
2021-02-24,2021,2,24,55,2,0.8009803309782905,0.5986906625177214,0.9749279121818236,-0.2225209339563143,0,weekday,2021-02-24 00:00:00+00:00,2021-02-25 00:00:00+00:00,39.04416666666667,63250.19708333333,60583.856354166666,13851.1740625,6051.245520833334,6103.483749999999,26005.903333333332,24,16.125
2021-02-25,2021,2,25,56,3,0.8111602420785621,0.5848239578463322,0.4338837391175582,-0.900968867902419,0,weekday,2021-02-25 00:00:00+00:00,2021-02-26 00:00:00+00:00,46.70374999999999,61563.21791666667,61260.019583333335,10364.851041666667,4508.7403125,6621.539375,21495.130729166667,24,16.4
2021-02-26,2021,2,26,57,4,0.8211001178128892,0.5707841943569036,-0.433883739117558,-0.9009688679024191,0,weekday,2021-02-26 00:00:00+00:00,2021-02-27 00:00:00+00:00,47.73374999999999,57936.236249999994,59762.08395833333,9743.606666666667,3497.83,4091.759791666667,17333.196458333336,24,15.95
2021-02-27,2021,2,27,58,5,0.8307970168121247,0.5565755266413303,-0.9749279121818236,-0.2225209339563146,0,weekend,2021-02-27 00:00:00+00:00,2021-02-28 00:00:00+00:00,44.97083333333333,48520.65791666667,52086.799895833334,5820.792083333334,1206.7794791666668,4333.0840625,11360.655625,24,15.695
2021-02-28,2021,2,28,59,6,0.8402480696078469,0.5422021592729844,-0.7818314824680299,0.6234898018587334,0,weekend,2021-02-28 00:00:00+00:00,2021-03-01 00:00:00+00:00,42.3325,46507.78875,49827.192291666666,4533.347291666667,681.0267708333333,6000.279687499999,11214.65375,24,15.8475
2021-03-01,2021,3,1,60,0,0.8494504794814806,0.527668345562516,0.0,1.0,0,weekday,2021-03-01 00:00:00+00:00,2021-03-02 00:00:00+00:00,50.06583333333333,55446.168333333335,59094.934166666666,3618.5590625,522.9257291666667,6143.386145833333,10284.8709375,24,16.0
2021-03-02,2021,3,2,61,1,0.8584015232918917,0.512978386299228,0.7818314824680298,0.6234898018587336,0,weekday,2021-03-02 00:00:00+00:00,2021-03-03 00:00:00+00:00,53.68875,58989.28541666667,60441.450833333336,2272.5204166666667,693.9065625,6532.671041666667,9499.098020833333,24,16.005
2021-03-03,2021,3,3,62,2,0.8670985522812081,0.4981366284784055,0.9749279121818236,-0.2225209339563143,0,weekday,2021-03-03 00:00:00+00:00,2021-03-04 00:00:00+00:00,52.27916666666667,60713.957083333335,59266.128958333335,4831.905520833333,481.10052083333335,6648.465208333334,11961.47125,24,15.6
2021-03-04,2021,3,4,63,3,0.8755389928586302,0.4831474640149687,0.4338837391175582,-0.900968867902419,0,weekday,2021-03-04 00:00:00+00:00,2021-03-05 00:00:00+00:00,54.156666666666666,60130.90416666667,58642.890625,7491.1059375,2750.638333333334,2998.7291666666665,13240.473437499999,24,15.59
2021-03-05,2021,3,5,64,4,0.8837203473619977,0.4680153284438345,-0.433883739117558,-0.9009688679024191,0,weekday,2021-03-05 00:00:00+00:00,2021-03-06 00:00:00+00:00,53.90958333333333,57862.420000000006,58526.03041666667,5654.232083333333,1033.7440625,4745.504270833333,11433.480416666667,24,15.85
2021-03-06,2021,3,6,65,5,0.8916401947968874,0.452744699607371,-0.9749279121818236,-0.2225209339563146,0,weekend,2021-03-06 00:00:00+00:00,2021-03-07 00:00:00+00:00,44.78541666666666,56355.72166666667,50853.38552083333,7863.541979166667,2836.628645833333,7245.111979166667,17945.282604166667,24,16.365
2021-03-07,2021,3,7,66,6,0.8992961915530253,0.4373400963303323,-0.7818314824680299,0.6234898018587334,0,weekend,2021-03-07 00:00:00+00:00,2021-03-08 00:00:00+00:00,45.07708333333333,53738.630000000005,47615.2009375,9462.155208333334,2750.2122916666667,5690.772291666667,17903.139791666665,24,16.4575
2021-03-08,2021,3,8,67,0,0.9066860720977984,0.4218060770826634,0.0,1.0,0,weekday,2021-03-08 00:00:00+00:00,2021-03-09 00:00:00+00:00,61.77125,60116.20041666667,57600.655,2490.7907291666666,1095.8192708333333,6213.098958333333,9799.708958333333,24,16.55
2021-03-09,2021,3,9,68,1,0.9138076496466616,0.4061472386305789,0.7818314824680298,0.6234898018587336,0,weekday,2021-03-09 00:00:00+00:00,2021-03-10 00:00:00+00:00,61.44833333333333,60932.263750000006,59759.6228125,4066.1162499999996,1067.1382291666666,3949.6608333333334,9082.9153125,24,16.375
2021-03-10,2021,3,10,69,2,0.9206588168102428,0.3903682146763026,0.9749279121818236,-0.2225209339563143,0,weekday,2021-03-10 00:00:00+00:00,2021-03-11 00:00:00+00:00,49.78958333333333,63332.12375,59980.044895833336,10280.041354166666,4463.170416666667,4412.5086458333335,19155.720416666667,24,17.15
2021-03-11,2021,3,11,70,3,0.9272375462179536,0.374473674486883,0.4338837391175582,-0.900968867902419,0,weekday,2021-03-11 00:00:00+00:00,2021-03-12 00:00:00+00:00,28.045833333333334,72169.03416666666,60912.18572916667,35797.3584375,5511.985416666666,2288.2248958333334,43597.56875,24,17.475
2021-03-12,2021,3,12,71,4,0.9335418911179212,0.3584683215124808,-0.433883739117558,-0.9009688679024191,0,weekday,2021-03-12 00:00:00+00:00,2021-03-13 00:00:00+00:00,22.723333333333333,72668.11333333333,61200.10875000001,33668.62447916666,5720.701666666667,5709.796458333333,45099.12260416666,24,17.97
2021-03-13,2021,3,13,72,5,0.9395699859530622,0.342356891994542,-0.9749279121818236,-0.2225209339563146,0,weekend,2021-03-13 00:00:00+00:00,2021-03-14 00:00:00+00:00,11.448333333333332,66910.89583333333,54681.21385416667,34873.16947916667,5794.058020833333,2789.8080208333336,43457.035520833335,24,18.45
2021-03-14,2021,3,14,73,6,0.945320046913132,0.3261441535642696,-0.7818314824680299,0.6234898018587334,0,weekend,2021-03-14 00:00:00+00:00,2021-03-15 00:00:00+00:00,17.889166666666664,59325.10041666666,49054.7059375,26236.130520833332,5191.959270833334,3842.261458333333,35270.35125,24,18.310000000000002
2021-03-15,2021,3,15,74,0,0.9507903724625832,0.3098349038318025,0.0,1.0,0,weekday,2021-03-15 00:00:00+00:00,2021-03-16 00:00:00+00:00,49.63833333333333,63626.415,58968.776770833334,21044.2103125,5315.951875,3121.5111458333336,29481.673333333336,24,18.17
2021-03-16,2021,3,16,75,1,0.9559793438440766,0.2934339689665273,0.7818314824680298,0.6234898018587336,0,weekday,2021-03-16 00:00:00+00:00,2021-03-17 00:00:00+00:00,56.23499999999999,62123.80333333334,60108.543333333335,14011.1703125,3132.3037500000005,4042.3530208333336,21185.827083333334,24,17.83
2021-03-17,2021,3,17,76,2,0.9608854255574976,0.2769462022689364,0.9749279121818236,-0.2225209339563143,0,weekday,2021-03-17 00:00:00+00:00,2021-03-18 00:00:00+00:00,57.935833333333335,57092.41916666667,61753.8525,4572.635833333333,2042.1059374999998,4407.254166666667,11021.995937500002,24,17.45
2021-03-18,2021,3,18,77,3,0.9655071658143364,0.2603764827344581,0.4338837391175582,-0.900968867902419,0,weekday,2021-03-18 00:00:00+00:00,2021-03-19 00:00:00+00:00,65.56125,57933.19208333333,60458.033124999994,2818.361666666667,511.9128125,4713.290416666667,8043.564895833333,24,18.16
2021-03-19,2021,3,19,78,4,0.969843196967294,0.2437297136096838,-0.433883739117558,-0.9009688679024191,0,weekday,2021-03-19 00:00:00+00:00,2021-03-20 00:00:00+00:00,56.377916666666664,59461.090416666666,59948.300833333335,10281.973333333333,1262.7620833333333,5284.784375,16829.519791666666,24,17.35
2021-03-20,2021,3,20,79,5,0.9738922359149924,0.2270108209414184,-0.9749279121818236,-0.2225209339563146,0,weekend,2021-03-20 00:00:00+00:00,2021-03-21 00:00:00+00:00,50.65,53883.49708333333,53914.03302083333,8656.505833333335,3141.3902083333337,6321.4303125,18119.326354166667,24,17.265
2021-03-21,2021,3,21,80,6,0.977653084481664,0.2102247521189836,-0.7818314824680299,0.6234898018587334,0,weekend,2021-03-21 00:00:00+00:00,2021-03-22 00:00:00+00:00,36.05625,58622.23583333333,52860.72875,20934.33625,5260.169479166666,3089.779270833333,29284.285,24,17.2675
2021-03-22,2021,3,22,81,0,0.981124629771712,0.1933764744102058,0.0,1.0,0,weekday,2021-03-22 00:00:00+00:00,2021-03-23 00:00:00+00:00,61.14791666666667,59829.42041666667,59788.60072916667,7720.1978125,2507.2936458333334,4127.060937499999,14354.552395833334,24,17.27
2021-03-23,2021,3,23,82,1,0.984305844499033,0.1764709734915216,0.7818314824680298,0.6234898018587336,0,weekday,2021-03-23 00:00:00+00:00,2021-03-24 00:00:00+00:00,62.43875,59011.160833333335,61132.21239583333,5399.1678125,2317.2360416666666,3565.1297916666667,11281.533645833333,24,17.85
2021-03-24,2021,3,24,83,2,0.9871957872910084,0.1595132519726365,0.9749279121818236,-0.2225209339563143,0,weekday,2021-03-24 00:00:00+00:00,2021-03-25 00:00:00+00:00,55.97208333333333,62575.073333333334,59644.70385416667,5884.991145833334,3848.271875,7336.711562500001,17069.974583333333,24,18.65
2021-03-25,2021,3,25,84,3,0.9897936029670716,0.1425083279161708,0.4338837391175582,-0.900968867902419,0,weekday,2021-03-25 00:00:00+00:00,2021-03-26 00:00:00+00:00,59.189166666666665,59715.5075,59495.07395833333,4163.4331250000005,2555.8247916666664,6158.20625,12877.464166666667,24,18.6
2021-03-26,2021,3,26,85,4,0.992098522791769,0.1254612333527364,-0.433883739117558,-0.9009688679024191,0,weekday,2021-03-26 00:00:00+00:00,2021-03-27 00:00:00+00:00,51.13958333333333,60875.80333333334,58205.839062499996,10875.9246875,5078.910520833333,7478.629895833333,23433.465104166666,24,18.6
2021-03-27,2021,3,27,86,5,0.9941098647022418,0.108377012791876,-0.9749279121818236,-0.2225209339563146,0,weekend,2021-03-27 00:00:00+00:00,2021-03-28 00:00:00+00:00,24.99,61422.736666666664,51247.1240625,25421.095833333336,4616.011875,5488.313125,35525.42083333333,24,18.7
2021-03-28,2021,3,28,87,6,0.9958270335100596,0.0912607217293118,-0.7818314824680299,0.6234898018587334,0,weekend,2021-03-28 00:00:00+00:00,2021-03-29 00:00:00+00:00,17.870833333333334,58748.45250000001,48574.27416666667,21172.556666666667,5921.6232291666665,6201.619895833333,33295.79979166667,24,18.48
2021-03-29,2021,3,29,88,0,0.9972495210773452,0.0741174251509443,0.0,1.0,0,weekday,2021-03-29 00:00:00+00:00,2021-03-30 00:00:00+00:00,42.7275,63668.838333333326,58318.83177083333,17045.650416666667,6048.9621875,7740.794270833333,30835.406875,24,18.26
2021-03-30,2021,3,30,89,1,0.998376906467142,0.0569521960340397,0.7818314824680298,0.6234898018587336,0,weekday,2021-03-30 00:00:00+00:00,2021-03-31 00:00:00+00:00,56.531666666666666,56735.354166666664,58335.2671875,4892.018958333333,3364.156145833333,9729.844895833334,17986.02,24,18.2
2021-03-31,2021,3,31,90,2,0.9992088560679752,0.0397701138460557,0.9749279121818236,-0.2225209339563143,0,weekday,2021-03-31 00:00:00+00:00,2021-04-01 00:00:00+00:00,58.78958333333333,54018.59666666667,57952.879375,2015.8607291666667,682.399375,9922.1409375,12620.401041666666,24,19.05
2021-04-01,2021,4,1,91,3,0.9997451236925734,0.0225762630415454,0.4338837391175582,-0.900968867902419,0,weekday,2021-04-01 00:00:00+00:00,2021-04-02 00:00:00+00:00,52.53125,54196.77541666667,56375.86656250001,8749.376458333334,3283.392395833333,8394.030416666666,20426.799270833333,24,19.0
2021-04-02,2021,4,2,92,4,0.9999855506507186,0.0053757315575838,-0.433883739117558,-0.9009688679024191,1,holiday,2021-04-02 00:00:00+00:00,2021-04-03 00:00:00+00:00,35.583333333333336,53213.68583333333,45788.994062499994,13871.466145833334,4616.406041666667,7703.651770833333,26191.523958333335,24,19.17
2021-04-03,2021,4,3,93,5,0.9999300657962056,-0.0118263906918325,-0.9749279121818236,-0.2225209339563146,0,weekend,2021-04-03 00:00:00+00:00,2021-04-04 00:00:00+00:00,40.04625,45053.25208333333,48486.16447916667,8978.420520833333,2937.53375,7257.41375,19173.368020833335,24,19.17
2021-04-04,2021,4,4,94,6,0.9995786855478958,-0.0290250133219752,-0.7818314824680299,0.6234898018587334,0,weekend,2021-04-04 00:00:00+00:00,2021-04-05 00:00:00+00:00,24.8225,47751.25791666666,44866.596874999996,10781.415208333334,4126.8859375,7796.762291666667,22705.063437499997,24,19.17
2021-04-05,2021,4,5,95,0,0.9989315138848576,-0.0462150469837083,0.0,1.0,1,holiday,2021-04-05 00:00:00+00:00,2021-04-06 00:00:00+00:00,-15.057083333333333,59882.21208333334,47663.02125,29431.023229166665,4597.0853125,4813.023125,38841.13166666667,24,19.17
2021-04-06,2021,4,6,96,1,0.9979887423155984,-0.0633914048695103,0.7818314824680298,0.6234898018587336,0,weekday,2021-04-06 00:00:00+00:00,2021-04-07 00:00:00+00:00,38.79458333333333,66890.435,57355.145208333335,24554.187187500003,5885.761979166667,6624.378125,37064.32729166667,24,19.745
2021-04-07,2021,4,7,97,2,0.9967506498213928,-0.0805490042187416,0.9749279121818236,-0.2225209339563143,0,weekday,2021-04-07 00:00:00+00:00,2021-04-08 00:00:00+00:00,49.57458333333333,65512.80833333333,58623.87739583334,25178.6446875,5011.8778125,4557.1515625,34747.6740625,24,19.65
2021-04-08,2021,4,8,98,3,0.9952176027737294,-0.0976827678217159,0.4338837391175582,-0.900968867902419,0,weekday,2021-04-08 00:00:00+00:00,2021-04-09 00:00:00+00:00,58.12291666666667,63429.76708333333,59396.194375,18281.88625,4958.761770833334,5408.746979166667,28649.395,24,19.325
2021-04-09,2021,4,9,99,4,0.9933900548258936,-0.114787625522127,-0.433883739117558,-0.9009688679024191,0,weekday,2021-04-09 00:00:00+00:00,2021-04-10 00:00:00+00:00,55.95666666666667,60072.795000000006,59394.091354166674,15801.928541666668,3206.0532291666664,6720.827083333334,25728.808854166666,24,19.35
2021-04-10,2021,4,10,100,5,0.9912685467787256,-0.1318585157173911,-0.9749279121818236,-0.2225209339563146,0,weekend,2021-04-10 00:00:00+00:00,2021-04-11 00:00:00+00:00,57.87625,46932.50833333333,50011.771041666674,7131.586145833334,894.723125,4886.554375,12912.863645833333,24,18.94
2021-04-11,2021,4,11,101,6,0.9888537064205885,-0.1488903868564548,-0.7818314824680299,0.6234898018587334,0,weekend,2021-04-11 00:00:00+00:00,2021-04-12 00:00:00+00:00,48.94541666666667,50070.865,46376.09104166667,12169.455729166666,3864.5777083333337,5938.4896875,21972.523125000003,24,19.1675
2021-04-12,2021,4,12,102,0,0.986146248341595,-0.1658781989346314,0.0,1.0,0,weekday,2021-04-12 00:00:00+00:00,2021-04-13 00:00:00+00:00,63.75333333333333,59047.49958333333,58370.387604166666,9466.740104166667,3289.9616666666666,4893.636979166667,17650.33875,24,19.395
2021-04-13,2021,4,13,103,1,0.98314697372215,-0.1828169249850199,0.7818314824680298,0.6234898018587336,0,weekday,2021-04-13 00:00:00+00:00,2021-04-14 00:00:00+00:00,57.95541666666667,63282.11083333333,58104.65666666667,11088.273020833332,3827.91,7937.176145833334,22853.359166666665,24,19.72
2021-04-14,2021,4,14,104,2,0.9798567700958664,-0.1997015525660636,0.9749279121818236,-0.2225209339563143,0,weekday,2021-04-14 00:00:00+00:00,2021-04-15 00:00:00+00:00,70.73583333333333,59732.105833333335,57025.175625,5001.098541666667,1046.8459375,8208.790729166667,14256.735208333334,24,19.6
2021-04-15,2021,4,15,105,3,0.976276611086932,-0.2165270852448143,0.4338837391175582,-0.900968867902419,0,weekday,2021-04-15 00:00:00+00:00,2021-04-16 00:00:00+00:00,66.84625,60445.28916666666,57593.60208333333,7129.1340625,821.4053125,7681.4190625,15631.9584375,24,19.9
2021-04-16,2021,4,16,106,4,0.9724075561219968,-0.2332885440754551,-0.433883739117558,-0.9009688679024191,0,weekday,2021-04-16 00:00:00+00:00,2021-04-17 00:00:00+00:00,63.834583333333335,59039.767499999994,56395.776249999995,8579.788333333334,1608.664375,6048.539687500001,16236.992395833333,24,20.625
2021-04-17,2021,4,17,107,5,0.9682507501166718,-0.2499809690726521,-0.9749279121818236,-0.2225209339563146,0,weekend,2021-04-17 00:00:00+00:00,2021-04-18 00:00:00+00:00,61.837916666666665,50391.06625,48063.58020833333,5812.864375,1734.6221875,5253.8628125000005,12801.349375,24,20.54
2021-04-18,2021,4,18,108,6,0.9638074231367308,-0.2665994206792935,-0.7818314824680299,0.6234898018587334,0,weekend,2021-04-18 00:00:00+00:00,2021-04-19 00:00:00+00:00,62.614583333333336,46941.026666666665,46276.349166666674,3490.165833333333,921.3929166666667,4953.5134375,9365.0721875,24,20.7075
2021-04-19,2021,4,19,109,0,0.9590788900341132,-0.2831389812281835,0.0,1.0,0,weekday,2021-04-19 00:00:00+00:00,2021-04-20 00:00:00+00:00,76.30833333333334,55601.03125,56696.52135416667,3226.517604166667,1210.6964583333333,6066.272916666666,10503.486979166666,24,20.875
2021-04-20,2021,4,20,110,1,0.9540665500578388,-0.2995947563972602,0.7818314824680298,0.6234898018587336,0,weekday,2021-04-20 00:00:00+00:00,2021-04-21 00:00:00+00:00,76.37541666666667,56901.973333333335,57265.870625,1673.6673958333333,350.60645833333336,8796.85375,10821.127604166666,24,20.85
2021-04-21,2021,4,21,111,2,0.9487718864399473,-0.3159618766579029,0.9749279121818236,-0.2225209339563143,0,weekday,2021-04-21 00:00:00+00:00,2021-04-22 00:00:00+00:00,58.85708333333333,61104.01458333333,57517.330729166664,9958.438854166667,3834.0952083333336,8958.907083333334,22751.441145833334,24,21.015
2021-04-22,2021,4,22,112,3,0.9431964659565866,-0.3322354987159043,0.4338837391175582,-0.900968867902419,0,weekday,2021-04-22 00:00:00+00:00,2021-04-23 00:00:00+00:00,47.37083333333334,65322.85,57535.68083333334,19099.882395833334,5036.0164583333335,8764.264375,32900.16322916667,24,21.3
2021-04-23,2021,4,23,113,4,0.9373419384643772,-0.3484108069446808,-0.433883739117558,-0.9009688679024191,0,weekday,2021-04-23 00:00:00+00:00,2021-04-24 00:00:00+00:00,62.28,57087.52458333334,57683.793125,10851.37,2433.7196875,10114.104687500001,23399.194375000003,24,20.8
2021-04-24,2021,4,24,114,5,0.9312100364121948,-0.3644830148102912,-0.9749279121818236,-0.2225209339563146,0,weekend,2021-04-24 00:00:00+00:00,2021-04-25 00:00:00+00:00,51.87291666666667,48133.15416666667,49007.2696875,5580.681562500001,2227.5070833333334,9838.979791666667,17647.1684375,24,20.045
2021-04-25,2021,4,25,115,6,0.9248025743285088,-0.3804473662878516,-0.7818314824680299,0.6234898018587334,0,weekend,2021-04-25 00:00:00+00:00,2021-04-26 00:00:00+00:00,37.86416666666667,45348.40541666667,44127.39208333333,6086.670208333333,1476.8931249999998,10427.226145833332,17990.789479166666,24,20.122500000000002
2021-04-26,2021,4,26,116,0,0.9181214482844364,-0.3962991372689181,0.0,1.0,0,weekday,2021-04-26 00:00:00+00:00,2021-04-27 00:00:00+00:00,62.306666666666665,54738.36916666667,55357.66625,4897.867395833334,401.29541666666665,11382.746874999999,16681.9096875,24,20.2
2021-04-27,2021,4,27,117,1,0.9111686353326632,-0.4120336369594263,0.7818314824680298,0.6234898018587336,0,weekday,2021-04-27 00:00:00+00:00,2021-04-28 00:00:00+00:00,59.8475,60220.59666666667,57122.819375,8891.9809375,1624.3614583333335,11631.648645833333,22147.991041666668,24,19.93
2021-04-28,2021,4,28,118,2,0.9039461929224012,-0.4276462092677746,0.9749279121818236,-0.2225209339563143,0,weekday,2021-04-28 00:00:00+00:00,2021-04-29 00:00:00+00:00,61.937916666666666,58593.557083333326,57730.972291666665,7540.1575,1798.1771875000002,10657.137395833333,19995.472083333334,24,21.79
2021-04-29,2021,4,29,119,3,0.8964562582905575,-0.4431322341826345,0.4338837391175582,-0.900968867902419,0,weekday,2021-04-29 00:00:00+00:00,2021-04-30 00:00:00+00:00,59.838750000000005,61495.04541666667,58953.8475,12575.363958333333,3178.7542708333335,6554.380416666667,22308.498645833333,24,21.665
2021-04-30,2021,4,30,120,4,0.8887010478292915,-0.4584871291400876,-0.433883739117558,-0.9009688679024191,0,weekday,2021-04-30 00:00:00+00:00,2021-05-01 00:00:00+00:00,70.295,53157.245,57083.65458333333,3906.692395833333,527.5746875,5856.861458333333,10291.128541666667,24,22.965
2021-05-01,2021,5,1,121,5,0.8806828564301475,-0.47370635037968,-0.9749279121818236,-0.2225209339563146,1,holiday,2021-05-01 00:00:00+00:00,2021-05-02 00:00:00+00:00,55.91958333333333,39024.933333333334,45972.02916666667,3230.8002083333336,1118.1520833333334,5991.984583333334,10340.936875,24,23.285
2021-05-02,2021,5,2,122,6,0.8724040568049612,-0.4887853942889926,-0.7818314824680299,0.6234898018587334,0,weekend,2021-05-02 00:00:00+00:00,2021-05-03 00:00:00+00:00,44.14625,44483.43833333333,47431.39552083333,11169.233020833335,2550.9255208333334,6127.225416666667,19847.383958333336,24,23.55
2021-05-03,2021,5,3,123,0,0.8638670987837349,-0.503719798736334,0.0,1.0,0,weekday,2021-05-03 00:00:00+00:00,2021-05-04 00:00:00+00:00,62.08375,54058.574583333335,57272.81375,13050.684791666667,1686.8528125,8677.850104166666,23415.387708333335,24,23.815
2021-05-04,2021,5,4,124,1,0.8550745085896932,-0.518505144391157,0.7818314824680298,0.6234898018587336,0,weekday,2021-05-04 00:00:00+00:00,2021-05-05 00:00:00+00:00,29.021666666666665,68667.98791666667,60021.4853125,36012.39197916666,4091.575833333334,5101.7384375,45205.706249999996,24,24.105
2021-05-05,2021,5,5,125,2,0.8460288880917339,-0.533137056031809,0.9749279121818236,-0.2225209339563143,0,weekday,2021-05-05 00:00:00+00:00,2021-05-06 00:00:00+00:00,34.06791666666667,69923.12791666666,60575.050729166665,32700.492395833335,4119.683541666666,7300.137395833334,44120.31333333333,24,23.4
2021-05-06,2021,5,6,126,3,0.8367329140344921,-0.5476112038402312,0.4338837391175582,-0.900968867902419,0,weekday,2021-05-06 00:00:00+00:00,2021-05-07 00:00:00+00:00,67.19125,56855.300416666665,64086.47875,13483.018750000001,2136.562395833333,6564.962291666667,22184.5434375,24,24.13
2021-05-07,2021,5,7,127,4,0.8271893372462497,-0.5619233046832195,-0.433883739117558,-0.9009688679024191,0,weekday,2021-05-07 00:00:00+00:00,2021-05-08 00:00:00+00:00,70.76125,54590.56416666667,61215.24916666667,11660.646145833334,1809.4898958333333,7393.891041666667,20864.027083333334,24,24.225
2021-05-08,2021,5,8,128,5,0.8174009818249189,-0.5760691233798758,-0.9749279121818236,-0.2225209339563146,0,weekend,2021-05-08 00:00:00+00:00,2021-05-09 00:00:00+00:00,46.685833333333335,48464.15541666667,50096.1525,10533.435520833335,2365.4222916666668,9910.359583333333,22809.217395833333,24,23.94
2021-05-09,2021,5,9,129,6,0.8073707443023492,-0.5900444739548627,-0.7818314824680299,0.6234898018587334,0,weekend,2021-05-09 00:00:00+00:00,2021-05-10 00:00:00+00:00,6.560833333333334,52478.36875,47164.177395833336,18255.422708333335,2820.8428125000005,11472.786354166667,32549.051875,24,24.5575
2021-05-10,2021,5,10,130,0,0.7971015927871943,-0.6038452208771035,0.0,1.0,0,weekday,2021-05-10 00:00:00+00:00,2021-05-11 00:00:00+00:00,59.94166666666666,55244.27833333333,58668.64875,12575.510729166666,2707.7253125,9134.068229166667,24417.304270833334,24,25.175
2021-05-11,2021,5,11,131,1,0.7865965660866021,-0.6174672802835514,0.7818314824680298,0.6234898018587336,0,weekday,2021-05-11 00:00:00+00:00,2021-05-12 00:00:00+00:00,71.84916666666668,50504.40416666667,59801.24427083333,5865.815520833334,1115.1191666666666,5734.5467708333335,12715.481458333334,24,24.8
2021-05-12,2021,5,12,132,2,0.7758587728069828,-0.6309066211876704,0.9749279121818236,-0.2225209339563143,0,weekday,2021-05-12 00:00:00+00:00,2021-05-13 00:00:00+00:00,69.42166666666667,48378.300416666665,59266.64125000001,6531.7003125,598.4259375,3837.1140625000003,10967.2403125,24,26.44
2021-05-13,2021,5,13,133,3,0.7648913904341225,-0.6441592666722685,0.4338837391175582,-0.900968867902419,1,holiday,2021-05-13 00:00:00+00:00,2021-05-14 00:00:00+00:00,63.64833333333333,39332.32666666667,46702.28843750001,5780.3853125,535.04875,4636.738958333333,10952.173020833334,24,25.75
2021-05-14,2021,5,14,134,4,0.753697664392914,-0.6572212950663319,-0.433883739117558,-0.9009688679024191,0,weekday,2021-05-14 00:00:00+00:00,2021-05-15 00:00:00+00:00,71.84625,43151.745416666665,55141.567708333336,4848.655520833333,610.9059375,7656.698020833333,13116.259479166665,24,26.35
2021-05-15,2021,5,15,135,5,0.742280907086982,-0.6700888411055113,-0.9749279121818236,-0.2225209339563146,0,weekend,2021-05-15 00:00:00+00:00,2021-05-16 00:00:00+00:00,58.8375,41689.89083333333,50722.47677083333,7119.208958333334,503.08916666666664,7097.993645833333,14720.291770833333,24,26.83
2021-05-16,2021,5,16,136,6,0.7306444969184916,-0.6827580970759147,-0.7818314824680299,0.6234898018587334,0,weekend,2021-05-16 00:00:00+00:00,2021-05-17 00:00:00+00:00,41.01,40496.729583333334,48313.682812499996,7964.834270833333,307.21541666666667,7502.5225,15774.5721875,24,26.465
2021-05-17,2021,5,17,137,0,0.7187918772884232,-0.6952253139408722,0.0,1.0,0,weekday,2021-05-17 00:00:00+00:00,2021-05-18 00:00:00+00:00,74.55666666666666,47813.99333333334,59239.99229166666,8603.6859375,139.91072916666667,7021.661041666666,15765.257708333333,24,26.1
2021-05-18,2021,5,18,138,1,0.7067265555776158,-0.7074868024503348,0.7818314824680298,0.6234898018587336,0,weekday,2021-05-18 00:00:00+00:00,2021-05-19 00:00:00+00:00,74.71458333333334,49599.15333333333,59233.7028125,7120.240104166667,347.2675,7124.839375,14592.346979166667,24,25.4
2021-05-19,2021,5,19,139,2,0.6944521021088763,-0.719538934232584,0.9749279121818236,-0.2225209339563143,0,weekday,2021-05-19 00:00:00+00:00,2021-05-20 00:00:00+00:00,77.80749999999999,49440.36958333334,58501.465208333335,3837.9792708333334,368.5448958333333,7992.461354166667,12198.985520833332,24,24.05
2021-05-20,2021,5,20,140,3,0.6819721490904629,-0.7313781428679254,0.4338837391175582,-0.900968867902419,0,weekday,2021-05-20 00:00:00+00:00,2021-05-21 00:00:00+00:00,67.69083333333333,51538.99083333334,58498.23500000001,5957.085104166667,1260.6144791666668,8901.9940625,16119.693645833335,24,23.1
2021-05-21,2021,5,21,141,4,0.6692903895412567,-0.7430009249440493,-0.433883739117558,-0.9009688679024191,0,weekday,2021-05-21 00:00:00+00:00,2021-05-22 00:00:00+00:00,30.354583333333334,61450.60166666666,57546.567083333335,21366.83270833333,5046.766875,7201.7590625,33615.35864583334,24,25.3
2021-05-22,2021,5,22,142,5,0.6564105761979381,-0.7544038410927472,-0.9749279121818236,-0.2225209339563146,0,weekend,2021-05-22 00:00:00+00:00,2021-05-23 00:00:00+00:00,-5.562916666666666,59551.38208333333,49205.88270833334,25872.844791666666,4077.9113541666666,8505.666041666667,38456.4221875,24,24.795
2021-05-23,2021,5,23,143,6,0.6433365204044917,-0.765583517007675,-0.7818314824680299,0.6234898018587334,0,weekend,2021-05-23 00:00:00+00:00,2021-05-24 00:00:00+00:00,23.39916666666667,48840.92625,42637.34125,13376.511145833334,3211.080520833333,8731.918020833333,25319.5096875,24,24.635
2021-05-24,2021,5,24,144,0,0.6300720909843687,-0.7765366444428655,0.0,1.0,1,holiday,2021-05-24 00:00:00+00:00,2021-05-25 00:00:00+00:00,32.91041666666667,51104.817500000005,44921.489062500004,13798.816250000002,2971.8279166666666,8264.694270833334,25035.338437500002,24,24.475
2021-05-25,2021,5,25,145,1,0.6166212130956382,-0.7872599821916922,0.7818314824680298,0.6234898018587336,0,weekday,2021-05-25 00:00:00+00:00,2021-05-26 00:00:00+00:00,60.87583333333333,58114.35375,56927.05395833333,19324.74645833333,1466.1377083333334,7540.367812500001,28331.251979166667,24,25.25
2021-05-26,2021,5,26,146,2,0.6029878670694714,-0.7977503570459932,0.9749279121818236,-0.2225209339563143,0,weekday,2021-05-26 00:00:00+00:00,2021-05-27 00:00:00+00:00,66.70875,60118.31291666667,58409.378854166665,18638.363020833334,3424.435520833333,5538.947187500001,27601.745729166665,24,26.775
2021-05-27,2021,5,27,147,3,0.5891760872322963,-0.8080046647350754,0.4338837391175582,-0.900968867902419,0,weekday,2021-05-27 00:00:00+00:00,2021-05-28 00:00:00+00:00,72.61708333333333,59014.8525,59423.72385416667,14738.542500000001,2453.0755208333335,6354.768333333333,23546.386354166665,24,25.645
2021-05-28,2021,5,28,148,4,0.5751899607119775,-0.8180198708443174,-0.433883739117558,-0.9009688679024191,0,weekday,2021-05-28 00:00:00+00:00,2021-05-29 00:00:00+00:00,73.99208333333333,52217.82666666667,58407.5625,4816.10125,848.1227083333333,9039.5715625,14703.795520833335,24,25.1
2021-05-29,2021,5,29,149,5,0.5610336262283677,-0.8277930117131022,-0.9749279121818236,-0.2225209339563146,0,weekend,2021-05-29 00:00:00+00:00,2021-05-30 00:00:00+00:00,55.7275,44507.68083333334,50033.165,4424.331666666667,821.7894791666666,10667.62875,15913.749895833333,24,24.93
2021-05-30,2021,5,30,150,6,0.5467112728685939,-0.8373211953118121,-0.7818314824680299,0.6234898018587334,0,weekend,2021-05-30 00:00:00+00:00,2021-05-31 00:00:00+00:00,38.318333333333335,43313.74791666667,47165.90604166667,4646.907291666666,239.04458333333332,12193.345520833333,17079.297395833335,24,25.013333333333332
2021-05-31,2021,5,31,151,0,0.5322271388474397,-0.8466016020976267,0.0,1.0,0,weekday,2021-05-31 00:00:00+00:00,2021-06-01 00:00:00+00:00,67.92583333333333,50573.41625,54741.448645833334,3362.3605208333333,428.69875,12550.946666666665,16342.0059375,24,25.096666666666668
2021-06-01,2021,6,1,152,1,0.5175855102531889,-0.8556314858488706,0.7818314824680298,0.6234898018587336,0,weekday,2021-06-01 00:00:00+00:00,2021-06-02 00:00:00+00:00,68.82375,50773.73166666667,56200.743125,4703.856458333333,724.3146874999999,12303.211041666667,17731.3821875,24,25.18
2021-06-02,2021,6,2,153,2,0.5027907197793043,-0.8644081744776648,0.9749279121818236,-0.2225209339563143,0,weekday,2021-06-02 00:00:00+00:00,2021-06-03 00:00:00+00:00,66.69083333333333,53562.20958333334,55861.65041666667,7263.8896875,2878.8196875,12208.410000000002,22351.119375,24,25.7
2021-06-03,2021,6,3,154,3,0.4878471454423119,-0.8729290708206411,0.4338837391175582,-0.900968867902419,0,weekday,2021-06-03 00:00:00+00:00,2021-06-04 00:00:00+00:00,62.93416666666667,51671.93916666667,48645.77666666667,7717.264479166667,2260.7503125,10585.7965625,20563.811354166664,24,26.25
2021-06-04,2021,6,4,155,4,0.4727592092862775,-0.881191653407483,-0.433883739117558,-0.9009688679024191,0,weekday,2021-06-04 00:00:00+00:00,2021-06-05 00:00:00+00:00,72.50125,47204.28833333333,54398.450000000004,3317.044375,565.0985416666666,8730.577083333334,12612.72,24,25.75
2021-06-05,2021,6,5,156,5,0.4575313760742512,-0.8891934772070711,-0.9749279121818236,-0.2225209339563146,0,weekend,2021-06-05 00:00:00+00:00,2021-06-06 00:00:00+00:00,62.030833333333334,42726.45875,48425.78979166667,4364.8793749999995,1041.7994791666667,7925.00125,13331.680104166668,24,25.795
2021-06-06,2021,6,6,157,6,0.442168151967072,-0.8969321743510065,-0.7818314824680299,0.6234898018587334,0,weekend,2021-06-06 00:00:00+00:00,2021-06-07 00:00:00+00:00,60.14833333333333,37601.068333333336,45789.3771875,3746.8025000000002,1854.1296875,5382.3521875,10983.284375000001,24,25.8475
2021-06-07,2021,6,7,158,0,0.4266740831899246,-0.9044054548343,0.0,1.0,0,weekday,2021-06-07 00:00:00+00:00,2021-06-08 00:00:00+00:00,77.97500000000001,49550.43583333333,55089.24156250001,2835.2002083333336,558.0867708333334,7229.323333333333,10622.610312499999,24,25.9
2021-06-08,2021,6,8,159,1,0.4110537546870351,-0.911611107193024,0.7818314824680298,0.6234898018587336,0,weekday,2021-06-08 00:00:00+00:00,2021-06-09 00:00:00+00:00,77.13958333333333,51869.75916666666,55927.23927083333,2560.870625,171.66145833333334,9338.0721875,12070.604270833333,24,27.475
2021-06-09,2021,6,9,160,2,0.3953117887649151,-0.9185469991587164,0.9749279121818236,-0.2225209339563143,0,weekday,2021-06-09 00:00:00+00:00,2021-06-10 00:00:00+00:00,77.72666666666667,51569.770833333336,57215.3971875,1063.23875,221.38114583333333,10043.8790625,11328.498958333335,24,27.9
2021-06-10,2021,6,10,161,3,0.3794528437245443,-0.925211078289358,0.4338837391175582,-0.900968867902419,0,weekday,2021-06-10 00:00:00+00:00,2021-06-11 00:00:00+00:00,79.3175,51874.826250000006,57204.527291666665,1170.51375,391.5121875,10723.222916666668,12285.248854166668,24,28.275
2021-06-11,2021,6,11,162,4,0.3634816124829063,-0.9316013725767188,-0.433883739117558,-0.9009688679024191,0,weekday,2021-06-11 00:00:00+00:00,2021-06-12 00:00:00+00:00,78.01625,51751.99958333333,56537.818125,2722.41375,2152.5913541666664,11224.4709375,16099.476041666667,24,28.5
2021-06-12,2021,6,12,163,5,0.3474028211842774,-0.9377159910299092,-0.9749279121818236,-0.2225209339563146,0,weekend,2021-06-12 00:00:00+00:00,2021-06-13 00:00:00+00:00,34.94583333333333,49892.71916666667,48308.693437500006,15918.5784375,3587.605208333333,8885.393958333332,28391.57760416667,24,27.845
2021-06-13,2021,6,13,164,6,0.3312212278016865,-0.9435531242349544,-0.7818314824680299,0.6234898018587334,0,weekend,2021-06-13 00:00:00+00:00,2021-06-14 00:00:00+00:00,23.783749999999998,44891.451250000006,45455.625,10098.9584375,2266.6567708333337,12013.625208333333,24379.240416666667,24,28.4725
2021-06-14,2021,6,14,165,0,0.3149416207289519,-0.9491110448902284,0.0,1.0,0,weekday,2021-06-14 00:00:00+00:00,2021-06-15 00:00:00+00:00,75.22958333333334,51196.00541666666,56210.78541666667,3492.695208333333,2461.805625,13434.5784375,19389.079270833336,24,29.1
2021-06-15,2021,6,15,166,1,0.2985688173637202,-0.9543881083175908,0.7818314824680298,0.6234898018587336,0,weekday,2021-06-15 00:00:00+00:00,2021-06-16 00:00:00+00:00,82.90833333333333,52171.503333333334,57784.4334375,2493.805,358.285,11450.5953125,14302.6853125,24,28.3
2021-06-16,2021,6,16,167,2,0.2821076626819194,-0.9593827529490744,0.9749279121818236,-0.2225209339563143,0,weekday,2021-06-16 00:00:00+00:00,2021-06-17 00:00:00+00:00,85.2175,56737.76416666667,57897.72760416666,4203.397291666667,1227.5069791666667,12449.226770833333,17880.131041666667,24,28.0
2021-06-17,2021,6,17,168,3,0.2655630278040559,-0.9640935007889756,0.4338837391175582,-0.900968867902419,0,weekday,2021-06-17 00:00:00+00:00,2021-06-18 00:00:00+00:00,78.39541666666666,58614.20166666667,58239.64854166666,7828.471354166667,1845.2940625,12908.106770833334,22581.8721875,24,27.8
2021-06-18,2021,6,18,169,4,0.2489398085537665,-0.9685189578512204,-0.433883739117558,-0.9009688679024191,0,weekday,2021-06-18 00:00:00+00:00,2021-06-19 00:00:00+00:00,80.78166666666667,55975.71291666667,57687.90791666667,5265.68,2181.6811458333336,11980.281041666667,19427.6421875,24,28.935
2021-06-19,2021,6,19,170,5,0.2322429240090701,-0.9726578145718654,-0.9749279121818236,-0.2225209339563146,0,weekend,2021-06-19 00:00:00+00:00,2021-06-20 00:00:00+00:00,69.86166666666666,47452.098333333335,50633.08354166666,6188.6628125,2138.938125,11522.137499999999,19849.7384375,24,29.405
2021-06-20,2021,6,20,171,6,0.2154773150467301,-0.976508846196619,-0.7818314824680299,0.6234898018587334,0,weekend,2021-06-20 00:00:00+00:00,2021-06-21 00:00:00+00:00,58.15208333333334,45321.572916666664,47366.56041666667,8859.745625,2272.3908333333334,9916.696249999999,21048.83270833333,24,29.6875
2021-06-21,2021,6,21,172,0,0.1986479428801711,-0.9800709131432666,0.0,1.0,0,weekday,2021-06-21 00:00:00+00:00,2021-06-22 00:00:00+00:00,78.53875000000001,54895.026666666665,58109.64124999999,9108.033541666666,3085.8914583333335,8988.963229166666,21182.888229166667,24,29.97
2021-06-22,2021,6,22,173,1,0.1817597875913753,-0.9833429613388902,0.7818314824680298,0.6234898018587336,0,weekday,2021-06-22 00:00:00+00:00,2021-06-23 00:00:00+00:00,85.02458333333334,53465.46708333333,58557.50239583334,5158.003958333334,2028.5349999999999,7495.756875,14682.295833333332,24,30.05
2021-06-23,2021,6,23,174,2,0.1648178466571979,-0.9863240225317866,0.9749279121818236,-0.2225209339563143,0,weekday,2021-06-23 00:00:00+00:00,2021-06-24 00:00:00+00:00,93.76416666666667,53237.385,59045.4028125,2451.0964583333334,870.8731250000001,8505.659583333334,11827.629166666666,24,31.35
2021-06-24,2021,6,24,175,3,0.1478271334705304,-0.9890132145779884,0.4338837391175582,-0.900968867902419,0,weekday,2021-06-24 00:00:00+00:00,2021-06-25 00:00:00+00:00,95.22208333333333,50121.963333333326,58045.81666666667,2174.709375,152.69447916666667,6833.892083333333,9161.295937500001,24,31.55
2021-06-25,2021,6,25,176,4,0.1307926758567592,-0.9914097417023038,-0.433883739117558,-0.9009688679024191,0,weekday,2021-06-25 00:00:00+00:00,2021-06-26 00:00:00+00:00,90.46333333333332,48875.794583333336,56564.95020833333,1385.0635416666667,310.2384375,7846.042083333334,9541.3440625,24,31.95
2021-06-26,2021,6,26,177,5,0.1137195145859496,-0.9935128947338008,-0.9749279121818236,-0.2225209339563146,0,weekend,2021-06-26 00:00:00+00:00,2021-06-27 00:00:00+00:00,79.07791666666667,41840.39208333333,48594.60229166667,1022.8169791666666,134.951875,10627.435520833333,11785.204375000001,24,32.385
2021-06-27,2021,6,27,178,6,0.0966127018812031,-0.9953220513156602,-0.7818314824680299,0.6234898018587334,0,weekend,2021-06-27 00:00:00+00:00,2021-06-28 00:00:00+00:00,65.48833333333333,40377.90708333333,46014.5103125,2366.403541666667,327.248125,11504.386979166666,14198.038645833332,24,32.2425
2021-06-28,2021,6,28,179,0,0.0794772999236209,-0.9968366760893436,0.0,1.0,0,weekday,2021-06-28 00:00:00+00:00,2021-06-29 00:00:00+00:00,89.175,52669.05958333333,57238.3671875,3396.1419791666667,1605.6156250000001,11041.829375000001,16043.586979166668,24,32.1
2021-06-29,2021,6,29,180,1,0.062318379354325,-0.998056320853012,0.7818314824680298,0.6234898018587336,0,weekday,2021-06-29 00:00:00+00:00,2021-06-30 00:00:00+00:00,92.18333333333334,53016.83958333333,58776.33885416667,3403.733125,2849.380625,7473.0925,13726.206250000001,24,32.855
2021-06-30,2021,6,30,181,2,0.0451410177739719,-0.998980624694158,0.9749279121818236,-0.2225209339563143,0,weekday,2021-06-30 00:00:00+00:00,2021-07-01 00:00:00+00:00,92.76291666666667,51716.04833333333,58816.11854166666,7356.324375,1410.8515625,6349.870729166666,15117.046666666667,24,33.875
2021-07-01,2021,7,1,182,3,0.0279502982402103,-0.999609314096404,0.4338837391175582,-0.900968867902419,0,weekday,2021-07-01 00:00:00+00:00,2021-07-02 00:00:00+00:00,90.425,51425.98416666667,59410.83479166666,11580.6103125,1943.7996875,4475.516041666667,17999.926041666666,24,35.5
2021-07-02,2021,7,2,183,4,0.0107513077635219,-0.9999422030204416,-0.433883739117558,-0.9009688679024191,0,weekday,2021-07-02 00:00:00+00:00,2021-07-03 00:00:00+00:00,96.83125,48387.18041666667,57552.878854166665,4184.279687499999,552.1640625,8480.988645833333,13217.432395833333,24,34.925
2021-07-03,2021,7,3,184,5,-0.0064508641981051,-0.9999791929590824,-0.9749279121818236,-0.2225209339563146,0,weekend,2021-07-03 00:00:00+00:00,2021-07-04 00:00:00+00:00,84.05583333333333,42066.10166666666,47315.65864583334,2096.53875,256.693125,11127.885833333334,13481.117708333333,24,35.827
2021-07-04,2021,7,4,185,6,-0.0236511272452315,-0.9997202729664084,-0.7818314824680299,0.6234898018587334,0,weekend,2021-07-04 00:00:00+00:00,2021-07-05 00:00:00+00:00,82.34041666666667,38765.247083333335,44923.1053125,2090.0568749999998,314.51354166666664,8431.281041666667,10835.851458333333,24,36.30133333333333
2021-07-05,2021,7,5,186,0,-0.0408443915432961,-0.9991655196610107,0.0,1.0,0,weekday,2021-07-05 00:00:00+00:00,2021-07-06 00:00:00+00:00,94.57416666666667,48295.87458333333,56691.22145833333,4672.75125,909.3185416666666,7333.321354166666,12915.391145833333,24,36.775666666666666
2021-07-06,2021,7,6,187,1,-0.0580255693287803,-0.9983150972033183,0.7818314824680298,0.6234898018587336,0,weekday,2021-07-06 00:00:00+00:00,2021-07-07 00:00:00+00:00,80.80666666666667,54954.96916666667,57695.01385416667,12972.1325,4012.382291666667,8854.646458333335,25839.16125,24,37.25
2021-07-07,2021,7,7,188,2,-0.0751895764147585,-0.9971692572470178,0.9749279121818236,-0.2225209339563143,0,weekday,2021-07-07 00:00:00+00:00,2021-07-08 00:00:00+00:00,100.20083333333334,50406.70333333333,57384.45583333333,3541.6162499999996,2278.9222916666668,7490.841354166667,13311.379895833334,24,34.315
2021-07-08,2021,7,8,189,3,-0.0923313336953912,-0.9957283388645872,0.4338837391175582,-0.900968867902419,0,weekday,2021-07-08 00:00:00+00:00,2021-07-09 00:00:00+00:00,109.37374999999999,47742.29625000001,58262.7459375,1641.4269791666666,456.9402083333334,6168.790520833333,8267.157708333334,24,32.29
2021-07-09,2021,7,9,190,4,-0.1094457686489155,-0.993992768446958,-0.433883739117558,-0.9009688679024191,0,weekday,2021-07-09 00:00:00+00:00,2021-07-10 00:00:00+00:00,91.60083333333334,47481.369999999995,56471.64166666666,4556.512604166667,416.49895833333335,5591.922916666666,10564.934479166666,24,35.84
2021-07-10,2021,7,10,191,5,-0.1265278168386831,-0.9919630595773395,-0.9749279121818236,-0.2225209339563146,0,weekend,2021-07-10 00:00:00+00:00,2021-07-11 00:00:00+00:00,80.63291666666667,43864.44666666666,47043.08177083333,3538.085833333333,666.9233333333333,10391.075520833334,14596.084687499999,24,36.632
2021-07-11,2021,7,11,192,6,-0.1435724234118113,-0.9896398128792412,-0.7818314824680299,0.6234898018587334,0,weekend,2021-07-11 00:00:00+00:00,2021-07-12 00:00:00+00:00,77.76333333333334,41057.52333333334,44215.56427083333,2796.9636458333334,704.02375,8103.710625,11604.698020833333,24,35.933499999999995
2021-07-12,2021,7,12,193,0,-0.1605745445949937,-0.9870237158387384,0.0,1.0,0,weekday,2021-07-12 00:00:00+00:00,2021-07-13 00:00:00+00:00,94.25916666666667,51452.56958333333,55647.53833333333,3838.4047916666664,1374.875625,10299.766458333334,15513.046875,24,35.235
2021-07-13,2021,7,13,194,1,-0.1775291491870349,-0.984115542601034,0.7818314824680298,0.6234898018587336,0,weekday,2021-07-13 00:00:00+00:00,2021-07-14 00:00:00+00:00,94.60333333333334,50805.605833333335,56631.16729166667,4357.0771875,652.1077083333333,7244.4478125,12253.632708333333,24,34.305
2021-07-14,2021,7,14,195,2,-0.1944312200476619,-0.9809161537413774,0.9749279121818236,-0.2225209339563143,0,weekday,2021-07-14 00:00:00+00:00,2021-07-15 00:00:00+00:00,87.86416666666666,50987.168750000004,57393.17979166666,7808.047916666666,2525.0163541666666,5598.786041666666,15931.850312499999,24,34.835
2021-07-15,2021,7,15,196,3,-0.2112757555821793,-0.9774264960104057,0.4338837391175582,-0.900968867902419,0,weekday,2021-07-15 00:00:00+00:00,2021-07-16 00:00:00+00:00,89.9425,49336.84208333333,57715.73072916667,4159.7534375000005,4225.6825,7287.7422916666665,15673.178229166668,24,34.2
2021-07-16,2021,7,16,197,4,-0.2280577712215198,-0.9736476020539838,-0.433883739117558,-0.9009688679024191,0,weekday,2021-07-16 00:00:00+00:00,2021-07-17 00:00:00+00:00,84.91583333333334,49428.579999999994,57211.192500000005,4483.668854166666,3546.9296875,8434.832083333333,16465.430625,24,35.1
2021-07-17,2021,7,17,198,5,-0.2447723008972595,-0.9695805901076308,-0.9749279121818236,-0.2225209339563146,0,weekend,2021-07-17 00:00:00+00:00,2021-07-18 00:00:00+00:00,61.01333333333333,44122.24958333333,47772.433020833334,12284.350416666666,2367.6608333333334,7742.786666666667,22394.797916666666,24,34.84
2021-07-18,2021,7,18,199,6,-0.2614143985111562,-0.965226663665613,-0.7818314824680299,0.6234898018587334,0,weekend,2021-07-18 00:00:00+00:00,2021-07-19 00:00:00+00:00,46.83625,42707.895416666666,44721.14124999999,9285.459479166666,2063.9283333333333,10583.168333333333,21932.556145833336,24,35.645
2021-07-19,2021,7,19,200,0,-0.2779791393987801,-0.9605871111248128,0.0,1.0,0,weekday,2021-07-19 00:00:00+00:00,2021-07-20 00:00:00+00:00,90.57583333333334,48481.02666666667,56087.04822916666,5519.6409375,1627.6914583333335,9884.5971875,17031.929583333334,24,36.45
2021-07-20,2021,7,20,201,1,-0.2944616217868012,-0.9556633054034704,0.7818314824680298,0.6234898018587336,0,weekday,2021-07-20 00:00:00+00:00,2021-07-21 00:00:00+00:00,92.03458333333333,50279.90375,56997.88947916666,4308.410104166666,1571.7447916666667,10125.664375,16005.819270833335,24,35.095
2021-07-21,2021,7,21,202,2,-0.3108569682435036,-0.9504567035349152,0.9749279121818236,-0.2225209339563143,0,weekday,2021-07-21 00:00:00+00:00,2021-07-22 00:00:00+00:00,90.37166666666667,49218.42875,57229.18729166667,2731.5298958333333,754.2583333333333,10164.2515625,13650.039791666668,24,35.5
2021-07-22,2021,7,22,203,3,-0.3271603271220951,-0.9449688462364056,0.4338837391175582,-0.900968867902419,0,weekday,2021-07-22 00:00:00+00:00,2021-07-23 00:00:00+00:00,88.34833333333334,48392.89833333334,57324.753124999996,1826.5111458333333,672.9171875000001,10336.424791666666,12835.853125,24,35.675
2021-07-23,2021,7,23,204,4,-0.343366873996388,-0.939201357453208,-0.433883739117558,-0.9009688679024191,0,weekday,2021-07-23 00:00:00+00:00,2021-07-24 00:00:00+00:00,88.98916666666668,47122.331666666665,56187.50291666667,1492.51625,175.1990625,10803.432083333333,12471.147395833332,24,35.815
2021-07-24,2021,7,24,205,5,-0.3594718130884232,-0.9331559438780432,-0.9749279121818236,-0.2225209339563146,0,weekend,2021-07-24 00:00:00+00:00,2021-07-25 00:00:00+00:00,73.88791666666667,42272.43541666667,48424.103854166664,6516.513958333333,1481.7630208333333,9232.734895833333,17231.011875,24,35.525
2021-07-25,2021,7,25,206,6,-0.3754703786876202,-0.9268343944460494,-0.7818314824680299,0.6234898018587334,0,weekend,2021-07-25 00:00:00+00:00,2021-07-26 00:00:00+00:00,62.399166666666666,39759.277916666666,45803.30875,4956.077708333333,2452.0764583333334,7914.492604166667,15322.646770833335,24,35.832499999999996
2021-07-26,2021,7,26,207,0,-0.3913578365610259,-0.9202385798054076,0.0,1.0,0,weekday,2021-07-26 00:00:00+00:00,2021-07-27 00:00:00+00:00,89.27125000000001,46686.176666666666,56299.61541666667,2817.255833333333,357.716875,8372.829270833334,11547.801979166667,24,36.14
2021-07-27,2021,7,27,208,1,-0.4071294853542516,-0.9133704517637858,0.7818314824680298,0.6234898018587336,0,weekday,2021-07-27 00:00:00+00:00,2021-07-28 00:00:00+00:00,87.85666666666667,50338.62458333333,57265.0965625,5530.911666666667,783.4805208333333,8721.413229166666,15035.805416666668,24,37.695
2021-07-28,2021,7,28,209,2,-0.4227806579826773,-0.9062320427107696,0.9749279121818236,-0.2225209339563143,0,weekday,2021-07-28 00:00:00+00:00,2021-07-29 00:00:00+00:00,77.7225,51470.50666666666,57346.326250000006,10868.527083333332,3405.9913541666665,7622.770416666666,21897.288854166665,24,38.465
2021-07-29,2021,7,29,210,3,-0.4383067230125192,-0.898825465016444,0.4338837391175582,-0.900968867902419,0,weekday,2021-07-29 00:00:00+00:00,2021-07-30 00:00:00+00:00,46.905,59999.119999999995,57091.66166666666,19529.794583333332,5249.2898958333335,9748.2928125,34527.37729166667,24,40.35
2021-07-30,2021,7,30,211,4,-0.4537030860313442,-0.8911529104063088,-0.433883739117558,-0.9009688679024191,0,weekday,2021-07-30 00:00:00+00:00,2021-07-31 00:00:00+00:00,65.345,51321.065833333334,56313.49354166666,10854.154166666667,2952.1603125,10611.7734375,24418.087916666667,24,40.51
2021-07-31,2021,7,31,212,5,-0.4689651910076318,-0.8832166493127127,-0.9749279121818236,-0.2225209339563146,0,weekend,2021-07-31 00:00:00+00:00,2021-08-01 00:00:00+00:00,29.634583333333335,52803.79541666667,47471.50885416666,20107.27625,2626.057604166667,8723.960416666667,31457.294270833332,24,40.755
2021-08-01,2021,8,1,213,6,-0.4840885216389758,-0.8750190302029955,-0.7818314824680299,0.6234898018587334,0,weekend,2021-08-01 00:00:00+00:00,2021-08-02 00:00:00+00:00,59.70583333333334,36907.349583333336,44698.7603125,5766.416041666666,1994.9601041666667,5555.832604166667,13317.20875,24,41.4275
2021-08-02,2021,8,2,214,0,-0.4990686026885319,-0.8665624788845385,0.0,1.0,0,weekday,2021-08-02 00:00:00+00:00,2021-08-03 00:00:00+00:00,82.53291666666667,47427.52291666667,54945.638750000006,7691.785729166667,2255.401354166667,8355.0796875,18302.266770833336,24,42.1
2021-08-03,2021,8,3,215,1,-0.5139010013093103,-0.8578494977869301,0.7818314824680298,0.6234898018587336,0,weekday,2021-08-03 00:00:00+00:00,2021-08-04 00:00:00+00:00,97.19375000000001,44189.612499999996,55636.06041666667,1926.5320833333333,235.79947916666666,7333.554166666666,9495.885729166666,24,41.59
2021-08-04,2021,8,4,216,2,-0.5285813283559292,-0.8488826652214553,0.9749279121818236,-0.2225209339563143,0,weekday,2021-08-04 00:00:00+00:00,2021-08-05 00:00:00+00:00,98.56,44916.950000000004,55341.198333333334,1630.0084375,125.9790625,6735.9021875,8491.889687500001,24,41.54
2021-08-05,2021,8,5,217,3,-0.5431052396834317,-0.8396646346181327,0.4338837391175582,-0.900968867902419,0,weekday,2021-08-05 00:00:00+00:00,2021-08-06 00:00:00+00:00,93.44333333333333,45274.448333333334,54963.42010416667,3266.619375,1094.2595833333332,6841.199166666666,11202.078125,24,41.57
2021-08-06,2021,8,6,218,4,-0.5574684374327892,-0.8301981337405212,-0.433883739117558,-0.9009688679024191,0,weekday,2021-08-06 00:00:00+00:00,2021-08-07 00:00:00+00:00,71.8775,46809.11791666667,53747.04270833333,8652.986875,3000.6284375,7161.3040625,18814.919375,24,43.9
2021-08-07,2021,8,7,219,5,-0.5716666713027052,-0.8204859638785327,-0.9749279121818236,-0.2225209339563146,0,weekend,2021-08-07 00:00:00+00:00,2021-08-08 00:00:00+00:00,57.344166666666666,40925.91375,48465.53760416667,7650.348854166667,2099.7528125,7168.517812500001,16918.619479166668,24,43.12
2021-08-08,2021,8,8,220,6,-0.5856957398073508,-0.8105309990194823,-0.7818314824680299,0.6234898018587334,0,weekend,2021-08-08 00:00:00+00:00,2021-08-09 00:00:00+00:00,8.676666666666668,48888.65458333333,44518.387604166666,18062.825729166667,3342.2765624999997,8009.889166666667,29414.991458333334,24,43.1075
2021-08-09,2021,8,9,221,0,-0.5995514915196489,-0.8003361849976323,0.0,1.0,0,weekday,2021-08-09 00:00:00+00:00,2021-08-10 00:00:00+00:00,70.675,49395.20583333333,54853.10333333333,11472.505625,3379.0871875,8938.298541666667,23789.891354166666,24,43.095
2021-08-10,2021,8,10,222,1,-0.6132298262997502,-0.7899045386224707,0.7818314824680298,0.6234898018587336,0,weekday,2021-08-10 00:00:00+00:00,2021-08-11 00:00:00+00:00,92.88916666666667,45980.22583333333,55591.708333333336,6376.362604166668,1149.8070833333334,8409.635416666666,15935.805104166668,24,44.39
2021-08-11,2021,8,11,223,2,-0.6267266965083301,-0.7792391467859886,0.9749279121818236,-0.2225209339563143,0,weekday,2021-08-11 00:00:00+00:00,2021-08-12 00:00:00+00:00,101.85374999999999,44132.02208333334,54811.8615625,2051.88,487.1684375,9643.7384375,12182.786875,24,44.975
2021-08-12,2021,8,12,224,3,-0.6400381082043503,-0.7683431655492202,0.4338837391175582,-0.900968867902419,0,weekday,2021-08-12 00:00:00+00:00,2021-08-13 00:00:00+00:00,106.69875,45251.635,54375.496979166666,1527.8208333333332,848.4697916666668,10639.154375,13015.445,24,46.15
2021-08-13,2021,8,13,225,4,-0.65316012232693,-0.7572198192083127,-0.433883739117558,-0.9009688679024191,0,weekday,2021-08-13 00:00:00+00:00,2021-08-14 00:00:00+00:00,94.41125,48391.72708333333,53485.9653125,5367.5859375,2718.0053125,9487.460729166667,17573.051979166667,24,44.415
2021-08-14,2021,8,14,226,5,-0.666088855860977,-0.7458723993404063,-0.9749279121818236,-0.2225209339563146,0,weekend,2021-08-14 00:00:00+00:00,2021-08-15 00:00:00+00:00,63.237500000000004,45972.6775,46846.4790625,7990.143645833333,4000.865625,10175.970833333335,22166.980104166665,24,44.63
2021-08-15,2021,8,15,227,6,-0.6788204829862355,-0.734304263829602,-0.7818314824680299,0.6234898018587334,0,weekend,2021-08-15 00:00:00+00:00,2021-08-16 00:00:00+00:00,61.922083333333326,39593.79583333333,44708.88979166667,5289.877291666667,2175.25875,9368.679270833332,16833.8153125,24,45.44
2021-08-16,2021,8,16,228,0,-0.6913512362094071,-0.722518835873311,0.0,1.0,0,weekday,2021-08-16 00:00:00+00:00,2021-08-17 00:00:00+00:00,66.96416666666667,55895.61791666667,54976.84541666667,21173.123229166667,4540.0146875,5955.168958333333,31668.306875,24,46.25
2021-08-17,2021,8,17,229,1,-0.7036774074790128,-0.7105196029692745,0.7818314824680298,0.6234898018587336,0,weekday,2021-08-17 00:00:00+00:00,2021-08-18 00:00:00+00:00,58.455000000000005,58442.05416666667,56178.69041666667,23739.49875,4686.772395833334,6723.010208333333,35149.28135416666,24,46.855
2021-08-18,2021,8,18,230,2,-0.7157953492826642,-0.6983101158835584,0.9749279121818236,-0.2225209339563143,0,weekday,2021-08-18 00:00:00+00:00,2021-08-19 00:00:00+00:00,79.51958333333333,53679.409583333334,57907.56447916667,17146.2103125,5310.134791666666,5052.4853125,27508.830416666668,24,46.395
2021-08-19,2021,8,19,231,3,-0.7277014757264236,-0.6858939875998223,0.4338837391175582,-0.900968867902419,0,weekday,2021-08-19 00:00:00+00:00,2021-08-20 00:00:00+00:00,94.165,49455.557916666665,57424.840625000004,10362.638645833333,2448.9584375,5085.6371874999995,17897.234270833334,24,44.375
2021-08-20,2021,8,20,232,4,-0.7393922635959241,-0.673274892250183,-0.433883739117558,-0.9009688679024191,0,weekday,2021-08-20 00:00:00+00:00,2021-08-21 00:00:00+00:00,103.0625,44966.41583333333,55395.676145833335,3030.7760416666665,360.22583333333336,7242.814375000001,10633.81625,24,41.57
2021-08-21,2021,8,21,233,5,-0.7508642533989489,-0.6604565640279754,-0.9749279121818236,-0.2225209339563146,0,weekend,2021-08-21 00:00:00+00:00,2021-08-22 00:00:00+00:00,90.43124999999999,40126.48708333333,47683.449166666665,1518.9123958333332,393.10395833333337,9022.85125,10934.867604166668,24,41.944
2021-08-22,2021,8,22,234,6,-0.7621140503891487,-0.6474427960827475,-0.7818314824680299,0.6234898018587334,0,weekend,2021-08-22 00:00:00+00:00,2021-08-23 00:00:00+00:00,77.90541666666667,40538.36208333333,45438.326875,8247.136666666667,2404.679791666667,4195.305208333333,14847.121666666666,24,42.1095
2021-08-23,2021,8,23,235,0,-0.7731383255706026,-0.6342374393978054,0.0,1.0,0,weekday,2021-08-23 00:00:00+00:00,2021-08-24 00:00:00+00:00,94.6375,48556.324583333335,56469.7365625,10312.126875,1527.2167708333334,5467.700937500001,17307.044583333332,24,42.275
2021-08-24,2021,8,24,236,1,-0.7839338166829201,-0.620844401650647,0.7818314824680298,0.6234898018587336,0,weekday,2021-08-24 00:00:00+00:00,2021-08-25 00:00:00+00:00,96.04708333333333,48534.29958333333,56871.48375000001,6868.628958333334,322.5529166666667,7761.285520833334,14952.467395833335,24,43.625
2021-08-25,2021,8,25,237,2,-0.7944973291665992,-0.6072676460566135,0.9749279121818236,-0.2225209339563143,0,weekday,2021-08-25 00:00:00+00:00,2021-08-26 00:00:00+00:00,83.82625,54404.83416666667,55770.448333333334,11105.3671875,4259.686041666667,9397.862708333332,24762.9159375,24,45.83
2021-08-26,2021,8,26,238,3,-0.8048257371083452,-0.593511190196115,0.4338837391175582,-0.900968867902419,0,weekday,2021-08-26 00:00:00+00:00,2021-08-27 00:00:00+00:00,93.93208333333332,51957.88375,56229.069375,11858.358333333332,4150.165,5590.407604166667,21598.9309375,24,44.215
2021-08-27,2021,8,27,239,4,-0.8149159841660791,-0.5795791048257612,-0.433883739117558,-0.9009688679024191,0,weekday,2021-08-27 00:00:00+00:00,2021-08-28 00:00:00+00:00,96.42625,51557.982083333336,56377.05583333334,9601.577395833332,5045.9578125,5629.035625,20276.570833333335,24,47.806
2021-08-28,2021,8,28,240,5,-0.8247650844733614,-0.5654755126737576,-0.9749279121818236,-0.2225209339563146,0,weekend,2021-08-28 00:00:00+00:00,2021-08-29 00:00:00+00:00,84.35333333333334,42366.90458333333,47223.411875,6048.5509375,4524.000833333333,5074.788333333333,15647.340104166666,24,47.806
2021-08-29,2021,8,29,241,6,-0.8343701235229538,-0.5512045872199277,-0.7818314824680299,0.6234898018587334,0,weekend,2021-08-29 00:00:00+00:00,2021-08-30 00:00:00+00:00,81.22458333333334,40462.06791666667,45353.746041666665,8009.084479166667,3769.929583333333,3060.4519791666667,14839.466041666667,24,48.328
2021-08-30,2021,8,30,242,0,-0.8437282590292712,-0.5367705514607103,0.0,1.0,0,weekday,2021-08-30 00:00:00+00:00,2021-08-31 00:00:00+00:00,108.23375,48811.964166666665,55670.58510416667,10628.7596875,1896.8813541666666,4357.953333333334,16883.594375,24,48.85
2021-08-31,2021,8,31,243,1,-0.8528367217694595,-0.522177676659508,0.7818314824680298,0.6234898018587336,0,weekday,2021-08-31 00:00:00+00:00,2021-09-01 00:00:00+00:00,110.46333333333332,49187.799166666664,56556.78072916667,7517.8271875,1647.6371874999998,6346.273854166667,15511.738229166667,24,48.58
2021-09-01,2021,9,1,244,2,-0.8616928164028522,-0.5074302810827518,0.9749279121818236,-0.2225209339563143,0,weekday,2021-09-01 00:00:00+00:00,2021-09-02 00:00:00+00:00,112.66000000000001,48388.49583333333,56559.483125,3248.6114583333333,488.50874999999996,8760.217812500001,12497.338020833333,24,52.25
2021-09-02,2021,9,2,245,3,-0.8702939222685674,-0.4925327287220543,0.4338837391175582,-0.900968867902419,0,weekday,2021-09-02 00:00:00+00:00,2021-09-03 00:00:00+00:00,118.52041666666666,49003.238333333335,56914.7478125,1982.4437500000001,305.09791666666666,9699.53,11987.071666666665,24,50.985
2021-09-03,2021,9,3,246,4,-0.8786374941610001,-0.4774894280028391,-0.433883739117558,-0.9009688679024191,0,weekday,2021-09-03 00:00:00+00:00,2021-09-04 00:00:00+00:00,111.59208333333333,51284.09958333333,55593.106041666666,4763.267291666666,1340.1466666666668,10582.327916666667,16685.741875,24,51.8
2021-09-04,2021,9,4,247,5,-0.886721063082993,-0.4623048304798108,-0.9749279121818236,-0.2225209339563146,0,weekend,2021-09-04 00:00:00+00:00,2021-09-05 00:00:00+00:00,107.18458333333332,43025.2975,48150.2746875,2255.1133333333332,736.4020833333334,9290.451979166666,12281.967395833331,24,51.505
2021-09-05,2021,9,5,248,6,-0.8945422369764496,-0.4469834295196741,-0.7818314824680299,0.6234898018587334,0,weekend,2021-09-05 00:00:00+00:00,2021-09-06 00:00:00+00:00,98.41708333333334,41081.95125,45810.68552083333,3729.233854166667,890.5724999999999,9740.248958333334,14360.0553125,24,52.028333333333336
2021-09-06,2021,9,6,249,0,-0.9020987014301836,-0.4315297589714714,0.0,1.0,0,weekday,2021-09-06 00:00:00+00:00,2021-09-07 00:00:00+00:00,129.26041666666666,47974.23458333333,55975.3321875,1176.1278125000001,90.73645833333335,9439.581250000001,10706.445520833333,24,52.55166666666667
2021-09-07,2021,9,7,250,1,-0.9093882203647924,-0.4159483918249421,0.7818314824680298,0.6234898018587336,0,weekday,2021-09-07 00:00:00+00:00,2021-09-08 00:00:00+00:00,128.8025,48973.14916666667,56886.769895833335,1175.4742708333333,262.5105208333334,8548.034583333334,9986.019375,24,53.075
2021-09-08,2021,9,8,251,2,-0.9164086366943458,-0.4002439388573056,0.9749279121818236,-0.2225209339563143,0,weekday,2021-09-08 00:00:00+00:00,2021-09-09 00:00:00+00:00,124.98416666666667,52634.94583333333,56681.0796875,3811.0262500000003,574.5035416666667,10109.771770833333,14495.301562499999,24,54.175
2021-09-09,2021,9,9,252,3,-0.923157872964704,-0.3844210472688554,0.4338837391175582,-0.900968867902419,0,weekday,2021-09-09 00:00:00+00:00,2021-09-10 00:00:00+00:00,131.63916666666668,52791.10833333334,57219.338541666664,4732.569895833333,924.5560416666667,8639.6484375,14296.774375,24,55.6
2021-09-10,2021,9,10,253,4,-0.9296339319682696,-0.3684843993077793,-0.433883739117558,-0.9009688679024191,0,weekday,2021-09-10 00:00:00+00:00,2021-09-11 00:00:00+00:00,140.17583333333332,48761.299999999996,57100.752291666664,3624.5867708333335,398.9201041666667,6368.976354166666,10392.483229166666,24,56.0
2021-09-11,2021,9,11,254,5,-0.935834897334994,-0.3524387108846032,-0.9749279121818236,-0.2225209339563146,0,weekend,2021-09-11 00:00:00+00:00,2021-09-12 00:00:00+00:00,127.01333333333334,44017.12041666667,47816.63125,5417.613854166667,1546.3460416666667,4985.700416666667,11949.660312499998,24,57.916
2021-09-12,2021,9,12,255,6,-0.9417589340994617,-0.3362887301766828,-0.7818314824680299,0.6234898018587334,0,weekend,2021-09-12 00:00:00+00:00,2021-09-13 00:00:00+00:00,106.8275,42713.73541666667,45574.29552083334,5458.897708333333,2863.330520833333,6695.399895833333,15017.628125000001,24,58.632999999999996
2021-09-13,2021,9,13,256,0,-0.9474042892438844,-0.3200392362231385,0.0,1.0,0,weekday,2021-09-13 00:00:00+00:00,2021-09-14 00:00:00+00:00,142.92666666666668,49593.6675,56243.550729166665,2227.688125,894.066875,7355.036979166667,10476.791979166666,24,59.35
2021-09-14,2021,9,14,257,1,-0.9527692922168512,-0.3036950375106588,0.7818314824680298,0.6234898018587336,0,weekday,2021-09-14 00:00:00+00:00,2021-09-15 00:00:00+00:00,145.37708333333333,51522.43,57257.518645833334,3393.3764583333336,766.1679166666667,8687.249479166667,12846.793854166666,24,64.55
2021-09-15,2021,9,15,258,2,-0.9578523554276668,-0.2872609705505963,0.9749279121818236,-0.2225209339563143,0,weekday,2021-09-15 00:00:00+00:00,2021-09-16 00:00:00+00:00,168.30875,48788.82083333333,58113.8203125,5626.358020833333,1930.2271875,3609.9009375,11166.486145833333,24,71.925
2021-09-16,2021,9,16,259,3,-0.9626519747161488,-0.2707418984477642,0.4338837391175582,-0.900968867902419,0,weekday,2021-09-16 00:00:00+00:00,2021-09-17 00:00:00+00:00,159.95250000000001,57816.67166666667,58116.941354166665,10595.7746875,4134.690729166667,4012.081041666667,18742.546458333334,24,68.535
2021-09-17,2021,9,17,260,4,-0.9671667297977312,-0.2541427094613622,-0.433883739117558,-0.9009688679024191,0,weekday,2021-09-17 00:00:00+00:00,2021-09-18 00:00:00+00:00,158.82666666666668,49755.92791666667,57591.254583333335,6032.269375,722.8042708333334,5185.267708333334,11940.341354166667,24,66.75
2021-09-18,2021,9,18,261,5,-0.97139528468375,-0.2374683155584684,-0.9749279121818236,-0.2225209339563146,0,weekend,2021-09-18 00:00:00+00:00,2021-09-19 00:00:00+00:00,129.91416666666666,43155.48875,48192.38395833334,3944.57625,1297.4386458333333,6128.497395833333,11370.512291666666,24,65.103
2021-09-19,2021,9,19,262,6,-0.9753363880767836,-0.2207236509605022,-0.7818314824680299,0.6234898018587334,0,weekend,2021-09-19 00:00:00+00:00,2021-09-20 00:00:00+00:00,96.15125,42270.67791666667,46009.87135416667,5376.7509375,2868.857083333334,5904.067708333333,14149.675729166667,24,65.41399999999999
2021-09-20,2021,9,20,263,0,-0.978988873740932,-0.2039136706831147,0.0,1.0,0,weekday,2021-09-20 00:00:00+00:00,2021-09-21 00:00:00+00:00,154.08833333333334,46217.863333333335,56639.35197916667,2186.6445833333332,670.8959375000001,4990.937916666667,7848.478437500001,24,65.725
2021-09-21,2021,9,21,264,1,-0.9823516608469236,-0.1870433490699165,0.7818314824680298,0.6234898018587336,0,weekday,2021-09-21 00:00:00+00:00,2021-09-22 00:00:00+00:00,148.14958333333334,48806.456249999996,57716.30354166666,3841.4665625,1714.9962500000001,5448.577604166667,11005.040416666665,24,72.525
2021-09-22,2021,9,22,265,2,-0.9854237542919524,-0.1701176783204905,0.9749279121818236,-0.2225209339563143,0,weekday,2021-09-22 00:00:00+00:00,2021-09-23 00:00:00+00:00,146.38166666666666,52438.87625,58499.315104166664,6205.836666666667,2935.8132291666666,5833.087916666667,14974.737812500001,24,70.1
2021-09-23,2021,9,23,266,3,-0.9882042449941422,-0.15314166701312,0.4338837391175582,-0.900968867902419,0,weekday,2021-09-23 00:00:00+00:00,2021-09-24 00:00:00+00:00,70.65166666666667,62037.083333333336,59456.738854166666,23715.28135416667,5811.719270833334,7401.41875,36928.419375000005,24,68.0
2021-09-24,2021,9,24,267,4,-0.9906923101615608,-0.136120338622667,-0.433883739117558,-0.9009688679024191,0,weekday,2021-09-24 00:00:00+00:00,2021-09-25 00:00:00+00:00,112.70916666666666,54217.87791666667,57884.144895833335,15442.148020833332,5352.875520833333,5030.70125,25825.724791666667,24,68.3
2021-09-25,2021,9,25,268,5,-0.9928872135356962,-0.1190587300340498,-0.9749279121818236,-0.2225209339563146,0,weekend,2021-09-25 00:00:00+00:00,2021-09-26 00:00:00+00:00,130.65333333333334,41416.73333333333,47899.51677083334,4710.710520833333,1010.8562499999999,6759.087604166667,12480.654375,24,70.24
2021-09-26,2021,9,26,269,6,-0.994788305609327,-0.1019618900517457,-0.7818314824680299,0.6234898018587334,0,weekend,2021-09-26 00:00:00+00:00,2021-09-27 00:00:00+00:00,125.53041666666667,39675.75791666666,46233.01739583333,4157.527083333333,1211.0240625,5927.516145833334,11296.067291666666,24,72.62
2021-09-27,2021,9,27,270,0,-0.9963950238187232,-0.0848348779057653,0.0,1.0,0,weekday,2021-09-27 00:00:00+00:00,2021-09-28 00:00:00+00:00,142.815,50361.99458333334,57618.135416666664,7033.728958333333,3576.956770833333,4928.955104166666,15539.640833333333,24,75.0
2021-09-28,2021,9,28,271,1,-0.9977068927101168,-0.0676827617545516,0.7818314824680298,0.6234898018587336,0,weekday,2021-09-28 00:00:00+00:00,2021-09-29 00:00:00+00:00,157.23625,48455.54833333333,58343.18854166666,3328.0295833333334,1902.4266666666665,5541.060104166667,10771.516354166668,24,83.0
2021-09-29,2021,9,29,272,2,-0.9987235240803972,-0.0505106171852228,0.9749279121818236,-0.2225209339563143,0,weekday,2021-09-29 00:00:00+00:00,2021-09-30 00:00:00+00:00,129.86708333333334,54502.207916666666,58909.70197916666,15215.561354166668,4033.074479166667,3452.1975,22700.833333333332,24,86.5
2021-09-30,2021,9,30,273,3,-0.9994446170919858,-0.0333235257116313,0.4338837391175582,-0.900968867902419,0,weekday,2021-09-30 00:00:00+00:00,2021-10-01 00:00:00+00:00,114.61833333333334,60753.2175,58913.67427083334,19158.25,5740.3923958333335,6719.369895833333,31618.01229166667,24,94.92
2021-10-01,2021,10,1,274,4,-0.9998699583618592,-0.0161265732706577,-0.433883739117558,-0.9009688679024191,0,weekday,2021-10-01 00:00:00+00:00,2021-10-02 00:00:00+00:00,103.87,56307.674166666664,59353.72833333333,16824.262916666667,5450.8680208333335,7445.014375,29720.1453125,24,94.665
2021-10-02,2021,10,2,275,5,-0.9999994220246924,0.0010751512827982,-0.9749279121818236,-0.2225209339563146,0,weekend,2021-10-02 00:00:00+00:00,2021-10-03 00:00:00+00:00,95.91875,45342.753333333334,49491.7353125,14032.531666666668,3018.5230208333337,5344.367916666667,22395.422604166666,24,93.625
2021-10-03,2021,10,3,276,6,-0.999832969770105,0.0182765576816912,-0.7818314824680299,0.6234898018587334,1,holiday,2021-10-03 00:00:00+00:00,2021-10-04 00:00:00+00:00,48.38958333333333,50876.97291666667,45950.97291666667,24800.05197916667,4468.29625,3841.1531250000003,33109.50135416666,24,95.0125
2021-10-04,2021,10,4,277,0,-0.9993706508539968,0.0354725557531255,0.0,1.0,0,weekday,2021-10-04 00:00:00+00:00,2021-10-05 00:00:00+00:00,162.89958333333334,47603.1775,58052.60854166667,7777.68625,4993.508125,2678.085,15449.279375,24,96.4
2021-10-05,2021,10,5,278,1,-0.9986126020839734,0.052658056924614,0.7818314824680298,0.6234898018587336,0,weekday,2021-10-05 00:00:00+00:00,2021-10-06 00:00:00+00:00,157.315,49186.36375,59419.168020833335,10203.203125,4963.1876041666665,2818.5646875,17984.955416666668,24,95.0
2021-10-06,2021,10,6,279,2,-0.9975590477788612,0.0698279757298708,0.9749279121818236,-0.2225209339563143,0,weekday,2021-10-06 00:00:00+00:00,2021-10-07 00:00:00+00:00,199.63958333333335,49329.59458333333,60297.3775,12773.783645833333,1665.3415625,3568.2277083333333,18007.352916666667,24,131.025
2021-10-07,2021,10,7,280,3,-0.9962102997023295,0.0869772313136861,0.4338837391175582,-0.900968867902419,0,weekday,2021-10-07 00:00:00+00:00,2021-10-08 00:00:00+00:00,296.62291666666664,45370.80125,59768.7784375,1312.6866666666667,232.58541666666667,4848.913750000001,6394.185833333333,24,89.26
2021-10-08,2021,10,8,281,4,-0.9945667569706336,0.1041007489354256,-0.433883739117558,-0.9009688679024191,0,weekday,2021-10-08 00:00:00+00:00,2021-10-09 00:00:00+00:00,201.63,47001.41333333333,57799.86135416667,5733.5396875,373.26375,5037.9265625,11144.730000000001,24,95.0
2021-10-09,2021,10,9,282,5,-0.9926289059345096,0.121193461470736,-0.9749279121818236,-0.2225209339563146,0,weekend,2021-10-09 00:00:00+00:00,2021-10-10 00:00:00+00:00,140.69125,43672.46208333333,49953.220729166664,8100.164270833334,881.5167708333333,7968.794479166667,16950.475520833334,24,87.605
2021-10-10,2021,10,10,283,6,-0.9903973200352558,0.1382503109109819,-0.7818314824680299,0.6234898018587334,0,weekend,2021-10-10 00:00:00+00:00,2021-10-11 00:00:00+00:00,146.15583333333333,39434.394166666665,49773.714479166665,3505.7233333333334,1166.9380208333334,7584.856458333333,12257.5178125,24,89.80250000000001
2021-10-11,2021,10,11,284,0,-0.9878726596350428,0.1552662498599956,0.0,1.0,0,weekday,2021-10-11 00:00:00+00:00,2021-10-12 00:00:00+00:00,164.82708333333332,53567.70166666667,59688.03927083333,10166.362291666666,5105.116145833334,4873.118854166666,20144.59729166667,24,92.0
2021-10-12,2021,10,12,285,1,-0.9850556718215012,0.172236243027682,0.7818314824680298,0.6234898018587336,0,weekday,2021-10-12 00:00:00+00:00,2021-10-13 00:00:00+00:00,173.81875,56172.46166666667,60694.51395833333,11303.860520833334,5020.148749999999,2944.363645833333,19268.372916666667,24,86.31
2021-10-13,2021,10,13,286,2,-0.981947190186646,0.1891552687200409,0.9749279121818236,-0.2225209339563143,0,weekday,2021-10-13 00:00:00+00:00,2021-10-14 00:00:00+00:00,188.7279166666667,53092.91041666667,60968.04822916666,6494.937291666666,3087.0423958333336,4378.168125,13960.1478125,24,91.375
2021-10-14,2021,10,14,287,3,-0.9785481345802032,0.2060183203251708,0.4338837391175582,-0.900968867902419,0,weekday,2021-10-14 00:00:00+00:00,2021-10-15 00:00:00+00:00,162.92833333333334,56955.894583333335,61609.97875,13954.3175,4740.248541666667,2021.9427083333333,20716.50875,24,102.15
2021-10-15,2021,10,15,288,4,-0.9748595108374124,0.2228204077947995,-0.433883739117558,-0.9009688679024191,0,weekday,2021-10-15 00:00:00+00:00,2021-10-16 00:00:00+00:00,124.29208333333334,55922.707083333335,60242.56947916667,16273.804166666667,5303.209270833334,4034.637708333333,25611.65114583333,24,104.0
2021-10-16,2021,10,16,289,5,-0.9708824104813836,0.239556559120927,-0.9749279121818236,-0.2225209339563146,0,weekend,2021-10-16 00:00:00+00:00,2021-10-17 00:00:00+00:00,157.5325,44753.40666666667,50583.39916666667,5249.0440625,2978.9708333333333,4728.8403124999995,12956.855208333334,24,93.65
2021-10-17,2021,10,17,290,6,-0.9666180104000972,0.2562218218071163,-0.7818314824680299,0.6234898018587334,0,weekend,2021-10-17 00:00:00+00:00,2021-10-18 00:00:00+00:00,144.67458333333335,43897.018749999996,48251.56947916667,5888.479375,2689.4294791666666,3909.5577083333333,12487.4665625,24,91.5
2021-10-18,2021,10,18,291,0,-0.9620675724981452,0.2728112643340191,0.0,1.0,0,weekday,2021-10-18 00:00:00+00:00,2021-10-19 00:00:00+00:00,190.42208333333335,50566.43458333333,60380.4965625,6216.197604166667,2263.7483333333334,4887.5841666666665,13367.530104166666,24,89.35
2021-10-19,2021,10,19,292,1,-0.957232443323312,0.2893199776186952,0.7818314824680298,0.6234898018587336,0,weekday,2021-10-19 00:00:00+00:00,2021-10-20 00:00:00+00:00,145.89833333333334,57007.30375,61924.53322916667,16564.114895833332,4554.4852083333335,1718.9930208333335,22837.593125,24,92.15
2021-10-20,2021,10,20,293,2,-0.9521140536681102,0.3057430764672831,0.9749279121818236,-0.2225209339563143,0,weekday,2021-10-20 00:00:00+00:00,2021-10-21 00:00:00+00:00,62.28333333333333,65003.53375,62320.95197916666,31486.487291666665,5595.064166666667,3861.2841666666664,40942.835625,24,94.395
2021-10-21,2021,10,21,294,3,-0.9467139181463862,0.3220757010206104,0.4338837391175582,-0.900968867902419,0,weekday,2021-10-21 00:00:00+00:00,2021-10-22 00:00:00+00:00,64.61666666666666,66104.81625,64565.055,34951.226875,5523.286354166667,3242.3517708333334,43716.865,24,90.645
2021-10-22,2021,10,22,295,4,-0.9410336347451196,0.3383130181923076,-0.433883739117558,-0.9009688679024191,0,weekday,2021-10-22 00:00:00+00:00,2021-10-23 00:00:00+00:00,73.37166666666667,64470.97625,63969.84864583333,30634.372604166667,6078.316458333334,3834.2432291666664,40546.932291666664,24,88.61
2021-10-23,2021,10,23,296,5,-0.9350748843515574,0.3544502230989869,-0.9749279121818236,-0.2225209339563146,0,weekend,2021-10-23 00:00:00+00:00,2021-10-24 00:00:00+00:00,144.98333333333332,48870.56791666666,51277.996979166666,10639.863958333333,3100.2858333333334,4363.116458333333,18103.26625,24,87.34
2021-10-24,2021,10,24,297,6,-0.9288394302558068,0.3704825404820963,-0.7818314824680299,0.6234898018587334,0,weekend,2021-10-24 00:00:00+00:00,2021-10-25 00:00:00+00:00,96.04791666666667,47268.20916666667,48817.81,10321.5390625,4215.3253125,6254.899375,20791.763750000002,24,89.17
2021-10-25,2021,10,25,298,0,-0.9223291176290545,0.3864052261209853,0.0,1.0,0,weekday,2021-10-25 00:00:00+00:00,2021-10-26 00:00:00+00:00,178.19041666666666,54580.729583333334,60599.14958333334,9862.470416666667,3628.1440625,4567.839270833333,18058.45375,24,91.0
2021-10-26,2021,10,26,299,1,-0.9155458729775467,0.4022135682368036,0.7818314824680298,0.6234898018587336,0,weekday,2021-10-26 00:00:00+00:00,2021-10-27 00:00:00+00:00,176.26416666666668,55143.475,61931.608125,12598.116458333332,3793.91375,2723.1780208333334,19115.208229166667,24,90.15
2021-10-27,2021,10,27,300,2,-0.9084917035725082,0.4179028888867866,0.9749279121818236,-0.2225209339563143,0,weekday,2021-10-27 00:00:00+00:00,2021-10-28 00:00:00+00:00,148.37333333333333,58584.26291666667,62459.105625,15421.583958333335,6042.844479166666,3571.4697916666664,25035.898229166665,24,86.3
2021-10-28,2021,10,28,301,3,-0.9011686968561567,0.4334685453485363,0.4338837391175582,-0.900968867902419,0,weekday,2021-10-28 00:00:00+00:00,2021-10-29 00:00:00+00:00,150.4154166666667,55467.68375,62696.494375,10899.93375,5309.1954166666665,5065.054479166666,21274.18364583333,24,78.0
2021-10-29,2021,10,29,302,4,-0.8935790198239952,0.4489059314938798,-0.433883739117558,-0.9009688679024191,0,weekday,2021-10-29 00:00:00+00:00,2021-10-30 00:00:00+00:00,112.44833333333334,55221.65333333333,62013.714479166665,15044.971354166666,5197.9471875,5347.622291666667,25590.540833333333,24,72.62
2021-10-30,2021,10,30,303,5,-0.8857249183835637,0.4642104791518923,-0.9749279121818236,-0.2225209339563146,0,weekend,2021-10-30 00:00:00+00:00,2021-10-31 00:00:00+00:00,83.29875,49715.41416666666,52699.237916666665,16830.105625,4430.512708333334,3555.2479166666667,24815.866250000003,24,64.865
2021-10-31,2021,10,31,304,6,-0.8776087166898392,0.4793776594606945,-0.7818314824680299,0.6234898018587334,0,weekend,2021-10-31 00:00:00+00:00,2021-11-01 00:00:00+00:00,61.85583333333333,47041.607083333336,48287.76125,17662.3909375,4199.911666666667,4073.538854166667,25935.841458333336,24,64.22749999999999
2021-11-01,2021,11,1,305,0,-0.8692328164574792,0.4944029842076181,0.0,1.0,0,weekday,2021-11-01 00:00:00+00:00,2021-11-02 00:00:00+00:00,99.58,48830.10958333333,51075.79760416667,16009.191250000002,5234.7478125,1815.8783333333333,23059.817395833335,24,63.59
2021-11-02,2021,11,2,306,1,-0.8605996962501181,0.5092820071573356,0.7818314824680298,0.6234898018587336,0,weekday,2021-11-02 00:00:00+00:00,2021-11-03 00:00:00+00:00,204.72,49569.50125,61226.839375,4104.952604166667,1311.8330208333334,2331.0201041666664,7747.805729166666,24,65.175
2021-11-03,2021,11,3,307,2,-0.8517119107469189,0.5240103253675756,0.9749279121818236,-0.2225209339563143,0,weekday,2021-11-03 00:00:00+00:00,2021-11-04 00:00:00+00:00,194.78625,58191.894583333335,61852.7409375,2968.804375,526.1802083333333,2288.0369791666667,5783.021562500001,24,73.52
2021-11-04,2021,11,4,308,3,-0.8425720899866032,0.5385835804920232,0.4338837391175582,-0.900968867902419,0,weekday,2021-11-04 00:00:00+00:00,2021-11-05 00:00:00+00:00,170.64083333333335,59934.9325,61674.777291666665,9332.2484375,1203.0289583333333,828.6561458333334,11363.933541666667,24,77.525
2021-11-05,2021,11,5,309,4,-0.8331829385891785,0.5529974600700271,-0.433883739117558,-0.9009688679024191,0,weekday,2021-11-05 00:00:00+00:00,2021-11-06 00:00:00+00:00,159.64166666666668,62767.73499999999,60146.06104166667,11298.588958333334,3910.439791666667,1977.184375,17186.213125,24,73.16
2021-11-06,2021,11,6,310,5,-0.8235472349556007,0.5672476988027229,-0.9749279121818236,-0.2225209339563146,0,weekend,2021-11-06 00:00:00+00:00,2021-11-07 00:00:00+00:00,74.56958333333334,61619.49083333334,54012.6559375,20208.96489583333,5203.588854166667,2413.4045833333334,27825.958333333332,24,74.025
2021-11-07,2021,11,7,311,6,-0.8136678304455991,0.5813300798152042,-0.7818314824680299,0.6234898018587334,0,weekend,2021-11-07 00:00:00+00:00,2021-11-08 00:00:00+00:00,37.42333333333333,61858.04583333334,51397.05572916666,28033.615520833333,5737.830520833333,1965.7761458333334,35737.2221875,24,77.39750000000001
2021-11-08,2021,11,8,312,0,-0.8035476485339116,0.5952404359043674,0.0,1.0,0,weekday,2021-11-08 00:00:00+00:00,2021-11-09 00:00:00+00:00,182.11041666666665,60373.95458333333,61538.31052083333,8884.591458333334,2363.680520833333,2020.4683333333332,13268.7403125,24,80.77
2021-11-09,2021,11,9,313,1,-0.7931896839451843,0.6089746507720486,0.7818314824680298,0.6234898018587336,0,weekday,2021-11-09 00:00:00+00:00,2021-11-10 00:00:00+00:00,161.42,65366.182083333326,62320.73427083334,7701.4346875,5041.958854166666,3480.1967708333336,16223.590312499999,24,76.5
2021-11-10,2021,11,10,314,2,-0.7825970017677834,0.6225286602431057,0.9749279121818236,-0.2225209339563143,0,weekday,2021-11-10 00:00:00+00:00,2021-11-11 00:00:00+00:00,179.955,59995.21125,61963.61135416667,4556.36125,2692.453645833333,3602.6079166666664,10851.422812499999,24,66.71
2021-11-11,2021,11,11,315,3,-0.7717727365467836,0.6358984534680745,0.4338837391175582,-0.900968867902419,0,weekday,2021-11-11 00:00:00+00:00,2021-11-12 00:00:00+00:00,191.40833333333333,57599.74916666667,63447.956875,2696.241666666667,1023.5785416666668,3289.674791666667,7009.495,24,72.0
2021-11-12,2021,11,12,316,4,-0.7607200913564104,0.6490800741100398,-0.433883739117558,-0.9009688679024191,0,weekday,2021-11-12 00:00:00+00:00,2021-11-13 00:00:00+00:00,164.78791666666666,60606.25791666666,61286.198854166665,6249.513125,3781.7321875000002,2464.8303124999998,12496.075625,24,77.77
2021-11-13,2021,11,13,317,5,-0.7494423368521954,0.6620696215153815,-0.9749279121818236,-0.2225209339563146,0,weekend,2021-11-13 00:00:00+00:00,2021-11-14 00:00:00+00:00,160.72083333333333,53081.364583333336,54759.87479166667,6339.0860416666665,1552.5962499999998,1112.2869791666667,9003.969270833333,24,75.675
2021-11-14,2021,11,14,318,6,-0.7379428103031386,0.6748632518680403,-0.7818314824680299,0.6234898018587334,0,weekend,2021-11-14 00:00:00+00:00,2021-11-15 00:00:00+00:00,169.09291666666667,52033.05375,53001.05197916667,5093.815416666666,2142.8068749999998,1594.2955208333333,8830.9178125,24,76.985
2021-11-15,2021,11,15,319,0,-0.7262249146041543,0.6874571793269664,0.0,1.0,0,weekday,2021-11-15 00:00:00+00:00,2021-11-16 00:00:00+00:00,229.32375000000002,57157.385833333334,61477.91083333333,4516.156041666666,581.7886458333334,1382.6335416666668,6480.5782291666665,24,78.295
2021-11-16,2021,11,16,320,1,-0.7142921172691032,0.699847677146407,0.7818314824680298,0.6234898018587336,0,weekday,2021-11-16 00:00:00+00:00,2021-11-17 00:00:00+00:00,238.58875,54697.42208333333,61572.238125,1295.6356250000001,548.6001041666667,976.5439583333333,2820.7796875,24,84.38
2021-11-17,2021,11,17,321,2,-0.7021479494046978,0.7120310787787131,0.9749279121818236,-0.2225209339563143,0,weekday,2021-11-17 00:00:00+00:00,2021-11-18 00:00:00+00:00,177.69708333333335,66084.21,61284.77052083333,11593.129687499999,5149.416666666667,633.8515625,17376.397916666665,24,97.99
2021-11-18,2021,11,18,322,3,-0.6897960046655887,0.7240037789593305,0.4338837391175582,-0.900968867902419,0,weekday,2021-11-18 00:00:00+00:00,2021-11-19 00:00:00+00:00,139.26666666666668,69820.97166666666,63037.26614583333,21524.202187500003,5831.335,1440.5297916666668,28796.06697916667,24,93.6
2021-11-19,2021,11,19,323,4,-0.6772399381909491,0.7357622347736527,-0.433883739117558,-0.9009688679024191,0,weekday,2021-11-19 00:00:00+00:00,2021-11-20 00:00:00+00:00,133.51500000000001,67950.13166666667,63656.62708333333,22288.668854166666,5848.980625,944.2413541666666,29081.890833333335,24,91.125
2021-11-20,2021,11,20,324,5,-0.6644834655228552,0.7473029667054296,-0.9749279121818236,-0.2225209339563146,0,weekend,2021-11-20 00:00:00+00:00,2021-11-21 00:00:00+00:00,108.63333333333333,59597.88166666666,53158.5165625,15608.793749999999,5604.403229166666,1068.415,22281.611979166668,24,87.125
2021-11-21,2021,11,21,325,6,-0.6515303615068021,0.75862255966641,-0.7818314824680299,0.6234898018587334,0,weekend,2021-11-21 00:00:00+00:00,2021-11-22 00:00:00+00:00,150.39000000000001,56723.43583333333,50016.73572916666,10131.877291666666,5023.988541666667,1215.8555208333335,16371.721354166666,24,85.6875
2021-11-22,2021,11,22,326,0,-0.6383844591746642,0.7697176640069211,0.0,1.0,0,weekday,2021-11-22 00:00:00+00:00,2021-11-23 00:00:00+00:00,235.47333333333333,63272.35666666667,61096.7709375,7868.8390625,2767.26125,1704.8441666666668,12340.944479166666,24,84.25
2021-11-23,2021,11,23,327,1,-0.6250496486104377,0.7805849965070866,0.7818314824680298,0.6234898018587336,0,weekday,2021-11-23 00:00:00+00:00,2021-11-24 00:00:00+00:00,243.55666666666664,65160.22458333333,62535.669375,7815.776770833333,3507.025729166667,1932.0559375,13254.8584375,24,86.95
2021-11-24,2021,11,24,328,2,-0.6115298757991053,0.7912213413483807,0.9749279121818236,-0.2225209339563143,0,weekday,2021-11-24 00:00:00+00:00,2021-11-25 00:00:00+00:00,275.37125,63058.107500000006,64502.36447916667,4742.568229166666,2940.788958333333,1619.9004166666666,9303.257604166667,24,93.85
2021-11-25,2021,11,25,329,3,-0.5978291414589552,0.801623551065242,0.4338837391175582,-0.900968867902419,0,weekday,2021-11-25 00:00:00+00:00,2021-11-26 00:00:00+00:00,242.56083333333333,67701.38041666667,64157.182708333334,9146.8509375,4899.986770833333,1280.601875,15327.439583333333,24,93.985
2021-11-26,2021,11,26,330,4,-0.5839514998576998,0.8117885474764613,-0.433883739117558,-0.9009688679024191,0,weekday,2021-11-26 00:00:00+00:00,2021-11-27 00:00:00+00:00,187.71624999999997,67537.62458333334,62964.25739583333,13391.14125,4334.324375,933.6522916666667,18659.117916666666,24,92.45
2021-11-27,2021,11,27,331,5,-0.5699010576127624,0.8217133225960589,-0.9749279121818236,-0.2225209339563146,0,weekend,2021-11-27 00:00:00+00:00,2021-11-28 00:00:00+00:00,205.7770833333333,59631.182499999995,56896.738645833335,7523.225520833334,2566.0741666666668,885.2711458333333,10974.570833333333,24,87.772
2021-11-28,2021,11,28,332,6,-0.5556819724760489,0.8313949395234058,-0.7818314824680299,0.6234898018587334,0,weekend,2021-11-28 00:00:00+00:00,2021-11-29 00:00:00+00:00,200.58249999999998,53184.58625,52470.610625,2824.5359375000003,3327.707395833333,980.4113541666667,7132.654687499999,24,91.011
2021-11-29,2021,11,29,333,0,-0.5412984521036173,0.8408305333122887,0.0,1.0,0,weekday,2021-11-29 00:00:00+00:00,2021-11-30 00:00:00+00:00,266.87791666666664,64007.29749999999,63957.99489583333,8231.884270833334,2417.085833333333,985.0113541666668,11633.981458333334,24,94.25
2021-11-30,2021,11,30,334,1,-0.5267547528105542,0.8500173118187018,0.7818314824680298,0.6234898018587336,0,weekday,2021-11-30 00:00:00+00:00,2021-12-01 00:00:00+00:00,125.185,74067.31999999999,65810.45875,30964.39052083333,5015.546666666666,324.189375,36304.1265625,24,98.0
2021-12-01,2021,12,1,335,2,-0.5120551783114646,0.8589525565270845,0.9749279121818236,-0.2225209339563143,0,weekday,2021-12-01 00:00:00+00:00,2021-12-02 00:00:00+00:00,87.33999999999999,73768.23083333333,66706.76364583333,35507.16270833334,5472.452395833334,638.3441666666666,41617.95927083333,24,92.6
2021-12-02,2021,12,2,336,3,-0.4972040784469378,0.8676336233547726,0.4338837391175582,-0.900968867902419,0,weekday,2021-12-02 00:00:00+00:00,2021-12-03 00:00:00+00:00,202.04083333333332,67655.92208333332,68232.32604166666,16863.7215625,4021.052291666667,1372.2258333333332,22256.999687500003,24,91.6
2021-12-03,2021,12,3,337,4,-0.4822058478963526,0.8760579434344281,-0.433883739117558,-0.9009688679024191,0,weekday,2021-12-03 00:00:00+00:00,2021-12-04 00:00:00+00:00,149.31458333333333,71525.81333333334,68056.044375,24721.788750000003,5010.7728125,1604.858125,31337.4196875,24,91.59
2021-12-04,2021,12,4,338,5,-0.4670649248774303,0.8842230238742036,-0.9749279121818236,-0.2225209339563146,0,weekend,2021-12-04 00:00:00+00:00,2021-12-05 00:00:00+00:00,195.9908333333333,55729.99708333333,56435.392916666664,10559.390625,1650.4184374999998,369.35375,12579.1628125,24,89.48
2021-12-05,2021,12,5,339,6,-0.451785789832884,0.8921264484954345,-0.7818314824680299,0.6234898018587334,0,weekend,2021-12-05 00:00:00+00:00,2021-12-06 00:00:00+00:00,163.55541666666667,58342.04125,53395.59947916667,8946.896354166667,5633.857812499999,1111.5351041666665,15692.289270833333,24,88.03999999999999
2021-12-06,2021,12,6,340,0,-0.4363729641045924,0.8997658785476209,0.0,1.0,0,weekday,2021-12-06 00:00:00+00:00,2021-12-07 00:00:00+00:00,264.0308333333333,64822.94875,64516.82302083333,6375.1728125,4958.6225,958.9296875,12292.725,24,86.6
2021-12-07,2021,12,7,341,1,-0.4208310085956556,0.9071390534005044,0.7818314824680298,0.6234898018587336,0,weekday,2021-12-07 00:00:00+00:00,2021-12-08 00:00:00+00:00,215.56791666666666,69883.12874999999,66411.12114583333,14911.107708333335,3935.275729166666,1151.8711458333335,19998.25458333333,24,95.0
2021-12-08,2021,12,8,342,2,-0.4051645224207563,0.9142437912130223,0.9749279121818236,-0.2225209339563143,0,weekday,2021-12-08 00:00:00+00:00,2021-12-09 00:00:00+00:00,190.36083333333332,69539.03416666666,67414.34989583334,16612.2965625,5950.669895833334,513.300625,23076.267083333336,24,98.6
2021-12-09,2021,12,9,343,3,-0.3893781415452015,0.9210779895789526,0.4338837391175582,-0.900968867902419,0,weekday,2021-12-09 00:00:00+00:00,2021-12-10 00:00:00+00:00,279.4783333333333,65072.980416666665,67607.75677083334,6978.930312500001,3685.113541666667,605.8582291666667,11269.902083333334,24,98.5
2021-12-10,2021,12,10,344,4,-0.3734765374130707,0.9276396261490468,-0.433883739117558,-0.9009688679024191,0,weekday,2021-12-10 00:00:00+00:00,2021-12-11 00:00:00+00:00,241.57666666666668,60885.69291666666,66034.75604166667,6939.845625000001,2339.3721875,957.8922916666667,10237.110104166666,24,101.605
2021-12-11,2021,12,11,345,5,-0.3574644155648614,0.9339267592294762,-0.9749279121818236,-0.2225209339563146,0,weekend,2021-12-11 00:00:00+00:00,2021-12-12 00:00:00+00:00,235.6833333333333,55085.17041666667,56432.44468750001,6354.0203125,1877.8803125000002,742.0370833333333,8973.937708333333,24,105.775
2021-12-12,2021,12,12,346,6,-0.3413465142450361,0.9399375283564132,-0.7818314824680299,0.6234898018587334,0,weekend,2021-12-12 00:00:00+00:00,2021-12-13 00:00:00+00:00,187.10916666666665,55308.32958333333,53618.294270833336,13077.289375,2998.0014583333336,518.2927083333333,16593.583541666667,24,110.5875
2021-12-13,2021,12,13,347,0,-0.3251276029999093,0.9456701548465688,0.0,1.0,0,weekday,2021-12-13 00:00:00+00:00,2021-12-14 00:00:00+00:00,266.5879166666667,63528.32750000001,63867.8528125,7291.434583333333,4541.4842708333335,435.97739583333333,12268.89625,24,115.4
2021-12-14,2021,12,14,348,1,-0.3088124812662537,0.9511229423235356,0.7818314824680298,0.6234898018587336,0,weekday,2021-12-14 00:00:00+00:00,2021-12-15 00:00:00+00:00,299.1745833333333,62765.36541666667,64787.534791666665,7641.179062499999,2748.7965624999997,565.50625,10955.481875,24,118.95
2021-12-15,2021,12,15,349,2,-0.2924059769510773,0.956294277219772,0.9749279121818236,-0.2225209339563143,0,weekday,2021-12-15 00:00:00+00:00,2021-12-16 00:00:00+00:00,296.0254166666667,65474.55833333333,64141.49927083333,10404.522708333334,5031.969375,666.6062499999999,16103.098333333333,24,131.1
2021-12-16,2021,12,16,350,3,-0.2759129450029604,0.9611826292540836,0.4338837391175582,-0.900968867902419,0,weekday,2021-12-16 00:00:00+00:00,2021-12-17 00:00:00+00:00,347.49125000000004,59239.34416666667,62663.36208333333,6235.1196875,1569.6685416666667,600.8056250000001,8405.593854166667,24,128.71
2021-12-17,2021,12,17,351,4,-0.2593382659754056,0.9657865518844574,-0.433883739117558,-0.9009688679024191,0,weekday,2021-12-17 00:00:00+00:00,2021-12-18 00:00:00+00:00,340.05,58171.92625,61982.04697916666,5017.697291666666,1168.3680208333333,981.2273958333334,7167.292708333333,24,124.5
2021-12-18,2021,12,18,352,5,-0.2426868445825954,0.9701046827361176,-0.9749279121818236,-0.2225209339563146,0,weekend,2021-12-18 00:00:00+00:00,2021-12-19 00:00:00+00:00,250.85375,57146.63166666666,53480.65135416667,9947.568541666667,3483.0390625,644.8179166666666,14075.425520833334,24,136.915
2021-12-19,2021,12,19,353,6,-0.225963608248019,0.974135744004672,-0.7818314824680299,0.6234898018587334,0,weekend,2021-12-19 00:00:00+00:00,2021-12-20 00:00:00+00:00,127.8725,60915.855833333335,51538.083333333336,20692.943750000002,5222.28,661.5965625,26576.8203125,24,138.8675
2021-12-20,2021,12,20,354,0,-0.2091735056463563,0.9778785428342386,0.0,1.0,0,weekday,2021-12-20 00:00:00+00:00,2021-12-21 00:00:00+00:00,338.15791666666667,59117.270833333336,60586.349166666674,5294.908229166666,614.678125,2065.601458333333,7975.1878125,24,140.82
2021-12-21,2021,12,21,355,1,-0.1923215052390948,0.9813319716704276,0.7818314824680298,0.6234898018587336,0,weekday,2021-12-21 00:00:00+00:00,2021-12-22 00:00:00+00:00,437.3016666666667,60275.75666666666,61629.300625,1968.1616666666666,583.89875,1991.2095833333333,4543.2699999999995,24,157.7
2021-12-22,2021,12,22,356,2,-0.1754125938042784,0.9844950085880858,0.9749279121818236,-0.2225209339563143,0,weekday,2021-12-22 00:00:00+00:00,2021-12-23 00:00:00+00:00,417.1475,60295.41416666666,60403.815,4157.103958333333,1275.7169791666668,2330.317395833333,7763.138333333333,24,174.3
2021-12-23,2021,12,23,357,3,-0.1584517749608363,0.9873667175937016,0.4338837391175582,-0.900968867902419,0,weekday,2021-12-23 00:00:00+00:00,2021-12-24 00:00:00+00:00,293.92625,64330.236249999994,59459.60833333334,14795.228333333333,2769.0207291666666,871.5906249999999,18435.8396875,24,158.3
2021-12-24,2021,12,24,358,4,-0.141444067687942,0.989946248902378,-0.433883739117558,-0.9009688679024191,0,weekday,2021-12-24 00:00:00+00:00,2021-12-25 00:00:00+00:00,200.19500000000002,57473.982500000006,52030.56458333333,17141.957291666666,2328.5277083333335,389.06177083333336,19859.546770833334,24,132.58
2021-12-25,2021,12,25,359,5,-0.1243945048397999,0.9922328391893008,-0.9749279121818236,-0.2225209339563146,1,holiday,2021-12-25 00:00:00+00:00,2021-12-26 00:00:00+00:00,200.31583333333333,46781.760416666664,46651.8853125,7499.194583333334,1426.1171875,1018.0819791666667,9943.39375,24,121.72000000000001
2021-12-26,2021,12,26,360,6,-0.1073081316563624,0.994225811815616,-0.7818314824680299,0.6234898018587334,1,holiday,2021-12-26 00:00:00+00:00,2021-12-27 00:00:00+00:00,170.88333333333333,51333.800833333335,46363.51,11025.397083333335,3743.4653125,1252.2752083333332,16021.137604166666,24,110.86
2021-12-27,2021,12,27,361,0,-0.0901900042703451,0.99592457702866,0.0,1.0,0,weekday,2021-12-27 00:00:00+00:00,2021-12-28 00:00:00+00:00,149.02208333333334,59725.42083333334,57632.86854166666,15836.884270833332,4448.488854166667,1037.094375,21322.467500000002,24,100.0
2021-12-28,2021,12,28,362,1,-0.0730451882110474,0.9973286321364752,0.7818314824680298,0.6234898018587336,0,weekday,2021-12-28 00:00:00+00:00,2021-12-29 00:00:00+00:00,106.52833333333332,62986.24416666667,58849.25843750001,22226.874895833334,3641.624375,517.9551041666667,26386.454375,24,106.59
2021-12-29,2021,12,29,363,2,-0.0558787569053731,0.9984375616565666,0.9749279121818236,-0.2225209339563143,0,weekday,2021-12-29 00:00:00+00:00,2021-12-30 00:00:00+00:00,154.93708333333333,57293.7725,58635.31447916667,14004.488125000002,2072.9119791666667,478.04041666666666,16555.440520833334,24,99.0
2021-12-30,2021,12,30,364,3,-0.0386957901765268,0.999251037438848,0.4338837391175582,-0.900968867902419,0,weekday,2021-12-30 00:00:00+00:00,2021-12-31 00:00:00+00:00,71.27583333333334,64221.205416666664,58693.22291666667,27083.0196875,5549.301770833333,451.25125,33083.57270833333,24,94.35
2021-12-31,2021,12,31,365,4,-0.0215013727408137,0.999768818762748,-0.433883739117558,-0.9009688679024191,0,weekday,2021-12-31 00:00:00+00:00,2022-01-01 00:00:00+00:00,13.924583333333333,64387.17791666667,50573.11447916667,30509.524895833336,6070.252604166667,1246.3801041666668,37826.15760416666,24,82.0
2022-01-01,2022,1,1,1,5,0.0,1.0,-0.9749279121818236,-0.2225209339563146,1,holiday,2022-01-01 00:00:00+00:00,2022-01-02 00:00:00+00:00,83.38375,46586.958333333336,44478.56104166667,15148.995104166666,5133.9496874999995,1360.0744791666666,21643.019270833334,24,70.345
2022-01-02,2022,1,2,2,6,0.0172015754182605,0.9998520419557736,-0.7818314824680299,0.6234898018587334,0,weekend,2022-01-02 00:00:00+00:00,2022-01-03 00:00:00+00:00,45.544999999999995,57812.229166666664,51117.65052083333,26190.2384375,5800.057916666668,989.1253125,32979.42166666667,24,75.39
2022-01-03,2022,1,3,3,0,0.034398060613608,0.9994082116062598,0.0,1.0,0,weekday,2022-01-03 00:00:00+00:00,2022-01-04 00:00:00+00:00,80.84916666666668,69111.75125,60511.54072916667,31889.50010416667,6053.677708333334,1062.5469791666667,39005.72479166667,24,80.435
2022-01-04,2022,1,4,4,1,0.0515843668694083,0.9986686402879996,0.7818314824680298,0.6234898018587336,0,weekday,2022-01-04 00:00:00+00:00,2022-01-05 00:00:00+00:00,155.66541666666666,60540.56666666667,62806.0546875,13726.452604166667,3908.3896874999996,457.5464583333333,18092.388750000002,24,85.0
2022-01-05,2022,1,5,5,2,0.0687554084811394,0.9976335468520452,0.9749279121818236,-0.2225209339563143,0,weekday,2022-01-05 00:00:00+00:00,2022-01-06 00:00:00+00:00,108.43374999999999,71258.19791666667,64763.25364583333,28821.548854166667,6279.835416666666,1146.7495833333335,36248.13385416667,24,95.7
2022-01-06,2022,1,6,6,3,0.0859061042613327,0.9963032375991964,0.4338837391175582,-0.900968867902419,0,weekday,2022-01-06 00:00:00+00:00,2022-01-07 00:00:00+00:00,197.56083333333333,59613.29750000001,61126.63927083334,10749.640625,3653.7966666666666,2243.038020833333,16646.4753125,24,95.265
2022-01-07,2022,1,7,7,4,0.1030313790431787,0.9946781061893646,-0.433883739117558,-0.9009688679024191,0,weekday,2022-01-07 00:00:00+00:00,2022-01-08 00:00:00+00:00,170.21708333333333,68301.42666666667,63562.98458333333,21459.4475,5482.226145833333,842.230625,27783.904270833333,24,95.8
2022-01-08,2022,1,8,8,5,0.1201261651823505,0.9927586335250792,-0.9749279121818236,-0.2225209339563146,0,weekend,2022-01-08 00:00:00+00:00,2022-01-09 00:00:00+00:00,163.10999999999999,60939.14791666667,55905.6853125,18357.4678125,4754.6788541666665,1073.81625,24185.962916666667,24,88.175
2022-01-09,2022,1,9,9,6,0.1371854040566005,0.9905453876091832,-0.7818314824680299,0.6234898018587334,0,weekend,2022-01-09 00:00:00+00:00,2022-01-10 00:00:00+00:00,151.69583333333333,57476.34291666667,53744.6896875,18053.864166666666,3915.679791666667,623.555,22593.098958333332,24,87.3375
2022-01-10,2022,1,10,10,0,0.1542040475626894,0.988039023376751,0.0,1.0,0,weekday,2022-01-10 00:00:00+00:00,2022-01-11 00:00:00+00:00,263.01958333333334,53089.36625,63862.9440625,2671.4257291666668,1057.6819791666667,1064.1492708333333,4793.2569791666665,24,86.5
2022-01-11,2022,1,11,11,1,0.1711770596101998,0.985240282501282,0.7818314824680298,0.6234898018587336,0,weekday,2022-01-11 00:00:00+00:00,2022-01-12 00:00:00+00:00,255.8720833333333,58611.89333333333,64769.9296875,3100.4069791666666,3355.7801041666667,1514.4398958333334,7970.626979166666,24,81.225
2022-01-12,2022,1,12,12,2,0.1880994176117975,0.9821499931752292,0.9749279121818236,-0.2225209339563143,0,weekday,2022-01-12 00:00:00+00:00,2022-01-13 00:00:00+00:00,233.23208333333332,60596.699166666665,64303.974375,6389.929375,2831.2983333333336,1361.0896875,10582.317395833334,24,82.25
2022-01-13,2022,1,13,13,3,0.2049661139694953,0.9787690698649216,0.4338837391175582,-0.900968867902419,0,weekday,2022-01-13 00:00:00+00:00,2022-01-14 00:00:00+00:00,179.69833333333335,69876.24333333333,64585.58885416667,17295.453854166666,5312.6146875,1877.7819791666668,24485.850520833334,24,72.0
2022-01-14,2022,1,14,14,4,0.2217721575564818,0.975098513039961,-0.433883739117558,-0.9009688679024191,0,weekday,2022-01-14 00:00:00+00:00,2022-01-15 00:00:00+00:00,183.4020833333333,66542.12375,64005.77666666667,14543.434270833333,3384.313125,2087.4979166666667,20015.2453125,24,89.0
2022-01-15,2022,1,15,15,5,0.2385125751940764,0.9711394088771652,-0.9749279121818236,-0.2225209339563146,0,weekend,2022-01-15 00:00:00+00:00,2022-01-16 00:00:00+00:00,216.30124999999998,52427.285833333335,57555.35614583333,2981.7419791666666,1373.249375,1641.884895833333,5996.87625,24,86.97
2022-01-16,2022,1,16,16,6,0.2551824131233728,0.966892928939152,-0.7818314824680299,0.6234898018587334,0,weekend,2022-01-16 00:00:00+00:00,2022-01-17 00:00:00+00:00,127.21249999999999,60752.088749999995,55152.20822916667,19423.689583333333,5488.163645833333,1130.7619791666668,26042.615208333333,24,85.73833333333333
2022-01-17,2022,1,17,17,0,0.2717767384711357,0.9623603298276544,0.0,1.0,0,weekday,2022-01-17 00:00:00+00:00,2022-01-18 00:00:00+00:00,135.14875,71583.46333333333,63678.481770833336,26957.321874999998,5461.221979166667,852.5701041666666,33271.113958333335,24,84.50666666666667
2022-01-18,2022,1,18,18,1,0.2882906407095177,0.957542952811672,0.7818314824680298,0.6234898018587336,0,weekday,2022-01-18 00:00:00+00:00,2022-01-19 00:00:00+00:00,235.67666666666665,61964.91375,65118.34104166667,6956.990000000001,2954.8309375000003,1156.3116666666667,11068.132604166667,24,83.275
2022-01-19,2022,1,19,19,2,0.3047192331091634,0.9524422234305676,0.9749279121818236,-0.2225209339563143,0,weekday,2022-01-19 00:00:00+00:00,2022-01-20 00:00:00+00:00,169.76125,70972.29125,66675.99708333334,19332.271354166667,6401.3228125,1963.3670833333333,27696.961249999997,24,73.95
2022-01-20,2022,1,20,20,3,0.321057654185271,0.9470596510722284,0.4338837391175582,-0.900968867902419,0,weekday,2022-01-20 00:00:00+00:00,2022-01-21 00:00:00+00:00,119.34166666666665,73661.81791666667,64402.138020833336,29561.428958333334,6174.2603125,1533.793125,37269.482395833336,24,71.0
2022-01-21,2022,1,21,21,4,0.3373010691361842,0.9413968285264122,-0.433883739117558,-0.9009688679024191,0,weekday,2022-01-21 00:00:00+00:00,2022-01-22 00:00:00+00:00,160.01833333333335,69618.11291666667,66210.62885416667,19342.5628125,6082.4815625,1623.0666666666666,27048.111041666667,24,74.765
2022-01-22,2022,1,22,22,5,0.3534446712740877,0.9354554315134164,-0.9749279121818236,-0.2225209339563146,0,weekend,2022-01-22 00:00:00+00:00,2022-01-23 00:00:00+00:00,178.53083333333333,57932.75791666666,55564.7178125,11329.229687500001,3111.8620833333334,580.9441666666667,15022.035937499999,24,78.98
2022-01-23,2022,1,23,23,6,0.3694836834473831,0.9292372181882051,-0.7818314824680299,0.6234898018587334,0,weekend,2022-01-23 00:00:00+00:00,2022-01-24 00:00:00+00:00,195.05625,51489.02708333333,53293.1259375,5009.601770833334,1540.4817708333333,838.5704166666666,7388.653958333333,24,83.7925
2022-01-24,2022,1,24,24,0,0.3854133594543256,0.9227440286201428,0.0,1.0,0,weekday,2022-01-24 00:00:00+00:00,2022-01-25 00:00:00+00:00,248.12666666666667,57999.393749999996,65599.70958333333,3473.2081249999997,2136.296875,1572.5649999999998,7182.07,24,88.605
2022-01-25,2022,1,25,25,1,0.4012289854475009,0.9159777842484876,0.7818314824680298,0.6234898018587336,0,weekday,2022-01-25 00:00:00+00:00,2022-01-26 00:00:00+00:00,298.09291666666667,58373.67333333333,65515.38552083333,4163.104375,1592.4853125,1487.2985416666668,7242.888229166667,24,92.385
2022-01-26,2022,1,26,26,2,0.4169258813287287,0.908940487313808,0.9749279121818236,-0.2225209339563143,0,weekday,2022-01-26 00:00:00+00:00,2022-01-27 00:00:00+00:00,232.59041666666667,68408.01416666668,63789.22604166667,14680.251354166665,5035.398854166667,1236.2428125,20951.893020833333,24,89.395
2022-01-27,2022,1,27,27,3,0.4324994021339788,0.901634220265486,0.4338837391175582,-0.900968867902419,0,weekday,2022-01-27 00:00:00+00:00,2022-01-28 00:00:00+00:00,119.26833333333333,74774.75666666667,64431.161458333336,34857.011041666665,5896.534270833334,1442.9945833333334,42196.53989583333,24,92.25
2022-01-28,2022,1,28,28,4,0.4479449394078911,0.8940611451454876,-0.433883739117558,-0.9009688679024191,0,weekday,2022-01-28 00:00:00+00:00,2022-01-29 00:00:00+00:00,177.42458333333332,69792.46208333333,65047.06520833333,24031.81583333333,5058.1259375,2391.8072916666665,31481.749062500003,24,92.062
2022-01-29,2022,1,29,29,5,0.4632579225674917,0.88622350294858,-0.9749279121818236,-0.2225209339563146,0,weekend,2022-01-29 00:00:00+00:00,2022-01-30 00:00:00+00:00,87.18041666666666,68182.97333333333,56621.4753125,35687.041041666664,5421.161041666667,637.86625,41746.068333333336,24,92.062
2022-01-30,2022,1,30,30,6,0.4784338202547012,0.8781236129591848,-0.7818314824680299,0.6234898018587334,0,weekend,2022-01-30 00:00:00+00:00,2022-01-31 00:00:00+00:00,60.949999999999996,63487.62458333333,50950.128229166665,30080.030520833334,5011.974375,2915.9441666666667,38007.949062499996,24,88.45599999999999
2022-01-31,2022,1,31,31,0,0.4934681416772373,0.8697638720650646,0.0,1.0,0,weekday,2022-01-31 00:00:00+00:00,2022-02-01 00:00:00+00:00,198.47083333333333,66479.95208333334,62197.74916666667,19325.089375,3800.0814583333336,739.3192708333332,23864.490104166664,24,84.85
2022-02-01,2022,2,1,32,1,0.5083564379375122,0.8611467540480452,0.7818314824680298,0.6234898018587336,0,weekday,2022-02-01 00:00:00+00:00,2022-02-02 00:00:00+00:00,146.29958333333335,74802.51166666667,63927.3675,31814.488854166662,5728.778333333333,619.8452083333333,38163.112395833334,24,78.3
2022-02-02,2022,2,2,33,2,0.5230943033491326,0.8522748088519838,0.9749279121818236,-0.2225209339563143,0,weekday,2022-02-02 00:00:00+00:00,2022-02-03 00:00:00+00:00,145.73708333333335,70829.27791666666,64721.54083333333,27152.190208333337,3794.4088541666665,1600.543854166667,32547.142916666664,24,77.15
2022-02-03,2022,2,3,34,3,0.5376773767406141,0.8431506618282,0.4338837391175582,-0.900968867902419,0,weekday,2022-02-03 00:00:00+00:00,2022-02-04 00:00:00+00:00,194.55458333333334,64685.23,64535.92479166667,14281.974479166667,4331.332395833333,951.1202083333333,19564.427083333332,24,79.6
2022-02-04,2022,2,4,35,4,0.5521013427459208,0.8337770129585915,-0.433883739117558,-0.9009688679024191,0,weekday,2022-02-04 00:00:00+00:00,2022-02-05 00:00:00+00:00,131.47,70734.06916666667,61543.020833333336,26311.401875,5729.151770833333,1201.8853125,33242.43895833333,24,81.47
2022-02-05,2022,2,5,36,5,0.5663619330814524,0.8241566360566663,-0.9749279121818236,-0.2225209339563146,0,weekend,2022-02-05 00:00:00+00:00,2022-02-06 00:00:00+00:00,86.07791666666667,69027.67041666668,56344.2790625,31814.9765625,6176.992812500001,3232.6822916666665,41224.651666666665,24,82.65
2022-02-06,2022,2,6,37,6,0.580454927809098,0.8142923779467267,-0.7818314824680299,0.6234898018587334,0,weekend,2022-02-06 00:00:00+00:00,2022-02-07 00:00:00+00:00,53.91708333333333,66443.25083333334,54816.628333333334,35701.581770833334,6046.243854166667,789.1939583333333,42537.019583333335,24,80.725
2022-02-07,2022,2,7,38,0,0.5943761565849831,0.804187157621448,0.0,1.0,0,weekday,2022-02-07 00:00:00+00:00,2022-02-08 00:00:00+00:00,89.77333333333333,74326.25333333334,63552.10125,32522.662604166664,5698.114583333333,3174.3917708333333,41395.168958333335,24,78.8
2022-02-08,2022,2,8,39,1,0.6081214998935418,0.7938439653781019,0.7818314824680298,0.6234898018587336,0,weekday,2022-02-08 00:00:00+00:00,2022-02-09 00:00:00+00:00,137.90958333333333,72235.18833333334,65288.21031249999,28329.02666666667,5493.050833333334,1347.7982291666667,35169.87572916666,24,81.48
2022-02-09,2022,2,9,40,2,0.6216868902665479,0.7832658619336791,0.9749279121818236,-0.2225209339563143,0,weekday,2022-02-09 00:00:00+00:00,2022-02-10 00:00:00+00:00,170.07791666666665,69208.77333333333,65717.43291666667,20484.924375,4827.855833333334,2671.4763541666666,27984.2565625,24,76.695
2022-02-10,2022,2,10,41,3,0.6350683134867438,0.7724559775191742,0.4338837391175582,-0.900968867902419,0,weekday,2022-02-10 00:00:00+00:00,2022-02-11 00:00:00+00:00,193.64458333333334,66669.76666666666,65444.66427083333,12588.939583333333,4110.14875,2819.52125,19518.609583333335,24,74.03
2022-02-11,2022,2,11,42,4,0.6482618097757122,0.7614175109532997,-0.433883739117558,-0.9009688679024191,0,weekday,2022-02-11 00:00:00+00:00,2022-02-12 00:00:00+00:00,185.88375,63526.48291666667,63615.91635416667,14138.784479166667,3439.284895833334,2565.3108333333334,20143.380208333332,24,73.415
2022-02-12,2022,2,12,43,5,0.6612634749656386,0.7501537286959042,-0.9749279121818236,-0.2225209339563146,0,weekend,2022-02-12 00:00:00+00:00,2022-02-13 00:00:00+00:00,138.87333333333333,61336.715,57966.81291666667,12069.920624999999,5560.208854166667,5563.99875,23194.12822916667,24,77.425
2022-02-13,2022,2,13,44,6,0.6740694616546161,0.7386679638813748,-0.7818314824680299,0.6234898018587334,0,weekend,2022-02-13 00:00:00+00:00,2022-02-14 00:00:00+00:00,82.90458333333333,64367.29791666666,55177.75208333333,23072.462916666667,5781.239479166667,6188.40375,35042.106145833335,24,80.51249999999999
2022-02-14,2022,2,14,45,0,0.6866759803451553,0.726963615332308,0.0,1.0,0,weekday,2022-02-14 00:00:00+00:00,2022-02-15 00:00:00+00:00,105.48333333333333,72487.95583333333,64781.03052083333,27169.957395833335,5666.072291666667,4251.334479166667,37087.364166666666,24,83.6
2022-02-15,2022,2,15,46,1,0.6990793005655562,0.7150441465537444,0.7818314824680298,0.6234898018587336,0,weekday,2022-02-15 00:00:00+00:00,2022-02-16 00:00:00+00:00,154.8375,70282.10166666667,65782.7415625,22774.328437500004,5058.318958333333,2231.7144791666665,30064.361875,24,76.06
2022-02-16,2022,2,16,47,2,0.7112757519738152,0.7029130847082615,0.9749279121818236,-0.2225209339563143,0,weekday,2022-02-16 00:00:00+00:00,2022-02-17 00:00:00+00:00,115.05,73628.07083333333,65984.27364583332,33832.496770833335,5035.936770833333,955.7891666666666,39824.222708333335,24,69.095
2022-02-17,2022,2,17,48,3,0.7232617254437388,0.6905740195722293,0.4338837391175582,-0.900968867902419,0,weekday,2022-02-17 00:00:00+00:00,2022-02-18 00:00:00+00:00,71.83666666666666,76356.34458333334,66289.11020833334,38453.255833333336,4840.8071875,3308.103333333333,46602.166354166664,24,73.35
2022-02-18,2022,2,18,49,4,0.7350336741329413,0.6780306024735382,-0.433883739117558,-0.9009688679024191,0,weekday,2022-02-18 00:00:00+00:00,2022-02-19 00:00:00+00:00,118.68875000000001,69281.63708333333,66260.24583333333,30332.002291666668,4129.069375,1890.2869791666665,36351.35864583334,24,72.975
2022-02-19,2022,2,19,50,5,0.746588114532413,0.6652865452111116,-0.9749279121818236,-0.2225209339563146,0,weekend,2022-02-19 00:00:00+00:00,2022-02-20 00:00:00+00:00,40.937083333333334,69202.72166666666,56073.64802083333,34254.8959375,4643.756770833334,5156.825520833333,44055.47822916667,24,73.76
2022-02-20,2022,2,20,51,6,0.7579216274973472,0.6523456189565257,-0.7818314824680299,0.6234898018587334,0,weekend,2022-02-20 00:00:00+00:00,2022-02-21 00:00:00+00:00,64.43916666666667,65756.29708333332,55040.5028125,32514.058958333335,4569.7434375,1360.6103125,38444.41270833334,24,73.015
2022-02-21,2022,2,21,52,0,0.7690308592589181,0.6392116531380588,0.0,1.0,0,weekday,2022-02-21 00:00:00+00:00,2022-02-22 00:00:00+00:00,79.14708333333333,76426.52291666667,65855.9953125,36716.4603125,5325.220104166667,3107.0945833333335,45148.775,24,72.27000000000001
2022-02-22,2022,2,22,53,1,0.7799125224167177,0.6258885343075018,0.7818314824680298,0.6234898018587336,0,weekday,2022-02-22 00:00:00+00:00,2022-02-23 00:00:00+00:00,123.5225,73843.07375,67047.30166666667,28751.58260416667,4896.5040625,3112.0820833333332,36760.168750000004,24,71.525
2022-02-23,2022,2,23,54,2,0.7905633969115482,0.612380204990065,0.9749279121818236,-0.2225209339563143,0,weekday,2022-02-23 00:00:00+00:00,2022-02-24 00:00:00+00:00,133.10125,73094.965,66529.77354166667,22533.8425,5518.962083333333,6489.1484375,34541.95302083334,24,83.175
2022-02-24,2022,2,24,55,3,0.8009803309782905,0.5986906625177214,0.4338837391175582,-0.900968867902419,0,weekday,2022-02-24 00:00:00+00:00,2022-02-25 00:00:00+00:00,123.01875,72668.28791666667,66187.84531250001,26833.81708333333,5082.498541666667,3417.8771875,35334.192812500005,24,106.1
2022-02-25,2022,2,25,56,4,0.8111602420785621,0.5848239578463322,-0.433883739117558,-0.9009688679024191,0,weekday,2022-02-25 00:00:00+00:00,2022-02-26 00:00:00+00:00,122.35541666666667,72435.78958333333,64478.956458333334,28134.0046875,5230.696354166666,4048.4544791666667,37413.15552083334,24,94.422
2022-02-26,2022,2,26,57,5,0.8211001178128892,0.5707841943569036,-0.9749279121818236,-0.2225209339563146,0,weekend,2022-02-26 00:00:00+00:00,2022-02-27 00:00:00+00:00,228.585,54856.57666666667,57714.3203125,6788.009375000001,1032.6320833333334,4935.0903124999995,12755.731770833334,24,94.422
2022-02-27,2022,2,27,58,6,0.8307970168121247,0.5565755266413303,-0.7818314824680299,0.6234898018587334,0,weekend,2022-02-27 00:00:00+00:00,2022-02-28 00:00:00+00:00,181.67083333333335,57063.07874999999,55033.45291666667,9328.085833333333,3004.9148958333335,6984.170208333333,19317.170937500003,24,105.45599999999999
2022-02-28,2022,2,28,59,0,0.8402480696078469,0.5422021592729844,0.0,1.0,0,weekday,2022-02-28 00:00:00+00:00,2022-03-01 00:00:00+00:00,207.8375,65366.44666666666,65633.69875,10917.09,4080.1496875,8071.339895833334,23068.579583333336,24,116.49
2022-03-01,2022,3,1,60,1,0.8494504794814806,0.527668345562516,0.7818314824680298,0.6234898018587336,0,weekday,2022-03-01 00:00:00+00:00,2022-03-02 00:00:00+00:00,246.7904166666667,61768.14041666666,65722.02072916667,7746.2084375,1407.0383333333332,7402.341145833333,16555.587916666667,24,103.665
2022-03-02,2022,3,2,61,2,0.8584015232918917,0.512978386299228,0.9749279121818236,-0.2225209339563143,0,weekday,2022-03-02 00:00:00+00:00,2022-03-03 00:00:00+00:00,282.78625,56709.98,63614.87635416666,1824.0797916666668,740.9882291666667,5749.53625,8314.604270833333,24,165.545
2022-03-03,2022,3,3,62,3,0.8670985522812081,0.4981366284784055,0.4338837391175582,-0.900968867902419,0,weekday,2022-03-03 00:00:00+00:00,2022-03-04 00:00:00+00:00,339.6116666666667,60036.78375,62330.5859375,4403.858645833333,1688.165208333333,8074.935312500001,14166.959166666667,24,148.0
2022-03-04,2022,3,4,63,4,0.8755389928586302,0.4831474640149687,-0.433883739117558,-0.9009688679024191,0,weekday,2022-03-04 00:00:00+00:00,2022-03-05 00:00:00+00:00,359.23,59174.754583333335,61558.21885416666,5667.78125,1809.5197916666666,6541.843541666666,14019.144583333333,24,192.55
2022-03-05,2022,3,5,64,5,0.8837203473619977,0.4680153284438345,-0.9749279121818236,-0.2225209339563146,0,weekend,2022-03-05 00:00:00+00:00,2022-03-06 00:00:00+00:00,345.81791666666663,53310.5625,53730.511770833335,4255.033229166666,996.2285416666667,6603.565520833334,11854.827291666666,24,192.55
2022-03-06,2022,3,6,65,6,0.8916401947968874,0.452744699607371,-0.7818314824680299,0.6234898018587334,0,weekend,2022-03-06 00:00:00+00:00,2022-03-07 00:00:00+00:00,340.26958333333334,50869.05666666667,51385.74510416667,3330.0517708333336,610.4191666666667,5982.346354166667,9922.817291666666,24,209.875
2022-03-07,2022,3,7,66,0,0.8992961915530253,0.4373400963303323,0.0,1.0,0,weekday,2022-03-07 00:00:00+00:00,2022-03-08 00:00:00+00:00,415.35791666666665,58190.520416666666,61831.72854166667,4796.38875,246.1571875,7200.149375,12242.6953125,24,227.2
2022-03-08,2022,3,8,67,1,0.9066860720977984,0.4218060770826634,0.7818314824680298,0.6234898018587336,0,weekday,2022-03-08 00:00:00+00:00,2022-03-09 00:00:00+00:00,490.33750000000003,62392.244999999995,61891.990625,7045.751458333333,2078.0518749999997,8715.604479166666,17839.407812499998,24,214.555
2022-03-09,2022,3,9,68,2,0.9138076496466616,0.4061472386305789,0.9749279121818236,-0.2225209339563143,0,weekday,2022-03-09 00:00:00+00:00,2022-03-10 00:00:00+00:00,444.19374999999997,59925.88791666667,61995.3228125,5430.178020833334,2495.5335416666667,9110.7128125,17036.424375,24,155.88
2022-03-10,2022,3,10,69,3,0.9206588168102428,0.3903682146763026,0.4338837391175582,-0.900968867902419,0,weekday,2022-03-10 00:00:00+00:00,2022-03-11 00:00:00+00:00,270.3075,66418.86375,62037.57750000001,15289.495104166666,3504.4871875000003,9155.321770833334,27949.3040625,24,126.4
2022-03-11,2022,3,11,70,4,0.9272375462179536,0.374473674486883,-0.433883739117558,-0.9009688679024191,0,weekday,2022-03-11 00:00:00+00:00,2022-03-12 00:00:00+00:00,80.17875,72578.76333333334,61151.0325,27944.116145833334,5490.350937499999,9448.978333333334,42883.44541666667,24,131.23
2022-03-12,2022,3,12,71,5,0.9335418911179212,0.3584683215124808,-0.9749279121818236,-0.2225209339563146,0,weekend,2022-03-12 00:00:00+00:00,2022-03-13 00:00:00+00:00,128.61666666666667,59991.276666666665,53427.980104166665,17515.413645833334,4439.5851041666665,8526.918749999999,30481.9175,24,131.23
2022-03-13,2022,3,13,72,6,0.9395699859530622,0.342356891994542,-0.7818314824680299,0.6234898018587334,0,weekend,2022-03-13 00:00:00+00:00,2022-03-14 00:00:00+00:00,116.64166666666667,56424.13041666666,49816.21666666667,15450.1409375,4403.5311458333335,8892.4528125,28746.124895833334,24,122.875
2022-03-14,2022,3,14,73,0,0.945320046913132,0.3261441535642696,0.0,1.0,0,weekday,2022-03-14 00:00:00+00:00,2022-03-15 00:00:00+00:00,284.8520833333333,58609.15041666667,59842.191458333335,7770.2716666666665,1797.9853125,5694.087604166667,15262.344583333334,24,114.52
2022-03-15,2022,3,15,74,1,0.9507903724625832,0.3098349038318025,0.7818314824680298,0.6234898018587336,0,weekday,2022-03-15 00:00:00+00:00,2022-03-16 00:00:00+00:00,301.7395833333333,53543.824583333335,60960.036041666666,2631.6528125,633.4132291666666,2881.3610416666666,6146.427083333333,24,121.69
2022-03-16,2022,3,16,75,2,0.9559793438440766,0.2934339689665273,0.9749279121818236,-0.2225209339563143,0,weekday,2022-03-16 00:00:00+00:00,2022-03-17 00:00:00+00:00,242.78875000000002,63217.862916666665,61057.38010416667,10022.302708333335,2984.5577083333333,6794.295208333333,19801.155625,24,102.625
2022-03-17,2022,3,17,76,3,0.9608854255574976,0.2769462022689364,0.4338837391175582,-0.900968867902419,0,weekday,2022-03-17 00:00:00+00:00,2022-03-18 00:00:00+00:00,227.62708333333333,63336.77708333333,60769.68031249999,13896.972187500001,3562.8294791666667,4349.1365625,21808.938229166666,24,110.5
2022-03-18,2022,3,18,77,4,0.9655071658143364,0.2603764827344581,-0.433883739117558,-0.9009688679024191,0,weekday,2022-03-18 00:00:00+00:00,2022-03-19 00:00:00+00:00,229.91375000000002,59203.25875,61517.345312499994,9225.875,1098.4152083333333,7522.602187500001,17846.892395833333,24,105.045
2022-03-19,2022,3,19,78,5,0.969843196967294,0.2437297136096838,-0.9749279121818236,-0.2225209339563146,0,weekend,2022-03-19 00:00:00+00:00,2022-03-20 00:00:00+00:00,126.60416666666667,60147.08375,54878.11989583333,17913.38375,2624.008645833333,8518.5396875,29055.932083333333,24,105.045
2022-03-20,2022,3,20,79,6,0.9738922359149924,0.2270108209414184,-0.7818314824680299,0.6234898018587334,0,weekend,2022-03-20 00:00:00+00:00,2022-03-21 00:00:00+00:00,50.995000000000005,62287.599583333336,51396.4359375,24426.985625,4241.1952083333335,9023.662291666666,37691.843125,24,101.8825
2022-03-21,2022,3,21,80,0,0.977653084481664,0.2102247521189836,0.0,1.0,0,weekday,2022-03-21 00:00:00+00:00,2022-03-22 00:00:00+00:00,211.27041666666665,60660.8475,59839.62291666667,10309.106875,1399.7767708333333,9697.638020833334,21406.521666666667,24,98.72
2022-03-22,2022,3,22,81,1,0.981124629771712,0.1933764744102058,0.7818314824680298,0.6234898018587336,0,weekday,2022-03-22 00:00:00+00:00,2022-03-23 00:00:00+00:00,237.0,56265.919583333336,60487.67947916667,3127.392291666667,337.1929166666667,10133.1371875,13597.722395833334,24,98.745
2022-03-23,2022,3,23,82,2,0.984305844499033,0.1764709734915216,0.9749279121818236,-0.2225209339563143,0,weekday,2022-03-23 00:00:00+00:00,2022-03-24 00:00:00+00:00,237.63125,56040.8225,59681.574375,1301.8745833333335,117.57697916666666,9933.184374999999,11352.635937500001,24,117.0
2022-03-24,2022,3,24,83,3,0.9871957872910084,0.1595132519726365,0.4338837391175582,-0.900968867902419,0,weekday,2022-03-24 00:00:00+00:00,2022-03-25 00:00:00+00:00,240.90458333333333,55638.84666666667,59997.9515625,1299.1786458333333,170.239375,9919.318541666666,11388.7365625,24,116.0
2022-03-25,2022,3,25,84,4,0.9897936029670716,0.1425083279161708,-0.433883739117558,-0.9009688679024191,0,weekday,2022-03-25 00:00:00+00:00,2022-03-26 00:00:00+00:00,245.54416666666665,56204.08083333333,58842.0078125,3479.334375,909.2023958333333,9693.333958333335,14081.870729166667,24,101.27
2022-03-26,2022,3,26,85,5,0.992098522791769,0.1254612333527364,-0.9749279121818236,-0.2225209339563146,0,weekend,2022-03-26 00:00:00+00:00,2022-03-27 00:00:00+00:00,189.81208333333333,54949.03791666666,53026.36302083333,8247.650729166666,1988.9244791666667,9051.2403125,19287.815520833334,24,101.27
2022-03-27,2022,3,27,86,6,0.9941098647022418,0.108377012791876,-0.7818314824680299,0.6234898018587334,0,weekend,2022-03-27 00:00:00+00:00,2022-03-28 00:00:00+00:00,199.59541666666667,48716.71708333333,50273.195625,3314.9719791666666,1032.8063541666668,8802.479687500001,13150.258020833333,24,99.435
2022-03-28,2022,3,28,87,0,0.9958270335100596,0.0912607217293118,0.0,1.0,0,weekday,2022-03-28 00:00:00+00:00,2022-03-29 00:00:00+00:00,223.2775,57738.661250000005,58423.7796875,5847.3984375,1670.725625,9248.875833333334,16766.999895833334,24,97.6
2022-03-29,2022,3,29,88,1,0.9972495210773452,0.0741174251509443,0.7818314824680298,0.6234898018587336,0,weekday,2022-03-29 00:00:00+00:00,2022-03-30 00:00:00+00:00,252.64458333333334,57215.83375,58951.72677083334,5106.3914583333335,1019.7459375,5549.041666666667,11675.1790625,24,108.38
2022-03-30,2022,3,30,89,2,0.998376906467142,0.0569521960340397,0.9749279121818236,-0.2225209339563143,0,weekday,2022-03-30 00:00:00+00:00,2022-03-31 00:00:00+00:00,270.4279166666667,56282.45916666667,59702.67895833333,3988.9933333333333,1280.3410416666668,3669.6785416666667,8939.012916666667,24,118.97
2022-03-31,2022,3,31,90,3,0.9992088560679752,0.0397701138460557,0.4338837391175582,-0.900968867902419,0,weekday,2022-03-31 00:00:00+00:00,2022-04-01 00:00:00+00:00,202.3970833333333,68947.80416666667,59371.685104166674,18705.994270833333,4310.3659375,3262.453229166667,26278.813437499997,24,125.905
2022-04-01,2022,4,1,91,4,0.9997451236925734,0.0225762630415454,-0.433883739117558,-0.9009688679024191,0,weekday,2022-04-01 00:00:00+00:00,2022-04-02 00:00:00+00:00,161.86625,66894.38333333333,59254.41822916667,24445.05739583333,3958.9403125000003,2228.3575,30632.355208333334,24,114.75
2022-04-02,2022,4,2,92,5,0.9999855506507186,0.0053757315575838,-0.9749279121818236,-0.2225209339563146,0,weekend,2022-04-02 00:00:00+00:00,2022-04-03 00:00:00+00:00,173.56583333333333,56825.785,51964.63333333333,16008.706666666667,1634.0151041666668,3306.5789583333335,20949.30072916667,24,112.15
2022-04-03,2022,4,3,93,6,0.9999300657962056,-0.0118263906918325,-0.7818314824680299,0.6234898018587334,0,weekend,2022-04-03 00:00:00+00:00,2022-04-04 00:00:00+00:00,166.24875,52016.04666666667,48979.0490625,9732.101770833333,2943.2369791666665,5688.276041666667,18363.614791666667,24,110.8375
2022-04-04,2022,4,4,94,0,0.9995786855478958,-0.0290250133219752,0.0,1.0,0,weekday,2022-04-04 00:00:00+00:00,2022-04-05 00:00:00+00:00,69.74249999999999,73521.74041666667,62163.7009375,33664.5765625,4930.4875,5217.2728125,43812.336875,24,109.525
2022-04-05,2022,4,5,95,1,0.9989315138848576,-0.0462150469837083,0.7818314824680298,0.6234898018587336,0,weekday,2022-04-05 00:00:00+00:00,2022-04-06 00:00:00+00:00,192.41375000000002,64967.667083333334,62641.3490625,21268.7409375,2740.0609375,2451.5057291666667,26460.307604166665,24,108.14
2022-04-06,2022,4,6,96,2,0.9979887423155984,-0.0633914048695103,0.9749279121818236,-0.2225209339563143,0,weekday,2022-04-06 00:00:00+00:00,2022-04-07 00:00:00+00:00,118.69375000000001,72391.63458333333,66084.54583333334,30279.843437500003,4459.0403125,5173.524375,39912.408125,24,106.79
2022-04-07,2022,4,7,97,3,0.9967506498213928,-0.0805490042187416,0.4338837391175582,-0.900968867902419,0,weekday,2022-04-07 00:00:00+00:00,2022-04-08 00:00:00+00:00,70.15875,75612.40208333333,63120.72708333333,37286.763645833336,4741.221770833333,4127.278333333334,46155.263750000006,24,104.565
2022-04-08,2022,4,8,98,4,0.9952176027737294,-0.0976827678217159,-0.433883739117558,-0.9009688679024191,0,weekday,2022-04-08 00:00:00+00:00,2022-04-09 00:00:00+00:00,131.56083333333333,66593.67916666667,61443.277916666666,23412.630520833332,4768.837916666666,4476.471979166667,32657.940416666668,24,103.88
2022-04-09,2022,4,9,99,5,0.9933900548258936,-0.114787625522127,-0.9749279121818236,-0.2225209339563146,0,weekend,2022-04-09 00:00:00+00:00,2022-04-10 00:00:00+00:00,55.12291666666667,64242.29625000001,52908.33645833333,24345.91354166667,5182.894895833333,6985.504895833333,36514.31333333333,24,103.88
2022-04-10,2022,4,10,100,6,0.9912685467787256,-0.1318585157173911,-0.7818314824680299,0.6234898018587334,0,weekend,2022-04-10 00:00:00+00:00,2022-04-11 00:00:00+00:00,86.49666666666667,55818.91,49338.27177083333,17430.634479166667,4195.289375,7032.541770833333,28658.465625,24,102.0075
2022-04-11,2022,4,11,101,0,0.9888537064205885,-0.1488903868564548,0.0,1.0,0,weekday,2022-04-11 00:00:00+00:00,2022-04-12 00:00:00+00:00,226.0275,56630.56541666667,60912.12208333333,5436.3671875,1211.9204166666666,9873.517916666666,16521.805520833335,24,100.135
2022-04-12,2022,4,12,102,1,0.986146248341595,-0.1658781989346314,0.7818314824680298,0.6234898018587336,0,weekday,2022-04-12 00:00:00+00:00,2022-04-13 00:00:00+00:00,183.99208333333334,66249.95041666667,61151.10927083334,13886.3259375,4228.8983333333335,10018.055729166666,28133.28,24,103.75
2022-04-13,2022,4,13,103,2,0.98314697372215,-0.1828169249850199,0.9749279121818236,-0.2225209339563143,0,weekday,2022-04-13 00:00:00+00:00,2022-04-14 00:00:00+00:00,227.9625,55594.23458333333,59347.68666666667,5696.694687499999,2087.1633333333334,8946.603020833334,16730.461041666666,24,105.325
2022-04-14,2022,4,14,104,3,0.9798567700958664,-0.1997015525660636,0.4338837391175582,-0.900968867902419,0,weekday,2022-04-14 00:00:00+00:00,2022-04-15 00:00:00+00:00,227.40041666666664,52292.09375,59086.56052083333,5287.3029166666665,1683.3860416666666,7471.476041666666,14442.165,24,95.62
2022-04-15,2022,4,15,105,4,0.976276611086932,-0.2165270852448143,-0.433883739117558,-0.9009688679024191,1,holiday,2022-04-15 00:00:00+00:00,2022-04-16 00:00:00+00:00,191.71541666666667,46636.56291666667,50362.004375,7717.5540625,1313.4384375,7048.064687499999,16079.0571875,24,95.62
2022-04-16,2022,4,16,106,5,0.9724075561219968,-0.2332885440754551,-0.9749279121818236,-0.2225209339563146,0,weekend,2022-04-16 00:00:00+00:00,2022-04-17 00:00:00+00:00,146.49083333333334,50196.42333333333,49980.045625,8237.559895833334,1586.08,10536.774166666668,20360.4140625,24,95.62
2022-04-17,2022,4,17,107,6,0.9682507501166718,-0.2499809690726521,-0.7818314824680299,0.6234898018587334,0,weekend,2022-04-17 00:00:00+00:00,2022-04-18 00:00:00+00:00,104.2425,45604.55375,44365.83833333334,6202.720416666667,1624.4494791666666,11378.744791666666,19205.9146875,24,95.62
2022-04-18,2022,4,18,108,0,0.9638074231367308,-0.2665994206792935,0.0,1.0,1,holiday,2022-04-18 00:00:00+00:00,2022-04-19 00:00:00+00:00,130.24416666666667,46229.870416666665,48918.24197916667,4117.847604166666,1852.7290624999998,11398.445625,17369.022291666668,24,95.62
2022-04-19,2022,4,19,109,1,0.9590788900341132,-0.2831389812281835,0.7818314824680298,0.6234898018587336,0,weekday,2022-04-19 00:00:00+00:00,2022-04-20 00:00:00+00:00,212.93666666666664,56341.0625,57304.32958333333,7539.306770833333,1477.0598958333333,9748.477708333334,18764.844375,24,93.77
2022-04-20,2022,4,20,110,2,0.9540665500578388,-0.2995947563972602,0.9749279121818236,-0.2225209339563143,0,weekday,2022-04-20 00:00:00+00:00,2022-04-21 00:00:00+00:00,203.50166666666667,57368.23499999999,58064.07645833333,7856.524895833333,1441.6796875,10760.282916666667,20058.4875,24,96.75
2022-04-21,2022,4,21,111,3,0.9487718864399473,-0.3159618766579029,0.4338837391175582,-0.900968867902419,0,weekday,2022-04-21 00:00:00+00:00,2022-04-22 00:00:00+00:00,200.82208333333332,58283.18333333333,57887.27520833333,10607.658020833334,2877.333541666667,7824.6719791666665,21309.663541666665,24,100.06
2022-04-22,2022,4,22,112,4,0.9431964659565866,-0.3322354987159043,-0.433883739117558,-0.9009688679024191,0,weekday,2022-04-22 00:00:00+00:00,2022-04-23 00:00:00+00:00,168.935,63054.01416666667,57426.620625,17020.984583333335,4714.458645833333,8688.019479166667,30423.462708333333,24,94.875
2022-04-23,2022,4,23,113,5,0.9373419384643772,-0.3484108069446808,-0.9749279121818236,-0.2225209339563146,0,weekend,2022-04-23 00:00:00+00:00,2022-04-24 00:00:00+00:00,91.93541666666665,60177.419583333336,48537.78260416666,18231.701458333333,4085.1721875000003,9047.0940625,31363.967708333337,24,94.875
2022-04-24,2022,4,24,114,6,0.9312100364121948,-0.3644830148102912,-0.7818314824680299,0.6234898018587334,0,weekend,2022-04-24 00:00:00+00:00,2022-04-25 00:00:00+00:00,116.60833333333333,52400.295000000006,45331.84375,15743.112916666665,3864.558229166667,5645.577395833334,25253.248541666664,24,93.85499999999999
2022-04-25,2022,4,25,115,0,0.9248025743285088,-0.3804473662878516,0.0,1.0,0,weekday,2022-04-25 00:00:00+00:00,2022-04-26 00:00:00+00:00,226.27166666666668,53233.18375,56996.709375000006,5131.736458333334,1391.9319791666667,6474.381354166667,12998.049791666666,24,92.835
2022-04-26,2022,4,26,116,1,0.9181214482844364,-0.3962991372689181,0.7818314824680298,0.6234898018587336,0,weekday,2022-04-26 00:00:00+00:00,2022-04-27 00:00:00+00:00,238.8970833333333,52924.042916666665,57243.278020833335,3416.6605208333335,506.6433333333334,6556.215,10479.518854166667,24,103.21
2022-04-27,2022,4,27,117,2,0.9111686353326632,-0.4120336369594263,0.9749279121818236,-0.2225209339563143,0,weekday,2022-04-27 00:00:00+00:00,2022-04-28 00:00:00+00:00,224.0675,53267.7925,57272.69541666666,2567.9670833333334,267.21510416666666,9039.713541666666,11874.895729166667,24,107.425
2022-04-28,2022,4,28,118,3,0.9039461929224012,-0.4276462092677746,0.4338837391175582,-0.900968867902419,0,weekday,2022-04-28 00:00:00+00:00,2022-04-29 00:00:00+00:00,231.12750000000003,55270.22666666666,56809.25114583334,3846.103229166667,816.3566666666667,11117.611770833333,15780.071666666669,24,100.142
2022-04-29,2022,4,29,119,4,0.8964562582905575,-0.4431322341826345,-0.433883739117558,-0.9009688679024191,0,weekday,2022-04-29 00:00:00+00:00,2022-04-30 00:00:00+00:00,228.37166666666667,54101.87875,56198.034270833334,3732.526979166667,654.5245833333333,10574.712395833334,14961.763958333335,24,99.45
2022-04-30,2022,4,30,120,5,0.8887010478292915,-0.4584871291400876,-0.9749279121818236,-0.2225209339563146,0,weekend,2022-04-30 00:00:00+00:00,2022-05-01 00:00:00+00:00,202.60458333333335,45657.40708333333,48951.73072916667,3989.94125,363.6852083333333,6872.827395833334,11226.453854166668,24,99.45
2022-05-01,2022,5,1,121,6,0.8806828564301475,-0.47370635037968,-0.7818314824680299,0.6234898018587334,1,holiday,2022-05-01 00:00:00+00:00,2022-05-02 00:00:00+00:00,195.75708333333333,41449.136666666665,45083.02520833333,2328.5253125,110.58072916666667,7681.969791666666,10121.075833333334,24,98.25
2022-05-02,2022,5,2,122,0,0.8724040568049612,-0.4887853942889926,0.0,1.0,0,weekday,2022-05-02 00:00:00+00:00,2022-05-03 00:00:00+00:00,218.24958333333333,51386.90083333334,56489.92885416667,2557.268541666667,496.7113541666667,9717.25125,12771.231145833333,24,97.05
2022-05-03,2022,5,3,123,1,0.8638670987837349,-0.503719798736334,0.7818314824680298,0.6234898018587336,0,weekday,2022-05-03 00:00:00+00:00,2022-05-04 00:00:00+00:00,220.80958333333334,56224.87416666667,57206.79770833333,3431.4066666666663,1070.4076041666667,9681.7653125,14183.579583333332,24,99.425
2022-05-04,2022,5,4,124,2,0.8550745085896932,-0.518505144391157,0.9749279121818236,-0.2225209339563143,0,weekday,2022-05-04 00:00:00+00:00,2022-05-05 00:00:00+00:00,233.04291666666666,52972.74458333334,56303.76145833333,1548.8264583333332,189.88604166666667,9308.433541666667,11047.146041666667,24,103.82
2022-05-05,2022,5,5,125,3,0.8460288880917339,-0.533137056031809,0.4338837391175582,-0.900968867902419,0,weekday,2022-05-05 00:00:00+00:00,2022-05-06 00:00:00+00:00,235.07291666666666,51774.6575,56525.590416666666,1926.9846875,257.76208333333335,8682.0978125,10866.844583333334,24,106.51
2022-05-06,2022,5,6,126,4,0.8367329140344921,-0.5476112038402312,-0.433883739117558,-0.9009688679024191,0,weekday,2022-05-06 00:00:00+00:00,2022-05-07 00:00:00+00:00,226.19041666666666,51245.29416666667,55629.004270833335,1962.9397916666667,844.7312499999999,9501.055729166666,12308.726770833333,24,101.71
2022-05-07,2022,5,7,127,5,0.8271893372462497,-0.5619233046832195,-0.9749279121818236,-0.2225209339563146,0,weekend,2022-05-07 00:00:00+00:00,2022-05-08 00:00:00+00:00,200.34833333333333,44700.85375,48628.2834375,3880.691041666667,1335.4108333333334,9134.123645833333,14350.225520833335,24,101.71
2022-05-08,2022,5,8,128,6,0.8174009818249189,-0.5760691233798758,-0.7818314824680299,0.6234898018587334,0,weekend,2022-05-08 00:00:00+00:00,2022-05-09 00:00:00+00:00,172.43833333333336,43940.854166666664,45344.724375,4709.566666666667,1007.9242708333333,10602.916770833333,16320.407708333334,24,99.01249999999999
2022-05-09,2022,5,9,129,0,0.8073707443023492,-0.5900444739548627,0.0,1.0,0,weekday,2022-05-09 00:00:00+00:00,2022-05-10 00:00:00+00:00,218.75041666666667,52356.17458333333,54933.481562500005,3482.049166666667,665.1565625,12198.808749999998,16346.014479166666,24,96.315
2022-05-10,2022,5,10,130,1,0.7971015927871943,-0.6038452208771035,0.7818314824680298,0.6234898018587336,0,weekday,2022-05-10 00:00:00+00:00,2022-05-11 00:00:00+00:00,183.54916666666668,58624.364583333336,56717.13770833333,10732.283645833333,3863.077604166667,10340.3875,24935.74875,24,98.8
2022-05-11,2022,5,11,131,2,0.7865965660866021,-0.6174672802835514,0.9749279121818236,-0.2225209339563143,0,weekday,2022-05-11 00:00:00+00:00,2022-05-12 00:00:00+00:00,155.26,57938.6175,56967.262812500005,13773.143020833333,3442.9275,11051.10375,28267.174270833333,24,94.01
2022-05-12,2022,5,12,132,3,0.7758587728069828,-0.6309066211876704,0.4338837391175582,-0.900968867902419,0,weekday,2022-05-12 00:00:00+00:00,2022-05-13 00:00:00+00:00,174.80958333333334,56760.36041666666,57613.88302083333,13813.339583333334,3270.5665625,10729.766875,27813.673020833332,24,106.7
2022-05-13,2022,5,13,133,4,0.7648913904341225,-0.6441592666722685,-0.433883739117558,-0.9009688679024191,0,weekday,2022-05-13 00:00:00+00:00,2022-05-14 00:00:00+00:00,166.73541666666668,56578.38416666666,57096.18895833333,13900.0128125,4612.7259375,9778.052604166667,28290.791354166668,24,96.88
2022-05-14,2022,5,14,134,5,0.753697664392914,-0.6572212950663319,-0.9749279121818236,-0.2225209339563146,0,weekend,2022-05-14 00:00:00+00:00,2022-05-15 00:00:00+00:00,156.57083333333333,47062.37208333333,47873.02541666667,8252.607395833335,1874.9190625,12043.763125,22171.28958333333,24,96.88
2022-05-15,2022,5,15,135,6,0.742280907086982,-0.6700888411055113,-0.7818314824680299,0.6234898018587334,0,weekend,2022-05-15 00:00:00+00:00,2022-05-16 00:00:00+00:00,147.23541666666668,41252.306666666664,44767.302083333336,3640.0478125000004,944.6259375,12799.953333333333,17384.627083333333,24,94.87
2022-05-16,2022,5,16,136,0,0.7306444969184916,-0.6827580970759147,0.0,1.0,0,weekday,2022-05-16 00:00:00+00:00,2022-05-17 00:00:00+00:00,214.99541666666667,52379.1575,55736.50989583333,7852.077916666666,2859.6594791666666,9486.447291666665,20198.1846875,24,92.86
2022-05-17,2022,5,17,137,1,0.7187918772884232,-0.6952253139408722,0.7818314824680298,0.6234898018587336,0,weekday,2022-05-17 00:00:00+00:00,2022-05-18 00:00:00+00:00,227.0725,49893.6575,56507.76572916666,3895.3668749999997,862.5728125,8610.237395833334,13368.177083333334,24,94.175
2022-05-18,2022,5,18,138,2,0.7067265555776158,-0.7074868024503348,0.9749279121818236,-0.2225209339563143,0,weekday,2022-05-18 00:00:00+00:00,2022-05-19 00:00:00+00:00,207.75583333333336,52933.415,57318.80958333333,6413.233645833334,1461.4079166666668,11870.321145833334,19744.962708333333,24,96.475
2022-05-19,2022,5,19,139,3,0.6944521021088763,-0.719538934232584,0.4338837391175582,-0.900968867902419,0,weekday,2022-05-19 00:00:00+00:00,2022-05-20 00:00:00+00:00,212.73333333333335,52987.29,57560.0615625,8489.110833333334,1199.500625,11084.9696875,20773.581145833334,24,91.025
2022-05-20,2022,5,20,140,4,0.6819721490904629,-0.7313781428679254,-0.433883739117558,-0.9009688679024191,0,weekday,2022-05-20 00:00:00+00:00,2022-05-21 00:00:00+00:00,204.2904166666667,50691.13166666666,56771.40947916667,8546.121354166668,952.6370833333334,9991.907395833334,19490.665833333336,24,87.9
2022-05-21,2022,5,21,141,5,0.6692903895412567,-0.7430009249440493,-0.9749279121818236,-0.2225209339563146,0,weekend,2022-05-21 00:00:00+00:00,2022-05-22 00:00:00+00:00,108.20375,52622.00416666667,47453.96114583334,17812.961770833335,3011.5740625,10670.625937499999,31495.161770833336,24,87.9
2022-05-22,2022,5,22,142,6,0.6564105761979381,-0.7544038410927472,-0.7818314824680299,0.6234898018587334,0,weekend,2022-05-22 00:00:00+00:00,2022-05-23 00:00:00+00:00,166.16333333333333,41519.675416666665,44638.473750000005,2800.7975,812.6136458333334,11212.4446875,14825.855833333333,24,86.56
2022-05-23,2022,5,23,143,0,0.6433365204044917,-0.765583517007675,0.0,1.0,0,weekday,2022-05-23 00:00:00+00:00,2022-05-24 00:00:00+00:00,182.59708333333333,57763.4775,56162.731979166674,14444.877604166666,3176.3103125,9253.637499999999,26874.825416666663,24,85.22
2022-05-24,2022,5,24,144,1,0.6300720909843687,-0.7765366444428655,0.7818314824680298,0.6234898018587336,0,weekday,2022-05-24 00:00:00+00:00,2022-05-25 00:00:00+00:00,172.03416666666666,58176.905,57631.330416666664,14892.5615625,4242.897708333333,7662.321979166667,26797.78125,24,86.875
2022-05-25,2022,5,25,145,2,0.6166212130956382,-0.7872599821916922,0.9749279121818236,-0.2225209339563143,0,weekday,2022-05-25 00:00:00+00:00,2022-05-26 00:00:00+00:00,172.13666666666666,53458.28916666666,56767.26697916666,9452.653958333334,3126.295104166667,9895.9078125,22474.856874999998,24,85.625
2022-05-26,2022,5,26,146,3,0.6029878670694714,-0.7977503570459932,0.4338837391175582,-0.900968867902419,1,holiday,2022-05-26 00:00:00+00:00,2022-05-27 00:00:00+00:00,66.575,53997.9775,47411.57,19892.176875,4538.966354166667,8882.5190625,33313.66229166667,24,85.97
2022-05-27,2022,5,27,147,4,0.5891760872322963,-0.8080046647350754,-0.433883739117558,-0.9009688679024191,0,weekday,2022-05-27 00:00:00+00:00,2022-05-28 00:00:00+00:00,41.9,64049.16041666667,54971.848333333335,26814.523229166665,4749.7882291666665,9369.955208333333,40934.26666666667,24,86.25
2022-05-28,2022,5,28,148,5,0.5751899607119775,-0.8180198708443174,-0.9749279121818236,-0.2225209339563146,0,weekend,2022-05-28 00:00:00+00:00,2022-05-29 00:00:00+00:00,49.24125,58770.27583333334,48454.2475,22309.020729166663,4603.555833333333,10128.300625,37040.8771875,24,86.875
2022-05-29,2022,5,29,149,6,0.5610336262283677,-0.8277930117131022,-0.7818314824680299,0.6234898018587334,0,weekend,2022-05-29 00:00:00+00:00,2022-05-30 00:00:00+00:00,160.72125,46107.88,45458.722708333335,5874.168645833334,3130.984375,8756.465104166668,17761.618125,24,89.25166666666667
2022-05-30,2022,5,30,150,0,0.5467112728685939,-0.8373211953118121,0.0,1.0,0,weekday,2022-05-30 00:00:00+00:00,2022-05-31 00:00:00+00:00,226.05416666666667,48401.317083333335,55823.190833333334,1890.545729166667,168.19052083333335,9586.143020833333,11644.879270833333,24,91.62833333333333
2022-05-31,2022,5,31,151,1,0.5322271388474397,-0.8466016020976267,0.7818314824680298,0.6234898018587336,0,weekday,2022-05-31 00:00:00+00:00,2022-06-01 00:00:00+00:00,212.48541666666665,49874.07958333333,56340.965,1860.0259374999998,193.51177083333334,10396.4325,12449.970208333332,24,94.005
2022-06-01,2022,6,1,152,2,0.5175855102531889,-0.8556314858488706,0.9749279121818236,-0.2225209339563143,0,weekday,2022-06-01 00:00:00+00:00,2022-06-02 00:00:00+00:00,213.54999999999998,52866.472083333334,56588.11072916666,4530.6009375,410.2659375,10432.014270833333,15372.881145833335,24,85.55
2022-06-02,2022,6,2,153,3,0.5027907197793043,-0.8644081744776648,0.4338837391175582,-0.900968867902419,0,weekday,2022-06-02 00:00:00+00:00,2022-06-03 00:00:00+00:00,188.64625,54756.06166666667,56427.878541666665,5992.389479166667,2278.2573958333332,12012.46,20283.106875,24,83.945
2022-06-03,2022,6,3,154,4,0.4878471454423119,-0.8729290708206411,-0.433883739117558,-0.9009688679024191,0,weekday,2022-06-03 00:00:00+00:00,2022-06-04 00:00:00+00:00,185.87208333333334,50874.92625,55703.0534375,5217.561041666667,580.1205208333333,11435.717708333332,17233.399270833335,24,83.1
2022-06-04,2022,6,4,155,5,0.4727592092862775,-0.881191653407483,-0.9749279121818236,-0.2225209339563146,0,weekend,2022-06-04 00:00:00+00:00,2022-06-05 00:00:00+00:00,162.43791666666667,44559.71916666667,47133.9690625,4936.384479166666,673.6541666666667,10903.2175,16513.256145833333,24,83.1
2022-06-05,2022,6,5,156,6,0.4575313760742512,-0.8891934772070711,-0.7818314824680299,0.6234898018587334,0,weekend,2022-06-05 00:00:00+00:00,2022-06-06 00:00:00+00:00,137.53583333333333,46866.845,41547.4359375,10233.394583333333,2589.6084375,9238.143020833333,22061.146041666667,24,83.0525
2022-06-06,2022,6,6,157,0,0.442168151967072,-0.8969321743510065,0.0,1.0,1,holiday,2022-06-06 00:00:00+00:00,2022-06-07 00:00:00+00:00,97.64208333333333,51238.77708333333,45728.17427083334,13159.593333333332,3572.9921875,10065.596458333333,26798.181979166668,24,83.005
2022-06-07,2022,6,7,158,1,0.4266740831899246,-0.9044054548343,0.7818314824680298,0.6234898018587336,0,weekday,2022-06-07 00:00:00+00:00,2022-06-08 00:00:00+00:00,185.76625,56144.41,55614.45208333334,10236.523020833332,3761.9874999999997,7536.585,21535.095520833333,24,80.41
2022-06-08,2022,6,8,159,2,0.4110537546870351,-0.911611107193024,0.9749279121818236,-0.2225209339563143,0,weekday,2022-06-08 00:00:00+00:00,2022-06-09 00:00:00+00:00,192.0375,50174.7475,56719.50625,4852.0996875,940.815,8904.052708333335,14696.967395833335,24,79.405
2022-06-09,2022,6,9,160,3,0.3953117887649151,-0.9185469991587164,0.4338837391175582,-0.900968867902419,0,weekday,2022-06-09 00:00:00+00:00,2022-06-10 00:00:00+00:00,186.49,51694.64208333333,56786.778229166666,7645.367916666667,1607.6685416666667,7837.523958333334,17090.560416666667,24,84.88
2022-06-10,2022,6,10,161,4,0.3794528437245443,-0.925211078289358,-0.433883739117558,-0.9009688679024191,0,weekday,2022-06-10 00:00:00+00:00,2022-06-11 00:00:00+00:00,187.11083333333332,50564.489583333336,55842.88041666666,3988.7966666666666,1829.9069791666668,10754.122291666667,16572.8259375,24,82.465
2022-06-11,2022,6,11,162,5,0.3634816124829063,-0.9316013725767188,-0.9749279121818236,-0.2225209339563146,0,weekend,2022-06-11 00:00:00+00:00,2022-06-12 00:00:00+00:00,133.85291666666666,46447.923749999994,47265.46156249999,4732.119375,2791.401979166667,11014.67375,18538.195104166665,24,82.465
2022-06-12,2022,6,12,163,6,0.3474028211842774,-0.9377159910299092,-0.7818314824680299,0.6234898018587334,0,weekend,2022-06-12 00:00:00+00:00,2022-06-13 00:00:00+00:00,116.8875,45001.385,43881.16822916667,5263.233333333334,2163.7928125000003,12395.915625,19822.94177083333,24,82.9325
2022-06-13,2022,6,13,164,0,0.3312212278016865,-0.9435531242349544,0.0,1.0,0,weekday,2022-06-13 00:00:00+00:00,2022-06-14 00:00:00+00:00,166.51208333333332,55429.823333333334,55074.551875000005,10894.682916666667,2662.1155208333334,10930.676875,24487.4753125,24,83.4
2022-06-14,2022,6,14,165,1,0.3149416207289519,-0.9491110448902284,0.7818314824680298,0.6234898018587336,0,weekday,2022-06-14 00:00:00+00:00,2022-06-15 00:00:00+00:00,197.73458333333335,53885.35333333333,55583.17197916666,4107.29,1231.2261458333335,12546.348333333333,17884.864479166667,24,97.04
2022-06-15,2022,6,15,166,2,0.2985688173637202,-0.9543881083175908,0.9749279121818236,-0.2225209339563143,0,weekday,2022-06-15 00:00:00+00:00,2022-06-16 00:00:00+00:00,215.90333333333334,52869.99,54172.26729166667,2418.3321875,151.27239583333332,13256.055520833334,15825.660104166665,24,120.33
2022-06-16,2022,6,16,167,3,0.2821076626819194,-0.9593827529490744,0.4338837391175582,-0.900968867902419,0,weekday,2022-06-16 00:00:00+00:00,2022-06-17 00:00:00+00:00,207.3925,49191.732500000006,50206.484375,5007.191354166666,388.43822916666664,11908.010729166666,17303.6403125,24,124.365
2022-06-17,2022,6,17,168,4,0.2655630278040559,-0.9640935007889756,-0.433883739117558,-0.9009688679024191,0,weekday,2022-06-17 00:00:00+00:00,2022-06-18 00:00:00+00:00,252.94125,51678.75583333333,53778.21947916667,3550.132291666667,2621.4648958333332,12186.4846875,18358.081875,24,117.74
2022-06-18,2022,6,18,169,5,0.2489398085537665,-0.9685189578512204,-0.9749279121818236,-0.2225209339563146,0,weekend,2022-06-18 00:00:00+00:00,2022-06-19 00:00:00+00:00,194.035,49173.57833333333,46856.04270833333,8234.265416666667,1409.9115625000002,13163.905208333332,22808.0821875,24,117.74
2022-06-19,2022,6,19,170,6,0.2322429240090701,-0.9726578145718654,-0.7818314824680299,0.6234898018587334,0,weekend,2022-06-19 00:00:00+00:00,2022-06-20 00:00:00+00:00,158.37583333333333,47798.15541666667,45119.80406250001,9577.546875,550.8732291666666,11707.023125,21835.443229166667,24,120.34666666666666
2022-06-20,2022,6,20,171,0,0.2154773150467301,-0.976508846196619,0.0,1.0,0,weekday,2022-06-20 00:00:00+00:00,2022-06-21 00:00:00+00:00,270.93083333333334,53584.20208333334,55728.59322916667,9131.626354166667,1724.5309375,8673.202916666667,19529.360208333335,24,122.95333333333333
2022-06-21,2022,6,21,172,1,0.1986479428801711,-0.9800709131432666,0.7818314824680298,0.6234898018587336,0,weekday,2022-06-21 00:00:00+00:00,2022-06-22 00:00:00+00:00,291.98333333333335,53137.010416666664,55928.59010416667,3976.633229166667,868.5409374999999,12602.735833333334,17447.91,24,125.56
2022-06-22,2022,6,22,173,2,0.1817597875913753,-0.9833429613388902,0.9749279121818236,-0.2225209339563143,0,weekday,2022-06-22 00:00:00+00:00,2022-06-23 00:00:00+00:00,326.69625,50832.68541666667,56932.283541666664,2548.8685416666667,259.9251041666667,10144.898229166667,12953.691874999999,24,127.17
2022-06-23,2022,6,23,174,3,0.1648178466571979,-0.9863240225317866,0.4338837391175582,-0.900968867902419,0,weekday,2022-06-23 00:00:00+00:00,2022-06-24 00:00:00+00:00,293.9145833333333,54944.88791666667,56681.66333333333,4968.578541666667,1437.0617708333332,12284.488645833333,18690.12895833333,24,133.345
2022-06-24,2022,6,24,175,4,0.1478271334705304,-0.9890132145779884,-0.433883739117558,-0.9009688679024191,0,weekday,2022-06-24 00:00:00+00:00,2022-06-25 00:00:00+00:00,279.15625,53920.975,56329.95875,8422.641875,1878.4365625,8712.1365625,19013.215,24,128.505
2022-06-25,2022,6,25,176,5,0.1307926758567592,-0.9914097417023038,-0.9749279121818236,-0.2225209339563146,0,weekend,2022-06-25 00:00:00+00:00,2022-06-26 00:00:00+00:00,243.79999999999998,45281.12791666667,47256.92604166667,2601.4489583333334,800.3884374999999,11190.199687499999,14592.037083333335,24,128.505
2022-06-26,2022,6,26,177,6,0.1137195145859496,-0.9935128947338008,-0.7818314824680299,0.6234898018587334,0,weekend,2022-06-26 00:00:00+00:00,2022-06-27 00:00:00+00:00,202.8758333333333,44601.488333333335,45472.111666666664,3198.777604166667,884.5861458333334,11132.991875,15216.355624999998,24,128.98250000000002
2022-06-27,2022,6,27,178,0,0.0966127018812031,-0.9953220513156602,0.0,1.0,0,weekday,2022-06-27 00:00:00+00:00,2022-06-28 00:00:00+00:00,316.79583333333335,52729.91333333333,55758.62354166667,5515.776875,666.2072916666667,9524.66,15706.644166666667,24,129.46
2022-06-28,2022,6,28,179,1,0.0794772999236209,-0.9968366760893436,0.7818314824680298,0.6234898018587336,0,weekday,2022-06-28 00:00:00+00:00,2022-06-29 00:00:00+00:00,333.88875,52891.20958333334,56161.2965625,3400.6261458333333,703.1135416666666,10544.032083333334,14647.771770833335,24,129.175
2022-06-29,2022,6,29,180,2,0.062318379354325,-0.998056320853012,0.9749279121818236,-0.2225209339563143,0,weekday,2022-06-29 00:00:00+00:00,2022-06-30 00:00:00+00:00,319.64625,55352.32916666666,57276.254375,6389.761145833334,2452.6902083333334,7484.443229166667,16326.894583333333,24,139.588
2022-06-30,2022,6,30,181,3,0.0451410177739719,-0.998980624694158,0.4338837391175582,-0.900968867902419,0,weekday,2022-06-30 00:00:00+00:00,2022-07-01 00:00:00+00:00,328.5625,56397.00291666667,56787.24041666667,4384.5981249999995,2374.705,11163.1734375,17922.4765625,24,144.515
2022-07-01,2022,7,1,182,4,0.0279502982402103,-0.999609314096404,-0.433883739117558,-0.9009688679024191,0,weekday,2022-07-01 00:00:00+00:00,2022-07-02 00:00:00+00:00,315.58666666666664,53556.87125,56488.6,8202.7925,2560.946875,6026.534479166666,16790.273854166666,24,147.785
2022-07-02,2022,7,2,183,5,0.0107513077635219,-0.9999422030204416,-0.9749279121818236,-0.2225209339563146,0,weekend,2022-07-02 00:00:00+00:00,2022-07-03 00:00:00+00:00,219.6966666666667,47667.22583333333,47169.5490625,4035.388854166667,2182.3067708333333,13632.7109375,19850.4065625,24,147.785
2022-07-03,2022,7,3,184,6,-0.0064508641981051,-0.9999791929590824,-0.7818314824680299,0.6234898018587334,0,weekend,2022-07-03 00:00:00+00:00,2022-07-04 00:00:00+00:00,204.47375,47095.93666666667,43967.8590625,5319.023645833334,1031.535625,13159.336041666667,19509.8953125,24,153.54833333333332
2022-07-04,2022,7,4,185,0,-0.0236511272452315,-0.9997202729664084,0.0,1.0,0,weekday,2022-07-04 00:00:00+00:00,2022-07-05 00:00:00+00:00,298.015,55274.37625,56208.92010416667,6060.829791666667,2681.4430208333333,11561.546770833333,20303.819583333334,24,159.31166666666667
2022-07-05,2022,7,5,186,1,-0.0408443915432961,-0.9991655196610107,0.7818314824680298,0.6234898018587336,0,weekday,2022-07-05 00:00:00+00:00,2022-07-06 00:00:00+00:00,318.31458333333336,56091.34666666667,57071.58520833333,6488.569166666667,2592.602604166667,11704.742083333333,20785.913854166665,24,165.075
2022-07-06,2022,7,6,187,2,-0.0580255693287803,-0.9983150972033183,0.9749279121818236,-0.2225209339563143,0,weekday,2022-07-06 00:00:00+00:00,2022-07-07 00:00:00+00:00,300.03000000000003,57297.487499999996,57370.426145833335,8366.141145833333,3495.82625,11179.9428125,23041.91020833333,24,171.0
2022-07-07,2022,7,7,188,3,-0.0751895764147585,-0.9971692572470178,0.4338837391175582,-0.900968867902419,0,weekday,2022-07-07 00:00:00+00:00,2022-07-08 00:00:00+00:00,213.04541666666668,62257.73166666667,58352.917083333334,19090.61291666667,4467.214479166667,6271.676458333332,29829.50385416667,24,183.185
2022-07-08,2022,7,8,189,4,-0.0923313336953912,-0.9957283388645872,-0.433883739117558,-0.9009688679024191,0,weekday,2022-07-08 00:00:00+00:00,2022-07-09 00:00:00+00:00,306.47583333333336,56130.90041666667,56251.20177083334,11360.810520833335,2627.4557291666665,10288.842083333333,24277.108333333334,24,175.21
2022-07-09,2022,7,9,190,5,-0.1094457686489155,-0.993992768446958,-0.9749279121818236,-0.2225209339563146,0,weekend,2022-07-09 00:00:00+00:00,2022-07-10 00:00:00+00:00,128.68916666666667,52867.50708333333,48874.6665625,13495.622083333334,4455.9725,9488.066354166667,27439.6609375,24,175.21
2022-07-10,2022,7,10,191,6,-0.1265278168386831,-0.9919630595773395,-0.7818314824680299,0.6234898018587334,0,weekend,2022-07-10 00:00:00+00:00,2022-07-11 00:00:00+00:00,135.53416666666666,50748.88958333334,45530.02239583334,14538.266458333334,3612.8365625,9449.254479166668,27600.3575,24,169.865
2022-07-11,2022,7,11,192,0,-0.1435724234118113,-0.9896398128792412,0.0,1.0,0,weekday,2022-07-11 00:00:00+00:00,2022-07-12 00:00:00+00:00,380.00666666666666,50427.31041666667,56070.80635416667,3895.1751041666666,1120.9728125,8881.9496875,13898.097604166667,24,164.52
2022-07-12,2022,7,12,193,1,-0.1605745445949937,-0.9870237158387384,0.7818314824680298,0.6234898018587336,0,weekday,2022-07-12 00:00:00+00:00,2022-07-13 00:00:00+00:00,381.93249999999995,52101.89083333334,56613.9765625,2573.5198958333335,1643.9217708333333,12547.742291666667,16765.18395833333,24,172.61
2022-07-13,2022,7,13,194,2,-0.1775291491870349,-0.984115542601034,0.9749279121818236,-0.2225209339563143,0,weekday,2022-07-13 00:00:00+00:00,2022-07-14 00:00:00+00:00,354.6254166666667,57022.40583333333,56805.588125,9594.134479166667,2331.4717708333333,9887.094895833334,21812.701145833333,24,180.505
2022-07-14,2022,7,14,195,3,-0.1944312200476619,-0.9809161537413774,0.4338837391175582,-0.900968867902419,0,weekday,2022-07-14 00:00:00+00:00,2022-07-15 00:00:00+00:00,363.79125,54934.27333333334,57130.49947916667,8111.333541666667,2701.867708333333,11077.1353125,21890.3365625,24,175.035
2022-07-15,2022,7,15,196,4,-0.2112757555821793,-0.9774264960104057,-0.433883739117558,-0.9009688679024191,0,weekday,2022-07-15 00:00:00+00:00,2022-07-16 00:00:00+00:00,333.8233333333333,56313.34083333333,56043.02510416667,8953.6590625,3040.833020833333,11253.968854166667,23248.4609375,24,159.565
2022-07-16,2022,7,16,197,5,-0.2280577712215198,-0.9736476020539838,-0.9749279121818236,-0.2225209339563146,0,weekend,2022-07-16 00:00:00+00:00,2022-07-17 00:00:00+00:00,167.38583333333335,51901.965,47853.928125,12957.246770833333,3304.3065625,11878.047291666668,28139.600625000003,24,159.565
2022-07-17,2022,7,17,198,6,-0.2447723008972595,-0.9695805901076308,-0.7818314824680299,0.6234898018587334,0,weekend,2022-07-17 00:00:00+00:00,2022-07-18 00:00:00+00:00,230.64208333333332,43645.56916666667,43866.279375000006,3283.8957291666666,1159.8342708333332,13234.701874999999,17678.431875,24,158.4125
2022-07-18,2022,7,18,199,0,-0.2614143985111562,-0.965226663665613,0.0,1.0,0,weekday,2022-07-18 00:00:00+00:00,2022-07-19 00:00:00+00:00,400.7929166666667,51442.03208333333,54821.1228125,1782.3159375000002,1668.0411458333335,12779.893645833334,16230.250729166668,24,157.26
2022-07-19,2022,7,19,200,1,-0.2779791393987801,-0.9605871111248128,0.7818314824680298,0.6234898018587336,0,weekday,2022-07-19 00:00:00+00:00,2022-07-20 00:00:00+00:00,390.6525,54453.793333333335,56372.81854166667,4699.500416666667,1516.8420833333332,13804.625104166667,20020.967604166668,24,154.455
2022-07-20,2022,7,20,201,2,-0.2944616217868012,-0.9556633054034704,0.9749279121818236,-0.2225209339563143,0,weekday,2022-07-20 00:00:00+00:00,2022-07-21 00:00:00+00:00,340.755,58836.230833333335,58179.8084375,10220.390833333333,3168.325208333333,12423.2575,25811.973541666666,24,155.04
2022-07-21,2022,7,21,202,3,-0.3108569682435036,-0.9504567035349152,0.4338837391175582,-0.900968867902419,0,weekday,2022-07-21 00:00:00+00:00,2022-07-22 00:00:00+00:00,402.3745833333333,55347.44583333333,58410.441979166666,7852.32,2240.4878125,9536.6221875,19629.43,24,155.6
2022-07-22,2022,7,22,203,4,-0.3271603271220951,-0.9449688462364056,-0.433883739117558,-0.9009688679024191,0,weekday,2022-07-22 00:00:00+00:00,2022-07-23 00:00:00+00:00,380.7245833333333,53782.695,56893.87552083333,3969.466979166667,1923.9291666666668,11293.629895833334,17187.026041666668,24,159.865
2022-07-23,2022,7,23,204,5,-0.343366873996388,-0.939201357453208,-0.9749279121818236,-0.2225209339563146,0,weekend,2022-07-23 00:00:00+00:00,2022-07-24 00:00:00+00:00,327.21708333333333,48198.71625,47823.71770833334,3992.9642708333336,1097.6840625,9225.252604166666,14315.9009375,24,159.865
2022-07-24,2022,7,24,205,6,-0.3594718130884232,-0.9331559438780432,-0.7818314824680299,0.6234898018587334,0,weekend,2022-07-24 00:00:00+00:00,2022-07-25 00:00:00+00:00,256.18416666666667,46590.105833333335,44387.5546875,3249.7431249999995,2702.2315625,12503.740208333335,18455.714895833335,24,168.24
2022-07-25,2022,7,25,206,0,-0.3754703786876202,-0.9268343944460494,0.0,1.0,0,weekday,2022-07-25 00:00:00+00:00,2022-07-26 00:00:00+00:00,313.30958333333336,56824.54083333333,55933.5428125,11762.654479166667,2933.0423958333336,10841.725,25537.421875,24,176.615
2022-07-26,2022,7,26,207,1,-0.3913578365610259,-0.9202385798054076,0.7818314824680298,0.6234898018587336,0,weekday,2022-07-26 00:00:00+00:00,2022-07-27 00:00:00+00:00,323.68916666666667,59036.07916666666,56866.974375,10958.410937499999,3993.30625,9731.456041666666,24683.173229166667,24,199.92
2022-07-27,2022,7,27,208,2,-0.4071294853542516,-0.9133704517637858,0.9749279121818236,-0.2225209339563143,0,weekday,2022-07-27 00:00:00+00:00,2022-07-28 00:00:00+00:00,431.09666666666664,55098.40666666667,57413.55510416667,7085.204687500001,2856.750625,10208.676979166667,20150.63229166667,24,205.225
2022-07-28,2022,7,28,209,3,-0.4227806579826773,-0.9062320427107696,0.4338837391175582,-0.900968867902419,0,weekday,2022-07-28 00:00:00+00:00,2022-07-29 00:00:00+00:00,474.4170833333333,50737.88125,55415.865625,4288.589791666666,316.60364583333336,11331.859583333333,15937.053020833335,24,198.93
2022-07-29,2022,7,29,210,4,-0.4383067230125192,-0.898825465016444,-0.433883739117558,-0.9009688679024191,0,weekday,2022-07-29 00:00:00+00:00,2022-07-30 00:00:00+00:00,442.87875,50401.831666666665,54226.572604166664,5126.101874999999,1055.0682291666667,8783.391458333334,14964.5615625,24,190.915
2022-07-30,2022,7,30,211,5,-0.4537030860313442,-0.8911529104063088,-0.9749279121818236,-0.2225209339563146,0,weekend,2022-07-30 00:00:00+00:00,2022-07-31 00:00:00+00:00,377.3441666666667,42890.1675,46131.97385416667,3010.097291666667,408.7786458333333,9519.645520833334,12938.521458333335,24,190.915
2022-07-31,2022,7,31,212,6,-0.4689651910076318,-0.8832166493127127,-0.7818314824680299,0.6234898018587334,0,weekend,2022-07-31 00:00:00+00:00,2022-08-01 00:00:00+00:00,319.7191666666667,42301.08875,43725.395833333336,3251.5123958333334,981.4922916666666,8968.588125,13201.5928125,24,195.855
2022-08-01,2022,8,1,213,0,-0.4840885216389758,-0.8750190302029955,0.0,1.0,0,weekday,2022-08-01 00:00:00+00:00,2022-08-02 00:00:00+00:00,430.52625000000006,50739.232500000006,55677.239895833336,4953.2273958333335,1035.750625,9069.845208333334,15058.823229166666,24,200.795
2022-08-02,2022,8,2,214,1,-0.4990686026885319,-0.8665624788845385,0.7818314824680298,0.6234898018587336,0,weekday,2022-08-02 00:00:00+00:00,2022-08-03 00:00:00+00:00,379.0370833333333,52490.82041666666,56032.32635416667,2095.201145833333,3115.588333333333,11538.366354166666,16749.155833333334,24,205.175
2022-08-03,2022,8,3,215,2,-0.5139010013093103,-0.8578494977869301,0.9749279121818236,-0.2225209339563143,0,weekday,2022-08-03 00:00:00+00:00,2022-08-04 00:00:00+00:00,391.50916666666666,53567.25916666666,54964.585,3105.9296875,2395.431666666667,12364.941250000002,17866.302604166667,24,199.195
2022-08-04,2022,8,4,216,3,-0.5285813283559292,-0.8488826652214553,0.4338837391175582,-0.900968867902419,0,weekday,2022-08-04 00:00:00+00:00,2022-08-05 00:00:00+00:00,412.29791666666665,53637.900833333326,55908.0328125,5138.529895833333,1099.4793750000001,12082.7715625,18320.780833333334,24,199.25
2022-08-05,2022,8,5,217,4,-0.5431052396834317,-0.8396646346181327,-0.433883739117558,-0.9009688679024191,0,weekday,2022-08-05 00:00:00+00:00,2022-08-06 00:00:00+00:00,378.47499999999997,52695.07874999999,55615.34416666667,6880.3403125,1181.5380208333333,8601.380208333334,16663.258541666666,24,196.32
2022-08-06,2022,8,6,218,5,-0.5574684374327892,-0.8301981337405212,-0.9749279121818236,-0.2225209339563146,0,weekend,2022-08-06 00:00:00+00:00,2022-08-07 00:00:00+00:00,268.7270833333333,48209.40583333333,46198.29708333333,5260.7621874999995,1407.0266666666666,10730.78,17398.568854166668,24,196.32
2022-08-07,2022,8,7,219,6,-0.5716666713027052,-0.8204859638785327,-0.7818314824680299,0.6234898018587334,0,weekend,2022-08-07 00:00:00+00:00,2022-08-08 00:00:00+00:00,219.64791666666667,44319.222083333334,43634.176458333335,3115.9541666666664,694.9651041666666,12002.319583333332,15813.238854166666,24,194.6875
2022-08-08,2022,8,8,220,0,-0.5856957398073508,-0.8105309990194823,0.0,1.0,0,weekday,2022-08-08 00:00:00+00:00,2022-08-09 00:00:00+00:00,363.13041666666663,50001.32,53926.098958333336,3166.623125,169.0321875,12270.974166666667,15606.629479166666,24,193.055
2022-08-09,2022,8,9,221,1,-0.5995514915196489,-0.8003361849976323,0.7818314824680298,0.6234898018587336,0,weekday,2022-08-09 00:00:00+00:00,2022-08-10 00:00:00+00:00,345.59916666666663,51285.37583333333,54793.880937500006,4669.8282291666665,44.887499999999996,12277.4353125,16992.151041666668,24,192.185
2022-08-10,2022,8,10,222,2,-0.6132298262997502,-0.7899045386224707,0.9749279121818236,-0.2225209339563143,0,weekday,2022-08-10 00:00:00+00:00,2022-08-11 00:00:00+00:00,338.32125,51000.90416666667,55183.082708333335,4567.7803125,120.9684375,12692.796145833332,17381.544895833333,24,205.365
2022-08-11,2022,8,11,223,3,-0.6267266965083301,-0.7792391467859886,0.4338837391175582,-0.900968867902419,0,weekday,2022-08-11 00:00:00+00:00,2022-08-12 00:00:00+00:00,378.23499999999996,50499.8125,55355.20802083333,4639.2284375,181.0428125,13139.952708333332,17960.223958333332,24,208.11
2022-08-12,2022,8,12,224,4,-0.6400381082043503,-0.7683431655492202,-0.433883739117558,-0.9009688679024191,0,weekday,2022-08-12 00:00:00+00:00,2022-08-13 00:00:00+00:00,438.7270833333334,51121.26,54814.255520833336,5596.600833333333,589.9797916666666,12647.366354166666,18833.946979166667,24,206.11
2022-08-13,2022,8,13,225,5,-0.65316012232693,-0.7572198192083127,-0.9749279121818236,-0.2225209339563146,0,weekend,2022-08-13 00:00:00+00:00,2022-08-14 00:00:00+00:00,378.64416666666665,45761.06416666667,47026.08010416667,4632.581354166667,713.3095833333333,11786.885416666666,17132.776354166668,24,206.11
2022-08-14,2022,8,14,226,6,-0.666088855860977,-0.7458723993404063,-0.7818314824680299,0.6234898018587334,0,weekend,2022-08-14 00:00:00+00:00,2022-08-15 00:00:00+00:00,329.2291666666667,46940.93791666667,44559.12354166667,6410.982916666667,2540.8875000000003,11379.851145833332,20331.7215625,24,213.11
2022-08-15,2022,8,15,227,0,-0.6788204829862355,-0.734304263829602,0.0,1.0,0,weekday,2022-08-15 00:00:00+00:00,2022-08-16 00:00:00+00:00,434.5783333333333,49079.61083333333,52379.40833333333,4285.904583333333,1342.8570833333333,9145.710208333334,14774.471875000001,24,220.11
2022-08-16,2022,8,16,228,1,-0.6913512362094071,-0.722518835873311,0.7818314824680298,0.6234898018587336,0,weekday,2022-08-16 00:00:00+00:00,2022-08-17 00:00:00+00:00,498.23583333333335,51799.845,55809.42145833333,1982.3215625,513.7292708333333,11167.621979166666,13663.6728125,24,225.915
2022-08-17,2022,8,17,229,2,-0.7036774074790128,-0.7105196029692745,0.9749279121818236,-0.2225209339563143,0,weekday,2022-08-17 00:00:00+00:00,2022-08-18 00:00:00+00:00,553.5820833333333,51717.80416666667,55816.42385416667,2643.3777083333334,618.4226041666667,9940.108541666666,13201.908854166666,24,225.835
2022-08-18,2022,8,18,230,3,-0.7157953492826642,-0.6983101158835584,0.4338837391175582,-0.900968867902419,0,weekday,2022-08-18 00:00:00+00:00,2022-08-19 00:00:00+00:00,564.25125,50058.70875,55625.34479166666,3807.4396875,1410.2122916666667,7260.503854166666,12478.155833333332,24,241.005
2022-08-19,2022,8,19,231,4,-0.7277014757264236,-0.6858939875998223,-0.433883739117558,-0.9009688679024191,0,weekday,2022-08-19 00:00:00+00:00,2022-08-20 00:00:00+00:00,517.6,48072.7775,54985.9203125,3187.223125,389.8491666666667,6264.224687499999,9841.296979166667,24,244.55
2022-08-20,2022,8,20,232,5,-0.7393922635959241,-0.673274892250183,-0.9749279121818236,-0.2225209339563146,0,weekend,2022-08-20 00:00:00+00:00,2022-08-21 00:00:00+00:00,451.9025,43036.372083333335,47114.46510416667,3338.164583333333,960.9976041666667,5977.643541666667,10276.805729166666,24,244.55
2022-08-21,2022,8,21,233,6,-0.7508642533989489,-0.6604565640279754,-0.7818314824680299,0.6234898018587334,0,weekend,2022-08-21 00:00:00+00:00,2022-08-22 00:00:00+00:00,372.28833333333336,45226.61791666667,43871.17822916667,3077.6505208333333,1780.4702083333334,10384.773541666667,15242.894270833332,24,260.65
2022-08-22,2022,8,22,234,0,-0.7621140503891487,-0.6474427960827475,0.0,1.0,0,weekday,2022-08-22 00:00:00+00:00,2022-08-23 00:00:00+00:00,568.6854166666667,51276.27,54443.831458333334,2415.4244791666665,350.11093750000003,8843.3878125,11608.923229166665,24,276.75
2022-08-23,2022,8,23,235,1,-0.7731383255706026,-0.6342374393978054,0.7818314824680298,0.6234898018587336,0,weekday,2022-08-23 00:00:00+00:00,2022-08-24 00:00:00+00:00,610.1729166666667,54938.90625,55511.418125,4791.440208333333,561.0951041666667,10746.741458333332,16099.276770833334,24,269.05
2022-08-24,2022,8,24,236,2,-0.7839338166829201,-0.620844401650647,0.9749279121818236,-0.2225209339563143,0,weekday,2022-08-24 00:00:00+00:00,2022-08-25 00:00:00+00:00,624.6445833333333,55340.01458333334,54668.81520833333,4847.926041666667,638.9343749999999,10593.948125,16080.808541666665,24,292.15
2022-08-25,2022,8,25,237,3,-0.7944973291665992,-0.6072676460566135,0.4338837391175582,-0.900968867902419,0,weekday,2022-08-25 00:00:00+00:00,2022-08-26 00:00:00+00:00,607.1541666666667,57004.020833333336,55092.442187500004,5229.655520833333,2803.599375,10169.804791666667,18203.0596875,24,321.415
2022-08-26,2022,8,26,238,4,-0.8048257371083452,-0.593511190196115,-0.433883739117558,-0.9009688679024191,0,weekday,2022-08-26 00:00:00+00:00,2022-08-27 00:00:00+00:00,707.3525,52486.723750000005,54950.957187500004,3719.691145833333,1622.7273958333333,7600.97625,12943.394791666666,24,339.195
2022-08-27,2022,8,27,239,5,-0.8149159841660791,-0.5795791048257612,-0.9749279121818236,-0.2225209339563146,0,weekend,2022-08-27 00:00:00+00:00,2022-08-28 00:00:00+00:00,600.7825,48381.795000000006,46622.585625,6863.4842708333335,2974.2721875,5007.790416666667,14845.546875,24,339.195
2022-08-28,2022,8,28,240,6,-0.8247650844733614,-0.5654755126737576,-0.7818314824680299,0.6234898018587334,0,weekend,2022-08-28 00:00:00+00:00,2022-08-29 00:00:00+00:00,404.1675,49595.50041666667,43690.6165625,8182.087604166667,3982.127395833333,8617.577500000001,20781.7925,24,305.9
2022-08-29,2022,8,29,241,0,-0.8343701235229538,-0.5512045872199277,0.0,1.0,0,weekday,2022-08-29 00:00:00+00:00,2022-08-30 00:00:00+00:00,667.7495833333334,53439.98583333333,54674.396145833336,3992.4444791666665,1421.6034375,9281.226770833333,14695.2746875,24,272.605
2022-08-30,2022,8,30,242,1,-0.8437282590292712,-0.5367705514607103,0.7818314824680298,0.6234898018587336,0,weekday,2022-08-30 00:00:00+00:00,2022-08-31 00:00:00+00:00,655.8683333333333,56539.39208333333,55729.167916666665,4734.2110416666665,1312.6004166666667,9925.5925,15972.403958333334,24,252.937
2022-08-31,2022,8,31,243,2,-0.8528367217694595,-0.522177676659508,0.9749279121818236,-0.2225209339563143,0,weekday,2022-08-31 00:00:00+00:00,2022-09-01 00:00:00+00:00,602.46375,56516.82208333333,55509.22697916667,6579.881145833333,1496.1196874999998,6603.235520833333,14679.236354166665,24,239.905
2022-09-01,2022,9,1,244,3,-0.8616928164028522,-0.5074302810827518,0.4338837391175582,-0.900968867902419,0,weekday,2022-09-01 00:00:00+00:00,2022-09-02 00:00:00+00:00,570.24,57177.652916666666,56167.91697916667,6254.3471875,1038.9112499999999,9188.618958333334,16481.877395833333,24,243.005
2022-09-02,2022,9,2,245,4,-0.8702939222685674,-0.4925327287220543,-0.433883739117558,-0.9009688679024191,0,weekday,2022-09-02 00:00:00+00:00,2022-09-03 00:00:00+00:00,411.1504166666667,60920.82041666666,54688.55635416667,10223.308854166668,2718.0091666666667,10592.133958333334,23533.451979166668,24,214.665
2022-09-03,2022,9,3,246,5,-0.8786374941610001,-0.4774894280028391,-0.9749279121818236,-0.2225209339563146,0,weekend,2022-09-03 00:00:00+00:00,2022-09-04 00:00:00+00:00,287.82958333333335,53931.77125,46953.144479166665,11839.092291666668,4187.647395833334,8365.003958333333,24391.743645833336,24,214.665
2022-09-04,2022,9,4,247,6,-0.886721063082993,-0.4623048304798108,-0.7818314824680299,0.6234898018587334,0,weekend,2022-09-04 00:00:00+00:00,2022-09-05 00:00:00+00:00,248.90375000000003,50032.387083333335,43678.5740625,7436.3778125,4015.5082291666663,9538.2134375,20990.099479166667,24,223.05666666666667
2022-09-05,2022,9,5,248,0,-0.8945422369764496,-0.4469834295196741,0.0,1.0,0,weekday,2022-09-05 00:00:00+00:00,2022-09-06 00:00:00+00:00,364.395,59794.71833333333,55091.9703125,10265.418541666668,4253.3678125,10065.0315625,24583.817916666667,24,231.44833333333332
2022-09-06,2022,9,6,249,1,-0.9020987014301836,-0.4315297589714714,0.7818314824680298,0.6234898018587336,0,weekday,2022-09-06 00:00:00+00:00,2022-09-07 00:00:00+00:00,427.31583333333333,60974.784583333334,55854.496770833335,10535.770416666666,4140.255625,8905.770625,23581.796666666665,24,239.84
2022-09-07,2022,9,7,250,2,-0.9093882203647924,-0.4159483918249421,0.9749279121818236,-0.2225209339563143,0,weekday,2022-09-07 00:00:00+00:00,2022-09-08 00:00:00+00:00,466.5629166666667,53234.832916666666,56070.223020833335,4732.623645833333,1536.3882291666666,7120.271874999999,13389.28375,24,213.885
2022-09-08,2022,9,8,251,3,-0.9164086366943458,-0.4002439388573056,0.4338837391175582,-0.900968867902419,0,weekday,2022-09-08 00:00:00+00:00,2022-09-09 00:00:00+00:00,432.5854166666666,54184.81291666667,56201.308125,8414.9671875,2665.7903125,4187.112916666666,15267.870416666667,24,220.54
2022-09-09,2022,9,9,252,4,-0.923157872964704,-0.3844210472688554,-0.433883739117558,-0.9009688679024191,0,weekday,2022-09-09 00:00:00+00:00,2022-09-10 00:00:00+00:00,355.8908333333333,53421.411250000005,56019.309375000004,7889.2628125,1091.6485416666667,7476.2603125,16457.171666666665,24,207.09
2022-09-10,2022,9,10,253,5,-0.9296339319682696,-0.3684843993077793,-0.9749279121818236,-0.2225209339563146,0,weekend,2022-09-10 00:00:00+00:00,2022-09-11 00:00:00+00:00,406.54875,45451.611249999994,47761.92385416667,4843.243645833333,355.683125,5361.4428125,10560.369583333333,24,207.09
2022-09-11,2022,9,11,254,6,-0.935834897334994,-0.3524387108846032,-0.7818314824680299,0.6234898018587334,0,weekend,2022-09-11 00:00:00+00:00,2022-09-12 00:00:00+00:00,389.29375,43084.99291666667,44254.8903125,2388.8163541666668,123.49125,6644.367708333334,9156.675312500001,24,198.84
2022-09-12,2022,9,12,255,0,-0.9417589340994617,-0.3362887301766828,0.0,1.0,0,weekday,2022-09-12 00:00:00+00:00,2022-09-13 00:00:00+00:00,406.43416666666667,54955.19375,54890.3125,3020.9917708333337,2111.2622916666664,9022.500520833333,14154.754583333333,24,190.59
2022-09-13,2022,9,13,256,1,-0.9474042892438844,-0.3200392362231385,0.7818314824680298,0.6234898018587336,0,weekday,2022-09-13 00:00:00+00:00,2022-09-14 00:00:00+00:00,397.1558333333333,58267.777916666666,56294.73447916666,9510.323125,4199.5877083333335,5889.999375,19599.91020833333,24,198.61
2022-09-14,2022,9,14,257,2,-0.9527692922168512,-0.3036950375106588,0.9749279121818236,-0.2225209339563143,0,weekday,2022-09-14 00:00:00+00:00,2022-09-15 00:00:00+00:00,460.9866666666667,53407.659583333334,56295.9515625,4952.608020833333,2894.0929166666665,3802.8837500000004,11649.5846875,24,217.88
2022-09-15,2022,9,15,258,3,-0.9578523554276668,-0.2872609705505963,0.4338837391175582,-0.900968867902419,0,weekday,2022-09-15 00:00:00+00:00,2022-09-16 00:00:00+00:00,357.96166666666664,59033.378749999996,55807.64864583333,12210.576354166667,5322.141875,4894.04875,22426.766979166667,24,214.285
2022-09-16,2022,9,16,259,4,-0.9626519747161488,-0.2707418984477642,-0.433883739117558,-0.9009688679024191,0,weekday,2022-09-16 00:00:00+00:00,2022-09-17 00:00:00+00:00,195.67499999999998,62677.137500000004,55354.5325,20608.289270833335,5509.0311458333335,5675.160520833334,31792.4809375,24,187.795
2022-09-17,2022,9,17,260,5,-0.9671667297977312,-0.2541427094613622,-0.9749279121818236,-0.2225209339563146,0,weekend,2022-09-17 00:00:00+00:00,2022-09-18 00:00:00+00:00,64.89,57498.424999999996,47931.02364583333,21884.364791666667,5416.238541666667,5097.4340624999995,32398.037395833333,24,187.795
2022-09-18,2022,9,18,261,6,-0.97139528468375,-0.2374683155584684,-0.7818314824680299,0.6234898018587334,0,weekend,2022-09-18 00:00:00+00:00,2022-09-19 00:00:00+00:00,84.73958333333333,55952.74416666667,44625.8671875,22036.617395833335,5327.5996875,3807.9953124999997,31172.212395833336,24,185.02749999999997
2022-09-19,2022,9,19,262,0,-0.9753363880767836,-0.2207236509605022,0.0,1.0,0,weekday,2022-09-19 00:00:00+00:00,2022-09-20 00:00:00+00:00,277.80958333333336,57869.237499999996,55486.454375,13436.433020833334,4631.585729166666,6095.713958333334,24163.732708333333,24,182.26
2022-09-20,2022,9,20,263,1,-0.978988873740932,-0.2039136706831147,0.7818314824680298,0.6234898018587336,0,weekday,2022-09-20 00:00:00+00:00,2022-09-21 00:00:00+00:00,368.52624999999995,53860.45250000001,56464.091145833336,4225.0975,1287.1160416666667,6551.690729166666,12063.904270833335,24,194.26
2022-09-21,2022,9,21,264,2,-0.9823516608469236,-0.1870433490699165,0.9749279121818236,-0.2225209339563143,0,weekday,2022-09-21 00:00:00+00:00,2022-09-22 00:00:00+00:00,385.0741666666667,52719.982500000006,57054.72802083333,1315.7438541666668,77.77885416666666,8724.4159375,10117.938645833334,24,189.78
2022-09-22,2022,9,22,265,3,-0.9854237542919524,-0.1701176783204905,0.4338837391175582,-0.900968867902419,0,weekday,2022-09-22 00:00:00+00:00,2022-09-23 00:00:00+00:00,386.97208333333333,53144.177083333336,57291.75770833334,1806.4263541666667,671.5047916666666,9156.759895833335,11634.691041666667,24,187.47
2022-09-23,2022,9,23,266,4,-0.9882042449941422,-0.15314166701312,-0.433883739117558,-0.9009688679024191,0,weekday,2022-09-23 00:00:00+00:00,2022-09-24 00:00:00+00:00,371.25666666666666,54536.12125,57242.76635416667,3642.840208333333,1650.5424999999998,8132.105208333333,13425.487916666667,24,185.495
2022-09-24,2022,9,24,267,5,-0.9906923101615608,-0.136120338622667,-0.9749279121818236,-0.2225209339563146,0,weekend,2022-09-24 00:00:00+00:00,2022-09-25 00:00:00+00:00,343.79625000000004,44596.51291666667,50212.050729166665,1607.7719791666666,2067.4659375,3943.8658333333333,7619.103749999999,24,185.495
2022-09-25,2022,9,25,268,6,-0.9928872135356962,-0.1190587300340498,-0.7818314824680299,0.6234898018587334,0,weekend,2022-09-25 00:00:00+00:00,2022-09-26 00:00:00+00:00,275.825,43944.526249999995,47849.45802083333,2803.3643749999997,1698.9141666666667,4848.314791666667,9350.593333333332,24,179.66500000000002
2022-09-26,2022,9,26,269,0,-0.994788305609327,-0.1019618900517457,0.0,1.0,0,weekday,2022-09-26 00:00:00+00:00,2022-09-27 00:00:00+00:00,245.16416666666666,60275.03208333333,58420.30052083333,15331.642916666666,3406.6196875,5129.84125,23868.103854166668,24,173.835
2022-09-27,2022,9,27,270,1,-0.9963950238187232,-0.0848348779057653,0.7818314824680298,0.6234898018587336,0,weekday,2022-09-27 00:00:00+00:00,2022-09-28 00:00:00+00:00,319.5829166666667,57846.04749999999,59650.24937500001,12221.443854166668,1912.3079166666666,3236.1027083333333,17369.854479166668,24,186.1
2022-09-28,2022,9,28,271,2,-0.9977068927101168,-0.0676827617545516,0.9749279121818236,-0.2225209339563143,0,weekday,2022-09-28 00:00:00+00:00,2022-09-29 00:00:00+00:00,391.05625000000003,50903.20333333333,59877.70489583333,3612.947708333333,150.05197916666665,3661.9822916666667,7424.981979166667,24,207.185
2022-09-29,2022,9,29,272,3,-0.9987235240803972,-0.0505106171852228,0.4338837391175582,-0.900968867902419,0,weekday,2022-09-29 00:00:00+00:00,2022-09-30 00:00:00+00:00,417.9766666666667,52198.010416666664,59259.5471875,1365.1297916666667,1078.4019791666667,5223.321458333333,7666.853229166667,24,187.665
2022-09-30,2022,9,30,273,4,-0.9994446170919858,-0.0333235257116313,-0.433883739117558,-0.9009688679024191,0,weekday,2022-09-30 00:00:00+00:00,2022-10-01 00:00:00+00:00,295.2575,55751.049166666664,58586.730416666665,6708.235833333333,2632.5025,7077.604375,16418.342708333334,24,188.8
2022-10-01,2022,10,1,274,5,-0.9998699583618592,-0.0161265732706577,-0.9749279121818236,-0.2225209339563146,0,weekend,2022-10-01 00:00:00+00:00,2022-10-02 00:00:00+00:00,84.21291666666667,58573.56041666667,51928.91572916667,25264.44083333333,4883.9609375,2249.339375,32397.741145833334,24,188.8
2022-10-02,2022,10,2,275,6,-0.9999994220246924,0.0010751512827982,-0.7818314824680299,0.6234898018587334,0,weekend,2022-10-02 00:00:00+00:00,2022-10-03 00:00:00+00:00,117.16583333333334,53885.59,47761.049895833334,19026.754791666666,5267.6825,3720.4619791666664,28014.899270833335,24,179.35500000000002
2022-10-03,2022,10,3,276,0,-0.999832969770105,0.0182765576816912,0.0,1.0,1,holiday,2022-10-03 00:00:00+00:00,2022-10-04 00:00:00+00:00,220.08583333333334,49455.83958333333,52958.417083333334,11728.751145833334,2585.0911458333335,5616.713854166667,19930.556145833332,24,169.91
2022-10-04,2022,10,4,277,1,-0.9993706508539968,0.0354725557531255,0.7818314824680298,0.6234898018587336,0,weekday,2022-10-04 00:00:00+00:00,2022-10-05 00:00:00+00:00,241.64499999999998,56143.44708333333,59713.31979166667,7583.875625000001,4269.6565625,6959.798437500001,18813.330625,24,161.95
2022-10-05,2022,10,5,278,2,-0.9986126020839734,0.052658056924614,0.9749279121818236,-0.2225209339563143,0,weekday,2022-10-05 00:00:00+00:00,2022-10-06 00:00:00+00:00,93.47791666666667,63603.300833333335,60940.83677083333,20549.9575,5565.586458333334,7663.16,33778.70395833333,24,173.695
2022-10-06,2022,10,6,279,3,-0.9975590477788612,0.0698279757298708,0.4338837391175582,-0.900968867902419,0,weekday,2022-10-06 00:00:00+00:00,2022-10-07 00:00:00+00:00,114.25875,62630.74166666667,60059.644375,17669.139062500002,6032.114479166667,7703.993333333333,31405.246875,24,175.71
2022-10-07,2022,10,7,280,4,-0.9962102997023295,0.0869772313136861,-0.433883739117558,-0.9009688679024191,0,weekday,2022-10-07 00:00:00+00:00,2022-10-08 00:00:00+00:00,162.6025,59789.434166666666,60071.90552083333,12128.991770833332,5314.6034375,7537.5467708333335,24981.141979166667,24,156.205
2022-10-08,2022,10,8,281,5,-0.9945667569706336,0.1041007489354256,-0.9749279121818236,-0.2225209339563146,0,weekend,2022-10-08 00:00:00+00:00,2022-10-09 00:00:00+00:00,152.58041666666665,54001.9775,52995.94822916667,13774.371458333333,4395.4288541666665,5081.015104166667,23250.815416666668,24,156.205
2022-10-09,2022,10,9,282,6,-0.9926289059345096,0.121193461470736,-0.7818314824680299,0.6234898018587334,0,weekend,2022-10-09 00:00:00+00:00,2022-10-10 00:00:00+00:00,136.37375,48258.22,49953.505000000005,8162.040729166666,2816.7364583333333,8059.789687500001,19038.566875,24,155.16250000000002
2022-10-10,2022,10,10,283,0,-0.9903973200352558,0.1382503109109819,0.0,1.0,0,weekday,2022-10-10 00:00:00+00:00,2022-10-11 00:00:00+00:00,170.31875,59895.48458333333,60713.66302083334,13197.1634375,5194.9640625,6948.009270833333,25340.13677083333,24,154.12
2022-10-11,2022,10,11,284,1,-0.9878726596350428,0.1552662498599956,0.7818314824680298,0.6234898018587336,0,weekday,2022-10-11 00:00:00+00:00,2022-10-12 00:00:00+00:00,265.41416666666663,54475.09916666666,61005.03708333333,4617.948333333333,2373.9533333333334,5321.167604166666,12313.069270833332,24,156.78
2022-10-12,2022,10,12,285,2,-0.9850556718215012,0.172236243027682,0.9749279121818236,-0.2225209339563143,0,weekday,2022-10-12 00:00:00+00:00,2022-10-13 00:00:00+00:00,281.90500000000003,53358.28583333333,60439.21708333333,2550.7077083333334,1779.88,6155.5225,10486.110208333334,24,160.19
2022-10-13,2022,10,13,286,3,-0.981947190186646,0.1891552687200409,0.4338837391175582,-0.900968867902419,0,weekday,2022-10-13 00:00:00+00:00,2022-10-14 00:00:00+00:00,259.34708333333333,54005.03708333333,60545.12604166666,6742.0001041666665,1447.6233333333332,3224.3609375,11413.984375,24,153.81
2022-10-14,2022,10,14,287,4,-0.9785481345802032,0.2060183203251708,-0.433883739117558,-0.9009688679024191,0,weekday,2022-10-14 00:00:00+00:00,2022-10-15 00:00:00+00:00,258.22375,51874.03041666667,59698.417083333334,6297.487395833334,1475.1595833333333,3235.75125,11008.398229166667,24,141.995
2022-10-15,2022,10,15,288,5,-0.9748595108374124,0.2228204077947995,-0.9749279121818236,-0.2225209339563146,0,weekend,2022-10-15 00:00:00+00:00,2022-10-16 00:00:00+00:00,147.88666666666668,49750.074583333335,51992.74270833333,11701.09625,3864.3134375000004,2821.5830208333336,18386.992708333335,24,141.995
2022-10-16,2022,10,16,289,6,-0.9708824104813836,0.239556559120927,-0.7818314824680299,0.6234898018587334,0,weekend,2022-10-16 00:00:00+00:00,2022-10-17 00:00:00+00:00,100.18458333333332,49696.24958333333,49973.80333333334,11234.9296875,4143.1762499999995,5151.228541666666,20529.334479166664,24,134.9875
2022-10-17,2022,10,17,290,0,-0.9666180104000972,0.2562218218071163,0.0,1.0,0,weekday,2022-10-17 00:00:00+00:00,2022-10-18 00:00:00+00:00,154.78375,58826.24583333333,60110.99020833333,11725.0171875,4512.1509375,5825.226770833334,22062.394895833335,24,127.98
2022-10-18,2022,10,18,291,1,-0.9620675724981452,0.2728112643340191,0.7818314824680298,0.6234898018587336,0,weekday,2022-10-18 00:00:00+00:00,2022-10-19 00:00:00+00:00,182.7095833333333,55230.60208333333,60384.503124999996,5709.859791666667,3736.2218749999997,3934.804583333333,13380.886250000001,24,113.22
2022-10-19,2022,10,19,292,2,-0.957232443323312,0.2893199776186952,0.9749279121818236,-0.2225209339563143,0,weekday,2022-10-19 00:00:00+00:00,2022-10-20 00:00:00+00:00,168.54541666666668,52933.15541666667,60678.161041666666,6321.1003125,1417.2784374999999,4782.989375,12521.368125,24,112.51
2022-10-20,2022,10,20,293,3,-0.9521140536681102,0.3057430764672831,0.4338837391175582,-0.900968867902419,0,weekday,2022-10-20 00:00:00+00:00,2022-10-21 00:00:00+00:00,140.9075,59409.65666666667,61353.737499999996,17592.6371875,4849.500625,4681.810520833334,27123.948333333334,24,127.145
2022-10-21,2022,10,21,294,4,-0.9467139181463862,0.3220757010206104,-0.433883739117558,-0.9009688679024191,0,weekday,2022-10-21 00:00:00+00:00,2022-10-22 00:00:00+00:00,165.02125,49779.08625,60733.4184375,9855.17625,1241.5321875,2294.0569791666667,13390.765416666667,24,113.575
2022-10-22,2022,10,22,295,5,-0.9410336347451196,0.3383130181923076,-0.9749279121818236,-0.2225209339563146,0,weekend,2022-10-22 00:00:00+00:00,2022-10-23 00:00:00+00:00,137.3033333333333,44716.393749999996,52849.183958333335,7112.080833333333,2344.3337500000002,3770.1515624999997,13226.566145833334,24,113.575
2022-10-23,2022,10,23,296,6,-0.9350748843515574,0.3544502230989869,-0.7818314824680299,0.6234898018587334,0,weekend,2022-10-23 00:00:00+00:00,2022-10-24 00:00:00+00:00,91.58375,45562.829999999994,50029.07208333333,11247.566041666667,2747.477083333333,4749.8915625,18744.9346875,24,106.3725
2022-10-24,2022,10,24,297,0,-0.9288394302558068,0.3704825404820963,0.0,1.0,0,weekday,2022-10-24 00:00:00+00:00,2022-10-25 00:00:00+00:00,81.12208333333334,60976.667083333334,60771.9309375,23367.044791666664,5141.353125000001,3114.256145833333,31622.6540625,24,99.17
2022-10-25,2022,10,25,298,1,-0.9223291176290545,0.3864052261209853,0.7818314824680298,0.6234898018587336,0,weekday,2022-10-25 00:00:00+00:00,2022-10-26 00:00:00+00:00,109.13916666666667,55528.324166666665,60011.1625,13721.451041666667,4205.2768750000005,4907.549583333333,22834.2775,24,99.795
2022-10-26,2022,10,26,299,2,-0.9155458729775467,0.4022135682368036,0.9749279121818236,-0.2225209339563143,0,weekday,2022-10-26 00:00:00+00:00,2022-10-27 00:00:00+00:00,121.70416666666667,49532.19375,60660.02354166666,7762.526041666667,2897.613645833333,3790.0172916666666,14450.156979166668,24,104.32
2022-10-27,2022,10,27,300,3,-0.9084917035725082,0.4179028888867866,0.4338837391175582,-0.900968867902419,0,weekday,2022-10-27 00:00:00+00:00,2022-10-28 00:00:00+00:00,125.13458333333334,51605.715,60561.14822916667,10541.112708333334,3292.6457291666666,5453.7326041666665,19287.491041666668,24,107.385
2022-10-28,2022,10,28,301,4,-0.9011686968561567,0.4334685453485363,-0.433883739117558,-0.9009688679024191,0,weekday,2022-10-28 00:00:00+00:00,2022-10-29 00:00:00+00:00,106.34791666666666,52307.48875,59815.68541666667,13939.839583333334,2984.9534375000003,4671.673541666666,21596.4665625,24,112.244
2022-10-29,2022,10,29,302,5,-0.8935790198239952,0.4489059314938798,-0.9749279121818236,-0.2225209339563146,0,weekend,2022-10-29 00:00:00+00:00,2022-10-30 00:00:00+00:00,102.06166666666667,40450.44,52359.550416666665,5601.3409375,1573.8039583333332,4115.88625,11291.031145833333,24,112.244
2022-10-30,2022,10,30,303,6,-0.8857249183835637,0.4642104791518923,-0.7818314824680299,0.6234898018587334,0,weekend,2022-10-30 00:00:00+00:00,2022-10-31 00:00:00+00:00,119.05166666666668,41227.89708333334,50084.19697916667,5495.566770833334,1149.3457291666666,4995.4853125,11640.3978125,24,117.797
2022-10-31,2022,10,31,304,0,-0.8776087166898392,0.4793776594606945,0.0,1.0,0,weekday,2022-10-31 00:00:00+00:00,2022-11-01 00:00:00+00:00,144.01624999999999,44234.28583333333,55730.221041666664,5909.6915625,2108.0898958333332,3630.6827083333333,11648.464166666667,24,123.35
2022-11-01,2022,11,1,305,1,-0.8692328164574792,0.4944029842076181,0.7818314824680298,0.6234898018587336,0,weekday,2022-11-01 00:00:00+00:00,2022-11-02 00:00:00+00:00,69.52708333333334,59142.5925,53830.49875,22118.235833333336,5525.8280208333335,3057.9022916666668,30701.966145833332,24,116.195
2022-11-02,2022,11,2,306,2,-0.8605996962501181,0.5092820071573356,0.9749279121818236,-0.2225209339563143,0,weekday,2022-11-02 00:00:00+00:00,2022-11-03 00:00:00+00:00,73.13041666666666,62176.34458333333,58875.109375,23244.0871875,5752.364583333333,4413.999791666666,33410.4515625,24,125.865
2022-11-03,2022,11,3,307,3,-0.8517119107469189,0.5240103253675756,0.4338837391175582,-0.900968867902419,0,weekday,2022-11-03 00:00:00+00:00,2022-11-04 00:00:00+00:00,103.97583333333334,58857.60333333333,61469.39947916666,18688.607604166667,5413.760208333333,3072.6207291666665,27174.988541666666,24,125.445
2022-11-04,2022,11,4,308,4,-0.8425720899866032,0.5385835804920232,-0.433883739117558,-0.9009688679024191,0,weekday,2022-11-04 00:00:00+00:00,2022-11-05 00:00:00+00:00,181.45666666666668,54306.90541666667,61352.026041666664,9893.054791666667,3632.964479166667,1594.6252083333331,15120.644479166665,24,114.785
2022-11-05,2022,11,5,309,5,-0.8331829385891785,0.5529974600700271,-0.9749279121818236,-0.2225209339563146,0,weekend,2022-11-05 00:00:00+00:00,2022-11-06 00:00:00+00:00,129.19083333333333,49941.43625,52732.16447916667,10383.87875,4058.9932291666664,3256.8411458333335,17699.713125,24,114.785
2022-11-06,2022,11,6,310,6,-0.8235472349556007,0.5672476988027229,-0.7818314824680299,0.6234898018587334,0,weekend,2022-11-06 00:00:00+00:00,2022-11-07 00:00:00+00:00,49.00958333333333,55788.94541666666,50870.1571875,20973.059479166666,5842.326562499999,3957.6134375,30772.99947916667,24,112.235
2022-11-07,2022,11,7,311,0,-0.8136678304455991,0.5813300798152042,0.0,1.0,0,weekday,2022-11-07 00:00:00+00:00,2022-11-08 00:00:00+00:00,80.27,63525.56666666667,62594.09239583334,24679.947395833336,5797.074375,2895.8513541666666,33372.873125,24,109.685
2022-11-08,2022,11,8,312,1,-0.8035476485339116,0.5952404359043674,0.7818314824680298,0.6234898018587336,0,weekday,2022-11-08 00:00:00+00:00,2022-11-09 00:00:00+00:00,96.20625,61687.512500000004,62819.395625000005,21646.846666666668,5307.280937500001,4320.602291666667,31274.72989583333,24,118.145
2022-11-09,2022,11,9,313,2,-0.7931896839451843,0.6089746507720486,0.9749279121818236,-0.2225209339563143,0,weekday,2022-11-09 00:00:00+00:00,2022-11-10 00:00:00+00:00,128.76208333333332,61578.86083333333,62249.58385416667,21047.898125,4883.202083333334,2204.9544791666667,28136.0546875,24,113.145
2022-11-10,2022,11,10,314,3,-0.7825970017677834,0.6225286602431057,0.4338837391175582,-0.900968867902419,0,weekday,2022-11-10 00:00:00+00:00,2022-11-11 00:00:00+00:00,137.155,59080.68791666667,62443.215416666666,17268.7959375,5100.681145833333,3566.3591666666666,25935.836249999997,24,113.45
2022-11-11,2022,11,11,315,4,-0.7717727365467836,0.6358984534680745,-0.433883739117558,-0.9009688679024191,0,weekday,2022-11-11 00:00:00+00:00,2022-11-12 00:00:00+00:00,128.47375,54042.15541666667,61441.50822916667,13864.886770833333,5467.024895833333,3347.8718750000003,22679.783541666668,24,97.855
2022-11-12,2022,11,12,316,5,-0.7607200913564104,0.6490800741100398,-0.9749279121818236,-0.2225209339563146,0,weekend,2022-11-12 00:00:00+00:00,2022-11-13 00:00:00+00:00,163.6525,44193.115,52559.4934375,3417.7561458333334,1244.696875,3455.2340625,8117.687083333333,24,97.855
2022-11-13,2022,11,13,317,6,-0.7494423368521954,0.6620696215153815,-0.7818314824680299,0.6234898018587334,0,weekend,2022-11-13 00:00:00+00:00,2022-11-14 00:00:00+00:00,142.82041666666666,49201.325833333336,50654.8046875,9900.954791666667,1872.1548958333333,4194.855208333333,15967.964895833333,24,105.78
2022-11-14,2022,11,14,318,0,-0.7379428103031386,0.6748632518680403,0.0,1.0,0,weekday,2022-11-14 00:00:00+00:00,2022-11-15 00:00:00+00:00,162.72166666666666,61572.880000000005,61332.810520833336,15042.834166666667,3834.0808333333334,3933.3333333333335,22810.248333333333,24,113.705
2022-11-15,2022,11,15,319,1,-0.7262249146041543,0.6874571793269664,0.7818314824680298,0.6234898018587336,0,weekday,2022-11-15 00:00:00+00:00,2022-11-16 00:00:00+00:00,175.56416666666667,61226.6825,61771.24989583334,12512.803437499999,3826.6726041666666,3181.0145833333336,19520.490625000002,24,124.105
2022-11-16,2022,11,16,320,2,-0.7142921172691032,0.699847677146407,0.9749279121818236,-0.2225209339563143,0,weekday,2022-11-16 00:00:00+00:00,2022-11-17 00:00:00+00:00,143.22291666666666,64427.261666666665,61147.13479166667,18122.189374999998,5581.589166666668,1355.9420833333334,25059.720625,24,113.9
2022-11-17,2022,11,17,321,3,-0.7021479494046978,0.7120310787787131,0.4338837391175582,-0.900968867902419,0,weekday,2022-11-17 00:00:00+00:00,2022-11-18 00:00:00+00:00,103.47875,66631.48916666667,61611.6575,28899.2409375,5266.0720833333335,1420.7003125,35586.01333333333,24,112.555
2022-11-18,2022,11,18,322,4,-0.6897960046655887,0.7240037789593305,-0.433883739117558,-0.9009688679024191,0,weekday,2022-11-18 00:00:00+00:00,2022-11-19 00:00:00+00:00,173.58041666666668,61918.71041666667,60861.77052083333,15772.303333333331,5592.117708333334,1096.0057291666667,22460.426770833335,24,115.51
2022-11-19,2022,11,19,323,5,-0.6772399381909491,0.7357622347736527,-0.9749279121818236,-0.2225209339563146,0,weekend,2022-11-19 00:00:00+00:00,2022-11-20 00:00:00+00:00,201.5583333333333,51177.26,52133.20250000001,5760.132291666666,2146.1579166666666,1980.4821875,9886.772395833334,24,115.51
2022-11-20,2022,11,20,324,6,-0.6644834655228552,0.7473029667054296,-0.7818314824680299,0.6234898018587334,0,weekend,2022-11-20 00:00:00+00:00,2022-11-21 00:00:00+00:00,209.49916666666664,46106.049166666664,49674.317291666666,5317.4540625,614.3836458333334,1696.239166666667,7628.076875,24,115.82
2022-11-21,2022,11,21,325,0,-0.6515303615068021,0.75862255966641,0.0,1.0,0,weekday,2022-11-21 00:00:00+00:00,2022-11-22 00:00:00+00:00,254.62,55486.94625,61485.894895833335,8941.224166666667,1299.6973958333333,1916.225416666667,12157.146979166668,24,116.13
2022-11-22,2022,11,22,326,1,-0.6383844591746642,0.7697176640069211,0.7818314824680298,0.6234898018587336,0,weekday,2022-11-22 00:00:00+00:00,2022-11-23 00:00:00+00:00,206.84,64577.16375,62379.129270833335,17285.4053125,4872.778229166667,1241.218125,23399.40166666667,24,119.64
2022-11-23,2022,11,23,327,2,-0.6250496486104377,0.7805849965070866,0.9749279121818236,-0.2225209339563143,0,weekday,2022-11-23 00:00:00+00:00,2022-11-24 00:00:00+00:00,178.26208333333332,64735.637083333335,64057.956875,16631.8053125,4983.493541666667,2594.5354166666666,24209.834270833333,24,129.62
2022-11-24,2022,11,24,328,3,-0.6115298757991053,0.7912213413483807,0.4338837391175582,-0.900968867902419,0,weekday,2022-11-24 00:00:00+00:00,2022-11-25 00:00:00+00:00,241.17583333333334,60228.410833333335,63560.7503125,11269.395104166666,2964.1782291666664,1384.7225,15618.295833333332,24,129.62
2022-11-25,2022,11,25,329,4,-0.5978291414589552,0.801623551065242,-0.433883739117558,-0.9009688679024191,0,weekday,2022-11-25 00:00:00+00:00,2022-11-26 00:00:00+00:00,260.8170833333333,61286.142916666664,62561.1403125,9422.2046875,3162.2208333333333,1606.1666666666667,14190.5921875,24,124.37
2022-11-26,2022,11,26,330,5,-0.5839514998576998,0.8117885474764613,-0.9749279121818236,-0.2225209339563146,0,weekend,2022-11-26 00:00:00+00:00,2022-11-27 00:00:00+00:00,237.44083333333333,53003.00791666666,53672.841875000006,6203.894375,1875.6523958333335,1651.3011458333333,9730.847916666668,24,124.37
2022-11-27,2022,11,27,331,6,-0.5699010576127624,0.8217133225960589,-0.7818314824680299,0.6234898018587334,0,weekend,2022-11-27 00:00:00+00:00,2022-11-28 00:00:00+00:00,146.20374999999999,56446.614583333336,52162.035208333335,14228.49125,4902.4296875,2263.959895833333,21394.880833333333,24,123.825
2022-11-28,2022,11,28,332,0,-0.5556819724760489,0.8313949395234058,0.0,1.0,0,weekday,2022-11-28 00:00:00+00:00,2022-11-29 00:00:00+00:00,299.0275,62449.69625,62090.14708333334,12900.785937499999,2760.968125,795.0177083333333,16456.771770833333,24,123.28
2022-11-29,2022,11,29,333,1,-0.5412984521036173,0.8408305333122887,0.7818314824680298,0.6234898018587336,0,weekday,2022-11-29 00:00:00+00:00,2022-11-30 00:00:00+00:00,373.05833333333334,57429.519166666665,62120.05010416667,3533.1178125,1183.9229166666667,554.0054166666667,5271.046145833333,24,132.286
2022-11-30,2022,11,30,334,2,-0.5267547528105542,0.8500173118187018,0.9749279121818236,-0.2225209339563143,0,weekday,2022-11-30 00:00:00+00:00,2022-12-01 00:00:00+00:00,395.5058333333333,57668.19541666666,60817.20260416667,2651.153333333333,712.8301041666667,843.3522916666667,4207.335729166666,24,146.395
2022-12-01,2022,12,1,335,3,-0.5120551783114646,0.8589525565270845,0.4338837391175582,-0.900968867902419,0,weekday,2022-12-01 00:00:00+00:00,2022-12-02 00:00:00+00:00,396.4529166666667,59065.71416666667,63015.63291666666,3690.6564583333334,1045.6325,1078.1273958333334,5814.416354166667,24,139.26
2022-12-02,2022,12,2,336,4,-0.4972040784469378,0.8676336233547726,-0.433883739117558,-0.9009688679024191,0,weekday,2022-12-02 00:00:00+00:00,2022-12-03 00:00:00+00:00,337.29333333333335,62814.72541666666,62912.645416666666,8492.824375,3690.5145833333336,576.9416666666667,12760.280625,24,135.56
2022-12-03,2022,12,3,337,5,-0.4822058478963526,0.8760579434344281,-0.9749279121818236,-0.2225209339563146,0,weekend,2022-12-03 00:00:00+00:00,2022-12-04 00:00:00+00:00,283.03541666666666,58399.2575,54344.60760416667,8397.8928125,4975.229583333333,834.1979166666666,14207.3203125,24,135.56
2022-12-04,2022,12,4,338,6,-0.4670649248774303,0.8842230238742036,-0.7818314824680299,0.6234898018587334,0,weekend,2022-12-04 00:00:00+00:00,2022-12-05 00:00:00+00:00,268.3879166666667,58197.34416666667,52302.90625,9893.951770833333,5417.656458333334,780.5055208333333,16092.113749999999,24,135.13
2022-12-05,2022,12,5,339,0,-0.451785789832884,0.8921264484954345,0.0,1.0,0,weekday,2022-12-05 00:00:00+00:00,2022-12-06 00:00:00+00:00,346.46250000000003,61746.71583333333,62046.07604166667,6477.755520833333,4578.818125,368.44895833333334,11425.022604166666,24,134.7
2022-12-06,2022,12,6,340,1,-0.4363729641045924,0.8997658785476209,0.7818314824680298,0.6234898018587336,0,weekday,2022-12-06 00:00:00+00:00,2022-12-07 00:00:00+00:00,386.32708333333335,59635.670000000006,62485.12385416666,5500.0146875,2061.5617708333334,785.4438541666667,8347.020312499999,24,138.49
2022-12-07,2022,12,7,341,2,-0.4208310085956556,0.9071390534005044,0.9749279121818236,-0.2225209339563143,0,weekday,2022-12-07 00:00:00+00:00,2022-12-08 00:00:00+00:00,326.5808333333333,68397.62958333334,62997.31989583333,14879.468229166667,3913.9960416666668,1173.6546875000001,19967.118958333333,24,149.245
2022-12-08,2022,12,8,342,3,-0.4051645224207563,0.9142437912130223,0.4338837391175582,-0.900968867902419,0,weekday,2022-12-08 00:00:00+00:00,2022-12-09 00:00:00+00:00,390.71583333333336,62307.80625,62961.19458333333,7247.016875,1462.7040625,1034.8951041666667,9744.616041666666,24,138.895
2022-12-09,2022,12,9,343,4,-0.3893781415452015,0.9210779895789526,-0.433883739117558,-0.9009688679024191,0,weekday,2022-12-09 00:00:00+00:00,2022-12-10 00:00:00+00:00,411.0541666666666,57666.80416666667,63038.67875,2533.9501041666667,2020.4327083333335,1038.4803125,5592.863125,24,139.115
2022-12-10,2022,12,10,344,5,-0.3734765374130707,0.9276396261490468,-0.9749279121818236,-0.2225209339563146,0,weekend,2022-12-10 00:00:00+00:00,2022-12-11 00:00:00+00:00,354.9570833333333,51472.74333333334,53544.762812500005,1506.976875,1559.029375,797.3539583333333,3863.3602083333335,24,139.115
2022-12-11,2022,12,11,345,6,-0.3574644155648614,0.9339267592294762,-0.7818314824680299,0.6234898018587334,0,weekend,2022-12-11 00:00:00+00:00,2022-12-12 00:00:00+00:00,326.6458333333333,49911.91541666666,51215.118125,1507.1491666666668,1845.7690624999998,938.4341666666666,4291.3523958333335,24,137.85250000000002
2022-12-12,2022,12,12,346,0,-0.3413465142450361,0.9399375283564132,0.0,1.0,0,weekday,2022-12-12 00:00:00+00:00,2022-12-13 00:00:00+00:00,437.02,57966.63458333333,62344.394583333335,3505.3641666666667,1376.4311458333334,1508.2619791666666,6390.057291666667,24,136.59
2022-12-13,2022,12,13,347,1,-0.3251276029999093,0.9456701548465688,0.7818314824680298,0.6234898018587336,0,weekday,2022-12-13 00:00:00+00:00,2022-12-14 00:00:00+00:00,444.75291666666664,63023.09083333333,63291.493125,6193.754375,1661.4247916666666,2132.147604166667,9987.326770833333,24,137.53
2022-12-14,2022,12,14,348,2,-0.3088124812662537,0.9511229423235356,0.9749279121818236,-0.2225209339563143,0,weekday,2022-12-14 00:00:00+00:00,2022-12-15 00:00:00+00:00,445.87416666666667,60793.864166666666,63534.81072916667,5481.264791666667,2341.7619791666666,963.1308333333333,8786.157604166667,24,131.51
2022-12-15,2022,12,15,349,3,-0.2924059769510773,0.956294277219772,0.4338837391175582,-0.900968867902419,0,weekday,2022-12-15 00:00:00+00:00,2022-12-16 00:00:00+00:00,398.06791666666663,63115.53916666666,63711.38427083333,7640.759895833333,3120.3718750000003,1528.6760416666666,12289.807812500001,24,134.765
2022-12-16,2022,12,16,350,4,-0.2759129450029604,0.9611826292540836,-0.433883739117558,-0.9009688679024191,0,weekday,2022-12-16 00:00:00+00:00,2022-12-17 00:00:00+00:00,411.7675,55191.13625,63070.995416666665,2740.171354166667,733.2583333333333,1055.2352083333333,4528.6648958333335,24,115.45
2022-12-17,2022,12,17,351,5,-0.2593382659754056,0.9657865518844574,-0.9749279121818236,-0.2225209339563146,0,weekend,2022-12-17 00:00:00+00:00,2022-12-18 00:00:00+00:00,265.16041666666666,55011.02166666667,54019.7603125,4622.553958333333,4419.546145833333,1068.2811458333333,10110.38125,24,115.45
2022-12-18,2022,12,18,352,6,-0.2426868445825954,0.9701046827361176,-0.7818314824680299,0.6234898018587334,0,weekend,2022-12-18 00:00:00+00:00,2022-12-19 00:00:00+00:00,188.69625,58258.85083333333,51583.72125,15883.618125,4447.6353125,1603.7666666666667,21935.02010416667,24,111.9975
2022-12-19,2022,12,19,353,0,-0.225963608248019,0.974135744004672,0.0,1.0,0,weekday,2022-12-19 00:00:00+00:00,2022-12-20 00:00:00+00:00,193.35916666666665,67363.96583333334,63016.611979166664,25930.954270833332,6073.173854166667,467.76874999999995,32471.896875000002,24,108.545
2022-12-20,2022,12,20,354,1,-0.2091735056463563,0.9778785428342386,0.7818314824680298,0.6234898018587336,0,weekday,2022-12-20 00:00:00+00:00,2022-12-21 00:00:00+00:00,190.00625,67612.03083333334,62896.46385416667,24487.3665625,5082.554375,739.8571875000001,30309.778125,24,105.69
2022-12-21,2022,12,21,355,2,-0.1923215052390948,0.9813319716704276,0.9749279121818236,-0.2225209339563143,0,weekday,2022-12-21 00:00:00+00:00,2022-12-22 00:00:00+00:00,214.90374999999997,59457.044583333336,61884.894479166665,15840.049895833334,3893.891145833333,497.35395833333337,20231.295000000002,24,97.75
2022-12-22,2022,12,22,356,3,-0.1754125938042784,0.9844950085880858,0.4338837391175582,-0.900968867902419,0,weekday,2022-12-22 00:00:00+00:00,2022-12-23 00:00:00+00:00,192.6,59067.86666666667,59872.34833333333,18171.2759375,3947.132916666667,588.5480208333333,22706.956875,24,91.94
2022-12-23,2022,12,23,357,4,-0.1584517749608363,0.9873667175937016,-0.433883739117558,-0.9009688679024191,0,weekday,2022-12-23 00:00:00+00:00,2022-12-24 00:00:00+00:00,184.2770833333333,51790.457083333335,57077.43552083333,12551.779166666667,1369.1583333333335,451.91510416666665,14372.852604166668,24,82.975
2022-12-24,2022,12,24,358,5,-0.141444067687942,0.989946248902378,-0.9749279121818236,-0.2225209339563146,0,weekend,2022-12-24 00:00:00+00:00,2022-12-25 00:00:00+00:00,113.74166666666667,49859.56333333333,47038.12437500001,16910.241354166665,2731.670625,1078.1103125,20720.022291666668,24,82.975
2022-12-25,2022,12,25,359,6,-0.1243945048397999,0.9922328391893008,-0.7818314824680299,0.6234898018587334,1,holiday,2022-12-25 00:00:00+00:00,2022-12-26 00:00:00+00:00,103.18916666666667,43839.22125,44660.791458333326,10886.918229166668,3772.963333333333,1137.5323958333333,15797.413958333333,24,81.99833333333333
2022-12-26,2022,12,26,360,0,-0.1073081316563624,0.994225811815616,0.0,1.0,1,holiday,2022-12-26 00:00:00+00:00,2022-12-27 00:00:00+00:00,40.621249999999996,57358.74083333334,45633.636354166665,26846.300416666665,5116.713645833333,647.03625,32610.0503125,24,81.02166666666666
2022-12-27,2022,12,27,361,1,-0.0901900042703451,0.99592457702866,0.7818314824680298,0.6234898018587336,0,weekday,2022-12-27 00:00:00+00:00,2022-12-28 00:00:00+00:00,93.36500000000001,61323.362499999996,55131.53229166666,23422.310416666664,5662.830312499999,1666.9351041666666,30752.075833333336,24,80.045
2022-12-28,2022,12,28,362,2,-0.0730451882110474,0.9973286321364752,0.9749279121818236,-0.2225209339563143,0,weekday,2022-12-28 00:00:00+00:00,2022-12-29 00:00:00+00:00,44.77666666666667,64809.66625,56165.796875,30929.476770833335,5582.798333333333,1008.8023958333333,37521.0775,24,81.35
2022-12-29,2022,12,29,363,3,-0.0558787569053731,0.9984375616565666,0.4338837391175582,-0.900968867902419,0,weekday,2022-12-29 00:00:00+00:00,2022-12-30 00:00:00+00:00,14.304583333333333,66080.05625000001,53065.869375,33337.57083333333,5390.063854166667,1390.4670833333332,40118.10177083333,24,83.83
2022-12-30,2022,12,30,364,4,-0.0386957901765268,0.999251037438848,-0.433883739117558,-0.9009688679024191,0,weekday,2022-12-30 00:00:00+00:00,2022-12-31 00:00:00+00:00,14.175416666666665,64163.92625,52123.5503125,26729.010625,5900.5946875,2063.9070833333335,34693.512395833335,24,76.315
2022-12-31,2022,12,31,365,5,-0.0215013727408137,0.999768818762748,-0.9749279121818236,-0.2225209339563146,0,weekend,2022-12-31 00:00:00+00:00,2023-01-01 00:00:00+00:00,-1.0225,59623.38333333333,45439.480625,32388.681041666667,3390.1792708333337,1424.1039583333334,37202.964270833334,24,76.315
2023-01-01,2023,1,1,1,6,0.0,1.0,-0.7818314824680299,0.6234898018587334,1,holiday,2023-01-01 00:00:00+00:00,2023-01-02 00:00:00+00:00,17.99833333333333,53402.82791666666,42091.6409375,25007.355208333334,4192.7940625,2178.326666666667,31378.4759375,24,74.98166666666667
2023-01-02,2023,1,2,2,0,0.0172015754182605,0.9998520419557736,0.0,1.0,0,weekday,2023-01-02 00:00:00+00:00,2023-01-03 00:00:00+00:00,127.26958333333333,58411.60208333333,56758.5609375,22281.30864583333,3311.6153125,1768.7011458333334,27361.625104166666,24,73.64833333333333
2023-01-03,2023,1,3,3,1,0.034398060613608,0.9994082116062598,0.7818314824680298,0.6234898018587336,0,weekday,2023-01-03 00:00:00+00:00,2023-01-04 00:00:00+00:00,144.76666666666668,55538.38166666666,58598.2725,13251.928437499999,4347.0059375,1670.7422916666667,19269.676666666666,24,72.315
2023-01-04,2023,1,4,4,2,0.0515843668694083,0.9986686402879996,0.9749279121818236,-0.2225209339563143,0,weekday,2023-01-04 00:00:00+00:00,2023-01-05 00:00:00+00:00,56.65125,71804.32416666667,59725.4440625,38353.676562500004,5621.106458333333,531.5973958333333,44506.380416666674,24,65.02
2023-01-05,2023,1,5,5,3,0.0687554084811394,0.9976335468520452,0.4338837391175582,-0.900968867902419,0,weekday,2023-01-05 00:00:00+00:00,2023-01-06 00:00:00+00:00,112.65541666666667,61073.574583333335,60892.06333333333,24674.4603125,3509.9865625,1079.45375,29263.900625,24,72.42
2023-01-06,2023,1,6,6,4,0.0859061042613327,0.9963032375991964,-0.433883739117558,-0.9009688679024191,0,weekday,2023-01-06 00:00:00+00:00,2023-01-07 00:00:00+00:00,117.41416666666667,58372.86583333334,58363.597708333335,18596.5046875,5167.4809374999995,1203.75625,24967.741875000003,24,72.0
2023-01-07,2023,1,7,7,5,0.1030313790431787,0.9946781061893646,-0.9749279121818236,-0.2225209339563146,0,weekend,2023-01-07 00:00:00+00:00,2023-01-08 00:00:00+00:00,85.70583333333333,52675.5425,53044.26739583333,16617.219583333335,5345.0928125,2072.2295833333333,24034.541979166665,24,69.535
2023-01-08,2023,1,8,8,6,0.1201261651823505,0.9927586335250792,-0.7818314824680299,0.6234898018587334,0,weekend,2023-01-08 00:00:00+00:00,2023-01-09 00:00:00+00:00,72.36791666666666,51358.76666666666,49871.121145833335,17401.645,5378.6163541666665,927.9804166666668,23708.241770833334,24,70.29249999999999
2023-01-09,2023,1,9,9,0,0.1371854040566005,0.9905453876091832,0.0,1.0,0,weekday,2023-01-09 00:00:00+00:00,2023-01-10 00:00:00+00:00,131.56583333333333,57863.05541666667,59905.10989583333,18241.854166666668,3311.2279166666667,1015.9710416666667,22569.053125000002,24,71.05
2023-01-10,2023,1,10,10,1,0.1542040475626894,0.988039023376751,0.7818314824680298,0.6234898018587336,0,weekday,2023-01-10 00:00:00+00:00,2023-01-11 00:00:00+00:00,120.51875,63179.22583333333,61511.36104166667,20340.34375,4320.566354166666,1171.314375,25832.224479166664,24,73.0
2023-01-11,2023,1,11,11,2,0.1711770596101998,0.985240282501282,0.9749279121818236,-0.2225209339563143,0,weekday,2023-01-11 00:00:00+00:00,2023-01-12 00:00:00+00:00,85.66624999999999,65752.61041666666,63844.824895833335,27692.669270833332,5664.676041666667,676.6703125,34034.015625,24,67.595
2023-01-12,2023,1,12,12,3,0.1880994176117975,0.9821499931752292,0.4338837391175582,-0.900968867902419,0,weekday,2023-01-12 00:00:00+00:00,2023-01-13 00:00:00+00:00,72.56041666666667,71274.78708333333,65170.42041666667,36972.93864583333,5288.291458333333,593.9556249999999,42855.18572916667,24,69.6
2023-01-13,2023,1,13,13,4,0.2049661139694953,0.9787690698649216,-0.433883739117558,-0.9009688679024191,0,weekday,2023-01-13 00:00:00+00:00,2023-01-14 00:00:00+00:00,66.69416666666667,71616.35333333333,64369.114895833336,36856.24895833333,5479.4688541666665,1549.7779166666667,43885.495729166665,24,66.3
2023-01-14,2023,1,14,14,5,0.2217721575564818,0.975098513039961,-0.9749279121818236,-0.2225209339563146,0,weekend,2023-01-14 00:00:00+00:00,2023-01-15 00:00:00+00:00,28.467916666666667,66009.76291666667,55555.74583333333,33985.504479166666,5682.940208333333,1165.295625,40833.7403125,24,64.81
2023-01-15,2023,1,15,15,6,0.2385125751940764,0.9711394088771652,-0.7818314824680299,0.6234898018587334,0,weekend,2023-01-15 00:00:00+00:00,2023-01-16 00:00:00+00:00,11.373333333333333,65475.25416666667,53579.4609375,36801.84875,5124.948958333333,1211.2201041666667,43138.0178125,24,64.87333333333333
2023-01-16,2023,1,16,16,0,0.2551824131233728,0.966892928939152,0.0,1.0,0,weekday,2023-01-16 00:00:00+00:00,2023-01-17 00:00:00+00:00,130.91833333333332,64514.24,63787.345624999994,22922.412083333333,3065.4395833333333,1779.9830208333333,27767.8346875,24,64.93666666666667
2023-01-17,2023,1,17,17,1,0.2717767384711357,0.9623603298276544,0.7818314824680298,0.6234898018587336,0,weekday,2023-01-17 00:00:00+00:00,2023-01-18 00:00:00+00:00,135.10083333333333,66323.825,65194.595729166664,18794.9896875,4908.198958333333,2499.8954166666667,26203.0840625,24,65.0
2023-01-18,2023,1,18,18,2,0.2882906407095177,0.957542952811672,0.9749279121818236,-0.2225209339563143,0,weekday,2023-01-18 00:00:00+00:00,2023-01-19 00:00:00+00:00,143.96416666666667,60263.41541666666,65791.21135416666,9664.373854166666,3788.7591666666667,1647.4493750000001,15100.582395833333,24,60.0
2023-01-19,2023,1,19,19,3,0.3047192331091634,0.9524422234305676,0.4338837391175582,-0.900968867902419,0,weekday,2023-01-19 00:00:00+00:00,2023-01-20 00:00:00+00:00,150.63041666666666,65496.35375,65732.264375,17403.140104166665,3572.11125,1791.0738541666667,22766.325208333335,24,60.3
2023-01-20,2023,1,20,20,4,0.321057654185271,0.9470596510722284,-0.433883739117558,-0.9009688679024191,0,weekday,2023-01-20 00:00:00+00:00,2023-01-21 00:00:00+00:00,181.1925,56294.90333333333,63392.055,4100.7575,1303.7988541666666,1606.5023958333334,7011.05875,24,66.5
2023-01-21,2023,1,21,21,5,0.3373010691361842,0.9413968285264122,-0.9749279121818236,-0.2225209339563146,0,weekend,2023-01-21 00:00:00+00:00,2023-01-22 00:00:00+00:00,144.29125,54978.82541666667,56518.06791666666,13027.5646875,1536.7783333333334,948.1149999999999,15512.458020833334,24,66.9
2023-01-22,2023,1,22,22,6,0.3534446712740877,0.9354554315134164,-0.7818314824680299,0.6234898018587334,0,weekend,2023-01-22 00:00:00+00:00,2023-01-23 00:00:00+00:00,152.42833333333334,51611.817500000005,54070.60979166667,10606.115416666666,1715.2053125,483.2096875,12804.530416666666,24,66.05000000000001
2023-01-23,2023,1,23,23,0,0.3694836834473831,0.9292372181882051,0.0,1.0,0,weekday,2023-01-23 00:00:00+00:00,2023-01-24 00:00:00+00:00,203.755,57209.885,62768.205520833326,5653.705000000001,315.7059375,623.10875,6592.5196875,24,65.2
2023-01-24,2023,1,24,24,1,0.3854133594543256,0.9227440286201428,0.7818314824680298,0.6234898018587336,0,weekday,2023-01-24 00:00:00+00:00,2023-01-25 00:00:00+00:00,202.46416666666667,56383.94875,63405.50083333333,4475.763020833333,387.2609375,1020.0390625,5883.063020833334,24,58.27
2023-01-25,2023,1,25,25,2,0.4012289854475009,0.9159777842484876,0.9749279121818236,-0.2225209339563143,0,weekday,2023-01-25 00:00:00+00:00,2023-01-26 00:00:00+00:00,182.20916666666665,57698.54583333334,63168.796875,2550.096875,2904.4422916666667,1064.5567708333333,6519.095937499999,24,57.25
2023-01-26,2023,1,26,26,3,0.4169258813287287,0.908940487313808,0.4338837391175582,-0.900968867902419,0,weekday,2023-01-26 00:00:00+00:00,2023-01-27 00:00:00+00:00,167.53708333333333,58029.925833333335,63589.19802083333,3857.0319791666666,3850.2859375000003,700.1862500000001,8407.504166666668,24,56.6
2023-01-27,2023,1,27,27,4,0.4324994021339788,0.901634220265486,-0.433883739117558,-0.9009688679024191,0,weekday,2023-01-27 00:00:00+00:00,2023-01-28 00:00:00+00:00,169.34541666666667,57763.895833333336,62898.794583333336,8400.9859375,1610.5751041666665,733.2126041666667,10744.773645833333,24,53.5
2023-01-28,2023,1,28,28,5,0.4479449394078911,0.8940611451454876,-0.9749279121818236,-0.2225209339563146,0,weekend,2023-01-28 00:00:00+00:00,2023-01-29 00:00:00+00:00,145.42375,50648.425416666665,54746.40635416666,4697.528541666667,1499.2323958333334,1310.3652083333334,7507.126145833333,24,55.425
2023-01-29,2023,1,29,29,6,0.4632579225674917,0.88622350294858,-0.7818314824680299,0.6234898018587334,0,weekend,2023-01-29 00:00:00+00:00,2023-01-30 00:00:00+00:00,119.65541666666667,53711.12416666667,52954.93895833333,18431.242395833335,4797.32625,1835.5575,25064.126145833332,24,56.1375
2023-01-30,2023,1,30,30,0,0.4784338202547012,0.8781236129591848,0.0,1.0,0,weekday,2023-01-30 00:00:00+00:00,2023-01-31 00:00:00+00:00,76.14541666666666,70293.28,63563.55833333334,39674.49145833334,5036.6340625,1250.46125,45961.58677083333,24,56.85
2023-01-31,2023,1,31,31,1,0.4934681416772373,0.8697638720650646,0.7818314824680298,0.6234898018587336,0,weekday,2023-01-31 00:00:00+00:00,2023-02-01 00:00:00+00:00,117.42458333333333,68980.75624999999,63601.52,34069.529270833336,4900.672083333334,828.8477083333333,39799.0490625,24,60.2
2023-02-01,2023,2,1,32,2,0.5083564379375122,0.8611467540480452,0.9749279121818236,-0.2225209339563143,0,weekday,2023-02-01 00:00:00+00:00,2023-02-02 00:00:00+00:00,93.16916666666667,72735.51833333333,65003.02239583334,39747.1553125,4855.2266666666665,1185.635,45788.01697916666,24,57.4
2023-02-02,2023,2,2,33,3,0.5230943033491326,0.8522748088519838,0.4338837391175582,-0.900968867902419,0,weekday,2023-02-02 00:00:00+00:00,2023-02-03 00:00:00+00:00,138.65583333333333,63763.46166666667,64473.361979166664,22952.303333333333,3199.7459375,1081.7733333333333,27233.822604166668,24,57.1
2023-02-03,2023,2,3,34,4,0.5376773767406141,0.8431506618282,-0.433883739117558,-0.9009688679024191,0,weekday,2023-02-03 00:00:00+00:00,2023-02-04 00:00:00+00:00,102.46291666666667,70749.2675,64117.2009375,37471.777500000004,4335.902604166667,892.9854166666668,42700.66552083333,24,58.0
2023-02-04,2023,2,4,35,5,0.5521013427459208,0.8337770129585915,-0.9749279121818236,-0.2225209339563146,0,weekend,2023-02-04 00:00:00+00:00,2023-02-05 00:00:00+00:00,148.17208333333335,46062.66916666667,52661.39666666667,5536.0467708333335,1333.3583333333333,2451.1895833333333,9320.594687499999,24,57.89
2023-02-05,2023,2,5,36,6,0.5663619330814524,0.8241566360566663,-0.7818314824680299,0.6234898018587334,0,weekend,2023-02-05 00:00:00+00:00,2023-02-06 00:00:00+00:00,132.245,48439.35208333333,50669.43041666667,9565.525104166667,3848.3646875,1774.5322916666667,15188.422083333333,24,58.0
2023-02-06,2023,2,6,37,0,0.580454927809098,0.8142923779467267,0.0,1.0,0,weekday,2023-02-06 00:00:00+00:00,2023-02-07 00:00:00+00:00,173.23833333333334,53190.299166666664,62576.00416666667,3523.7534375,561.5789583333334,2627.0482291666667,6712.380625000001,24,58.11
2023-02-07,2023,2,7,38,1,0.5943761565849831,0.804187157621448,0.7818314824680298,0.6234898018587336,0,weekday,2023-02-07 00:00:00+00:00,2023-02-08 00:00:00+00:00,173.9454166666667,57304.61875,62589.09447916667,3188.0166666666664,1128.8951041666667,5830.3665625,10147.278333333334,24,57.4
2023-02-08,2023,2,8,39,2,0.6081214998935418,0.7938439653781019,0.9749279121818236,-0.2225209339563143,0,weekday,2023-02-08 00:00:00+00:00,2023-02-09 00:00:00+00:00,150.36708333333334,62217.8175,61951.65572916667,8719.145208333333,2421.9805208333332,6468.461979166666,17609.587708333333,24,53.685
2023-02-09,2023,2,9,40,3,0.6216868902665479,0.7832658619336791,0.4338837391175582,-0.900968867902419,0,weekday,2023-02-09 00:00:00+00:00,2023-02-10 00:00:00+00:00,133.17416666666665,65010.965416666666,62447.771145833336,13677.456562500001,4770.1453125,5560.51625,24008.118124999997,24,52.735
2023-02-10,2023,2,10,41,4,0.6350683134867438,0.7724559775191742,-0.433883739117558,-0.9009688679024191,0,weekday,2023-02-10 00:00:00+00:00,2023-02-11 00:00:00+00:00,126.3975,64328.47,61714.075000000004,16955.489791666667,4405.955,3804.6786458333336,25166.123437500002,24,53.25
2023-02-11,2023,2,11,42,5,0.6482618097757122,0.7614175109532997,-0.9749279121818236,-0.2225209339563146,0,weekend,2023-02-11 00:00:00+00:00,2023-02-12 00:00:00+00:00,108.165,58776.645833333336,52991.75135416666,21563.684791666667,3857.323854166667,1989.1473958333333,27410.156041666665,24,53.945
2023-02-12,2023,2,12,43,6,0.6612634749656386,0.7501537286959042,-0.7818314824680299,0.6234898018587334,0,weekend,2023-02-12 00:00:00+00:00,2023-02-13 00:00:00+00:00,137.21333333333334,49374.63041666666,49456.94385416667,3666.637708333333,1357.1746875000001,2159.92125,7183.733645833334,24,52.825
2023-02-13,2023,2,13,44,0,0.6740694616546161,0.7386679638813748,0.0,1.0,0,weekday,2023-02-13 00:00:00+00:00,2023-02-14 00:00:00+00:00,163.87,55909.645833333336,59796.28614583333,3046.3051041666663,1056.243125,3829.0291666666667,7931.577395833334,24,51.705
2023-02-14,2023,2,14,45,1,0.6866759803451553,0.726963615332308,0.7818314824680298,0.6234898018587336,0,weekday,2023-02-14 00:00:00+00:00,2023-02-15 00:00:00+00:00,154.84666666666666,55380.40208333333,60002.97614583333,1374.0183333333334,542.7576041666667,5050.697395833334,6967.473333333334,24,52.0
2023-02-15,2023,2,15,46,2,0.6990793005655562,0.7150441465537444,0.9749279121818236,-0.2225209339563143,0,weekday,2023-02-15 00:00:00+00:00,2023-02-16 00:00:00+00:00,143.19166666666666,58275.900416666664,60332.900416666664,5313.633229166667,1596.0667708333333,5833.712500000001,12743.4125,24,54.2
2023-02-16,2023,2,16,47,3,0.7112757519738152,0.7029130847082615,0.4338837391175582,-0.900968867902419,0,weekday,2023-02-16 00:00:00+00:00,2023-02-17 00:00:00+00:00,137.25791666666666,62753.817500000005,60370.7503125,14189.131979166666,2539.0923958333333,4454.8221875,21183.0465625,24,54.0
2023-02-17,2023,2,17,48,4,0.7232617254437388,0.6905740195722293,-0.433883739117558,-0.9009688679024191,0,weekday,2023-02-17 00:00:00+00:00,2023-02-18 00:00:00+00:00,78.80291666666666,69248.1575,60660.915,35167.721354166664,4104.294583333333,1139.5463541666666,40411.56229166667,24,49.7
2023-02-18,2023,2,18,49,5,0.7350336741329413,0.6780306024735382,-0.9749279121818236,-0.2225209339563146,0,weekend,2023-02-18 00:00:00+00:00,2023-02-19 00:00:00+00:00,98.1825,57433.34416666667,52231.044062500005,26962.7584375,2175.614375,1616.7858333333334,30755.158645833333,24,49.045
2023-02-19,2023,2,19,50,6,0.746588114532413,0.6652865452111116,-0.7818314824680299,0.6234898018587334,0,weekend,2023-02-19 00:00:00+00:00,2023-02-20 00:00:00+00:00,113.74833333333333,49664.06,48838.72729166667,15398.824687499999,2558.6621875,2521.8271875,20479.314062499998,24,49.63
2023-02-20,2023,2,20,51,0,0.7579216274973472,0.6523456189565257,0.0,1.0,0,weekday,2023-02-20 00:00:00+00:00,2023-02-21 00:00:00+00:00,61.102916666666665,71335.05375,60257.03145833333,34141.1403125,4580.579270833333,4281.4528125,43003.17239583334,24,50.214999999999996
2023-02-21,2023,2,21,52,1,0.7690308592589181,0.6392116531380588,0.7818314824680298,0.6234898018587336,0,weekday,2023-02-21 00:00:00+00:00,2023-02-22 00:00:00+00:00,126.61333333333333,58456.003333333334,60351.183229166665,15197.6584375,2694.47625,3523.4912499999996,21415.6259375,24,50.8
2023-02-22,2023,2,22,53,2,0.7799125224167177,0.6258885343075018,0.9749279121818236,-0.2225209339563143,0,weekday,2023-02-22 00:00:00+00:00,2023-02-23 00:00:00+00:00,149.06083333333333,55193.80416666667,60584.23374999999,4981.554999999999,1113.7545833333334,4281.588645833333,10376.898229166667,24,50.57
2023-02-23,2023,2,23,54,3,0.7905633969115482,0.612380204990065,0.4338837391175582,-0.900968867902419,0,weekday,2023-02-23 00:00:00+00:00,2023-02-24 00:00:00+00:00,146.66833333333332,56282.50791666666,59653.3921875,5912.233333333334,2701.9034375,2193.6410416666663,10807.7778125,24,50.78
2023-02-24,2023,2,24,55,4,0.8009803309782905,0.5986906625177214,-0.433883739117558,-0.9009688679024191,0,weekday,2023-02-24 00:00:00+00:00,2023-02-25 00:00:00+00:00,117.11166666666666,62443.10791666667,60121.2890625,22297.68697916667,4352.921145833333,2010.4613541666668,28661.069479166665,24,51.015
2023-02-25,2023,2,25,56,5,0.8111602420785621,0.5848239578463322,-0.9749279121818236,-0.2225209339563146,0,weekend,2023-02-25 00:00:00+00:00,2023-02-26 00:00:00+00:00,90.26291666666667,59825.605416666665,54409.4765625,25024.85375,4598.536666666667,3050.8775,32674.267916666664,24,51.015
2023-02-26,2023,2,26,57,6,0.8211001178128892,0.5707841943569036,-0.7818314824680299,0.6234898018587334,0,weekend,2023-02-26 00:00:00+00:00,2023-02-27 00:00:00+00:00,110.72833333333334,50396.03291666667,50983.06375,14069.990937499999,2726.1052083333334,4572.377083333334,21368.47322916667,24,49.157
2023-02-27,2023,2,27,58,0,0.8307970168121247,0.5565755266413303,0.0,1.0,0,weekday,2023-02-27 00:00:00+00:00,2023-02-28 00:00:00+00:00,152.90666666666667,56889.72416666666,61235.95145833333,7588.369583333333,370.89385416666664,5092.5165625,13051.78,24,47.299
2023-02-28,2023,2,28,59,1,0.8402480696078469,0.5422021592729844,0.7818314824680298,0.6234898018587336,0,weekday,2023-02-28 00:00:00+00:00,2023-03-01 00:00:00+00:00,148.49166666666667,58014.85,61912.73166666667,6413.134166666667,177.69645833333334,6595.3790625,13186.2096875,24,48.0
2023-03-01,2023,3,1,60,2,0.8494504794814806,0.527668345562516,0.9749279121818236,-0.2225209339563143,0,weekday,2023-03-01 00:00:00+00:00,2023-03-02 00:00:00+00:00,143.105,57773.417916666665,61895.02583333334,7257.6284375,187.66708333333335,7401.727604166666,14847.023125,24,47.25
2023-03-02,2023,3,2,61,3,0.8584015232918917,0.512978386299228,0.4338837391175582,-0.900968867902419,0,weekday,2023-03-02 00:00:00+00:00,2023-03-03 00:00:00+00:00,145.31125,57902.525416666664,62097.06260416666,6480.6622916666665,529.6133333333333,7011.156979166666,14021.432604166666,24,47.5
2023-03-03,2023,3,3,62,4,0.8670985522812081,0.4981366284784055,-0.433883739117558,-0.9009688679024191,0,weekday,2023-03-03 00:00:00+00:00,2023-03-04 00:00:00+00:00,135.865,57494.144583333335,61742.07604166667,8276.529270833335,2999.974166666667,6111.617708333334,17388.121145833335,24,45.65
2023-03-04,2023,3,4,63,5,0.8755389928586302,0.4831474640149687,-0.9749279121818236,-0.2225209339563146,0,weekend,2023-03-04 00:00:00+00:00,2023-03-05 00:00:00+00:00,107.92458333333333,56417.201250000006,53979.013333333336,17816.252708333333,4398.075,4092.6472916666667,26306.975000000002,24,44.98
2023-03-05,2023,3,5,64,6,0.8837203473619977,0.4680153284438345,-0.7818314824680299,0.6234898018587334,0,weekend,2023-03-05 00:00:00+00:00,2023-03-06 00:00:00+00:00,123.54083333333334,49712.62625,50699.854687499996,11741.171770833333,3137.7148958333332,2898.9271875,17777.813854166667,24,44.14
2023-03-06,2023,3,6,65,0,0.8916401947968874,0.452744699607371,0.0,1.0,0,weekday,2023-03-06 00:00:00+00:00,2023-03-07 00:00:00+00:00,149.59083333333334,58458.88625,61063.64927083333,8761.5115625,1993.4926041666668,2748.6775,13503.681666666665,24,43.3
2023-03-07,2023,3,7,66,1,0.8992961915530253,0.4373400963303323,0.7818314824680298,0.6234898018587336,0,weekday,2023-03-07 00:00:00+00:00,2023-03-08 00:00:00+00:00,107.82458333333334,67434.45375,62484.293854166666,26455.72270833333,3625.6830208333336,3485.458958333333,33566.864687500005,24,42.8
2023-03-08,2023,3,8,67,2,0.9066860720977984,0.4218060770826634,0.9749279121818236,-0.2225209339563143,0,weekday,2023-03-08 00:00:00+00:00,2023-03-09 00:00:00+00:00,139.27291666666667,54775.23708333333,61075.246145833335,7930.569687499999,817.0614583333332,2099.3979166666663,10847.0290625,24,44.6
2023-03-09,2023,3,9,68,3,0.9138076496466616,0.4061472386305789,0.4338837391175582,-0.900968867902419,0,weekday,2023-03-09 00:00:00+00:00,2023-03-10 00:00:00+00:00,127.33875,55304.49333333334,61849.605520833335,12012.435833333335,746.09,2834.0045833333334,15592.530416666666,24,41.15
2023-03-10,2023,3,10,69,4,0.9206588168102428,0.3903682146763026,-0.433883739117558,-0.9009688679024191,0,weekday,2023-03-10 00:00:00+00:00,2023-03-11 00:00:00+00:00,114.78416666666668,60721.9075,60625.72416666666,21256.229270833333,3782.6498958333336,2717.8019791666666,27756.681145833336,24,48.0
2023-03-11,2023,3,11,70,5,0.9272375462179536,0.374473674486883,-0.9749279121818236,-0.2225209339563146,0,weekend,2023-03-11 00:00:00+00:00,2023-03-12 00:00:00+00:00,101.22333333333334,53063.07666666667,53858.82083333333,18114.103854166668,3524.2407291666664,5164.0634375,26802.408020833333,24,52.855
2023-03-12,2023,3,12,71,6,0.9335418911179212,0.3584683215124808,-0.7818314824680299,0.6234898018587334,0,weekend,2023-03-12 00:00:00+00:00,2023-03-13 00:00:00+00:00,93.00333333333333,47815.9675,50050.48854166667,16143.441770833333,3514.8487499999997,2745.890520833333,22404.181041666667,24,51.052499999999995
2023-03-13,2023,3,13,72,0,0.9395699859530622,0.342356891994542,0.0,1.0,0,weekday,2023-03-13 00:00:00+00:00,2023-03-14 00:00:00+00:00,36.12708333333333,70911.46416666667,60708.862604166665,35895.88395833333,4430.411770833333,3910.2435416666667,44236.53927083334,24,49.25
2023-03-14,2023,3,14,73,1,0.945320046913132,0.3261441535642696,0.7818314824680298,0.6234898018587336,0,weekday,2023-03-14 00:00:00+00:00,2023-03-15 00:00:00+00:00,76.2125,67502.84041666666,61541.237395833334,33056.3615625,4799.3071875,3257.8723958333335,41113.54114583333,24,46.75
2023-03-15,2023,3,15,74,2,0.9507903724625832,0.3098349038318025,0.9749279121818236,-0.2225209339563143,0,weekday,2023-03-15 00:00:00+00:00,2023-03-16 00:00:00+00:00,128.70250000000001,57684.661666666674,62111.185104166674,14431.703229166667,4308.988854166667,5886.60125,24627.293333333335,24,43.85
2023-03-16,2023,3,16,75,3,0.9559793438440766,0.2934339689665273,0.4338837391175582,-0.900968867902419,0,weekday,2023-03-16 00:00:00+00:00,2023-03-17 00:00:00+00:00,102.93666666666667,59444.78541666667,61231.216458333336,17630.8775,4658.3403124999995,6755.661770833333,29044.87958333333,24,42.0
2023-03-17,2023,3,17,76,4,0.9608854255574976,0.2769462022689364,-0.433883739117558,-0.9009688679024191,0,weekday,2023-03-17 00:00:00+00:00,2023-03-18 00:00:00+00:00,94.96166666666666,57363.83791666667,59969.086875,17573.297708333335,3817.812604166667,6901.471666666667,28292.58197916667,24,43.8
2023-03-18,2023,3,18,77,5,0.9655071658143364,0.2603764827344581,-0.9749279121818236,-0.2225209339563146,0,weekend,2023-03-18 00:00:00+00:00,2023-03-19 00:00:00+00:00,109.96958333333333,44146.55333333334,50394.41572916667,7075.320729166667,1187.0171874999999,7339.446145833333,15601.7840625,24,42.855
2023-03-19,2023,3,19,78,6,0.969843196967294,0.2437297136096838,-0.7818314824680299,0.6234898018587334,0,weekend,2023-03-19 00:00:00+00:00,2023-03-20 00:00:00+00:00,112.695,40176.40833333333,48187.66770833333,4963.788541666667,1645.9713541666667,4309.889062499999,10919.648958333333,24,41.4775
2023-03-20,2023,3,20,79,0,0.9738922359149924,0.2270108209414184,0.0,1.0,0,weekday,2023-03-20 00:00:00+00:00,2023-03-21 00:00:00+00:00,125.47500000000001,51490.90708333333,60044.785104166665,8781.793854166666,2537.830625,4039.7791666666667,15359.403645833334,24,40.1
2023-03-21,2023,3,21,80,1,0.977653084481664,0.2102247521189836,0.7818314824680298,0.6234898018587336,0,weekday,2023-03-21 00:00:00+00:00,2023-03-22 00:00:00+00:00,113.52625,54954.85166666666,60243.442291666666,9455.548958333333,3550.892604166667,4224.669166666667,17231.110729166667,24,38.985
2023-03-22,2023,3,22,81,2,0.981124629771712,0.1933764744102058,0.9749279121818236,-0.2225209339563143,0,weekday,2023-03-22 00:00:00+00:00,2023-03-23 00:00:00+00:00,80.49458333333334,62997.628333333334,59367.05583333334,23890.1915625,4485.4190625,6519.094895833333,34894.70552083333,24,41.55
2023-03-23,2023,3,23,82,3,0.984305844499033,0.1764709734915216,0.4338837391175582,-0.900968867902419,0,weekday,2023-03-23 00:00:00+00:00,2023-03-24 00:00:00+00:00,74.65,62609.21791666667,59678.58416666667,26453.588854166665,4539.820729166667,4325.161875000001,35318.57145833333,24,42.6
2023-03-24,2023,3,24,83,4,0.9871957872910084,0.1595132519726365,-0.433883739117558,-0.9009688679024191,0,weekday,2023-03-24 00:00:00+00:00,2023-03-25 00:00:00+00:00,51.9275,64107.732500000006,59884.62552083333,29973.298333333336,4691.6944791666665,4583.158125,39248.1509375,24,41.75
2023-03-25,2023,3,25,84,5,0.9897936029670716,0.1425083279161708,-0.9749279121818236,-0.2225209339563146,0,weekend,2023-03-25 00:00:00+00:00,2023-03-26 00:00:00+00:00,15.9125,63714.114583333336,50723.43541666667,32333.376875,3735.9408333333336,5973.113958333334,42042.431666666664,24,41.095
2023-03-26,2023,3,26,85,6,0.992098522791769,0.1254612333527364,-0.7818314824680299,0.6234898018587334,0,weekend,2023-03-26 00:00:00+00:00,2023-03-27 00:00:00+00:00,74.10916666666667,46469.755416666674,47153.63333333333,15348.782812500001,3404.7039583333335,4085.2277083333333,22838.714479166665,24,41.8125
2023-03-27,2023,3,27,86,0,0.9941098647022418,0.108377012791876,0.0,1.0,0,weekday,2023-03-27 00:00:00+00:00,2023-03-28 00:00:00+00:00,91.64708333333334,60681.51666666666,58506.026458333334,22387.764270833333,4389.024166666667,6218.080833333333,32994.86927083333,24,42.53
2023-03-28,2023,3,28,87,1,0.9958270335100596,0.0912607217293118,0.7818314824680298,0.6234898018587336,0,weekday,2023-03-28 00:00:00+00:00,2023-03-29 00:00:00+00:00,115.14125,53463.918333333335,58850.9009375,10381.624583333332,2993.3634375,8005.432291666667,21380.4203125,24,42.83
2023-03-29,2023,3,29,88,2,0.9972495210773452,0.0741174251509443,0.9749279121818236,-0.2225209339563143,0,weekday,2023-03-29 00:00:00+00:00,2023-03-30 00:00:00+00:00,116.30708333333332,52835.25166666667,59129.924895833334,10956.483541666666,2900.2347916666663,4054.0729166666665,17910.79125,24,42.805
2023-03-30,2023,3,30,89,3,0.998376906467142,0.0569521960340397,0.4338837391175582,-0.900968867902419,0,weekday,2023-03-30 00:00:00+00:00,2023-03-31 00:00:00+00:00,80.08083333333333,64560.486249999994,58611.6975,25861.53510416667,4051.0315625,5223.528020833333,35136.0946875,24,43.609
2023-03-31,2023,3,31,90,4,0.9992088560679752,0.0397701138460557,-0.433883739117558,-0.9009688679024191,0,weekday,2023-03-31 00:00:00+00:00,2023-04-01 00:00:00+00:00,98.54333333333334,54109.57166666666,57475.03489583333,18336.167708333334,2224.3292708333333,4042.0682291666667,24602.565208333337,24,44.95
2023-04-01,2023,4,1,91,5,0.9997451236925734,0.0225762630415454,-0.9749279121818236,-0.2225209339563146,0,weekend,2023-04-01 00:00:00+00:00,2023-04-02 00:00:00+00:00,55.65208333333334,56793.56833333333,50587.286875,23304.092812500003,4568.5615625,2705.7691666666665,30578.423541666667,24,47.845
2023-04-02,2023,4,2,92,6,0.9999855506507186,0.0053757315575838,-0.7818314824680299,0.6234898018587334,0,weekend,2023-04-02 00:00:00+00:00,2023-04-03 00:00:00+00:00,71.06916666666667,50752.95416666666,47810.54895833333,18261.032812499998,3469.6026041666664,5528.809583333333,27259.445000000003,24,48.8725
2023-04-03,2023,4,3,93,0,0.9999300657962056,-0.0118263906918325,0.0,1.0,0,weekday,2023-04-03 00:00:00+00:00,2023-04-04 00:00:00+00:00,115.77875,54207.26500000001,57502.6475,10683.659375000001,543.7286458333333,9478.830208333335,20706.218229166665,24,49.9
2023-04-04,2023,4,4,94,1,0.9995786855478958,-0.0290250133219752,0.7818314824680298,0.6234898018587336,0,weekday,2023-04-04 00:00:00+00:00,2023-04-05 00:00:00+00:00,133.57708333333332,51022.49416666667,58536.26427083334,3368.1158333333333,126.82041666666667,9080.775729166666,12575.711979166668,24,48.945
2023-04-05,2023,4,5,95,2,0.9989315138848576,-0.0462150469837083,0.9749279121818236,-0.2225209339563143,0,weekday,2023-04-05 00:00:00+00:00,2023-04-06 00:00:00+00:00,142.06125,50288.98458333333,57333.64822916667,1232.2438541666668,232.62010416666666,9087.229895833334,10552.093854166667,24,46.6
2023-04-06,2023,4,6,96,3,0.9979887423155984,-0.0633914048695103,0.4338837391175582,-0.900968867902419,0,weekday,2023-04-06 00:00:00+00:00,2023-04-07 00:00:00+00:00,122.08208333333333,53691.02458333334,56999.79958333333,7109.533229166667,2553.1291666666666,9567.775104166667,19230.4375,24,43.765
2023-04-07,2023,4,7,97,4,0.9967506498213928,-0.0805490042187416,-0.433883739117558,-0.9009688679024191,1,holiday,2023-04-07 00:00:00+00:00,2023-04-08 00:00:00+00:00,110.4375,46952.792916666665,46083.38270833334,7063.841562500001,3724.0567708333333,6555.815833333333,17343.71416666667,24,43.125
2023-04-08,2023,4,8,98,5,0.9952176027737294,-0.0976827678217159,-0.9749279121818236,-0.2225209339563146,0,weekend,2023-04-08 00:00:00+00:00,2023-04-09 00:00:00+00:00,117.56833333333333,39909.215416666666,48239.193333333336,4041.3820833333334,1260.3942708333334,5047.630104166667,10349.406458333333,24,43.125
2023-04-09,2023,4,9,99,6,0.9933900548258936,-0.114787625522127,-0.7818314824680299,0.6234898018587334,0,weekend,2023-04-09 00:00:00+00:00,2023-04-10 00:00:00+00:00,102.64208333333333,36614.72708333333,43133.028020833335,2652.4282291666664,1002.6785416666667,8889.478958333333,12544.585729166667,24,43.125
2023-04-10,2023,4,10,100,0,0.9912685467787256,-0.1318585157173911,0.0,1.0,1,holiday,2023-04-10 00:00:00+00:00,2023-04-11 00:00:00+00:00,33.04958333333334,55684.84791666667,44597.480625,17557.078854166666,4342.946458333333,10616.257708333333,32516.283020833333,24,43.125
2023-04-11,2023,4,11,101,1,0.9888537064205885,-0.1488903868564548,0.7818314824680298,0.6234898018587336,0,weekday,2023-04-11 00:00:00+00:00,2023-04-12 00:00:00+00:00,68.36833333333333,59839.36208333333,55630.6475,20203.530833333334,4088.9173958333336,7240.237291666667,31532.685520833333,24,43.1
2023-04-12,2023,4,12,102,2,0.986146248341595,-0.1658781989346314,0.9749279121818236,-0.2225209339563143,0,weekday,2023-04-12 00:00:00+00:00,2023-04-13 00:00:00+00:00,108.1025,54195.50166666667,56536.05416666667,17239.546041666665,3322.0064583333333,4125.983020833333,24687.535520833335,24,43.295
2023-04-13,2023,4,13,103,3,0.98314697372215,-0.1828169249850199,0.4338837391175582,-0.900968867902419,0,weekday,2023-04-13 00:00:00+00:00,2023-04-14 00:00:00+00:00,110.71083333333333,55775.70958333334,56338.86958333334,13527.711354166668,4108.8959375,6146.929479166666,23783.536770833336,24,42.6
2023-04-14,2023,4,14,104,4,0.9798567700958664,-0.1997015525660636,-0.433883739117558,-0.9009688679024191,0,weekday,2023-04-14 00:00:00+00:00,2023-04-15 00:00:00+00:00,129.58958333333334,47988.74125,55644.36708333334,4082.7025,1392.4720833333333,6885.259687500001,12360.434270833333,24,41.05
2023-04-15,2023,4,15,105,5,0.976276611086932,-0.2165270852448143,-0.9749279121818236,-0.2225209339563146,0,weekend,2023-04-15 00:00:00+00:00,2023-04-16 00:00:00+00:00,106.27833333333332,44767.97416666666,46913.73479166667,10909.747291666667,3039.2022916666665,4091.2252083333333,18040.174791666668,24,41.15
2023-04-16,2023,4,16,106,6,0.9724075561219968,-0.2332885440754551,-0.7818314824680299,0.6234898018587334,0,weekend,2023-04-16 00:00:00+00:00,2023-04-17 00:00:00+00:00,110.74416666666667,36596.09416666667,43691.67260416667,7276.076249999999,984.3247916666666,4104.958020833334,12365.3590625,24,41.667500000000004
2023-04-17,2023,4,17,107,0,0.9682507501166718,-0.2499809690726521,0.0,1.0,0,weekday,2023-04-17 00:00:00+00:00,2023-04-18 00:00:00+00:00,124.03375,47228.08541666667,56167.24125,8954.603541666665,1144.4654166666667,7376.08875,17475.157708333332,24,42.185
2023-04-18,2023,4,18,108,1,0.9638074231367308,-0.2665994206792935,0.7818314824680298,0.6234898018587336,0,weekday,2023-04-18 00:00:00+00:00,2023-04-19 00:00:00+00:00,108.27791666666667,54251.93458333333,56620.57729166667,15976.265208333332,3249.1133333333332,6881.7021875,26107.080729166668,24,41.505
2023-04-19,2023,4,19,109,2,0.9590788900341132,-0.2831389812281835,0.9749279121818236,-0.2225209339563143,0,weekday,2023-04-19 00:00:00+00:00,2023-04-20 00:00:00+00:00,87.63833333333334,56785.46583333333,56391.924166666664,20086.446979166667,3570.6734375,8829.834166666667,32486.954583333336,24,42.425
2023-04-20,2023,4,20,110,3,0.9540665500578388,-0.2995947563972602,0.4338837391175582,-0.900968867902419,0,weekday,2023-04-20 00:00:00+00:00,2023-04-21 00:00:00+00:00,112.48666666666666,55006.79833333333,56258.45479166667,17260.156354166666,4557.735104166667,5944.980833333334,27762.87229166667,24,40.4
2023-04-21,2023,4,21,111,4,0.9487718864399473,-0.3159618766579029,-0.433883739117558,-0.9009688679024191,0,weekday,2023-04-21 00:00:00+00:00,2023-04-22 00:00:00+00:00,89.92916666666667,59478.83958333333,55125.79416666667,19029.879166666666,4226.649791666667,11373.667291666667,34630.19625,24,40.65
2023-04-22,2023,4,22,112,5,0.9431964659565866,-0.3322354987159043,-0.9749279121818236,-0.2225209339563146,0,weekend,2023-04-22 00:00:00+00:00,2023-04-23 00:00:00+00:00,84.96708333333333,49184.84583333333,46445.846770833334,13804.725729166666,2510.4542708333333,10715.457604166666,27030.637604166666,24,40.165
2023-04-23,2023,4,23,113,6,0.9373419384643772,-0.3484108069446808,-0.7818314824680299,0.6234898018587334,0,weekend,2023-04-23 00:00:00+00:00,2023-04-24 00:00:00+00:00,84.81,39881.370416666665,43843.74104166666,8260.6209375,1459.2538541666665,8398.622395833334,18118.4971875,24,40.045
2023-04-24,2023,4,24,114,0,0.9312100364121948,-0.3644830148102912,0.0,1.0,0,weekday,2023-04-24 00:00:00+00:00,2023-04-25 00:00:00+00:00,106.24416666666667,55991.979583333334,54972.387604166666,21095.789583333335,2985.2694791666668,7389.008020833334,31470.06708333333,24,39.925
2023-04-25,2023,4,25,115,1,0.9248025743285088,-0.3804473662878516,0.7818314824680298,0.6234898018587336,0,weekday,2023-04-25 00:00:00+00:00,2023-04-26 00:00:00+00:00,101.84583333333335,56343.82874999999,56160.1446875,17766.3440625,4378.578645833333,7030.388125,29175.310833333333,24,39.835
2023-04-26,2023,4,26,116,2,0.9181214482844364,-0.3962991372689181,0.9749279121818236,-0.2225209339563143,0,weekday,2023-04-26 00:00:00+00:00,2023-04-27 00:00:00+00:00,111.89583333333333,50243.174166666664,56789.49895833334,10838.053645833334,3351.4810416666664,8682.073020833333,22871.607708333333,24,38.55
2023-04-27,2023,4,27,117,3,0.9111686353326632,-0.4120336369594263,0.4338837391175582,-0.900968867902419,0,weekday,2023-04-27 00:00:00+00:00,2023-04-28 00:00:00+00:00,112.55166666666666,44306.05583333334,55912.364583333336,4405.6490625,1281.5266666666666,10292.240729166666,15979.416458333333,24,39.039
2023-04-28,2023,4,28,118,4,0.9039461929224012,-0.4276462092677746,-0.433883739117558,-0.9009688679024191,0,weekday,2023-04-28 00:00:00+00:00,2023-04-29 00:00:00+00:00,107.68583333333333,45414.14041666667,55016.68666666667,10086.6859375,2955.4561458333333,4182.481354166667,17224.623437500002,24,39.8
2023-04-29,2023,4,29,119,5,0.8964562582905575,-0.4431322341826345,-0.9749279121818236,-0.2225209339563146,0,weekend,2023-04-29 00:00:00+00:00,2023-04-30 00:00:00+00:00,99.47083333333335,40851.11791666667,46061.0740625,7748.391770833333,1162.0307291666666,7842.071041666666,16752.493541666667,24,38.54
2023-04-30,2023,4,30,120,6,0.8887010478292915,-0.4584871291400876,-0.7818314824680299,0.6234898018587334,0,weekend,2023-04-30 00:00:00+00:00,2023-05-01 00:00:00+00:00,69.44666666666667,39034.708333333336,42595.80395833334,4820.778541666667,723.9719791666666,12361.563125,17906.313645833336,24,38.6875
2023-05-01,2023,5,1,121,0,0.8806828564301475,-0.47370635037968,0.0,1.0,1,holiday,2023-05-01 00:00:00+00:00,2023-05-02 00:00:00+00:00,86.76333333333334,36806.93,45777.15635416666,4993.557708333334,1340.3873958333334,8353.0953125,14687.040416666665,24,38.835
2023-05-02,2023,5,2,122,1,0.8724040568049612,-0.4887853942889926,0.7818314824680298,0.6234898018587336,0,weekday,2023-05-02 00:00:00+00:00,2023-05-03 00:00:00+00:00,107.52166666666666,47566.58416666667,56737.96041666667,10188.000833333334,2372.1906249999997,7837.599166666667,20397.790624999998,24,37.86
2023-05-03,2023,5,3,123,2,0.8638670987837349,-0.503719798736334,0.9749279121818236,-0.2225209339563143,0,weekday,2023-05-03 00:00:00+00:00,2023-05-04 00:00:00+00:00,107.43666666666667,43793.32125,56854.20104166667,3897.5057291666667,405.310625,12169.2978125,16472.114166666666,24,37.495
2023-05-04,2023,5,4,124,3,0.8550745085896932,-0.518505144391157,0.4338837391175582,-0.900968867902419,0,weekday,2023-05-04 00:00:00+00:00,2023-05-05 00:00:00+00:00,97.05416666666667,48592.864583333336,56025.535520833335,7505.373125000001,1987.1538541666669,12776.447708333333,22268.9746875,24,36.95
2023-05-05,2023,5,5,125,4,0.8460288880917339,-0.533137056031809,-0.433883739117558,-0.9009688679024191,0,weekday,2023-05-05 00:00:00+00:00,2023-05-06 00:00:00+00:00,97.93541666666665,52449.25416666667,55760.85885416667,13783.037708333335,3495.5259375,9177.008125,26455.571770833336,24,35.925
2023-05-06,2023,5,6,126,5,0.8367329140344921,-0.5476112038402312,-0.9749279121818236,-0.2225209339563146,0,weekend,2023-05-06 00:00:00+00:00,2023-05-07 00:00:00+00:00,88.82583333333334,43187.191249999996,46552.10666666667,7243.372708333333,3386.3264583333334,8886.244166666665,19515.943333333333,24,36.575
2023-05-07,2023,5,7,127,6,0.8271893372462497,-0.5619233046832195,-0.7818314824680299,0.6234898018587334,0,weekend,2023-05-07 00:00:00+00:00,2023-05-08 00:00:00+00:00,66.74333333333333,46220.43166666667,43498.55447916667,11229.809479166666,3834.783229166667,9557.188020833333,24621.78072916667,24,36.712500000000006
2023-05-08,2023,5,8,128,0,0.8174009818249189,-0.5760691233798758,0.0,1.0,0,weekday,2023-05-08 00:00:00+00:00,2023-05-09 00:00:00+00:00,97.48958333333333,49031.14625,54521.81625,11724.835833333333,2454.905625,10459.487604166667,24639.229062500002,24,36.85
2023-05-09,2023,5,9,129,1,0.8073707443023492,-0.5900444739548627,0.7818314824680298,0.6234898018587336,0,weekday,2023-05-09 00:00:00+00:00,2023-05-10 00:00:00+00:00,95.30874999999999,52741.74041666667,55145.57885416667,15481.496979166666,2631.3189583333333,10391.986875,28504.8028125,24,36.625
2023-05-10,2023,5,10,130,2,0.7971015927871943,-0.6038452208771035,0.9749279121818236,-0.2225209339563143,0,weekday,2023-05-10 00:00:00+00:00,2023-05-11 00:00:00+00:00,108.72083333333335,44420.99333333334,54872.35885416667,8769.368124999999,1497.1185416666667,5811.810520833333,16078.2971875,24,35.7
2023-05-11,2023,5,11,131,3,0.7865965660866021,-0.6174672802835514,0.4338837391175582,-0.900968867902419,0,weekday,2023-05-11 00:00:00+00:00,2023-05-12 00:00:00+00:00,116.32166666666667,42892.24458333333,54769.421875,4694.828854166667,1655.3522916666668,5161.722291666667,11511.9034375,24,34.9
2023-05-12,2023,5,12,132,4,0.7758587728069828,-0.6309066211876704,-0.433883739117558,-0.9009688679024191,0,weekday,2023-05-12 00:00:00+00:00,2023-05-13 00:00:00+00:00,101.305,47991.30708333334,54323.94541666666,10145.621145833333,2381.3597916666668,9033.011770833333,21559.992708333335,24,33.95
2023-05-13,2023,5,13,133,5,0.7648913904341225,-0.6441592666722685,-0.9749279121818236,-0.2225209339563146,0,weekend,2023-05-13 00:00:00+00:00,2023-05-14 00:00:00+00:00,78.38041666666666,40868.981250000004,45208.270833333336,7611.950104166666,1544.4345833333334,10069.794166666667,19226.178854166665,24,32.765
2023-05-14,2023,5,14,134,6,0.753697664392914,-0.6572212950663319,-0.7818314824680299,0.6234898018587334,0,weekend,2023-05-14 00:00:00+00:00,2023-05-15 00:00:00+00:00,73.5575,36007.434166666666,42374.113854166666,4128.63375,494.39947916666665,10054.867708333333,14677.9009375,24,32.535
2023-05-15,2023,5,15,135,0,0.742280907086982,-0.6700888411055113,0.0,1.0,0,weekday,2023-05-15 00:00:00+00:00,2023-05-16 00:00:00+00:00,111.4325,45888.00958333333,53110.0459375,5859.246979166666,1978.8546875,9950.018333333333,17788.12,24,32.305
2023-05-16,2023,5,16,136,1,0.7306444969184916,-0.6827580970759147,0.7818314824680298,0.6234898018587336,0,weekday,2023-05-16 00:00:00+00:00,2023-05-17 00:00:00+00:00,79.45125,54994.87458333333,54461.341458333336,17933.2378125,4357.51,8052.580625,30343.328437499997,24,32.35
2023-05-17,2023,5,17,137,2,0.7187918772884232,-0.6952253139408722,0.9749279121818236,-0.2225209339563143,0,weekday,2023-05-17 00:00:00+00:00,2023-05-18 00:00:00+00:00,80.95708333333333,50234.113333333335,54531.94520833334,12267.291979166666,3061.4439583333333,10713.838854166666,26042.57479166667,24,32.6
2023-05-18,2023,5,18,138,3,0.7067265555776158,-0.7074868024503348,0.4338837391175582,-0.900968867902419,1,holiday,2023-05-18 00:00:00+00:00,2023-05-19 00:00:00+00:00,86.32291666666667,38070.22625,44609.738333333335,4254.5115625,140.17760416666667,11875.938333333334,16270.6275,24,29.985
2023-05-19,2023,5,19,139,4,0.6944521021088763,-0.719538934232584,-0.433883739117558,-0.9009688679024191,0,weekday,2023-05-19 00:00:00+00:00,2023-05-20 00:00:00+00:00,86.89,43718.91583333333,52466.1134375,8094.2965625,982.7067708333334,10721.4046875,19798.408020833333,24,30.175
2023-05-20,2023,5,20,140,5,0.6819721490904629,-0.7313781428679254,-0.9749279121818236,-0.2225209339563146,0,weekend,2023-05-20 00:00:00+00:00,2023-05-21 00:00:00+00:00,44.520833333333336,47319.263333333336,45460.872708333336,14501.550937500002,2681.9244791666665,10292.466145833334,27475.9415625,24,30.175
2023-05-21,2023,5,21,141,6,0.6692903895412567,-0.7430009249440493,-0.7818314824680299,0.6234898018587334,0,weekend,2023-05-21 00:00:00+00:00,2023-05-22 00:00:00+00:00,31.903750000000002,45962.99125,42194.3740625,11394.563333333334,2916.410625,12690.356354166666,27001.3303125,24,30.1875
2023-05-22,2023,5,22,142,0,0.6564105761979381,-0.7544038410927472,0.0,1.0,0,weekday,2023-05-22 00:00:00+00:00,2023-05-23 00:00:00+00:00,97.77,47561.394166666665,52829.9803125,7856.586875,2625.216875,12867.548854166665,23349.352604166666,24,30.2
2023-05-23,2023,5,23,143,1,0.6433365204044917,-0.765583517007675,0.7818314824680298,0.6234898018587336,0,weekday,2023-05-23 00:00:00+00:00,2023-05-24 00:00:00+00:00,72.59375,54473.47083333333,54454.42354166667,16879.719270833335,4060.085625,7534.686354166667,28474.491250000003,24,29.125
2023-05-24,2023,5,24,144,2,0.6300720909843687,-0.7765366444428655,0.9749279121818236,-0.2225209339563143,0,weekday,2023-05-24 00:00:00+00:00,2023-05-25 00:00:00+00:00,104.34875,45905.71125,54598.72,6427.393645833334,2469.6,9187.704375,18084.698020833333,24,28.63
2023-05-25,2023,5,25,145,3,0.6166212130956382,-0.7872599821916922,0.4338837391175582,-0.900968867902419,0,weekday,2023-05-25 00:00:00+00:00,2023-05-26 00:00:00+00:00,80.73291666666667,48388.15083333334,54546.014375,8283.887604166666,2722.43125,12828.049166666666,23834.368020833335,24,26.9
2023-05-26,2023,5,26,146,4,0.6029878670694714,-0.7977503570459932,-0.433883739117558,-0.9009688679024191,0,weekday,2023-05-26 00:00:00+00:00,2023-05-27 00:00:00+00:00,70.63875,46958.557916666665,53384.7475,9155.005,1844.9944791666667,13700.055520833334,24700.054999999997,24,25.435
2023-05-27,2023,5,27,147,5,0.5891760872322963,-0.8080046647350754,-0.9749279121818236,-0.2225209339563146,0,weekend,2023-05-27 00:00:00+00:00,2023-05-28 00:00:00+00:00,62.80458333333333,39521.33375,44774.64020833333,3624.7738541666663,142.72729166666667,14403.018125,18170.519270833334,24,24.52
2023-05-28,2023,5,28,148,6,0.5751899607119775,-0.8180198708443174,-0.7818314824680299,0.6234898018587334,0,weekend,2023-05-28 00:00:00+00:00,2023-05-29 00:00:00+00:00,24.3175,39384.10666666667,40020.791041666664,5403.509270833333,1187.6666666666667,14445.8853125,21037.061250000002,24,24.573666666666668
2023-05-29,2023,5,29,149,0,0.5610336262283677,-0.8277930117131022,0.0,1.0,1,holiday,2023-05-29 00:00:00+00:00,2023-05-30 00:00:00+00:00,23.084166666666665,43268.79833333333,43344.277916666666,8872.736354166667,2703.0245833333333,14082.588541666666,25658.349479166664,24,24.627333333333333
2023-05-30,2023,5,30,150,1,0.5467112728685939,-0.8373211953118121,0.7818314824680298,0.6234898018587336,0,weekday,2023-05-30 00:00:00+00:00,2023-05-31 00:00:00+00:00,88.97541666666666,46029.96708333333,53125.08447916667,6085.311666666667,1449.0801041666666,13056.263541666667,20590.655312500003,24,24.681
2023-05-31,2023,5,31,151,2,0.5322271388474397,-0.8466016020976267,0.9749279121818236,-0.2225209339563143,0,weekday,2023-05-31 00:00:00+00:00,2023-06-01 00:00:00+00:00,72.38041666666668,48764.91625,53453.876874999994,8012.10125,2067.0989583333335,15090.813750000001,25170.013958333333,24,25.495
2023-06-01,2023,6,1,152,3,0.5175855102531889,-0.8556314858488706,0.4338837391175582,-0.900968867902419,0,weekday,2023-06-01 00:00:00+00:00,2023-06-02 00:00:00+00:00,73.45958333333333,51265.25833333333,54079.36677083333,10181.519583333333,3806.6948958333337,14318.264583333332,28306.479062500002,24,25.2
2023-06-02,2023,6,2,153,4,0.5027907197793043,-0.8644081744776648,-0.433883739117558,-0.9009688679024191,0,weekday,2023-06-02 00:00:00+00:00,2023-06-03 00:00:00+00:00,81.42333333333333,46063.37083333333,52781.86208333333,8368.852604166666,1194.700625,13733.704895833333,23297.258124999997,24,23.75
2023-06-03,2023,6,3,154,5,0.4878471454423119,-0.8729290708206411,-0.9749279121818236,-0.2225209339563146,0,weekend,2023-06-03 00:00:00+00:00,2023-06-04 00:00:00+00:00,56.262499999999996,41518.91125,44951.596354166664,6946.361562499999,341.00947916666667,14541.070520833333,21828.4415625,24,23.69
2023-06-04,2023,6,4,155,6,0.4727592092862775,-0.881191653407483,-0.7818314824680299,0.6234898018587334,0,weekend,2023-06-04 00:00:00+00:00,2023-06-05 00:00:00+00:00,49.915,39102.824166666665,42030.42166666667,4784.836979166666,285.05385416666667,15086.327291666666,20156.218125,24,23.97
2023-06-05,2023,6,5,156,0,0.4575313760742512,-0.8891934772070711,0.0,1.0,0,weekday,2023-06-05 00:00:00+00:00,2023-06-06 00:00:00+00:00,91.6675,44150.71833333333,53174.28416666667,4694.176875,315.49343749999997,13921.384166666669,18931.054479166665,24,24.25
2023-06-06,2023,6,6,157,1,0.442168151967072,-0.8969321743510065,0.7818314824680298,0.6234898018587336,0,weekday,2023-06-06 00:00:00+00:00,2023-06-07 00:00:00+00:00,99.6325,44830.94625,54276.8928125,4453.309895833333,932.606875,11147.385833333334,16533.302604166667,24,28.3
2023-06-07,2023,6,7,158,2,0.4266740831899246,-0.9044054548343,0.9749279121818236,-0.2225209339563143,0,weekday,2023-06-07 00:00:00+00:00,2023-06-08 00:00:00+00:00,101.3775,44500.58833333334,53737.29114583333,3172.4889583333334,876.6186458333333,11597.83875,15646.946354166668,24,25.35
2023-06-08,2023,6,8,159,3,0.4110537546870351,-0.911611107193024,0.4338837391175582,-0.900968867902419,0,weekday,2023-06-08 00:00:00+00:00,2023-06-09 00:00:00+00:00,84.81333333333333,41628.48875,47037.035625,4238.130625,1264.1677083333334,12475.568020833334,17977.86635416667,24,26.55
2023-06-09,2023,6,9,160,4,0.3953117887649151,-0.9185469991587164,-0.433883739117558,-0.9009688679024191,0,weekday,2023-06-09 00:00:00+00:00,2023-06-10 00:00:00+00:00,86.68,47122.9125,52568.863333333335,8736.9184375,1754.9678125,13871.5778125,24363.4640625,24,27.15
2023-06-10,2023,6,10,161,5,0.3794528437245443,-0.925211078289358,-0.9749279121818236,-0.2225209339563146,0,weekend,2023-06-10 00:00:00+00:00,2023-06-11 00:00:00+00:00,53.50875,49563.86875,46722.4665625,12909.272916666667,3413.7315624999997,13781.676041666668,30104.680520833335,24,32.05
2023-06-11,2023,6,11,162,6,0.3634816124829063,-0.9316013725767188,-0.7818314824680299,0.6234898018587334,0,weekend,2023-06-11 00:00:00+00:00,2023-06-12 00:00:00+00:00,43.49791666666667,47926.845,44793.208645833336,11782.664583333333,3572.3518750000003,14556.6028125,29911.619270833336,24,31.8275
2023-06-12,2023,6,12,163,0,0.3474028211842774,-0.9377159910299092,0.0,1.0,0,weekday,2023-06-12 00:00:00+00:00,2023-06-13 00:00:00+00:00,96.45625,51690.775833333326,54657.8784375,10845.056145833334,2385.02375,14943.928541666666,28174.0084375,24,31.605
2023-06-13,2023,6,13,164,1,0.3312212278016865,-0.9435531242349544,0.7818314824680298,0.6234898018587336,0,weekday,2023-06-13 00:00:00+00:00,2023-06-14 00:00:00+00:00,90.84750000000001,52410.06166666667,55622.61677083333,10975.90625,2626.7009375000002,14607.523958333333,28210.131145833333,24,33.65
2023-06-14,2023,6,14,165,2,0.3149416207289519,-0.9491110448902284,0.9749279121818236,-0.2225209339563143,0,weekday,2023-06-14 00:00:00+00:00,2023-06-15 00:00:00+00:00,104.4325,49067.95291666666,55840.534791666665,8176.2584375,1671.6167708333332,13064.936249999999,22912.811458333334,24,34.125
2023-06-15,2023,6,15,166,3,0.2985688173637202,-0.9543881083175908,0.4338837391175582,-0.900968867902419,0,weekday,2023-06-15 00:00:00+00:00,2023-06-16 00:00:00+00:00,122.92625,46453.77958333333,55216.34260416666,3896.675520833333,646.0861458333333,12282.8465625,16825.608229166668,24,37.35
2023-06-16,2023,6,16,167,4,0.2821076626819194,-0.9593827529490744,-0.433883739117558,-0.9009688679024191,0,weekday,2023-06-16 00:00:00+00:00,2023-06-17 00:00:00+00:00,128.31916666666666,46506.15458333333,54477.816770833335,3883.904375,663.4547916666667,11370.291041666665,15917.650208333333,24,34.55
2023-06-17,2023,6,17,168,5,0.2655630278040559,-0.9640935007889756,-0.9749279121818236,-0.2225209339563146,0,weekend,2023-06-17 00:00:00+00:00,2023-06-18 00:00:00+00:00,104.6675,36918.17458333333,45748.104166666664,2000.6728125,190.461875,12940.245104166666,15131.379791666666,24,35.01
2023-06-18,2023,6,18,169,6,0.2489398085537665,-0.9685189578512204,-0.7818314824680299,0.6234898018587334,0,weekend,2023-06-18 00:00:00+00:00,2023-06-19 00:00:00+00:00,91.63291666666667,36922.229166666664,43983.0034375,2493.9640624999997,833.3136458333333,13615.711770833334,16942.989479166667,24,34.22333333333333
2023-06-19,2023,6,19,170,0,0.2322429240090701,-0.9726578145718654,0.0,1.0,0,weekday,2023-06-19 00:00:00+00:00,2023-06-20 00:00:00+00:00,119.19583333333333,47148.99833333333,54777.42270833333,5506.3446875,1468.4995833333332,10802.228541666665,17777.0728125,24,33.43666666666667
2023-06-20,2023,6,20,171,1,0.2154773150467301,-0.976508846196619,0.7818314824680298,0.6234898018587336,0,weekday,2023-06-20 00:00:00+00:00,2023-06-21 00:00:00+00:00,121.82708333333333,49547.518749999996,55631.0434375,4344.508229166667,1575.4333333333334,11856.6196875,17776.561250000002,24,32.65
2023-06-21,2023,6,21,172,2,0.1986479428801711,-0.9800709131432666,0.9749279121818236,-0.2225209339563143,0,weekday,2023-06-21 00:00:00+00:00,2023-06-22 00:00:00+00:00,125.39,48259.01583333334,55639.99260416667,4376.615624999999,1101.4730208333333,10847.129375,16325.218020833332,24,36.8
2023-06-22,2023,6,22,173,3,0.1817597875913753,-0.9833429613388902,0.4338837391175582,-0.900968867902419,0,weekday,2023-06-22 00:00:00+00:00,2023-06-23 00:00:00+00:00,123.87791666666668,48838.893749999996,56211.83385416667,8020.075,509.3691666666667,9721.571458333334,18251.015625,24,36.9
2023-06-23,2023,6,23,174,4,0.1648178466571979,-0.9863240225317866,-0.433883739117558,-0.9009688679024191,0,weekday,2023-06-23 00:00:00+00:00,2023-06-24 00:00:00+00:00,107.92375,46976.957083333335,54282.3271875,12587.216666666667,666.9317708333333,7565.891458333333,20820.03989583333,24,32.64
2023-06-24,2023,6,24,175,5,0.1478271334705304,-0.9890132145779884,-0.9749279121818236,-0.2225209339563146,0,weekend,2023-06-24 00:00:00+00:00,2023-06-25 00:00:00+00:00,82.615,37866.07666666667,44978.23270833333,2285.799375,767.1169791666666,13703.5696875,16756.486041666667,24,32.507
2023-06-25,2023,6,25,176,6,0.1307926758567592,-0.9914097417023038,-0.7818314824680299,0.6234898018587334,0,weekend,2023-06-25 00:00:00+00:00,2023-06-26 00:00:00+00:00,76.31458333333333,36743.375,42246.056666666664,1660.3722916666666,766.5622916666666,13992.868541666665,16419.803125000002,24,33.406
2023-06-26,2023,6,26,177,0,0.1137195145859496,-0.9935128947338008,0.0,1.0,0,weekday,2023-06-26 00:00:00+00:00,2023-06-27 00:00:00+00:00,97.43124999999999,52098.03208333333,54485.793541666666,14012.936979166667,3262.5772916666665,12501.822916666666,29777.3371875,24,34.305
2023-06-27,2023,6,27,178,1,0.0966127018812031,-0.9953220513156602,0.7818314824680298,0.6234898018587336,0,weekday,2023-06-27 00:00:00+00:00,2023-06-28 00:00:00+00:00,101.21958333333333,49802.162083333336,54386.24010416667,12819.6221875,2581.01625,10587.411666666667,25988.05010416667,24,32.905
2023-06-28,2023,6,28,179,2,0.0794772999236209,-0.9968366760893436,0.9749279121818236,-0.2225209339563143,0,weekday,2023-06-28 00:00:00+00:00,2023-06-29 00:00:00+00:00,115.00541666666668,45089.97875,53072.192083333335,5054.945833333333,850.6932291666667,10598.384375,16504.0234375,24,33.8
2023-06-29,2023,6,29,180,3,0.062318379354325,-0.998056320853012,0.4338837391175582,-0.900968867902419,0,weekday,2023-06-29 00:00:00+00:00,2023-06-30 00:00:00+00:00,118.505,45023.45291666667,52444.0465625,1830.9429166666666,854.3097916666667,11034.224166666667,13719.476875,24,32.3
2023-06-30,2023,6,30,181,4,0.0451410177739719,-0.998980624694158,-0.433883739117558,-0.9009688679024191,0,weekday,2023-06-30 00:00:00+00:00,2023-07-01 00:00:00+00:00,110.55041666666666,40103.24333333333,53035.8103125,3954.6258333333335,954.3527083333333,7531.743854166667,12440.722395833334,24,35.195
2023-07-01,2023,7,1,182,5,0.0279502982402103,-0.999609314096404,-0.9749279121818236,-0.2225209339563146,0,weekend,2023-07-01 00:00:00+00:00,2023-07-02 00:00:00+00:00,58.25125,44934.59125,44996.10218750001,14619.205,3732.2144791666665,7563.762916666667,25915.182395833337,24,37.103
2023-07-02,2023,7,2,183,6,0.0107513077635219,-0.9999422030204416,-0.7818314824680299,0.6234898018587334,0,weekend,2023-07-02 00:00:00+00:00,2023-07-03 00:00:00+00:00,-49.75833333333333,52034.051666666666,43417.8928125,23153.9446875,3680.0466666666666,11345.624166666666,38179.61552083334,24,37.4615
2023-07-03,2023,7,3,184,0,-0.0064508641981051,-0.9999791929590824,0.0,1.0,0,weekday,2023-07-03 00:00:00+00:00,2023-07-04 00:00:00+00:00,56.324999999999996,58016.924999999996,52775.284062499995,22340.245729166665,4113.185625,10499.605520833333,36953.036875,24,37.82
2023-07-04,2023,7,4,185,1,-0.0236511272452315,-0.9997202729664084,0.7818314824680298,0.6234898018587336,0,weekday,2023-07-04 00:00:00+00:00,2023-07-05 00:00:00+00:00,88.39,54421.22416666666,53389.48302083334,16435.452395833334,3740.908125,11588.105312500002,31764.465833333335,24,33.93
2023-07-05,2023,7,5,186,2,-0.0408443915432961,-0.9991655196610107,0.9749279121818236,-0.2225209339563143,0,weekday,2023-07-05 00:00:00+00:00,2023-07-06 00:00:00+00:00,67.60833333333333,59271.28166666667,52672.21833333333,25223.956041666668,3369.3615625,10674.774479166666,39268.09208333333,24,33.825
2023-07-06,2023,7,6,187,3,-0.0580255693287803,-0.9983150972033183,0.4338837391175582,-0.900968867902419,0,weekday,2023-07-06 00:00:00+00:00,2023-07-07 00:00:00+00:00,109.74000000000001,47529.261666666665,52372.683125,6258.309375,2065.2999999999997,13049.771666666667,21373.381041666667,24,33.24
2023-07-07,2023,7,7,188,4,-0.0751895764147585,-0.9971692572470178,-0.433883739117558,-0.9009688679024191,0,weekday,2023-07-07 00:00:00+00:00,2023-07-08 00:00:00+00:00,102.56124999999999,43006.27458333333,51402.40916666667,3289.651875,693.2091666666666,15044.807708333334,19027.66875,24,33.3
2023-07-08,2023,7,8,189,5,-0.0923313336953912,-0.9957283388645872,-0.9749279121818236,-0.2225209339563146,0,weekend,2023-07-08 00:00:00+00:00,2023-07-09 00:00:00+00:00,83.54875,42452.378749999996,43775.00135416666,5747.882083333333,2408.4720833333336,14387.879270833333,22544.233437500003,24,33.478
2023-07-09,2023,7,9,190,6,-0.1094457686489155,-0.993992768446958,-0.7818314824680299,0.6234898018587334,0,weekend,2023-07-09 00:00:00+00:00,2023-07-10 00:00:00+00:00,89.99166666666667,39275.02208333334,40961.128645833334,4752.018958333333,1438.7622916666667,13999.389895833332,20190.171145833334,24,33.153999999999996
2023-07-10,2023,7,10,191,0,-0.1265278168386831,-0.9919630595773395,0.0,1.0,0,weekday,2023-07-10 00:00:00+00:00,2023-07-11 00:00:00+00:00,116.27291666666667,45852.25416666667,52035.79072916667,6967.737916666666,1121.169375,11389.548125000001,19478.455416666668,24,32.83
2023-07-11,2023,7,11,192,1,-0.1435724234118113,-0.9896398128792412,0.7818314824680298,0.6234898018587336,0,weekday,2023-07-11 00:00:00+00:00,2023-07-12 00:00:00+00:00,104.545,47394.82708333334,53199.934895833336,6917.395729166667,2286.3619791666665,13535.015104166667,22738.7728125,24,29.93
2023-07-12,2023,7,12,193,2,-0.1605745445949937,-0.9870237158387384,0.9749279121818236,-0.2225209339563143,0,weekday,2023-07-12 00:00:00+00:00,2023-07-13 00:00:00+00:00,88.55541666666666,50773.239583333336,54096.63958333334,13666.383958333334,2932.552708333333,10914.269270833332,27513.2059375,24,28.455
2023-07-13,2023,7,13,194,3,-0.1775291491870349,-0.984115542601034,0.4338837391175582,-0.900968867902419,0,weekday,2023-07-13 00:00:00+00:00,2023-07-14 00:00:00+00:00,98.00958333333334,48551.44416666666,53371.24791666667,9807.251041666666,2631.8778125000003,11016.081562500001,23455.21041666667,24,26.885
2023-07-14,2023,7,14,195,4,-0.1944312200476619,-0.9809161537413774,-0.433883739117558,-0.9009688679024191,0,weekday,2023-07-14 00:00:00+00:00,2023-07-15 00:00:00+00:00,94.57916666666667,42341.74458333333,52072.807291666664,4376.9825,974.3528124999999,11826.775833333333,17178.111145833333,24,27.57
2023-07-15,2023,7,15,196,5,-0.2112757555821793,-0.9774264960104057,-0.9749279121818236,-0.2225209339563146,0,weekend,2023-07-15 00:00:00+00:00,2023-07-16 00:00:00+00:00,31.744583333333335,47714.99958333333,45164.84427083333,15058.001979166665,3571.5622916666666,12229.983958333332,30859.548229166667,24,25.957
2023-07-16,2023,7,16,197,6,-0.2280577712215198,-0.9736476020539838,-0.7818314824680299,0.6234898018587334,0,weekend,2023-07-16 00:00:00+00:00,2023-07-17 00:00:00+00:00,20.328333333333333,47801.074583333335,42118.611875,16069.141666666668,3320.2434375,11978.548854166665,31367.933958333335,24,25.211
2023-07-17,2023,7,17,198,0,-0.2447723008972595,-0.9695805901076308,0.0,1.0,0,weekday,2023-07-17 00:00:00+00:00,2023-07-18 00:00:00+00:00,81.89708333333333,51766.90541666667,52419.09083333333,13774.214791666667,3966.810520833333,11959.899791666665,29700.92510416667,24,24.465
2023-07-18,2023,7,18,199,1,-0.2614143985111562,-0.965226663665613,0.7818314824680298,0.6234898018587336,0,weekday,2023-07-18 00:00:00+00:00,2023-07-19 00:00:00+00:00,108.14208333333333,45629.207083333335,52378.22708333333,4177.2603125,1238.8171875,12409.033541666666,17825.111041666667,24,26.0
2023-07-19,2023,7,19,200,2,-0.2779791393987801,-0.9605871111248128,0.9749279121818236,-0.2225209339563143,0,weekday,2023-07-19 00:00:00+00:00,2023-07-20 00:00:00+00:00,97.17416666666666,44912.581666666665,51942.82802083334,5290.587500000001,757.0520833333334,10617.237083333333,16664.876666666667,24,27.155
2023-07-20,2023,7,20,201,3,-0.2944616217868012,-0.9556633054034704,0.4338837391175582,-0.900968867902419,0,weekday,2023-07-20 00:00:00+00:00,2023-07-21 00:00:00+00:00,97.39708333333334,45969.88166666666,51426.74822916667,5615.398854166667,1861.3383333333334,11373.300625000002,18850.037812500002,24,25.54
2023-07-21,2023,7,21,202,4,-0.3108569682435036,-0.9504567035349152,-0.433883739117558,-0.9009688679024191,0,weekday,2023-07-21 00:00:00+00:00,2023-07-22 00:00:00+00:00,104.69791666666667,41005.53791666667,50886.92322916666,3498.124479166667,824.5197916666666,8447.238333333333,12769.882604166667,24,30.0
2023-07-22,2023,7,22,203,5,-0.3271603271220951,-0.9449688462364056,-0.9749279121818236,-0.2225209339563146,0,weekend,2023-07-22 00:00:00+00:00,2023-07-23 00:00:00+00:00,75.85166666666667,39318.07666666667,43805.40458333333,8715.811562500001,2007.9110416666665,10182.994583333333,20906.717187500002,24,28.164
2023-07-23,2023,7,23,204,6,-0.343366873996388,-0.939201357453208,-0.7818314824680299,0.6234898018587334,0,weekend,2023-07-23 00:00:00+00:00,2023-07-24 00:00:00+00:00,30.407083333333333,48865.425833333335,41834.0928125,20281.84760416667,3438.6630208333336,7609.890416666666,31330.401041666668,24,28.157
2023-07-24,2023,7,24,205,0,-0.3594718130884232,-0.9331559438780432,0.0,1.0,0,weekday,2023-07-24 00:00:00+00:00,2023-07-25 00:00:00+00:00,92.04375,46351.176666666666,50967.5740625,14956.866041666666,2026.8814583333333,7855.619895833333,24839.367395833335,24,28.15
2023-07-25,2023,7,25,206,1,-0.3754703786876202,-0.9268343944460494,0.7818314824680298,0.6234898018587336,0,weekday,2023-07-25 00:00:00+00:00,2023-07-26 00:00:00+00:00,104.80333333333333,43358.472499999996,50757.768749999996,8685.56125,2978.2564583333333,7582.868229166666,19246.685937500002,24,30.22
2023-07-26,2023,7,26,207,2,-0.3913578365610259,-0.9202385798054076,0.9749279121818236,-0.2225209339563143,0,weekday,2023-07-26 00:00:00+00:00,2023-07-27 00:00:00+00:00,95.53416666666668,44135.93541666667,50567.893958333334,9946.915625,2682.0829166666667,9142.661354166667,21771.659895833334,24,32.78
2023-07-27,2023,7,27,208,3,-0.4071294853542516,-0.9133704517637858,0.4338837391175582,-0.900968867902419,0,weekday,2023-07-27 00:00:00+00:00,2023-07-28 00:00:00+00:00,93.65500000000002,42130.52625,50058.3815625,13917.439791666666,1052.4546874999999,4810.8459375,19780.740416666667,24,29.25
2023-07-28,2023,7,28,209,4,-0.4227806579826773,-0.9062320427107696,-0.433883739117558,-0.9009688679024191,0,weekday,2023-07-28 00:00:00+00:00,2023-07-29 00:00:00+00:00,97.54041666666666,40307.68875,48865.99875,9575.121874999999,296.96197916666665,7325.390625,17197.474479166667,24,27.275
2023-07-29,2023,7,29,210,5,-0.4383067230125192,-0.898825465016444,-0.9749279121818236,-0.2225209339563146,0,weekend,2023-07-29 00:00:00+00:00,2023-07-30 00:00:00+00:00,75.40791666666667,38672.160833333335,41716.27229166667,9453.585520833332,1676.6935416666665,7837.644479166666,18967.923541666667,24,25.841
2023-07-30,2023,7,30,211,6,-0.4537030860313442,-0.8911529104063088,-0.7818314824680299,0.6234898018587334,0,weekend,2023-07-30 00:00:00+00:00,2023-07-31 00:00:00+00:00,30.469166666666666,45308.8825,40587.99458333333,15386.8815625,3015.5052083333335,9616.0796875,28018.466458333332,24,26.823
2023-07-31,2023,7,31,212,0,-0.4689651910076318,-0.8832166493127127,0.0,1.0,0,weekday,2023-07-31 00:00:00+00:00,2023-08-01 00:00:00+00:00,71.92583333333333,49828.293750000004,49296.52552083333,20840.422708333335,2121.6425,6560.97625,29523.041458333333,24,27.805
2023-08-01,2023,8,1,213,1,-0.4840885216389758,-0.8750190302029955,0.7818314824680298,0.6234898018587336,0,weekday,2023-08-01 00:00:00+00:00,2023-08-02 00:00:00+00:00,81.50375,49038.489583333336,50007.43697916667,18851.7140625,2195.089375,6303.086979166666,27349.890416666665,24,29.115
2023-08-02,2023,8,2,214,2,-0.4990686026885319,-0.8665624788845385,0.9749279121818236,-0.2225209339563143,0,weekday,2023-08-02 00:00:00+00:00,2023-08-03 00:00:00+00:00,63.69166666666666,47924.098333333335,50309.627604166664,19735.115729166664,2339.9547916666666,5441.9209375,27516.991458333334,24,27.3
2023-08-03,2023,8,3,215,3,-0.5139010013093103,-0.8578494977869301,0.4338837391175582,-0.900968867902419,0,weekday,2023-08-03 00:00:00+00:00,2023-08-04 00:00:00+00:00,51.74333333333333,56792.24916666667,50601.63364583333,25538.918854166666,2909.5946874999995,8700.300520833332,37148.8140625,24,29.875
2023-08-04,2023,8,4,216,4,-0.5285813283559292,-0.8488826652214553,-0.433883739117558,-0.9009688679024191,0,weekday,2023-08-04 00:00:00+00:00,2023-08-05 00:00:00+00:00,100.05166666666668,40008.97875,49195.90739583334,5830.173750000001,2052.589375,8318.9996875,16201.7628125,24,29.5
2023-08-05,2023,8,5,217,5,-0.5431052396834317,-0.8396646346181327,-0.9749279121818236,-0.2225209339563146,0,weekend,2023-08-05 00:00:00+00:00,2023-08-06 00:00:00+00:00,89.99374999999999,33595.37,40469.941145833334,2978.4578125000003,521.3892708333334,8008.408645833333,11508.255729166667,24,28.853
2023-08-06,2023,8,6,218,6,-0.5574684374327892,-0.8301981337405212,-0.7818314824680299,0.6234898018587334,0,weekend,2023-08-06 00:00:00+00:00,2023-08-07 00:00:00+00:00,55.46125,36671.769166666665,38913.65583333333,9883.043958333334,1319.1203125,5088.700833333333,16290.865104166667,24,29.326500000000003
2023-08-07,2023,8,7,219,0,-0.5716666713027052,-0.8204859638785327,0.0,1.0,0,weekday,2023-08-07 00:00:00+00:00,2023-08-08 00:00:00+00:00,14.804583333333333,60416.605,48860.78197916667,29913.903229166666,3789.802395833334,6631.127604166667,40334.83322916667,24,29.8
2023-08-08,2023,8,8,220,1,-0.5856957398073508,-0.8105309990194823,0.7818314824680298,0.6234898018587336,0,weekday,2023-08-08 00:00:00+00:00,2023-08-09 00:00:00+00:00,19.972916666666666,59373.862916666665,49805.63625,26657.279895833333,3146.5290625000002,9737.319895833332,39541.128854166665,24,29.81
2023-08-09,2023,8,9,221,2,-0.5995514915196489,-0.8003361849976323,0.9749279121818236,-0.2225209339563143,0,weekday,2023-08-09 00:00:00+00:00,2023-08-10 00:00:00+00:00,90.75333333333333,47130.93625,49860.93031250001,11847.0315625,3356.3468749999997,8725.932916666667,23929.311354166668,24,33.15
2023-08-10,2023,8,10,222,3,-0.6132298262997502,-0.7899045386224707,0.4338837391175582,-0.900968867902419,0,weekday,2023-08-10 00:00:00+00:00,2023-08-11 00:00:00+00:00,103.99083333333334,41685.895416666666,49121.700000000004,2944.466770833333,1193.7897916666668,12698.282291666668,16836.538854166665,24,37.095
2023-08-11,2023,8,11,223,4,-0.6267266965083301,-0.7792391467859886,-0.433883739117558,-0.9009688679024191,0,weekday,2023-08-11 00:00:00+00:00,2023-08-12 00:00:00+00:00,100.36666666666667,41572.337916666664,47603.605833333335,2975.074583333333,1206.6275,13317.375520833333,17499.077604166665,24,37.0
2023-08-12,2023,8,12,224,5,-0.6400381082043503,-0.7683431655492202,-0.9749279121818236,-0.2225209339563146,0,weekend,2023-08-12 00:00:00+00:00,2023-08-13 00:00:00+00:00,79.27458333333333,35913.0075,41608.140625,6273.6603125,1840.5805208333334,8576.322291666665,16690.563125,24,35.3
2023-08-13,2023,8,13,225,6,-0.65316012232693,-0.7572198192083127,-0.7818314824680299,0.6234898018587334,0,weekend,2023-08-13 00:00:00+00:00,2023-08-14 00:00:00+00:00,66.00041666666667,35504.01333333333,40237.606145833335,3678.5846875,2125.5281250000003,9730.267083333334,15534.379895833334,24,35.974999999999994
2023-08-14,2023,8,14,226,0,-0.666088855860977,-0.7458723993404063,0.0,1.0,0,weekday,2023-08-14 00:00:00+00:00,2023-08-15 00:00:00+00:00,103.9775,39066.42375,49523.53989583333,2489.0905208333334,1223.1409375,10965.161875,14677.393333333333,24,36.65
2023-08-15,2023,8,15,227,1,-0.6788204829862355,-0.734304263829602,0.7818314824680298,0.6234898018587336,0,weekday,2023-08-15 00:00:00+00:00,2023-08-16 00:00:00+00:00,94.78791666666666,40651.65625,51732.03541666667,4278.273749999999,2243.423125,10021.093125000001,16542.789999999997,24,36.835
2023-08-16,2023,8,16,228,2,-0.6913512362094071,-0.722518835873311,0.9749279121818236,-0.2225209339563143,0,weekday,2023-08-16 00:00:00+00:00,2023-08-17 00:00:00+00:00,111.59541666666667,40293.628749999996,50129.711875,2586.1391666666664,419.2782291666667,9991.0765625,12996.493958333333,24,41.83
2023-08-17,2023,8,17,229,3,-0.7036774074790128,-0.7105196029692745,0.4338837391175582,-0.900968867902419,0,weekday,2023-08-17 00:00:00+00:00,2023-08-18 00:00:00+00:00,111.90083333333332,40880.69666666666,50235.6703125,6364.4971875,1446.6679166666665,8103.1528125,15914.317916666667,24,37.15
2023-08-18,2023,8,18,230,4,-0.7157953492826642,-0.6983101158835584,-0.433883739117558,-0.9009688679024191,0,weekday,2023-08-18 00:00:00+00:00,2023-08-19 00:00:00+00:00,108.87708333333335,42609.20083333333,49835.441770833335,4356.712083333333,2980.4504166666666,11458.152916666666,18795.315416666668,24,36.265
2023-08-19,2023,8,19,231,5,-0.7277014757264236,-0.6858939875998223,-0.9749279121818236,-0.2225209339563146,0,weekend,2023-08-19 00:00:00+00:00,2023-08-20 00:00:00+00:00,86.48666666666666,38539.90625,42709.700520833336,5093.002395833333,2503.923854166667,10877.486145833333,18474.412395833333,24,36.41
2023-08-20,2023,8,20,232,6,-0.7393922635959241,-0.673274892250183,-0.7818314824680299,0.6234898018587334,0,weekend,2023-08-20 00:00:00+00:00,2023-08-21 00:00:00+00:00,90.28041666666667,33985.003333333334,39618.96333333333,1751.7151041666666,815.1936458333333,11694.828958333334,14261.737708333334,24,37.4925
2023-08-21,2023,8,21,233,0,-0.7508642533989489,-0.6604565640279754,0.0,1.0,0,weekday,2023-08-21 00:00:00+00:00,2023-08-22 00:00:00+00:00,122.19125000000001,42440.878749999996,50172.621770833335,1498.7005208333333,592.4276041666667,11733.801562499999,13824.9296875,24,38.575
2023-08-22,2023,8,22,234,1,-0.7621140503891487,-0.6474427960827475,0.7818314824680298,0.6234898018587336,0,weekday,2023-08-22 00:00:00+00:00,2023-08-23 00:00:00+00:00,124.65750000000001,45082.80666666667,50856.620416666665,2214.2378125,849.4854166666668,11494.279895833335,14558.003125000001,24,39.355
2023-08-23,2023,8,23,235,2,-0.7731383255706026,-0.6342374393978054,0.9749279121818236,-0.2225209339563143,0,weekday,2023-08-23 00:00:00+00:00,2023-08-24 00:00:00+00:00,148.90083333333334,47491.37541666667,51405.26197916667,1670.8228124999998,574.6834375,11846.098541666666,14091.604791666667,24,41.65
2023-08-24,2023,8,24,236,3,-0.7839338166829201,-0.620844401650647,0.4338837391175582,-0.900968867902419,0,weekday,2023-08-24 00:00:00+00:00,2023-08-25 00:00:00+00:00,145.77875,47480.04833333333,52189.53875,3546.474270833334,556.0583333333333,10515.702708333334,14618.2353125,24,33.165
2023-08-25,2023,8,25,237,4,-0.7944973291665992,-0.6072676460566135,-0.433883739117558,-0.9009688679024191,0,weekday,2023-08-25 00:00:00+00:00,2023-08-26 00:00:00+00:00,117.61166666666666,44653.65625,51273.3771875,6795.9934375,599.1402083333334,7574.511354166666,14969.644999999999,24,34.3
2023-08-26,2023,8,26,238,5,-0.8048257371083452,-0.593511190196115,-0.9749279121818236,-0.2225209339563146,0,weekend,2023-08-26 00:00:00+00:00,2023-08-27 00:00:00+00:00,96.47583333333334,38146.950000000004,43009.97489583333,6787.293333333334,1145.2564583333333,8478.007708333333,16410.5575,24,34.775
2023-08-27,2023,8,27,239,6,-0.8149159841660791,-0.5795791048257612,-0.7818314824680299,0.6234898018587334,0,weekend,2023-08-27 00:00:00+00:00,2023-08-28 00:00:00+00:00,101.77999999999999,31335.06625,40308.919895833336,3949.310625,830.1112499999999,4522.572916666667,9301.994791666666,24,35.135
2023-08-28,2023,8,28,240,0,-0.8247650844733614,-0.5654755126737576,0.0,1.0,0,weekday,2023-08-28 00:00:00+00:00,2023-08-29 00:00:00+00:00,120.08916666666666,42720.18583333333,50366.95260416667,4299.0090625,971.9514583333333,4914.090416666667,10185.0509375,24,35.495
2023-08-29,2023,8,29,241,1,-0.8343701235229538,-0.5512045872199277,0.7818314824680298,0.6234898018587336,0,weekday,2023-08-29 00:00:00+00:00,2023-08-30 00:00:00+00:00,123.65083333333332,41394.31416666667,50871.09416666667,2597.896458333333,282.97083333333336,3820.6474999999996,6701.514791666667,24,36.885
2023-08-30,2023,8,30,242,2,-0.8437282590292712,-0.5367705514607103,0.9749279121818236,-0.2225209339563143,0,weekday,2023-08-30 00:00:00+00:00,2023-08-31 00:00:00+00:00,115.22958333333332,44053.057499999995,50352.95208333334,4615.2878125,883.0358333333334,7922.345625000001,13420.669270833334,24,34.425
2023-08-31,2023,8,31,243,3,-0.8528367217694595,-0.522177676659508,0.4338837391175582,-0.900968867902419,0,weekday,2023-08-31 00:00:00+00:00,2023-09-01 00:00:00+00:00,104.96083333333333,48190.0975,51446.239375000005,11043.451874999999,1303.0826041666667,8347.261145833332,20693.795625,24,39.0
2023-09-01,2023,9,1,244,4,-0.8616928164028522,-0.5074302810827518,-0.433883739117558,-0.9009688679024191,0,weekday,2023-09-01 00:00:00+00:00,2023-09-02 00:00:00+00:00,109.37166666666667,39867.77458333333,50737.25760416667,5214.789791666667,605.4022916666667,6336.771979166667,12156.964062500001,24,35.75
2023-09-02,2023,9,2,245,5,-0.8702939222685674,-0.4925327287220543,-0.9749279121818236,-0.2225209339563146,0,weekend,2023-09-02 00:00:00+00:00,2023-09-03 00:00:00+00:00,95.31875000000001,34371.76791666667,41688.99052083333,1284.0247916666667,424.09468749999996,9508.674270833333,11216.793749999999,24,35.617
2023-09-03,2023,9,3,246,6,-0.8786374941610001,-0.4774894280028391,-0.7818314824680299,0.6234898018587334,0,weekend,2023-09-03 00:00:00+00:00,2023-09-04 00:00:00+00:00,82.55125,33384.60875,38874.77614583333,2673.054791666667,1004.685,9395.516041666668,13073.255833333335,24,35.827999999999996
2023-09-04,2023,9,4,247,0,-0.886721063082993,-0.4623048304798108,0.0,1.0,0,weekday,2023-09-04 00:00:00+00:00,2023-09-05 00:00:00+00:00,108.47541666666666,43193.784583333334,49280.70875,5108.340833333333,482.3009375,12462.222604166667,18052.864375,24,36.039
2023-09-05,2023,9,5,248,1,-0.8945422369764496,-0.4469834295196741,0.7818314824680298,0.6234898018587336,0,weekday,2023-09-05 00:00:00+00:00,2023-09-06 00:00:00+00:00,103.51625,45461.73541666666,50642.195,6033.479895833333,535.4103125,12395.382395833332,18964.272604166665,24,36.25
2023-09-06,2023,9,6,249,2,-0.9020987014301836,-0.4315297589714714,0.9749279121818236,-0.2225209339563143,0,weekday,2023-09-06 00:00:00+00:00,2023-09-07 00:00:00+00:00,106.54125,45844.074166666665,51292.75166666667,5082.218333333333,1205.6135416666666,12574.7634375,18862.5953125,24,33.68
2023-09-07,2023,9,7,250,3,-0.9093882203647924,-0.4159483918249421,0.4338837391175582,-0.900968867902419,0,weekday,2023-09-07 00:00:00+00:00,2023-09-08 00:00:00+00:00,100.64416666666666,49781.62333333333,51655.354895833334,9571.7328125,2603.9384375,12427.952916666667,24603.624166666665,24,30.955
2023-09-08,2023,9,8,251,4,-0.9164086366943458,-0.4002439388573056,-0.433883739117558,-0.9009688679024191,0,weekday,2023-09-08 00:00:00+00:00,2023-09-09 00:00:00+00:00,110.28875,44979.84208333333,50721.8959375,5183.658437499999,1118.2265625,12390.063854166669,18691.94885416667,24,35.09
2023-09-09,2023,9,9,252,5,-0.923157872964704,-0.3844210472688554,-0.9749279121818236,-0.2225209339563146,0,weekend,2023-09-09 00:00:00+00:00,2023-09-10 00:00:00+00:00,91.94,37175.412083333336,41754.9671875,1667.2211458333334,280.7339583333333,11985.038229166666,13932.993333333334,24,34.51
2023-09-10,2023,9,10,253,6,-0.9296339319682696,-0.3684843993077793,-0.7818314824680299,0.6234898018587334,0,weekend,2023-09-10 00:00:00+00:00,2023-09-11 00:00:00+00:00,85.5175,35301.51833333333,39352.4084375,831.8641666666667,356.358125,11512.473645833334,12700.6959375,24,35.525
2023-09-11,2023,9,11,254,0,-0.935834897334994,-0.3524387108846032,0.0,1.0,0,weekday,2023-09-11 00:00:00+00:00,2023-09-12 00:00:00+00:00,154.40708333333333,43370.230416666665,50427.61895833333,1553.2517708333335,1291.8801041666666,11305.728333333333,14150.860208333334,24,36.54
2023-09-12,2023,9,12,255,1,-0.9417589340994617,-0.3362887301766828,0.7818314824680298,0.6234898018587336,0,weekday,2023-09-12 00:00:00+00:00,2023-09-13 00:00:00+00:00,132.14708333333334,44976.76624999999,51813.6859375,2308.079166666667,1416.5251041666668,8995.830416666666,12720.4346875,24,35.13
2023-09-13,2023,9,13,256,2,-0.9474042892438844,-0.3200392362231385,0.9749279121818236,-0.2225209339563143,0,weekday,2023-09-13 00:00:00+00:00,2023-09-14 00:00:00+00:00,109.65208333333334,45057.83708333334,53444.495625,8386.140104166667,2571.2408333333333,5456.1021875,16413.483125,24,35.27
2023-09-14,2023,9,14,257,3,-0.9527692922168512,-0.3036950375106588,0.4338837391175582,-0.900968867902419,0,weekday,2023-09-14 00:00:00+00:00,2023-09-15 00:00:00+00:00,121.36083333333333,43926.701250000006,53223.59427083333,1722.65625,675.8059375,9344.853958333333,11743.316145833334,24,37.45
2023-09-15,2023,9,15,258,4,-0.9578523554276668,-0.2872609705505963,-0.433883739117558,-0.9009688679024191,0,weekday,2023-09-15 00:00:00+00:00,2023-09-16 00:00:00+00:00,108.12875000000001,45483.60791666667,51842.379583333335,5628.9015625,787.6151041666667,11016.324791666666,17432.841458333332,24,35.13
2023-09-16,2023,9,16,259,5,-0.9626519747161488,-0.2707418984477642,-0.9749279121818236,-0.2225209339563146,0,weekend,2023-09-16 00:00:00+00:00,2023-09-17 00:00:00+00:00,96.4175,36573.89833333334,44405.826250000006,3839.5636458333333,521.0929166666666,10344.083333333334,14704.739895833334,24,36.485
2023-09-17,2023,9,17,260,6,-0.9671667297977312,-0.2541427094613622,-0.7818314824680299,0.6234898018587334,0,weekend,2023-09-17 00:00:00+00:00,2023-09-18 00:00:00+00:00,86.69166666666666,36290.7875,41992.78104166667,5605.124166666667,1742.1547916666666,9323.821666666667,16671.100625,24,35.489999999999995
2023-09-18,2023,9,18,261,0,-0.97139528468375,-0.2374683155584684,0.0,1.0,0,weekday,2023-09-18 00:00:00+00:00,2023-09-19 00:00:00+00:00,88.55833333333334,48506.8025,52870.387083333335,17228.773958333335,4395.004583333333,5937.108229166667,27560.88677083333,24,34.495
2023-09-19,2023,9,19,262,1,-0.9753363880767836,-0.2207236509605022,0.7818314824680298,0.6234898018587336,0,weekday,2023-09-19 00:00:00+00:00,2023-09-20 00:00:00+00:00,39.57875,58539.91458333333,52988.84291666667,25789.034895833334,4131.684479166667,7657.763541666667,37578.48291666667,24,34.25
2023-09-20,2023,9,20,263,2,-0.978988873740932,-0.2039136706831147,0.9749279121818236,-0.2225209339563143,0,weekday,2023-09-20 00:00:00+00:00,2023-09-21 00:00:00+00:00,56.086666666666666,53553.51416666667,51607.6128125,19119.750208333335,3975.3970833333333,9618.385833333334,32713.533125,24,38.575
2023-09-21,2023,9,21,264,3,-0.9823516608469236,-0.1870433490699165,0.4338837391175582,-0.900968867902419,0,weekday,2023-09-21 00:00:00+00:00,2023-09-22 00:00:00+00:00,104.38333333333333,48758.41541666666,51767.223125,14165.610416666668,2797.0789583333335,7482.3670833333335,24445.056458333333,24,35.695
2023-09-22,2023,9,22,265,4,-0.9854237542919524,-0.1701176783204905,-0.433883739117558,-0.9009688679024191,0,weekday,2023-09-22 00:00:00+00:00,2023-09-23 00:00:00+00:00,105.55624999999999,44774.15875,50141.50072916667,12258.308854166666,2026.7924999999998,5099.960416666667,19385.061770833334,24,39.915
2023-09-23,2023,9,23,266,5,-0.9882042449941422,-0.15314166701312,-0.9749279121818236,-0.2225209339563146,0,weekend,2023-09-23 00:00:00+00:00,2023-09-24 00:00:00+00:00,98.76958333333333,39871.75833333333,43309.52489583333,11598.195208333333,1692.6812499999999,6625.131770833334,19916.008229166666,24,39.791
2023-09-24,2023,9,24,267,6,-0.9906923101615608,-0.136120338622667,-0.7818314824680299,0.6234898018587334,0,weekend,2023-09-24 00:00:00+00:00,2023-09-25 00:00:00+00:00,63.788333333333334,37442.72,40151.4765625,5462.8497916666665,2932.0170833333336,9376.72625,17771.593125,24,39.632999999999996
2023-09-25,2023,9,25,268,0,-0.9928872135356962,-0.1190587300340498,0.0,1.0,0,weekday,2023-09-25 00:00:00+00:00,2023-09-26 00:00:00+00:00,113.73124999999999,48006.815,50319.80833333333,7934.547083333334,2993.8614583333333,10376.654583333333,21305.063125,24,39.475
2023-09-26,2023,9,26,269,1,-0.994788305609327,-0.1019618900517457,0.7818314824680298,0.6234898018587336,0,weekday,2023-09-26 00:00:00+00:00,2023-09-27 00:00:00+00:00,128.4375,44133.74958333333,51747.892499999994,2304.7475,1222.8091666666667,9718.620625,13246.177291666667,24,42.85
2023-09-27,2023,9,27,270,2,-0.9963950238187232,-0.0848348779057653,0.9749279121818236,-0.2225209339563143,0,weekday,2023-09-27 00:00:00+00:00,2023-09-28 00:00:00+00:00,123.32249999999999,44562.43083333334,52693.192187500004,4083.098645833333,1409.8436458333333,9259.251041666666,14752.193333333335,24,39.0
2023-09-28,2023,9,28,271,3,-0.9977068927101168,-0.0676827617545516,0.4338837391175582,-0.900968867902419,0,weekday,2023-09-28 00:00:00+00:00,2023-09-29 00:00:00+00:00,114.245,46015.22875,53712.3046875,6283.954270833333,3092.456041666667,8456.706770833332,17833.117083333334,24,40.63
2023-09-29,2023,9,29,272,4,-0.9987235240803972,-0.0505106171852228,-0.433883739117558,-0.9009688679024191,0,weekday,2023-09-29 00:00:00+00:00,2023-09-30 00:00:00+00:00,104.39541666666666,46799.864166666666,52737.34739583333,11549.910312499998,3673.6860416666664,6215.3659375,21438.962291666667,24,43.0
2023-09-30,2023,9,30,273,5,-0.9994446170919858,-0.0333235257116313,-0.9749279121818236,-0.2225209339563146,0,weekend,2023-09-30 00:00:00+00:00,2023-10-01 00:00:00+00:00,92.4775,38350.06791666667,42566.8128125,7356.853541666667,2948.275833333333,7732.3596875,18037.4890625,24,41.859
2023-10-01,2023,10,1,274,6,-0.9998699583618592,-0.0161265732706577,-0.7818314824680299,0.6234898018587334,0,weekend,2023-10-01 00:00:00+00:00,2023-10-02 00:00:00+00:00,73.95458333333333,37619.613333333335,40776.825000000004,7224.839166666666,2738.2295833333333,7759.991354166667,17723.060104166667,24,41.2345
2023-10-02,2023,10,2,275,0,-0.9999994220246924,0.0010751512827982,0.0,1.0,0,weekday,2023-10-02 00:00:00+00:00,2023-10-03 00:00:00+00:00,118.61500000000001,42622.4225,50064.51885416667,5728.681770833333,1236.7514583333334,8460.370625,15425.803854166666,24,40.61
2023-10-03,2023,10,3,276,1,-0.999832969770105,0.0182765576816912,0.7818314824680298,0.6234898018587336,1,holiday,2023-10-03 00:00:00+00:00,2023-10-04 00:00:00+00:00,17.753333333333334,54446.261666666665,43917.487604166665,26851.538958333334,3233.6303125,5846.202395833333,35931.371666666666,24,37.89
2023-10-04,2023,10,4,277,2,-0.9993706508539968,0.0354725557531255,0.9749279121818236,-0.2225209339563143,0,weekday,2023-10-04 00:00:00+00:00,2023-10-05 00:00:00+00:00,75.11333333333333,56380.65625,52778.65552083333,20544.117291666666,4575.099999999999,7035.466458333333,32154.68375,24,37.6
2023-10-05,2023,10,5,278,3,-0.9986126020839734,0.052658056924614,0.4338837391175582,-0.900968867902419,0,weekday,2023-10-05 00:00:00+00:00,2023-10-06 00:00:00+00:00,102.40791666666667,50608.801666666666,54228.302812500006,15174.512916666667,3692.7955208333333,5659.54375,24526.8521875,24,37.62
2023-10-06,2023,10,6,279,4,-0.9975590477788612,0.0698279757298708,-0.433883739117558,-0.9009688679024191,0,weekday,2023-10-06 00:00:00+00:00,2023-10-07 00:00:00+00:00,66.77208333333333,56373.88999999999,53062.560937500006,20865.491145833334,4347.7664583333335,6901.576041666667,32114.833645833336,24,36.0
2023-10-07,2023,10,7,280,5,-0.9962102997023295,0.0869772313136861,-0.9749279121818236,-0.2225209339563146,0,weekend,2023-10-07 00:00:00+00:00,2023-10-08 00:00:00+00:00,51.01416666666666,49005.085,44349.39208333333,22053.154583333333,2472.379895833333,4529.895104166667,29055.429583333334,24,38.231
2023-10-08,2023,10,8,281,6,-0.9945667569706336,0.1041007489354256,-0.7818314824680299,0.6234898018587334,0,weekend,2023-10-08 00:00:00+00:00,2023-10-09 00:00:00+00:00,92.52999999999999,34247.58083333333,42598.512395833335,5005.1534375,1264.9770833333334,5311.305416666667,11581.4359375,24,39.700500000000005
2023-10-09,2023,10,9,282,0,-0.9926289059345096,0.121193461470736,0.0,1.0,0,weekday,2023-10-09 00:00:00+00:00,2023-10-10 00:00:00+00:00,117.39999999999999,48346.96875,52636.72583333333,9410.083229166667,1868.5786458333332,3129.2672916666666,14407.929166666667,24,41.17
2023-10-10,2023,10,10,283,1,-0.9903973200352558,0.1382503109109819,0.7818314824680298,0.6234898018587336,0,weekday,2023-10-10 00:00:00+00:00,2023-10-11 00:00:00+00:00,108.40458333333333,51110.18791666667,53290.646041666674,9745.482604166667,3207.9603125,5989.91125,18943.354166666668,24,46.01
2023-10-11,2023,10,11,284,2,-0.9878726596350428,0.1552662498599956,0.9749279121818236,-0.2225209339563143,0,weekday,2023-10-11 00:00:00+00:00,2023-10-12 00:00:00+00:00,63.165416666666665,61023.776666666665,56150.88114583333,25730.00385416667,4125.7032291666665,7332.926979166667,37188.6340625,24,48.685
2023-10-12,2023,10,12,285,3,-0.9850556718215012,0.172236243027682,0.4338837391175582,-0.900968867902419,0,weekday,2023-10-12 00:00:00+00:00,2023-10-13 00:00:00+00:00,126.51708333333333,50805.44375,55318.395625000005,10333.493645833334,2106.8580208333333,3018.6678125,15459.019479166667,24,45.795
2023-10-13,2023,10,13,286,4,-0.981947190186646,0.1891552687200409,-0.433883739117558,-0.9009688679024191,0,weekday,2023-10-13 00:00:00+00:00,2023-10-14 00:00:00+00:00,58.40875,58959.62666666667,54311.33885416667,26903.471250000002,3734.3285416666663,5332.1648958333335,35969.964687499996,24,53.31
2023-10-14,2023,10,14,287,5,-0.9785481345802032,0.2060183203251708,-0.9749279121818236,-0.2225209339563146,0,weekend,2023-10-14 00:00:00+00:00,2023-10-15 00:00:00+00:00,28.658333333333335,55057.619999999995,46274.567708333336,27588.337395833336,4009.6590625000003,4871.542708333333,36469.53916666666,24,53.982
2023-10-15,2023,10,15,288,6,-0.9748595108374124,0.2228204077947995,-0.7818314824680299,0.6234898018587334,0,weekend,2023-10-15 00:00:00+00:00,2023-10-16 00:00:00+00:00,47.97958333333333,50531.693333333336,42949.96302083333,22039.251979166667,4715.903229166666,5203.6471875,31958.802395833332,24,53.323499999999996
2023-10-16,2023,10,16,289,0,-0.9708824104813836,0.239556559120927,0.0,1.0,0,weekday,2023-10-16 00:00:00+00:00,2023-10-17 00:00:00+00:00,136.07166666666666,49962.206666666665,55501.58635416667,6411.255520833333,2211.9523958333334,6463.239166666666,15086.447083333333,24,52.665
2023-10-17,2023,10,17,290,1,-0.9666180104000972,0.2562218218071163,0.7818314824680298,0.6234898018587336,0,weekday,2023-10-17 00:00:00+00:00,2023-10-18 00:00:00+00:00,128.40041666666667,48364.48583333333,56320.90552083333,5146.6628125,562.6778125,5578.28875,11287.629374999999,24,48.21
2023-10-18,2023,10,18,291,2,-0.9620675724981452,0.2728112643340191,0.9749279121818236,-0.2225209339563143,0,weekday,2023-10-18 00:00:00+00:00,2023-10-19 00:00:00+00:00,93.92166666666667,52259.50458333333,55920.71072916667,14868.179166666667,3386.828645833333,5804.908125000001,24059.9159375,24,48.9
2023-10-19,2023,10,19,292,3,-0.957232443323312,0.2893199776186952,0.4338837391175582,-0.900968867902419,0,weekday,2023-10-19 00:00:00+00:00,2023-10-20 00:00:00+00:00,98.13125000000001,54589.28333333333,55580.10135416667,19448.462291666667,4573.8436458333335,2272.7227083333332,26295.028645833332,24,48.93
2023-10-20,2023,10,20,293,4,-0.9521140536681102,0.3057430764672831,-0.433883739117558,-0.9009688679024191,0,weekday,2023-10-20 00:00:00+00:00,2023-10-21 00:00:00+00:00,86.03500000000001,54571.612499999996,54933.580625,27787.623229166667,3371.7873958333334,1260.1027083333333,32419.513333333332,24,52.845
2023-10-21,2023,10,21,294,5,-0.9467139181463862,0.3220757010206104,-0.9749279121818236,-0.2225209339563146,0,weekend,2023-10-21 00:00:00+00:00,2023-10-22 00:00:00+00:00,53.842083333333335,45999.6875,46394.254479166666,18184.999479166665,4345.156458333334,4554.84375,27084.999687500003,24,51.112
2023-10-22,2023,10,22,295,6,-0.9410336347451196,0.3383130181923076,-0.7818314824680299,0.6234898018587334,0,weekend,2023-10-22 00:00:00+00:00,2023-10-23 00:00:00+00:00,69.58583333333333,46748.71875,43013.67083333333,16715.568229166667,3921.5611458333333,4805.820000000001,25442.949375,24,49.671
2023-10-23,2023,10,23,296,0,-0.9350748843515574,0.3544502230989869,0.0,1.0,0,weekday,2023-10-23 00:00:00+00:00,2023-10-24 00:00:00+00:00,125.61625,48282.64625,54152.60697916666,7078.946770833333,1340.1588541666667,4703.017708333334,13122.123333333335,24,48.23
2023-10-24,2023,10,24,297,1,-0.9288394302558068,0.3704825404820963,0.7818314824680298,0.6234898018587336,0,weekday,2023-10-24 00:00:00+00:00,2023-10-25 00:00:00+00:00,118.25291666666668,52821.925416666665,54860.768749999996,11462.328645833333,4711.587291666667,1643.7044791666667,17817.62041666667,24,50.6
2023-10-25,2023,10,25,298,2,-0.9223291176290545,0.3864052261209853,0.9749279121818236,-0.2225209339563143,0,weekday,2023-10-25 00:00:00+00:00,2023-10-26 00:00:00+00:00,124.015,52727.86083333333,54896.53177083333,10814.7553125,3096.5217708333334,3398.19875,17309.475833333334,24,50.28
2023-10-26,2023,10,26,299,3,-0.9155458729775467,0.4022135682368036,0.4338837391175582,-0.900968867902419,0,weekday,2023-10-26 00:00:00+00:00,2023-10-27 00:00:00+00:00,122.79166666666667,48643.00541666666,55094.901770833334,8016.837500000001,3381.8321875,1582.9096875000002,12981.579375000001,24,51.0
2023-10-27,2023,10,27,300,4,-0.9084917035725082,0.4179028888867866,-0.433883739117558,-0.9009688679024191,0,weekday,2023-10-27 00:00:00+00:00,2023-10-28 00:00:00+00:00,116.4525,47641.62541666667,54165.190833333334,8550.119375,4346.131145833334,2008.8155208333335,14905.066041666667,24,51.0
2023-10-28,2023,10,28,301,5,-0.9011686968561567,0.4334685453485363,-0.9749279121818236,-0.2225209339563146,0,weekend,2023-10-28 00:00:00+00:00,2023-10-29 00:00:00+00:00,78.77416666666667,41781.333125,47321.41088541667,14048.533177083335,3879.3181250000002,3209.8441666666663,20330.877916666668,24,50.53
2023-10-29,2023,10,29,302,6,-0.8935790198239952,0.4489059314938798,-0.7818314824680299,0.6234898018587334,0,weekend,2023-10-29 00:00:00+00:00,2023-10-30 00:00:00+00:00,24.261666666666667,51783.86875,43788.84791666667,26857.604166666668,5430.533541666667,3120.721666666667,35408.859375,24,52.4775
2023-10-30,2023,10,30,303,0,-0.8857249183835637,0.4642104791518923,0.0,1.0,0,weekday,2023-10-30 00:00:00+00:00,2023-10-31 00:00:00+00:00,96.8825,50889.98291666667,53594.89791666667,14547.034791666667,4043.378645833333,3118.5186458333333,21708.932083333333,24,54.425
2023-10-31,2023,10,31,304,1,-0.8776087166898392,0.4793776594606945,0.7818314824680298,0.6234898018587336,0,weekday,2023-10-31 00:00:00+00:00,2023-11-01 00:00:00+00:00,104.48625,47128.09666666667,52246.681875,17426.1928125,2099.3532291666666,2063.4232291666667,21588.969270833335,24,51.49
2023-11-01,2023,11,1,305,2,-0.8692328164574792,0.4944029842076181,0.9749279121818236,-0.2225209339563143,0,weekday,2023-11-01 00:00:00+00:00,2023-11-02 00:00:00+00:00,61.69833333333333,48536.90375,48456.8890625,18297.489166666666,4398.3084375,3848.0130208333335,26543.810625,24,46.59
2023-11-02,2023,11,2,306,3,-0.8605996962501181,0.5092820071573356,0.4338837391175582,-0.900968867902419,0,weekday,2023-11-02 00:00:00+00:00,2023-11-03 00:00:00+00:00,60.149166666666666,57939.449583333335,55459.2409375,28947.483229166668,4701.570833333333,2115.4597916666667,35764.51385416667,24,48.175
2023-11-03,2023,11,3,307,4,-0.8517119107469189,0.5240103253675756,-0.433883739117558,-0.9009688679024191,0,weekday,2023-11-03 00:00:00+00:00,2023-11-04 00:00:00+00:00,58.88333333333333,55868.762500000004,56194.18260416667,24061.932291666668,4676.837291666667,2742.4816666666666,31481.25125,24,49.225
2023-11-04,2023,11,4,308,5,-0.8425720899866032,0.5385835804920232,-0.9749279121818236,-0.2225209339563146,0,weekend,2023-11-04 00:00:00+00:00,2023-11-05 00:00:00+00:00,23.46875,55968.58791666667,48208.1059375,27761.43020833333,5044.575520833333,3687.568333333333,36493.574062499996,24,48.057
2023-11-05,2023,11,5,309,6,-0.8331829385891785,0.5529974600700271,-0.7818314824680299,0.6234898018587334,0,weekend,2023-11-05 00:00:00+00:00,2023-11-06 00:00:00+00:00,30.085416666666664,49656.97,46585.722604166665,26776.350520833334,2995.6145833333335,2100.4280208333334,31872.393125000002,24,47.5285
2023-11-06,2023,11,6,310,0,-0.8235472349556007,0.5672476988027229,0.0,1.0,0,weekday,2023-11-06 00:00:00+00:00,2023-11-07 00:00:00+00:00,75.68666666666667,62228.447916666664,54971.37552083333,31756.927604166664,4545.4783333333335,3527.34375,39829.7496875,24,47.0
2023-11-07,2023,11,7,311,1,-0.8136678304455991,0.5813300798152042,0.7818314824680298,0.6234898018587336,0,weekday,2023-11-07 00:00:00+00:00,2023-11-08 00:00:00+00:00,100.005,58475.7925,55725.075729166674,24584.366250000003,5006.298437500001,2824.0314583333334,32414.696145833335,24,45.24
2023-11-08,2023,11,8,312,2,-0.8035476485339116,0.5952404359043674,0.9749279121818236,-0.2225209339563143,0,weekday,2023-11-08 00:00:00+00:00,2023-11-09 00:00:00+00:00,90.41624999999999,60720.713333333326,56635.94260416667,27489.101250000003,4851.071770833333,3110.0635416666664,35450.2365625,24,45.75
2023-11-09,2023,11,9,313,3,-0.7931896839451843,0.6089746507720486,0.4338837391175582,-0.900968867902419,0,weekday,2023-11-09 00:00:00+00:00,2023-11-10 00:00:00+00:00,97.295,55943.91916666667,57833.431249999994,23415.75,2866.5792708333333,1925.8389583333335,28208.168229166666,24,45.01
2023-11-10,2023,11,10,314,4,-0.7825970017677834,0.6225286602431057,-0.433883739117558,-0.9009688679024191,0,weekday,2023-11-10 00:00:00+00:00,2023-11-11 00:00:00+00:00,95.46416666666666,55046.517916666664,55805.30395833333,19224.582291666666,3107.2041666666664,2405.9176041666665,24737.704062499997,24,47.045
2023-11-11,2023,11,11,315,5,-0.7717727365467836,0.6358984534680745,-0.9749279121818236,-0.2225209339563146,0,weekend,2023-11-11 00:00:00+00:00,2023-11-12 00:00:00+00:00,97.09375,43888.06458333333,48808.48489583333,12718.518958333334,915.0784375,2256.2527083333334,15889.850104166668,24,46.63
2023-11-12,2023,11,12,316,6,-0.7607200913564104,0.6490800741100398,-0.7818314824680299,0.6234898018587334,0,weekend,2023-11-12 00:00:00+00:00,2023-11-13 00:00:00+00:00,98.56875000000001,35957.3925,47476.200625,5687.904687499999,427.22541666666666,2324.35,8439.480104166667,24,46.285
2023-11-13,2023,11,13,317,0,-0.7494423368521954,0.6620696215153815,0.0,1.0,0,weekday,2023-11-13 00:00:00+00:00,2023-11-14 00:00:00+00:00,93.21833333333335,53492.40208333333,57303.8896875,21390.104479166668,2787.713229166667,990.3580208333333,25168.17572916667,24,45.94
2023-11-14,2023,11,14,318,1,-0.7379428103031386,0.6748632518680403,0.7818314824680298,0.6234898018587336,0,weekday,2023-11-14 00:00:00+00:00,2023-11-15 00:00:00+00:00,68.61791666666666,62965.174999999996,58482.5415625,34806.45291666667,3075.2265625,1410.135,39291.814479166664,24,46.895
2023-11-15,2023,11,15,319,2,-0.7262249146041543,0.6874571793269664,0.9749279121818236,-0.2225209339563143,0,weekday,2023-11-15 00:00:00+00:00,2023-11-16 00:00:00+00:00,102.89999999999999,56163.88125,58137.465937500005,18625.115520833333,2271.8030208333334,2063.3559375,22960.274479166666,24,48.495
2023-11-16,2023,11,16,320,3,-0.7142921172691032,0.699847677146407,0.4338837391175582,-0.900968867902419,0,weekday,2023-11-16 00:00:00+00:00,2023-11-17 00:00:00+00:00,118.87958333333334,55842.81458333333,58655.1028125,14871.618125,2160.670833333333,1685.0671874999998,18717.35614583333,24,46.47
2023-11-17,2023,11,17,321,4,-0.7021479494046978,0.7120310787787131,-0.433883739117558,-0.9009688679024191,0,weekday,2023-11-17 00:00:00+00:00,2023-11-18 00:00:00+00:00,121.79166666666667,50567.99208333334,57644.73416666667,10028.096354166666,806.0696875,1817.6763541666667,12651.842395833331,24,46.1
2023-11-18,2023,11,18,322,5,-0.6897960046655887,0.7240037789593305,-0.9749279121818236,-0.2225209339563146,0,weekend,2023-11-18 00:00:00+00:00,2023-11-19 00:00:00+00:00,88.23916666666666,42255.65375,49701.47791666666,11484.832604166666,3448.0779166666666,1888.4408333333333,16821.351354166665,24,45.064
2023-11-19,2023,11,19,323,6,-0.6772399381909491,0.7357622347736527,-0.7818314824680299,0.6234898018587334,0,weekend,2023-11-19 00:00:00+00:00,2023-11-20 00:00:00+00:00,40.57791666666667,54650.911250000005,46906.51270833333,29959.843645833334,3899.7771875,1960.7169791666668,35820.3378125,24,46.049499999999995
2023-11-20,2023,11,20,324,0,-0.6644834655228552,0.7473029667054296,0.0,1.0,0,weekday,2023-11-20 00:00:00+00:00,2023-11-21 00:00:00+00:00,107.95291666666667,55470.93291666667,57707.00989583333,17995.312916666666,1439.9423958333334,1563.9544791666667,20999.209791666664,24,47.035
2023-11-21,2023,11,21,325,1,-0.6515303615068021,0.75862255966641,0.7818314824680298,0.6234898018587336,0,weekday,2023-11-21 00:00:00+00:00,2023-11-22 00:00:00+00:00,123.63666666666667,52643.34416666667,58631.88885416667,7604.4158333333335,2449.251041666667,1162.0554166666668,11215.722291666667,24,46.175
2023-11-22,2023,11,22,326,2,-0.6383844591746642,0.7697176640069211,0.9749279121818236,-0.2225209339563143,0,weekday,2023-11-22 00:00:00+00:00,2023-11-23 00:00:00+00:00,108.95416666666667,53844.63375,59322.918541666666,10689.6803125,4020.9901041666667,2273.5934375,16984.263854166667,24,44.05
2023-11-23,2023,11,23,327,3,-0.6250496486104377,0.7805849965070866,0.4338837391175582,-0.900968867902419,0,weekday,2023-11-23 00:00:00+00:00,2023-11-24 00:00:00+00:00,59.37916666666666,69418.04541666668,60781.80260416667,37129.78625,4873.232083333333,1619.345,43622.363333333335,24,44.615
2023-11-24,2023,11,24,328,4,-0.6115298757991053,0.7912213413483807,-0.433883739117558,-0.9009688679024191,0,weekday,2023-11-24 00:00:00+00:00,2023-11-25 00:00:00+00:00,67.25916666666667,65987.71291666667,59636.443333333336,36323.3425,4969.625520833333,1653.5246875,42946.49270833334,24,46.25
2023-11-25,2023,11,25,329,5,-0.5978291414589552,0.801623551065242,-0.9749279121818236,-0.2225209339563146,0,weekend,2023-11-25 00:00:00+00:00,2023-11-26 00:00:00+00:00,96.48541666666667,49469.71583333333,51225.560208333336,16858.265833333335,3737.3784375,1708.4219791666667,22304.06625,24,46.655
2023-11-26,2023,11,26,330,6,-0.5839514998576998,0.8117885474764613,-0.7818314824680299,0.6234898018587334,0,weekend,2023-11-26 00:00:00+00:00,2023-11-27 00:00:00+00:00,116.54708333333333,43245.619166666664,48366.55385416667,7273.3923958333335,1447.5453125000001,1718.115,10439.052708333335,24,45.85
2023-11-27,2023,11,27,331,0,-0.5699010576127624,0.8217133225960589,0.0,1.0,0,weekday,2023-11-27 00:00:00+00:00,2023-11-28 00:00:00+00:00,114.03625,56342.89958333334,60103.48447916666,13808.875625,3510.716979166667,849.6240625,18169.216666666667,24,45.045
2023-11-28,2023,11,28,332,1,-0.5556819724760489,0.8313949395234058,0.7818314824680298,0.6234898018587336,0,weekday,2023-11-28 00:00:00+00:00,2023-11-29 00:00:00+00:00,123.11291666666666,58878.385416666664,61631.01677083334,14394.001458333334,3224.0102083333336,1013.5689583333333,18631.580625,24,44.095
2023-11-29,2023,11,29,333,2,-0.5412984521036173,0.8408305333122887,0.9749279121818236,-0.2225209339563143,0,weekday,2023-11-29 00:00:00+00:00,2023-11-30 00:00:00+00:00,140.88083333333333,60960.988333333335,61374.97604166667,14794.587604166665,2191.5861458333334,1652.9276041666665,18639.101354166665,24,41.275
2023-11-30,2023,11,30,334,3,-0.5267547528105542,0.8500173118187018,0.4338837391175582,-0.900968867902419,0,weekday,2023-11-30 00:00:00+00:00,2023-12-01 00:00:00+00:00,169.30166666666668,50510.99625,60732.6675,2091.0372916666665,1379.1954166666667,1195.5259375,4665.7586458333335,24,40.44
2023-12-01,2023,12,1,335,4,-0.5120551783114646,0.8589525565270845,-0.433883739117558,-0.9009688679024191,0,weekday,2023-12-01 00:00:00+00:00,2023-12-02 00:00:00+00:00,156.75375,50120.52708333333,62266.53895833334,2539.922395833333,1346.8855208333332,769.0867708333334,4655.8946875,24,42.795
2023-12-02,2023,12,2,336,5,-0.4972040784469378,0.8676336233547726,-0.9749279121818236,-0.2225209339563146,0,weekend,2023-12-02 00:00:00+00:00,2023-12-03 00:00:00+00:00,116.69458333333334,46988.044583333336,51681.85177083333,4009.0064583333333,613.3194791666666,718.5908333333333,5340.916770833333,24,43.496
2023-12-03,2023,12,3,337,6,-0.4822058478963526,0.8760579434344281,-0.7818314824680299,0.6234898018587334,0,weekend,2023-12-03 00:00:00+00:00,2023-12-04 00:00:00+00:00,104.53708333333333,46883.652916666666,49915.17166666667,7771.7690625,2258.7955208333333,1152.9604166666666,11183.525,24,42.6555
2023-12-04,2023,12,4,338,0,-0.4670649248774303,0.8842230238742036,0.0,1.0,0,weekday,2023-12-04 00:00:00+00:00,2023-12-05 00:00:00+00:00,111.97583333333334,60986.29708333334,60989.70166666667,17367.772500000003,4043.8295833333336,384.3927083333333,21795.994791666668,24,41.815
2023-12-05,2023,12,5,339,1,-0.451785789832884,0.8921264484954345,0.7818314824680298,0.6234898018587336,0,weekday,2023-12-05 00:00:00+00:00,2023-12-06 00:00:00+00:00,114.90875,62739.05625,60979.454999999994,17575.541458333333,5237.108333333334,508.3246875,23320.974479166664,24,39.455
2023-12-06,2023,12,6,340,2,-0.4363729641045924,0.8997658785476209,0.9749279121818236,-0.2225209339563143,0,weekday,2023-12-06 00:00:00+00:00,2023-12-07 00:00:00+00:00,130.00375,54986.92958333334,60909.66458333333,7897.371041666666,2255.1913541666668,352.76072916666664,10505.323125,24,38.995
2023-12-07,2023,12,7,341,3,-0.4208310085956556,0.9071390534005044,0.4338837391175582,-0.900968867902419,0,weekday,2023-12-07 00:00:00+00:00,2023-12-08 00:00:00+00:00,116.48666666666666,51210.16,62192.94510416667,5838.140208333333,1570.9304166666668,1149.6892708333332,8558.759895833333,24,39.8
2023-12-08,2023,12,8,342,4,-0.4051645224207563,0.9142437912130223,-0.433883739117558,-0.9009688679024191,0,weekday,2023-12-08 00:00:00+00:00,2023-12-09 00:00:00+00:00,104.47333333333334,54110.348750000005,61356.268125,13336.531875,4116.4571875,489.8561458333333,17942.845208333332,24,41.275
2023-12-09,2023,12,9,343,5,-0.3893781415452015,0.9210779895789526,-0.9749279121818236,-0.2225209339563146,0,weekend,2023-12-09 00:00:00+00:00,2023-12-10 00:00:00+00:00,76.30416666666666,53010.715,52597.57239583333,21575.391979166667,5313.073020833333,1062.6803125,27951.1453125,24,38.6
2023-12-10,2023,12,10,344,6,-0.3734765374130707,0.9276396261490468,-0.7818314824680299,0.6234898018587334,0,weekend,2023-12-10 00:00:00+00:00,2023-12-11 00:00:00+00:00,56.27291666666667,55599.958333333336,51248.27635416667,29432.259374999998,3396.8054166666666,1221.7467708333334,34050.8115625,24,37.4725
2023-12-11,2023,12,11,345,0,-0.3574644155648614,0.9339267592294762,0.0,1.0,0,weekday,2023-12-11 00:00:00+00:00,2023-12-12 00:00:00+00:00,81.68916666666667,60954.67958333334,61470.95177083334,26234.033854166668,1910.0967708333335,1340.85625,29484.986875,24,36.345
2023-12-12,2023,12,12,346,1,-0.3413465142450361,0.9399375283564132,0.7818314824680298,0.6234898018587336,0,weekday,2023-12-12 00:00:00+00:00,2023-12-13 00:00:00+00:00,105.77791666666667,53354.395,61269.02291666667,9068.47,2689.9663541666664,985.0236458333334,12743.46,24,36.43
2023-12-13,2023,12,13,347,2,-0.3251276029999093,0.9456701548465688,0.9749279121818236,-0.2225209339563143,0,weekday,2023-12-13 00:00:00+00:00,2023-12-14 00:00:00+00:00,93.46083333333333,56099.42291666666,60467.96260416667,11409.054166666667,5915.461979166666,948.5375,18273.053645833334,24,34.675
2023-12-14,2023,12,14,348,3,-0.3088124812662537,0.9511229423235356,0.4338837391175582,-0.900968867902419,0,weekday,2023-12-14 00:00:00+00:00,2023-12-15 00:00:00+00:00,107.86041666666667,49032.723750000005,59853.378020833334,4427.241770833333,1399.6468750000001,650.4608333333333,6477.349479166667,24,36.65
2023-12-15,2023,12,15,349,4,-0.2924059769510773,0.956294277219772,-0.433883739117558,-0.9009688679024191,0,weekday,2023-12-15 00:00:00+00:00,2023-12-16 00:00:00+00:00,92.86583333333334,51589.69125,58680.9753125,11329.808854166666,3862.226458333333,861.2578125,16053.293124999998,24,33.895
2023-12-16,2023,12,16,350,5,-0.2759129450029604,0.9611826292540836,-0.9749279121818236,-0.2225209339563146,0,weekend,2023-12-16 00:00:00+00:00,2023-12-17 00:00:00+00:00,70.17125,53221.65541666667,49975.534062499995,20470.54125,6006.429479166666,1357.101875,27834.072604166668,24,33.19
2023-12-17,2023,12,17,351,6,-0.2593382659754056,0.9657865518844574,-0.7818314824680299,0.6234898018587334,0,weekend,2023-12-17 00:00:00+00:00,2023-12-18 00:00:00+00:00,51.52875,54116.42916666667,48692.177083333336,24115.904583333333,5947.262708333333,1797.8984375,31861.06572916667,24,33.412499999999994
2023-12-18,2023,12,18,352,0,-0.2426868445825954,0.9701046827361176,0.0,1.0,0,weekday,2023-12-18 00:00:00+00:00,2023-12-19 00:00:00+00:00,78.06791666666668,61342.223750000005,58772.52635416667,24903.958645833332,5904.686041666667,2551.8951041666664,33360.53979166666,24,33.635
2023-12-19,2023,12,19,353,1,-0.225963608248019,0.974135744004672,0.7818314824680298,0.6234898018587336,0,weekday,2023-12-19 00:00:00+00:00,2023-12-20 00:00:00+00:00,77.39,58425.56375,59213.45322916666,25636.01875,4410.21625,1635.3696874999998,31681.6046875,24,34.33
2023-12-20,2023,12,20,354,2,-0.2091735056463563,0.9778785428342386,0.9749279121818236,-0.2225209339563143,0,weekday,2023-12-20 00:00:00+00:00,2023-12-21 00:00:00+00:00,61.37375,63098.606250000004,57382.588125,32461.85885416667,5102.252395833333,981.4164583333333,38545.527708333335,24,34.56
2023-12-21,2023,12,21,355,3,-0.1923215052390948,0.9813319716704276,0.4338837391175582,-0.900968867902419,0,weekday,2023-12-21 00:00:00+00:00,2023-12-22 00:00:00+00:00,24.97083333333333,68815.895,53402.92364583333,43348.2490625,4108.140416666666,316.3490625,47772.73854166667,24,34.27
2023-12-22,2023,12,22,356,4,-0.1754125938042784,0.9844950085880858,-0.433883739117558,-0.9009688679024191,0,weekday,2023-12-22 00:00:00+00:00,2023-12-23 00:00:00+00:00,23.424166666666665,66851.08875000001,56438.9203125,41834.464375,4601.686875,860.9775,47297.12875,24,34.56
2023-12-23,2023,12,23,357,5,-0.1584517749608363,0.9873667175937016,-0.9749279121818236,-0.2225209339563146,0,weekend,2023-12-23 00:00:00+00:00,2023-12-24 00:00:00+00:00,31.264583333333334,55000.20374999999,48507.205625,30842.732708333333,3697.8155208333333,430.12645833333335,34970.6746875,24,34.174
2023-12-24,2023,12,24,358,6,-0.141444067687942,0.989946248902378,-0.7818314824680299,0.6234898018587334,0,weekend,2023-12-24 00:00:00+00:00,2023-12-25 00:00:00+00:00,-3.407916666666667,59418.378333333334,44146.40645833334,39406.097395833334,3372.6394791666667,425.58531250000004,43204.3221875,24,34.17433333333333
2023-12-25,2023,12,25,359,0,-0.1243945048397999,0.9922328391893008,0.0,1.0,1,holiday,2023-12-25 00:00:00+00:00,2023-12-26 00:00:00+00:00,0.7779166666666667,56049.824583333335,43171.07604166667,34626.0021875,4094.813020833333,1039.8642708333334,39760.67947916667,24,34.17466666666667
2023-12-26,2023,12,26,360,1,-0.1073081316563624,0.994225811815616,0.7818314824680298,0.6234898018587336,1,holiday,2023-12-26 00:00:00+00:00,2023-12-27 00:00:00+00:00,18.067916666666665,56805.37333333333,44081.23947916667,33496.12708333333,4203.089270833333,1375.66625,39074.88260416667,24,34.175
2023-12-27,2023,12,27,361,2,-0.0901900042703451,0.99592457702866,0.9749279121818236,-0.2225209339563143,0,weekday,2023-12-27 00:00:00+00:00,2023-12-28 00:00:00+00:00,59.78208333333333,47655.886666666665,53093.03135416666,17424.7221875,3703.9646875,1932.5590624999998,23061.2459375,24,36.875
2023-12-28,2023,12,28,362,3,-0.0730451882110474,0.9973286321364752,0.4338837391175582,-0.900968867902419,0,weekday,2023-12-28 00:00:00+00:00,2023-12-29 00:00:00+00:00,17.3675,65346.192083333335,55965.02270833333,36709.20125,4727.7946875,1556.6311458333332,42993.62708333333,24,34.015
2023-12-29,2023,12,29,363,4,-0.0558787569053731,0.9984375616565666,-0.433883739117558,-0.9009688679024191,0,weekday,2023-12-29 00:00:00+00:00,2023-12-30 00:00:00+00:00,6.772083333333334,65485.21791666667,54341.244999999995,39485.22583333334,4559.400000000001,1425.2783333333334,45469.90416666667,24,33.55
2023-12-30,2023,12,30,364,5,-0.0386957901765268,0.999251037438848,-0.9749279121818236,-0.2225209339563146,0,weekend,2023-12-30 00:00:00+00:00,2023-12-31 00:00:00+00:00,35.61875,53658.32083333333,48258.11520833333,25828.32354166667,5040.1345833333335,2099.9164583333336,32968.37458333333,24,32.35
2023-12-31,2023,12,31,365,6,-0.0215013727408137,0.999768818762748,-0.7818314824680299,0.6234898018587334,0,weekend,2023-12-31 00:00:00+00:00,2024-01-01 00:00:00+00:00,8.727916666666667,52975.61000000001,45952.32864583333,25992.545104166667,5494.762708333333,1253.2780208333334,32740.585833333334,24,32.69833333333334
2024-01-01,2024,1,1,1,0,0.0,1.0,0.0,1.0,1,holiday,2024-01-01 00:00:00+00:00,2024-01-02 00:00:00+00:00,17.932916666666667,53472.003333333334,45381.793541666666,27793.672708333335,4302.3040625,1681.0676041666666,33777.044375,24,33.04666666666667
2024-01-02,2024,1,2,2,1,0.0172015754182605,0.9998520419557736,0.7818314824680298,0.6234898018587336,0,weekday,2024-01-02 00:00:00+00:00,2024-01-03 00:00:00+00:00,53.1525,58739.50666666666,55259.48552083334,29146.556041666667,4354.678020833334,284.71666666666664,33785.95072916667,24,33.395
2024-01-03,2024,1,3,3,2,0.034398060613608,0.9994082116062598,0.9749279121818236,-0.2225209339563143,0,weekday,2024-01-03 00:00:00+00:00,2024-01-04 00:00:00+00:00,47.892500000000005,64450.162916666675,56682.47645833334,37230.33875,3394.138645833333,1209.2591666666667,41833.7365625,24,30.485
2024-01-04,2024,1,4,4,3,0.0515843668694083,0.9986686402879996,0.4338837391175582,-0.900968867902419,0,weekday,2024-01-04 00:00:00+00:00,2024-01-05 00:00:00+00:00,86.86041666666667,51806.182916666665,57190.48,22433.878125,2536.8317708333334,1028.1579166666668,25998.8678125,24,33.575
2024-01-05,2024,1,5,5,4,0.0687554084811394,0.9976335468520452,-0.433883739117558,-0.9009688679024191,0,weekday,2024-01-05 00:00:00+00:00,2024-01-06 00:00:00+00:00,91.54916666666666,53619.29666666666,56417.565833333334,18085.330104166667,4990.5671875,1164.6794791666666,24240.576770833333,24,32.46
2024-01-06,2024,1,6,6,5,0.0859061042613327,0.9963032375991964,-0.9749279121818236,-0.2225209339563146,0,weekend,2024-01-06 00:00:00+00:00,2024-01-07 00:00:00+00:00,89.08,45901.651666666665,50360.893437499995,12958.894583333333,5312.559166666667,581.5872916666666,18853.041041666667,24,34.55
2024-01-07,2024,1,7,7,6,0.1030313790431787,0.9946781061893646,-0.7818314824680299,0.6234898018587334,0,weekend,2024-01-07 00:00:00+00:00,2024-01-08 00:00:00+00:00,86.75375000000001,44676.45416666666,46701.93687500001,15826.363645833333,3376.7014583333334,1072.6938541666666,20275.758958333336,24,34.15
2024-01-08,2024,1,8,8,0,0.1201261651823505,0.9927586335250792,0.0,1.0,0,weekday,2024-01-08 00:00:00+00:00,2024-01-09 00:00:00+00:00,102.63083333333333,56450.84416666667,57950.07895833333,16006.715208333333,3740.9244791666665,2206.6383333333333,21954.27802083333,24,33.75
2024-01-09,2024,1,9,9,1,0.1371854040566005,0.9905453876091832,0.7818314824680298,0.6234898018587336,0,weekday,2024-01-09 00:00:00+00:00,2024-01-10 00:00:00+00:00,109.82041666666667,55574.09333333333,58909.995312499996,10274.356249999999,676.9138541666667,3648.8067708333333,14600.076875,24,30.405
2024-01-10,2024,1,10,10,2,0.1542040475626894,0.988039023376751,0.9749279121818236,-0.2225209339563143,0,weekday,2024-01-10 00:00:00+00:00,2024-01-11 00:00:00+00:00,112.29416666666667,55690.46708333333,60400.170000000006,5745.095416666667,639.4369791666667,3426.0845833333333,9810.616979166667,24,31.145
2024-01-11,2024,1,11,11,3,0.1711770596101998,0.985240282501282,0.4338837391175582,-0.900968867902419,0,weekday,2024-01-11 00:00:00+00:00,2024-01-12 00:00:00+00:00,109.73416666666667,53960.74333333334,60180.932499999995,4494.803333333333,1344.1703125000001,3027.5154166666666,8866.489062499999,24,30.7
2024-01-12,2024,1,12,12,4,0.1880994176117975,0.9821499931752292,-0.433883739117558,-0.9009688679024191,0,weekday,2024-01-12 00:00:00+00:00,2024-01-13 00:00:00+00:00,106.33416666666666,55330.92041666667,59330.11614583334,6518.174375,3742.287083333333,1781.7056249999998,12042.167083333334,24,31.46
2024-01-13,2024,1,13,13,5,0.2049661139694953,0.9787690698649216,-0.9749279121818236,-0.2225209339563146,0,weekend,2024-01-13 00:00:00+00:00,2024-01-14 00:00:00+00:00,73.53291666666667,58391.09791666667,51444.783541666664,26208.689583333336,5230.055833333333,1219.8303125,32658.575729166667,24,31.99
2024-01-14,2024,1,14,14,6,0.2217721575564818,0.975098513039961,-0.7818314824680299,0.6234898018587334,0,weekend,2024-01-14 00:00:00+00:00,2024-01-15 00:00:00+00:00,76.6575,57125.33791666667,49163.24489583333,26016.288125000003,5443.563125,1589.7205208333332,33049.57177083333,24,31.763333333333332
2024-01-15,2024,1,15,15,0,0.2385125751940764,0.9711394088771652,0.0,1.0,0,weekday,2024-01-15 00:00:00+00:00,2024-01-16 00:00:00+00:00,87.18875000000001,64451.45875,60936.789375,27150.610416666666,5010.3915625,1199.10875,33360.11072916666,24,31.536666666666665
2024-01-16,2024,1,16,16,1,0.2551824131233728,0.966892928939152,0.7818314824680298,0.6234898018587336,0,weekday,2024-01-16 00:00:00+00:00,2024-01-17 00:00:00+00:00,100.90916666666668,60120.380416666674,62088.84375,14704.131354166668,3940.8875000000003,1560.0625,20205.08135416667,24,31.31
2024-01-17,2024,1,17,17,2,0.2717767384711357,0.9623603298276544,0.9749279121818236,-0.2225209339563143,0,weekday,2024-01-17 00:00:00+00:00,2024-01-18 00:00:00+00:00,100.43291666666666,55085.5725,61882.24322916666,10544.094270833333,2990.6358333333333,619.0022916666667,14153.732395833335,24,29.135
2024-01-18,2024,1,18,18,3,0.2882906407095177,0.957542952811672,0.4338837391175582,-0.900968867902419,0,weekday,2024-01-18 00:00:00+00:00,2024-01-19 00:00:00+00:00,92.59333333333335,53045.965416666666,62285.21364583333,9168.287083333335,3221.8705208333336,1263.7577083333333,13653.915312500001,24,27.675
2024-01-19,2024,1,19,19,4,0.3047192331091634,0.9524422234305676,-0.433883739117558,-0.9009688679024191,0,weekday,2024-01-19 00:00:00+00:00,2024-01-20 00:00:00+00:00,78.48083333333334,62948.849166666674,62221.60833333334,22617.7546875,5443.817604166667,2188.0813541666666,30249.653645833332,24,28.6
2024-01-20,2024,1,20,20,5,0.321057654185271,0.9470596510722284,-0.9749279121818236,-0.2225209339563146,0,weekend,2024-01-20 00:00:00+00:00,2024-01-21 00:00:00+00:00,73.92791666666666,57778.56625,52817.450520833336,23244.405937500003,5495.848958333333,2770.3867708333332,31510.641666666666,24,28.429
2024-01-21,2024,1,21,21,6,0.3373010691361842,0.9413968285264122,-0.7818314824680299,0.6234898018587334,0,weekend,2024-01-21 00:00:00+00:00,2024-01-22 00:00:00+00:00,49.45708333333334,61035.96458333333,51978.94635416666,32548.893020833333,5500.911354166667,1919.9809374999998,39969.785312500004,24,27.767
2024-01-22,2024,1,22,22,0,0.3534446712740877,0.9354554315134164,0.0,1.0,0,weekday,2024-01-22 00:00:00+00:00,2024-01-23 00:00:00+00:00,49.236250000000005,69326.55916666666,62513.39083333334,42111.58,4264.449166666666,805.4702083333333,47181.49937500001,24,27.105
2024-01-23,2024,1,23,23,1,0.3694836834473831,0.9292372181882051,0.7818314824680298,0.6234898018587336,0,weekday,2024-01-23 00:00:00+00:00,2024-01-24 00:00:00+00:00,52.239583333333336,68722.95125,62735.55416666667,37256.388020833336,5067.431875,2231.809375,44555.629270833335,24,27.375
2024-01-24,2024,1,24,24,2,0.3854133594543256,0.9227440286201428,0.9749279121818236,-0.2225209339563143,0,weekday,2024-01-24 00:00:00+00:00,2024-01-25 00:00:00+00:00,34.98833333333334,70709.22958333333,63445.25947916667,43826.94364583333,4138.541354166667,1624.7158333333334,49590.200833333336,24,27.455
2024-01-25,2024,1,25,25,3,0.4012289854475009,0.9159777842484876,0.4338837391175582,-0.900968867902419,0,weekday,2024-01-25 00:00:00+00:00,2024-01-26 00:00:00+00:00,79.00500000000001,55390.69875,62383.74270833333,21243.898229166665,3494.7923958333336,1664.7980208333336,26403.488645833335,24,28.8
2024-01-26,2024,1,26,26,4,0.4169258813287287,0.908940487313808,-0.433883739117558,-0.9009688679024191,0,weekday,2024-01-26 00:00:00+00:00,2024-01-27 00:00:00+00:00,59.025416666666665,61537.04583333334,61448.048749999994,30511.440104166668,4817.468125,1036.5155208333333,36365.42375,24,27.14
2024-01-27,2024,1,27,27,5,0.4324994021339788,0.901634220265486,-0.9749279121818236,-0.2225209339563146,0,weekend,2024-01-27 00:00:00+00:00,2024-01-28 00:00:00+00:00,68.95458333333333,50389.395,52961.39697916667,16859.936979166665,4827.017916666667,4080.9616666666666,25767.916562500002,24,28.079
2024-01-28,2024,1,28,28,6,0.4479449394078911,0.8940611451454876,-0.7818314824680299,0.6234898018587334,0,weekend,2024-01-28 00:00:00+00:00,2024-01-29 00:00:00+00:00,58.72125,48345.78125,50036.3503125,14218.9946875,4771.15875,5147.44625,24137.5996875,24,28.3095
2024-01-29,2024,1,29,29,0,0.4632579225674917,0.88622350294858,0.0,1.0,0,weekday,2024-01-29 00:00:00+00:00,2024-01-30 00:00:00+00:00,82.07875,52790.38416666666,62119.20333333333,12975.761770833335,2971.3188541666664,4693.840833333334,20640.921458333334,24,28.54
2024-01-30,2024,1,30,30,1,0.4784338202547012,0.8781236129591848,0.7818314824680298,0.6234898018587336,0,weekday,2024-01-30 00:00:00+00:00,2024-01-31 00:00:00+00:00,78.10416666666667,56397.06708333333,65023.840208333335,17321.588333333333,4438.4265625,3186.761458333333,24946.776354166668,24,28.05
2024-01-31,2024,1,31,31,2,0.4934681416772373,0.8697638720650646,0.9749279121818236,-0.2225209339563143,0,weekday,2024-01-31 00:00:00+00:00,2024-02-01 00:00:00+00:00,75.57458333333334,57446.950000000004,64269.18760416666,19665.483958333334,5212.9646875,2984.513333333333,27862.961979166666,24,29.49
2024-02-01,2024,2,1,32,3,0.5083564379375122,0.8611467540480452,0.4338837391175582,-0.900968867902419,0,weekday,2024-02-01 00:00:00+00:00,2024-02-02 00:00:00+00:00,73.10708333333334,61397.84375,63182.564374999994,27206.904791666664,5052.215625,2777.360625,35036.481041666666,24,30.14
2024-02-02,2024,2,2,33,4,0.5230943033491326,0.8522748088519838,-0.433883739117558,-0.9009688679024191,0,weekday,2024-02-02 00:00:00+00:00,2024-02-03 00:00:00+00:00,60.43,62494.48416666667,60493.200833333336,29991.061562500003,5082.4003125,1402.6404166666669,36476.10229166666,24,28.63
2024-02-03,2024,2,3,34,5,0.5376773767406141,0.8431506618282,-0.9749279121818236,-0.2225209339563146,0,weekend,2024-02-03 00:00:00+00:00,2024-02-04 00:00:00+00:00,36.91458333333333,62079.71416666667,51308.440624999996,33507.76739583333,4956.5077083333335,1470.7270833333332,39935.0021875,24,29.305
2024-02-04,2024,2,4,35,6,0.5521013427459208,0.8337770129585915,-0.7818314824680299,0.6234898018587334,0,weekend,2024-02-04 00:00:00+00:00,2024-02-05 00:00:00+00:00,14.301250000000001,63848.450000000004,47914.57874999999,37897.31177083333,4911.022708333333,1331.6716666666666,44140.00614583333,24,29.5775
2024-02-05,2024,2,5,36,0,0.5663619330814524,0.8241566360566663,0.0,1.0,0,weekday,2024-02-05 00:00:00+00:00,2024-02-06 00:00:00+00:00,37.67125,72867.76375,59666.75895833334,41339.9940625,4486.37625,3427.9909375,49254.361249999994,24,29.85
2024-02-06,2024,2,6,37,1,0.580454927809098,0.8142923779467267,0.7818314824680298,0.6234898018587336,0,weekday,2024-02-06 00:00:00+00:00,2024-02-07 00:00:00+00:00,45.721666666666664,72641.72208333334,60684.43833333333,42988.16302083333,4758.565104166667,2509.2589583333333,50255.98708333333,24,28.42
2024-02-07,2024,2,7,38,2,0.5943761565849831,0.804187157621448,0.9749279121818236,-0.2225209339563143,0,weekday,2024-02-07 00:00:00+00:00,2024-02-08 00:00:00+00:00,80.69916666666667,58103.45916666667,60240.067291666666,20325.716145833332,3035.191041666667,1997.3146875,25358.221875,24,28.225
2024-02-08,2024,2,8,39,3,0.6081214998935418,0.7938439653781019,0.4338837391175582,-0.900968867902419,0,weekday,2024-02-08 00:00:00+00:00,2024-02-09 00:00:00+00:00,88.54375,52246.14666666667,60923.02666666667,9801.429479166667,1843.5136458333334,1641.8463541666667,13286.789479166668,24,28.15
2024-02-09,2024,2,9,40,4,0.6216868902665479,0.7832658619336791,-0.433883739117558,-0.9009688679024191,0,weekday,2024-02-09 00:00:00+00:00,2024-02-10 00:00:00+00:00,70.79458333333334,55977.06833333333,61088.02885416666,21043.6471875,5048.9896875,1385.6286458333334,27478.265520833334,24,27.255
2024-02-10,2024,2,10,41,5,0.6350683134867438,0.7724559775191742,-0.9749279121818236,-0.2225209339563146,0,weekend,2024-02-10 00:00:00+00:00,2024-02-11 00:00:00+00:00,71.91,43146.176666666666,52219.527916666666,9288.185833333333,3316.5746875,3679.855,16284.615520833335,24,27.115
2024-02-11,2024,2,11,42,6,0.6482618097757122,0.7614175109532997,-0.7818314824680299,0.6234898018587334,0,weekend,2024-02-11 00:00:00+00:00,2024-02-12 00:00:00+00:00,62.513749999999995,44562.47666666666,49875.63218750001,13386.408125,4482.171666666666,1346.0505208333334,19214.6303125,24,26.6475
2024-02-12,2024,2,12,43,0,0.6612634749656386,0.7501537286959042,0.0,1.0,0,weekday,2024-02-12 00:00:00+00:00,2024-02-13 00:00:00+00:00,75.09375,51305.2575,60348.503854166665,15169.794895833335,3220.3435416666666,2663.0564583333335,21053.194895833334,24,26.18
2024-02-13,2024,2,13,44,1,0.6740694616546161,0.7386679638813748,0.7818314824680298,0.6234898018587336,0,weekday,2024-02-13 00:00:00+00:00,2024-02-14 00:00:00+00:00,72.04833333333333,54443.10166666666,61162.590416666666,15251.407916666669,4728.808333333333,4380.774375,24360.990625000002,24,26.15
2024-02-14,2024,2,14,45,2,0.6866759803451553,0.726963615332308,0.9749279121818236,-0.2225209339563143,0,weekday,2024-02-14 00:00:00+00:00,2024-02-15 00:00:00+00:00,68.3925,54657.169583333336,60735.24760416666,19076.2921875,3072.9772916666666,1828.8080208333333,23978.0775,24,25.105
2024-02-15,2024,2,15,46,3,0.6990793005655562,0.7150441465537444,0.4338837391175582,-0.900968867902419,0,weekday,2024-02-15 00:00:00+00:00,2024-02-16 00:00:00+00:00,70.26083333333334,51535.07125,58980.300729166665,12050.288020833332,3810.6299999999997,3189.636875,19050.554895833335,24,24.85
2024-02-16,2024,2,16,47,4,0.7112757519738152,0.7029130847082615,-0.433883739117558,-0.9009688679024191,0,weekday,2024-02-16 00:00:00+00:00,2024-02-17 00:00:00+00:00,61.62625,55105.136666666665,57954.74385416667,19267.889062500002,5083.465833333333,3905.6207291666665,28256.975625000003,24,25.2
2024-02-17,2024,2,17,48,5,0.7232617254437388,0.6905740195722293,-0.9749279121818236,-0.2225209339563146,0,weekend,2024-02-17 00:00:00+00:00,2024-02-18 00:00:00+00:00,67.00375,42365.550833333335,49658.03020833334,10268.6759375,2354.655416666667,3529.9229166666664,16153.254270833333,24,24.82
2024-02-18,2024,2,18,49,6,0.7350336741329413,0.6780306024735382,-0.7818314824680299,0.6234898018587334,0,weekend,2024-02-18 00:00:00+00:00,2024-02-19 00:00:00+00:00,52.56,46522.29041666666,47541.8803125,15853.108229166666,4501.988229166666,3186.3835416666666,23541.48,24,24.665
2024-02-19,2024,2,19,50,0,0.746588114532413,0.6652865452111116,0.0,1.0,0,weekday,2024-02-19 00:00:00+00:00,2024-02-20 00:00:00+00:00,66.17458333333333,56219.10083333333,59509.18552083333,22473.44072916667,4284.547083333334,2377.216770833333,29135.204583333336,24,24.51
2024-02-20,2024,2,20,51,1,0.7579216274973472,0.6523456189565257,0.7818314824680298,0.6234898018587336,0,weekday,2024-02-20 00:00:00+00:00,2024-02-21 00:00:00+00:00,63.085,56288.01,60112.948437499996,19670.145416666666,4962.416979166667,3685.4132291666665,28317.975625000003,24,24.355
2024-02-21,2024,2,21,52,2,0.7690308592589181,0.6392116531380588,0.9749279121818236,-0.2225209339563143,0,weekday,2024-02-21 00:00:00+00:00,2024-02-22 00:00:00+00:00,56.995,59515.66333333333,59860.839375,23631.5125,4988.925,4396.791875,33017.229375,24,24.1
2024-02-22,2024,2,22,53,3,0.7799125224167177,0.6258885343075018,0.4338837391175582,-0.900968867902419,0,weekday,2024-02-22 00:00:00+00:00,2024-02-23 00:00:00+00:00,50.456250000000004,60719.98291666667,60486.4496875,30270.146458333333,4279.09625,1556.1908333333333,36105.433541666665,24,23.975
2024-02-23,2024,2,23,54,4,0.7905633969115482,0.612380204990065,-0.433883739117558,-0.9009688679024191,0,weekday,2024-02-23 00:00:00+00:00,2024-02-24 00:00:00+00:00,46.24208333333333,62021.18166666667,59917.900312499994,29233.978020833336,5006.981875,4291.006770833334,38531.96666666667,24,22.77
2024-02-24,2024,2,24,55,5,0.8009803309782905,0.5986906625177214,-0.9749279121818236,-0.2225209339563146,0,weekend,2024-02-24 00:00:00+00:00,2024-02-25 00:00:00+00:00,56.95333333333334,48132.71916666667,50679.3728125,14439.04125,3201.6629166666667,5971.291354166667,23611.99552083333,24,22.934
2024-02-25,2024,2,25,56,6,0.8111602420785621,0.5848239578463322,-0.7818314824680299,0.6234898018587334,0,weekend,2024-02-25 00:00:00+00:00,2024-02-26 00:00:00+00:00,61.431666666666665,44382.93541666667,47856.32166666666,11722.077708333332,1079.25,6667.806041666667,19469.13375,24,23.067
2024-02-26,2024,2,26,57,0,0.8211001178128892,0.5707841943569036,0.0,1.0,0,weekday,2024-02-26 00:00:00+00:00,2024-02-27 00:00:00+00:00,66.44500000000001,48173.673749999994,58710.65489583334,10732.517916666666,2429.2007291666664,4123.993333333333,17285.711979166666,24,23.2
2024-02-27,2024,2,27,58,1,0.8307970168121247,0.5565755266413303,0.7818314824680298,0.6234898018587336,0,weekday,2024-02-27 00:00:00+00:00,2024-02-28 00:00:00+00:00,74.17125,46591.35291666666,59546.8775,5384.4800000000005,739.2479166666667,4015.94,10139.667916666667,24,23.25
2024-02-28,2024,2,28,59,2,0.8402480696078469,0.5422021592729844,0.9749279121818236,-0.2225209339563143,0,weekday,2024-02-28 00:00:00+00:00,2024-02-29 00:00:00+00:00,71.97333333333333,47460.73708333333,59632.690833333334,4504.258333333333,2775.7253125,5174.513229166666,12454.496874999999,24,25.625
2024-02-29,2024,2,29,60,3,0.8494504794814806,0.527668345562516,0.4338837391175582,-0.900968867902419,0,weekday,2024-02-29 00:00:00+00:00,2024-03-01 00:00:00+00:00,63.659166666666664,55166.011666666665,59812.29416666667,15574.1815625,5778.646979166667,7097.601145833333,28450.4296875,24,25.55
2024-03-01,2024,3,1,61,4,0.8584015232918917,0.512978386299228,-0.433883739117558,-0.9009688679024191,0,weekday,2024-03-01 00:00:00+00:00,2024-03-02 00:00:00+00:00,71.07916666666667,49743.980833333335,58295.6525,11933.864062499999,4002.2978125000004,4997.033645833333,20933.195520833335,24,25.275
2024-03-02,2024,3,2,62,5,0.8670985522812081,0.4981366284784055,-0.9749279121818236,-0.2225209339563146,0,weekend,2024-03-02 00:00:00+00:00,2024-03-03 00:00:00+00:00,64.23958333333333,47117.83458333334,49371.263750000006,11676.086354166668,3823.343229166667,5715.848229166667,21215.2778125,24,25.809
2024-03-03,2024,3,3,63,6,0.8755389928586302,0.4831474640149687,-0.7818314824680299,0.6234898018587334,0,weekend,2024-03-03 00:00:00+00:00,2024-03-04 00:00:00+00:00,61.071666666666665,46256.677083333336,45849.24114583334,10253.324270833333,4091.5015625,7904.068333333334,22248.894166666665,24,25.5045
2024-03-04,2024,3,4,64,0,0.8837203473619977,0.4680153284438345,0.0,1.0,0,weekday,2024-03-04 00:00:00+00:00,2024-03-05 00:00:00+00:00,75.7375,48213.90916666667,57996.14989583333,6444.130833333334,2624.551770833333,4096.968020833333,13165.650625,24,25.2
2024-03-05,2024,3,5,65,1,0.8916401947968874,0.452744699607371,0.7818314824680298,0.6234898018587336,0,weekday,2024-03-05 00:00:00+00:00,2024-03-06 00:00:00+00:00,75.155,52397.96208333334,59390.0246875,8300.921145833334,5591.771250000001,3096.6372916666664,16989.329687499998,24,26.66
2024-03-06,2024,3,6,66,2,0.8992961915530253,0.4373400963303323,0.9749279121818236,-0.2225209339563143,0,weekday,2024-03-06 00:00:00+00:00,2024-03-07 00:00:00+00:00,83.08375,48000.44458333333,59739.198645833334,3825.1882291666666,1964.6666666666667,4297.013541666666,10086.8684375,24,27.065
2024-03-07,2024,3,7,67,3,0.9066860720977984,0.4218060770826634,0.4338837391175582,-0.900968867902419,0,weekday,2024-03-07 00:00:00+00:00,2024-03-08 00:00:00+00:00,76.35416666666667,50451.92125000001,58948.38885416667,10746.068229166667,2576.5516666666667,6024.5625,19347.182395833333,24,26.015
2024-03-08,2024,3,8,68,4,0.9138076496466616,0.4061472386305789,-0.433883739117558,-0.9009688679024191,0,weekday,2024-03-08 00:00:00+00:00,2024-03-09 00:00:00+00:00,62.04791666666667,59223.8225,58526.071875,19422.446145833335,4325.607395833334,10214.836458333333,33962.89,24,26.335
2024-03-09,2024,3,9,69,5,0.9206588168102428,0.3903682146763026,-0.9749279121818236,-0.2225209339563146,0,weekend,2024-03-09 00:00:00+00:00,2024-03-10 00:00:00+00:00,45.41625,54187.94291666666,48645.50708333333,19058.684166666666,5734.658854166667,8834.5525,33627.895520833335,24,26.39
2024-03-10,2024,3,10,70,6,0.9272375462179536,0.374473674486883,-0.7818314824680299,0.6234898018587334,0,weekend,2024-03-10 00:00:00+00:00,2024-03-11 00:00:00+00:00,34.05125,54687.767916666664,46229.4775,22579.457395833335,5963.364583333333,7117.7110416666665,35660.53302083333,24,26.18
2024-03-11,2024,3,11,71,0,0.9335418911179212,0.3584683215124808,0.0,1.0,0,weekday,2024-03-11 00:00:00+00:00,2024-03-12 00:00:00+00:00,72.84958333333334,56770.26833333333,58254.72114583334,15264.482916666666,5385.4240625,5890.039479166666,26539.946458333332,24,25.97
2024-03-12,2024,3,12,72,1,0.9395699859530622,0.342356891994542,0.7818314824680298,0.6234898018587336,0,weekday,2024-03-12 00:00:00+00:00,2024-03-13 00:00:00+00:00,86.61,48129.565,59312.110625,5401.426041666667,614.0001041666667,4399.057708333333,10414.483854166667,24,25.01
2024-03-13,2024,3,13,73,2,0.945320046913132,0.3261441535642696,0.9749279121818236,-0.2225209339563143,0,weekday,2024-03-13 00:00:00+00:00,2024-03-14 00:00:00+00:00,72.60583333333334,49350.620416666665,58853.07104166667,7667.575208333333,4361.3034375,4330.368750000001,16359.247395833334,24,25.1
2024-03-14,2024,3,14,74,3,0.9507903724625832,0.3098349038318025,0.4338837391175582,-0.900968867902419,0,weekday,2024-03-14 00:00:00+00:00,2024-03-15 00:00:00+00:00,66.7725,52718.489583333336,57598.35333333333,11457.278541666667,5445.743125,6147.16875,23050.190416666665,24,24.675
2024-03-15,2024,3,15,75,4,0.9559793438440766,0.2934339689665273,-0.433883739117558,-0.9009688679024191,0,weekday,2024-03-15 00:00:00+00:00,2024-03-16 00:00:00+00:00,56.01458333333333,56239.082916666666,57510.432291666664,19443.43354166667,5639.238333333334,6150.795520833333,31233.467395833333,24,26.255
2024-03-16,2024,3,16,76,5,0.9608854255574976,0.2769462022689364,-0.9749279121818236,-0.2225209339563146,0,weekend,2024-03-16 00:00:00+00:00,2024-03-17 00:00:00+00:00,51.447916666666664,51363.76708333333,49016.10166666666,20985.4959375,4051.2430208333335,5087.7509375,30124.489895833336,24,27.026
2024-03-17,2024,3,17,77,6,0.9655071658143364,0.2603764827344581,-0.7818314824680299,0.6234898018587334,0,weekend,2024-03-17 00:00:00+00:00,2024-03-18 00:00:00+00:00,62.036249999999995,38869.51333333333,46544.395,6520.193125000001,3640.8295833333336,7181.7815625,17342.804270833334,24,27.5255
2024-03-18,2024,3,18,78,0,0.969843196967294,0.2437297136096838,0.0,1.0,0,weekday,2024-03-18 00:00:00+00:00,2024-03-19 00:00:00+00:00,81.74249999999999,48024.291666666664,56615.636666666665,7777.178958333334,3061.1860416666664,4462.197708333333,15300.562708333333,24,28.025
2024-03-19,2024,3,19,79,1,0.9738922359149924,0.2270108209414184,0.7818314824680298,0.6234898018587336,0,weekday,2024-03-19 00:00:00+00:00,2024-03-20 00:00:00+00:00,81.96916666666667,48746.07791666667,57589.4028125,4839.192083333333,2551.7834374999998,7839.4321875,15230.407708333334,24,28.9
2024-03-20,2024,3,20,80,2,0.977653084481664,0.2102247521189836,0.9749279121818236,-0.2225209339563143,0,weekday,2024-03-20 00:00:00+00:00,2024-03-21 00:00:00+00:00,92.02041666666666,48348.38958333334,57418.37739583334,1597.1405208333333,800.1884375,8738.644479166667,11135.973437499999,24,28.385
2024-03-21,2024,3,21,81,3,0.981124629771712,0.1933764744102058,0.4338837391175582,-0.900968867902419,0,weekday,2024-03-21 00:00:00+00:00,2024-03-22 00:00:00+00:00,80.82375,48795.06458333333,57249.223020833335,8763.6121875,2578.769375,6019.580833333333,17361.962395833332,24,27.045
2024-03-22,2024,3,22,82,4,0.984305844499033,0.1764709734915216,-0.433883739117558,-0.9009688679024191,0,weekday,2024-03-22 00:00:00+00:00,2024-03-23 00:00:00+00:00,69.54541666666667,51147.65666666667,56154.02302083333,14451.178437499999,4425.238020833333,6151.555312500001,25027.971770833334,24,26.525
2024-03-23,2024,3,23,83,5,0.9871957872910084,0.1595132519726365,-0.9749279121818236,-0.2225209339563146,0,weekend,2024-03-23 00:00:00+00:00,2024-03-24 00:00:00+00:00,36.17041666666667,51101.37958333333,49857.667187499996,19362.814374999998,5025.391666666666,5989.697708333333,30377.903749999998,24,27.776
2024-03-24,2024,3,24,84,6,0.9897936029670716,0.1425083279161708,-0.7818314824680299,0.6234898018587334,0,weekend,2024-03-24 00:00:00+00:00,2024-03-25 00:00:00+00:00,27.195416666666663,55194.364583333336,46933.61697916667,27768.492395833335,4820.2013541666665,4919.057083333333,37507.75083333333,24,28.3005
2024-03-25,2024,3,25,85,0,0.992098522791769,0.1254612333527364,0.0,1.0,0,weekday,2024-03-25 00:00:00+00:00,2024-03-26 00:00:00+00:00,85.4825,50090.807499999995,56525.260416666664,10065.303750000001,1029.2439583333332,8708.566770833333,19803.114479166667,24,28.825
2024-03-26,2024,3,26,86,1,0.9941098647022418,0.108377012791876,0.7818314824680298,0.6234898018587336,0,weekday,2024-03-26 00:00:00+00:00,2024-03-27 00:00:00+00:00,65.49249999999999,55649.987916666665,57485.8525,15523.636874999998,3782.8186458333334,10760.8515625,30067.307083333333,24,27.61
2024-03-27,2024,3,27,87,2,0.9958270335100596,0.0912607217293118,0.9749279121818236,-0.2225209339563143,0,weekday,2024-03-27 00:00:00+00:00,2024-03-28 00:00:00+00:00,77.51708333333333,45457.40583333333,57526.714062499996,9681.725416666666,2459.9709374999998,7883.294375,20024.990729166668,24,27.35
2024-03-28,2024,3,28,88,3,0.9972495210773452,0.0741174251509443,0.4338837391175582,-0.900968867902419,0,weekday,2024-03-28 00:00:00+00:00,2024-03-29 00:00:00+00:00,49.2475,54104.036250000005,56559.9125,23714.218854166666,3357.99,6174.541041666666,33246.74989583334,24,27.55
2024-03-29,2024,3,29,89,4,0.998376906467142,0.0569521960340397,-0.433883739117558,-0.9009688679024191,1,holiday,2024-03-29 00:00:00+00:00,2024-03-30 00:00:00+00:00,40.037083333333335,47627.03208333333,47408.1240625,19197.826666666668,4521.261770833334,5305.5365625,29024.625,24,27.34
2024-03-30,2024,3,30,90,5,0.9992088560679752,0.0397701138460557,-0.9749279121818236,-0.2225209339563146,0,weekend,2024-03-30 00:00:00+00:00,2024-03-31 00:00:00+00:00,53.727916666666665,42466.42833333334,48073.25885416666,10694.118541666667,1598.9354166666665,9297.1840625,21590.238020833334,24,27.34
2024-03-31,2024,3,31,91,6,0.9997451236925734,0.0225762630415454,-0.7818314824680299,0.6234898018587334,0,weekend,2024-03-31 00:00:00+00:00,2024-04-01 00:00:00+00:00,54.50333333333333,31606.415416666667,43041.129375,5036.5155208333335,1098.8218749999999,8799.074895833333,14934.412291666667,24,27.34
2024-04-01,2024,4,1,92,0,0.9999855506507186,0.0053757315575838,0.0,1.0,1,holiday,2024-04-01 00:00:00+00:00,2024-04-02 00:00:00+00:00,32.91791666666666,42687.28791666667,47012.7525,16880.675520833334,2085.1505208333333,4400.906666666667,23366.732708333333,24,27.34
2024-04-02,2024,4,2,93,1,0.9999300657962056,-0.0118263906918325,0.7818314824680298,0.6234898018587336,0,weekday,2024-04-02 00:00:00+00:00,2024-04-03 00:00:00+00:00,39.21333333333333,61036.80458333334,54448.876874999994,30760.916354166664,2862.929583333333,7729.522083333333,41353.36802083333,24,27.35
2024-04-03,2024,4,3,94,2,0.9995786855478958,-0.0290250133219752,0.9749279121818236,-0.2225209339563143,0,weekday,2024-04-03 00:00:00+00:00,2024-04-04 00:00:00+00:00,86.21749999999999,49533.26708333333,55173.846874999996,13215.1725,3056.3953125000003,4103.9534375,20375.52125,24,25.7
2024-04-04,2024,4,4,95,3,0.9989315138848576,-0.0462150469837083,0.4338837391175582,-0.900968867902419,0,weekday,2024-04-04 00:00:00+00:00,2024-04-05 00:00:00+00:00,65.57666666666667,55323.0275,55054.809895833336,23453.5740625,4305.734791666667,4559.2909375,32318.599791666667,24,25.685
2024-04-05,2024,4,5,96,4,0.9979887423155984,-0.0633914048695103,-0.433883739117558,-0.9009688679024191,0,weekday,2024-04-05 00:00:00+00:00,2024-04-06 00:00:00+00:00,45.22875,58321.89083333334,55361.630208333336,24226.521770833333,5101.7865625,7811.475208333333,37139.78354166667,24,26.56
2024-04-06,2024,4,6,97,5,0.9967506498213928,-0.0805490042187416,-0.9749279121818236,-0.2225209339563146,0,weekend,2024-04-06 00:00:00+00:00,2024-04-07 00:00:00+00:00,27.330833333333334,51445.848750000005,46473.34947916667,15773.872083333334,5134.8202083333335,12089.217604166666,32997.909895833334,24,26.605
2024-04-07,2024,4,7,98,6,0.9952176027737294,-0.0976827678217159,-0.7818314824680299,0.6234898018587334,0,weekend,2024-04-07 00:00:00+00:00,2024-04-08 00:00:00+00:00,26.42125,47664.66916666667,44057.465520833335,14069.312604166667,5222.1736458333335,9922.7090625,29214.1953125,24,26.55
2024-04-08,2024,4,8,99,0,0.9933900548258936,-0.114787625522127,0.0,1.0,0,weekday,2024-04-08 00:00:00+00:00,2024-04-09 00:00:00+00:00,85.41333333333334,47238.192500000005,54503.0609375,6161.803333333333,2240.874479166667,9734.481979166667,18137.159791666665,24,26.495
2024-04-09,2024,4,9,100,1,0.9912685467787256,-0.1318585157173911,0.7818314824680298,0.6234898018587336,0,weekday,2024-04-09 00:00:00+00:00,2024-04-10 00:00:00+00:00,54.086666666666666,55209.53166666667,55428.972708333335,22090.56125,4779.896354166666,6987.388020833333,33857.845625,24,27.955
2024-04-10,2024,4,10,101,2,0.9888537064205885,-0.1488903868564548,0.9749279121818236,-0.2225209339563143,0,weekday,2024-04-10 00:00:00+00:00,2024-04-11 00:00:00+00:00,74.95625,50484.473750000005,55267.354166666664,13865.623541666668,4412.9959375,7792.856354166666,26071.475833333334,24,27.53
2024-04-11,2024,4,11,102,3,0.986146248341595,-0.1658781989346314,0.4338837391175582,-0.900968867902419,0,weekday,2024-04-11 00:00:00+00:00,2024-04-12 00:00:00+00:00,59.367916666666666,52118.46166666667,56527.904375000006,14669.169270833334,4253.117708333333,9588.516666666666,28510.803645833334,24,27.75
2024-04-12,2024,4,12,103,4,0.98314697372215,-0.1828169249850199,-0.433883739117558,-0.9009688679024191,0,weekday,2024-04-12 00:00:00+00:00,2024-04-13 00:00:00+00:00,59.77291666666667,49877.66416666666,55712.0678125,12619.356666666667,4589.442708333333,9975.589062500001,27184.3884375,24,29.565
2024-04-13,2024,4,13,104,5,0.9798567700958664,-0.1997015525660636,-0.9749279121818236,-0.2225209339563146,0,weekend,2024-04-13 00:00:00+00:00,2024-04-14 00:00:00+00:00,9.904166666666667,49975.78166666667,46512.5521875,16858.204687499998,4192.827395833333,11970.699791666666,33021.731875000005,24,30.732
2024-04-14,2024,4,14,105,6,0.976276611086932,-0.2165270852448143,-0.7818314824680299,0.6234898018587334,0,weekend,2024-04-14 00:00:00+00:00,2024-04-15 00:00:00+00:00,24.192916666666665,48183.79958333333,43981.09489583334,17222.429583333334,3409.321979166667,11026.280104166666,31658.031666666666,24,30.981
2024-04-15,2024,4,15,106,0,0.9724075561219968,-0.2332885440754551,0.0,1.0,0,weekday,2024-04-15 00:00:00+00:00,2024-04-16 00:00:00+00:00,64.29416666666667,54022.083333333336,55276.5034375,20848.4846875,3875.429166666667,7351.475520833334,32075.389375,24,31.23
2024-04-16,2024,4,16,107,1,0.9682507501166718,-0.2499809690726521,0.7818314824680298,0.6234898018587336,0,weekday,2024-04-16 00:00:00+00:00,2024-04-17 00:00:00+00:00,63.40875,54874.82666666667,57090.43583333333,22163.31572916667,2830.3633333333332,7203.607083333333,32197.286145833332,24,32.02
2024-04-17,2024,4,17,108,2,0.9638074231367308,-0.2665994206792935,0.9749279121818236,-0.2225209339563143,0,weekday,2024-04-17 00:00:00+00:00,2024-04-18 00:00:00+00:00,102.95875000000001,46263.86583333334,56909.7378125,4574.630729166666,1370.7226041666665,7133.276979166666,13078.6303125,24,33.7
2024-04-18,2024,4,18,109,3,0.9590788900341132,-0.2831389812281835,0.4338837391175582,-0.900968867902419,0,weekday,2024-04-18 00:00:00+00:00,2024-04-19 00:00:00+00:00,94.54333333333334,49158.09416666667,56680.4071875,6315.6840625,2113.4975,9079.187916666668,17508.369479166668,24,30.98
2024-04-19,2024,4,19,110,4,0.9540665500578388,-0.2995947563972602,-0.433883739117558,-0.9009688679024191,0,weekday,2024-04-19 00:00:00+00:00,2024-04-20 00:00:00+00:00,58.080000000000005,57058.518749999996,56360.90760416666,26496.889375,4421.1946875,3888.5301041666667,34806.614166666666,24,33.615
2024-04-20,2024,4,20,111,5,0.9487718864399473,-0.3159618766579029,-0.9749279121818236,-0.2225209339563146,0,weekend,2024-04-20 00:00:00+00:00,2024-04-21 00:00:00+00:00,59.79708333333334,42250.20333333333,47839.370729166665,11406.126041666668,3116.259375,7677.502916666667,22199.888333333336,24,30.758
2024-04-21,2024,4,21,112,6,0.9431964659565866,-0.3322354987159043,-0.7818314824680299,0.6234898018587334,0,weekend,2024-04-21 00:00:00+00:00,2024-04-22 00:00:00+00:00,55.38125,40248.355833333335,44615.34625,8898.360104166668,2286.735625,8245.8103125,19430.906041666665,24,30.304000000000002
2024-04-22,2024,4,22,113,0,0.9373419384643772,-0.3484108069446808,0.0,1.0,0,weekday,2024-04-22 00:00:00+00:00,2024-04-23 00:00:00+00:00,99.64541666666666,46380.28791666666,55698.08572916667,4243.732916666667,1036.4979166666667,8782.182291666666,14062.413125,24,29.85
2024-04-23,2024,4,23,114,1,0.9312100364121948,-0.3644830148102912,0.7818314824680298,0.6234898018587336,0,weekday,2024-04-23 00:00:00+00:00,2024-04-24 00:00:00+00:00,97.58916666666666,48493.863333333335,56601.51447916666,4209.832708333333,2483.0988541666666,9538.891979166667,16231.823541666667,24,28.965
2024-04-24,2024,4,24,115,2,0.9248025743285088,-0.3804473662878516,0.9749279121818236,-0.2225209339563143,0,weekday,2024-04-24 00:00:00+00:00,2024-04-25 00:00:00+00:00,95.08875,49999.7725,56593.4634375,7124.595833333333,2793.4239583333333,8022.091145833333,17940.110937499998,24,29.12
2024-04-25,2024,4,25,116,3,0.9181214482844364,-0.3962991372689181,0.4338837391175582,-0.900968867902419,0,weekday,2024-04-25 00:00:00+00:00,2024-04-26 00:00:00+00:00,90.70958333333334,48770.97041666667,56049.90760416666,6785.998437499999,887.5095833333334,8207.2425,15880.750520833333,24,29.645
2024-04-26,2024,4,26,117,4,0.9111686353326632,-0.4120336369594263,-0.433883739117558,-0.9009688679024191,0,weekday,2024-04-26 00:00:00+00:00,2024-04-27 00:00:00+00:00,87.68458333333332,48600.50125,55958.948854166665,7156.765104166666,656.6638541666666,9626.621145833333,17440.05010416667,24,29.865
2024-04-27,2024,4,27,118,5,0.9039461929224012,-0.4276462092677746,-0.9749279121818236,-0.2225209339563146,0,weekend,2024-04-27 00:00:00+00:00,2024-04-28 00:00:00+00:00,59.41916666666666,44973.59208333333,46600.787187500006,9314.11125,1390.905625,13271.326770833335,23976.343645833334,24,28.885
2024-04-28,2024,4,28,119,6,0.8964562582905575,-0.4431322341826345,-0.7818314824680299,0.6234898018587334,0,weekend,2024-04-28 00:00:00+00:00,2024-04-29 00:00:00+00:00,14.06875,48021.99125,43960.57739583333,17205.499583333334,4967.360729166667,10899.988125,33072.848437500004,24,28.439500000000002
2024-04-29,2024,4,29,120,0,0.8887010478292915,-0.4584871291400876,0.0,1.0,0,weekday,2024-04-29 00:00:00+00:00,2024-04-30 00:00:00+00:00,81.77708333333334,44238.99333333334,53762.903437500005,4872.614583333333,2070.317395833333,12300.494479166666,19243.42645833333,24,27.994
2024-04-30,2024,4,30,121,1,0.8806828564301475,-0.47370635037968,0.7818314824680298,0.6234898018587336,0,weekday,2024-04-30 00:00:00+00:00,2024-05-01 00:00:00+00:00,68.70041666666667,47797.62583333333,53361.229583333334,8709.543749999999,3388.894791666667,14025.729687500001,26124.168229166666,24,28.45
2024-05-01,2024,5,1,122,2,0.8724040568049612,-0.4887853942889926,0.9749279121818236,-0.2225209339563143,1,holiday,2024-05-01 00:00:00+00:00,2024-05-02 00:00:00+00:00,0.6987500000000001,50155.642499999994,44250.338229166664,17329.948020833333,3998.000104166667,14515.248229166667,35843.19635416667,24,28.7
2024-05-02,2024,5,2,123,3,0.8638670987837349,-0.503719798736334,0.4338837391175582,-0.900968867902419,0,weekday,2024-05-02 00:00:00+00:00,2024-05-03 00:00:00+00:00,40.69958333333333,57019.02833333333,54523.84625,20074.492916666666,5240.6172916666665,12138.024791666665,37453.135,24,28.525
2024-05-03,2024,5,3,124,4,0.8550745085896932,-0.518505144391157,-0.433883739117558,-0.9009688679024191,0,weekday,2024-05-03 00:00:00+00:00,2024-05-04 00:00:00+00:00,80.53666666666668,47877.909583333334,55259.18572916667,13362.500520833333,4364.40625,7742.658541666667,25469.5653125,24,30.71
2024-05-04,2024,5,4,125,5,0.8460288880917339,-0.533137056031809,-0.9749279121818236,-0.2225209339563146,0,weekend,2024-05-04 00:00:00+00:00,2024-05-05 00:00:00+00:00,75.29166666666667,37339.473333333335,45717.61645833333,3327.275,1237.9747916666668,9713.384583333334,14278.634375,24,30.53
2024-05-05,2024,5,5,126,6,0.8367329140344921,-0.5476112038402312,-0.7818314824680299,0.6234898018587334,0,weekend,2024-05-05 00:00:00+00:00,2024-05-06 00:00:00+00:00,54.036249999999995,41642.62541666667,43746.278125000004,11754.071354166668,1778.463125,9311.615208333333,22844.1496875,24,30.625
2024-05-06,2024,5,6,127,0,0.8271893372462497,-0.5619233046832195,0.0,1.0,0,weekday,2024-05-06 00:00:00+00:00,2024-05-07 00:00:00+00:00,93.53625,41870.45416666667,54028.44479166667,4780.648125000001,836.4289583333333,8130.654687499999,13747.731770833334,24,30.72
2024-05-07,2024,5,7,128,1,0.8174009818249189,-0.5760691233798758,0.7818314824680298,0.6234898018587336,0,weekday,2024-05-07 00:00:00+00:00,2024-05-08 00:00:00+00:00,93.76208333333334,42337.707916666666,54582.83052083334,5311.831041666667,581.0906249999999,7835.742604166667,13728.664270833333,24,31.6
2024-05-08,2024,5,8,129,2,0.8073707443023492,-0.5900444739548627,0.9749279121818236,-0.2225209339563143,0,weekday,2024-05-08 00:00:00+00:00,2024-05-09 00:00:00+00:00,92.63291666666667,41452.21708333333,54431.966145833336,3199.908645833333,150.52375,9929.387395833333,13279.819791666667,24,30.585
2024-05-09,2024,5,9,130,3,0.7971015927871943,-0.6038452208771035,0.4338837391175582,-0.900968867902419,1,holiday,2024-05-09 00:00:00+00:00,2024-05-10 00:00:00+00:00,62.428333333333335,37646.769166666665,44288.33635416667,1720.4545833333334,592.7645833333333,13755.685520833335,16068.9046875,24,30.835
2024-05-10,2024,5,10,131,4,0.7865965660866021,-0.6174672802835514,-0.433883739117558,-0.9009688679024191,0,weekday,2024-05-10 00:00:00+00:00,2024-05-11 00:00:00+00:00,77.09791666666666,41147.3125,53056.3046875,2238.9220833333334,390.17041666666665,13419.229375,16048.321875,24,30.74
2024-05-11,2024,5,11,132,5,0.7758587728069828,-0.6309066211876704,-0.9749279121818236,-0.2225209339563146,0,weekend,2024-05-11 00:00:00+00:00,2024-05-12 00:00:00+00:00,51.44,41065.776666666665,45178.81854166667,4476.4435416666665,655.3771875,14314.926041666666,19446.74677083333,24,30.03
2024-05-12,2024,5,12,133,6,0.7648913904341225,-0.6441592666722685,-0.7818314824680299,0.6234898018587334,0,weekend,2024-05-12 00:00:00+00:00,2024-05-13 00:00:00+00:00,-0.6470833333333331,46624.744583333326,43055.05510416667,11013.045208333335,3331.7137500000003,15691.913020833335,30036.671979166666,24,29.8125
2024-05-13,2024,5,13,134,0,0.753697664392914,-0.6572212950663319,0.0,1.0,0,weekday,2024-05-13 00:00:00+00:00,2024-05-14 00:00:00+00:00,48.75375,54471.21166666667,54208.598333333335,14046.2515625,4642.015833333334,14722.312708333333,33410.580104166664,24,29.595
2024-05-14,2024,5,14,135,1,0.742280907086982,-0.6700888411055113,0.7818314824680298,0.6234898018587336,0,weekday,2024-05-14 00:00:00+00:00,2024-05-15 00:00:00+00:00,27.205,58593.32166666666,54796.13479166667,18755.980729166666,5057.761458333333,16447.7709375,40261.513125000005,24,29.765
2024-05-15,2024,5,15,136,2,0.7306444969184916,-0.6827580970759147,0.9749279121818236,-0.2225209339563143,0,weekday,2024-05-15 00:00:00+00:00,2024-05-16 00:00:00+00:00,45.05583333333333,58393.04833333333,54756.73635416667,21203.1540625,5291.190104166667,13187.473124999999,39681.817291666666,24,29.585
2024-05-16,2024,5,16,137,3,0.7187918772884232,-0.6952253139408722,0.4338837391175582,-0.900968867902419,0,weekday,2024-05-16 00:00:00+00:00,2024-05-17 00:00:00+00:00,51.52583333333333,56129.31333333333,55805.683229166665,20517.256458333333,4908.652395833334,11524.983958333332,36950.8928125,24,29.51
2024-05-17,2024,5,17,138,4,0.7067265555776158,-0.7074868024503348,-0.433883739117558,-0.9009688679024191,0,weekday,2024-05-17 00:00:00+00:00,2024-05-18 00:00:00+00:00,69.31208333333333,50523.81166666667,56153.04635416667,18127.965416666666,4483.293125,7997.865520833333,30609.124062500003,24,30.88
2024-05-18,2024,5,18,139,5,0.6944521021088763,-0.719538934232584,-0.9749279121818236,-0.2225209339563146,0,weekend,2024-05-18 00:00:00+00:00,2024-05-19 00:00:00+00:00,58.24166666666667,40742.73666666667,45326.8828125,6886.364895833333,2415.091875,11214.608229166666,20516.065,24,30.769
2024-05-19,2024,5,19,140,6,0.6819721490904629,-0.7313781428679254,-0.7818314824680299,0.6234898018587334,0,weekend,2024-05-19 00:00:00+00:00,2024-05-20 00:00:00+00:00,52.91,35338.793333333335,40728.64229166667,3446.9150000000004,2039.6723958333332,11570.054166666667,17056.6415625,24,31.0445
2024-05-20,2024,5,20,141,0,0.6692903895412567,-0.7430009249440493,0.0,1.0,1,holiday,2024-05-20 00:00:00+00:00,2024-05-21 00:00:00+00:00,65.01666666666667,39025.225,44162.887291666666,3231.8595833333334,2123.5571875,13898.061354166668,19253.478125,24,31.32
2024-05-21,2024,5,21,142,1,0.6564105761979381,-0.7544038410927472,0.7818314824680298,0.6234898018587336,0,weekday,2024-05-21 00:00:00+00:00,2024-05-22 00:00:00+00:00,79.63458333333334,49858.74583333333,54349.62677083333,14000.710208333332,4360.594166666667,9712.488645833333,28073.79302083333,24,31.625
2024-05-22,2024,5,22,143,2,0.6433365204044917,-0.765583517007675,0.9749279121818236,-0.2225209339563143,0,weekday,2024-05-22 00:00:00+00:00,2024-05-23 00:00:00+00:00,87.33541666666667,47739.419583333336,55545.3271875,10653.410729166668,3244.6559375,8999.44875,22897.515416666665,24,32.88
2024-05-23,2024,5,23,144,3,0.6300720909843687,-0.7765366444428655,0.4338837391175582,-0.900968867902419,0,weekday,2024-05-23 00:00:00+00:00,2024-05-24 00:00:00+00:00,96.39666666666666,45380.23541666666,55264.14083333333,4406.936354166667,1159.7242708333333,12127.567395833334,17694.228020833332,24,34.62
2024-05-24,2024,5,24,145,4,0.6166212130956382,-0.7872599821916922,-0.433883739117558,-0.9009688679024191,0,weekday,2024-05-24 00:00:00+00:00,2024-05-25 00:00:00+00:00,102.16291666666666,44063.44708333333,55148.08875,3851.9172916666666,742.844375,9990.031874999999,14584.793541666666,24,35.6
2024-05-25,2024,5,25,146,5,0.6029878670694714,-0.7977503570459932,-0.9749279121818236,-0.2225209339563146,0,weekend,2024-05-25 00:00:00+00:00,2024-05-26 00:00:00+00:00,73.51375,38836.41333333334,45473.49281249999,2443.106458333333,1509.8979166666668,11914.033020833333,15867.037395833335,24,34.115
2024-05-26,2024,5,26,147,6,0.5891760872322963,-0.8080046647350754,-0.7818314824680299,0.6234898018587334,0,weekend,2024-05-26 00:00:00+00:00,2024-05-27 00:00:00+00:00,56.562916666666666,38636.91291666667,42603.58520833334,3177.313020833333,939.0705208333334,13469.938854166665,17586.322395833333,24,34.21333333333333
2024-05-27,2024,5,27,148,0,0.5751899607119775,-0.8180198708443174,0.0,1.0,0,weekday,2024-05-27 00:00:00+00:00,2024-05-28 00:00:00+00:00,109.06875000000001,43273.0675,53896.88375,3468.8164583333332,1318.4633333333334,10147.902395833333,14935.1821875,24,34.31166666666667
2024-05-28,2024,5,28,149,1,0.5610336262283677,-0.8277930117131022,0.7818314824680298,0.6234898018587336,0,weekday,2024-05-28 00:00:00+00:00,2024-05-29 00:00:00+00:00,88.78458333333333,48045.645416666666,55047.971979166665,8155.9725,1143.1577083333334,11570.776041666666,20869.90625,24,34.41
2024-05-29,2024,5,29,150,2,0.5467112728685939,-0.8373211953118121,0.9749279121818236,-0.2225209339563143,0,weekday,2024-05-29 00:00:00+00:00,2024-05-30 00:00:00+00:00,82.99875,47504.605833333335,55269.34614583334,11968.385729166666,2962.6914583333332,8460.771145833334,23391.84833333333,24,34.135
2024-05-30,2024,5,30,151,3,0.5322271388474397,-0.8466016020976267,0.4338837391175582,-0.900968867902419,0,weekday,2024-05-30 00:00:00+00:00,2024-05-31 00:00:00+00:00,97.10374999999999,38345.18708333333,47408.340625000004,2509.1921875000003,915.6101041666667,9715.023229166667,13139.825520833334,24,33.875
2024-05-31,2024,5,31,152,4,0.5175855102531889,-0.8556314858488706,-0.433883739117558,-0.9009688679024191,0,weekday,2024-05-31 00:00:00+00:00,2024-06-01 00:00:00+00:00,89.96875,39852.113333333335,52374.34447916667,5261.243125,2880.0829166666667,7367.485729166667,15508.811770833332,24,35.28
2024-06-01,2024,6,1,153,5,0.5027907197793043,-0.8644081744776648,-0.9749279121818236,-0.2225209339563146,0,weekend,2024-06-01 00:00:00+00:00,2024-06-02 00:00:00+00:00,55.134166666666665,39545.246666666666,45926.7053125,8579.938333333334,3828.7255208333336,7452.906041666666,19861.569895833334,24,34.223
2024-06-02,2024,6,2,154,6,0.4878471454423119,-0.8729290708206411,-0.7818314824680299,0.6234898018587334,0,weekend,2024-06-02 00:00:00+00:00,2024-06-03 00:00:00+00:00,28.482083333333335,43607.802083333336,43484.371354166666,11208.090833333334,4029.338125,9835.7759375,25073.204895833333,24,35.2265
2024-06-03,2024,6,3,155,0,0.4727592092862775,-0.881191653407483,0.0,1.0,0,weekday,2024-06-03 00:00:00+00:00,2024-06-04 00:00:00+00:00,119.52749999999999,45018.17458333333,54476.285520833335,5861.228541666667,2049.345,11035.902916666666,18946.476458333334,24,36.23
2024-06-04,2024,6,4,156,1,0.4575313760742512,-0.8891934772070711,0.7818314824680298,0.6234898018587336,0,weekday,2024-06-04 00:00:00+00:00,2024-06-05 00:00:00+00:00,104.12583333333333,46518.111666666664,55268.59229166667,4366.9140625,2360.8972916666667,13258.858854166667,19986.670208333333,24,36.075
2024-06-05,2024,6,5,157,2,0.442168151967072,-0.8969321743510065,0.9749279121818236,-0.2225209339563143,0,weekday,2024-06-05 00:00:00+00:00,2024-06-06 00:00:00+00:00,86.63499999999999,49230.48375000001,55084.08677083333,10578.163854166667,3227.8910416666663,11604.717916666666,25410.7728125,24,33.75
2024-06-06,2024,6,6,158,3,0.4266740831899246,-0.9044054548343,0.4338837391175582,-0.900968867902419,0,weekday,2024-06-06 00:00:00+00:00,2024-06-07 00:00:00+00:00,88.11874999999999,47183.55375,55710.29770833333,4336.621666666667,2360.5964583333334,14175.297083333333,20872.515208333334,24,33.225
2024-06-07,2024,6,7,159,4,0.4110537546870351,-0.911611107193024,-0.433883739117558,-0.9009688679024191,0,weekday,2024-06-07 00:00:00+00:00,2024-06-08 00:00:00+00:00,84.00791666666667,45669.24833333333,54537.910104166665,3087.7552083333335,2425.7642708333333,14555.3515625,20068.87104166667,24,32.885
2024-06-08,2024,6,8,160,5,0.3953117887649151,-0.9185469991587164,-0.9749279121818236,-0.2225209339563146,0,weekend,2024-06-08 00:00:00+00:00,2024-06-09 00:00:00+00:00,44.747083333333336,47784.39958333334,45927.411458333336,10474.555520833334,3744.8952083333334,14444.846354166666,28664.297083333335,24,33.109
2024-06-09,2024,6,9,161,6,0.3794528437245443,-0.925211078289358,-0.7818314824680299,0.6234898018587334,0,weekend,2024-06-09 00:00:00+00:00,2024-06-10 00:00:00+00:00,28.0425,47114.6975,43943.0796875,10504.521979166666,4795.260833333333,13044.391979166669,28344.174791666665,24,33.057
2024-06-10,2024,6,10,162,0,0.3634816124829063,-0.9316013725767188,0.0,1.0,0,weekday,2024-06-10 00:00:00+00:00,2024-06-11 00:00:00+00:00,92.31833333333333,50115.75666666666,54627.3803125,9657.264583333334,3366.5499999999997,11637.34625,24661.16083333333,24,33.005
2024-06-11,2024,6,11,163,1,0.3474028211842774,-0.9377159910299092,0.7818314824680298,0.6234898018587336,0,weekday,2024-06-11 00:00:00+00:00,2024-06-12 00:00:00+00:00,64.6775,55456.49583333333,55086.057291666664,17158.911145833332,4205.212916666666,12321.236979166666,33685.36104166667,24,33.675
2024-06-12,2024,6,12,164,2,0.3312212278016865,-0.9435531242349544,0.9749279121818236,-0.2225209339563143,0,weekday,2024-06-12 00:00:00+00:00,2024-06-13 00:00:00+00:00,92.93583333333333,49313.005416666674,55419.5459375,7208.081666666666,3299.447291666667,13603.900208333333,24111.42916666667,24,34.055
2024-06-13,2024,6,13,165,3,0.3149416207289519,-0.9491110448902284,0.4338837391175582,-0.900968867902419,0,weekday,2024-06-13 00:00:00+00:00,2024-06-14 00:00:00+00:00,94.17583333333333,46881.81291666667,55321.615,4282.7986458333335,1424.7376041666666,13668.317291666666,19375.853541666667,24,35.665
2024-06-14,2024,6,14,166,4,0.2985688173637202,-0.9543881083175908,-0.433883739117558,-0.9009688679024191,0,weekday,2024-06-14 00:00:00+00:00,2024-06-15 00:00:00+00:00,77.19208333333334,45938.70250000001,54922.8140625,11708.880416666667,2894.5447916666667,8558.054166666667,23161.479375,24,35.375
2024-06-15,2024,6,15,167,5,0.2821076626819194,-0.9593827529490744,-0.9749279121818236,-0.2225209339563146,0,weekend,2024-06-15 00:00:00+00:00,2024-06-16 00:00:00+00:00,5.870833333333334,48676.15791666667,46353.13322916667,19058.426770833332,3409.5537499999996,11171.4475,33639.42802083333,24,35.36
2024-06-16,2024,6,16,168,6,0.2655630278040559,-0.9640935007889756,-0.7818314824680299,0.6234898018587334,0,weekend,2024-06-16 00:00:00+00:00,2024-06-17 00:00:00+00:00,26.987083333333334,43926.895833333336,44686.77208333334,9603.446875,3091.6283333333336,13244.464479166667,25939.5396875,24,35.379999999999995
2024-06-17,2024,6,17,169,0,0.2489398085537665,-0.9685189578512204,0.0,1.0,0,weekday,2024-06-17 00:00:00+00:00,2024-06-18 00:00:00+00:00,97.27333333333333,43539.55291666667,55024.783541666664,4559.5623958333335,1356.3683333333333,12066.913125,17982.843854166666,24,35.4
2024-06-18,2024,6,18,170,1,0.2322429240090701,-0.9726578145718654,0.7818314824680298,0.6234898018587336,0,weekday,2024-06-18 00:00:00+00:00,2024-06-19 00:00:00+00:00,96.89583333333333,45127.482083333336,55527.6915625,2703.961979166667,375.33656249999996,13863.9003125,16943.19885416667,24,34.28
2024-06-19,2024,6,19,171,2,0.2154773150467301,-0.976508846196619,0.9749279121818236,-0.2225209339563143,0,weekday,2024-06-19 00:00:00+00:00,2024-06-20 00:00:00+00:00,83.82125,44678.14124999999,55434.82666666667,6288.2096875,1594.4139583333333,11137.116041666666,19019.7396875,24,34.7
2024-06-20,2024,6,20,172,3,0.1986479428801711,-0.9800709131432666,0.4338837391175582,-0.900968867902419,0,weekday,2024-06-20 00:00:00+00:00,2024-06-21 00:00:00+00:00,95.62583333333333,43521.526666666665,54049.82645833333,3756.2079166666667,516.2584375,12958.9446875,17231.411041666666,24,34.53
2024-06-21,2024,6,21,173,4,0.1817597875913753,-0.9833429613388902,-0.433883739117558,-0.9009688679024191,0,weekday,2024-06-21 00:00:00+00:00,2024-06-22 00:00:00+00:00,95.99624999999999,43103.41583333333,54444.434895833336,7086.26125,940.7379166666666,9091.1275,17118.126666666667,24,34.4
2024-06-22,2024,6,22,174,5,0.1648178466571979,-0.9863240225317866,-0.9749279121818236,-0.2225209339563146,0,weekend,2024-06-22 00:00:00+00:00,2024-06-23 00:00:00+00:00,53.88125,41599.57125,46672.832395833335,11465.0078125,1437.4975000000002,11667.159583333334,24569.664895833335,24,33.936
2024-06-23,2024,6,23,175,6,0.1478271334705304,-0.9890132145779884,-0.7818314824680299,0.6234898018587334,0,weekend,2024-06-23 00:00:00+00:00,2024-06-24 00:00:00+00:00,51.84625,36523.84625,43054.3625,4286.0858333333335,1051.9602083333334,13115.995416666667,18454.041458333333,24,33.867999999999995
2024-06-24,2024,6,24,176,0,0.1307926758567592,-0.9914097417023038,0.0,1.0,0,weekday,2024-06-24 00:00:00+00:00,2024-06-25 00:00:00+00:00,92.0825,44343.60958333333,53994.67104166667,2851.603333333333,95.4525,16181.64,19128.695833333335,24,33.8
2024-06-25,2024,6,25,177,1,0.1137195145859496,-0.9935128947338008,0.7818314824680298,0.6234898018587336,0,weekday,2024-06-25 00:00:00+00:00,2024-06-26 00:00:00+00:00,77.68375,49807.45333333333,54417.98145833333,5960.004270833334,560.5453125,17520.744375,24041.293958333335,24,34.325
2024-06-26,2024,6,26,178,2,0.0966127018812031,-0.9953220513156602,0.9749279121818236,-0.2225209339563143,0,weekday,2024-06-26 00:00:00+00:00,2024-06-27 00:00:00+00:00,102.24000000000001,49386.799166666664,54588.571875,5082.028645833333,1190.7196875,15668.229479166666,21940.9778125,24,35.15
2024-06-27,2024,6,27,179,3,0.0794772999236209,-0.9968366760893436,0.4338837391175582,-0.900968867902419,0,weekday,2024-06-27 00:00:00+00:00,2024-06-28 00:00:00+00:00,93.15625,45568.52458333334,54417.14072916666,3768.5046875000003,1229.5746875,13626.288020833332,18624.367395833335,24,34.125
2024-06-28,2024,6,28,180,4,0.062318379354325,-0.998056320853012,-0.433883739117558,-0.9009688679024191,0,weekday,2024-06-28 00:00:00+00:00,2024-06-29 00:00:00+00:00,64.95,48738.32666666667,53758.29729166667,9527.7578125,2836.393020833333,14952.319479166666,27316.470312499998,24,34.675
2024-06-29,2024,6,29,181,5,0.0451410177739719,-0.998980624694158,-0.9749279121818236,-0.2225209339563146,0,weekend,2024-06-29 00:00:00+00:00,2024-06-30 00:00:00+00:00,67.12375,40349.87541666667,45967.01666666666,3640.515729166667,658.2395833333334,16204.630104166667,20503.385416666668,24,34.48
2024-06-30,2024,6,30,182,6,0.0279502982402103,-0.999609314096404,-0.7818314824680299,0.6234898018587334,0,weekend,2024-06-30 00:00:00+00:00,2024-07-01 00:00:00+00:00,46.13083333333333,39525.93708333333,43505.528645833336,11403.407083333334,1848.8461458333334,8569.7603125,21822.013541666667,24,34.489999999999995
2024-07-01,2024,7,1,183,0,0.0107513077635219,-0.9999422030204416,0.0,1.0,0,weekday,2024-07-01 00:00:00+00:00,2024-07-02 00:00:00+00:00,91.97208333333333,45969.33791666667,54899.863125,7834.759895833333,1738.6851041666669,10052.212604166667,19625.657604166667,24,34.5
2024-07-02,2024,7,2,184,1,-0.0064508641981051,-0.9999791929590824,0.7818314824680298,0.6234898018587336,0,weekday,2024-07-02 00:00:00+00:00,2024-07-03 00:00:00+00:00,85.46916666666665,47624.94416666666,56006.5825,10653.008125,3485.8921875,7971.352916666667,22110.25322916667,24,33.525
2024-07-03,2024,7,3,185,2,-0.0236511272452315,-0.9997202729664084,0.9749279121818236,-0.2225209339563143,0,weekday,2024-07-03 00:00:00+00:00,2024-07-04 00:00:00+00:00,87.70208333333333,45010.292916666665,55710.294583333336,7617.571354166666,2979.180208333333,8697.162291666666,19293.913854166665,24,33.25
2024-07-04,2024,7,4,186,3,-0.0408443915432961,-0.9991655196610107,0.4338837391175582,-0.900968867902419,0,weekday,2024-07-04 00:00:00+00:00,2024-07-05 00:00:00+00:00,26.359583333333333,54294.81416666667,55579.005625,18856.768541666668,4401.153020833333,11205.588229166666,34463.509791666664,24,32.69
2024-07-05,2024,7,5,187,4,-0.0580255693287803,-0.9983150972033183,-0.433883739117558,-0.9009688679024191,0,weekday,2024-07-05 00:00:00+00:00,2024-07-06 00:00:00+00:00,42.22208333333333,52697.74958333333,54496.28770833334,15451.962916666665,3721.8034375,13169.912395833335,32343.678750000003,24,32.505
2024-07-06,2024,7,6,188,5,-0.0751895764147585,-0.9971692572470178,-0.9749279121818236,-0.2225209339563146,0,weekend,2024-07-06 00:00:00+00:00,2024-07-07 00:00:00+00:00,0.8587500000000001,51704.05416666667,45742.308020833334,19996.818333333333,3474.210416666667,12333.224583333335,35804.253333333334,24,33.065
2024-07-07,2024,7,7,189,6,-0.0923313336953912,-0.9957283388645872,-0.7818314824680299,0.6234898018587334,0,weekend,2024-07-07 00:00:00+00:00,2024-07-08 00:00:00+00:00,28.999166666666667,42131.722083333334,43362.411770833336,8923.877916666666,3008.913958333333,12376.1,24308.891875,24,33.129999999999995
2024-07-08,2024,7,8,190,0,-0.1094457686489155,-0.993992768446958,0.0,1.0,0,weekday,2024-07-08 00:00:00+00:00,2024-07-09 00:00:00+00:00,91.125,45132.90666666667,54252.25833333333,3153.91,944.6192708333333,15272.146874999999,19370.67614583333,24,33.195
2024-07-09,2024,7,9,191,1,-0.1265278168386831,-0.9919630595773395,0.7818314824680298,0.6234898018587336,0,weekday,2024-07-09 00:00:00+00:00,2024-07-10 00:00:00+00:00,74.5925,50205.674166666664,55245.0975,7089.0252083333335,2414.5037500000003,16624.417916666665,26127.946874999998,24,32.175
2024-07-10,2024,7,10,192,2,-0.1435724234118113,-0.9896398128792412,0.9749279121818236,-0.2225209339563143,0,weekday,2024-07-10 00:00:00+00:00,2024-07-11 00:00:00+00:00,82.64166666666667,44223.4075,54773.63520833334,5876.937916666667,2791.054375,11004.080625,19672.072916666668,24,31.25
2024-07-11,2024,7,11,193,3,-0.1605745445949937,-0.9870237158387384,0.4338837391175582,-0.900968867902419,0,weekday,2024-07-11 00:00:00+00:00,2024-07-12 00:00:00+00:00,92.82333333333334,44979.61083333333,54629.4584375,3087.138645833333,1342.1513541666666,13532.691145833334,17961.98114583333,24,30.85
2024-07-12,2024,7,12,194,4,-0.1775291491870349,-0.984115542601034,-0.433883739117558,-0.9009688679024191,0,weekday,2024-07-12 00:00:00+00:00,2024-07-13 00:00:00+00:00,87.17875,43973.892916666664,53967.6415625,7454.256770833334,1401.4816666666666,8703.399583333334,17559.138020833332,24,31.27
2024-07-13,2024,7,13,195,5,-0.1944312200476619,-0.9809161537413774,-0.9749279121818236,-0.2225209339563146,0,weekend,2024-07-13 00:00:00+00:00,2024-07-14 00:00:00+00:00,31.47375,46343.667916666665,45942.86822916666,12879.304375,3715.3921875,12024.8103125,28619.506875000003,24,31.72
2024-07-14,2024,7,14,196,6,-0.2112757555821793,-0.9774264960104057,-0.7818314824680299,0.6234898018587334,0,weekend,2024-07-14 00:00:00+00:00,2024-07-15 00:00:00+00:00,24.892916666666668,42543.489166666666,43438.39666666667,5732.574895833332,4099.3653125,15219.976458333333,25051.916666666668,24,31.79
2024-07-15,2024,7,15,197,0,-0.2280577712215198,-0.9736476020539838,0.0,1.0,0,weekday,2024-07-15 00:00:00+00:00,2024-07-16 00:00:00+00:00,77.96916666666667,47084.71666666667,53844.486249999994,5432.513958333334,1727.58875,17174.890416666665,24334.993124999997,24,31.86
2024-07-16,2024,7,16,198,1,-0.2447723008972595,-0.9695805901076308,0.7818314824680298,0.6234898018587336,0,weekday,2024-07-16 00:00:00+00:00,2024-07-17 00:00:00+00:00,52.03125,51448.09,54749.90572916667,14518.195833333333,3991.0859375,12602.11875,31111.400520833336,24,31.495
2024-07-17,2024,7,17,199,2,-0.2614143985111562,-0.965226663665613,0.9749279121818236,-0.2225209339563143,0,weekday,2024-07-17 00:00:00+00:00,2024-07-18 00:00:00+00:00,77.70916666666666,48294.21041666667,54326.18177083333,9808.061041666666,2508.4713541666665,12645.944375,24962.476770833335,24,32.905
2024-07-18,2024,7,18,200,3,-0.2779791393987801,-0.9605871111248128,0.4338837391175582,-0.900968867902419,0,weekday,2024-07-18 00:00:00+00:00,2024-07-19 00:00:00+00:00,91.48833333333333,44742.11875,54167.87666666667,1761.2134374999998,678.0321875000001,15409.117291666667,17848.36291666667,24,31.84
2024-07-19,2024,7,19,201,4,-0.2944616217868012,-0.9556633054034704,-0.433883739117558,-0.9009688679024191,0,weekday,2024-07-19 00:00:00+00:00,2024-07-20 00:00:00+00:00,87.105,44581.96916666667,52969.808958333335,2422.4147916666666,640.140625,15147.339375000001,18209.89479166667,24,32.53
2024-07-20,2024,7,20,202,5,-0.3108569682435036,-0.9504567035349152,-0.9749279121818236,-0.2225209339563146,0,weekend,2024-07-20 00:00:00+00:00,2024-07-21 00:00:00+00:00,59.71791666666667,42490.68541666667,45129.31822916667,5266.4540625,2060.0217708333334,15804.418854166666,23130.8946875,24,32.17
2024-07-21,2024,7,21,203,6,-0.3271603271220951,-0.9449688462364056,-0.7818314824680299,0.6234898018587334,0,weekend,2024-07-21 00:00:00+00:00,2024-07-22 00:00:00+00:00,59.20374999999999,38052.04708333333,42252.213854166665,4912.447395833334,1408.7461458333335,13822.634583333333,20143.828125,24,31.985
2024-07-22,2024,7,22,204,0,-0.343366873996388,-0.939201357453208,0.0,1.0,0,weekday,2024-07-22 00:00:00+00:00,2024-07-23 00:00:00+00:00,89.28875,44197.31541666667,53236.207604166666,7911.1553125,1539.3727083333333,11243.104479166666,20693.6325,24,31.8
2024-07-23,2024,7,23,205,1,-0.3594718130884232,-0.9331559438780432,0.7818314824680298,0.6234898018587336,0,weekday,2024-07-23 00:00:00+00:00,2024-07-24 00:00:00+00:00,79.93791666666667,45276.85041666666,54084.88395833334,8157.858125,2154.6617708333333,11412.782916666665,21725.302812500002,24,31.62
2024-07-24,2024,7,24,206,2,-0.3754703786876202,-0.9268343944460494,0.9749279121818236,-0.2225209339563143,0,weekday,2024-07-24 00:00:00+00:00,2024-07-25 00:00:00+00:00,67.21333333333332,46100.97833333333,53395.84322916667,9253.993229166666,2147.2989583333333,13172.087083333334,24573.379270833335,24,31.525
2024-07-25,2024,7,25,207,3,-0.3913578365610259,-0.9202385798054076,0.4338837391175582,-0.900968867902419,0,weekday,2024-07-25 00:00:00+00:00,2024-07-26 00:00:00+00:00,78.96583333333334,44187.56541666667,53357.77614583333,2112.7803125,1922.2757291666667,15374.5790625,19409.635104166668,24,32.38
2024-07-26,2024,7,26,208,4,-0.4071294853542516,-0.9133704517637858,-0.433883739117558,-0.9009688679024191,0,weekday,2024-07-26 00:00:00+00:00,2024-07-27 00:00:00+00:00,93.38833333333334,40862.6175,52048.06885416667,4458.4534375,1152.1541666666667,9968.734999999999,15579.342604166666,24,32.135
2024-07-27,2024,7,27,209,5,-0.4227806579826773,-0.9062320427107696,-0.9749279121818236,-0.2225209339563146,0,weekend,2024-07-27 00:00:00+00:00,2024-07-28 00:00:00+00:00,81.16125,35691.72666666666,44586.066979166666,1697.6790625,138.8915625,10492.818958333333,12329.389583333332,24,32.475
2024-07-28,2024,7,28,210,6,-0.4383067230125192,-0.898825465016444,-0.7818314824680299,0.6234898018587334,0,weekend,2024-07-28 00:00:00+00:00,2024-07-29 00:00:00+00:00,44.81333333333333,40041.83666666666,42180.93760416667,8411.245104166666,1483.825,13413.592187499999,23308.662291666667,24,32.975
2024-07-29,2024,7,29,211,0,-0.4537030860313442,-0.8911529104063088,0.0,1.0,0,weekday,2024-07-29 00:00:00+00:00,2024-07-30 00:00:00+00:00,72.27666666666666,44202.61875,52751.77583333334,3156.4648958333332,827.5501041666666,17370.900104166667,21354.915104166666,24,33.475
2024-07-30,2024,7,30,212,1,-0.4689651910076318,-0.8832166493127127,0.7818314824680298,0.6234898018587336,0,weekday,2024-07-30 00:00:00+00:00,2024-07-31 00:00:00+00:00,79.25458333333333,45270.775,53853.068437500006,2110.0609375,194.26208333333332,16909.469375,19213.792395833334,24,33.74
2024-07-31,2024,7,31,213,2,-0.4840885216389758,-0.8750190302029955,0.9749279121818236,-0.2225209339563143,0,weekday,2024-07-31 00:00:00+00:00,2024-08-01 00:00:00+00:00,79.85166666666667,44213.75958333333,53362.90489583334,2684.3053125,684.3979166666667,15601.885833333334,18970.5890625,24,35.735
2024-08-01,2024,8,1,214,3,-0.4990686026885319,-0.8665624788845385,0.4338837391175582,-0.900968867902419,0,weekday,2024-08-01 00:00:00+00:00,2024-08-02 00:00:00+00:00,94.92833333333334,43595.27125,53277.11177083334,3104.783541666667,483.3528125,11765.6825,15353.818854166668,24,36.14
2024-08-02,2024,8,2,215,4,-0.5139010013093103,-0.8578494977869301,-0.433883739117558,-0.9009688679024191,0,weekday,2024-08-02 00:00:00+00:00,2024-08-03 00:00:00+00:00,95.23291666666667,42416.64208333333,51818.424479166664,2855.16,235.79364583333333,10104.791875,13195.745520833334,24,36.67
2024-08-03,2024,8,3,216,5,-0.5285813283559292,-0.8488826652214553,-0.9749279121818236,-0.2225209339563146,0,weekend,2024-08-03 00:00:00+00:00,2024-08-04 00:00:00+00:00,76.44166666666666,37119.29083333333,44209.884375,2528.2239583333335,856.6785416666667,11801.761875000002,15186.664375,24,36.65
2024-08-04,2024,8,4,217,6,-0.5431052396834317,-0.8396646346181327,-0.7818314824680299,0.6234898018587334,0,weekend,2024-08-04 00:00:00+00:00,2024-08-05 00:00:00+00:00,61.465,40783.00166666667,41616.10864583334,9317.842395833333,1981.6951041666669,10140.010104166666,21439.547604166666,24,36.71
2024-08-05,2024,8,5,218,0,-0.5574684374327892,-0.8301981337405212,0.0,1.0,0,weekday,2024-08-05 00:00:00+00:00,2024-08-06 00:00:00+00:00,101.00791666666667,42627.66541666666,52009.971354166664,1953.2552083333333,848.1618749999999,12937.794479166667,15739.2115625,24,36.77
2024-08-06,2024,8,6,219,1,-0.5716666713027052,-0.8204859638785327,0.7818314824680298,0.6234898018587336,0,weekday,2024-08-06 00:00:00+00:00,2024-08-07 00:00:00+00:00,86.75,47184.138333333336,52626.92802083333,2645.6146875,596.5485416666667,16292.207083333333,19534.3703125,24,36.25
2024-08-07,2024,8,7,220,2,-0.5856957398073508,-0.8105309990194823,0.9749279121818236,-0.2225209339563143,0,weekday,2024-08-07 00:00:00+00:00,2024-08-08 00:00:00+00:00,93.73541666666667,43594.69291666667,52540.25666666666,4523.135104166667,915.3388541666667,11467.199895833333,16905.673854166667,24,36.755
2024-08-08,2024,8,8,221,3,-0.5995514915196489,-0.8003361849976323,0.4338837391175582,-0.900968867902419,0,weekday,2024-08-08 00:00:00+00:00,2024-08-09 00:00:00+00:00,93.63708333333334,42750.11583333334,52835.39927083333,4147.350520833334,1599.9099999999999,10409.065520833334,16156.326041666667,24,38.62
2024-08-09,2024,8,9,222,4,-0.6132298262997502,-0.7899045386224707,-0.433883739117558,-0.9009688679024191,0,weekday,2024-08-09 00:00:00+00:00,2024-08-10 00:00:00+00:00,53.72625,51881.84833333333,51927.237395833334,17053.82125,4081.7401041666667,10444.153229166668,31579.714583333334,24,40.035
2024-08-10,2024,8,10,223,5,-0.6267266965083301,-0.7792391467859886,-0.9749279121818236,-0.2225209339563146,0,weekend,2024-08-10 00:00:00+00:00,2024-08-11 00:00:00+00:00,51.71666666666667,44242.02375,43471.41979166667,8127.323229166667,3884.2795833333334,14921.880104166667,26933.48291666667,24,40.395
2024-08-11,2024,8,11,224,6,-0.6400381082043503,-0.7683431655492202,-0.7818314824680299,0.6234898018587334,0,weekend,2024-08-11 00:00:00+00:00,2024-08-12 00:00:00+00:00,54.77708333333334,38511.09375,41432.46083333333,4395.820520833334,1679.7283333333335,15391.722291666667,21467.271145833332,24,40.010000000000005
2024-08-12,2024,8,12,225,0,-0.65316012232693,-0.7572198192083127,0.0,1.0,0,weekday,2024-08-12 00:00:00+00:00,2024-08-13 00:00:00+00:00,91.84083333333332,46785.785833333335,53165.206145833334,5288.01625,2065.5907291666667,15578.837291666665,22932.444270833334,24,39.625
2024-08-13,2024,8,13,226,1,-0.666088855860977,-0.7458723993404063,0.7818314824680298,0.6234898018587336,0,weekday,2024-08-13 00:00:00+00:00,2024-08-14 00:00:00+00:00,99.63250000000001,49426.73333333334,54545.300729166665,7706.954270833333,1993.2903125,14503.586458333333,24203.831041666665,24,39.395
2024-08-14,2024,8,14,227,2,-0.6788204829862355,-0.734304263829602,0.9749279121818236,-0.2225209339563143,0,weekday,2024-08-14 00:00:00+00:00,2024-08-15 00:00:00+00:00,110.17708333333333,45425.74291666667,54258.73395833333,5011.766041666667,1285.2303125,12077.346458333333,18374.342812500003,24,39.57
2024-08-15,2024,8,15,228,3,-0.6913512362094071,-0.722518835873311,0.4338837391175582,-0.900968867902419,0,weekday,2024-08-15 00:00:00+00:00,2024-08-16 00:00:00+00:00,85.51583333333333,43864.00041666667,49855.67260416667,3479.5262500000003,2003.786875,13278.997916666667,18762.311041666668,24,39.095
2024-08-16,2024,8,16,229,4,-0.7036774074790128,-0.7105196029692745,-0.433883739117558,-0.9009688679024191,0,weekday,2024-08-16 00:00:00+00:00,2024-08-17 00:00:00+00:00,109.66333333333334,44872.201250000006,52308.95416666666,5527.921875,1015.6013541666666,12089.372083333334,18632.8953125,24,39.69
2024-08-17,2024,8,17,230,5,-0.7157953492826642,-0.6983101158835584,-0.9749279121818236,-0.2225209339563146,0,weekend,2024-08-17 00:00:00+00:00,2024-08-18 00:00:00+00:00,94.03291666666667,36047.61708333334,45012.9221875,1433.4459375,311.0463541666667,9824.9721875,11569.464479166667,24,39.645
2024-08-18,2024,8,18,231,6,-0.7277014757264236,-0.6858939875998223,-0.7818314824680299,0.6234898018587334,0,weekend,2024-08-18 00:00:00+00:00,2024-08-19 00:00:00+00:00,87.1875,31977.795,41885.04854166667,4225.5371875,925.4327083333334,5376.769166666667,10527.739062499999,24,39.455
2024-08-19,2024,8,19,232,0,-0.7393922635959241,-0.673274892250183,0.0,1.0,0,weekday,2024-08-19 00:00:00+00:00,2024-08-20 00:00:00+00:00,108.62458333333332,42655.456666666665,51518.53020833334,2916.924375,1042.1380208333333,10162.876458333334,14121.938854166665,24,39.265
2024-08-20,2024,8,20,233,1,-0.7508642533989489,-0.6604565640279754,0.7818314824680298,0.6234898018587336,0,weekday,2024-08-20 00:00:00+00:00,2024-08-21 00:00:00+00:00,91.78166666666668,46578.35958333333,52715.0971875,6727.666354166667,2283.9596875,11758.465624999999,20770.091666666667,24,39.295
2024-08-21,2024,8,21,234,2,-0.7621140503891487,-0.6474427960827475,0.9749279121818236,-0.2225209339563143,0,weekday,2024-08-21 00:00:00+00:00,2024-08-22 00:00:00+00:00,52.63958333333333,54249.89708333334,52912.991875,17419.666979166668,4689.895104166667,12482.349895833335,34591.91197916667,24,37.91
2024-08-22,2024,8,22,235,3,-0.7731383255706026,-0.6342374393978054,0.4338837391175582,-0.900968867902419,0,weekday,2024-08-22 00:00:00+00:00,2024-08-23 00:00:00+00:00,61.46083333333333,51792.4025,51767.6625,12789.17375,4970.01,13327.696979166665,31086.880729166664,24,37.225
2024-08-23,2024,8,23,236,4,-0.7839338166829201,-0.620844401650647,-0.433883739117558,-0.9009688679024191,0,weekday,2024-08-23 00:00:00+00:00,2024-08-24 00:00:00+00:00,44.770833333333336,56215.24125,52582.51427083334,20896.805,4347.693645833334,12988.166145833333,38232.66479166667,24,36.975
2024-08-24,2024,8,24,237,5,-0.7944973291665992,-0.6072676460566135,-0.9749279121818236,-0.2225209339563146,0,weekend,2024-08-24 00:00:00+00:00,2024-08-25 00:00:00+00:00,41.48666666666667,47907.98541666666,43937.54770833333,14387.072291666665,2862.4040625,14400.411041666666,31649.88739583333,24,36.865
2024-08-25,2024,8,25,238,6,-0.8048257371083452,-0.593511190196115,-0.7818314824680299,0.6234898018587334,0,weekend,2024-08-25 00:00:00+00:00,2024-08-26 00:00:00+00:00,29.583333333333332,44235.63041666666,41956.83697916667,13351.713854166666,4389.911770833333,10138.75375,27880.379375,24,36.82
2024-08-26,2024,8,26,239,0,-0.8149159841660791,-0.5795791048257612,0.0,1.0,0,weekday,2024-08-26 00:00:00+00:00,2024-08-27 00:00:00+00:00,100.13708333333334,45622.18708333333,52542.8734375,5087.830416666667,3118.3389583333333,11317.873229166667,19524.04260416667,24,36.775
2024-08-27,2024,8,27,240,1,-0.8247650844733614,-0.5654755126737576,0.7818314824680298,0.6234898018587336,0,weekday,2024-08-27 00:00:00+00:00,2024-08-28 00:00:00+00:00,91.15625,48215.708333333336,53557.018645833334,4979.399791666667,1463.3302083333335,14182.007395833332,20624.737395833334,24,37.475
2024-08-28,2024,8,28,241,2,-0.8343701235229538,-0.5512045872199277,0.9749279121818236,-0.2225209339563143,0,weekday,2024-08-28 00:00:00+00:00,2024-08-29 00:00:00+00:00,96.66375,50733.385833333334,53732.10229166667,7341.134479166667,2213.0884375,14724.644687499998,24278.867604166666,24,39.3
2024-08-29,2024,8,29,242,3,-0.8437282590292712,-0.5367705514607103,0.4338837391175582,-0.900968867902419,0,weekday,2024-08-29 00:00:00+00:00,2024-08-30 00:00:00+00:00,114.47625,49335.175416666665,53217.161458333336,5282.590520833333,1378.4055208333332,14049.453541666668,20710.44958333333,24,38.55
2024-08-30,2024,8,30,243,4,-0.8528367217694595,-0.522177676659508,-0.433883739117558,-0.9009688679024191,0,weekday,2024-08-30 00:00:00+00:00,2024-08-31 00:00:00+00:00,106.82083333333333,46016.42208333333,52099.89072916666,4996.323125,649.2132291666667,11388.246145833333,17033.782499999998,24,38.985
2024-08-31,2024,8,31,244,5,-0.8616928164028522,-0.5074302810827518,-0.9749279121818236,-0.2225209339563146,0,weekend,2024-08-31 00:00:00+00:00,2024-09-01 00:00:00+00:00,78.09833333333333,41798.378749999996,44059.238333333335,8529.9028125,1232.826875,12644.113125000002,22406.842812500003,24,39.825
2024-09-01,2024,9,1,245,6,-0.8702939222685674,-0.4925327287220543,-0.7818314824680299,0.6234898018587334,0,weekend,2024-09-01 00:00:00+00:00,2024-09-02 00:00:00+00:00,62.3475,44380.25208333333,42469.414375,9862.775,3363.734375,13555.511666666665,26782.021041666667,24,39.83166666666667
2024-09-02,2024,9,2,246,0,-0.8786374941610001,-0.4774894280028391,0.0,1.0,0,weekday,2024-09-02 00:00:00+00:00,2024-09-03 00:00:00+00:00,115.78583333333334,49650.46916666667,53159.53947916667,6104.9982291666665,2962.2292708333334,11885.924166666666,20953.15166666667,24,39.83833333333333
2024-09-03,2024,9,3,247,1,-0.886721063082993,-0.4623048304798108,0.7818314824680298,0.6234898018587336,0,weekday,2024-09-03 00:00:00+00:00,2024-09-04 00:00:00+00:00,159.73083333333332,46924.106250000004,53913.987395833334,2848.5705208333334,1302.4969791666667,11862.96125,16014.02875,24,39.845
2024-09-04,2024,9,4,248,2,-0.8945422369764496,-0.4469834295196741,0.9749279121818236,-0.2225209339563143,0,weekday,2024-09-04 00:00:00+00:00,2024-09-05 00:00:00+00:00,125.65708333333333,45999.15666666667,54093.8840625,4646.540729166667,1429.3280208333333,8659.828020833333,14735.696770833334,24,36.815
2024-09-05,2024,9,5,249,3,-0.9020987014301836,-0.4315297589714714,0.4338837391175582,-0.900968867902419,0,weekday,2024-09-05 00:00:00+00:00,2024-09-06 00:00:00+00:00,62.14541666666667,58089.58791666667,53990.556562499994,22355.909895833334,4151.8625,12469.779166666667,38977.551562500004,24,35.705
2024-09-06,2024,9,6,250,4,-0.9093882203647924,-0.4159483918249421,-0.433883739117558,-0.9009688679024191,0,weekday,2024-09-06 00:00:00+00:00,2024-09-07 00:00:00+00:00,79.29625,53454.115,52750.7278125,14906.3896875,5048.5138541666665,10333.127083333333,30288.030625,24,37.05
2024-09-07,2024,9,7,251,5,-0.9164086366943458,-0.4002439388573056,-0.9749279121818236,-0.2225209339563146,0,weekend,2024-09-07 00:00:00+00:00,2024-09-08 00:00:00+00:00,78.75333333333333,41043.69041666667,44656.557916666665,5063.512916666667,1965.7476041666666,13197.643229166666,20226.90375,24,36.48
2024-09-08,2024,9,8,252,6,-0.923157872964704,-0.3844210472688554,-0.7818314824680299,0.6234898018587334,0,weekend,2024-09-08 00:00:00+00:00,2024-09-09 00:00:00+00:00,69.0175,37471.1575,42499.27,5567.632604166666,1480.3947916666666,9970.0959375,17018.123333333333,24,36.69
2024-09-09,2024,9,9,253,0,-0.9296339319682696,-0.3684843993077793,0.0,1.0,0,weekday,2024-09-09 00:00:00+00:00,2024-09-10 00:00:00+00:00,98.205,48793.763333333336,55049.21729166667,12094.856041666666,2619.3490625,5838.0659375,20552.271041666667,24,36.9
2024-09-10,2024,9,10,254,1,-0.935834897334994,-0.3524387108846032,0.7818314824680298,0.6234898018587336,0,weekday,2024-09-10 00:00:00+00:00,2024-09-11 00:00:00+00:00,57.58166666666667,54588.7175,56633.1909375,20724.864375,4850.808333333333,7863.796041666667,33439.46875,24,37.395
2024-09-11,2024,9,11,255,2,-0.9417589340994617,-0.3362887301766828,0.9749279121818236,-0.2225209339563143,0,weekday,2024-09-11 00:00:00+00:00,2024-09-12 00:00:00+00:00,84.92833333333333,48624.137500000004,56405.58708333334,15390.035833333333,2979.438020833333,5296.931041666667,23666.404895833333,24,35.45
2024-09-12,2024,9,12,256,3,-0.9474042892438844,-0.3200392362231385,0.4338837391175582,-0.900968867902419,0,weekday,2024-09-12 00:00:00+00:00,2024-09-13 00:00:00+00:00,113.37,45370.70583333333,55204.723333333335,4429.3465625,1287.856875,8459.351458333333,14176.554895833333,24,35.83
2024-09-13,2024,9,13,257,4,-0.9527692922168512,-0.3036950375106588,-0.433883739117558,-0.9009688679024191,0,weekday,2024-09-13 00:00:00+00:00,2024-09-14 00:00:00+00:00,87.99791666666665,45129.895833333336,55323.9828125,11668.532604166665,3188.8294791666667,5895.8903125,20753.252395833333,24,35.405
2024-09-14,2024,9,14,258,5,-0.9578523554276668,-0.2872609705505963,-0.9749279121818236,-0.2225209339563146,0,weekend,2024-09-14 00:00:00+00:00,2024-09-15 00:00:00+00:00,55.98166666666666,41701.1025,46383.612604166665,15902.80375,1808.0645833333335,7330.611041666667,25041.479375,24,35.648
2024-09-15,2024,9,15,259,6,-0.9626519747161488,-0.2707418984477642,-0.7818314824680299,0.6234898018587334,0,weekend,2024-09-15 00:00:00+00:00,2024-09-16 00:00:00+00:00,64.10375,37604.35208333333,43353.731458333335,9685.433958333333,1129.3697916666667,9034.782708333334,19849.586458333335,24,35.379000000000005
2024-09-16,2024,9,16,260,0,-0.9671667297977312,-0.2541427094613622,0.0,1.0,0,weekday,2024-09-16 00:00:00+00:00,2024-09-17 00:00:00+00:00,96.80624999999999,46976.36958333334,54608.42697916667,12825.416145833333,2600.666041666667,3926.950208333333,19353.032395833336,24,35.11
2024-09-17,2024,9,17,261,1,-0.97139528468375,-0.2374683155584684,0.7818314824680298,0.6234898018587336,0,weekday,2024-09-17 00:00:00+00:00,2024-09-18 00:00:00+00:00,89.07583333333334,50706.64083333333,55010.739583333336,12990.5384375,2373.6742708333336,8450.151875,23814.364583333332,24,34.15
2024-09-18,2024,9,18,262,2,-0.9753363880767836,-0.2207236509605022,0.9749279121818236,-0.2225209339563143,0,weekday,2024-09-18 00:00:00+00:00,2024-09-19 00:00:00+00:00,77.90458333333333,50978.74708333333,54718.61177083334,13885.734166666667,1739.2698958333333,11445.413020833332,27070.417083333334,24,35.185
2024-09-19,2024,9,19,263,3,-0.978988873740932,-0.2039136706831147,0.4338837391175582,-0.900968867902419,0,weekday,2024-09-19 00:00:00+00:00,2024-09-20 00:00:00+00:00,77.98625,51089.167083333334,53918.6403125,14486.584375,2297.3475000000003,11139.142708333333,27923.074583333335,24,35.98
2024-09-20,2024,9,20,264,4,-0.9823516608469236,-0.1870433490699165,-0.433883739117558,-0.9009688679024191,0,weekday,2024-09-20 00:00:00+00:00,2024-09-21 00:00:00+00:00,74.51916666666666,50790.14625,53024.16,13598.100833333332,2826.5923958333333,12434.557395833333,28859.250625,24,34.485
2024-09-21,2024,9,21,265,5,-0.9854237542919524,-0.1701176783204905,-0.9749279121818236,-0.2225209339563146,0,weekend,2024-09-21 00:00:00+00:00,2024-09-22 00:00:00+00:00,70.83624999999999,42048.70208333333,44601.987916666665,7047.416354166667,1606.0516666666665,12338.956250000001,20992.424270833333,24,34.444
2024-09-22,2024,9,22,266,6,-0.9882042449941422,-0.15314166701312,-0.7818314824680299,0.6234898018587334,0,weekend,2024-09-22 00:00:00+00:00,2024-09-23 00:00:00+00:00,75.92416666666666,37394.79583333333,42603.622395833336,2524.0397916666666,561.1697916666667,11425.5625,14510.772083333335,24,34.672
2024-09-23,2024,9,23,267,0,-0.9906923101615608,-0.136120338622667,0.0,1.0,0,weekday,2024-09-23 00:00:00+00:00,2024-09-24 00:00:00+00:00,121.58,42346.306666666664,53770.28895833334,3138.502916666667,612.5003125,7401.596458333333,11152.5996875,24,34.9
2024-09-24,2024,9,24,268,1,-0.9928872135356962,-0.1190587300340498,0.7818314824680298,0.6234898018587336,0,weekday,2024-09-24 00:00:00+00:00,2024-09-25 00:00:00+00:00,89.14125,48360.24083333334,54973.54749999999,11681.778541666667,2747.6804166666666,6074.357083333333,20503.81604166667,24,35.413
2024-09-25,2024,9,25,269,2,-0.994788305609327,-0.1019618900517457,0.9749279121818236,-0.2225209339563143,0,weekday,2024-09-25 00:00:00+00:00,2024-09-26 00:00:00+00:00,76.8325,51833.104166666664,54809.019166666665,16609.152083333334,3272.9107291666664,6482.5221875,26364.585000000003,24,36.365
2024-09-26,2024,9,26,270,3,-0.9963950238187232,-0.0848348779057653,0.4338837391175582,-0.900968867902419,0,weekday,2024-09-26 00:00:00+00:00,2024-09-27 00:00:00+00:00,50.52791666666667,55193.684166666666,54109.68177083333,29554.60541666667,3932.41375,2903.3534375,36390.37260416667,24,37.03
2024-09-27,2024,9,27,271,4,-0.9977068927101168,-0.0676827617545516,-0.433883739117558,-0.9009688679024191,0,weekday,2024-09-27 00:00:00+00:00,2024-09-28 00:00:00+00:00,15.00125,62484.16291666666,53597.90562500001,34318.8415625,4690.824583333333,7459.2361458333335,46468.902291666665,24,37.28
2024-09-28,2024,9,28,272,5,-0.9987235240803972,-0.0505106171852228,-0.9749279121818236,-0.2225209339563146,0,weekend,2024-09-28 00:00:00+00:00,2024-09-29 00:00:00+00:00,33.525416666666665,47305.138333333336,45727.950833333336,16829.802291666667,5616.408125000001,6579.286875000001,29025.49729166667,24,38.114
2024-09-29,2024,9,29,273,6,-0.9994446170919858,-0.0333235257116313,-0.7818314824680299,0.6234898018587334,0,weekend,2024-09-29 00:00:00+00:00,2024-09-30 00:00:00+00:00,56.312916666666666,37604.324583333335,42796.231145833335,6745.9826041666665,2314.7928125,9447.458229166667,18508.233645833334,24,38.659499999999994
2024-09-30,2024,9,30,274,0,-0.9998699583618592,-0.0161265732706577,0.0,1.0,0,weekday,2024-09-30 00:00:00+00:00,2024-10-01 00:00:00+00:00,32.614583333333336,55435.299166666664,55818.53208333333,23920.260312500002,5565.236979166667,5301.663854166666,34787.161145833335,24,39.205
2024-10-01,2024,10,1,275,1,-0.9999994220246924,0.0010751512827982,0.7818314824680298,0.6234898018587336,0,weekday,2024-10-01 00:00:00+00:00,2024-10-02 00:00:00+00:00,75.26208333333334,50376.079999999994,57230.0309375,16174.161770833334,5442.171666666666,5147.888437500001,26764.221875000003,24,38.395
2024-10-02,2024,10,2,276,2,-0.999832969770105,0.0182765576816912,0.9749279121818236,-0.2225209339563143,0,weekday,2024-10-02 00:00:00+00:00,2024-10-03 00:00:00+00:00,94.8275,47066.011666666665,56340.395312500004,9188.859479166667,5611.496041666666,3793.7275000000004,18594.083020833332,24,39.9
2024-10-03,2024,10,3,277,3,-0.9993706508539968,0.0354725557531255,0.4338837391175582,-0.900968867902419,1,holiday,2024-10-03 00:00:00+00:00,2024-10-04 00:00:00+00:00,73.60291666666667,41464.26791666667,43720.528645833336,10868.548020833334,2835.6029166666667,4865.2908333333335,18569.44177083333,24,38.395
2024-10-04,2024,10,4,278,4,-0.9986126020839734,0.052658056924614,-0.433883739117558,-0.9009688679024191,0,weekday,2024-10-04 00:00:00+00:00,2024-10-05 00:00:00+00:00,97.84708333333333,41423.62666666667,52869.70458333333,6896.3625,398.6983333333333,4731.138541666666,12026.199375000002,24,39.625
2024-10-05,2024,10,5,279,5,-0.9975590477788612,0.0698279757298708,-0.9749279121818236,-0.2225209339563146,0,weekend,2024-10-05 00:00:00+00:00,2024-10-06 00:00:00+00:00,84.74625,35462.82833333333,47453.28395833333,2861.8001041666666,749.3954166666667,5835.486458333333,9446.681979166666,24,40.98
2024-10-06,2024,10,6,280,6,-0.9962102997023295,0.0869772313136861,-0.7818314824680299,0.6234898018587334,0,weekend,2024-10-06 00:00:00+00:00,2024-10-07 00:00:00+00:00,52.64333333333334,42260.379166666666,43735.773125,8777.995416666667,3665.9029166666664,8017.032708333333,20460.931041666667,24,40.5925
2024-10-07,2024,10,7,281,0,-0.9945667569706336,0.1041007489354256,0.0,1.0,0,weekday,2024-10-07 00:00:00+00:00,2024-10-08 00:00:00+00:00,87.14791666666667,48689.800416666665,53789.76145833333,11507.791979166666,3930.1991666666668,6065.141354166666,21503.1325,24,40.205
2024-10-08,2024,10,8,282,1,-0.9926289059345096,0.121193461470736,0.7818314824680298,0.6234898018587336,0,weekday,2024-10-08 00:00:00+00:00,2024-10-09 00:00:00+00:00,91.38041666666668,45953.173749999994,54631.33645833333,10965.970208333332,3231.793229166667,4439.531770833333,18637.295208333333,24,40.18
2024-10-09,2024,10,9,283,2,-0.9903973200352558,0.1382503109109819,0.9749279121818236,-0.2225209339563143,0,weekday,2024-10-09 00:00:00+00:00,2024-10-10 00:00:00+00:00,83.02208333333333,48918.22041666667,54462.16208333333,16115.999583333332,2855.8475,5110.970833333334,24082.817916666667,24,38.405
2024-10-10,2024,10,10,284,3,-0.9878726596350428,0.1552662498599956,0.4338837391175582,-0.900968867902419,0,weekday,2024-10-10 00:00:00+00:00,2024-10-11 00:00:00+00:00,62.162499999999994,54546.53791666666,56501.9478125,24885.167604166665,4616.309270833333,3640.785625,33142.262500000004,24,38.405
2024-10-11,2024,10,11,285,4,-0.9850556718215012,0.172236243027682,-0.433883739117558,-0.9009688679024191,0,weekday,2024-10-11 00:00:00+00:00,2024-10-12 00:00:00+00:00,96.32375,45925.99166666667,55183.905,8332.015,4985.000520833333,6750.3594791666665,20067.375,24,39.865
2024-10-12,2024,10,12,286,5,-0.981947190186646,0.1891552687200409,-0.9749279121818236,-0.2225209339563146,0,weekend,2024-10-12 00:00:00+00:00,2024-10-13 00:00:00+00:00,49.705000000000005,44924.87541666667,46716.644895833335,13699.283958333333,4965.919687500001,7062.739270833333,25727.942916666667,24,39.879
2024-10-13,2024,10,13,287,6,-0.9785481345802032,0.2060183203251708,-0.7818314824680299,0.6234898018587334,0,weekend,2024-10-13 00:00:00+00:00,2024-10-14 00:00:00+00:00,11.259583333333333,56674.166666666664,44462.08864583333,32395.131458333333,4827.7734375,5527.428645833334,42750.33354166667,24,39.5995
2024-10-14,2024,10,14,288,0,-0.9748595108374124,0.2228204077947995,0.0,1.0,0,weekday,2024-10-14 00:00:00+00:00,2024-10-15 00:00:00+00:00,110.17916666666667,43632.364583333336,55821.518125,6527.319375,1743.6935416666665,4601.481041666667,12872.493958333333,24,39.32
2024-10-15,2024,10,15,289,1,-0.9708824104813836,0.239556559120927,0.7818314824680298,0.6234898018587336,0,weekday,2024-10-15 00:00:00+00:00,2024-10-16 00:00:00+00:00,89.88458333333334,47984.62916666667,56585.731770833336,9229.981770833334,2432.6673958333336,6464.5642708333335,18127.2134375,24,39.85
2024-10-16,2024,10,16,290,2,-0.9666180104000972,0.2562218218071163,0.9749279121818236,-0.2225209339563143,0,weekday,2024-10-16 00:00:00+00:00,2024-10-17 00:00:00+00:00,35.14458333333334,58131.57958333333,56608.378333333334,25071.4003125,5581.12625,7789.327916666666,38441.85447916667,24,40.205
2024-10-17,2024,10,17,291,3,-0.9620675724981452,0.2728112643340191,0.4338837391175582,-0.900968867902419,0,weekday,2024-10-17 00:00:00+00:00,2024-10-18 00:00:00+00:00,77.34083333333334,48345.81791666666,56197.8228125,13570.589791666667,3868.007708333333,6506.080208333333,23944.677708333333,24,39.45
2024-10-18,2024,10,18,292,4,-0.957232443323312,0.2893199776186952,-0.433883739117558,-0.9009688679024191,0,weekday,2024-10-18 00:00:00+00:00,2024-10-19 00:00:00+00:00,102.92791666666666,41943.87625,54267.03322916667,4784.781770833333,861.458125,5492.856666666667,11139.0965625,24,39.74
2024-10-19,2024,10,19,293,5,-0.9521140536681102,0.3057430764672831,-0.9749279121818236,-0.2225209339563146,0,weekend,2024-10-19 00:00:00+00:00,2024-10-20 00:00:00+00:00,83.46958333333333,35120.223333333335,46867.21125,7198.248958333334,2166.2248958333334,4527.555208333333,13892.0290625,24,39.204
2024-10-20,2024,10,20,294,6,-0.9467139181463862,0.3220757010206104,-0.7818314824680299,0.6234898018587334,0,weekend,2024-10-20 00:00:00+00:00,2024-10-21 00:00:00+00:00,31.32875,42115.93625,44704.0428125,13620.928854166666,4535.2673958333335,5955.667395833333,24111.863645833335,24,39.507000000000005
2024-10-21,2024,10,21,295,0,-0.9410336347451196,0.3383130181923076,0.0,1.0,0,weekday,2024-10-21 00:00:00+00:00,2024-10-22 00:00:00+00:00,90.795,48057.99833333333,55204.222708333335,11190.497083333334,4194.595625,4899.640208333333,20284.732916666668,24,39.81
2024-10-22,2024,10,22,296,1,-0.9350748843515574,0.3544502230989869,0.7818314824680298,0.6234898018587336,0,weekday,2024-10-22 00:00:00+00:00,2024-10-23 00:00:00+00:00,102.61166666666666,47896.88916666667,56416.86354166667,9262.59,3245.0844791666664,4174.641875,16682.31635416667,24,39.93
2024-10-23,2024,10,23,297,2,-0.9288394302558068,0.3704825404820963,0.9749279121818236,-0.2225209339563143,0,weekday,2024-10-23 00:00:00+00:00,2024-10-24 00:00:00+00:00,112.84166666666665,45423.073333333334,56087.19020833333,3671.326145833333,2054.6861458333333,5040.056354166666,10766.068645833333,24,40.8
2024-10-24,2024,10,24,298,3,-0.9223291176290545,0.3864052261209853,0.4338837391175582,-0.900968867902419,0,weekday,2024-10-24 00:00:00+00:00,2024-10-25 00:00:00+00:00,101.54124999999999,48346.590416666666,56422.96416666667,9198.544166666667,2150.8761458333333,5839.060624999999,17188.4809375,24,41.85
2024-10-25,2024,10,25,299,4,-0.9155458729775467,0.4022135682368036,-0.433883739117558,-0.9009688679024191,0,weekday,2024-10-25 00:00:00+00:00,2024-10-26 00:00:00+00:00,115.50416666666666,46266.01291666667,54985.32729166667,5506.5534375,711.9171875000001,6458.257083333334,12676.727708333334,24,42.2
2024-10-26,2024,10,26,300,5,-0.9084917035725082,0.4179028888867866,-0.9749279121818236,-0.2225209339563146,0,weekend,2024-10-26 00:00:00+00:00,2024-10-27 00:00:00+00:00,100.14208333333333,40556.75041666667,46622.42234375,5308.05578125,1180.47,5563.669270833333,11617.797291666668,24,43.513
2024-10-27,2024,10,27,301,6,-0.9011686968561567,0.4334685453485363,-0.7818314824680299,0.6234898018587334,0,weekend,2024-10-27 00:00:00+00:00,2024-10-28 00:00:00+00:00,91.18416666666667,38327.190833333334,44252.28135416666,6330.785833333332,2389.4284375,4605.614791666667,13325.8290625,24,43.0065
2024-10-28,2024,10,28,302,0,-0.8935790198239952,0.4489059314938798,0.0,1.0,0,weekday,2024-10-28 00:00:00+00:00,2024-10-29 00:00:00+00:00,111.90083333333332,48835.42166666667,55877.80677083333,8017.3220833333335,3849.785,3648.4584375,15515.565520833334,24,42.5
2024-10-29,2024,10,29,303,1,-0.8857249183835637,0.4642104791518923,0.7818314824680298,0.6234898018587336,0,weekday,2024-10-29 00:00:00+00:00,2024-10-30 00:00:00+00:00,141.77625,46776.2425,57062.25135416666,6122.296249999999,1112.0240625,2935.593229166667,10169.913541666667,24,43.44
2024-10-30,2024,10,30,304,2,-0.8776087166898392,0.4793776594606945,0.9749279121818236,-0.2225209339563143,0,weekday,2024-10-30 00:00:00+00:00,2024-10-31 00:00:00+00:00,124.99958333333332,45202.665,57016.1390625,4627.454687500001,2057.1687500000003,2662.384791666667,9347.008229166668,24,41.565
2024-10-31,2024,10,31,305,3,-0.8692328164574792,0.4944029842076181,0.4338837391175582,-0.900968867902419,0,weekday,2024-10-31 00:00:00+00:00,2024-11-01 00:00:00+00:00,104.70875000000001,48677.78541666667,55036.424166666664,9154.995312500001,3925.4183333333335,3193.9758333333334,16274.389479166668,24,41.225
2024-11-01,2024,11,1,306,4,-0.8605996962501181,0.5092820071573356,-0.433883739117558,-0.9009688679024191,0,weekday,2024-11-01 00:00:00+00:00,2024-11-02 00:00:00+00:00,76.94250000000001,48670.48708333333,48164.418854166666,15164.47375,4846.869583333333,3380.894375,23392.23770833333,24,39.325
2024-11-02,2024,11,2,307,5,-0.8517119107469189,0.5240103253675756,-0.9749279121818236,-0.2225209339563146,0,weekend,2024-11-02 00:00:00+00:00,2024-11-03 00:00:00+00:00,107.22166666666668,36364.777083333334,47289.54802083334,4313.4236458333335,1014.2089583333333,3321.0471875000003,8648.679791666667,24,39.175
2024-11-03,2024,11,3,308,6,-0.8425720899866032,0.5385835804920232,-0.7818314824680299,0.6234898018587334,0,weekend,2024-11-03 00:00:00+00:00,2024-11-04 00:00:00+00:00,93.30958333333332,37622.07208333333,44519.26854166667,4654.7891666666665,1755.6017708333331,5031.959895833334,11442.350833333332,24,39.334999999999994
2024-11-04,2024,11,4,309,0,-0.8331829385891785,0.5529974600700271,0.0,1.0,0,weekday,2024-11-04 00:00:00+00:00,2024-11-05 00:00:00+00:00,126.70625,46639.260416666664,56316.80531250001,4269.491875000001,394.06187500000004,4344.932083333334,9008.485833333334,24,39.495
2024-11-05,2024,11,5,310,1,-0.8235472349556007,0.5672476988027229,0.7818314824680298,0.6234898018587336,0,weekday,2024-11-05 00:00:00+00:00,2024-11-06 00:00:00+00:00,165.29999999999998,46385.292916666665,57793.429375,3321.3294791666667,543.5389583333333,4812.849895833334,8677.718333333332,24,40.33
2024-11-06,2024,11,6,311,2,-0.8136678304455991,0.5813300798152042,0.9749279121818236,-0.2225209339563143,0,weekday,2024-11-06 00:00:00+00:00,2024-11-07 00:00:00+00:00,231.54,42827.43625,57946.939374999994,502.32895833333333,46.3890625,2418.5115625,2967.2295833333333,24,40.1
2024-11-07,2024,11,7,312,3,-0.8035476485339116,0.5952404359043674,0.4338837391175582,-0.900968867902419,0,weekday,2024-11-07 00:00:00+00:00,2024-11-08 00:00:00+00:00,159.70250000000001,44414.00291666667,56452.46989583334,1717.176875,387.84666666666664,1714.6959375,3819.7194791666666,24,40.505
2024-11-08,2024,11,8,313,4,-0.7931896839451843,0.6089746507720486,-0.433883739117558,-0.9009688679024191,0,weekday,2024-11-08 00:00:00+00:00,2024-11-09 00:00:00+00:00,113.99208333333333,50050.95458333333,56296.62562500001,8045.6725,2783.8879166666666,1927.8551041666667,12757.415520833334,24,42.325
2024-11-09,2024,11,9,314,5,-0.7825970017677834,0.6225286602431057,-0.9749279121818236,-0.2225209339563146,0,weekend,2024-11-09 00:00:00+00:00,2024-11-10 00:00:00+00:00,114.65416666666665,41483.85625,47440.25458333333,3546.9301041666663,1260.0219791666666,3656.439166666667,8463.39125,24,42.409
2024-11-10,2024,11,10,315,6,-0.7717727365467836,0.6358984534680745,-0.7818314824680299,0.6234898018587334,0,weekend,2024-11-10 00:00:00+00:00,2024-11-11 00:00:00+00:00,114.49166666666667,35847.9775,45391.05708333334,1156.0379166666667,695.0491666666667,2249.0135416666667,4100.100625,24,42.042
2024-11-11,2024,11,11,316,0,-0.7607200913564104,0.6490800741100398,0.0,1.0,0,weekday,2024-11-11 00:00:00+00:00,2024-11-12 00:00:00+00:00,122.04958333333333,50714.097083333334,57255.26708333334,6358.574895833332,4091.2904166666667,1363.3720833333334,11813.237395833334,24,41.675
2024-11-12,2024,11,12,317,1,-0.7494423368521954,0.6620696215153815,0.7818314824680298,0.6234898018587336,0,weekday,2024-11-12 00:00:00+00:00,2024-11-13 00:00:00+00:00,166.80875,48397.41375,58858.77375,4591.712916666666,881.30625,1879.963125,7352.982291666667,24,43.82
2024-11-13,2024,11,13,318,2,-0.7379428103031386,0.6748632518680403,0.9749279121818236,-0.2225209339563143,0,weekday,2024-11-13 00:00:00+00:00,2024-11-14 00:00:00+00:00,149.73583333333332,49874.05125,58294.910625,4464.8534375,3287.9703125,969.8685416666667,8722.692291666666,24,43.625
2024-11-14,2024,11,14,319,3,-0.7262249146041543,0.6874571793269664,0.4338837391175582,-0.900968867902419,0,weekday,2024-11-14 00:00:00+00:00,2024-11-15 00:00:00+00:00,122.81458333333335,54156.607083333336,58868.738645833335,10745.708333333334,4582.079479166667,1426.8797916666665,16754.66760416667,24,45.505
2024-11-15,2024,11,15,320,4,-0.7142921172691032,0.699847677146407,-0.433883739117558,-0.9009688679024191,0,weekday,2024-11-15 00:00:00+00:00,2024-11-16 00:00:00+00:00,124.23541666666667,51119.07041666666,58026.4153125,8048.3246875,3718.80125,1698.0482291666667,13465.174166666666,24,46.0
2024-11-16,2024,11,16,321,5,-0.7021479494046978,0.7120310787787131,-0.9749279121818236,-0.2225209339563146,0,weekend,2024-11-16 00:00:00+00:00,2024-11-17 00:00:00+00:00,93.78708333333333,52340.01291666667,49589.410104166665,18717.785625,5579.899166666666,2135.9343750000003,26433.619166666667,24,46.551
2024-11-17,2024,11,17,322,6,-0.6897960046655887,0.7240037789593305,-0.7818314824680299,0.6234898018587334,0,weekend,2024-11-17 00:00:00+00:00,2024-11-18 00:00:00+00:00,63.15083333333334,54099.03208333333,47204.074166666665,28430.6328125,5816.8628125,1863.5614583333333,36111.05708333333,24,46.0155
2024-11-18,2024,11,18,323,0,-0.6772399381909491,0.7357622347736527,0.0,1.0,0,weekday,2024-11-18 00:00:00+00:00,2024-11-19 00:00:00+00:00,106.67083333333333,60002.97791666666,58743.17625,24191.150833333333,4985.8378125,2213.8053125,31390.793958333335,24,45.48
2024-11-19,2024,11,19,324,1,-0.6644834655228552,0.7473029667054296,0.7818314824680298,0.6234898018587336,0,weekday,2024-11-19 00:00:00+00:00,2024-11-20 00:00:00+00:00,124.34625,59066.325000000004,60352.139375,21232.415833333336,1602.27625,705.7744791666668,23540.4665625,24,46.655
2024-11-20,2024,11,20,325,2,-0.6515303615068021,0.75862255966641,0.9749279121818236,-0.2225209339563143,0,weekday,2024-11-20 00:00:00+00:00,2024-11-21 00:00:00+00:00,115.31166666666667,57465.055,57371.411250000005,20449.271875000002,2330.7280208333336,2478.6367708333332,25258.63666666667,24,45.36
2024-11-21,2024,11,21,326,3,-0.6383844591746642,0.7697176640069211,0.4338837391175582,-0.900968867902419,0,weekday,2024-11-21 00:00:00+00:00,2024-11-22 00:00:00+00:00,124.88458333333334,58398.33958333333,60208.674999999996,17704.084270833333,3430.5910416666666,2086.5841666666665,23221.259479166667,24,47.12
2024-11-22,2024,11,22,327,4,-0.6250496486104377,0.7805849965070866,-0.433883739117558,-0.9009688679024191,0,weekday,2024-11-22 00:00:00+00:00,2024-11-23 00:00:00+00:00,110.47625,63321.94541666666,59597.61354166667,25461.159895833334,4096.685312500001,1943.0041666666666,31500.849375,24,49.05
2024-11-23,2024,11,23,328,5,-0.6115298757991053,0.7912213413483807,-0.9749279121818236,-0.2225209339563146,0,weekend,2024-11-23 00:00:00+00:00,2024-11-24 00:00:00+00:00,73.59,54010.80333333334,50889.60833333334,26430.1465625,4933.298854166666,2459.1302083333335,33822.575625000005,24,47.018
2024-11-24,2024,11,24,329,6,-0.5978291414589552,0.801623551065242,-0.7818314824680299,0.6234898018587334,0,weekend,2024-11-24 00:00:00+00:00,2024-11-25 00:00:00+00:00,4.009166666666666,60633.34625,46912.6240625,38406.17197916666,5111.156875,2344.2843749999997,45861.613229166665,24,47.341499999999996
2024-11-25,2024,11,25,330,0,-0.5839514998576998,0.8117885474764613,0.0,1.0,0,weekday,2024-11-25 00:00:00+00:00,2024-11-26 00:00:00+00:00,59.509166666666665,62489.50833333333,57855.16729166667,33341.085625,4909.042083333333,3055.1794791666666,41305.3071875,24,47.665
2024-11-26,2024,11,26,331,1,-0.5699010576127624,0.8217133225960589,0.7818314824680298,0.6234898018587336,0,weekday,2024-11-26 00:00:00+00:00,2024-11-27 00:00:00+00:00,113.74958333333332,58471.99916666667,59632.95458333333,18412.305625,4946.668229166667,2835.64625,26194.620104166668,24,47.38
2024-11-27,2024,11,27,332,2,-0.5556819724760489,0.8313949395234058,0.9749279121818236,-0.2225209339563143,0,weekday,2024-11-27 00:00:00+00:00,2024-11-28 00:00:00+00:00,118.43291666666666,59495.54749999999,59553.38447916667,21005.77697916667,3287.073854166667,1942.961875,26235.812708333335,24,46.535
2024-11-28,2024,11,28,333,3,-0.5412984521036173,0.8408305333122887,0.4338837391175582,-0.900968867902419,0,weekday,2024-11-28 00:00:00+00:00,2024-11-29 00:00:00+00:00,99.01708333333333,62544.825000000004,60123.41822916667,28806.734166666665,3455.6372916666664,1384.1072916666665,33646.47875,24,46.762
2024-11-29,2024,11,29,334,4,-0.5267547528105542,0.8500173118187018,-0.433883739117558,-0.9009688679024191,0,weekday,2024-11-29 00:00:00+00:00,2024-11-30 00:00:00+00:00,130.19833333333335,48825.7225,58851.78375,5488.5075,2138.8248958333334,2165.4945833333336,9792.826979166666,24,47.48
2024-11-30,2024,11,30,335,5,-0.5120551783114646,0.8589525565270845,-0.9749279121818236,-0.2225209339563146,0,weekend,2024-11-30 00:00:00+00:00,2024-12-01 00:00:00+00:00,104.61291666666666,51345.57541666667,50416.09208333333,12164.3934375,4199.470625,4389.482916666667,20753.34697916667,24,47.811
2024-12-01,2024,12,1,336,6,-0.4972040784469378,0.8676336233547726,-0.7818314824680299,0.6234898018587334,0,weekend,2024-12-01 00:00:00+00:00,2024-12-02 00:00:00+00:00,94.055,48111.25583333333,48431.21229166666,12070.561666666666,3398.3980208333337,3708.4968750000003,19177.4565625,24,48.335499999999996
2024-12-02,2024,12,2,337,0,-0.4822058478963526,0.8760579434344281,0.0,1.0,0,weekday,2024-12-02 00:00:00+00:00,2024-12-03 00:00:00+00:00,111.0425,58274.18166666667,58536.87364583334,18636.432395833333,4382.186458333334,1326.0904166666667,24344.709270833333,24,48.86
2024-12-03,2024,12,3,338,1,-0.4670649248774303,0.8842230238742036,0.7818314824680298,0.6234898018587336,0,weekday,2024-12-03 00:00:00+00:00,2024-12-04 00:00:00+00:00,144.96916666666667,56407.9625,60478.0040625,12009.91125,4060.6419791666667,1313.289375,17383.842604166664,24,48.93
2024-12-04,2024,12,4,339,2,-0.451785789832884,0.8921264484954345,0.9749279121818236,-0.2225209339563143,0,weekday,2024-12-04 00:00:00+00:00,2024-12-05 00:00:00+00:00,182.8375,50211.60208333333,61024.493125,6092.457083333334,1238.649375,1403.378125,8734.484583333333,24,48.1
2024-12-05,2024,12,5,340,3,-0.4363729641045924,0.8997658785476209,0.4338837391175582,-0.900968867902419,0,weekday,2024-12-05 00:00:00+00:00,2024-12-06 00:00:00+00:00,103.15499999999999,60682.60208333333,59891.26104166667,22349.5859375,4444.306875,1994.7232291666667,28788.616041666668,24,47.51
2024-12-06,2024,12,6,341,4,-0.4208310085956556,0.9071390534005044,-0.433883739117558,-0.9009688679024191,0,weekday,2024-12-06 00:00:00+00:00,2024-12-07 00:00:00+00:00,90.33083333333333,60389.40583333333,59106.418333333335,27616.50125,2962.2354166666664,1135.9046875000001,31714.641354166666,24,46.25
2024-12-07,2024,12,7,342,5,-0.4051645224207563,0.9142437912130223,-0.9749279121818236,-0.2225209339563146,0,weekend,2024-12-07 00:00:00+00:00,2024-12-08 00:00:00+00:00,72.13166666666667,50939.46041666667,50855.7125,22356.56979166667,4453.777916666667,669.5638541666666,27479.9115625,24,46.48
2024-12-08,2024,12,8,343,6,-0.3893781415452015,0.9210779895789526,-0.7818314824680299,0.6234898018587334,0,weekend,2024-12-08 00:00:00+00:00,2024-12-09 00:00:00+00:00,98.695,46013.96875,47161.72010416666,12949.258541666668,4691.784895833333,1469.2853125,19110.32875,24,46.34
2024-12-09,2024,12,9,344,0,-0.3734765374130707,0.9276396261490468,0.0,1.0,0,weekday,2024-12-09 00:00:00+00:00,2024-12-10 00:00:00+00:00,100.72458333333333,60891.013333333336,59356.68239583333,25583.879791666666,4983.005,669.0875,31235.972291666665,24,46.2
2024-12-10,2024,12,10,345,1,-0.3574644155648614,0.9339267592294762,0.7818314824680298,0.6234898018587336,0,weekday,2024-12-10 00:00:00+00:00,2024-12-11 00:00:00+00:00,151.58124999999998,54462.38458333333,60875.599687500006,13285.155625,2148.101041666667,735.9541666666668,16169.210833333333,24,44.55
2024-12-11,2024,12,11,346,2,-0.3413465142450361,0.9399375283564132,0.9749279121818236,-0.2225209339563143,0,weekday,2024-12-11 00:00:00+00:00,2024-12-12 00:00:00+00:00,267.39166666666665,47502.13125,60746.45354166667,2495.0819791666668,1003.3547916666666,1084.8605208333333,4583.297291666667,24,45.25
2024-12-12,2024,12,12,347,3,-0.3251276029999093,0.9456701548465688,0.4338837391175582,-0.900968867902419,0,weekday,2024-12-12 00:00:00+00:00,2024-12-13 00:00:00+00:00,396.3004166666667,46240.854583333334,59461.970624999994,1170.9419791666667,683.6229166666667,1362.5533333333333,3217.1182291666664,24,44.4
2024-12-13,2024,12,13,348,4,-0.3088124812662537,0.9511229423235356,-0.433883739117558,-0.9009688679024191,0,weekday,2024-12-13 00:00:00+00:00,2024-12-14 00:00:00+00:00,178.69291666666666,48745.7225,58485.86822916666,4933.959270833334,699.5011458333333,2328.7784375,7962.238854166667,24,42.54
2024-12-14,2024,12,14,349,5,-0.2924059769510773,0.956294277219772,-0.9749279121818236,-0.2225209339563146,0,weekend,2024-12-14 00:00:00+00:00,2024-12-15 00:00:00+00:00,99.98,52119.40875,50581.909270833334,19265.109583333335,4344.42,1098.1630208333333,24707.69260416667,24,41.215
2024-12-15,2024,12,15,350,6,-0.2759129450029604,0.9611826292540836,-0.7818314824680299,0.6234898018587334,0,weekend,2024-12-15 00:00:00+00:00,2024-12-16 00:00:00+00:00,44.11083333333334,58591.78958333333,46783.135416666664,33269.808750000004,4970.2953125,799.9514583333333,39040.05552083333,24,40.7
2024-12-16,2024,12,16,351,0,-0.2593382659754056,0.9657865518844574,0.0,1.0,0,weekday,2024-12-16 00:00:00+00:00,2024-12-17 00:00:00+00:00,51.38625,68266.865,58005.57854166667,40555.286875,4121.806875,709.9140625,45387.0078125,24,40.185
2024-12-17,2024,12,17,352,1,-0.2426868445825954,0.9701046827361176,0.7818314824680298,0.6234898018587336,0,weekday,2024-12-17 00:00:00+00:00,2024-12-18 00:00:00+00:00,88.53041666666667,57991.54125,58343.98635416667,22420.723541666666,4704.828333333334,1129.7450000000001,28255.296875,24,40.5
2024-12-18,2024,12,18,353,2,-0.225963608248019,0.974135744004672,0.9749279121818236,-0.2225209339563143,0,weekday,2024-12-18 00:00:00+00:00,2024-12-19 00:00:00+00:00,53.46375,62458.830416666664,58512.534374999996,33702.207395833335,4579.077708333333,1305.4969791666667,39586.78208333333,24,42.355
2024-12-19,2024,12,19,354,3,-0.2091735056463563,0.9778785428342386,0.4338837391175582,-0.900968867902419,0,weekday,2024-12-19 00:00:00+00:00,2024-12-20 00:00:00+00:00,54.163333333333334,64116.770833333336,58824.21635416666,37019.20072916667,4756.608020833333,721.6820833333333,42497.49083333334,24,41.475
2024-12-20,2024,12,20,355,4,-0.1923215052390948,0.9813319716704276,-0.433883739117558,-0.9009688679024191,0,weekday,2024-12-20 00:00:00+00:00,2024-12-21 00:00:00+00:00,76.04458333333334,60250.642499999994,56724.15645833333,29255.55072916667,4934.16,1803.8990625,35993.60979166667,24,43.875
2024-12-21,2024,12,21,356,5,-0.1754125938042784,0.9844950085880858,-0.9749279121818236,-0.2225209339563146,0,weekend,2024-12-21 00:00:00+00:00,2024-12-22 00:00:00+00:00,21.062916666666666,60933.345,48326.04041666666,35314.05552083333,4882.437291666666,1078.7077083333334,41275.200520833336,24,44.13
2024-12-22,2024,12,22,357,6,-0.1584517749608363,0.9873667175937016,-0.7818314824680299,0.6234898018587334,0,weekend,2024-12-22 00:00:00+00:00,2024-12-23 00:00:00+00:00,24.638333333333335,55744.99791666667,45872.96895833334,31281.046458333334,5028.948645833333,961.0469791666666,37271.042083333334,24,44.2325
2024-12-23,2024,12,23,358,0,-0.141444067687942,0.989946248902378,0.0,1.0,0,weekday,2024-12-23 00:00:00+00:00,2024-12-24 00:00:00+00:00,61.835,58406.21041666667,56105.3725,28502.241770833334,3597.779375,1007.3432291666667,33107.364375,24,44.335
2024-12-24,2024,12,24,359,1,-0.1243945048397999,0.9922328391893008,0.7818314824680298,0.6234898018587336,0,weekday,2024-12-24 00:00:00+00:00,2024-12-25 00:00:00+00:00,103.08541666666667,43432.225,52038.198333333334,9753.0259375,2248.2484375,995.7373958333333,12997.011770833333,24,45.75
2024-12-25,2024,12,25,360,2,-0.1073081316563624,0.994225811815616,0.9749279121818236,-0.2225209339563143,1,holiday,2024-12-25 00:00:00+00:00,2024-12-26 00:00:00+00:00,99.46833333333332,34529.655,45806.21802083333,5291.6753125000005,1999.1071875,1644.8417708333334,8935.624270833334,24,45.731
2024-12-26,2024,12,26,361,3,-0.0901900042703451,0.99592457702866,0.4338837391175582,-0.900968867902419,1,holiday,2024-12-26 00:00:00+00:00,2024-12-27 00:00:00+00:00,113.35625,35115.822916666664,44439.714479166665,2799.5852083333334,882.6795833333334,2216.59375,5898.858541666667,24,45.731
2024-12-27,2024,12,27,362,4,-0.0730451882110474,0.9973286321364752,-0.433883739117558,-0.9009688679024191,0,weekday,2024-12-27 00:00:00+00:00,2024-12-28 00:00:00+00:00,123.055,39486.86208333333,49334.07010416667,1413.7153125000002,272.7008333333333,3041.887083333333,4728.303229166667,24,47.18
2024-12-28,2024,12,28,363,5,-0.0558787569053731,0.9984375616565666,-0.9749279121818236,-0.2225209339563146,0,weekend,2024-12-28 00:00:00+00:00,2024-12-29 00:00:00+00:00,122.94291666666668,37994.35166666667,48624.95270833333,1404.3830208333336,874.3517708333334,2923.9631249999998,5202.697916666667,24,47.731
2024-12-29,2024,12,29,364,6,-0.0386957901765268,0.999251037438848,-0.7818314824680299,0.6234898018587334,0,weekend,2024-12-29 00:00:00+00:00,2024-12-30 00:00:00+00:00,103.46791666666667,45492.58666666667,45503.09302083333,13314.887604166666,4087.669375,2159.4720833333336,19562.0290625,24,48.0155
2024-12-30,2024,12,30,365,0,-0.0215013727408137,0.999768818762748,0.0,1.0,0,weekday,2024-12-30 00:00:00+00:00,2024-12-31 00:00:00+00:00,78.58749999999999,55322.00083333333,51764.77,25373.064270833333,4641.310833333333,1345.71375,31360.088854166665,24,48.3
2024-12-31,2024,12,31,366,1,-0.0043005927029819,0.9999907524084426,0.7818314824680298,0.6234898018587336,0,weekday,2024-12-31 00:00:00+00:00,2025-01-01 00:00:00+00:00,60.444583333333334,55501.13958333334,51565.52416666667,26966.818125,4418.718333333333,2264.61625,33650.152708333335,24,48.35
2025-01-01,2025,1,1,1,2,0.0,1.0,0.9749279121818236,-0.2225209339563143,1,holiday,2025-01-01 00:00:00+00:00,2025-01-02 00:00:00+00:00,1.0975,62426.41552083333,48418.4140625,42352.044375,3475.6769791666666,2649.7147916666668,48477.43614583334,24,48.889
2025-01-02,2025,1,2,2,3,0.0172015754182605,0.9998520419557736,0.4338837391175582,-0.900968867902419,0,weekday,2025-01-02 00:00:00+00:00,2025-01-03 00:00:00+00:00,98.24125,55458.261354166665,57356.198333333334,21113.560104166667,5521.695,1354.328125,27989.583229166663,24,50.215
2025-01-03,2025,1,3,3,4,0.034398060613608,0.9994082116062598,-0.433883739117558,-0.9009688679024191,0,weekday,2025-01-03 00:00:00+00:00,2025-01-04 00:00:00+00:00,89.96249999999999,60328.598020833335,57974.32739583333,26564.97875,5250.4490625,1540.4409374999998,33355.86875,24,49.905
2025-01-04,2025,1,4,4,5,0.0515843668694083,0.9986686402879996,-0.9749279121818236,-0.2225209339563146,0,weekend,2025-01-04 00:00:00+00:00,2025-01-05 00:00:00+00:00,122.13541666666667,43721.57666666667,51091.387500000004,9321.6909375,2481.6379166666666,1526.0200000000002,13329.348854166667,24,49.622
2025-01-05,2025,1,5,5,6,0.0687554084811394,0.9976335468520452,-0.7818314824680299,0.6234898018587334,0,weekend,2025-01-05 00:00:00+00:00,2025-01-06 00:00:00+00:00,68.91333333333334,49010.729166666664,48155.03760416667,24451.874062500003,4244.1303125,399.89781250000004,29095.902187500003,24,49.361000000000004
2025-01-06,2025,1,6,6,0,0.0859061042613327,0.9963032375991964,0.0,1.0,0,weekday,2025-01-06 00:00:00+00:00,2025-01-07 00:00:00+00:00,25.392916666666665,66624.625625,53777.653645833336,39687.98458333333,4665.776041666667,1645.6322916666668,45999.392916666664,24,49.1
2025-01-07,2025,1,7,7,1,0.1030313790431787,0.9946781061893646,0.7818314824680298,0.6234898018587336,0,weekday,2025-01-07 00:00:00+00:00,2025-01-08 00:00:00+00:00,61.38999999999999,66287.61864583332,58638.09614583334,36437.38489583333,4568.049895833334,1787.5573958333334,42792.9921875,24,46.75
2025-01-08,2025,1,8,8,2,0.1201261651823505,0.9927586335250792,0.9749279121818236,-0.2225209339563143,0,weekday,2025-01-08 00:00:00+00:00,2025-01-09 00:00:00+00:00,106.3075,58570.97604166667,59341.1071875,22540.489583333332,4400.221354166667,1357.0791666666667,28297.790104166666,24,47.995
2025-01-09,2025,1,9,9,3,0.1371854040566005,0.9905453876091832,0.4338837391175582,-0.900968867902419,0,weekday,2025-01-09 00:00:00+00:00,2025-01-10 00:00:00+00:00,121.37541666666668,55091.306979166664,58516.489166666666,17965.684791666667,1928.92375,1164.538125,21059.146666666667,24,45.095
2025-01-10,2025,1,10,10,4,0.1542040475626894,0.988039023376751,-0.433883739117558,-0.9009688679024191,0,weekday,2025-01-10 00:00:00+00:00,2025-01-11 00:00:00+00:00,113.67375,55740.28416666667,60551.4984375,20356.19208333333,3114.5591666666664,1788.4842708333335,25259.235520833332,24,44.85
2025-01-11,2025,1,11,11,5,0.1711770596101998,0.985240282501282,-0.9749279121818236,-0.2225209339563146,0,weekend,2025-01-11 00:00:00+00:00,2025-01-12 00:00:00+00:00,100.82041666666667,50867.745520833334,52478.714895833335,18403.839375,2677.2222916666665,2166.5592708333334,23247.6209375,24,45.008
2025-01-12,2025,1,12,12,6,0.1880994176117975,0.9821499931752292,-0.7818314824680299,0.6234898018587334,0,weekend,2025-01-12 00:00:00+00:00,2025-01-13 00:00:00+00:00,111.52833333333332,42136.71625,49660.214375,8965.031458333333,1281.3558333333333,2505.3236458333336,12751.7109375,24,45.829
2025-01-13,2025,1,13,13,0,0.2049661139694953,0.9787690698649216,0.0,1.0,0,weekday,2025-01-13 00:00:00+00:00,2025-01-14 00:00:00+00:00,129.50375,51623.75291666667,62011.3928125,6886.943229166667,4019.2183333333337,3326.6895833333333,14232.851145833332,24,46.65
2025-01-14,2025,1,14,14,1,0.2217721575564818,0.975098513039961,0.7818314824680298,0.6234898018587336,0,weekday,2025-01-14 00:00:00+00:00,2025-01-15 00:00:00+00:00,126.86500000000001,60575.30739583333,63227.706249999996,17205.6634375,4770.203854166667,3242.597916666667,25218.465208333335,24,48.53
2025-01-15,2025,1,15,15,2,0.2385125751940764,0.9711394088771652,0.9749279121818236,-0.2225209339563143,0,weekday,2025-01-15 00:00:00+00:00,2025-01-16 00:00:00+00:00,223.6525,48816.27927083333,63653.08322916667,6657.377083333333,1147.4876041666666,926.131875,8730.9965625,24,47.45
2025-01-16,2025,1,16,16,3,0.2551824131233728,0.966892928939152,0.4338837391175582,-0.900968867902419,0,weekday,2025-01-16 00:00:00+00:00,2025-01-17 00:00:00+00:00,148.27458333333334,50224.3021875,61765.1003125,5136.825729166667,3231.052291666667,2307.5965625,10675.474583333335,24,46.205
2025-01-17,2025,1,17,17,4,0.2717767384711357,0.9623603298276544,-0.433883739117558,-0.9009688679024191,0,weekday,2025-01-17 00:00:00+00:00,2025-01-18 00:00:00+00:00,147.13291666666666,46469.02197916667,62267.167916666665,2883.6210416666668,2926.4795833333333,2820.5148958333334,8630.615520833335,24,46.0
2025-01-18,2025,1,18,18,5,0.2882906407095177,0.957542952811672,-0.9749279121818236,-0.2225209339563146,0,weekend,2025-01-18 00:00:00+00:00,2025-01-19 00:00:00+00:00,134.6275,42349.66614583333,53640.91468749999,3232.1659375,706.5233333333334,3508.9620833333333,7447.651354166667,24,46.887
2025-01-19,2025,1,19,19,6,0.3047192331091634,0.9524422234305676,-0.7818314824680299,0.6234898018587334,0,weekend,2025-01-19 00:00:00+00:00,2025-01-20 00:00:00+00:00,128.74875,42597.300208333334,50460.0146875,5894.948125,300.17291666666665,4411.0929166666665,10606.213958333334,24,46.808
2025-01-20,2025,1,20,20,0,0.321057654185271,0.9470596510722284,0.0,1.0,0,weekday,2025-01-20 00:00:00+00:00,2025-01-21 00:00:00+00:00,232.18208333333334,48070.35958333334,62855.1590625,3146.450729166667,878.2104166666667,3540.423645833333,7565.084791666667,24,46.729
2025-01-21,2025,1,21,21,1,0.3373010691361842,0.9413968285264122,0.7818314824680298,0.6234898018587336,0,weekday,2025-01-21 00:00:00+00:00,2025-01-22 00:00:00+00:00,169.03083333333333,51284.135937499996,63756.99281250001,3847.0927083333336,3327.9795833333333,3534.3071875,10709.379479166668,24,46.65
2025-01-22,2025,1,22,22,2,0.3534446712740877,0.9354554315134164,0.9749279121818236,-0.2225209339563143,0,weekday,2025-01-22 00:00:00+00:00,2025-01-23 00:00:00+00:00,161.41166666666666,55015.39114583333,63822.39604166666,12680.360104166668,1036.9321875,2564.861875,16282.154166666667,24,50.085
2025-01-23,2025,1,23,23,3,0.3694836834473831,0.9292372181882051,0.4338837391175582,-0.900968867902419,0,weekday,2025-01-23 00:00:00+00:00,2025-01-24 00:00:00+00:00,102.80166666666666,61846.919375,60930.775625,26905.486145833333,4757.594895833333,1250.8715625,32913.95260416667,24,48.83
2025-01-24,2025,1,24,24,4,0.3854133594543256,0.9227440286201428,-0.433883739117558,-0.9009688679024191,0,weekday,2025-01-24 00:00:00+00:00,2025-01-25 00:00:00+00:00,78.72,62469.2421875,61134.48291666667,29919.2471875,5465.3204166666665,2021.2982291666667,37405.86583333334,24,49.585
2025-01-25,2025,1,25,25,5,0.4012289854475009,0.9159777842484876,-0.9749279121818236,-0.2225209339563146,0,weekend,2025-01-25 00:00:00+00:00,2025-01-26 00:00:00+00:00,102.55041666666666,49046.06239583334,52129.221041666664,16812.280208333334,2945.1178125,2140.33875,21897.736770833333,24,49.702
2025-01-26,2025,1,26,26,6,0.4169258813287287,0.908940487313808,-0.7818314824680299,0.6234898018587334,0,weekend,2025-01-26 00:00:00+00:00,2025-01-27 00:00:00+00:00,98.93124999999999,44111.4125,48905.34572916667,12274.941145833334,2410.0951041666667,2200.168958333333,16885.205208333333,24,49.2635
2025-01-27,2025,1,27,27,0,0.4324994021339788,0.901634220265486,0.0,1.0,0,weekday,2025-01-27 00:00:00+00:00,2025-01-28 00:00:00+00:00,62.24666666666667,63254.29958333333,60729.211875,32285.3040625,5493.793020833334,1787.1890624999999,39566.286145833335,24,48.825
2025-01-28,2025,1,28,28,1,0.4479449394078911,0.8940611451454876,0.7818314824680298,0.6234898018587336,0,weekday,2025-01-28 00:00:00+00:00,2025-01-29 00:00:00+00:00,107.46458333333334,56726.771562500006,61735.24385416667,20250.895520833332,4849.598020833334,1785.5076041666664,26886.001145833332,24,48.2
2025-01-29,2025,1,29,29,2,0.4632579225674917,0.88622350294858,0.9749279121818236,-0.2225209339563143,0,weekday,2025-01-29 00:00:00+00:00,2025-01-30 00:00:00+00:00,108.85791666666667,59815.37447916667,61846.34625,25510.122395833332,3703.2217708333333,2340.950625,31554.294791666664,24,49.74
2025-01-30,2025,1,30,30,3,0.4784338202547012,0.8781236129591848,0.4338837391175582,-0.900968867902419,0,weekday,2025-01-30 00:00:00+00:00,2025-01-31 00:00:00+00:00,132.94208333333333,50306.99177083333,61503.61135416667,9412.964166666667,3490.003541666667,2806.3707291666665,15709.3384375,24,52.02
2025-01-31,2025,1,31,31,4,0.4934681416772373,0.8697638720650646,-0.433883739117558,-0.9009688679024191,0,weekday,2025-01-31 00:00:00+00:00,2025-02-01 00:00:00+00:00,142.26041666666666,51211.00145833333,61091.04552083334,9990.389479166666,2268.6613541666666,3177.5172916666666,15436.568125,24,52.0
2025-02-01,2025,2,1,32,5,0.5083564379375122,0.8611467540480452,-0.9749279121818236,-0.2225209339563146,0,weekend,2025-02-01 00:00:00+00:00,2025-02-02 00:00:00+00:00,135.70958333333334,42484.44802083333,52625.46854166667,3338.2678125,453.99843749999997,4933.2225,8725.48875,24,53.237
2025-02-02,2025,2,2,33,6,0.5230943033491326,0.8522748088519838,-0.7818314824680299,0.6234898018587334,0,weekend,2025-02-02 00:00:00+00:00,2025-02-03 00:00:00+00:00,137.60625000000002,39811.589062499996,48463.16229166667,1504.3105208333334,588.5975,4784.216354166667,6877.124375,24,53.718500000000006
2025-02-03,2025,2,3,34,0,0.5376773767406141,0.8431506618282,0.0,1.0,0,weekday,2025-02-03 00:00:00+00:00,2025-02-04 00:00:00+00:00,154.97791666666666,46635.20302083334,60600.877604166664,1559.4112499999999,1300.7836458333334,5346.545833333333,8206.740729166666,24,54.2
2025-02-04,2025,2,4,35,1,0.5521013427459208,0.8337770129585915,0.7818314824680298,0.6234898018587336,0,weekday,2025-02-04 00:00:00+00:00,2025-02-05 00:00:00+00:00,141.98875,52907.30833333333,61592.27208333334,6197.005208333333,4553.752291666667,5172.4190625,15923.176562499999,24,52.905
2025-02-05,2025,2,5,36,2,0.5663619330814524,0.8241566360566663,0.9749279121818236,-0.2225209339563143,0,weekday,2025-02-05 00:00:00+00:00,2025-02-06 00:00:00+00:00,143.0533333333333,54253.09385416666,62999.86479166666,9699.266145833333,3425.4618750000004,3708.6595833333336,16833.387604166666,24,51.85
2025-02-06,2025,2,6,37,3,0.580454927809098,0.8142923779467267,0.4338837391175582,-0.900968867902419,0,weekday,2025-02-06 00:00:00+00:00,2025-02-07 00:00:00+00:00,150.27333333333334,51248.35333333333,62901.14177083334,7939.672395833334,2092.1123958333333,2247.2996875,12279.084479166668,24,53.91
2025-02-07,2025,2,7,38,4,0.5943761565849831,0.804187157621448,-0.433883739117558,-0.9009688679024191,0,weekday,2025-02-07 00:00:00+00:00,2025-02-08 00:00:00+00:00,119.25458333333334,64130.28885416666,63060.31239583334,22659.567708333332,5790.658437499999,2898.5887500000003,31348.814895833333,24,53.815
2025-02-08,2025,2,8,39,5,0.6081214998935418,0.7938439653781019,-0.9749279121818236,-0.2225209339563146,0,weekend,2025-02-08 00:00:00+00:00,2025-02-09 00:00:00+00:00,111.36541666666666,54852.4853125,52677.0271875,13987.060416666667,5413.045833333334,6472.811770833334,25872.91802083333,24,55.723
2025-02-09,2025,2,9,40,6,0.6216868902665479,0.7832658619336791,-0.7818314824680299,0.6234898018587334,0,weekend,2025-02-09 00:00:00+00:00,2025-02-10 00:00:00+00:00,128.36166666666665,46571.68947916667,49591.013020833336,7649.855833333334,4123.6959375,4859.160416666667,16632.7121875,24,56.5115
2025-02-10,2025,2,10,41,0,0.6350683134867438,0.7724559775191742,0.0,1.0,0,weekday,2025-02-10 00:00:00+00:00,2025-02-11 00:00:00+00:00,120.18374999999999,61289.208125000005,61996.02197916667,19788.59375,6101.92875,3534.612291666667,29425.134791666667,24,57.3
2025-02-11,2025,2,11,42,1,0.6482618097757122,0.7614175109532997,0.7818314824680298,0.6234898018587336,0,weekday,2025-02-11 00:00:00+00:00,2025-02-12 00:00:00+00:00,122.77916666666665,62538.59197916667,62480.033541666664,22410.282187499997,6140.842083333333,3220.0964583333334,31771.220729166667,24,57.13
2025-02-12,2025,2,12,43,2,0.6612634749656386,0.7501537286959042,0.9749279121818236,-0.2225209339563143,0,weekday,2025-02-12 00:00:00+00:00,2025-02-13 00:00:00+00:00,155.14833333333334,55508.47510416667,62134.27541666667,10378.054479166667,5255.600833333333,2998.2311458333334,18631.886458333334,24,56.2
2025-02-13,2025,2,13,44,3,0.6740694616546161,0.7386679638813748,0.4338837391175582,-0.900968867902419,0,weekday,2025-02-13 00:00:00+00:00,2025-02-14 00:00:00+00:00,172.66625,50543.35104166667,61968.682291666664,6544.628645833333,2872.484270833333,1890.4601041666667,11307.573020833333,24,55.66
2025-02-14,2025,2,14,45,4,0.6866759803451553,0.726963615332308,-0.433883739117558,-0.9009688679024191,0,weekday,2025-02-14 00:00:00+00:00,2025-02-15 00:00:00+00:00,179.52125,46503.1184375,61492.871041666665,3435.2742708333335,541.7696875,3039.658645833333,7016.702604166666,24,50.05
2025-02-15,2025,2,15,46,5,0.6990793005655562,0.7150441465537444,-0.9749279121818236,-0.2225209339563146,0,weekend,2025-02-15 00:00:00+00:00,2025-02-16 00:00:00+00:00,133.93458333333334,41641.643645833334,53283.448437499996,1577.0385416666668,864.1424999999999,4589.678541666667,7030.859583333334,24,50.685
2025-02-16,2025,2,16,47,6,0.7112757519738152,0.7029130847082615,-0.7818314824680299,0.6234898018587334,0,weekend,2025-02-16 00:00:00+00:00,2025-02-17 00:00:00+00:00,132.6525,43551.511354166665,50616.14729166666,6985.942604166667,1937.9664583333333,4086.235,13010.144062500001,24,50.458333333333336
2025-02-17,2025,2,17,48,0,0.7232617254437388,0.6905740195722293,0.0,1.0,0,weekday,2025-02-17 00:00:00+00:00,2025-02-18 00:00:00+00:00,154.02833333333334,51033.67291666666,63031.948437499996,3690.7989583333333,621.5164583333334,7169.514270833333,11481.8296875,24,50.23166666666667
2025-02-18,2025,2,18,49,1,0.7350336741329413,0.6780306024735382,0.7818314824680298,0.6234898018587336,0,weekday,2025-02-18 00:00:00+00:00,2025-02-19 00:00:00+00:00,131.58124999999998,55560.332708333335,64531.190312499995,8551.622708333334,2065.54625,8527.9503125,19145.119270833333,24,50.005
2025-02-19,2025,2,19,50,2,0.746588114532413,0.6652865452111116,0.9749279121818236,-0.2225209339563143,0,weekday,2025-02-19 00:00:00+00:00,2025-02-20 00:00:00+00:00,110.36916666666667,63874.46385416667,64648.1596875,17142.022916666665,4895.405729166667,8529.9959375,30567.424583333337,24,50.0
2025-02-20,2025,2,20,51,3,0.7579216274973472,0.6523456189565257,0.4338837391175582,-0.900968867902419,0,weekday,2025-02-20 00:00:00+00:00,2025-02-21 00:00:00+00:00,94.83166666666666,59288.949375,61699.6853125,17586.321354166666,5749.653125,5510.7371875,28846.71166666667,24,47.35
2025-02-21,2025,2,21,52,4,0.7690308592589181,0.6392116531380588,-0.433883739117558,-0.9009688679024191,0,weekday,2025-02-21 00:00:00+00:00,2025-02-22 00:00:00+00:00,90.03958333333333,54777.347708333335,60197.31416666667,16032.781770833333,5516.626145833333,5322.605729166667,26872.013645833333,24,47.65
2025-02-22,2025,2,22,53,5,0.7799125224167177,0.6258885343075018,-0.9749279121818236,-0.2225209339563146,0,weekend,2025-02-22 00:00:00+00:00,2025-02-23 00:00:00+00:00,72.44208333333333,52130.87208333333,51541.574583333335,18491.493958333333,4964.305729166666,5465.120416666668,28920.920104166667,24,47.195
2025-02-23,2025,2,23,54,6,0.7905633969115482,0.612380204990065,-0.7818314824680299,0.6234898018587334,0,weekend,2025-02-23 00:00:00+00:00,2025-02-24 00:00:00+00:00,90.52333333333333,43551.15479166667,48560.051458333335,10461.250833333334,4161.587291666667,4381.444895833333,19004.283020833333,24,46.665
2025-02-24,2025,2,24,55,0,0.8009803309782905,0.5986906625177214,0.0,1.0,0,weekday,2025-02-24 00:00:00+00:00,2025-02-25 00:00:00+00:00,92.14,57625.245416666665,59924.51197916667,21018.91020833333,5232.810625,4282.306354166667,30534.0271875,24,46.135
2025-02-25,2025,2,25,56,1,0.8111602420785621,0.5848239578463322,0.7818314824680298,0.6234898018587336,0,weekday,2025-02-25 00:00:00+00:00,2025-02-26 00:00:00+00:00,141.70291666666665,47708.5715625,60578.487395833334,5986.622812500001,1992.5134375,3346.021770833333,11325.158020833333,24,45.435
2025-02-26,2025,2,26,57,2,0.8211001178128892,0.5707841943569036,0.9749279121818236,-0.2225209339563143,0,weekday,2025-02-26 00:00:00+00:00,2025-02-27 00:00:00+00:00,135.15208333333334,49376.15260416667,61082.91364583333,8700.622708333334,763.0101041666667,2627.038541666667,12090.671354166667,24,41.336
2025-02-27,2025,2,27,58,3,0.8307970168121247,0.5565755266413303,0.4338837391175582,-0.900968867902419,0,weekday,2025-02-27 00:00:00+00:00,2025-02-28 00:00:00+00:00,127.02333333333333,50881.79552083334,60512.03375,8822.2684375,1721.358229166667,4374.780520833333,14918.4071875,24,44.375
2025-02-28,2025,2,28,59,4,0.8402480696078469,0.5422021592729844,-0.433883739117558,-0.9009688679024191,0,weekday,2025-02-28 00:00:00+00:00,2025-03-01 00:00:00+00:00,129.65291666666667,47418.801562500004,59880.13364583333,4572.028125,1103.814375,3772.7998958333333,9448.642395833334,24,46.5
2025-03-01,2025,3,1,60,5,0.8494504794814806,0.527668345562516,-0.9749279121818236,-0.2225209339563146,0,weekend,2025-03-01 00:00:00+00:00,2025-03-02 00:00:00+00:00,123.62208333333332,43473.473333333335,52134.106250000004,4463.193020833333,1007.9632291666667,4666.547604166667,10137.703854166666,24,44.32
2025-03-02,2025,3,2,61,6,0.8584015232918917,0.512978386299228,-0.7818314824680299,0.6234898018587334,0,weekend,2025-03-02 00:00:00+00:00,2025-03-03 00:00:00+00:00,90.78833333333334,46798.308958333335,48937.755625,7287.031041666666,3359.605208333333,8618.7003125,19265.3365625,24,45.635000000000005
2025-03-03,2025,3,3,62,0,0.8670985522812081,0.4981366284784055,0.0,1.0,0,weekday,2025-03-03 00:00:00+00:00,2025-03-04 00:00:00+00:00,107.09333333333332,54767.79885416667,60994.350625,8221.270520833334,4790.008333333333,10898.352916666667,23909.631770833334,24,46.95
2025-03-04,2025,3,4,63,1,0.8755389928586302,0.4831474640149687,0.7818314824680298,0.6234898018587336,0,weekday,2025-03-04 00:00:00+00:00,2025-03-05 00:00:00+00:00,106.79333333333334,53809.43479166667,61895.837812499994,7852.388125,5056.6940625,10471.782708333334,23380.864895833336,24,45.315
2025-03-05,2025,3,5,64,2,0.8837203473619977,0.4680153284438345,0.9749279121818236,-0.2225209339563143,0,weekday,2025-03-05 00:00:00+00:00,2025-03-06 00:00:00+00:00,78.80333333333333,59112.89760416667,61166.823854166665,13253.794895833335,5906.049375,11724.358854166667,30884.203125,24,43.485
2025-03-06,2025,3,6,65,3,0.8916401947968874,0.452744699607371,0.4338837391175582,-0.900968867902419,0,weekday,2025-03-06 00:00:00+00:00,2025-03-07 00:00:00+00:00,90.51625,53118.34177083333,59033.46010416667,9758.413854166667,4210.7830208333335,11441.763541666667,25410.96041666667,24,41.875
2025-03-07,2025,3,7,66,4,0.8992961915530253,0.4373400963303323,-0.433883739117558,-0.9009688679024191,0,weekday,2025-03-07 00:00:00+00:00,2025-03-08 00:00:00+00:00,105.74208333333333,49294.74364583333,58544.326145833336,4998.51875,2190.5466666666666,11013.475520833332,18202.540937499998,24,37.325
2025-03-08,2025,3,8,67,5,0.9066860720977984,0.4218060770826634,-0.9749279121818236,-0.2225209339563146,0,weekend,2025-03-08 00:00:00+00:00,2025-03-09 00:00:00+00:00,89.49916666666667,44356.34479166666,49529.570625,5531.1628125,1140.3089583333333,11148.031458333333,17819.50322916667,24,39.971
2025-03-09,2025,3,9,68,6,0.9138076496466616,0.4061472386305789,-0.7818314824680299,0.6234898018587334,0,weekend,2025-03-09 00:00:00+00:00,2025-03-10 00:00:00+00:00,77.52625,42306.800416666665,47432.93125,5032.459791666667,2373.9631249999998,10973.689895833333,18380.1128125,24,40.0205
2025-03-10,2025,3,10,69,0,0.9206588168102428,0.3903682146763026,0.0,1.0,0,weekday,2025-03-10 00:00:00+00:00,2025-03-11 00:00:00+00:00,113.54375,43530.067291666666,58318.63958333334,2876.7814583333334,890.8266666666667,7815.3168749999995,11582.925000000001,24,40.07
2025-03-11,2025,3,11,70,1,0.9272375462179536,0.374473674486883,0.7818314824680298,0.6234898018587336,0,weekday,2025-03-11 00:00:00+00:00,2025-03-12 00:00:00+00:00,125.76625,45108.387395833335,59587.72520833334,2674.6042708333334,1188.6192708333333,6815.760729166667,10678.984270833333,24,41.405
2025-03-12,2025,3,12,71,2,0.9335418911179212,0.3584683215124808,0.9749279121818236,-0.2225209339563143,0,weekday,2025-03-12 00:00:00+00:00,2025-03-13 00:00:00+00:00,125.57416666666666,44623.32093750001,59824.66395833334,3094.4248958333333,924.4288541666666,4678.189166666666,8697.042916666667,24,42.645
2025-03-13,2025,3,13,72,3,0.9395699859530622,0.342356891994542,0.4338837391175582,-0.900968867902419,0,weekday,2025-03-13 00:00:00+00:00,2025-03-14 00:00:00+00:00,125.65833333333335,45840.579999999994,59501.89927083333,2998.3747916666666,2062.2511458333333,4480.4434375,9541.069375000001,24,42.455
2025-03-14,2025,3,14,73,4,0.945320046913132,0.3261441535642696,-0.433883739117558,-0.9009688679024191,0,weekday,2025-03-14 00:00:00+00:00,2025-03-15 00:00:00+00:00,121.73,46369.460625,59162.598333333335,4230.734583333334,1559.0936458333333,4867.907395833333,10657.735625,24,41.3
2025-03-15,2025,3,15,74,5,0.9507903724625832,0.3098349038318025,-0.9749279121818236,-0.2225209339563146,0,weekend,2025-03-15 00:00:00+00:00,2025-03-16 00:00:00+00:00,92.40375,44777.78447916667,51549.916354166664,11490.162083333335,692.2210416666667,5944.222083333333,18126.605208333334,24,42.29
2025-03-16,2025,3,16,75,6,0.9559793438440766,0.2934339689665273,-0.7818314824680299,0.6234898018587334,0,weekend,2025-03-16 00:00:00+00:00,2025-03-17 00:00:00+00:00,72.41458333333334,47203.315104166664,48932.31822916667,10329.919479166667,3347.1690624999997,8220.165208333334,21897.25375,24,41.8425
2025-03-17,2025,3,17,76,0,0.9608854255574976,0.2769462022689364,0.0,1.0,0,weekday,2025-03-17 00:00:00+00:00,2025-03-18 00:00:00+00:00,100.29666666666667,52167.63135416667,60454.26458333334,10353.758333333333,1944.2397916666669,10077.187604166667,22375.185729166667,24,41.395
2025-03-18,2025,3,18,77,1,0.9655071658143364,0.2603764827344581,0.7818314824680298,0.6234898018587336,0,weekday,2025-03-18 00:00:00+00:00,2025-03-19 00:00:00+00:00,91.30166666666666,53098.8109375,61404.82354166667,8212.18375,1245.8154166666666,12777.905833333332,22235.905,24,41.45
2025-03-19,2025,3,19,78,2,0.969843196967294,0.2437297136096838,0.9749279121818236,-0.2225209339563143,0,weekday,2025-03-19 00:00:00+00:00,2025-03-20 00:00:00+00:00,105.35375,50448.51666666666,60613.41197916667,4034.691145833333,891.9989583333332,13158.042812500002,18084.732916666668,24,42.505
2025-03-20,2025,3,20,79,3,0.9738922359149924,0.2270108209414184,0.4338837391175582,-0.900968867902419,0,weekday,2025-03-20 00:00:00+00:00,2025-03-21 00:00:00+00:00,108.925,50377.70427083334,58813.52385416667,4335.924375,797.0680208333333,11877.717083333335,17010.709479166668,24,43.86
2025-03-21,2025,3,21,80,4,0.977653084481664,0.2102247521189836,-0.433883739117558,-0.9009688679024191,0,weekday,2025-03-21 00:00:00+00:00,2025-03-22 00:00:00+00:00,69.79625,55814.03260416666,56344.45041666667,14493.136458333334,3576.2532291666666,11852.320208333333,29921.709895833334,24,44.755
2025-03-22,2025,3,22,81,5,0.981124629771712,0.1933764744102058,-0.9749279121818236,-0.2225209339563146,0,weekend,2025-03-22 00:00:00+00:00,2025-03-23 00:00:00+00:00,14.47,59604.52489583333,50211.1871875,27303.759270833336,5488.857187500001,9582.631041666666,42375.247500000005,24,42.605
2025-03-23,2025,3,23,82,6,0.984305844499033,0.1764709734915216,-0.7818314824680299,0.6234898018587334,0,weekend,2025-03-23 00:00:00+00:00,2025-03-24 00:00:00+00:00,59.50541666666667,46013.15760416666,47387.11427083333,11599.958958333335,5105.226145833333,6414.570729166667,23119.755833333333,24,42.504999999999995
2025-03-24,2025,3,24,83,0,0.9871957872910084,0.1595132519726365,0.0,1.0,0,weekday,2025-03-24 00:00:00+00:00,2025-03-25 00:00:00+00:00,129.96833333333333,45307.42145833333,56911.159062499995,1570.27125,383.23895833333336,7588.011875,9541.522083333333,24,42.405
2025-03-25,2025,3,25,84,1,0.9897936029670716,0.1425083279161708,0.7818314824680298,0.6234898018587336,0,weekday,2025-03-25 00:00:00+00:00,2025-03-26 00:00:00+00:00,112.26875,48963.612604166665,57949.87635416666,6032.161354166667,3468.09625,7582.727291666666,17082.984895833335,24,42.05
2025-03-26,2025,3,26,85,2,0.992098522791769,0.1254612333527364,0.9749279121818236,-0.2225209339563143,0,weekday,2025-03-26 00:00:00+00:00,2025-03-27 00:00:00+00:00,115.17,49277.85802083334,58178.65802083333,9300.610104166666,2600.5992708333333,5228.092395833333,17129.301770833332,24,40.555
2025-03-27,2025,3,27,86,3,0.9941098647022418,0.108377012791876,0.4338837391175582,-0.900968867902419,0,weekday,2025-03-27 00:00:00+00:00,2025-03-28 00:00:00+00:00,98.85458333333334,48843.48333333334,57382.162187500006,4012.9697916666664,4177.016354166667,9762.146145833334,17952.132291666665,24,41.1
2025-03-28,2025,3,28,87,4,0.9958270335100596,0.0912607217293118,-0.433883739117558,-0.9009688679024191,0,weekday,2025-03-28 00:00:00+00:00,2025-03-29 00:00:00+00:00,89.65249999999999,49436.8740625,56278.207916666666,4982.278229166667,3391.1811458333336,12599.956041666666,20973.415416666667,24,40.9
2025-03-29,2025,3,29,88,5,0.9972495210773452,0.0741174251509443,-0.9749279121818236,-0.2225209339563146,0,weekend,2025-03-29 00:00:00+00:00,2025-03-30 00:00:00+00:00,82.31166666666667,43506.91354166667,50230.082395833335,10189.4553125,1596.3445833333335,6345.364270833333,18131.164166666666,24,40.587
2025-03-30,2025,3,30,89,6,0.998376906467142,0.0569521960340397,-0.7818314824680299,0.6234898018587334,0,weekend,2025-03-30 00:00:00+00:00,2025-03-31 00:00:00+00:00,14.85375,57194.58604166666,48289.995625,27703.34,4459.630625,6579.2734375,38742.2440625,24,40.706
2025-03-31,2025,3,31,90,0,0.9992088560679752,0.0397701138460557,0.0,1.0,0,weekday,2025-03-31 00:00:00+00:00,2025-04-01 00:00:00+00:00,107.76375,51536.9075,58531.1909375,14138.69375,2188.0563541666666,6350.364583333333,22677.114687499998,24,40.825
2025-04-01,2025,4,1,91,1,0.9997451236925734,0.0225762630415454,0.7818314824680298,0.6234898018587336,0,weekday,2025-04-01 00:00:00+00:00,2025-04-02 00:00:00+00:00,92.3275,51694.129479166666,58497.5690625,12083.596979166667,895.5276041666666,10000.644895833333,22979.76947916667,24,40.875
2025-04-02,2025,4,2,92,2,0.9999855506507186,0.0053757315575838,0.9749279121818236,-0.2225209339563143,0,weekday,2025-04-02 00:00:00+00:00,2025-04-03 00:00:00+00:00,62.04083333333333,58598.13489583333,58047.996979166666,19002.67583333333,2749.5797916666666,12300.495208333334,34052.75083333333,24,42.475
2025-04-03,2025,4,3,93,3,0.9999300657962056,-0.0118263906918325,0.4338837391175582,-0.900968867902419,0,weekday,2025-04-03 00:00:00+00:00,2025-04-04 00:00:00+00:00,81.08083333333333,51846.083541666674,57152.129687500004,9959.537083333335,1432.623854166667,14310.442083333333,25702.603020833336,24,39.75
2025-04-04,2025,4,4,94,4,0.9995786855478958,-0.0290250133219752,-0.433883739117558,-0.9009688679024191,0,weekday,2025-04-04 00:00:00+00:00,2025-04-05 00:00:00+00:00,90.31666666666666,48390.088125,55774.629583333335,5145.421354166667,1178.0353125,14392.626979166665,20716.083645833332,24,39.25
2025-04-05,2025,4,5,95,5,0.9989315138848576,-0.0462150469837083,-0.9749279121818236,-0.2225209339563146,0,weekend,2025-04-05 00:00:00+00:00,2025-04-06 00:00:00+00:00,51.89625,49838.01541666667,48417.1665625,14025.824895833333,2933.3716666666664,12882.548958333333,29841.745520833338,24,36.401
2025-04-06,2025,4,6,96,6,0.9979887423155984,-0.0633914048695103,-0.7818314824680299,0.6234898018587334,0,weekend,2025-04-06 00:00:00+00:00,2025-04-07 00:00:00+00:00,40.455000000000005,44339.98583333333,47100.01447916666,9624.138020833334,909.3384375,13792.347395833334,24325.823854166665,24,35.523
2025-04-07,2025,4,7,97,0,0.9967506498213928,-0.0805490042187416,0.0,1.0,0,weekday,2025-04-07 00:00:00+00:00,2025-04-08 00:00:00+00:00,97.25166666666667,49911.82083333333,57437.192187500004,5706.355729166667,729.3325,13504.087916666665,19939.776145833333,24,34.645
2025-04-08,2025,4,8,98,1,0.9952176027737294,-0.0976827678217159,0.7818314824680298,0.6234898018587336,0,weekday,2025-04-08 00:00:00+00:00,2025-04-09 00:00:00+00:00,100.145,47558.68052083333,58359.5675,2541.2509375,138.07750000000001,12621.390625,15300.7190625,24,36.335
2025-04-09,2025,4,9,99,2,0.9933900548258936,-0.114787625522127,0.9749279121818236,-0.2225209339563143,0,weekday,2025-04-09 00:00:00+00:00,2025-04-10 00:00:00+00:00,90.93166666666667,49688.40739583334,57337.27666666667,6458.845729166666,2636.8238541666665,11380.530625,20476.200208333332,24,34.6
2025-04-10,2025,4,10,100,3,0.9912685467787256,-0.1318585157173911,0.4338837391175582,-0.900968867902419,0,weekday,2025-04-10 00:00:00+00:00,2025-04-11 00:00:00+00:00,83.62958333333333,51284.4684375,56523.011875,9448.4028125,2871.1559374999997,12363.411875,24682.970625,24,34.65
2025-04-11,2025,4,11,101,4,0.9888537064205885,-0.1488903868564548,-0.433883739117558,-0.9009688679024191,0,weekday,2025-04-11 00:00:00+00:00,2025-04-12 00:00:00+00:00,68.78916666666667,55157.22875,56139.245625,16606.170625,3229.1964583333333,12842.305104166668,32677.672187499997,24,33.725
2025-04-12,2025,4,12,102,5,0.986146248341595,-0.1658781989346314,-0.9749279121818236,-0.2225209339563146,0,weekend,2025-04-12 00:00:00+00:00,2025-04-13 00:00:00+00:00,62.477916666666665,46505.2878125,48502.3421875,7585.343124999999,2287.044375,14586.312708333333,24458.700208333335,24,33.463
2025-04-13,2025,4,13,103,6,0.98314697372215,-0.1828169249850199,-0.7818314824680299,0.6234898018587334,0,weekend,2025-04-13 00:00:00+00:00,2025-04-14 00:00:00+00:00,41.64666666666667,46723.84312500001,45498.9646875,15422.885729166666,3744.4289583333334,9479.3371875,28646.651875,24,33.869
2025-04-14,2025,4,14,104,0,0.9798567700958664,-0.1997015525660636,0.0,1.0,0,weekday,2025-04-14 00:00:00+00:00,2025-04-15 00:00:00+00:00,97.42666666666666,48292.075833333336,55340.778125000004,6740.236875,1362.7364583333333,11825.603229166665,19928.576562500002,24,34.275
2025-04-15,2025,4,15,105,1,0.976276611086932,-0.2165270852448143,0.7818314824680298,0.6234898018587336,0,weekday,2025-04-15 00:00:00+00:00,2025-04-16 00:00:00+00:00,71.39041666666667,54974.10927083334,57580.223437500004,17123.757083333334,4472.307395833333,9932.858750000001,31528.92322916667,24,34.5
2025-04-16,2025,4,16,106,2,0.9724075561219968,-0.2332885440754551,0.9749279121818236,-0.2225209339563143,0,weekday,2025-04-16 00:00:00+00:00,2025-04-17 00:00:00+00:00,90.16166666666668,47282.31,56936.06958333333,8382.5353125,1518.306875,11415.561875,21316.4040625,24,33.905
2025-04-17,2025,4,17,107,3,0.9682507501166718,-0.2499809690726521,0.4338837391175582,-0.900968867902419,0,weekday,2025-04-17 00:00:00+00:00,2025-04-18 00:00:00+00:00,98.5575,49118.45250000001,55355.5040625,14187.124583333332,1312.8811458333332,6902.842083333333,22402.8478125,24,35.6
2025-04-18,2025,4,18,108,4,0.9638074231367308,-0.2665994206792935,-0.433883739117558,-0.9009688679024191,1,holiday,2025-04-18 00:00:00+00:00,2025-04-19 00:00:00+00:00,88.07541666666667,38619.5721875,46783.58510416667,9515.173854166667,1553.5205208333334,5076.308958333333,16145.003333333334,24,35.657
2025-04-19,2025,4,19,109,5,0.9590788900341132,-0.2831389812281835,-0.9749279121818236,-0.2225209339563146,0,weekend,2025-04-19 00:00:00+00:00,2025-04-20 00:00:00+00:00,70.47208333333333,37914.448541666665,48089.652291666665,3358.216770833333,1560.2217708333335,11106.044583333334,16024.483125,24,35.657
2025-04-20,2025,4,20,110,6,0.9540665500578388,-0.2995947563972602,-0.7818314824680299,0.6234898018587334,0,weekend,2025-04-20 00:00:00+00:00,2025-04-21 00:00:00+00:00,66.18083333333333,35016.20239583334,42415.01552083334,3522.5985416666667,766.1553125,12875.849166666667,17164.603020833332,24,35.657
2025-04-21,2025,4,21,111,0,0.9487718864399473,-0.3159618766579029,0.0,1.0,1,holiday,2025-04-21 00:00:00+00:00,2025-04-22 00:00:00+00:00,81.78625,35390.527500000004,44938.59416666667,3456.5033333333336,111.55677083333335,9867.981145833333,13436.04125,24,35.657
2025-04-22,2025,4,22,112,1,0.9431964659565866,-0.3322354987159043,0.7818314824680298,0.6234898018587336,0,weekday,2025-04-22 00:00:00+00:00,2025-04-23 00:00:00+00:00,114.05,44115.76364583333,55165.86739583334,2602.8753125,89.05541666666666,10589.821979166667,13281.752708333333,24,35.85
2025-04-23,2025,4,23,113,2,0.9373419384643772,-0.3484108069446808,0.9749279121818236,-0.2225209339563143,0,weekday,2025-04-23 00:00:00+00:00,2025-04-24 00:00:00+00:00,108.95083333333334,45019.424895833334,56004.128333333334,3210.7611458333336,720.0558333333333,9407.131041666666,13337.948020833333,24,34.675
2025-04-24,2025,4,24,114,3,0.9312100364121948,-0.3644830148102912,0.4338837391175582,-0.900968867902419,0,weekday,2025-04-24 00:00:00+00:00,2025-04-25 00:00:00+00:00,97.00083333333333,44482.36145833333,56044.89000000001,7986.2265625,1409.3483333333334,6254.864583333333,15650.439479166665,24,34.05
2025-04-25,2025,4,25,115,4,0.9248025743285088,-0.3804473662878516,-0.433883739117558,-0.9009688679024191,0,weekday,2025-04-25 00:00:00+00:00,2025-04-26 00:00:00+00:00,89.63083333333333,41305.85208333333,55647.364375000005,6326.010104166667,412.8144791666667,8763.392916666666,15502.2175,24,33.445
2025-04-26,2025,4,26,116,5,0.9181214482844364,-0.3962991372689181,-0.9749279121818236,-0.2225209339563146,0,weekend,2025-04-26 00:00:00+00:00,2025-04-27 00:00:00+00:00,55.36666666666667,44677.06895833334,47624.5378125,10891.9671875,820.6882291666667,13334.888125,25047.54354166667,24,32.432
2025-04-27,2025,4,27,117,6,0.9111686353326632,-0.4120336369594263,-0.7818314824680299,0.6234898018587334,0,weekend,2025-04-27 00:00:00+00:00,2025-04-28 00:00:00+00:00,33.65708333333333,42480.68729166667,44570.30364583334,7340.511875,1046.1070833333333,15534.958541666667,23921.5775,24,32.566
2025-04-28,2025,4,28,118,0,0.9039461929224012,-0.4276462092677746,0.0,1.0,0,weekday,2025-04-28 00:00:00+00:00,2025-04-29 00:00:00+00:00,76.09,46653.27322916667,55755.557812499996,2102.405416666667,824.7159375,16648.03552083333,19575.156875,24,32.7
2025-04-29,2025,4,29,119,1,0.8964562582905575,-0.4431322341826345,0.7818314824680298,0.6234898018587336,0,weekday,2025-04-29 00:00:00+00:00,2025-04-30 00:00:00+00:00,73.97416666666668,47469.82791666667,56600.222708333335,3847.048125,931.6535416666667,15616.07,20394.771666666667,24,30.9
2025-04-30,2025,4,30,120,2,0.8887010478292915,-0.4584871291400876,0.9749279121818236,-0.2225209339563143,0,weekday,2025-04-30 00:00:00+00:00,2025-05-01 00:00:00+00:00,75.53916666666667,45977.84447916667,55728.865312500006,2166.8159375,768.5716666666667,15654.169583333334,18589.5571875,24,31.875
2025-05-01,2025,5,1,121,3,0.8806828564301475,-0.47370635037968,0.4338837391175582,-0.900968867902419,1,holiday,2025-05-01 00:00:00+00:00,2025-05-02 00:00:00+00:00,44.60708333333333,38777.691666666666,45042.796875,2829.1661458333333,566.0032291666666,15886.337604166665,19281.50697916667,24,32.03
2025-05-02,2025,5,2,122,4,0.8724040568049612,-0.4887853942889926,-0.433883739117558,-0.9009688679024191,0,weekday,2025-05-02 00:00:00+00:00,2025-05-03 00:00:00+00:00,64.22416666666668,45156.232500000006,52491.84791666667,8732.819479166666,1625.5627083333331,14230.936875,24589.3190625,24,32.095
2025-05-03,2025,5,3,123,5,0.8638670987837349,-0.503719798736334,-0.9749279121818236,-0.2225209339563146,0,weekend,2025-05-03 00:00:00+00:00,2025-05-04 00:00:00+00:00,52.02666666666667,42248.254270833335,46856.98541666666,10074.6825,2869.0479166666664,10789.860104166666,23733.59052083333,24,33.078
2025-05-04,2025,5,4,124,6,0.8550745085896932,-0.518505144391157,-0.7818314824680299,0.6234898018587334,0,weekend,2025-05-04 00:00:00+00:00,2025-05-05 00:00:00+00:00,35.83083333333334,44878.5115625,43911.01072916667,14738.4603125,3923.5489583333333,9431.249583333332,28093.258854166666,24,32.934
2025-05-05,2025,5,5,125,0,0.8460288880917339,-0.533137056031809,0.0,1.0,0,weekday,2025-05-05 00:00:00+00:00,2025-05-06 00:00:00+00:00,88.665,46260.43291666667,53779.63302083334,10037.3353125,2059.1966666666667,10561.6540625,22658.186041666664,24,32.79
2025-05-06,2025,5,6,126,1,0.8367329140344921,-0.5476112038402312,0.7818314824680298,0.6234898018587336,0,weekday,2025-05-06 00:00:00+00:00,2025-05-07 00:00:00+00:00,92.1225,49147.5640625,54984.72072916667,7684.416145833333,3177.988125,12692.712083333334,23555.116354166665,24,33.34
2025-05-07,2025,5,7,127,2,0.8271893372462497,-0.5619233046832195,0.9749279121818236,-0.2225209339563143,0,weekday,2025-05-07 00:00:00+00:00,2025-05-08 00:00:00+00:00,99.75083333333333,47108.747395833336,54968.76416666667,6920.259687499999,1011.6342708333333,11633.735208333334,19565.62916666667,24,34.615
2025-05-08,2025,5,8,128,3,0.8174009818249189,-0.5760691233798758,0.4338837391175582,-0.900968867902419,0,weekday,2025-05-08 00:00:00+00:00,2025-05-09 00:00:00+00:00,103.99333333333334,46240.80552083333,56330.57739583333,7033.9575,343.9136458333333,11451.741666666667,18829.6128125,24,34.22
2025-05-09,2025,5,9,129,4,0.8073707443023492,-0.5900444739548627,-0.433883739117558,-0.9009688679024191,0,weekday,2025-05-09 00:00:00+00:00,2025-05-10 00:00:00+00:00,81.87666666666667,48323.16468750001,54746.89572916667,5606.903125,468.3677083333334,15395.020520833334,21470.291354166668,24,35.7
2025-05-10,2025,5,10,130,5,0.7971015927871943,-0.6038452208771035,-0.9749279121818236,-0.2225209339563146,0,weekend,2025-05-10 00:00:00+00:00,2025-05-11 00:00:00+00:00,52.217083333333335,42608.9653125,46655.87489583334,5712.268229166667,467.21020833333336,16151.63375,22331.1121875,24,34.618
2025-05-11,2025,5,11,131,6,0.7865965660866021,-0.6174672802835514,-0.7818314824680299,0.6234898018587334,0,weekend,2025-05-11 00:00:00+00:00,2025-05-12 00:00:00+00:00,18.91291666666667,46483.84791666667,45194.190520833334,10694.526770833332,1867.3190625,16679.047291666666,29240.893125000002,24,34.5865
2025-05-12,2025,5,12,132,0,0.7758587728069828,-0.6309066211876704,0.0,1.0,0,weekday,2025-05-12 00:00:00+00:00,2025-05-13 00:00:00+00:00,70.375,55051.01604166667,55549.87447916667,11907.372083333334,3078.6179166666666,17328.724375,32314.714375,24,34.555
2025-05-13,2025,5,13,133,1,0.7648913904341225,-0.6441592666722685,0.7818314824680298,0.6234898018587336,0,weekday,2025-05-13 00:00:00+00:00,2025-05-14 00:00:00+00:00,80.79583333333333,50070.01322916666,55497.088125,5348.805729166666,1420.8100000000002,17619.685729166667,24389.30145833333,24,35.015
2025-05-14,2025,5,14,134,2,0.753697664392914,-0.6572212950663319,0.9749279121818236,-0.2225209339563143,0,weekday,2025-05-14 00:00:00+00:00,2025-05-15 00:00:00+00:00,68.94333333333333,51630.879583333335,55431.635,9298.415520833334,2565.085416666667,16917.608958333334,28781.10989583333,24,35.65
2025-05-15,2025,5,15,135,3,0.742280907086982,-0.6700888411055113,0.4338837391175582,-0.900968867902419,0,weekday,2025-05-15 00:00:00+00:00,2025-05-16 00:00:00+00:00,66.425,53037.7196875,55475.549479166664,13587.454479166665,2719.5628125,15087.203020833333,31394.220312499998,24,35.345
2025-05-16,2025,5,16,136,4,0.7306444969184916,-0.6827580970759147,-0.433883739117558,-0.9009688679024191,0,weekday,2025-05-16 00:00:00+00:00,2025-05-17 00:00:00+00:00,74.13291666666667,49071.62,54459.152916666666,11377.7725,2640.4233333333336,13123.623958333332,27141.81979166667,24,35.35
2025-05-17,2025,5,17,137,5,0.7187918772884232,-0.6952253139408722,-0.9749279121818236,-0.2225209339563146,0,weekend,2025-05-17 00:00:00+00:00,2025-05-18 00:00:00+00:00,61.17458333333334,44927.54864583333,46537.29125,12221.4678125,2113.0983333333334,13205.691041666667,27540.2571875,24,35.156
2025-05-18,2025,5,18,138,6,0.7067265555776158,-0.7074868024503348,-0.7818314824680299,0.6234898018587334,0,weekend,2025-05-18 00:00:00+00:00,2025-05-19 00:00:00+00:00,63.75208333333333,41108.480416666665,43997.88604166667,8886.871041666667,1465.5063541666666,12663.433750000002,23015.811145833333,24,35.078
2025-05-19,2025,5,19,139,0,0.6944521021088763,-0.719538934232584,0.0,1.0,0,weekday,2025-05-19 00:00:00+00:00,2025-05-20 00:00:00+00:00,96.48583333333333,46195.4340625,54395.731041666666,4695.632395833333,860.8161458333334,14199.058125000001,19755.506666666664,24,35.0
2025-05-20,2025,5,20,140,1,0.6819721490904629,-0.7313781428679254,0.7818314824680298,0.6234898018587336,0,weekday,2025-05-20 00:00:00+00:00,2025-05-21 00:00:00+00:00,91.19958333333334,48327.33635416667,55281.48760416667,3906.7261458333337,2139.210416666667,15537.8596875,21583.79625,24,35.26
2025-05-21,2025,5,21,141,2,0.6692903895412567,-0.7430009249440493,0.9749279121818236,-0.2225209339563143,0,weekday,2025-05-21 00:00:00+00:00,2025-05-22 00:00:00+00:00,70.8175,54911.1890625,54658.254687500004,15448.942395833334,4667.334270833334,12902.286875,33018.56354166667,24,37.25
2025-05-22,2025,5,22,142,3,0.6564105761979381,-0.7544038410927472,0.4338837391175582,-0.900968867902419,0,weekday,2025-05-22 00:00:00+00:00,2025-05-23 00:00:00+00:00,62.11958333333333,54997.69822916667,54933.78062500001,21579.003645833334,4621.860937500001,11164.1509375,37365.01552083334,24,36.54
2025-05-23,2025,5,23,143,4,0.6433365204044917,-0.765583517007675,-0.433883739117558,-0.9009688679024191,0,weekday,2025-05-23 00:00:00+00:00,2025-05-24 00:00:00+00:00,83.33833333333332,52090.854583333334,53862.30333333334,13264.048333333332,4265.166354166667,13160.049270833333,30689.263958333333,24,36.4
2025-05-24,2025,5,24,144,5,0.6300720909843687,-0.7765366444428655,-0.9749279121818236,-0.2225209339563146,0,weekend,2025-05-24 00:00:00+00:00,2025-05-25 00:00:00+00:00,52.49,46306.56458333333,46703.88395833334,12234.7978125,2565.9620833333333,12846.068645833335,27646.828541666666,24,36.45
2025-05-25,2025,5,25,145,6,0.6166212130956382,-0.7872599821916922,-0.7818314824680299,0.6234898018587334,0,weekend,2025-05-25 00:00:00+00:00,2025-05-26 00:00:00+00:00,29.123333333333335,45617.33552083333,44124.6253125,19250.356979166667,4634.8596875,6037.504375,29922.721041666668,24,36.625
2025-05-26,2025,5,26,146,0,0.6029878670694714,-0.7977503570459932,0.0,1.0,0,weekday,2025-05-26 00:00:00+00:00,2025-05-27 00:00:00+00:00,73.56791666666666,49148.6653125,54478.96875,11509.647395833332,3994.3603124999995,13162.584166666667,28666.591875000002,24,36.800000000000004
2025-05-27,2025,5,27,147,1,0.5891760872322963,-0.8080046647350754,0.7818314824680298,0.6234898018587336,0,weekday,2025-05-27 00:00:00+00:00,2025-05-28 00:00:00+00:00,61.88625,53755.88947916666,55658.20333333334,20853.0365625,3817.860625,9533.3559375,34204.253124999996,24,36.975
2025-05-28,2025,5,28,148,2,0.5751899607119775,-0.8180198708443174,0.9749279121818236,-0.2225209339563143,0,weekday,2025-05-28 00:00:00+00:00,2025-05-29 00:00:00+00:00,87.04375,53078.50062500001,54653.575000000004,22243.140520833334,2554.5507291666668,7496.918229166667,32294.60947916667,24,36.8
2025-05-29,2025,5,29,149,3,0.5610336262283677,-0.8277930117131022,0.4338837391175582,-0.900968867902419,1,holiday,2025-05-29 00:00:00+00:00,2025-05-30 00:00:00+00:00,51.97125,42989.31260416666,44561.32166666666,10590.093020833332,3247.965,12192.640208333332,26030.698229166668,24,35.158
2025-05-30,2025,5,30,150,4,0.5467112728685939,-0.8373211953118121,-0.433883739117558,-0.9009688679024191,0,weekday,2025-05-30 00:00:00+00:00,2025-05-31 00:00:00+00:00,54.76583333333334,52885.57989583333,48964.74052083333,14229.314791666666,4330.929895833334,13672.172604166668,32232.41729166667,24,34.955
2025-05-31,2025,5,31,151,5,0.5322271388474397,-0.8466016020976267,-0.9749279121818236,-0.2225209339563146,0,weekend,2025-05-31 00:00:00+00:00,2025-06-01 00:00:00+00:00,70.60291666666667,39436.6,44969.17208333333,2772.9069791666666,802.3822916666667,15161.6078125,18736.897083333333,24,34.228
2025-06-01,2025,6,1,152,6,0.5175855102531889,-0.8556314858488706,-0.7818314824680299,0.6234898018587334,0,weekend,2025-06-01 00:00:00+00:00,2025-06-02 00:00:00+00:00,39.35916666666667,40986.565520833334,43048.255,10380.413854166667,2854.0189583333336,11384.18625,24618.6190625,24,34.164
2025-06-02,2025,6,2,153,0,0.5027907197793043,-0.8644081744776648,0.0,1.0,0,weekday,2025-06-02 00:00:00+00:00,2025-06-03 00:00:00+00:00,91.03583333333334,45597.575729166674,53028.560104166674,7416.991458333334,2197.054166666667,12194.574062500002,21808.6196875,24,34.1
2025-06-03,2025,6,3,154,1,0.4878471454423119,-0.8729290708206411,0.7818314824680298,0.6234898018587336,0,weekday,2025-06-03 00:00:00+00:00,2025-06-04 00:00:00+00:00,68.82958333333333,49684.081979166665,54165.136145833334,8207.624895833333,3877.7322916666667,14813.978958333333,26899.336145833335,24,35.265
2025-06-04,2025,6,4,155,2,0.4727592092862775,-0.881191653407483,0.9749279121818236,-0.2225209339563143,0,weekday,2025-06-04 00:00:00+00:00,2025-06-05 00:00:00+00:00,85.88458333333334,45807.65875,54322.801145833335,10681.183854166668,2824.436875,10417.013541666667,23922.634270833336,24,36.005
2025-06-05,2025,6,5,156,3,0.4575313760742512,-0.8891934772070711,0.4338837391175582,-0.900968867902419,0,weekday,2025-06-05 00:00:00+00:00,2025-06-06 00:00:00+00:00,78.78500000000001,50110.081666666665,54804.9728125,13470.8465625,3749.6842708333334,10707.373645833333,27927.904479166667,24,35.705
2025-06-06,2025,6,6,157,4,0.442168151967072,-0.8969321743510065,-0.433883739117558,-0.9009688679024191,0,weekday,2025-06-06 00:00:00+00:00,2025-06-07 00:00:00+00:00,50.765833333333326,57980.42552083333,53920.24052083333,24273.536979166664,3819.3030208333334,11465.463020833333,39558.30302083333,24,36.55
2025-06-07,2025,6,7,158,5,0.4266740831899246,-0.9044054548343,-0.9749279121818236,-0.2225209339563146,0,weekend,2025-06-07 00:00:00+00:00,2025-06-08 00:00:00+00:00,60.70083333333333,43129.31166666667,46628.53833333333,14723.092395833335,983.3155208333333,9784.998229166666,25491.40614583333,24,36.251
2025-06-08,2025,6,8,159,6,0.4110537546870351,-0.911611107193024,-0.7818314824680299,0.6234898018587334,0,weekend,2025-06-08 00:00:00+00:00,2025-06-09 00:00:00+00:00,16.2225,47433.79822916666,42251.95260416667,22398.108125,1940.1125,11191.925937500002,35530.1465625,24,36.198
2025-06-09,2025,6,9,160,0,0.3953117887649151,-0.9185469991587164,0.0,1.0,1,holiday,2025-06-09 00:00:00+00:00,2025-06-10 00:00:00+00:00,40.85708333333333,44648.96260416667,43266.799791666665,10307.794375,2548.0375,14368.184270833333,27224.016145833335,24,36.145
2025-06-10,2025,6,10,161,1,0.3794528437245443,-0.925211078289358,0.7818314824680298,0.6234898018587336,0,weekday,2025-06-10 00:00:00+00:00,2025-06-11 00:00:00+00:00,53.80166666666667,56261.20604166667,53163.216145833336,20604.0203125,4334.234583333334,11031.701770833335,35969.956666666665,24,35.555
2025-06-11,2025,6,11,162,2,0.3634816124829063,-0.9316013725767188,0.9749279121818236,-0.2225209339563143,0,weekday,2025-06-11 00:00:00+00:00,2025-06-12 00:00:00+00:00,74.16666666666667,49397.88947916666,52919.0353125,9860.282291666666,1861.6719791666667,15564.5084375,27286.462708333333,24,35.165
2025-06-12,2025,6,12,163,3,0.3474028211842774,-0.9377159910299092,0.4338837391175582,-0.900968867902419,0,weekday,2025-06-12 00:00:00+00:00,2025-06-13 00:00:00+00:00,57.74,54658.28989583333,52469.0134375,12177.291041666665,2351.142604166667,17922.113854166666,32450.5475,24,36.405
2025-06-13,2025,6,13,164,4,0.3312212278016865,-0.9435531242349544,-0.433883739117558,-0.9009688679024191,0,weekday,2025-06-13 00:00:00+00:00,2025-06-14 00:00:00+00:00,53.691250000000004,58006.017916666664,51706.77916666667,16807.584166666667,3919.0595833333336,17392.345,38118.98875,24,37.595
2025-06-14,2025,6,14,165,5,0.3149416207289519,-0.9491110448902284,-0.9749279121818236,-0.2225209339563146,0,weekend,2025-06-14 00:00:00+00:00,2025-06-15 00:00:00+00:00,46.375416666666666,50127.82729166667,45772.39989583333,13112.753750000002,3379.6498958333336,16621.7125,33114.11614583333,24,37.894
2025-06-15,2025,6,15,166,6,0.2985688173637202,-0.9543881083175908,-0.7818314824680299,0.6234898018587334,0,weekend,2025-06-15 00:00:00+00:00,2025-06-16 00:00:00+00:00,63.413333333333334,38813.57802083333,44529.466875000006,8916.526562500001,1729.2396875000002,11977.970625,22623.736875000002,24,38.282
2025-06-16,2025,6,16,167,0,0.2821076626819194,-0.9593827529490744,0.0,1.0,0,weekday,2025-06-16 00:00:00+00:00,2025-06-17 00:00:00+00:00,82.22833333333334,49027.77947916667,53311.66260416667,9707.992708333333,2221.7025,14141.053333333335,26070.74854166667,24,38.67
2025-06-17,2025,6,17,168,1,0.2655630278040559,-0.9640935007889756,0.7818314824680298,0.6234898018587336,0,weekday,2025-06-17 00:00:00+00:00,2025-06-18 00:00:00+00:00,86.28625,48517.543645833335,53103.308645833335,3369.9623958333336,2638.084895833333,17638.483958333334,23646.53125,24,38.18
2025-06-18,2025,6,18,169,2,0.2489398085537665,-0.9685189578512204,0.9749279121818236,-0.2225209339563143,0,weekday,2025-06-18 00:00:00+00:00,2025-06-19 00:00:00+00:00,80.5125,49817.47802083333,52726.17552083333,7560.469583333334,2397.1644791666668,16970.741145833334,26928.375208333335,24,39.55
2025-06-19,2025,6,19,170,3,0.2322429240090701,-0.9726578145718654,0.4338837391175582,-0.900968867902419,0,weekday,2025-06-19 00:00:00+00:00,2025-06-20 00:00:00+00:00,56.69875,49484.7840625,46062.39625,11073.875625,1974.9720833333333,17623.931875,30672.779583333333,24,41.485
2025-06-20,2025,6,20,171,4,0.2154773150467301,-0.976508846196619,-0.433883739117558,-0.9009688679024191,0,weekday,2025-06-20 00:00:00+00:00,2025-06-21 00:00:00+00:00,88.32875,46654.79645833333,48152.20677083333,3433.965208333333,550.1809375,18921.107395833333,22905.253541666665,24,39.955
2025-06-21,2025,6,21,172,5,0.1986479428801711,-0.9800709131432666,-0.9749279121818236,-0.2225209339563146,0,weekend,2025-06-21 00:00:00+00:00,2025-06-22 00:00:00+00:00,72.6875,43814.4396875,44171.2578125,2899.797395833333,1077.9633333333334,18617.772395833334,22595.533125,24,40.929
2025-06-22,2025,6,22,173,6,0.1817597875913753,-0.9833429613388902,-0.7818314824680299,0.6234898018587334,0,weekend,2025-06-22 00:00:00+00:00,2025-06-23 00:00:00+00:00,39.36375,45012.64427083333,44470.815104166664,8718.909895833332,2674.4534375,17335.723125,28729.08645833333,24,41.2645
2025-06-23,2025,6,23,174,0,0.1648178466571979,-0.9863240225317866,0.0,1.0,0,weekday,2025-06-23 00:00:00+00:00,2025-06-24 00:00:00+00:00,39.48833333333334,59062.76697916666,53492.1,26048.8865625,4115.962500000001,12308.246041666667,42473.09510416666,24,41.6
2025-06-24,2025,6,24,175,1,0.1478271334705304,-0.9890132145779884,0.7818314824680298,0.6234898018587336,0,weekday,2025-06-24 00:00:00+00:00,2025-06-25 00:00:00+00:00,47.3025,61847.283541666664,53439.669895833336,23824.1225,4657.425104166667,14521.394374999998,43002.941979166666,24,36.485
2025-06-25,2025,6,25,176,2,0.1307926758567592,-0.9914097417023038,0.9749279121818236,-0.2225209339563143,0,weekday,2025-06-25 00:00:00+00:00,2025-06-26 00:00:00+00:00,85.47708333333333,55576.083125,54372.34208333333,15134.544375,2185.4813541666667,15468.3828125,32788.40854166667,24,35.45
2025-06-26,2025,6,26,177,3,0.1137195145859496,-0.9935128947338008,0.4338837391175582,-0.900968867902419,0,weekday,2025-06-26 00:00:00+00:00,2025-06-27 00:00:00+00:00,89.16291666666666,49834.9309375,54918.150312499994,13532.219479166668,1677.4564583333333,11575.075416666667,26784.751354166667,24,35.305
2025-06-27,2025,6,27,178,4,0.0966127018812031,-0.9953220513156602,-0.433883739117558,-0.9009688679024191,0,weekday,2025-06-27 00:00:00+00:00,2025-06-28 00:00:00+00:00,82.83375,49542.870208333334,53287.3309375,14693.615208333335,3879.3054166666666,10809.0840625,29382.0046875,24,33.087
2025-06-28,2025,6,28,179,5,0.0794772999236209,-0.9968366760893436,-0.9749279121818236,-0.2225209339563146,0,weekend,2025-06-28 00:00:00+00:00,2025-06-29 00:00:00+00:00,53.20291666666666,49068.61895833333,44939.37333333333,11557.672604166668,4207.4246875,14719.939583333333,30485.036875,24,33.087
2025-06-29,2025,6,29,180,6,0.062318379354325,-0.998056320853012,-0.7818314824680299,0.6234898018587334,0,weekend,2025-06-29 00:00:00+00:00,2025-06-30 00:00:00+00:00,54.78583333333333,45491.95197916666,44119.284374999996,9724.560833333333,2242.5571875,16125.151562500001,28092.26958333333,24,33.218500000000006
2025-06-30,2025,6,30,181,0,0.0451410177739719,-0.998980624694158,0.0,1.0,0,weekday,2025-06-30 00:00:00+00:00,2025-07-01 00:00:00+00:00,104.63875,49339.886875,53776.60447916667,4335.485729166667,1152.3080208333333,18296.361145833333,23784.154895833333,24,33.35
2025-07-01,2025,7,1,182,1,0.0279502982402103,-0.999609314096404,0.7818314824680298,0.6234898018587336,0,weekday,2025-07-01 00:00:00+00:00,2025-07-02 00:00:00+00:00,143.2720833333333,51610.12427083333,54028.45583333333,5185.119791666667,1512.39125,17950.022187500002,24647.533229166667,24,33.1
2025-07-02,2025,7,2,183,2,0.0107513077635219,-0.9999422030204416,0.9749279121818236,-0.2225209339563143,0,weekday,2025-07-02 00:00:00+00:00,2025-07-03 00:00:00+00:00,102.59666666666668,52430.366875,54899.5121875,8309.644270833332,1915.381666666667,17821.493749999998,28046.5196875,24,33.98
2025-07-03,2025,7,3,184,3,-0.0064508641981051,-0.9999791929590824,0.4338837391175582,-0.900968867902419,0,weekday,2025-07-03 00:00:00+00:00,2025-07-04 00:00:00+00:00,89.30291666666666,52127.995520833334,54262.48875,13563.253125000001,2785.386354166667,13488.381979166666,29837.021458333333,24,33.65
2025-07-04,2025,7,4,185,4,-0.0236511272452315,-0.9997202729664084,-0.433883739117558,-0.9009688679024191,0,weekday,2025-07-04 00:00:00+00:00,2025-07-05 00:00:00+00:00,79.79875,49937.300833333335,54411.72625,5329.122916666666,3345.8799999999997,16623.1496875,25298.152604166666,24,33.95
2025-07-05,2025,7,5,186,5,-0.0408443915432961,-0.9991655196610107,-0.9749279121818236,-0.2225209339563146,0,weekend,2025-07-05 00:00:00+00:00,2025-07-06 00:00:00+00:00,53.623333333333335,49434.31395833333,46223.142916666664,12366.267291666665,4286.712916666666,14455.5878125,31108.568020833332,24,33.43
2025-07-06,2025,7,6,187,6,-0.0580255693287803,-0.9983150972033183,-0.7818314824680299,0.6234898018587334,0,weekend,2025-07-06 00:00:00+00:00,2025-07-07 00:00:00+00:00,75.70041666666667,41246.753333333334,45572.785625,11649.936875,1462.5351041666665,9644.3209375,22756.79291666667,24,33.32
2025-07-07,2025,7,7,188,0,-0.0751895764147585,-0.9971692572470178,0.0,1.0,0,weekday,2025-07-07 00:00:00+00:00,2025-07-08 00:00:00+00:00,99.33749999999999,47199.379375,54752.3325,9295.426770833334,2805.1198958333334,10236.5871875,22337.133854166666,24,33.21
2025-07-08,2025,7,8,189,1,-0.0923313336953912,-0.9957283388645872,0.7818314824680298,0.6234898018587336,0,weekday,2025-07-08 00:00:00+00:00,2025-07-09 00:00:00+00:00,90.13625,49554.3790625,55505.276875,11315.554166666667,2527.4177083333334,11518.354791666667,25361.326666666664,24,34.005
2025-07-09,2025,7,9,190,2,-0.1094457686489155,-0.993992768446958,0.9749279121818236,-0.2225209339563143,0,weekday,2025-07-09 00:00:00+00:00,2025-07-10 00:00:00+00:00,92.94541666666667,47922.75177083333,54007.65729166666,9735.3678125,694.6245833333334,12562.062291666667,22992.0546875,24,34.32
2025-07-10,2025,7,10,191,3,-0.1265278168386831,-0.9919630595773395,0.4338837391175582,-0.900968867902419,0,weekday,2025-07-10 00:00:00+00:00,2025-07-11 00:00:00+00:00,91.28291666666667,46439.792187499996,53732.91041666667,4712.605520833334,780.5614583333332,14546.874791666667,20040.041770833333,24,34.655
2025-07-11,2025,7,11,192,4,-0.1435724234118113,-0.9896398128792412,-0.433883739117558,-0.9009688679024191,0,weekday,2025-07-11 00:00:00+00:00,2025-07-12 00:00:00+00:00,88.81875000000001,46766.5103125,53428.082083333335,8312.927708333335,1695.241041666667,13406.924166666666,23415.092916666665,24,34.93
2025-07-12,2025,7,12,193,5,-0.1605745445949937,-0.9870237158387384,-0.9749279121818236,-0.2225209339563146,0,weekend,2025-07-12 00:00:00+00:00,2025-07-13 00:00:00+00:00,72.97583333333334,41391.25739583333,46073.983125,8381.7640625,3242.875520833333,10515.1671875,22139.806770833336,24,35.561
2025-07-13,2025,7,13,194,6,-0.1775291491870349,-0.984115542601034,-0.7818314824680299,0.6234898018587334,0,weekend,2025-07-13 00:00:00+00:00,2025-07-14 00:00:00+00:00,73.70208333333333,38567.901354166665,45085.40677083333,3138.6531250000003,1289.4052083333333,13364.355104166667,17792.4134375,24,35.5505
2025-07-14,2025,7,14,195,0,-0.1944312200476619,-0.9809161537413774,0.0,1.0,0,weekday,2025-07-14 00:00:00+00:00,2025-07-15 00:00:00+00:00,98.56,43594.0453125,53885.090208333335,4715.825625,157.09145833333335,12340.2421875,17213.159270833334,24,35.54
2025-07-15,2025,7,15,196,1,-0.2112757555821793,-0.9774264960104057,0.7818314824680298,0.6234898018587336,0,weekday,2025-07-15 00:00:00+00:00,2025-07-16 00:00:00+00:00,90.46166666666666,47242.95333333334,53913.26500000001,8128.584895833334,1483.4034375,12563.8034375,22175.79177083333,24,35.105
2025-07-16,2025,7,16,197,2,-0.2280577712215198,-0.9736476020539838,0.9749279121818236,-0.2225209339563143,0,weekday,2025-07-16 00:00:00+00:00,2025-07-17 00:00:00+00:00,96.61,47871.94645833334,52994.19479166667,9261.960416666667,1264.721875,10434.511354166667,20961.193645833333,24,34.655
2025-07-17,2025,7,17,198,3,-0.2447723008972595,-0.9695805901076308,0.4338837391175582,-0.900968867902419,0,weekday,2025-07-17 00:00:00+00:00,2025-07-18 00:00:00+00:00,93.22666666666667,50168.384375,51782.065729166665,10245.045416666666,1892.0090625,11698.345729166665,23835.400208333333,24,35.14
2025-07-18,2025,7,18,199,4,-0.2614143985111562,-0.965226663665613,-0.433883739117558,-0.9009688679024191,0,weekday,2025-07-18 00:00:00+00:00,2025-07-19 00:00:00+00:00,101.74208333333333,45035.20364583333,51923.462812499994,1291.594375,104.22604166666667,13846.872708333334,15242.693125,24,34.6
2025-07-19,2025,7,19,200,5,-0.2779791393987801,-0.9605871111248128,-0.9749279121818236,-0.2225209339563146,0,weekend,2025-07-19 00:00:00+00:00,2025-07-20 00:00:00+00:00,69.09375,43906.07395833333,44805.387291666666,5081.184895833333,1329.8333333333333,16224.930833333332,22635.9490625,24,33.595
2025-07-20,2025,7,20,201,6,-0.2944616217868012,-0.9556633054034704,-0.7818314824680299,0.6234898018587334,0,weekend,2025-07-20 00:00:00+00:00,2025-07-21 00:00:00+00:00,71.33,40912.54072916667,44810.28125,5508.524791666667,1556.0648958333334,13793.745416666667,20858.33510416667,24,33.7125
2025-07-21,2025,7,21,202,0,-0.3108569682435036,-0.9504567035349152,0.0,1.0,0,weekday,2025-07-21 00:00:00+00:00,2025-07-22 00:00:00+00:00,101.1425,45183.628333333334,54054.75270833333,7663.432604166667,1064.0058333333334,7676.448645833333,16403.88708333333,24,33.83
2025-07-22,2025,7,22,203,1,-0.3271603271220951,-0.9449688462364056,0.7818314824680298,0.6234898018587336,0,weekday,2025-07-22 00:00:00+00:00,2025-07-23 00:00:00+00:00,78.07583333333334,51370.261875,53595.521562500006,15792.7040625,1118.50125,11454.06125,28365.266562499997,24,33.215
2025-07-23,2025,7,23,204,2,-0.343366873996388,-0.939201357453208,0.9749279121818236,-0.2225209339563143,0,weekday,2025-07-23 00:00:00+00:00,2025-07-24 00:00:00+00:00,79.595,55813.71031249999,52970.5190625,16006.941562499998,2578.196354166667,12533.558645833335,31118.6965625,24,33.505
2025-07-24,2025,7,24,205,3,-0.3594718130884232,-0.9331559438780432,0.4338837391175582,-0.900968867902419,0,weekday,2025-07-24 00:00:00+00:00,2025-07-25 00:00:00+00:00,103.88291666666667,44832.10833333334,53009.589791666665,3018.9926041666663,896.5179166666667,10820.9659375,14736.476458333333,24,32.385
2025-07-25,2025,7,25,206,4,-0.3754703786876202,-0.9268343944460494,-0.433883739117558,-0.9009688679024191,0,weekday,2025-07-25 00:00:00+00:00,2025-07-26 00:00:00+00:00,97.21458333333334,44722.78104166666,51892.36604166666,3966.9636458333334,1033.1614583333333,11469.3515625,16469.476666666666,24,32.1
2025-07-26,2025,7,26,207,5,-0.3913578365610259,-0.9202385798054076,-0.9749279121818236,-0.2225209339563146,0,weekend,2025-07-26 00:00:00+00:00,2025-07-27 00:00:00+00:00,91.34916666666668,37666.69458333334,44548.18739583334,2056.6573958333333,744.2041666666668,11352.251875,14153.113437500002,24,32.499
2025-07-27,2025,7,27,208,6,-0.4071294853542516,-0.9133704517637858,-0.7818314824680299,0.6234898018587334,0,weekend,2025-07-27 00:00:00+00:00,2025-07-28 00:00:00+00:00,78.98583333333333,35548.7496875,44287.41260416667,4069.0171875,964.169375,10293.576666666666,15326.763229166667,24,32.397000000000006
2025-07-28,2025,7,28,209,0,-0.4227806579826773,-0.9062320427107696,0.0,1.0,0,weekday,2025-07-28 00:00:00+00:00,2025-07-29 00:00:00+00:00,93.89541666666668,43781.73,53655.20250000001,10973.6746875,1971.8959375000002,9361.403854166667,22306.974479166664,24,32.295
2025-07-29,2025,7,29,210,1,-0.4383067230125192,-0.898825465016444,0.7818314824680298,0.6234898018587336,0,weekday,2025-07-29 00:00:00+00:00,2025-07-30 00:00:00+00:00,77.955,49028.4365625,53228.596354166664,9876.175833333333,4072.2584375,13013.0859375,26961.52020833333,24,34.103
2025-07-30,2025,7,30,211,2,-0.4537030860313442,-0.8911529104063088,0.9749279121818236,-0.2225209339563143,0,weekday,2025-07-30 00:00:00+00:00,2025-07-31 00:00:00+00:00,75.82041666666667,51183.285833333335,52338.16697916667,12327.682083333333,4406.8875,10846.330208333335,27580.899791666667,24,33.65
2025-07-31,2025,7,31,212,3,-0.4689651910076318,-0.8832166493127127,0.4338837391175582,-0.900968867902419,0,weekday,2025-07-31 00:00:00+00:00,2025-08-01 00:00:00+00:00,87.36291666666666,49215.5325,53283.583645833336,14003.5621875,3232.0222916666667,9440.154270833335,26675.73875,24,34.685
2025-08-01,2025,8,1,213,4,-0.4840885216389758,-0.8750190302029955,-0.433883739117558,-0.9009688679024191,0,weekday,2025-08-01 00:00:00+00:00,2025-08-02 00:00:00+00:00,93.5625,42942.365208333336,51982.137604166666,7513.063229166667,1399.0863541666668,10036.7696875,18948.919270833332,24,35.15
2025-08-02,2025,8,2,214,5,-0.4990686026885319,-0.8665624788845385,-0.9749279121818236,-0.2225209339563146,0,weekend,2025-08-02 00:00:00+00:00,2025-08-03 00:00:00+00:00,65.77875,41725.7321875,45147.485625,7620.233958333333,3910.2160416666666,9952.960416666667,21483.41041666667,24,33.972
2025-08-03,2025,8,3,215,6,-0.5139010013093103,-0.8578494977869301,-0.7818314824680299,0.6234898018587334,0,weekend,2025-08-03 00:00:00+00:00,2025-08-04 00:00:00+00:00,42.27833333333333,44467.019166666665,44038.67895833333,13295.382083333332,4052.130416666667,9747.947708333333,27095.460208333334,24,34.0185
2025-08-04,2025,8,4,216,0,-0.5285813283559292,-0.8488826652214553,0.0,1.0,0,weekday,2025-08-04 00:00:00+00:00,2025-08-05 00:00:00+00:00,59.48541666666667,49182.04677083334,52787.53208333333,16831.6596875,4068.1096875000003,8642.218541666667,29541.98791666667,24,34.065
2025-08-05,2025,8,5,217,1,-0.5431052396834317,-0.8396646346181327,0.7818314824680298,0.6234898018587336,0,weekday,2025-08-05 00:00:00+00:00,2025-08-06 00:00:00+00:00,40.397083333333335,53871.9090625,51983.4790625,19067.96479166667,4810.597395833333,10880.358020833333,34758.92020833333,24,34.19
2025-08-06,2025,8,6,218,2,-0.5574684374327892,-0.8301981337405212,0.9749279121818236,-0.2225209339563143,0,weekday,2025-08-06 00:00:00+00:00,2025-08-07 00:00:00+00:00,64.77791666666667,51726.85010416667,51111.78333333333,11280.505833333335,4218.405625,15475.165833333333,30974.077291666665,24,33.995
2025-08-07,2025,8,7,219,3,-0.5716666713027052,-0.8204859638785327,0.4338837391175582,-0.900968867902419,0,weekday,2025-08-07 00:00:00+00:00,2025-08-08 00:00:00+00:00,71.6875,47309.809270833335,51604.511666666665,4876.69,2992.6997916666664,16215.974166666667,24085.36395833333,24,32.95
2025-08-08,2025,8,8,220,4,-0.5856957398073508,-0.8105309990194823,-0.433883739117558,-0.9009688679024191,0,weekday,2025-08-08 00:00:00+00:00,2025-08-09 00:00:00+00:00,77.49916666666667,46847.74270833333,51431.4515625,6230.568749999999,1850.3207291666668,15018.708125,23099.59760416667,24,32.78
2025-08-09,2025,8,9,221,5,-0.5995514915196489,-0.8003361849976323,-0.9749279121818236,-0.2225209339563146,0,weekend,2025-08-09 00:00:00+00:00,2025-08-10 00:00:00+00:00,60.528333333333336,42116.95375,44053.48458333334,4400.1648958333335,1598.5218750000001,16290.241770833332,22288.928541666668,24,32.446
2025-08-10,2025,8,10,222,6,-0.6132298262997502,-0.7899045386224707,-0.7818314824680299,0.6234898018587334,0,weekend,2025-08-10 00:00:00+00:00,2025-08-11 00:00:00+00:00,48.129999999999995,42658.85958333333,43486.4365625,7379.349166666667,1523.6107291666667,16841.332291666666,25744.2921875,24,32.468
2025-08-11,2025,8,11,223,0,-0.6267266965083301,-0.7792391467859886,0.0,1.0,0,weekday,2025-08-11 00:00:00+00:00,2025-08-12 00:00:00+00:00,84.63458333333334,46464.33729166666,51729.238645833335,3105.4391666666666,397.2496875,17879.759374999998,21382.448229166668,24,32.49
2025-08-12,2025,8,12,224,1,-0.6400381082043503,-0.7683431655492202,0.7818314824680298,0.6234898018587336,0,weekday,2025-08-12 00:00:00+00:00,2025-08-13 00:00:00+00:00,85.76083333333332,51805.582395833335,52052.6290625,6088.8521875,1054.641875,17049.1353125,24192.629375,24,33.065
2025-08-13,2025,8,13,225,2,-0.65316012232693,-0.7572198192083127,0.9749279121818236,-0.2225209339563143,0,weekday,2025-08-13 00:00:00+00:00,2025-08-14 00:00:00+00:00,100.72041666666667,49703.57875000001,51412.88999999999,5159.815625,1313.7977083333333,17142.566145833334,23616.179479166665,24,32.615
2025-08-14,2025,8,14,226,3,-0.666088855860977,-0.7458723993404063,0.4338837391175582,-0.900968867902419,0,weekday,2025-08-14 00:00:00+00:00,2025-08-15 00:00:00+00:00,106.02916666666665,47464.11135416667,51648.39791666667,2957.6061458333334,787.7576041666666,15972.301875,19717.665625,24,32.86
2025-08-15,2025,8,15,227,4,-0.6788204829862355,-0.734304263829602,-0.433883739117558,-0.9009688679024191,0,weekday,2025-08-15 00:00:00+00:00,2025-08-16 00:00:00+00:00,73.54958333333333,47481.64739583334,49663.739375000005,7645.124583333333,2275.1628125,15427.226458333333,25347.513854166667,24,31.975
2025-08-16,2025,8,16,228,5,-0.6913512362094071,-0.722518835873311,-0.9749279121818236,-0.2225209339563146,0,weekend,2025-08-16 00:00:00+00:00,2025-08-17 00:00:00+00:00,60.7075,45458.43072916666,45269.955937499995,11054.074895833333,4006.8914583333335,12525.996979166666,27586.963333333333,24,31.031
2025-08-17,2025,8,17,229,6,-0.7036774074790128,-0.7105196029692745,-0.7818314824680299,0.6234898018587334,0,weekend,2025-08-17 00:00:00+00:00,2025-08-18 00:00:00+00:00,64.26041666666667,39999.87541666667,43546.180625,4589.2115625,1662.5814583333333,13943.469375,20195.26239583333,24,30.8405
2025-08-18,2025,8,18,230,0,-0.7157953492826642,-0.6983101158835584,0.0,1.0,0,weekday,2025-08-18 00:00:00+00:00,2025-08-19 00:00:00+00:00,92.45625,47012.17552083333,51576.74510416667,2508.6945833333334,153.96510416666666,16770.274166666666,19432.933854166666,24,30.65
2025-08-19,2025,8,19,231,1,-0.7277014757264236,-0.6858939875998223,0.7818314824680298,0.6234898018587336,0,weekday,2025-08-19 00:00:00+00:00,2025-08-20 00:00:00+00:00,82.48125,47772.159270833334,52923.05270833333,3395.1205208333336,1351.5257291666667,16866.743229166666,21613.389479166664,24,30.725
2025-08-20,2025,8,20,232,2,-0.7393922635959241,-0.673274892250183,0.9749279121818236,-0.2225209339563143,0,weekday,2025-08-20 00:00:00+00:00,2025-08-21 00:00:00+00:00,91.09541666666667,47444.85999999999,52293.28895833334,6587.828750000001,2061.4138541666666,13049.366979166667,21698.609583333335,24,31.375
2025-08-21,2025,8,21,233,3,-0.7508642533989489,-0.6604565640279754,0.4338837391175582,-0.900968867902419,0,weekday,2025-08-21 00:00:00+00:00,2025-08-22 00:00:00+00:00,92.41958333333334,48650.4534375,52308.010625,9938.080520833333,2858.5785416666663,11150.217708333335,23946.876770833333,24,32.245
2025-08-22,2025,8,22,234,4,-0.7621140503891487,-0.6474427960827475,-0.433883739117558,-0.9009688679024191,0,weekday,2025-08-22 00:00:00+00:00,2025-08-23 00:00:00+00:00,74.60708333333334,50602.69635416666,51480.3009375,12336.7684375,3925.3422916666664,12226.035520833333,28488.14625,24,33.4
2025-08-23,2025,8,23,235,5,-0.7731383255706026,-0.6342374393978054,-0.9749279121818236,-0.2225209339563146,0,weekend,2025-08-23 00:00:00+00:00,2025-08-24 00:00:00+00:00,68.57791666666667,44413.94260416667,44967.47583333333,11202.031145833333,3253.3517708333334,10706.694583333332,25162.0775,24,33.573
2025-08-24,2025,8,24,236,6,-0.7839338166829201,-0.620844401650647,-0.7818314824680299,0.6234898018587334,0,weekend,2025-08-24 00:00:00+00:00,2025-08-25 00:00:00+00:00,62.79,40513.861979166664,43460.99895833333,6153.327083333334,1946.8121875,13073.623958333335,21173.763229166667,24,33.424
2025-08-25,2025,8,25,237,0,-0.7944973291665992,-0.6072676460566135,0.0,1.0,0,weekday,2025-08-25 00:00:00+00:00,2025-08-26 00:00:00+00:00,90.49958333333332,47094.15604166667,52056.411250000005,4629.0265625,1171.625,15199.273541666667,20999.92510416667,24,33.275
2025-08-26,2025,8,26,238,1,-0.8048257371083452,-0.593511190196115,0.7818314824680298,0.6234898018587336,0,weekday,2025-08-26 00:00:00+00:00,2025-08-27 00:00:00+00:00,99.46125,48815.6771875,52556.61958333334,4045.5129166666666,1301.6320833333334,14990.580833333333,20337.725833333334,24,33.6
2025-08-27,2025,8,27,239,2,-0.8149159841660791,-0.5795791048257612,0.9749279121818236,-0.2225209339563143,0,weekday,2025-08-27 00:00:00+00:00,2025-08-28 00:00:00+00:00,105.14208333333333,48250.514375,52973.94666666666,6118.5740625,1159.3134375,11805.83,19083.717500000002,24,32.7
2025-08-28,2025,8,28,240,3,-0.8247650844733614,-0.5654755126737576,0.4338837391175582,-0.900968867902419,0,weekday,2025-08-28 00:00:00+00:00,2025-08-29 00:00:00+00:00,115.64999999999999,42367.081458333334,53202.050416666665,4066.264375,887.4717708333333,5881.719895833333,10835.456041666666,24,31.275
2025-08-29,2025,8,29,241,4,-0.8343701235229538,-0.5512045872199277,-0.433883739117558,-0.9009688679024191,0,weekday,2025-08-29 00:00:00+00:00,2025-08-30 00:00:00+00:00,94.97333333333334,47512.0140625,52233.059270833335,7184.169270833333,1678.4391666666668,9848.3053125,18710.91375,24,31.75
2025-08-30,2025,8,30,242,5,-0.8437282590292712,-0.5367705514607103,-0.9749279121818236,-0.2225209339563146,0,weekend,2025-08-30 00:00:00+00:00,2025-08-31 00:00:00+00:00,70.33375,43370.5225,45414.42124999999,7522.325833333333,2634.5639583333336,11107.6428125,21264.532604166667,24,31.622
2025-08-31,2025,8,31,243,6,-0.8528367217694595,-0.522177676659508,-0.7818314824680299,0.6234898018587334,0,weekend,2025-08-31 00:00:00+00:00,2025-09-01 00:00:00+00:00,58.069583333333334,42170.08739583333,44590.36739583333,7743.300729166666,2796.4478125,12150.817708333334,22690.56625,24,31.9485
2025-09-01,2025,9,1,244,0,-0.8616928164028522,-0.5074302810827518,0.0,1.0,0,weekday,2025-09-01 00:00:00+00:00,2025-09-02 00:00:00+00:00,102.77291666666667,45507.121875000004,52831.197916666664,7058.886979166667,1455.0520833333333,10165.599895833333,18679.538958333334,24,32.275
2025-09-02,2025,9,2,245,1,-0.8702939222685674,-0.4925327287220543,0.7818314824680298,0.6234898018587336,0,weekday,2025-09-02 00:00:00+00:00,2025-09-03 00:00:00+00:00,123.00999999999999,46706.24145833333,53281.463958333334,5521.900520833333,1359.88875,8578.094479166666,15459.88375,24,32.2
2025-09-03,2025,9,3,246,2,-0.8786374941610001,-0.4774894280028391,0.9749279121818236,-0.2225209339563143,0,weekday,2025-09-03 00:00:00+00:00,2025-09-04 00:00:00+00:00,60.58041666666667,57293.5728125,53500.950729166674,21421.2465625,4421.549479166667,11317.107604166667,37159.903645833336,24,31.525
2025-09-04,2025,9,4,247,3,-0.886721063082993,-0.4623048304798108,0.4338837391175582,-0.900968867902419,0,weekday,2025-09-04 00:00:00+00:00,2025-09-05 00:00:00+00:00,93.98,49705.885937499996,54106.908541666664,11045.932708333334,3107.435,11217.224583333335,25370.592291666664,24,31.84
2025-09-05,2025,9,5,248,4,-0.8945422369764496,-0.4469834295196741,-0.433883739117558,-0.9009688679024191,0,weekday,2025-09-05 00:00:00+00:00,2025-09-06 00:00:00+00:00,101.06208333333332,45948.95979166666,53177.791041666664,6828.103541666667,1508.0184375,8132.705729166667,16468.827708333334,24,32.52
2025-09-06,2025,9,6,249,5,-0.9020987014301836,-0.4315297589714714,-0.9749279121818236,-0.2225209339563146,0,weekend,2025-09-06 00:00:00+00:00,2025-09-07 00:00:00+00:00,74.75125,41414.49989583334,44677.402708333335,3292.8109375,577.9355208333333,14232.9228125,18103.669270833332,24,31.969
2025-09-07,2025,9,7,250,6,-0.9093882203647924,-0.4159483918249421,-0.7818314824680299,0.6234898018587334,0,weekend,2025-09-07 00:00:00+00:00,2025-09-08 00:00:00+00:00,41.69708333333333,47352.740312500006,44360.03125,11698.549166666666,3813.6104166666664,14473.320104166667,29985.479687500003,24,32.084500000000006
2025-09-08,2025,9,8,251,0,-0.9164086366943458,-0.4002439388573056,0.0,1.0,0,weekday,2025-09-08 00:00:00+00:00,2025-09-09 00:00:00+00:00,126.57833333333333,47332.466145833336,54684.32958333333,6100.915520833333,2398.1920833333334,10854.593645833333,19353.701250000002,24,32.2
2025-09-09,2025,9,9,252,1,-0.923157872964704,-0.3844210472688554,0.7818314824680298,0.6234898018587336,0,weekday,2025-09-09 00:00:00+00:00,2025-09-10 00:00:00+00:00,142.19166666666666,44604.026041666664,54564.94395833334,3902.1252083333334,978.7884375,8139.870520833334,13020.784166666666,24,33.085
2025-09-10,2025,9,10,253,2,-0.9296339319682696,-0.3684843993077793,0.9749279121818236,-0.2225209339563143,0,weekday,2025-09-10 00:00:00+00:00,2025-09-11 00:00:00+00:00,124.82416666666666,43985.519583333335,54511.462812499994,3109.763645833333,1582.7286458333335,8420.618229166666,13113.110520833332,24,33.24
2025-09-11,2025,9,11,254,3,-0.935834897334994,-0.3524387108846032,0.4338837391175582,-0.900968867902419,0,weekday,2025-09-11 00:00:00+00:00,2025-09-12 00:00:00+00:00,68.58749999999999,53357.00604166667,54806.54552083334,17510.079583333336,4965.842395833333,9731.803750000001,32207.725729166665,24,32.51
2025-09-12,2025,9,12,255,4,-0.9417589340994617,-0.3362887301766828,-0.433883739117558,-0.9009688679024191,0,weekday,2025-09-12 00:00:00+00:00,2025-09-13 00:00:00+00:00,58.24583333333334,53664.25718750001,54239.854687499996,18619.714375,4862.9434375,10915.1340625,34397.791875,24,32.395
2025-09-13,2025,9,13,256,5,-0.9474042892438844,-0.3200392362231385,-0.9749279121818236,-0.2225209339563146,0,weekend,2025-09-13 00:00:00+00:00,2025-09-14 00:00:00+00:00,61.68291666666667,45959.5759375,45779.3025,13752.980104166667,5124.613020833333,9002.797604166666,27880.390729166666,24,32.662
2025-09-14,2025,9,14,257,6,-0.9527692922168512,-0.3036950375106588,-0.7818314824680299,0.6234898018587334,0,weekend,2025-09-14 00:00:00+00:00,2025-09-15 00:00:00+00:00,68.53,41927.285312500004,45084.34125,10216.370208333334,2526.3334375,9888.403541666667,22631.1071875,24,32.431
2025-09-15,2025,9,15,258,0,-0.9578523554276668,-0.2872609705505963,0.0,1.0,0,weekday,2025-09-15 00:00:00+00:00,2025-09-16 00:00:00+00:00,7.950833333333333,65842.67541666667,55345.46604166667,36278.12291666667,4611.098541666667,10068.714062500001,50957.935520833336,24,32.2
2025-09-16,2025,9,16,259,1,-0.9626519747161488,-0.2707418984477642,0.7818314824680298,0.6234898018587336,0,weekday,2025-09-16 00:00:00+00:00,2025-09-17 00:00:00+00:00,25.750833333333333,66430.9484375,55211.4078125,37617.5753125,4904.929895833334,9506.229375,52028.73458333334,24,31.91
2025-09-17,2025,9,17,260,2,-0.9671667297977312,-0.2541427094613622,0.9749279121818236,-0.2225209339563143,0,weekday,2025-09-17 00:00:00+00:00,2025-09-18 00:00:00+00:00,74.51458333333333,55468.95072916666,54889.54625000001,21602.436458333334,6010.236875,8403.181354166667,36015.854687499996,24,32.605
2025-09-18,2025,9,18,261,3,-0.97139528468375,-0.2374683155584684,0.4338837391175582,-0.900968867902419,0,weekday,2025-09-18 00:00:00+00:00,2025-09-19 00:00:00+00:00,68.05875,56202.69260416667,54931.638020833336,19291.732500000002,6087.545208333333,10483.049791666666,35862.3275,24,32.555
2025-09-19,2025,9,19,262,4,-0.9753363880767836,-0.2207236509605022,-0.433883739117558,-0.9009688679024191,0,weekday,2025-09-19 00:00:00+00:00,2025-09-20 00:00:00+00:00,97.55208333333333,52038.158854166664,55160.47489583333,10751.057395833333,4410.9610416666665,13266.839479166665,28428.857916666664,24,32.66
2025-09-20,2025,9,20,263,5,-0.978988873740932,-0.2039136706831147,-0.9749279121818236,-0.2225209339563146,0,weekend,2025-09-20 00:00:00+00:00,2025-09-21 00:00:00+00:00,53.4075,48157.5609375,46540.2146875,13690.4275,4272.028854166667,12994.2978125,30956.754166666666,24,32.308
2025-09-21,2025,9,21,264,6,-0.9823516608469236,-0.1870433490699165,-0.7818314824680299,0.6234898018587334,0,weekend,2025-09-21 00:00:00+00:00,2025-09-22 00:00:00+00:00,39.00208333333333,48100.18083333334,45525.37645833333,17141.513645833333,5514.073854166666,7873.5017708333335,30529.08927083333,24,32.204
2025-09-22,2025,9,22,265,0,-0.9854237542919524,-0.1701176783204905,0.0,1.0,0,weekday,2025-09-22 00:00:00+00:00,2025-09-23 00:00:00+00:00,98.13875,47077.20041666667,53931.93822916667,11782.4828125,4281.60625,5077.915416666667,21142.004479166666,24,32.1
2025-09-23,2025,9,23,266,1,-0.9882042449941422,-0.15314166701312,0.7818314824680298,0.6234898018587336,0,weekday,2025-09-23 00:00:00+00:00,2025-09-24 00:00:00+00:00,102.55416666666667,49854.46197916666,54771.58052083334,11042.35,1710.9215625,8408.885104166666,21162.156666666666,24,32.03
2025-09-24,2025,9,24,267,2,-0.9906923101615608,-0.136120338622667,0.9749279121818236,-0.2225209339563143,0,weekday,2025-09-24 00:00:00+00:00,2025-09-25 00:00:00+00:00,78.93166666666667,54141.059375000004,55053.08520833333,22920.568750000002,2419.4136458333337,7469.029270833334,32809.011666666665,24,32.16
2025-09-25,2025,9,25,268,3,-0.9928872135356962,-0.1190587300340498,0.4338837391175582,-0.900968867902419,0,weekday,2025-09-25 00:00:00+00:00,2025-09-26 00:00:00+00:00,82.81916666666667,54990.09427083333,55422.29510416667,24260.766875,4891.3990625,5753.008125,34905.1740625,24,32.405
2025-09-26,2025,9,26,269,4,-0.994788305609327,-0.1019618900517457,-0.433883739117558,-0.9009688679024191,0,weekday,2025-09-26 00:00:00+00:00,2025-09-27 00:00:00+00:00,95.86791666666666,49676.85864583333,54548.6871875,15130.320625,4998.050208333333,6143.107291666667,26271.478124999998,24,32.655
2025-09-27,2025,9,27,270,5,-0.9963950238187232,-0.0848348779057653,-0.9749279121818236,-0.2225209339563146,0,weekend,2025-09-27 00:00:00+00:00,2025-09-28 00:00:00+00:00,94.15916666666668,39492.6378125,46259.04729166667,7523.266666666666,2717.5125000000003,7340.2975,17581.076666666664,24,32.697
2025-09-28,2025,9,28,271,6,-0.9977068927101168,-0.0676827617545516,-0.7818314824680299,0.6234898018587334,0,weekend,2025-09-28 00:00:00+00:00,2025-09-29 00:00:00+00:00,86.90750000000001,37768.71333333333,46028.3915625,3603.8475,756.9435416666666,10112.935729166666,14473.726770833333,24,32.4885
2025-09-29,2025,9,29,272,0,-0.9987235240803972,-0.0505106171852228,0.0,1.0,0,weekday,2025-09-29 00:00:00+00:00,2025-09-30 00:00:00+00:00,132.00041666666667,45995.69385416667,56296.7565625,3962.6158333333333,643.1019791666666,9127.257083333334,13732.974895833335,24,32.28
2025-09-30,2025,9,30,273,1,-0.9994446170919858,-0.0333235257116313,0.7818314824680298,0.6234898018587336,0,weekday,2025-09-30 00:00:00+00:00,2025-10-01 00:00:00+00:00,135.64166666666668,47138.67770833333,56300.01,5285.927083333333,995.1290625,7237.598645833333,13518.654791666668,24,32.255
2025-10-01,2025,10,1,274,2,-0.9998699583618592,-0.0161265732706577,0.9749279121818236,-0.2225209339563143,0,weekday,2025-10-01 00:00:00+00:00,2025-10-02 00:00:00+00:00,116.67135416666667,48718.56166666667,56624.51666666666,4064.1380208333335,1343.7636458333334,10653.728541666667,16061.630208333334,24,31.275
2025-10-02,2025,10,2,275,3,-0.9999994220246924,0.0010751512827982,0.4338837391175582,-0.900968867902419,0,weekday,2025-10-02 00:00:00+00:00,2025-10-03 00:00:00+00:00,102.24874999999999,50515.83604166666,55180.370416666665,5568.081354166668,3215.4094791666666,11361.914583333333,20145.405416666665,24,31.445
2025-10-03,2025,10,3,276,4,-0.999832969770105,0.0182765576816912,-0.433883739117558,-0.9009688679024191,1,holiday,2025-10-03 00:00:00+00:00,2025-10-04 00:00:00+00:00,60.04750000000001,48723.61770833333,48030.19822916667,16845.84,4905.60125,9551.886458333332,31303.327708333334,24,31.105
2025-10-04,2025,10,4,277,5,-0.9993706508539968,0.0354725557531255,-0.9749279121818236,-0.2225209339563146,0,weekend,2025-10-04 00:00:00+00:00,2025-10-05 00:00:00+00:00,-0.3983333333333334,59343.52208333334,48016.3490625,40074.83447916667,4361.719895833333,3648.18,48084.734375,24,31.438
2025-10-05,2025,10,5,278,6,-0.9986126020839734,0.052658056924614,-0.7818314824680299,0.6234898018587334,0,weekend,2025-10-05 00:00:00+00:00,2025-10-06 00:00:00+00:00,3.1119791666666665,59233.61802083333,47651.76020833334,36950.62333333333,3789.0638541666667,5676.378645833333,46416.065833333334,24,31.944000000000003
2025-10-06,2025,10,6,279,0,-0.9975590477788612,0.0698279757298708,0.0,1.0,0,weekday,2025-10-06 00:00:00+00:00,2025-10-07 00:00:00+00:00,93.01354166666665,54998.605416666665,57235.4715625,22756.085208333334,3723.314895833333,3897.1696875000002,30376.56979166667,24,32.45
2025-10-07,2025,10,7,280,1,-0.9962102997023295,0.0869772313136861,0.7818314824680298,0.6234898018587336,0,weekday,2025-10-07 00:00:00+00:00,2025-10-08 00:00:00+00:00,137.47760416666668,43986.8459375,57079.7034375,4541.372916666666,2304.3229166666665,2982.827604166667,9828.5234375,24,33.5
2025-10-08,2025,10,8,281,2,-0.9945667569706336,0.1041007489354256,0.9749279121818236,-0.2225209339563143,0,weekday,2025-10-08 00:00:00+00:00,2025-10-09 00:00:00+00:00,117.96197916666667,45869.14729166666,57116.6709375,4456.935833333334,1850.58625,4832.1584375,11139.680520833334,24,33.57
2025-10-09,2025,10,9,282,3,-0.9926289059345096,0.121193461470736,0.4338837391175582,-0.900968867902419,0,weekday,2025-10-09 00:00:00+00:00,2025-10-10 00:00:00+00:00,104.31375000000001,51690.121458333335,56762.60041666666,9863.258333333333,4256.470416666667,5554.545416666667,19674.274166666666,24,32.195
2025-10-10,2025,10,10,283,4,-0.9903973200352558,0.1382503109109819,-0.433883739117558,-0.9009688679024191,0,weekday,2025-10-10 00:00:00+00:00,2025-10-11 00:00:00+00:00,96.85375,51758.0415625,56781.48322916666,14659.980520833333,4008.898125,6411.221041666667,25080.0996875,24,32.08
2025-10-11,2025,10,11,284,5,-0.9878726596350428,0.1552662498599956,-0.9749279121818236,-0.2225209339563146,0,weekend,2025-10-11 00:00:00+00:00,2025-10-12 00:00:00+00:00,91.02718750000001,41918.63208333334,48745.964895833335,10426.4078125,2973.9322916666665,5443.568854166667,18843.908958333333,24,32.17
2025-10-12,2025,10,12,285,6,-0.9850556718215012,0.172236243027682,-0.7818314824680299,0.6234898018587334,0,weekend,2025-10-12 00:00:00+00:00,2025-10-13 00:00:00+00:00,89.06083333333333,41405.465625000004,48344.03177083333,8879.792187500001,3324.9483333333333,4445.229791666667,16649.9703125,24,31.997500000000002
2025-10-13,2025,10,13,286,0,-0.981947190186646,0.1891552687200409,0.0,1.0,0,weekday,2025-10-13 00:00:00+00:00,2025-10-14 00:00:00+00:00,140.26343749999998,44872.76145833333,57461.613229166665,2076.9572916666666,1097.813125,6181.546145833334,9356.3165625,24,31.825
2025-10-14,2025,10,14,287,1,-0.9785481345802032,0.2060183203251708,0.7818314824680298,0.6234898018587336,0,weekday,2025-10-14 00:00:00+00:00,2025-10-15 00:00:00+00:00,156.78572916666667,48255.07375,57187.3871875,3991.8445833333335,2509.045833333333,5462.631770833334,11963.522187499999,24,31.46
2025-10-15,2025,10,15,288,2,-0.9748595108374124,0.2228204077947995,0.9749279121818236,-0.2225209339563143,0,weekday,2025-10-15 00:00:00+00:00,2025-10-16 00:00:00+00:00,143.54395833333334,47515.23635416667,57268.449583333335,2980.4443750000005,2628.7623958333334,4788.450729166667,10397.6575,24,31.75
2025-10-16,2025,10,16,289,3,-0.9708824104813836,0.239556559120927,0.4338837391175582,-0.900968867902419,0,weekday,2025-10-16 00:00:00+00:00,2025-10-17 00:00:00+00:00,100.20156250000001,51850.591770833336,57236.13479166667,9655.421875,4739.855729166667,4784.247812500001,19179.525416666667,24,32.265
2025-10-17,2025,10,17,290,4,-0.9666180104000972,0.2562218218071163,-0.433883739117558,-0.9009688679024191,0,weekday,2025-10-17 00:00:00+00:00,2025-10-18 00:00:00+00:00,104.806875,50580.231770833336,56554.90916666667,9661.333958333333,3686.6944791666665,4887.542291666667,18235.570729166666,24,32.195
2025-10-18,2025,10,18,291,5,-0.9620675724981452,0.2728112643340191,-0.9749279121818236,-0.2225209339563146,0,weekend,2025-10-18 00:00:00+00:00,2025-10-19 00:00:00+00:00,95.5859375,41526.40020833333,48540.808541666665,5500.577083333334,1033.1053125,8553.664791666666,15087.347187500001,24,31.816
2025-10-19,2025,10,19,292,6,-0.957232443323312,0.2893199776186952,-0.7818314824680299,0.6234898018587334,0,weekend,2025-10-19 00:00:00+00:00,2025-10-20 00:00:00+00:00,73.50260416666667,45742.130000000005,48612.46156250001,15819.486354166665,4295.1648958333335,6503.467187499999,26618.1184375,24,31.795499999999997
2025-10-20,2025,10,20,293,0,-0.9521140536681102,0.3057430764672831,0.0,1.0,0,weekday,2025-10-20 00:00:00+00:00,2025-10-21 00:00:00+00:00,81.21927083333334,55995.653645833336,56881.01291666667,24699.573854166665,5889.4608333333335,4486.039791666667,35075.074479166666,24,31.775
2025-10-21,2025,10,21,294,1,-0.9467139181463862,0.3220757010206104,0.7818314824680298,0.6234898018587336,0,weekday,2025-10-21 00:00:00+00:00,2025-10-22 00:00:00+00:00,70.8425,60781.7721875,56574.61083333334,28291.338541666668,6150.547083333334,5485.4990625,39927.3846875,24,31.435
2025-10-22,2025,10,22,295,2,-0.9410336347451196,0.3383130181923076,0.9749279121818236,-0.2225209339563143,0,weekday,2025-10-22 00:00:00+00:00,2025-10-23 00:00:00+00:00,126.189375,51172.081666666665,56488.76614583333,10723.965208333333,3519.0829166666667,3435.537083333333,17678.585208333334,24,32.05
2025-10-23,2025,10,23,296,3,-0.9350748843515574,0.3544502230989869,0.4338837391175582,-0.900968867902419,0,weekday,2025-10-23 00:00:00+00:00,2025-10-24 00:00:00+00:00,75.01458333333333,59505.08885416667,57960.442708333336,32359.3275,4672.946666666667,2819.424791666667,39851.698958333334,24,32.25
2025-10-24,2025,10,24,297,4,-0.9288394302558068,0.3704825404820963,-0.433883739117558,-0.9009688679024191,0,weekday,2025-10-24 00:00:00+00:00,2025-10-25 00:00:00+00:00,31.530416666666667,68159.62343749999,57692.8371875,42332.839479166665,4545.5746874999995,4870.899895833333,51749.3140625,24,32.2
2025-10-25,2025,10,25,298,5,-0.9223291176290545,0.3864052261209853,-0.9749279121818236,-0.2225209339563146,0,weekend,2025-10-25 00:00:00+00:00,2025-10-26 00:00:00+00:00,11.432916666666666,63033.19255208334,48549.82697916666,36924.26046875,5624.616770833333,3120.0228125,44214.98416666666,24,32.016
2025-10-26,2025,10,26,299,6,-0.9155458729775467,0.4022135682368036,-0.7818314824680299,0.6234898018587334,0,weekend,2025-10-26 00:00:00+00:00,2025-10-27 00:00:00+00:00,6.479687500000001,64519.13197916667,47998.29197916667,40172.1246875,5006.713333333333,3777.5423958333336,48956.38041666666,24,31.698
2025-10-27,2025,10,27,300,0,-0.9084917035725082,0.4179028888867866,0.0,1.0,0,weekday,2025-10-27 00:00:00+00:00,2025-10-28 00:00:00+00:00,70.28291666666667,62819.113229166665,59189.78052083333,35245.99333333333,4760.5253125,2342.857395833333,42349.37604166667,24,31.38
2025-10-28,2025,10,28,301,1,-0.9011686968561567,0.4334685453485363,0.7818314824680298,0.6234898018587336,0,weekday,2025-10-28 00:00:00+00:00,2025-10-29 00:00:00+00:00,67.36770833333334,64966.82104166667,58879.91916666667,35563.533854166664,5534.591666666667,2528.1363541666665,43626.261875000004,24,31.315
2025-10-29,2025,10,29,302,2,-0.8935790198239952,0.4489059314938798,0.9749279121818236,-0.2225209339563143,0,weekday,2025-10-29 00:00:00+00:00,2025-10-30 00:00:00+00:00,88.44239583333332,57228.83729166666,58671.473020833335,21804.6371875,5093.0155208333335,5843.584374999999,32741.23708333333,24,31.869
2025-10-30,2025,10,30,303,3,-0.8857249183835637,0.4642104791518923,0.4338837391175582,-0.900968867902419,0,weekday,2025-10-30 00:00:00+00:00,2025-10-31 00:00:00+00:00,70.10520833333334,59920.616875,59123.1978125,27068.77010416667,4602.974166666667,6046.930833333333,37718.675104166665,24,36.0
2025-10-31,2025,10,31,304,4,-0.8776087166898392,0.4793776594606945,-0.433883739117558,-0.9009688679024191,0,weekday,2025-10-31 00:00:00+00:00,2025-11-01 00:00:00+00:00,92.00510416666667,48346.78083333333,56220.338229166664,13604.780312500001,4503.779270833334,6715.225520833334,24823.78510416667,24,31.185
2025-11-01,2025,11,1,305,5,-0.8692328164574792,0.4944029842076181,-0.9749279121818236,-0.2225209339563146,0,weekend,2025-11-01 00:00:00+00:00,2025-11-02 00:00:00+00:00,48.05197916666666,49594.833125000005,46506.263229166674,20932.755833333333,5708.544583333333,4097.712500000001,30739.01291666667,24,31.122
2025-11-02,2025,11,2,306,6,-0.8605996962501181,0.5092820071573356,-0.7818314824680299,0.6234898018587334,0,weekend,2025-11-02 00:00:00+00:00,2025-11-03 00:00:00+00:00,86.77718750000001,41643.6046875,49493.64708333334,13003.222291666667,3817.4419791666664,2287.215833333333,19107.880104166667,24,31.3385
2025-11-03,2025,11,3,307,0,-0.8517119107469189,0.5240103253675756,0.0,1.0,0,weekday,2025-11-03 00:00:00+00:00,2025-11-04 00:00:00+00:00,75.754375,56176.105,57666.566875,21942.114375,5546.510104166667,4702.114270833333,32190.73875,24,31.555
2025-11-04,2025,11,4,308,1,-0.8425720899866032,0.5385835804920232,0.7818314824680298,0.6234898018587336,0,weekday,2025-11-04 00:00:00+00:00,2025-11-05 00:00:00+00:00,76.19395833333333,56386.5115625,57468.910104166665,18253.789791666666,6031.245625,6338.584062499999,30623.619479166668,24,31.94
2025-11-05,2025,11,5,309,2,-0.8331829385891785,0.5529974600700271,0.9749279121818236,-0.2225209339563143,0,weekday,2025-11-05 00:00:00+00:00,2025-11-06 00:00:00+00:00,94.211875,54608.96177083333,57592.57833333334,14395.395104166666,4331.0509375,7148.043229166667,25874.489270833335,24,32.1
2025-11-06,2025,11,6,310,3,-0.8235472349556007,0.5672476988027229,0.4338837391175582,-0.900968867902419,0,weekday,2025-11-06 00:00:00+00:00,2025-11-07 00:00:00+00:00,106.16447916666668,51344.22697916667,58325.96697916667,8784.770833333334,1480.9582291666666,6737.788854166666,17003.517916666668,24,31.445
2025-11-07,2025,11,7,311,4,-0.8136678304455991,0.5813300798152042,-0.433883739117558,-0.9009688679024191,0,weekday,2025-11-07 00:00:00+00:00,2025-11-08 00:00:00+00:00,111.124375,46646.018020833326,59581.44697916667,4105.435208333333,694.6779166666666,5223.928229166667,10024.041354166666,24,31.49
2025-11-08,2025,11,8,312,5,-0.8035476485339116,0.5952404359043674,-0.9749279121818236,-0.2225209339563146,0,weekend,2025-11-08 00:00:00+00:00,2025-11-09 00:00:00+00:00,106.52708333333334,40477.68604166667,51923.41572916667,1261.7688541666666,105.79333333333334,3098.634791666667,4466.196979166667,24,31.201
2025-11-09,2025,11,9,313,6,-0.7931896839451843,0.6089746507720486,-0.7818314824680299,0.6234898018587334,0,weekend,2025-11-09 00:00:00+00:00,2025-11-10 00:00:00+00:00,98.73843749999999,38089.951250000006,50422.57822916666,2543.2265625,385.616875,1721.6252083333331,4650.4686458333335,24,31.250500000000002
2025-11-10,2025,11,10,314,0,-0.7825970017677834,0.6225286602431057,0.0,1.0,0,weekday,2025-11-10 00:00:00+00:00,2025-11-11 00:00:00+00:00,109.70479166666667,48665.11177083334,59959.65875,5303.000520833333,2730.7022916666665,2686.3951041666664,10720.097916666668,24,31.3
2025-11-11,2025,11,11,315,1,-0.7717727365467836,0.6358984534680745,0.7818314824680298,0.6234898018587336,0,weekday,2025-11-11 00:00:00+00:00,2025-11-12 00:00:00+00:00,96.71385416666668,53823.04864583333,59868.01635416667,13787.188229166668,4631.310625,3428.7359375,21847.234791666666,24,31.04
2025-11-12,2025,11,12,316,2,-0.7607200913564104,0.6490800741100398,0.9749279121818236,-0.2225209339563143,0,weekday,2025-11-12 00:00:00+00:00,2025-11-13 00:00:00+00:00,78.70854166666666,58504.08229166667,59735.6809375,22207.41729166667,5978.993125,5523.622916666667,33710.03333333333,24,31.365
2025-11-13,2025,11,13,317,3,-0.7494423368521954,0.6620696215153815,0.4338837391175582,-0.900968867902419,0,weekday,2025-11-13 00:00:00+00:00,2025-11-14 00:00:00+00:00,72.73833333333333,60595.12041666667,59327.43854166666,25006.193854166664,4625.924270833333,5847.800520833333,35479.918645833335,24,31.01
2025-11-14,2025,11,14,318,4,-0.7379428103031386,0.6748632518680403,-0.433883739117558,-0.9009688679024191,0,weekday,2025-11-14 00:00:00+00:00,2025-11-15 00:00:00+00:00,106.013125,52459.18729166667,58849.52635416667,11283.565416666666,3092.455104166667,3944.741145833333,18320.76166666667,24,30.745
2025-11-15,2025,11,15,319,5,-0.7262249146041543,0.6874571793269664,-0.9749279121818236,-0.2225209339563146,0,weekend,2025-11-15 00:00:00+00:00,2025-11-16 00:00:00+00:00,91.50677083333333,49764.07354166667,52022.44583333333,16774.279166666667,5181.7990625,2174.3615624999998,24130.439791666668,24,31.25
2025-11-16,2025,11,16,320,6,-0.7142921172691032,0.699847677146407,-0.7818314824680299,0.6234898018587334,0,weekend,2025-11-16 00:00:00+00:00,2025-11-17 00:00:00+00:00,101.315625,41721.5684375,51142.23854166667,7467.591875000001,3304.644791666667,2690.8304166666667,13463.067083333333,24,31.3625
2025-11-17,2025,11,17,321,0,-0.7021479494046978,0.7120310787787131,0.0,1.0,0,weekday,2025-11-17 00:00:00+00:00,2025-11-18 00:00:00+00:00,94.63916666666667,54645.332708333335,60431.2990625,17398.660729166666,5432.8237500000005,2575.415104166667,25406.899583333332,24,31.475
2025-11-18,2025,11,18,322,1,-0.6897960046655887,0.7240037789593305,0.7818314824680298,0.6234898018587336,0,weekday,2025-11-18 00:00:00+00:00,2025-11-19 00:00:00+00:00,102.1140625,58169.7834375,60913.790625,18128.543854166666,2626.101875,3368.8182291666667,24123.463958333334,24,31.74
2025-11-19,2025,11,19,323,2,-0.6772399381909491,0.7357622347736527,0.9749279121818236,-0.2225209339563143,0,weekday,2025-11-19 00:00:00+00:00,2025-11-20 00:00:00+00:00,102.69135416666667,56002.37135416667,58512.08177083334,16394.801041666666,2895.1498958333336,3010.2715625,22300.2225,24,31.155
2025-11-20,2025,11,20,324,3,-0.6644834655228552,0.7473029667054296,0.4338837391175582,-0.900968867902419,0,weekday,2025-11-20 00:00:00+00:00,2025-11-21 00:00:00+00:00,126.484375,53343.455416666664,62147.6159375,12177.503125000001,1933.0677083333333,2568.4260416666666,16678.996875,24,31.035
2025-11-21,2025,11,21,325,4,-0.6515303615068021,0.75862255966641,-0.433883739117558,-0.9009688679024191,0,weekday,2025-11-21 00:00:00+00:00,2025-11-22 00:00:00+00:00,146.55604166666666,50624.475,61791.32666666667,5555.351979166667,1338.8125,4268.511770833334,11162.676249999999,24,30.62
2025-11-22,2025,11,22,326,5,-0.6383844591746642,0.7697176640069211,-0.9749279121818236,-0.2225209339563146,0,weekend,2025-11-22 00:00:00+00:00,2025-11-23 00:00:00+00:00,90.40864583333332,49675.06979166667,54129.17427083334,12721.380104166667,5365.003541666667,4926.323645833333,23012.707291666666,24,30.198
2025-11-23,2025,11,23,327,6,-0.6250496486104377,0.7805849965070866,-0.7818314824680299,0.6234898018587334,0,weekend,2025-11-23 00:00:00+00:00,2025-11-24 00:00:00+00:00,71.07760416666666,54744.558645833335,53219.70458333333,23765.344687499997,5726.609166666666,4592.510833333334,34084.464687499996,24,30.1115
2025-11-24,2025,11,24,328,0,-0.6115298757991053,0.7912213413483807,0.0,1.0,0,weekday,2025-11-24 00:00:00+00:00,2025-11-25 00:00:00+00:00,133.6103125,54338.394375,63336.236666666664,14299.117604166668,3084.1983333333333,1162.535625,18545.8515625,24,30.025
2025-11-25,2025,11,25,329,1,-0.5978291414589552,0.801623551065242,0.7818314824680298,0.6234898018587336,0,weekday,2025-11-25 00:00:00+00:00,2025-11-26 00:00:00+00:00,220.27385416666667,49134.46260416667,64204.57395833333,2796.0159375000003,2364.5216666666665,1054.7911458333333,6215.328750000001,24,29.65
2025-11-26,2025,11,26,330,2,-0.5839514998576998,0.8117885474764613,0.9749279121818236,-0.2225209339563143,0,weekday,2025-11-26 00:00:00+00:00,2025-11-27 00:00:00+00:00,161.4596875,48479.88625,63222.472083333334,5043.564895833333,802.5035416666666,1389.5039583333335,7235.572395833334,24,29.37
2025-11-27,2025,11,27,331,3,-0.5699010576127624,0.8217133225960589,0.4338837391175582,-0.900968867902419,0,weekday,2025-11-27 00:00:00+00:00,2025-11-28 00:00:00+00:00,90.12739583333332,59226.3525,62673.2121875,20239.923541666667,5476.156770833334,2276.4746875,27992.555000000004,24,29.368
2025-11-28,2025,11,28,332,4,-0.5556819724760489,0.8313949395234058,-0.433883739117558,-0.9009688679024191,0,weekday,2025-11-28 00:00:00+00:00,2025-11-29 00:00:00+00:00,85.9590625,58730.09354166667,63406.06385416666,22619.208958333333,5733.747083333333,1737.5928125,30090.548854166667,24,29.07
2025-11-29,2025,11,29,333,5,-0.5412984521036173,0.8408305333122887,-0.9749279121818236,-0.2225209339563146,0,weekend,2025-11-29 00:00:00+00:00,2025-11-30 00:00:00+00:00,89.96520833333334,50038.83510416667,54723.96052083333,16334.185104166667,5321.858229166667,1491.4365625,23147.47989583333,24,28.817
2025-11-30,2025,11,30,334,6,-0.5267547528105542,0.8500173118187018,-0.7818314824680299,0.6234898018587334,0,weekend,2025-11-30 00:00:00+00:00,2025-12-01 00:00:00+00:00,84.65958333333333,50710.00895833334,54218.9075,18740.432604166668,5246.620833333333,1882.2212499999998,25869.2746875,24,28.546
2025-12-01,2025,12,1,335,0,-0.5120551783114646,0.8589525565270845,0.0,1.0,0,weekday,2025-12-01 00:00:00+00:00,2025-12-02 00:00:00+00:00,92.59291666666667,57434.348229166666,62559.24375,19542.139791666665,5578.087395833333,3033.2909375,28153.518125000002,24,28.275
2025-12-02,2025,12,2,336,1,-0.4972040784469378,0.8676336233547726,0.7818314824680298,0.6234898018587336,0,weekday,2025-12-02 00:00:00+00:00,2025-12-03 00:00:00+00:00,101.50812499999999,55719.0571875,63555.00708333333,17046.746666666666,4543.2265625,2498.5620833333337,24088.5353125,24,27.715
2025-12-03,2025,12,3,337,2,-0.4822058478963526,0.8760579434344281,0.9749279121818236,-0.2225209339563143,0,weekday,2025-12-03 00:00:00+00:00,2025-12-04 00:00:00+00:00,165.13479166666667,48641.723229166666,63085.74958333333,3684.935104166667,1246.9776041666667,1804.2759374999998,6736.188645833333,24,27.995
2025-12-04,2025,12,4,338,3,-0.4670649248774303,0.8842230238742036,0.4338837391175582,-0.900968867902419,0,weekday,2025-12-04 00:00:00+00:00,2025-12-05 00:00:00+00:00,124.88406250000001,50794.99125,63639.82541666667,6318.3767708333335,2051.7712500000002,1588.7458333333334,9958.893854166667,24,27.575
2025-12-05,2025,12,5,339,4,-0.451785789832884,0.8921264484954345,-0.433883739117558,-0.9009688679024191,0,weekday,2025-12-05 00:00:00+00:00,2025-12-06 00:00:00+00:00,132.79416666666665,46932.037187500006,63260.87614583334,3533.78,1579.4133333333332,1000.9688541666666,6114.162187500001,24,27.36
2025-12-06,2025,12,6,340,5,-0.4363729641045924,0.8997658785476209,-0.9749279121818236,-0.2225209339563146,0,weekend,2025-12-06 00:00:00+00:00,2025-12-07 00:00:00+00:00,79.06406249999999,53169.33552083333,55056.44593750001,23273.422187499997,5299.370208333333,1356.1572916666667,29928.9496875,24,27.266
2025-12-07,2025,12,7,341,6,-0.4208310085956556,0.9071390534005044,-0.7818314824680299,0.6234898018587334,0,weekend,2025-12-07 00:00:00+00:00,2025-12-08 00:00:00+00:00,78.52833333333334,49154.80125,53947.559479166666,20799.676770833332,4133.5396875,1164.8340625,26098.050520833334,24,27.408
2025-12-08,2025,12,8,342,0,-0.4051645224207563,0.9142437912130223,0.0,1.0,0,weekday,2025-12-08 00:00:00+00:00,2025-12-09 00:00:00+00:00,72.9834375,61038.269479166665,59024.08697916666,29545.123229166667,5599.080312499999,1764.9954166666666,36909.198958333334,24,27.55
2025-12-09,2025,12,9,343,1,-0.3893781415452015,0.9210779895789526,0.7818314824680298,0.6234898018587336,0,weekday,2025-12-09 00:00:00+00:00,2025-12-10 00:00:00+00:00,90.42927083333332,56509.88947916666,60372.9340625,20518.411979166667,5098.271874999999,2334.6282291666666,27951.312083333334,24,27.4
2025-12-10,2025,12,10,344,2,-0.3734765374130707,0.9276396261490468,0.9749279121818236,-0.2225209339563143,0,weekday,2025-12-10 00:00:00+00:00,2025-12-11 00:00:00+00:00,79.82885416666666,57832.917395833334,61651.84270833334,21463.971041666668,6063.141770833333,2261.302708333333,29788.415520833336,24,27.015
2025-12-11,2025,12,11,345,3,-0.3574644155648614,0.9339267592294762,0.4338837391175582,-0.900968867902419,0,weekday,2025-12-11 00:00:00+00:00,2025-12-12 00:00:00+00:00,94.9028125,56384.9809375,61171.15447916667,15989.871249999998,5710.211458333334,2077.498541666667,23777.58125,24,26.715
2025-12-12,2025,12,12,346,4,-0.3413465142450361,0.9399375283564132,-0.433883739117558,-0.9009688679024191,0,weekday,2025-12-12 00:00:00+00:00,2025-12-13 00:00:00+00:00,113.8665625,48698.013125,60301.050833333335,4576.12875,1789.7478125,2229.076875,8594.9534375,24,27.355
2025-12-13,2025,12,13,347,5,-0.3251276029999093,0.9456701548465688,-0.9749279121818236,-0.2225209339563146,0,weekend,2025-12-13 00:00:00+00:00,2025-12-14 00:00:00+00:00,95.99166666666667,45725.08520833333,54124.148125,8457.836354166668,3844.4060416666666,1238.0641666666668,13540.3065625,24,27.684
2025-12-14,2025,12,14,348,6,-0.3088124812662537,0.9511229423235356,-0.7818314824680299,0.6234898018587334,0,weekend,2025-12-14 00:00:00+00:00,2025-12-15 00:00:00+00:00,85.5478125,47476.48510416667,52133.51072916667,14833.4528125,6030.375520833334,1324.1970833333332,22188.025416666667,24,27.707
2025-12-15,2025,12,15,349,0,-0.2924059769510773,0.956294277219772,0.0,1.0,0,weekday,2025-12-15 00:00:00+00:00,2025-12-16 00:00:00+00:00,87.79177083333333,56436.22479166667,61619.34437499999,18481.483020833333,5620.321770833333,3128.6934375,27230.498229166667,24,27.73
2025-12-16,2025,12,16,350,1,-0.2759129450029604,0.9611826292540836,0.7818314824680298,0.6234898018587336,0,weekday,2025-12-16 00:00:00+00:00,2025-12-17 00:00:00+00:00,107.18968749999999,53201.3596875,62565.40760416666,10804.177708333335,2963.626875,3178.4928125,16946.297395833335,24,26.97
2025-12-17,2025,12,17,351,2,-0.2593382659754056,0.9657865518844574,0.9749279121818236,-0.2225209339563143,0,weekday,2025-12-17 00:00:00+00:00,2025-12-18 00:00:00+00:00,105.96625,51837.84291666667,60937.07270833334,10017.881458333333,2322.9966666666664,2498.1139583333334,14838.992083333333,24,27.085
2025-12-18,2025,12,18,352,3,-0.2426868445825954,0.9701046827361176,0.4338837391175582,-0.900968867902419,0,weekday,2025-12-18 00:00:00+00:00,2025-12-19 00:00:00+00:00,71.47010416666667,60125.17989583333,59894.285729166666,27540.006770833334,5755.200625,2851.7775,36146.98489583333,24,27.55
2025-12-19,2025,12,19,353,4,-0.225963608248019,0.974135744004672,-0.433883739117558,-0.9009688679024191,0,weekday,2025-12-19 00:00:00+00:00,2025-12-20 00:00:00+00:00,73.25479166666666,56420.55260416667,59079.66135416667,22429.386875,5729.484166666666,1765.9575000000002,29924.828541666666,24,27.95
2025-12-20,2025,12,20,354,5,-0.2091735056463563,0.9778785428342386,-0.9749279121818236,-0.2225209339563146,0,weekend,2025-12-20 00:00:00+00:00,2025-12-21 00:00:00+00:00,103.5265625,43521.2675,51519.26760416667,6421.002083333333,2066.949375,1798.6844791666665,10286.635937500001,24,28.161
2025-12-21,2025,12,21,355,6,-0.1923215052390948,0.9813319716704276,-0.7818314824680299,0.6234898018587334,0,weekend,2025-12-21 00:00:00+00:00,2025-12-22 00:00:00+00:00,90.56020833333334,48591.83416666667,51805.45364583333,14868.029270833335,4107.612708333333,2244.771979166667,21220.413958333334,24,27.924
2025-12-22,2025,12,22,356,0,-0.1754125938042784,0.9844950085880858,0.0,1.0,0,weekday,2025-12-22 00:00:00+00:00,2025-12-23 00:00:00+00:00,85.69635416666667,53881.49239583334,59870.0503125,19096.236770833333,5898.360520833333,1688.2513541666665,26682.848645833335,24,27.687
2025-12-23,2025,12,23,357,1,-0.1584517749608363,0.9873667175937016,0.7818314824680298,0.6234898018587336,0,weekday,2025-12-23 00:00:00+00:00,2025-12-24 00:00:00+00:00,74.29635416666666,57869.96104166666,59007.41041666667,26655.32625,6128.900520833333,1245.6766666666667,34029.9034375,24,27.79
2025-12-24,2025,12,24,358,2,-0.141444067687942,0.989946248902378,0.9749279121818236,-0.2225209339563143,0,weekday,2025-12-24 00:00:00+00:00,2025-12-25 00:00:00+00:00,69.6165625,57502.15041666667,53217.50916666666,29043.37625,4530.3103125,2045.4897916666666,35619.176354166666,24,28.22
2025-12-25,2025,12,25,359,3,-0.1243945048397999,0.9922328391893008,0.4338837391175582,-0.900968867902419,1,holiday,2025-12-25 00:00:00+00:00,2025-12-26 00:00:00+00:00,71.18927083333334,49486.34541666667,46594.73854166667,20768.533958333333,2905.431458333333,3844.4495833333335,27518.414999999997,24,28.095
2025-12-26,2025,12,26,360,4,-0.1073081316563624,0.994225811815616,-0.433883739117558,-0.9009688679024191,1,holiday,2025-12-26 00:00:00+00:00,2025-12-27 00:00:00+00:00,97.58166666666666,39073.098541666666,47505.1509375,9834.601458333333,617.240625,3588.02125,14039.863333333335,24,28.095
2025-12-27,2025,12,27,361,5,-0.0901900042703451,0.99592457702866,-0.9749279121818236,-0.2225209339563146,0,weekend,2025-12-27 00:00:00+00:00,2025-12-28 00:00:00+00:00,91.02333333333333,44299.660104166665,49537.68052083333,12727.308333333334,4095.3554166666668,3018.10375,19840.767499999998,24,28.095
2025-12-28,2025,12,28,362,6,-0.0730451882110474,0.9973286321364752,-0.7818314824680299,0.6234898018587334,0,weekend,2025-12-28 00:00:00+00:00,2025-12-29 00:00:00+00:00,93.08541666666667,41008.03916666667,50565.32166666666,10650.399166666668,2255.1301041666666,3509.610625,16415.139895833334,24,28.2725
2025-12-29,2025,12,29,363,0,-0.0558787569053731,0.9984375616565666,0.0,1.0,0,weekday,2025-12-29 00:00:00+00:00,2025-12-30 00:00:00+00:00,93.94802083333333,52262.052812500006,59703.049687499995,19306.08270833333,5641.653854166667,2167.5892708333336,27115.325833333336,24,28.45
2025-12-30,2025,12,30,364,1,-0.0386957901765268,0.999251037438848,0.7818314824680298,0.6234898018587336,0,weekday,2025-12-30 00:00:00+00:00,2025-12-31 00:00:00+00:00,88.23229166666665,50291.3446875,59057.04020833334,16268.198541666667,5544.454479166667,3420.3638541666664,25233.016875,24,27.766
2025-12-31,2025,12,31,365,2,-0.0215013727408137,0.999768818762748,0.9749279121818236,-0.2225209339563143,0,weekday,2025-12-31 00:00:00+00:00,2025-12-31 23:00:00+00:00,87.37260869565218,55791.667934782614,55744.854782608694,23525.647717391304,5669.784130434783,1692.9229347826088,30888.354782608698,23,27.755
