date,year,month,day,dayofyear,hour,dayofweek,price,period_start_utc,period_end_utc,load_forecast_da,off_wind_da,on_wind_da,solar_da,gen_forecast_da,res_sum_da,dayofyear_sin1,dayofyear_cos1,hour_sin1,hour_cos1,dayofweek_sin1,dayofweek_cos1,is_holiday,day_type,price_gas
2019-01-01,2019,1,1,1,21,1,-4.87,2019-01-01 21:00:00+00:00,2019-01-01 22:00:00+00:00,48972.2,3921.6925,35906.5725,0.0,63529.07,39828.265,0.0,1.0,-0.7071067811865477,0.7071067811865474,0.7818314824680298,0.6234898018587336,1,holiday,22.28
2019-01-02,2019,1,2,2,21,2,55.13,2019-01-02 21:00:00+00:00,2019-01-02 22:00:00+00:00,53416.35,3493.565,12937.4625,0.0,58625.53,16431.0275,0.0172015754182605,0.9998520419557736,-0.7071067811865477,0.7071067811865474,0.9749279121818236,-0.2225209339563143,0,weekday,22.28
2019-01-03,2019,1,3,3,21,3,53.72,2019-01-03 21:00:00+00:00,2019-01-03 22:00:00+00:00,54542.8925,2254.2575,7814.7425,0.0,61134.0,10069.0,0.034398060613608,0.9994082116062598,-0.7071067811865477,0.7071067811865474,0.4338837391175582,-0.900968867902419,0,weekday,22.215
2019-01-04,2019,1,4,4,21,4,43.96,2019-01-04 21:00:00+00:00,2019-01-04 22:00:00+00:00,52679.3925,4737.305,22411.445,0.0,66587.69,27148.75,0.0515843668694083,0.9986686402879996,-0.7071067811865477,0.7071067811865474,-0.433883739117558,-0.9009688679024191,0,weekday,22.845
2019-01-05,2019,1,5,5,21,5,51.38,2019-01-05 21:00:00+00:00,2019-01-05 22:00:00+00:00,51290.192500000005,3550.2325,11632.97,0.0,56103.03,15183.2025,0.0687554084811394,0.9976335468520452,-0.7071067811865477,0.7071067811865474,-0.9749279121818236,-0.2225209339563146,0,weekend,22.93
2019-01-06,2019,1,6,6,21,6,58.59,2019-01-06 21:00:00+00:00,2019-01-06 22:00:00+00:00,50769.855,1500.795,6622.245000000001,0.0,55522.26,8123.040000000001,0.0859061042613327,0.9963032375991964,-0.7071067811865477,0.7071067811865474,-0.7818314824680299,0.6234898018587334,0,weekend,22.42
2019-01-07,2019,1,7,7,21,0,20.82,2019-01-07 21:00:00+00:00,2019-01-07 22:00:00+00:00,55906.9475,4971.685,30787.285,0.0,69484.58,35758.97,0.1030313790431787,0.9946781061893646,-0.7071067811865477,0.7071067811865474,0.0,1.0,0,weekday,21.91
2019-01-08,2019,1,8,8,21,1,29.72,2019-01-08 21:00:00+00:00,2019-01-08 22:00:00+00:00,58989.6525,4521.66,35486.6975,0.0,72414.37,40008.3575,0.1201261651823505,0.9927586335250792,-0.7071067811865477,0.7071067811865474,0.7818314824680298,0.6234898018587336,0,weekday,22.165
2019-01-09,2019,1,9,9,21,2,48.95,2019-01-09 21:00:00+00:00,2019-01-09 22:00:00+00:00,59529.795,4159.32,21996.6225,0.0,68940.23,26155.9425,0.1371854040566005,0.9905453876091832,-0.7071067811865477,0.7071067811865474,0.9749279121818236,-0.2225209339563143,0,weekday,22.515
2019-01-10,2019,1,10,10,21,3,60.49,2019-01-10 21:00:00+00:00,2019-01-10 22:00:00+00:00,60016.64,1902.0,5028.0575,0.0,62355.72,6930.0575,0.1542040475626894,0.988039023376751,-0.7071067811865477,0.7071067811865474,0.4338837391175582,-0.900968867902419,0,weekday,21.705
2019-01-11,2019,1,11,11,21,4,46.4,2019-01-11 21:00:00+00:00,2019-01-11 22:00:00+00:00,58000.2575,4167.245,20748.6075,0.0,67414.57,24915.8525,0.1711770596101998,0.985240282501282,-0.7071067811865477,0.7071067811865474,-0.433883739117558,-0.9009688679024191,0,weekday,22.39
2019-01-12,2019,1,12,12,21,5,40.2,2019-01-12 21:00:00+00:00,2019-01-12 22:00:00+00:00,53143.045,4697.5325,27787.2675,0.0,64601.38,32484.800000000003,0.1880994176117975,0.9821499931752292,-0.7071067811865477,0.7071067811865474,-0.9749279121818236,-0.2225209339563146,0,weekend,22.255
2019-01-13,2019,1,13,13,21,6,3.04,2019-01-13 21:00:00+00:00,2019-01-13 22:00:00+00:00,54865.725,4387.0075,37944.84,0.0,67074.52,42331.8475,0.2049661139694953,0.9787690698649216,-0.7071067811865477,0.7071067811865474,-0.7818314824680299,0.6234898018587334,0,weekend,22.0825
2019-01-14,2019,1,14,14,21,0,41.29,2019-01-14 21:00:00+00:00,2019-01-14 22:00:00+00:00,59739.4775,4536.5825,27268.5625,0.0,70427.52,31805.145,0.2217721575564818,0.975098513039961,-0.7071067811865477,0.7071067811865474,0.0,1.0,0,weekday,21.91
2019-01-15,2019,1,15,15,21,1,39.66,2019-01-15 21:00:00+00:00,2019-01-15 22:00:00+00:00,61547.7125,4896.05,29621.085,0.0,73458.91,34517.135,0.2385125751940764,0.9711394088771652,-0.7071067811865477,0.7071067811865474,0.7818314824680298,0.6234898018587336,0,weekday,22.035
2019-01-16,2019,1,16,16,21,2,39.91,2019-01-16 21:00:00+00:00,2019-01-16 22:00:00+00:00,61694.29,4607.79,28311.3575,0.0,74460.78,32919.1475,0.2551824131233728,0.966892928939152,-0.7071067811865477,0.7071067811865474,0.9749279121818236,-0.2225209339563143,0,weekday,22.3
2019-01-17,2019,1,17,17,21,3,42.44,2019-01-17 21:00:00+00:00,2019-01-17 22:00:00+00:00,62228.025,4513.7225,22154.3175,0.0,71101.45,26668.04,0.2717767384711357,0.9623603298276544,-0.7071067811865477,0.7071067811865474,0.4338837391175582,-0.900968867902419,0,weekday,22.64
2019-01-18,2019,1,18,18,21,4,56.7,2019-01-18 21:00:00+00:00,2019-01-18 22:00:00+00:00,60249.14,696.9725000000001,5400.7125,0.0,62903.54,6097.685,0.2882906407095177,0.957542952811672,-0.7071067811865477,0.7071067811865474,-0.433883739117558,-0.9009688679024191,0,weekday,22.84
2019-01-19,2019,1,19,19,21,5,51.53,2019-01-19 21:00:00+00:00,2019-01-19 22:00:00+00:00,55635.6025,906.485,6465.0725,0.0,59007.52,7371.5575,0.3047192331091634,0.9524422234305676,-0.7071067811865477,0.7071067811865474,-0.9749279121818236,-0.2225209339563146,0,weekend,22.605
2019-01-20,2019,1,20,20,21,6,59.56,2019-01-20 21:00:00+00:00,2019-01-20 22:00:00+00:00,55788.8975,489.07,1548.2725,0.0,56061.29,2037.3425,0.321057654185271,0.9470596510722284,-0.7071067811865477,0.7071067811865474,-0.7818314824680299,0.6234898018587334,0,weekend,22.338333333333335
2019-01-21,2019,1,21,21,21,0,59.83,2019-01-21 21:00:00+00:00,2019-01-21 22:00:00+00:00,61023.1325,1358.52,6075.8,0.0,65112.94,7434.32,0.3373010691361842,0.9413968285264122,-0.7071067811865477,0.7071067811865474,0.0,1.0,0,weekday,22.071666666666665
2019-01-22,2019,1,22,22,21,1,56.59,2019-01-22 21:00:00+00:00,2019-01-22 22:00:00+00:00,61617.71,3033.935,9921.005,0.0,70586.42,12954.94,0.3534446712740877,0.9354554315134164,-0.7071067811865477,0.7071067811865474,0.7818314824680298,0.6234898018587336,0,weekday,21.805
2019-01-23,2019,1,23,23,21,2,65.1,2019-01-23 21:00:00+00:00,2019-01-23 22:00:00+00:00,61221.095,973.7375,6319.79,0.0,64799.4,7293.5275,0.3694836834473831,0.9292372181882051,-0.7071067811865477,0.7071067811865474,0.9749279121818236,-0.2225209339563143,0,weekday,22.225
2019-01-24,2019,1,24,24,21,3,69.92,2019-01-24 21:00:00+00:00,2019-01-24 22:00:00+00:00,61968.06,271.4225,967.0325,0.0,58065.61,1238.455,0.3854133594543256,0.9227440286201428,-0.7071067811865477,0.7071067811865474,0.4338837391175582,-0.900968867902419,0,weekday,21.72
2019-01-25,2019,1,25,25,21,4,47.16,2019-01-25 21:00:00+00:00,2019-01-25 22:00:00+00:00,60790.9825,3824.355,21614.6525,0.0,71075.0,25439.0075,0.4012289854475009,0.9159777842484876,-0.7071067811865477,0.7071067811865474,-0.433883739117558,-0.9009688679024191,0,weekday,20.735
2019-01-26,2019,1,26,26,21,5,43.9,2019-01-26 21:00:00+00:00,2019-01-26 22:00:00+00:00,55246.815,4495.6075,17807.695,0.0,62309.16,22303.3025,0.4169258813287287,0.908940487313808,-0.7071067811865477,0.7071067811865474,-0.9749279121818236,-0.2225209339563146,0,weekend,20.89
2019-01-27,2019,1,27,27,21,6,50.82,2019-01-27 21:00:00+00:00,2019-01-27 22:00:00+00:00,54914.545,992.825,17541.96,0.0,61566.6,18534.785,0.4324994021339788,0.901634220265486,-0.7071067811865477,0.7071067811865474,-0.7818314824680299,0.6234898018587334,0,weekend,20.705
2019-01-28,2019,1,28,28,21,0,46.36,2019-01-28 21:00:00+00:00,2019-01-28 22:00:00+00:00,60932.865000000005,3724.74,18179.620000000003,0.0,71666.23,21904.36,0.4479449394078911,0.8940611451454876,-0.7071067811865477,0.7071067811865474,0.0,1.0,0,weekday,20.52
2019-01-29,2019,1,29,29,21,1,53.83,2019-01-29 21:00:00+00:00,2019-01-29 22:00:00+00:00,60744.0475,3853.58,9809.4975,0.0,70534.34,13663.0775,0.4632579225674917,0.88622350294858,-0.7071067811865477,0.7071067811865474,0.7818314824680298,0.6234898018587336,0,weekday,20.6
2019-01-30,2019,1,30,30,21,2,50.08,2019-01-30 21:00:00+00:00,2019-01-30 22:00:00+00:00,61757.0075,3232.4525000000003,16995.715,0.0,72541.38,20228.1675,0.4784338202547012,0.8781236129591848,-0.7071067811865477,0.7071067811865474,0.9749279121818236,-0.2225209339563143,0,weekday,20.18
2019-01-31,2019,1,31,31,21,3,51.36,2019-01-31 21:00:00+00:00,2019-01-31 22:00:00+00:00,61474.2975,2632.97,12973.92,0.0,68193.98,15606.89,0.4934681416772373,0.8697638720650646,-0.7071067811865477,0.7071067811865474,0.4338837391175582,-0.900968867902419,0,weekday,19.665
2019-02-01,2019,2,1,32,21,4,54.01,2019-02-01 21:00:00+00:00,2019-02-01 22:00:00+00:00,59938.9625,2146.125,5267.0225,0.0,61709.29,7413.1475,0.5083564379375122,0.8611467540480452,-0.7071067811865477,0.7071067811865474,-0.433883739117558,-0.9009688679024191,0,weekday,19.3
2019-02-02,2019,2,2,33,21,5,48.49,2019-02-02 21:00:00+00:00,2019-02-02 22:00:00+00:00,55298.56,2172.7375,5376.5650000000005,0.0,55976.09,7549.302500000001,0.5230943033491326,0.8522748088519838,-0.7071067811865477,0.7071067811865474,-0.9749279121818236,-0.2225209339563146,0,weekend,19.3
2019-02-03,2019,2,3,34,21,6,51.04,2019-02-03 21:00:00+00:00,2019-02-03 22:00:00+00:00,55988.5875,2080.9025,8829.637499999999,0.0,57793.97,10910.54,0.5376773767406141,0.8431506618282,-0.7071067811865477,0.7071067811865474,-0.7818314824680299,0.6234898018587334,0,weekend,19.3275
2019-02-04,2019,2,4,35,21,0,38.52,2019-02-04 21:00:00+00:00,2019-02-04 22:00:00+00:00,61122.1525,4922.4925,21337.62,0.0,69657.35,26260.1125,0.5521013427459208,0.8337770129585915,-0.7071067811865477,0.7071067811865474,0.0,1.0,0,weekday,19.355
2019-02-05,2019,2,5,36,21,1,50.12,2019-02-05 21:00:00+00:00,2019-02-05 22:00:00+00:00,62003.655,2868.285,7533.64,0.0,64723.03,10401.925,0.5663619330814524,0.8241566360566663,-0.7071067811865477,0.7071067811865474,0.7818314824680298,0.6234898018587336,0,weekday,19.14
2019-02-06,2019,2,6,37,21,2,49.5,2019-02-06 21:00:00+00:00,2019-02-06 22:00:00+00:00,62526.2375,1630.5875,10556.2775,0.0,64373.54,12186.865,0.580454927809098,0.8142923779467267,-0.7071067811865477,0.7071067811865474,0.9749279121818236,-0.2225209339563143,0,weekday,19.075
2019-02-07,2019,2,7,38,21,3,38.71,2019-02-07 21:00:00+00:00,2019-02-07 22:00:00+00:00,62516.0975,4574.81,28389.5175,0.0,71118.88,32964.3275,0.5943761565849831,0.804187157621448,-0.7071067811865477,0.7071067811865474,0.4338837391175582,-0.900968867902419,0,weekday,19.185
2019-02-08,2019,2,8,39,21,4,27.56,2019-02-08 21:00:00+00:00,2019-02-08 22:00:00+00:00,59089.955,4337.63,32221.8175,0.0,66272.95,36559.4475,0.6081214998935418,0.7938439653781019,-0.7071067811865477,0.7071067811865474,-0.433883739117558,-0.9009688679024191,0,weekday,18.515
2019-02-09,2019,2,9,40,21,5,12.91,2019-02-09 21:00:00+00:00,2019-02-09 22:00:00+00:00,55576.08,4528.9975,29701.5975,0.0,61344.88,34230.595,0.6216868902665479,0.7832658619336791,-0.7071067811865477,0.7071067811865474,-0.9749279121818236,-0.2225209339563146,0,weekend,18.265
2019-02-10,2019,2,10,41,21,6,34.37,2019-02-10 21:00:00+00:00,2019-02-10 22:00:00+00:00,53819.44,3962.545,28274.0125,0.0,60786.81,32236.557500000003,0.6350683134867438,0.7724559775191742,-0.7071067811865477,0.7071067811865474,-0.7818314824680299,0.6234898018587334,0,weekend,18.045
2019-02-11,2019,2,11,42,21,0,45.19,2019-02-11 21:00:00+00:00,2019-02-11 22:00:00+00:00,60408.425,4765.0475,23618.0975,0.0,68303.61,28383.145,0.6482618097757122,0.7614175109532997,-0.7071067811865477,0.7071067811865474,0.0,1.0,0,weekday,17.825
2019-02-12,2019,2,12,43,21,1,43.96,2019-02-12 21:00:00+00:00,2019-02-12 22:00:00+00:00,61214.845,4272.5825,12243.215,0.0,64801.13,16515.7975,0.6612634749656386,0.7501537286959042,-0.7071067811865477,0.7071067811865474,0.7818314824680298,0.6234898018587336,0,weekday,18.0
2019-02-13,2019,2,13,44,21,2,46.43,2019-02-13 21:00:00+00:00,2019-02-13 22:00:00+00:00,61965.3925,4584.025,11038.74,0.0,66601.48,15622.765,0.6740694616546161,0.7386679638813748,-0.7071067811865477,0.7071067811865474,0.9749279121818236,-0.2225209339563143,0,weekday,17.8
2019-02-14,2019,2,14,45,21,3,47.48,2019-02-14 21:00:00+00:00,2019-02-14 22:00:00+00:00,61407.63,2190.4975,5400.5025000000005,0.0,59953.92,7591.0,0.6866759803451553,0.726963615332308,-0.7071067811865477,0.7071067811865474,0.4338837391175582,-0.900968867902419,0,weekday,18.165
2019-02-15,2019,2,15,46,21,4,44.43,2019-02-15 21:00:00+00:00,2019-02-15 22:00:00+00:00,59644.6725,3839.0475,10818.715,0.0,61462.22,14657.7625,0.6990793005655562,0.7150441465537444,-0.7071067811865477,0.7071067811865474,-0.433883739117558,-0.9009688679024191,0,weekday,18.1
2019-02-16,2019,2,16,47,21,5,38.99,2019-02-16 21:00:00+00:00,2019-02-16 22:00:00+00:00,53974.427500000005,3238.2125,9549.56,0.0,56761.18,12787.7725,0.7112757519738152,0.7029130847082615,-0.7071067811865477,0.7071067811865474,-0.9749279121818236,-0.2225209339563146,0,weekend,18.1
2019-02-17,2019,2,17,48,21,6,42.83,2019-02-17 21:00:00+00:00,2019-02-17 22:00:00+00:00,54654.05,3886.46,11452.36,0.0,59278.57,15338.82,0.7232617254437388,0.6905740195722293,-0.7071067811865477,0.7071067811865474,-0.7818314824680299,0.6234898018587334,0,weekend,17.983333333333334
2019-02-18,2019,2,18,49,21,0,42.23,2019-02-18 21:00:00+00:00,2019-02-18 22:00:00+00:00,60393.695,3701.765,13497.3025,0.0,64868.93,17199.0675,0.7350336741329413,0.6780306024735382,-0.7071067811865477,0.7071067811865474,0.0,1.0,0,weekday,17.866666666666667
2019-02-19,2019,2,19,50,21,1,39.74,2019-02-19 21:00:00+00:00,2019-02-19 22:00:00+00:00,60833.555,4415.755,16987.79,0.0,66894.71,21403.545,0.746588114532413,0.6652865452111116,-0.7071067811865477,0.7071067811865474,0.7818314824680298,0.6234898018587336,0,weekday,17.75
2019-02-20,2019,2,20,51,21,2,43.27,2019-02-20 21:00:00+00:00,2019-02-20 22:00:00+00:00,59535.61,4527.645,11229.48,0.0,64681.54,15757.125,0.7579216274973472,0.6523456189565257,-0.7071067811865477,0.7071067811865474,0.9749279121818236,-0.2225209339563143,0,weekday,18.145
2019-02-21,2019,2,21,52,21,3,45.08,2019-02-21 21:00:00+00:00,2019-02-21 22:00:00+00:00,60186.9775,1561.645,14145.9175,0.0,63981.12,15707.5625,0.7690308592589181,0.6392116531380588,-0.7071067811865477,0.7071067811865474,0.4338837391175582,-0.900968867902419,0,weekday,17.52
2019-02-22,2019,2,22,53,21,4,44.58,2019-02-22 21:00:00+00:00,2019-02-22 22:00:00+00:00,58188.68,2004.9775,8320.904999999999,0.0,56784.44,10325.8825,0.7799125224167177,0.6258885343075018,-0.7071067811865477,0.7071067811865474,-0.433883739117558,-0.9009688679024191,0,weekday,17.23
2019-02-23,2019,2,23,54,21,5,41.59,2019-02-23 21:00:00+00:00,2019-02-23 22:00:00+00:00,52158.375,2373.0950000000003,10260.495,0.0,55777.11,12633.59,0.7905633969115482,0.612380204990065,-0.7071067811865477,0.7071067811865474,-0.9749279121818236,-0.2225209339563146,0,weekend,17.23
2019-02-24,2019,2,24,55,21,6,47.65,2019-02-24 21:00:00+00:00,2019-02-24 22:00:00+00:00,53175.815,418.03,3410.085,0.0,49736.46,3828.115,0.8009803309782905,0.5986906625177214,-0.7071067811865477,0.7071067811865474,-0.7818314824680299,0.6234898018587334,0,weekend,17.115000000000002
2019-02-25,2019,2,25,56,21,0,42.4,2019-02-25 21:00:00+00:00,2019-02-25 22:00:00+00:00,58580.72,1372.4325,7196.2675,0.0,56981.21,8568.7,0.8111602420785621,0.5848239578463322,-0.7071067811865477,0.7071067811865474,0.0,1.0,0,weekday,17.0
2019-02-26,2019,2,26,57,21,1,46.8,2019-02-26 21:00:00+00:00,2019-02-26 22:00:00+00:00,58459.5625,388.8225,2105.69,0.0,52091.16,2494.5125,0.8211001178128892,0.5707841943569036,-0.7071067811865477,0.7071067811865474,0.7818314824680298,0.6234898018587336,0,weekday,17.045
2019-02-27,2019,2,27,58,21,2,41.39,2019-02-27 21:00:00+00:00,2019-02-27 22:00:00+00:00,57286.81,3275.2675,14792.015,0.0,63540.17,18067.2825,0.8307970168121247,0.5565755266413303,-0.7071067811865477,0.7071067811865474,0.9749279121818236,-0.2225209339563143,0,weekday,17.325
2019-02-28,2019,2,28,59,21,3,43.21,2019-02-28 21:00:00+00:00,2019-02-28 22:00:00+00:00,57763.8625,598.36,8244.5825,0.0,55890.61,8842.942500000001,0.8402480696078469,0.5422021592729844,-0.7071067811865477,0.7071067811865474,0.4338837391175582,-0.900968867902419,0,weekday,17.815
2019-03-01,2019,3,1,60,21,4,45.65,2019-03-01 21:00:00+00:00,2019-03-01 22:00:00+00:00,56877.275,756.4275,5086.4875,0.0,53202.34,5842.915,0.8494504794814806,0.527668345562516,-0.7071067811865477,0.7071067811865474,-0.433883739117558,-0.9009688679024191,0,weekday,17.32
2019-03-02,2019,3,2,61,21,5,30.52,2019-03-02 21:00:00+00:00,2019-03-02 22:00:00+00:00,50374.745,4806.88,19158.1575,0.0,56670.11,23965.0375,0.8584015232918917,0.512978386299228,-0.7071067811865477,0.7071067811865474,-0.9749279121818236,-0.2225209339563146,0,weekend,17.32
2019-03-03,2019,3,3,62,21,6,24.3,2019-03-03 21:00:00+00:00,2019-03-03 22:00:00+00:00,50631.8125,4687.4675,28833.2,0.0,63315.1,33520.6675,0.8670985522812081,0.4981366284784055,-0.7071067811865477,0.7071067811865474,-0.7818314824680299,0.6234898018587334,0,weekend,17.3475
2019-03-04,2019,3,4,63,21,0,10.06,2019-03-04 21:00:00+00:00,2019-03-04 22:00:00+00:00,56403.3525,4646.1925,34375.1925,0.0,68730.35,39021.385,0.8755389928586302,0.4831474640149687,-0.7071067811865477,0.7071067811865474,0.0,1.0,0,weekday,17.375
2019-03-05,2019,3,5,64,21,1,46.09,2019-03-05 21:00:00+00:00,2019-03-05 22:00:00+00:00,57271.28,3645.4625,13239.735,0.0,55543.03,16885.197500000002,0.8837203473619977,0.4680153284438345,-0.7071067811865477,0.7071067811865474,0.7818314824680298,0.6234898018587336,0,weekday,17.475
2019-03-06,2019,3,6,65,21,2,29.55,2019-03-06 21:00:00+00:00,2019-03-06 22:00:00+00:00,59615.5175,4870.0625,25197.355,0.0,64786.28,30067.4175,0.8916401947968874,0.452744699607371,-0.7071067811865477,0.7071067811865474,0.9749279121818236,-0.2225209339563143,0,weekday,17.025
2019-03-07,2019,3,7,66,21,3,29.25,2019-03-07 21:00:00+00:00,2019-03-07 22:00:00+00:00,58051.6575,4377.635,36495.0825,0.0,71756.52,40872.7175,0.8992961915530253,0.4373400963303323,-0.7071067811865477,0.7071067811865474,0.4338837391175582,-0.900968867902419,0,weekday,16.95
2019-03-08,2019,3,8,67,21,4,39.24,2019-03-08 21:00:00+00:00,2019-03-08 22:00:00+00:00,55843.645,4640.0325,18924.1725,0.0,62632.12,23564.205,0.9066860720977984,0.4218060770826634,-0.7071067811865477,0.7071067811865474,-0.433883739117558,-0.9009688679024191,0,weekday,16.85
2019-03-09,2019,3,9,68,21,5,13.37,2019-03-09 21:00:00+00:00,2019-03-09 22:00:00+00:00,51806.945,4393.14,31984.38,0.0,63806.23,36377.52,0.9138076496466616,0.4061472386305789,-0.7071067811865477,0.7071067811865474,-0.9749279121818236,-0.2225209339563146,0,weekend,16.73
2019-03-10,2019,3,10,69,21,6,26.63,2019-03-10 21:00:00+00:00,2019-03-10 22:00:00+00:00,50939.695,2504.235,25483.8925,0.0,55693.98,27988.1275,0.9206588168102428,0.3903682146763026,-0.7071067811865477,0.7071067811865474,-0.7818314824680299,0.6234898018587334,0,weekend,16.715
2019-03-11,2019,3,11,70,21,0,47.61,2019-03-11 21:00:00+00:00,2019-03-11 22:00:00+00:00,58889.7025,2527.565,17329.71,0.0,57846.67,19857.275,0.9272375462179536,0.374473674486883,-0.7071067811865477,0.7071067811865474,0.0,1.0,0,weekday,16.7
2019-03-12,2019,3,12,71,21,1,23.87,2019-03-12 21:00:00+00:00,2019-03-12 22:00:00+00:00,59690.5725,5067.1975,33357.91,0.0,68108.13,38425.107500000006,0.9335418911179212,0.3584683215124808,-0.7071067811865477,0.7071067811865474,0.7818314824680298,0.6234898018587336,0,weekday,16.425
2019-03-13,2019,3,13,72,21,2,24.3,2019-03-13 21:00:00+00:00,2019-03-13 22:00:00+00:00,58909.2825,5417.3825,34160.2975,0.0,71829.44,39577.68,0.9395699859530622,0.342356891994542,-0.7071067811865477,0.7071067811865474,0.9749279121818236,-0.2225209339563143,0,weekday,15.725
2019-03-14,2019,3,14,73,21,3,27.38,2019-03-14 21:00:00+00:00,2019-03-14 22:00:00+00:00,59510.195,4715.7425,30896.7825,0.0,68561.58,35612.525,0.945320046913132,0.3261441535642696,-0.7071067811865477,0.7071067811865474,0.4338837391175582,-0.900968867902419,0,weekday,15.825
2019-03-15,2019,3,15,74,21,4,0.07,2019-03-15 21:00:00+00:00,2019-03-15 22:00:00+00:00,58487.5575,4639.7575,35264.740000000005,0.0,69398.61,39904.497500000005,0.9507903724625832,0.3098349038318025,-0.7071067811865477,0.7071067811865474,-0.433883739117558,-0.9009688679024191,0,weekday,15.485
2019-03-16,2019,3,16,75,21,5,9.09,2019-03-16 21:00:00+00:00,2019-03-16 22:00:00+00:00,52289.2875,4903.8225,30243.025,0.0,61497.76,35146.8475,0.9559793438440766,0.2934339689665273,-0.7071067811865477,0.7071067811865474,-0.9749279121818236,-0.2225209339563146,0,weekend,15.25
2019-03-17,2019,3,17,76,21,6,25.94,2019-03-17 21:00:00+00:00,2019-03-17 22:00:00+00:00,52330.61,5527.955,27055.61,0.0,60767.24,32583.565,0.9608854255574976,0.2769462022689364,-0.7071067811865477,0.7071067811865474,-0.7818314824680299,0.6234898018587334,0,weekend,15.075
2019-03-18,2019,3,18,77,21,0,41.7,2019-03-18 21:00:00+00:00,2019-03-18 22:00:00+00:00,58126.44,4304.889999999999,17226.8625,0.0,63262.4,21531.7525,0.9655071658143364,0.2603764827344581,-0.7071067811865477,0.7071067811865474,0.0,1.0,0,weekday,14.9
2019-03-19,2019,3,19,78,21,1,44.72,2019-03-19 21:00:00+00:00,2019-03-19 22:00:00+00:00,58650.03,1782.7175,3242.6,0.0,53692.97,5025.3175,0.969843196967294,0.2437297136096838,-0.7071067811865477,0.7071067811865474,0.7818314824680298,0.6234898018587336,0,weekday,15.2
2019-03-20,2019,3,20,79,21,2,42.97,2019-03-20 21:00:00+00:00,2019-03-20 22:00:00+00:00,58698.2125,2117.8450000000003,5342.7275,0.0,56455.82,7460.5725,0.9738922359149924,0.2270108209414184,-0.7071067811865477,0.7071067811865474,0.9749279121818236,-0.2225209339563143,0,weekday,15.075
2019-03-21,2019,3,21,80,21,3,41.94,2019-03-21 21:00:00+00:00,2019-03-21 22:00:00+00:00,56973.8,1998.1925,4025.29,0.0,55416.17,6023.4825,0.977653084481664,0.2102247521189836,-0.7071067811865477,0.7071067811865474,0.4338837391175582,-0.900968867902419,0,weekday,14.92
2019-03-22,2019,3,22,81,21,4,39.9,2019-03-22 21:00:00+00:00,2019-03-22 22:00:00+00:00,54802.765,2095.65,6911.2225,0.0,55449.77,9006.8725,0.981124629771712,0.1933764744102058,-0.7071067811865477,0.7071067811865474,-0.433883739117558,-0.9009688679024191,0,weekday,14.425
2019-03-23,2019,3,23,82,21,5,40.35,2019-03-23 21:00:00+00:00,2019-03-23 22:00:00+00:00,50039.49,950.9375,6673.6975,0.0,47958.36,7624.635,0.984305844499033,0.1764709734915216,-0.7071067811865477,0.7071067811865474,-0.9749279121818236,-0.2225209339563146,0,weekend,14.455
2019-03-24,2019,3,24,83,21,6,34.47,2019-03-24 21:00:00+00:00,2019-03-24 22:00:00+00:00,50871.745,5231.205,12810.99,0.0,57509.17,18042.195,0.9871957872910084,0.1595132519726365,-0.7071067811865477,0.7071067811865474,-0.7818314824680299,0.6234898018587334,0,weekend,14.32
2019-03-25,2019,3,25,84,21,0,39.99,2019-03-25 21:00:00+00:00,2019-03-25 22:00:00+00:00,57945.2875,4145.65,15219.56,0.0,60273.93,19365.21,0.9897936029670716,0.1425083279161708,-0.7071067811865477,0.7071067811865474,0.0,1.0,0,weekday,14.185
2019-03-26,2019,3,26,85,21,1,42.28,2019-03-26 21:00:00+00:00,2019-03-26 22:00:00+00:00,56947.425,1988.995,9073.6975,0.0,55573.86,11062.6925,0.992098522791769,0.1254612333527364,-0.7071067811865477,0.7071067811865474,0.7818314824680298,0.6234898018587336,0,weekday,14.2
2019-03-27,2019,3,27,86,21,2,40.83,2019-03-27 21:00:00+00:00,2019-03-27 22:00:00+00:00,56596.5275,2053.905,8472.52,0.0,56557.39,10526.425,0.9941098647022418,0.108377012791876,-0.7071067811865477,0.7071067811865474,0.9749279121818236,-0.2225209339563143,0,weekday,14.5
2019-03-28,2019,3,28,87,21,3,42.38,2019-03-28 21:00:00+00:00,2019-03-28 22:00:00+00:00,55955.63,1171.1025,2660.9575,0.0,50269.54,3832.06,0.9958270335100596,0.0912607217293118,-0.7071067811865477,0.7071067811865474,0.4338837391175582,-0.900968867902419,0,weekday,14.8
2019-03-29,2019,3,29,88,21,4,42.75,2019-03-29 21:00:00+00:00,2019-03-29 22:00:00+00:00,54101.275,2641.955,3923.8875,0.0,51449.72,6565.8425,0.9972495210773452,0.0741174251509443,-0.7071067811865477,0.7071067811865474,-0.433883739117558,-0.9009688679024191,0,weekday,14.225
2019-03-30,2019,3,30,89,21,5,40.86,2019-03-30 21:00:00+00:00,2019-03-30 22:00:00+00:00,47993.0925,2809.585,6177.715,0.0,46966.67,8987.3,0.998376906467142,0.0569521960340397,-0.7071067811865477,0.7071067811865474,-0.9749279121818236,-0.2225209339563146,0,weekend,14.215
2019-03-31,2019,3,31,90,21,6,40.3,2019-03-31 21:00:00+00:00,2019-03-31 22:00:00+00:00,45499.1875,1206.225,10945.71,0.0,47452.52,12151.935,0.9992088560679752,0.0397701138460557,-0.7071067811865477,0.7071067811865474,-0.7818314824680299,0.6234898018587334,0,weekend,14.030000000000001
2019-04-01,2019,4,1,91,21,0,35.8,2019-04-01 21:00:00+00:00,2019-04-01 22:00:00+00:00,49915.04,3368.8775,19058.32,0.0,59942.8,22427.1975,0.9997451236925734,0.0225762630415454,-0.7071067811865477,0.7071067811865474,0.0,1.0,0,weekday,13.845
2019-04-02,2019,4,2,92,21,1,35.08,2019-04-02 21:00:00+00:00,2019-04-02 22:00:00+00:00,50837.5275,2415.11,17719.995,0.0,60440.18,20135.105,0.9999855506507186,0.0053757315575838,-0.7071067811865477,0.7071067811865474,0.7818314824680298,0.6234898018587336,0,weekday,13.455
2019-04-03,2019,4,3,93,21,2,39.1,2019-04-03 21:00:00+00:00,2019-04-03 22:00:00+00:00,50551.08,1763.4,9443.1275,0.0,56823.28,11206.5275,0.9999300657962056,-0.0118263906918325,-0.7071067811865477,0.7071067811865474,0.9749279121818236,-0.2225209339563143,0,weekday,13.7
2019-04-04,2019,4,4,94,21,3,38.49,2019-04-04 21:00:00+00:00,2019-04-04 22:00:00+00:00,50335.115,1710.3325,10896.5225,0.0,57930.9,12606.855,0.9995786855478958,-0.0290250133219752,-0.7071067811865477,0.7071067811865474,0.4338837391175582,-0.900968867902419,0,weekday,14.6
2019-04-05,2019,4,5,95,21,4,41.33,2019-04-05 21:00:00+00:00,2019-04-05 22:00:00+00:00,48843.9875,1749.085,6019.05,0.0,51111.12,7768.135,0.9989315138848576,-0.0462150469837083,-0.7071067811865477,0.7071067811865474,-0.433883739117558,-0.9009688679024191,0,weekday,16.635
2019-04-06,2019,4,6,96,21,5,39.21,2019-04-06 21:00:00+00:00,2019-04-06 22:00:00+00:00,44434.5175,4009.92,12254.75,0.0,53839.44,16264.67,0.9979887423155984,-0.0633914048695103,-0.7071067811865477,0.7071067811865474,-0.9749279121818236,-0.2225209339563146,0,weekend,16.635
2019-04-07,2019,4,7,97,21,6,45.55,2019-04-07 21:00:00+00:00,2019-04-07 22:00:00+00:00,44681.425,1172.89,8748.39,0.0,50580.04,9921.28,0.9967506498213928,-0.0805490042187416,-0.7071067811865477,0.7071067811865474,-0.7818314824680299,0.6234898018587334,0,weekend,16.605
2019-04-08,2019,4,8,98,21,0,41.94,2019-04-08 21:00:00+00:00,2019-04-08 22:00:00+00:00,49017.65,3329.5975,12064.4225,0.0,58077.43,15394.02,0.9952176027737294,-0.0976827678217159,-0.7071067811865477,0.7071067811865474,0.0,1.0,0,weekday,16.575
2019-04-09,2019,4,9,99,21,1,42.01,2019-04-09 21:00:00+00:00,2019-04-09 22:00:00+00:00,49852.62,2077.1725,13594.3975,0.0,59134.18,15671.57,0.9933900548258936,-0.114787625522127,-0.7071067811865477,0.7071067811865474,0.7818314824680298,0.6234898018587336,0,weekday,16.755
2019-04-10,2019,4,10,100,21,2,42.6,2019-04-10 21:00:00+00:00,2019-04-10 22:00:00+00:00,50400.4175,1463.2424999999998,13699.3325,0.0,58988.34,15162.575,0.9912685467787256,-0.1318585157173911,-0.7071067811865477,0.7071067811865474,0.9749279121818236,-0.2225209339563143,0,weekday,15.73
2019-04-11,2019,4,11,101,21,3,47.2,2019-04-11 21:00:00+00:00,2019-04-11 22:00:00+00:00,50739.7175,734.825,8541.2775,0.0,55397.3,9276.1025,0.9888537064205885,-0.1488903868564548,-0.7071067811865477,0.7071067811865474,0.4338837391175582,-0.900968867902419,0,weekday,15.55
2019-04-12,2019,4,12,102,21,4,45.27,2019-04-12 21:00:00+00:00,2019-04-12 22:00:00+00:00,49814.135,1474.915,7330.27,0.0,52589.24,8805.185000000001,0.986146248341595,-0.1658781989346314,-0.7071067811865477,0.7071067811865474,-0.433883739117558,-0.9009688679024191,0,weekday,15.895
2019-04-13,2019,4,13,103,21,5,40.24,2019-04-13 21:00:00+00:00,2019-04-13 22:00:00+00:00,45874.9375,4706.375,11909.3825,0.0,55796.69,16615.7575,0.98314697372215,-0.1828169249850199,-0.7071067811865477,0.7071067811865474,-0.9749279121818236,-0.2225209339563146,0,weekend,15.855
2019-04-14,2019,4,14,104,21,6,38.59,2019-04-14 21:00:00+00:00,2019-04-14 22:00:00+00:00,45968.6775,4497.8325,13267.4875,0.0,56094.42,17765.32,0.9798567700958664,-0.1997015525660636,-0.7071067811865477,0.7071067811865474,-0.7818314824680299,0.6234898018587334,0,weekend,15.7475
2019-04-15,2019,4,15,105,21,0,42.43,2019-04-15 21:00:00+00:00,2019-04-15 22:00:00+00:00,49802.192500000005,5010.16,18775.11,0.0,60738.21,23785.27,0.976276611086932,-0.2165270852448143,-0.7071067811865477,0.7071067811865474,0.0,1.0,0,weekday,15.64
2019-04-16,2019,4,16,106,21,1,43.9,2019-04-16 21:00:00+00:00,2019-04-16 22:00:00+00:00,50009.45,4966.407499999999,16874.64,0.0,59421.18,21841.0475,0.9724075561219968,-0.2332885440754551,-0.7071067811865477,0.7071067811865474,0.7818314824680298,0.6234898018587336,0,weekday,14.85
2019-04-17,2019,4,17,107,21,2,41.03,2019-04-17 21:00:00+00:00,2019-04-17 22:00:00+00:00,50659.0175,4776.51,15119.795,0.0,57520.12,19896.305,0.9682507501166718,-0.2499809690726521,-0.7071067811865477,0.7071067811865474,0.9749279121818236,-0.2225209339563143,0,weekday,15.195
2019-04-18,2019,4,18,108,21,3,43.19,2019-04-18 21:00:00+00:00,2019-04-18 22:00:00+00:00,49801.275,4456.72,17515.885000000002,0.0,55037.33,21972.605000000003,0.9638074231367308,-0.2665994206792935,-0.7071067811865477,0.7071067811865474,0.4338837391175582,-0.900968867902419,0,weekday,15.0
2019-04-19,2019,4,19,109,21,4,43.88,2019-04-19 21:00:00+00:00,2019-04-19 22:00:00+00:00,44739.9875,2760.575,13133.735,0.0,47000.76,15894.31,0.9590788900341132,-0.2831389812281835,-0.7071067811865477,0.7071067811865474,-0.433883739117558,-0.9009688679024191,1,holiday,14.46
2019-04-20,2019,4,20,110,21,5,42.5,2019-04-20 21:00:00+00:00,2019-04-20 22:00:00+00:00,42128.8375,562.7675,8646.3625,0.0,38767.23,9209.13,0.9540665500578388,-0.2995947563972602,-0.7071067811865477,0.7071067811865474,-0.9749279121818236,-0.2225209339563146,0,weekend,14.46
2019-04-21,2019,4,21,111,21,6,41.38,2019-04-21 21:00:00+00:00,2019-04-21 22:00:00+00:00,41646.78,1663.955,12084.3825,0.0,40905.55,13748.3375,0.9487718864399473,-0.3159618766579029,-0.7071067811865477,0.7071067811865474,-0.7818314824680299,0.6234898018587334,0,weekend,14.46
2019-04-22,2019,4,22,112,21,0,0.03,2019-04-22 21:00:00+00:00,2019-04-22 22:00:00+00:00,42982.8775,5182.04,27631.015,0.0,54175.37,32813.055,0.9431964659565866,-0.3322354987159043,-0.7071067811865477,0.7071067811865474,0.0,1.0,1,holiday,14.46
2019-04-23,2019,4,23,113,21,1,30.09,2019-04-23 21:00:00+00:00,2019-04-23 22:00:00+00:00,47827.445,4673.67,24105.1275,0.0,55132.64,28778.7975,0.9373419384643772,-0.3484108069446808,-0.7071067811865477,0.7071067811865474,0.7818314824680298,0.6234898018587336,0,weekday,14.105
2019-04-24,2019,4,24,114,21,2,38.1,2019-04-24 21:00:00+00:00,2019-04-24 22:00:00+00:00,49278.9025,4222.165,18691.65,0.0,51132.2,22913.815,0.9312100364121948,-0.3644830148102912,-0.7071067811865477,0.7071067811865474,0.9749279121818236,-0.2225209339563143,0,weekday,14.425
2019-04-25,2019,4,25,115,21,3,42.21,2019-04-25 21:00:00+00:00,2019-04-25 22:00:00+00:00,49207.385,1219.3175,12926.405,0.0,46717.73,14145.7225,0.9248025743285088,-0.3804473662878516,-0.7071067811865477,0.7071067811865474,0.4338837391175582,-0.900968867902419,0,weekday,14.535
2019-04-26,2019,4,26,116,21,4,41.97,2019-04-26 21:00:00+00:00,2019-04-26 22:00:00+00:00,48982.335,1056.13,8324.08,0.0,40787.63,9380.21,0.9181214482844364,-0.3962991372689181,-0.7071067811865477,0.7071067811865474,-0.433883739117558,-0.9009688679024191,0,weekday,14.725
2019-04-27,2019,4,27,117,21,5,36.36,2019-04-27 21:00:00+00:00,2019-04-27 22:00:00+00:00,43980.6325,2128.82,10952.78,0.0,43516.04,13081.6,0.9111686353326632,-0.4120336369594263,-0.7071067811865477,0.7071067811865474,-0.9749279121818236,-0.2225209339563146,0,weekend,14.425
2019-04-28,2019,4,28,118,21,6,47.76,2019-04-28 21:00:00+00:00,2019-04-28 22:00:00+00:00,43137.96,463.835,2960.255,0.0,37638.78,3424.09,0.9039461929224012,-0.4276462092677746,-0.7071067811865477,0.7071067811865474,-0.7818314824680299,0.6234898018587334,0,weekend,14.475000000000001
2019-04-29,2019,4,29,119,21,0,44.86,2019-04-29 21:00:00+00:00,2019-04-29 22:00:00+00:00,47809.817500000005,1393.1375,10958.68,0.0,49619.72,12351.8175,0.8964562582905575,-0.4431322341826345,-0.7071067811865477,0.7071067811865474,0.0,1.0,0,weekday,14.525
2019-04-30,2019,4,30,120,21,1,46.28,2019-04-30 21:00:00+00:00,2019-04-30 22:00:00+00:00,48078.8725,717.145,5141.26,0.0,42261.81,5858.405000000001,0.8887010478292915,-0.4584871291400876,-0.7071067811865477,0.7071067811865474,0.7818314824680298,0.6234898018587336,0,weekday,14.425
2019-05-01,2019,5,1,121,21,2,35.18,2019-05-01 21:00:00+00:00,2019-05-01 22:00:00+00:00,43399.45,3557.5975,12390.395,0.0,43383.34,15947.9925,0.8806828564301475,-0.47370635037968,-0.7071067811865477,0.7071067811865474,0.9749279121818236,-0.2225209339563143,1,holiday,14.1
2019-05-02,2019,5,2,122,21,3,44.72,2019-05-02 21:00:00+00:00,2019-05-02 22:00:00+00:00,45353.9075,4601.865,12047.795,0.0,49417.68,16649.66,0.8724040568049612,-0.4887853942889926,-0.7071067811865477,0.7071067811865474,0.4338837391175582,-0.900968867902419,0,weekday,14.365
2019-05-03,2019,5,3,123,21,4,45.37,2019-05-03 21:00:00+00:00,2019-05-03 22:00:00+00:00,48120.545,4898.66,10557.23,0.0,47133.48,15455.89,0.8638670987837349,-0.503719798736334,-0.7071067811865477,0.7071067811865474,-0.433883739117558,-0.9009688679024191,0,weekday,14.565
2019-05-04,2019,5,4,124,21,5,45.92,2019-05-04 21:00:00+00:00,2019-05-04 22:00:00+00:00,43761.6875,2494.81,7615.885,0.0,40348.05,10110.695,0.8550745085896932,-0.518505144391157,-0.7071067811865477,0.7071067811865474,-0.9749279121818236,-0.2225209339563146,0,weekend,14.565
2019-05-05,2019,5,5,125,21,6,42.34,2019-05-05 21:00:00+00:00,2019-05-05 22:00:00+00:00,42569.6875,4153.1225,9511.035,0.0,44562.47,13664.1575,0.8460288880917339,-0.533137056031809,-0.7071067811865477,0.7071067811865474,-0.7818314824680299,0.6234898018587334,0,weekend,14.45
2019-05-06,2019,5,6,126,21,0,55.0,2019-05-06 21:00:00+00:00,2019-05-06 22:00:00+00:00,47325.2625,3571.025,8577.4,0.0,50402.48,12148.425,0.8367329140344921,-0.5476112038402312,-0.7071067811865477,0.7071067811865474,0.0,1.0,0,weekday,14.335
2019-05-07,2019,5,7,127,21,1,50.98,2019-05-07 21:00:00+00:00,2019-05-07 22:00:00+00:00,47392.955,381.615,2364.135,0.0,43097.97,2745.75,0.8271893372462497,-0.5619233046832195,-0.7071067811865477,0.7071067811865474,0.7818314824680298,0.6234898018587336,0,weekday,14.325
2019-05-08,2019,5,8,128,21,2,35.24,2019-05-08 21:00:00+00:00,2019-05-08 22:00:00+00:00,48658.42,3805.6375,17561.435,0.0,56032.37,21367.0725,0.8174009818249189,-0.5760691233798758,-0.7071067811865477,0.7071067811865474,0.9749279121818236,-0.2225209339563143,0,weekday,14.175
2019-05-09,2019,5,9,129,21,3,49.07,2019-05-09 21:00:00+00:00,2019-05-09 22:00:00+00:00,47813.0225,1537.515,10464.465,0.0,49579.71,12001.98,0.8073707443023492,-0.5900444739548627,-0.7071067811865477,0.7071067811865474,0.4338837391175582,-0.900968867902419,0,weekday,14.455
2019-05-10,2019,5,10,130,21,4,51.22,2019-05-10 21:00:00+00:00,2019-05-10 22:00:00+00:00,47524.7,1097.63,3656.165,0.0,43465.92,4753.795,0.7971015927871943,-0.6038452208771035,-0.7071067811865477,0.7071067811865474,-0.433883739117558,-0.9009688679024191,0,weekday,13.995
2019-05-11,2019,5,11,131,21,5,37.26,2019-05-11 21:00:00+00:00,2019-05-11 22:00:00+00:00,43243.55,2565.7375,15425.6875,0.0,47428.75,17991.425,0.7865965660866021,-0.6174672802835514,-0.7071067811865477,0.7071067811865474,-0.9749279121818236,-0.2225209339563146,0,weekend,13.995
2019-05-12,2019,5,12,132,21,6,41.92,2019-05-12 21:00:00+00:00,2019-05-12 22:00:00+00:00,43727.9725,2563.725,13355.255,0.0,47147.82,15918.98,0.7758587728069828,-0.6309066211876704,-0.7071067811865477,0.7071067811865474,-0.7818314824680299,0.6234898018587334,0,weekend,13.8775
2019-05-13,2019,5,13,133,21,0,46.88,2019-05-13 21:00:00+00:00,2019-05-13 22:00:00+00:00,47977.7075,1138.045,10430.73,0.0,46420.7,11568.775,0.7648913904341225,-0.6441592666722685,-0.7071067811865477,0.7071067811865474,0.0,1.0,0,weekday,13.76
2019-05-14,2019,5,14,134,21,1,45.19,2019-05-14 21:00:00+00:00,2019-05-14 22:00:00+00:00,48554.7675,197.2225,10408.9125,0.0,46021.21,10606.135,0.753697664392914,-0.6572212950663319,-0.7071067811865477,0.7071067811865474,0.7818314824680298,0.6234898018587336,0,weekday,13.785
2019-05-15,2019,5,15,135,21,2,43.5,2019-05-15 21:00:00+00:00,2019-05-15 22:00:00+00:00,48530.0125,1646.9575,11149.5325,0.0,49587.07,12796.49,0.742280907086982,-0.6700888411055113,-0.7071067811865477,0.7071067811865474,0.9749279121818236,-0.2225209339563143,0,weekday,13.855
2019-05-16,2019,5,16,136,21,3,40.83,2019-05-16 21:00:00+00:00,2019-05-16 22:00:00+00:00,48088.065,4849.625,8961.105,0.0,50663.0,13810.73,0.7306444969184916,-0.6827580970759147,-0.7071067811865477,0.7071067811865474,0.4338837391175582,-0.900968867902419,0,weekday,13.385
2019-05-17,2019,5,17,137,21,4,48.32,2019-05-17 21:00:00+00:00,2019-05-17 22:00:00+00:00,46914.41,1804.575,8694.86,0.0,44859.89,10499.435,0.7187918772884232,-0.6952253139408722,-0.7071067811865477,0.7071067811865474,-0.433883739117558,-0.9009688679024191,0,weekday,12.935
2019-05-18,2019,5,18,138,21,5,44.96,2019-05-18 21:00:00+00:00,2019-05-18 22:00:00+00:00,43468.775,2174.13,6934.205,0.0,40011.06,9108.335,0.7067265555776158,-0.7074868024503348,-0.7071067811865477,0.7071067811865474,-0.9749279121818236,-0.2225209339563146,0,weekend,12.855
2019-05-19,2019,5,19,139,21,6,43.33,2019-05-19 21:00:00+00:00,2019-05-19 22:00:00+00:00,43143.605,2014.475,7316.76,0.0,40698.67,9331.235,0.6944521021088763,-0.719538934232584,-0.7071067811865477,0.7071067811865474,-0.7818314824680299,0.6234898018587334,0,weekend,12.879999999999999
2019-05-20,2019,5,20,140,21,0,44.17,2019-05-20 21:00:00+00:00,2019-05-20 22:00:00+00:00,47366.675,2094.48,10705.5175,0.0,48517.82,12799.9975,0.6819721490904629,-0.7313781428679254,-0.7071067811865477,0.7071067811865474,0.0,1.0,0,weekday,12.905
2019-05-21,2019,5,21,141,21,1,42.57,2019-05-21 21:00:00+00:00,2019-05-21 22:00:00+00:00,48270.36,3599.505,14655.6425,0.0,51077.43,18255.1475,0.6692903895412567,-0.7430009249440493,-0.7071067811865477,0.7071067811865474,0.7818314824680298,0.6234898018587336,0,weekday,12.6
2019-05-22,2019,5,22,142,21,2,48.45,2019-05-22 21:00:00+00:00,2019-05-22 22:00:00+00:00,48202.39,1622.0325,8018.1475,0.0,44371.05,9640.18,0.6564105761979381,-0.7544038410927472,-0.7071067811865477,0.7071067811865474,0.9749279121818236,-0.2225209339563143,0,weekday,12.885
2019-05-23,2019,5,23,143,21,3,49.41,2019-05-23 21:00:00+00:00,2019-05-23 22:00:00+00:00,47717.8875,889.6775,2127.1675,0.0,37885.69,3016.8450000000003,0.6433365204044917,-0.765583517007675,-0.7071067811865477,0.7071067811865474,0.4338837391175582,-0.900968867902419,0,weekday,12.595
2019-05-24,2019,5,24,144,21,4,45.06,2019-05-24 21:00:00+00:00,2019-05-24 22:00:00+00:00,46602.72,2307.2175,6656.405,0.0,40638.77,8963.6225,0.6300720909843687,-0.7765366444428655,-0.7071067811865477,0.7071067811865474,-0.433883739117558,-0.9009688679024191,0,weekday,12.435
2019-05-25,2019,5,25,145,21,5,44.47,2019-05-25 21:00:00+00:00,2019-05-25 22:00:00+00:00,41871.7975,1789.51,4594.7575,0.0,35915.1,6384.2675,0.6166212130956382,-0.7872599821916922,-0.7071067811865477,0.7071067811865474,-0.9749279121818236,-0.2225209339563146,0,weekend,12.25
2019-05-26,2019,5,26,146,21,6,36.37,2019-05-26 21:00:00+00:00,2019-05-26 22:00:00+00:00,42789.295,3792.635,14107.8825,0.0,44358.17,17900.5175,0.6029878670694714,-0.7977503570459932,-0.7071067811865477,0.7071067811865474,-0.7818314824680299,0.6234898018587334,0,weekend,12.34
2019-05-27,2019,5,27,147,21,0,43.39,2019-05-27 21:00:00+00:00,2019-05-27 22:00:00+00:00,47464.0275,2585.7175,3772.685,0.0,38424.21,6358.4025,0.5891760872322963,-0.8080046647350754,-0.7071067811865477,0.7071067811865474,0.0,1.0,0,weekday,12.43
2019-05-28,2019,5,28,148,21,1,38.77,2019-05-28 21:00:00+00:00,2019-05-28 22:00:00+00:00,47710.445,1581.2375,8074.5175,0.0,43055.63,9655.755,0.5751899607119775,-0.8180198708443174,-0.7071067811865477,0.7071067811865474,0.7818314824680298,0.6234898018587336,0,weekday,12.52
2019-05-29,2019,5,29,149,21,2,40.77,2019-05-29 21:00:00+00:00,2019-05-29 22:00:00+00:00,46349.9075,3111.6925,7148.2825,0.0,41143.0,10259.975,0.5610336262283677,-0.8277930117131022,-0.7071067811865477,0.7071067811865474,0.9749279121818236,-0.2225209339563143,0,weekday,12.225
2019-05-30,2019,5,30,150,21,3,40.34,2019-05-30 21:00:00+00:00,2019-05-30 22:00:00+00:00,42781.7525,3812.9,7947.76,0.0,41502.45,11760.66,0.5467112728685939,-0.8373211953118121,-0.7071067811865477,0.7071067811865474,0.4338837391175582,-0.900968867902419,1,holiday,11.475
2019-05-31,2019,5,31,151,21,4,43.98,2019-05-31 21:00:00+00:00,2019-05-31 22:00:00+00:00,43215.0725,2153.3125,2690.55,0.0,35111.86,4843.8625,0.5322271388474397,-0.8466016020976267,-0.7071067811865477,0.7071067811865474,-0.433883739117558,-0.9009688679024191,0,weekday,11.205
2019-06-01,2019,6,1,152,21,5,40.36,2019-06-01 21:00:00+00:00,2019-06-01 22:00:00+00:00,40790.0875,626.8675000000001,1729.825,0.0,32559.89,2356.6925,0.5175855102531889,-0.8556314858488706,-0.7071067811865477,0.7071067811865474,-0.9749279121818236,-0.2225209339563146,0,weekend,11.205
2019-06-02,2019,6,2,153,21,6,37.12,2019-06-02 21:00:00+00:00,2019-06-02 22:00:00+00:00,41787.8525,3805.375,15026.355,0.0,46555.5,18831.73,0.5027907197793043,-0.8644081744776648,-0.7071067811865477,0.7071067811865474,-0.7818314824680299,0.6234898018587334,0,weekend,11.1525
2019-06-03,2019,6,3,154,21,0,45.96,2019-06-03 21:00:00+00:00,2019-06-03 22:00:00+00:00,47107.675,807.98,3399.295,0.0,40843.4,4207.275,0.4878471454423119,-0.8729290708206411,-0.7071067811865477,0.7071067811865474,0.0,1.0,0,weekday,11.1
2019-06-04,2019,6,4,155,21,1,33.83,2019-06-04 21:00:00+00:00,2019-06-04 22:00:00+00:00,47057.54,4014.4775,17112.2775,0.0,51749.58,21126.755,0.4727592092862775,-0.881191653407483,-0.7071067811865477,0.7071067811865474,0.7818314824680298,0.6234898018587336,0,weekday,11.91
2019-06-05,2019,6,5,156,21,2,39.99,2019-06-05 21:00:00+00:00,2019-06-05 22:00:00+00:00,48090.7775,3123.39,14152.585,0.0,47221.82,17275.975,0.4575313760742512,-0.8891934772070711,-0.7071067811865477,0.7071067811865474,0.9749279121818236,-0.2225209339563143,0,weekday,11.6
2019-06-06,2019,6,6,157,21,3,47.73,2019-06-06 21:00:00+00:00,2019-06-06 22:00:00+00:00,49087.0775,1567.7375,3933.855,0.0,38568.17,5501.5925,0.442168151967072,-0.8969321743510065,-0.7071067811865477,0.7071067811865474,0.4338837391175582,-0.900968867902419,0,weekday,11.32
2019-06-07,2019,6,7,158,21,4,30.04,2019-06-07 21:00:00+00:00,2019-06-07 22:00:00+00:00,47369.375,4263.1275000000005,19543.2625,0.0,49155.68,23806.39,0.4266740831899246,-0.9044054548343,-0.7071067811865477,0.7071067811865474,-0.433883739117558,-0.9009688679024191,0,weekday,11.245
2019-06-08,2019,6,8,159,21,5,27.31,2019-06-08 21:00:00+00:00,2019-06-08 22:00:00+00:00,42510.5,4635.1875,13696.47,0.0,42710.22,18331.6575,0.4110537546870351,-0.911611107193024,-0.7071067811865477,0.7071067811865474,-0.9749279121818236,-0.2225209339563146,0,weekend,11.52
2019-06-09,2019,6,9,160,21,6,41.12,2019-06-09 21:00:00+00:00,2019-06-09 22:00:00+00:00,40130.8875,229.945,8521.815,0.0,32872.59,8751.76,0.3953117887649151,-0.9185469991587164,-0.7071067811865477,0.7071067811865474,-0.7818314824680299,0.6234898018587334,0,weekend,11.585
2019-06-10,2019,6,10,161,21,0,40.0,2019-06-10 21:00:00+00:00,2019-06-10 22:00:00+00:00,42578.7175,4833.26,7227.5325,0.0,38021.73,12060.7925,0.3794528437245443,-0.925211078289358,-0.7071067811865477,0.7071067811865474,0.0,1.0,1,holiday,11.65
2019-06-11,2019,6,11,162,21,1,46.1,2019-06-11 21:00:00+00:00,2019-06-11 22:00:00+00:00,46435.955,913.0075,4384.13,0.0,38400.76,5297.1375,0.3634816124829063,-0.9316013725767188,-0.7071067811865477,0.7071067811865474,0.7818314824680298,0.6234898018587336,0,weekday,11.48
2019-06-12,2019,6,12,163,21,2,44.64,2019-06-12 21:00:00+00:00,2019-06-12 22:00:00+00:00,47978.335,2300.76,7417.515,0.0,43843.22,9718.275,0.3474028211842774,-0.9377159910299092,-0.7071067811865477,0.7071067811865474,0.9749279121818236,-0.2225209339563143,0,weekday,11.205
2019-06-13,2019,6,13,164,21,3,47.56,2019-06-13 21:00:00+00:00,2019-06-13 22:00:00+00:00,47751.37,2911.4,7146.4475,0.0,43562.51,10057.8475,0.3312212278016865,-0.9435531242349544,-0.7071067811865477,0.7071067811865474,0.4338837391175582,-0.900968867902419,0,weekday,11.52
2019-06-14,2019,6,14,165,21,4,43.54,2019-06-14 21:00:00+00:00,2019-06-14 22:00:00+00:00,46546.7075,1833.3975,11599.305,0.0,45182.34,13432.7025,0.3149416207289519,-0.9491110448902284,-0.7071067811865477,0.7071067811865474,-0.433883739117558,-0.9009688679024191,0,weekday,11.35
2019-06-15,2019,6,15,166,21,5,39.09,2019-06-15 21:00:00+00:00,2019-06-15 22:00:00+00:00,41413.2825,1910.86,7407.9125,0.0,37622.43,9318.7725,0.2985688173637202,-0.9543881083175908,-0.7071067811865477,0.7071067811865474,-0.9749279121818236,-0.2225209339563146,0,weekend,11.32
2019-06-16,2019,6,16,167,21,6,48.05,2019-06-16 21:00:00+00:00,2019-06-16 22:00:00+00:00,42095.455,1373.7275,1374.605,0.0,32597.92,2748.3325,0.2821076626819194,-0.9593827529490744,-0.7071067811865477,0.7071067811865474,-0.7818314824680299,0.6234898018587334,0,weekend,11.3375
2019-06-17,2019,6,17,168,21,0,45.53,2019-06-17 21:00:00+00:00,2019-06-17 22:00:00+00:00,46436.91,296.4175,6929.305,0.0,43019.68,7225.7225,0.2655630278040559,-0.9640935007889756,-0.7071067811865477,0.7071067811865474,0.0,1.0,0,weekday,11.355
2019-06-18,2019,6,18,169,21,1,47.06,2019-06-18 21:00:00+00:00,2019-06-18 22:00:00+00:00,47394.9625,1187.8675,7227.97,0.0,43857.15,8415.8375,0.2489398085537665,-0.9685189578512204,-0.7071067811865477,0.7071067811865474,0.7818314824680298,0.6234898018587336,0,weekday,11.4
2019-06-19,2019,6,19,170,21,2,40.08,2019-06-19 21:00:00+00:00,2019-06-19 22:00:00+00:00,46760.7525,2651.58,8329.03,0.0,46078.4,10980.61,0.2322429240090701,-0.9726578145718654,-0.7071067811865477,0.7071067811865474,0.9749279121818236,-0.2225209339563143,0,weekday,10.485
2019-06-20,2019,6,20,171,21,3,46.63,2019-06-20 21:00:00+00:00,2019-06-20 22:00:00+00:00,44241.655,356.725,2656.165,0.0,36653.97,3012.89,0.2154773150467301,-0.976508846196619,-0.7071067811865477,0.7071067811865474,0.4338837391175582,-0.900968867902419,0,weekday,10.15
2019-06-21,2019,6,21,172,21,4,44.41,2019-06-21 21:00:00+00:00,2019-06-21 22:00:00+00:00,45220.555,611.845,5240.9375,0.0,38932.27,5852.7825,0.1986479428801711,-0.9800709131432666,-0.7071067811865477,0.7071067811865474,-0.433883739117558,-0.9009688679024191,0,weekday,9.8
2019-06-22,2019,6,22,173,21,5,34.03,2019-06-22 21:00:00+00:00,2019-06-22 22:00:00+00:00,41738.435,765.0125,12080.6175,0.0,40639.58,12845.63,0.1817597875913753,-0.9833429613388902,-0.7071067811865477,0.7071067811865474,-0.9749279121818236,-0.2225209339563146,0,weekend,10.355
2019-06-23,2019,6,23,174,21,6,34.19,2019-06-23 21:00:00+00:00,2019-06-23 22:00:00+00:00,42476.81,3933.125,14316.8625,0.0,44522.64,18249.9875,0.1648178466571979,-0.9863240225317866,-0.7071067811865477,0.7071067811865474,-0.7818314824680299,0.6234898018587334,0,weekend,10.2775
2019-06-24,2019,6,24,175,21,0,34.3,2019-06-24 21:00:00+00:00,2019-06-24 22:00:00+00:00,46778.1825,4680.6575,15714.5525,0.0,51552.64,20395.21,0.1478271334705304,-0.9890132145779884,-0.7071067811865477,0.7071067811865474,0.0,1.0,0,weekday,10.2
2019-06-25,2019,6,25,176,21,1,46.27,2019-06-25 21:00:00+00:00,2019-06-25 22:00:00+00:00,47703.345,1750.3475,7467.015,0.0,45407.36,9217.3625,0.1307926758567592,-0.9914097417023038,-0.7071067811865477,0.7071067811865474,0.7818314824680298,0.6234898018587336,0,weekday,9.875
2019-06-26,2019,6,26,177,21,2,36.7,2019-06-26 21:00:00+00:00,2019-06-26 22:00:00+00:00,49054.465,4053.0775,14892.4525,0.0,49527.39,18945.53,0.1137195145859496,-0.9935128947338008,-0.7071067811865477,0.7071067811865474,0.9749279121818236,-0.2225209339563143,0,weekday,9.62
2019-06-27,2019,6,27,178,21,3,41.17,2019-06-27 21:00:00+00:00,2019-06-27 22:00:00+00:00,48800.4625,2278.7275,9255.8125,0.0,44088.35,11534.54,0.0966127018812031,-0.9953220513156602,-0.7071067811865477,0.7071067811865474,0.4338837391175582,-0.900968867902419,0,weekday,9.375
2019-06-28,2019,6,28,179,21,4,48.54,2019-06-28 21:00:00+00:00,2019-06-28 22:00:00+00:00,48034.5275,324.4125,4156.7725,0.0,38767.48,4481.185,0.0794772999236209,-0.9968366760893436,-0.7071067811865477,0.7071067811865474,-0.433883739117558,-0.9009688679024191,0,weekday,9.75
2019-06-29,2019,6,29,180,21,5,41.03,2019-06-29 21:00:00+00:00,2019-06-29 22:00:00+00:00,43452.085,1418.6775,5908.2875,0.0,38134.72,7326.965,0.062318379354325,-0.998056320853012,-0.7071067811865477,0.7071067811865474,-0.9749279121818236,-0.2225209339563146,0,weekend,10.115
2019-06-30,2019,6,30,181,21,6,43.19,2019-06-30 21:00:00+00:00,2019-06-30 22:00:00+00:00,44980.9275,4083.765,9421.5325,0.0,43327.34,13505.2975,0.0451410177739719,-0.998980624694158,-0.7071067811865477,0.7071067811865474,-0.7818314824680299,0.6234898018587334,0,weekend,10.342500000000001
2019-07-01,2019,7,1,182,21,0,37.24,2019-07-01 21:00:00+00:00,2019-07-01 22:00:00+00:00,49728.05,4993.3150000000005,14915.085,0.0,51116.19,19908.4,0.0279502982402103,-0.999609314096404,-0.7071067811865477,0.7071067811865474,0.0,1.0,0,weekday,10.57
2019-07-02,2019,7,2,183,21,1,42.14,2019-07-02 21:00:00+00:00,2019-07-02 22:00:00+00:00,50765.2075,3164.7325,8996.415,0.0,44797.48,12161.1475,0.0107513077635219,-0.9999422030204416,-0.7071067811865477,0.7071067811865474,0.7818314824680298,0.6234898018587336,0,weekday,10.65
2019-07-03,2019,7,3,184,21,2,37.57,2019-07-03 21:00:00+00:00,2019-07-03 22:00:00+00:00,51942.025,3009.815,9566.3925,0.0,46463.69,12576.2075,-0.0064508641981051,-0.9999791929590824,-0.7071067811865477,0.7071067811865474,0.9749279121818236,-0.2225209339563143,0,weekday,10.375
2019-07-04,2019,7,4,185,21,3,39.06,2019-07-04 21:00:00+00:00,2019-07-04 22:00:00+00:00,50735.395,4540.995,9398.0,0.0,46452.32,13938.995,-0.0236511272452315,-0.9997202729664084,-0.7071067811865477,0.7071067811865474,0.4338837391175582,-0.900968867902419,0,weekday,10.295
2019-07-05,2019,7,5,186,21,4,42.07,2019-07-05 21:00:00+00:00,2019-07-05 22:00:00+00:00,49231.115,2151.3900000000003,4179.047500000001,0.0,39954.84,6330.437500000001,-0.0408443915432961,-0.9991655196610107,-0.7071067811865477,0.7071067811865474,-0.433883739117558,-0.9009688679024191,0,weekday,10.575
2019-07-06,2019,7,6,187,21,5,32.12,2019-07-06 21:00:00+00:00,2019-07-06 22:00:00+00:00,45507.54,5092.685,13043.7475,0.0,44008.12,18136.4325,-0.0580255693287803,-0.9983150972033183,-0.7071067811865477,0.7071067811865474,-0.9749279121818236,-0.2225209339563146,0,weekend,11.215
2019-07-07,2019,7,7,188,21,6,37.02,2019-07-07 21:00:00+00:00,2019-07-07 22:00:00+00:00,45585.2875,3562.3025,8206.0275,0.0,41905.21,11768.33,-0.0751895764147585,-0.9971692572470178,-0.7071067811865477,0.7071067811865474,-0.7818314824680299,0.6234898018587334,0,weekend,11.16
2019-07-08,2019,7,8,189,21,0,39.43,2019-07-08 21:00:00+00:00,2019-07-08 22:00:00+00:00,50562.38,3259.1825,9252.695,0.0,46673.59,12511.8775,-0.0923313336953912,-0.9957283388645872,-0.7071067811865477,0.7071067811865474,0.0,1.0,0,weekday,11.105
2019-07-09,2019,7,9,190,21,1,43.88,2019-07-09 21:00:00+00:00,2019-07-09 22:00:00+00:00,51392.99,1233.795,7562.53,0.0,44125.7,8796.325,-0.1094457686489155,-0.993992768446958,-0.7071067811865477,0.7071067811865474,0.7818314824680298,0.6234898018587336,0,weekday,12.225
2019-07-10,2019,7,10,191,21,2,47.73,2019-07-10 21:00:00+00:00,2019-07-10 22:00:00+00:00,49875.45,831.6125,2811.335,0.0,43679.97,3642.9475,-0.1265278168386831,-0.9919630595773395,-0.7071067811865477,0.7071067811865474,0.9749279121818236,-0.2225209339563143,0,weekday,11.35
2019-07-11,2019,7,11,192,21,3,47.76,2019-07-11 21:00:00+00:00,2019-07-11 22:00:00+00:00,50006.8475,195.0425,2702.78,0.0,43802.04,2897.8225,-0.1435724234118113,-0.9896398128792412,-0.7071067811865477,0.7071067811865474,0.4338837391175582,-0.900968867902419,0,weekday,12.725
2019-07-12,2019,7,12,193,21,4,43.88,2019-07-12 21:00:00+00:00,2019-07-12 22:00:00+00:00,48470.8225,703.4175,4184.185,0.0,40953.41,4887.602500000001,-0.1605745445949937,-0.9870237158387384,-0.7071067811865477,0.7071067811865474,-0.433883739117558,-0.9009688679024191,0,weekday,12.65
2019-07-13,2019,7,13,194,21,5,41.2,2019-07-13 21:00:00+00:00,2019-07-13 22:00:00+00:00,43581.415,1881.2675,5353.5625,0.0,37310.34,7234.83,-0.1775291491870349,-0.984115542601034,-0.7071067811865477,0.7071067811865474,-0.9749279121818236,-0.2225209339563146,0,weekend,13.28
2019-07-14,2019,7,14,195,21,6,43.72,2019-07-14 21:00:00+00:00,2019-07-14 22:00:00+00:00,45704.35,1941.5375,5321.84,0.0,39999.27,7263.3775,-0.1944312200476619,-0.9809161537413774,-0.7071067811865477,0.7071067811865474,-0.7818314824680299,0.6234898018587334,0,weekend,13.5025
2019-07-15,2019,7,15,196,21,0,44.6,2019-07-15 21:00:00+00:00,2019-07-15 22:00:00+00:00,49827.7875,3935.9825,9624.75,0.0,49423.95,13560.7325,-0.2112757555821793,-0.9774264960104057,-0.7071067811865477,0.7071067811865474,0.0,1.0,0,weekday,13.725
2019-07-16,2019,7,16,197,21,1,49.0,2019-07-16 21:00:00+00:00,2019-07-16 22:00:00+00:00,49677.585,926.195,5838.0475,0.0,45094.43,6764.242499999999,-0.2280577712215198,-0.9736476020539838,-0.7071067811865477,0.7071067811865474,0.7818314824680298,0.6234898018587336,0,weekday,12.13
2019-07-17,2019,7,17,198,21,2,50.64,2019-07-17 21:00:00+00:00,2019-07-17 22:00:00+00:00,49365.91,190.4875,1873.695,0.0,43236.05,2064.1825,-0.2447723008972595,-0.9695805901076308,-0.7071067811865477,0.7071067811865474,0.9749279121818236,-0.2225209339563143,0,weekday,11.0
2019-07-18,2019,7,18,199,21,3,48.01,2019-07-18 21:00:00+00:00,2019-07-18 22:00:00+00:00,48758.3,741.5025,3531.085,0.0,43463.39,4272.5875,-0.2614143985111562,-0.965226663665613,-0.7071067811865477,0.7071067811865474,0.4338837391175582,-0.900968867902419,0,weekday,11.075
2019-07-19,2019,7,19,200,21,4,50.6,2019-07-19 21:00:00+00:00,2019-07-19 22:00:00+00:00,47122.8425,1030.255,1833.7775,0.0,40223.63,2864.0325000000003,-0.2779791393987801,-0.9605871111248128,-0.7071067811865477,0.7071067811865474,-0.433883739117558,-0.9009688679024191,0,weekday,10.9
2019-07-20,2019,7,20,201,21,5,39.2,2019-07-20 21:00:00+00:00,2019-07-20 22:00:00+00:00,42673.025,3417.6175000000003,7501.532499999999,0.0,42398.92,10919.15,-0.2944616217868012,-0.9556633054034704,-0.7071067811865477,0.7071067811865474,-0.9749279121818236,-0.2225209339563146,0,weekend,10.815
2019-07-21,2019,7,21,202,21,6,46.62,2019-07-21 21:00:00+00:00,2019-07-21 22:00:00+00:00,43945.4475,1801.645,3200.995,0.0,38145.82,5002.639999999999,-0.3108569682435036,-0.9504567035349152,-0.7071067811865477,0.7071067811865474,-0.7818314824680299,0.6234898018587334,0,weekend,10.8575
2019-07-22,2019,7,22,203,21,0,51.87,2019-07-22 21:00:00+00:00,2019-07-22 22:00:00+00:00,48423.77,3061.185,3857.36,0.0,44273.73,6918.545,-0.3271603271220951,-0.9449688462364056,-0.7071067811865477,0.7071067811865474,0.0,1.0,0,weekday,10.9
2019-07-23,2019,7,23,204,21,1,55.0,2019-07-23 21:00:00+00:00,2019-07-23 22:00:00+00:00,49002.5475,484.125,4844.6975,0.0,45506.86,5328.8225,-0.343366873996388,-0.939201357453208,-0.7071067811865477,0.7071067811865474,0.7818314824680298,0.6234898018587336,0,weekday,10.125
2019-07-24,2019,7,24,205,21,2,57.81,2019-07-24 21:00:00+00:00,2019-07-24 22:00:00+00:00,49620.4075,2838.8575,8308.2925,0.0,49441.24,11147.15,-0.3594718130884232,-0.9331559438780432,-0.7071067811865477,0.7071067811865474,0.9749279121818236,-0.2225209339563143,0,weekday,10.375
2019-07-25,2019,7,25,206,21,3,50.74,2019-07-25 21:00:00+00:00,2019-07-25 22:00:00+00:00,50188.5775,3584.76,12049.1325,0.0,52953.74,15633.8925,-0.3754703786876202,-0.9268343944460494,-0.7071067811865477,0.7071067811865474,0.4338837391175582,-0.900968867902419,0,weekday,10.25
2019-07-26,2019,7,26,207,21,4,48.14,2019-07-26 21:00:00+00:00,2019-07-26 22:00:00+00:00,49515.31,4735.7725,16884.3675,0.0,53027.14,21620.14,-0.3913578365610259,-0.9202385798054076,-0.7071067811865477,0.7071067811865474,-0.433883739117558,-0.9009688679024191,0,weekday,10.0
2019-07-27,2019,7,27,208,21,5,36.19,2019-07-27 21:00:00+00:00,2019-07-27 22:00:00+00:00,45836.855,5138.6925,14787.4525,0.0,45054.18,19926.145,-0.4071294853542516,-0.9133704517637858,-0.7071067811865477,0.7071067811865474,-0.9749279121818236,-0.2225209339563146,0,weekend,9.965
2019-07-28,2019,7,28,209,21,6,41.46,2019-07-28 21:00:00+00:00,2019-07-28 22:00:00+00:00,43837.4875,1295.3925,6619.05,0.0,39510.52,7914.4425,-0.4227806579826773,-0.9062320427107696,-0.7071067811865477,0.7071067811865474,-0.7818314824680299,0.6234898018587334,0,weekend,10.02
2019-07-29,2019,7,29,210,21,0,49.38,2019-07-29 21:00:00+00:00,2019-07-29 22:00:00+00:00,48510.225,372.07,3505.505,0.0,41475.77,3877.575,-0.4383067230125192,-0.898825465016444,-0.7071067811865477,0.7071067811865474,0.0,1.0,0,weekday,10.075
2019-07-30,2019,7,30,211,21,1,43.66,2019-07-30 21:00:00+00:00,2019-07-30 22:00:00+00:00,49384.06,1051.645,4313.605,0.0,43999.33,5365.25,-0.4537030860313442,-0.8911529104063088,-0.7071067811865477,0.7071067811865474,0.7818314824680298,0.6234898018587336,0,weekday,9.85
2019-07-31,2019,7,31,212,21,2,54.51,2019-07-31 21:00:00+00:00,2019-07-31 22:00:00+00:00,48499.6225,1359.0575,2537.4425,0.0,40658.06,3896.5,-0.4689651910076318,-0.8832166493127127,-0.7071067811865477,0.7071067811865474,0.9749279121818236,-0.2225209339563143,0,weekday,11.0
2019-08-01,2019,8,1,213,21,3,51.53,2019-08-01 21:00:00+00:00,2019-08-01 22:00:00+00:00,48309.1425,347.0425,1724.035,0.0,41048.08,2071.0775000000003,-0.4840885216389758,-0.8750190302029955,-0.7071067811865477,0.7071067811865474,0.4338837391175582,-0.900968867902419,0,weekday,11.675
2019-08-02,2019,8,2,214,21,4,43.96,2019-08-02 21:00:00+00:00,2019-08-02 22:00:00+00:00,46933.5475,663.36,2670.255,0.0,41564.65,3333.615,-0.4990686026885319,-0.8665624788845385,-0.7071067811865477,0.7071067811865474,-0.433883739117558,-0.9009688679024191,0,weekday,11.96
2019-08-03,2019,8,3,215,21,5,41.96,2019-08-03 21:00:00+00:00,2019-08-03 22:00:00+00:00,42142.317500000005,302.855,2220.82,0.0,36196.61,2523.675,-0.5139010013093103,-0.8578494977869301,-0.7071067811865477,0.7071067811865474,-0.9749279121818236,-0.2225209339563146,0,weekend,12.015
2019-08-04,2019,8,4,216,21,6,46.76,2019-08-04 21:00:00+00:00,2019-08-04 22:00:00+00:00,43511.445,146.74,1382.71,0.0,35593.14,1529.45,-0.5285813283559292,-0.8488826652214553,-0.7071067811865477,0.7071067811865474,-0.7818314824680299,0.6234898018587334,0,weekend,11.995000000000001
2019-08-05,2019,8,5,217,21,0,45.0,2019-08-05 21:00:00+00:00,2019-08-05 22:00:00+00:00,48325.165,1108.8625,3776.9625,0.0,44048.53,4885.825,-0.5431052396834317,-0.8396646346181327,-0.7071067811865477,0.7071067811865474,0.0,1.0,0,weekday,11.975
2019-08-06,2019,8,6,218,21,1,49.12,2019-08-06 21:00:00+00:00,2019-08-06 22:00:00+00:00,48263.45,792.8875,3290.6800000000003,0.0,43445.4,4083.5675,-0.5574684374327892,-0.8301981337405212,-0.7071067811865477,0.7071067811865474,0.7818314824680298,0.6234898018587336,0,weekday,11.175
2019-08-07,2019,8,7,219,21,2,40.55,2019-08-07 21:00:00+00:00,2019-08-07 22:00:00+00:00,47665.525,1842.2475,7637.6675,0.0,46532.47,9479.915,-0.5716666713027052,-0.8204859638785327,-0.7071067811865477,0.7071067811865474,0.9749279121818236,-0.2225209339563143,0,weekday,11.0
2019-08-08,2019,8,8,220,21,3,42.1,2019-08-08 21:00:00+00:00,2019-08-08 22:00:00+00:00,47338.2875,2492.3175,6013.0175,0.0,44403.76,8505.335,-0.5856957398073508,-0.8105309990194823,-0.7071067811865477,0.7071067811865474,0.4338837391175582,-0.900968867902419,0,weekday,11.25
2019-08-09,2019,8,9,221,21,4,34.26,2019-08-09 21:00:00+00:00,2019-08-09 22:00:00+00:00,45973.54,2962.9575,13841.235,0.0,45859.92,16804.1925,-0.5995514915196489,-0.8003361849976323,-0.7071067811865477,0.7071067811865474,-0.433883739117558,-0.9009688679024191,0,weekday,12.05
2019-08-10,2019,8,10,222,21,5,31.83,2019-08-10 21:00:00+00:00,2019-08-10 22:00:00+00:00,41932.4325,4467.7475,18664.9625,0.0,47124.7,23132.710000000003,-0.6132298262997502,-0.7899045386224707,-0.7071067811865477,0.7071067811865474,-0.9749279121818236,-0.2225209339563146,0,weekend,12.025
2019-08-11,2019,8,11,223,21,6,40.0,2019-08-11 21:00:00+00:00,2019-08-11 22:00:00+00:00,42060.3525,4248.8875,5925.9925,0.0,38658.25,10174.88,-0.6267266965083301,-0.7792391467859886,-0.7071067811865477,0.7071067811865474,-0.7818314824680299,0.6234898018587334,0,weekend,11.9875
2019-08-12,2019,8,12,224,21,0,44.86,2019-08-12 21:00:00+00:00,2019-08-12 22:00:00+00:00,46924.025,922.975,5371.195,0.0,39643.12,6294.17,-0.6400381082043503,-0.7683431655492202,-0.7071067811865477,0.7071067811865474,0.0,1.0,0,weekday,11.95
2019-08-13,2019,8,13,225,21,1,41.82,2019-08-13 21:00:00+00:00,2019-08-13 22:00:00+00:00,47614.975,1537.5775,6506.3075,0.0,40390.1,8043.885,-0.65316012232693,-0.7572198192083127,-0.7071067811865477,0.7071067811865474,0.7818314824680298,0.6234898018587336,0,weekday,11.45
2019-08-14,2019,8,14,226,21,2,39.97,2019-08-14 21:00:00+00:00,2019-08-14 22:00:00+00:00,46853.5925,1581.135,3563.7225,0.0,38292.49,5144.8575,-0.666088855860977,-0.7458723993404063,-0.7071067811865477,0.7071067811865474,0.9749279121818236,-0.2225209339563143,0,weekday,11.5
2019-08-15,2019,8,15,227,21,3,35.07,2019-08-15 21:00:00+00:00,2019-08-15 22:00:00+00:00,47279.965,3306.785,11483.1025,0.0,44577.91,14789.8875,-0.6788204829862355,-0.734304263829602,-0.7071067811865477,0.7071067811865474,0.4338837391175582,-0.900968867902419,0,weekday,11.15
2019-08-16,2019,8,16,228,21,4,36.76,2019-08-16 21:00:00+00:00,2019-08-16 22:00:00+00:00,45843.7425,3476.7425,6755.945,0.0,41397.41,10232.6875,-0.6913512362094071,-0.722518835873311,-0.7071067811865477,0.7071067811865474,-0.433883739117558,-0.9009688679024191,0,weekday,11.175
2019-08-17,2019,8,17,229,21,5,36.92,2019-08-17 21:00:00+00:00,2019-08-17 22:00:00+00:00,41564.13,1505.0025,7931.1475,0.0,39532.6,9436.15,-0.7036774074790128,-0.7105196029692745,-0.7071067811865477,0.7071067811865474,-0.9749279121818236,-0.2225209339563146,0,weekend,10.955
2019-08-18,2019,8,18,230,21,6,36.97,2019-08-18 21:00:00+00:00,2019-08-18 22:00:00+00:00,43147.585,3750.3325,7844.7325,0.0,39536.05,11595.065,-0.7157953492826642,-0.6983101158835584,-0.7071067811865477,0.7071067811865474,-0.7818314824680299,0.6234898018587334,0,weekend,10.877500000000001
2019-08-19,2019,8,19,231,21,0,40.5,2019-08-19 21:00:00+00:00,2019-08-19 22:00:00+00:00,47037.8925,2194.85,4703.375,0.0,42100.58,6898.225,-0.7277014757264236,-0.6858939875998223,-0.7071067811865477,0.7071067811865474,0.0,1.0,0,weekday,10.8
2019-08-20,2019,8,20,232,21,1,40.61,2019-08-20 21:00:00+00:00,2019-08-20 22:00:00+00:00,45096.305,1474.6575,2846.87,0.0,41230.93,4321.5275,-0.7393922635959241,-0.673274892250183,-0.7071067811865477,0.7071067811865474,0.7818314824680298,0.6234898018587336,0,weekday,11.3
2019-08-21,2019,8,21,233,21,2,44.58,2019-08-21 21:00:00+00:00,2019-08-21 22:00:00+00:00,46641.3625,908.8,2069.29,0.0,40978.46,2978.09,-0.7508642533989489,-0.6604565640279754,-0.7071067811865477,0.7071067811865474,0.9749279121818236,-0.2225209339563143,0,weekday,11.2
2019-08-22,2019,8,22,234,21,3,38.48,2019-08-22 21:00:00+00:00,2019-08-22 22:00:00+00:00,46676.86,1819.8,3762.595,0.0,42851.43,5582.395,-0.7621140503891487,-0.6474427960827475,-0.7071067811865477,0.7071067811865474,0.4338837391175582,-0.900968867902419,0,weekday,11.275
2019-08-23,2019,8,23,235,21,4,36.97,2019-08-23 21:00:00+00:00,2019-08-23 22:00:00+00:00,45172.0775,98.315,6512.6075,0.0,42336.55,6610.9225,-0.7731383255706026,-0.6342374393978054,-0.7071067811865477,0.7071067811865474,-0.433883739117558,-0.9009688679024191,0,weekday,10.825
2019-08-24,2019,8,24,236,21,5,34.95,2019-08-24 21:00:00+00:00,2019-08-24 22:00:00+00:00,41234.665,3549.7825000000003,9951.7225,0.0,43786.79,13501.505,-0.7839338166829201,-0.620844401650647,-0.7071067811865477,0.7071067811865474,-0.9749279121818236,-0.2225209339563146,0,weekend,10.585
2019-08-25,2019,8,25,237,21,6,37.49,2019-08-25 21:00:00+00:00,2019-08-25 22:00:00+00:00,42288.9125,1470.3125,6869.64,0.0,40391.54,8339.9525,-0.7944973291665992,-0.6072676460566135,-0.7071067811865477,0.7071067811865474,-0.7818314824680299,0.6234898018587334,0,weekend,10.45
2019-08-26,2019,8,26,238,21,0,47.87,2019-08-26 21:00:00+00:00,2019-08-26 22:00:00+00:00,47101.5325,1089.2425,5784.7575,0.0,45609.61,6874.0,-0.8048257371083452,-0.593511190196115,-0.7071067811865477,0.7071067811865474,0.0,1.0,0,weekday,10.315
2019-08-27,2019,8,27,239,21,1,46.18,2019-08-27 21:00:00+00:00,2019-08-27 22:00:00+00:00,47344.03,1979.0925,4860.365,0.0,47873.67,6839.4575,-0.8149159841660791,-0.5795791048257612,-0.7071067811865477,0.7071067811865474,0.7818314824680298,0.6234898018587336,0,weekday,10.15
2019-08-28,2019,8,28,240,21,2,50.79,2019-08-28 21:00:00+00:00,2019-08-28 22:00:00+00:00,48117.52,822.0450000000001,2236.3675,0.0,45682.13,3058.4125,-0.8247650844733614,-0.5654755126737576,-0.7071067811865477,0.7071067811865474,0.9749279121818236,-0.2225209339563143,0,weekday,10.35
2019-08-29,2019,8,29,241,21,3,44.95,2019-08-29 21:00:00+00:00,2019-08-29 22:00:00+00:00,48629.4725,545.5675,1441.25,0.0,45404.06,1986.8175,-0.8343701235229538,-0.5512045872199277,-0.7071067811865477,0.7071067811865474,0.4338837391175582,-0.900968867902419,0,weekday,10.425
2019-08-30,2019,8,30,242,21,4,48.14,2019-08-30 21:00:00+00:00,2019-08-30 22:00:00+00:00,46770.6725,1157.1275,1722.3825,0.0,43737.25,2879.51,-0.8437282590292712,-0.5367705514607103,-0.7071067811865477,0.7071067811865474,-0.433883739117558,-0.9009688679024191,0,weekday,12.795
2019-08-31,2019,8,31,243,21,5,37.07,2019-08-31 21:00:00+00:00,2019-08-31 22:00:00+00:00,42682.1125,1473.5425,8846.8825,0.0,41866.4,10320.425,-0.8528367217694595,-0.522177676659508,-0.7071067811865477,0.7071067811865474,-0.9749279121818236,-0.2225209339563146,0,weekend,12.795
2019-09-01,2019,9,1,244,21,6,37.33,2019-09-01 21:00:00+00:00,2019-09-01 22:00:00+00:00,43933.455,2468.0175,5134.4275,0.0,40493.29,7602.445,-0.8616928164028522,-0.5074302810827518,-0.7071067811865477,0.7071067811865474,-0.7818314824680299,0.6234898018587334,0,weekend,12.513333333333334
2019-09-02,2019,9,2,245,21,0,40.76,2019-09-02 21:00:00+00:00,2019-09-02 22:00:00+00:00,48051.595,3271.0175,3275.035,0.0,44509.88,6546.0525,-0.8702939222685674,-0.4925327287220543,-0.7071067811865477,0.7071067811865474,0.0,1.0,0,weekday,12.231666666666666
2019-09-03,2019,9,3,246,21,1,40.9,2019-09-03 21:00:00+00:00,2019-09-03 22:00:00+00:00,48757.5375,2265.9925,4354.8725,0.0,44901.45,6620.865,-0.8786374941610001,-0.4774894280028391,-0.7071067811865477,0.7071067811865474,0.7818314824680298,0.6234898018587336,0,weekday,11.95
2019-09-04,2019,9,4,247,21,2,35.3,2019-09-04 21:00:00+00:00,2019-09-04 22:00:00+00:00,48507.7225,2604.0,10041.105,0.0,46120.54,12645.105,-0.886721063082993,-0.4623048304798108,-0.7071067811865477,0.7071067811865474,0.9749279121818236,-0.2225209339563143,0,weekday,12.15
2019-09-05,2019,9,5,248,21,3,36.21,2019-09-05 21:00:00+00:00,2019-09-05 22:00:00+00:00,48874.01,3652.995,11894.1975,0.0,48892.57,15547.1925,-0.8945422369764496,-0.4469834295196741,-0.7071067811865477,0.7071067811865474,0.4338837391175582,-0.900968867902419,0,weekday,11.8
2019-09-06,2019,9,6,249,21,4,37.89,2019-09-06 21:00:00+00:00,2019-09-06 22:00:00+00:00,47719.05,2914.9025,9578.9075,0.0,46211.77,12493.81,-0.9020987014301836,-0.4315297589714714,-0.7071067811865477,0.7071067811865474,-0.433883739117558,-0.9009688679024191,0,weekday,12.175
2019-09-07,2019,9,7,250,21,5,37.98,2019-09-07 21:00:00+00:00,2019-09-07 22:00:00+00:00,43445.225,1869.8975,2294.1275,0.0,36524.67,4164.025,-0.9093882203647924,-0.4159483918249421,-0.7071067811865477,0.7071067811865474,-0.9749279121818236,-0.2225209339563146,0,weekend,12.35
2019-09-08,2019,9,8,251,21,6,42.5,2019-09-08 21:00:00+00:00,2019-09-08 22:00:00+00:00,43237.5925,196.3275,1978.6425,0.0,37524.25,2174.97,-0.9164086366943458,-0.4002439388573056,-0.7071067811865477,0.7071067811865474,-0.7818314824680299,0.6234898018587334,0,weekend,12.5125
2019-09-09,2019,9,9,252,21,0,40.38,2019-09-09 21:00:00+00:00,2019-09-09 22:00:00+00:00,47470.8975,597.6425,7156.57,0.0,45929.3,7754.2125,-0.923157872964704,-0.3844210472688554,-0.7071067811865477,0.7071067811865474,0.0,1.0,0,weekday,12.675
2019-09-10,2019,9,10,253,21,1,35.89,2019-09-10 21:00:00+00:00,2019-09-10 22:00:00+00:00,47384.925,2176.34,6301.61,0.0,44518.27,8477.95,-0.9296339319682696,-0.3684843993077793,-0.7071067811865477,0.7071067811865474,0.7818314824680298,0.6234898018587336,0,weekday,12.35
2019-09-11,2019,9,11,254,21,2,33.04,2019-09-11 21:00:00+00:00,2019-09-11 22:00:00+00:00,47553.405,3209.89,14451.71,0.0,51719.61,17661.6,-0.935834897334994,-0.3524387108846032,-0.7071067811865477,0.7071067811865474,0.9749279121818236,-0.2225209339563143,0,weekday,14.05
2019-09-12,2019,9,12,255,21,3,36.84,2019-09-12 21:00:00+00:00,2019-09-12 22:00:00+00:00,47624.555,5160.73,10305.5675,0.0,49295.38,15466.2975,-0.9417589340994617,-0.3362887301766828,-0.7071067811865477,0.7071067811865474,0.4338837391175582,-0.900968867902419,0,weekday,14.545
2019-09-13,2019,9,13,256,21,4,42.02,2019-09-13 21:00:00+00:00,2019-09-13 22:00:00+00:00,47895.6375,1509.03,5361.795,0.0,41560.06,6870.825,-0.9474042892438844,-0.3200392362231385,-0.7071067811865477,0.7071067811865474,-0.433883739117558,-0.9009688679024191,0,weekday,15.65
2019-09-14,2019,9,14,257,21,5,40.95,2019-09-14 21:00:00+00:00,2019-09-14 22:00:00+00:00,41809.6525,4468.3975,4544.6825,0.0,42427.8,9013.08,-0.9527692922168512,-0.3036950375106588,-0.7071067811865477,0.7071067811865474,-0.9749279121818236,-0.2225209339563146,0,weekend,14.71
2019-09-15,2019,9,15,258,21,6,45.91,2019-09-15 21:00:00+00:00,2019-09-15 22:00:00+00:00,41922.2475,2919.2475,8111.1375,0.0,43388.43,11030.385,-0.9578523554276668,-0.2872609705505963,-0.7071067811865477,0.7071067811865474,-0.7818314824680299,0.6234898018587334,0,weekend,14.932500000000001
2019-09-16,2019,9,16,259,21,0,47.91,2019-09-16 21:00:00+00:00,2019-09-16 22:00:00+00:00,46881.2225,4017.9925,5809.045,0.0,48688.58,9827.0375,-0.9626519747161488,-0.2707418984477642,-0.7071067811865477,0.7071067811865474,0.0,1.0,0,weekday,15.155
2019-09-17,2019,9,17,260,21,1,33.23,2019-09-17 21:00:00+00:00,2019-09-17 22:00:00+00:00,47630.5375,5726.175,18876.2825,0.0,55562.16,24602.4575,-0.9671667297977312,-0.2541427094613622,-0.7071067811865477,0.7071067811865474,0.7818314824680298,0.6234898018587336,0,weekday,14.175
2019-09-18,2019,9,18,261,21,2,45.19,2019-09-18 21:00:00+00:00,2019-09-18 22:00:00+00:00,48603.9,3791.5575,10578.45,0.0,52580.68,14370.0075,-0.97139528468375,-0.2374683155584684,-0.7071067811865477,0.7071067811865474,0.9749279121818236,-0.2225209339563143,0,weekday,12.8
2019-09-19,2019,9,19,262,21,3,48.09,2019-09-19 21:00:00+00:00,2019-09-19 22:00:00+00:00,49143.375,525.0699999999999,4898.8925,0.0,47824.88,5423.9625,-0.9753363880767836,-0.2207236509605022,-0.7071067811865477,0.7071067811865474,0.4338837391175582,-0.900968867902419,0,weekday,12.255
2019-09-20,2019,9,20,263,21,4,39.18,2019-09-20 21:00:00+00:00,2019-09-20 22:00:00+00:00,47319.005,654.42,5523.6875,0.0,46380.64,6178.1075,-0.978988873740932,-0.2039136706831147,-0.7071067811865477,0.7071067811865474,-0.433883739117558,-0.9009688679024191,0,weekday,12.575
2019-09-21,2019,9,21,264,21,5,33.1,2019-09-21 21:00:00+00:00,2019-09-21 22:00:00+00:00,42018.7925,2063.9025,10247.575,0.0,46085.35,12311.4775,-0.9823516608469236,-0.1870433490699165,-0.7071067811865477,0.7071067811865474,-0.9749279121818236,-0.2225209339563146,0,weekend,12.71
2019-09-22,2019,9,22,265,21,6,33.4,2019-09-22 21:00:00+00:00,2019-09-22 22:00:00+00:00,43213.2025,3345.08,11743.3375,0.0,47969.63,15088.4175,-0.9854237542919524,-0.1701176783204905,-0.7071067811865477,0.7071067811865474,-0.7818314824680299,0.6234898018587334,0,weekend,12.4775
2019-09-23,2019,9,23,266,21,0,42.85,2019-09-23 21:00:00+00:00,2019-09-23 22:00:00+00:00,48609.6125,908.69,4654.17,0.0,46143.24,5562.860000000001,-0.9882042449941422,-0.15314166701312,-0.7071067811865477,0.7071067811865474,0.0,1.0,0,weekday,12.245
2019-09-24,2019,9,24,267,21,1,37.58,2019-09-24 21:00:00+00:00,2019-09-24 22:00:00+00:00,49054.61,3063.77,8661.375,0.0,50831.18,11725.145,-0.9906923101615608,-0.136120338622667,-0.7071067811865477,0.7071067811865474,0.7818314824680298,0.6234898018587336,0,weekday,12.175
2019-09-25,2019,9,25,268,21,2,39.69,2019-09-25 21:00:00+00:00,2019-09-25 22:00:00+00:00,48051.855,1490.3625,6981.995,0.0,48797.23,8472.3575,-0.9928872135356962,-0.1190587300340498,-0.7071067811865477,0.7071067811865474,0.9749279121818236,-0.2225209339563143,0,weekday,11.935
2019-09-26,2019,9,26,269,21,3,32.8,2019-09-26 21:00:00+00:00,2019-09-26 22:00:00+00:00,48234.5175,3369.955,14602.255,0.0,54114.27,17972.21,-0.994788305609327,-0.1019618900517457,-0.7071067811865477,0.7071067811865474,0.4338837391175582,-0.900968867902419,0,weekday,12.045
2019-09-27,2019,9,27,270,21,4,34.0,2019-09-27 21:00:00+00:00,2019-09-27 22:00:00+00:00,47152.325,4670.575,16278.0325,0.0,50505.58,20948.6075,-0.9963950238187232,-0.0848348779057653,-0.7071067811865477,0.7071067811865474,-0.433883739117558,-0.9009688679024191,0,weekday,11.94
2019-09-28,2019,9,28,271,21,5,22.99,2019-09-28 21:00:00+00:00,2019-09-28 22:00:00+00:00,44089.395,5180.11,24553.31,0.0,53374.46,29733.42,-0.9977068927101168,-0.0676827617545516,-0.7071067811865477,0.7071067811865474,-0.9749279121818236,-0.2225209339563146,0,weekend,11.94
2019-09-29,2019,9,29,272,21,6,13.92,2019-09-29 21:00:00+00:00,2019-09-29 22:00:00+00:00,44622.3725,2724.2475,29150.455,0.0,52613.68,31874.702500000003,-0.9987235240803972,-0.0505106171852228,-0.7071067811865477,0.7071067811865474,-0.7818314824680299,0.6234898018587334,0,weekend,14.309999999999999
2019-09-30,2019,9,30,273,21,0,44.58,2019-09-30 21:00:00+00:00,2019-09-30 22:00:00+00:00,50086.16,1558.5675,12808.435,0.0,46530.37,14367.0025,-0.9994446170919858,-0.0333235257116313,-0.7071067811865477,0.7071067811865474,0.0,1.0,0,weekday,16.68
2019-10-01,2019,10,1,274,21,1,45.06,2019-10-01 21:00:00+00:00,2019-10-01 22:00:00+00:00,49049.75,2408.0325,9840.905,0.0,47732.99,12248.9375,-0.9998699583618592,-0.0161265732706577,-0.7071067811865477,0.7071067811865474,0.7818314824680298,0.6234898018587336,0,weekday,16.25
2019-10-02,2019,10,2,275,21,2,35.05,2019-10-02 21:00:00+00:00,2019-10-02 22:00:00+00:00,49216.4425,4120.9175,15672.215,0.0,53429.49,19793.1325,-0.9999994220246924,0.0010751512827982,-0.7071067811865477,0.7071067811865474,0.9749279121818236,-0.2225209339563143,0,weekday,16.3
2019-10-03,2019,10,3,276,21,3,45.59,2019-10-03 21:00:00+00:00,2019-10-03 22:00:00+00:00,44728.355,375.8225,2826.34,0.0,40042.37,3202.1625000000004,-0.999832969770105,0.0182765576816912,-0.7071067811865477,0.7071067811865474,0.4338837391175582,-0.900968867902419,1,holiday,16.0
2019-10-04,2019,10,4,277,21,4,35.87,2019-10-04 21:00:00+00:00,2019-10-04 22:00:00+00:00,47150.365,3004.4425,10052.0025,0.0,50900.88,13056.445,-0.9993706508539968,0.0354725557531255,-0.7071067811865477,0.7071067811865474,-0.433883739117558,-0.9009688679024191,0,weekday,16.35
2019-10-05,2019,10,5,278,21,5,40.0,2019-10-05 21:00:00+00:00,2019-10-05 22:00:00+00:00,44514.8925,2337.1025,6086.315,0.0,44506.9,8423.4175,-0.9986126020839734,0.052658056924614,-0.7071067811865477,0.7071067811865474,-0.9749279121818236,-0.2225209339563146,0,weekend,15.77
2019-10-06,2019,10,6,279,21,6,35.36,2019-10-06 21:00:00+00:00,2019-10-06 22:00:00+00:00,45840.035,3507.75,12590.525,0.0,51224.36,16098.275,-0.9975590477788612,0.0698279757298708,-0.7071067811865477,0.7071067811865474,-0.7818314824680299,0.6234898018587334,0,weekend,15.485
2019-10-07,2019,10,7,280,21,0,39.18,2019-10-07 21:00:00+00:00,2019-10-07 22:00:00+00:00,50216.0425,4574.285,10492.7,0.0,55925.04,15066.985,-0.9962102997023295,0.0869772313136861,-0.7071067811865477,0.7071067811865474,0.0,1.0,0,weekday,15.2
2019-10-08,2019,10,8,281,21,1,28.5,2019-10-08 21:00:00+00:00,2019-10-08 22:00:00+00:00,50294.945,5585.905,19474.0125,0.0,59115.45,25059.9175,-0.9945667569706336,0.1041007489354256,-0.7071067811865477,0.7071067811865474,0.7818314824680298,0.6234898018587336,0,weekday,15.65
2019-10-09,2019,10,9,282,21,2,34.2,2019-10-09 21:00:00+00:00,2019-10-09 22:00:00+00:00,50102.405,3734.565,19804.0875,0.0,58206.98,23538.6525,-0.9926289059345096,0.121193461470736,-0.7071067811865477,0.7071067811865474,0.9749279121818236,-0.2225209339563143,0,weekday,15.3
2019-10-10,2019,10,10,283,21,3,28.39,2019-10-10 21:00:00+00:00,2019-10-10 22:00:00+00:00,50995.8925,5472.245,21921.685,0.0,57339.71,27393.93,-0.9903973200352558,0.1382503109109819,-0.7071067811865477,0.7071067811865474,0.4338837391175582,-0.900968867902419,0,weekday,15.825
2019-10-11,2019,10,11,284,21,4,22.98,2019-10-11 21:00:00+00:00,2019-10-11 22:00:00+00:00,49813.1325,5427.57,30815.3775,0.0,61539.19,36242.9475,-0.9878726596350428,0.1552662498599956,-0.7071067811865477,0.7071067811865474,-0.433883739117558,-0.9009688679024191,0,weekday,16.125
2019-10-12,2019,10,12,285,21,5,33.59,2019-10-12 21:00:00+00:00,2019-10-12 22:00:00+00:00,45262.47,1690.66,10584.305,0.0,45098.15,12274.965,-0.9850556718215012,0.172236243027682,-0.7071067811865477,0.7071067811865474,-0.9749279121818236,-0.2225209339563146,0,weekend,16.135
2019-10-13,2019,10,13,286,21,6,16.51,2019-10-13 21:00:00+00:00,2019-10-13 22:00:00+00:00,45216.905,5316.145,23588.3725,0.0,55074.63,28904.5175,-0.981947190186646,0.1891552687200409,-0.7071067811865477,0.7071067811865474,-0.7818314824680299,0.6234898018587334,0,weekend,16.0425
2019-10-14,2019,10,14,287,21,0,32.51,2019-10-14 21:00:00+00:00,2019-10-14 22:00:00+00:00,49997.425,4159.63,14497.3575,0.0,59061.02,18656.9875,-0.9785481345802032,0.2060183203251708,-0.7071067811865477,0.7071067811865474,0.0,1.0,0,weekday,15.95
2019-10-15,2019,10,15,288,21,1,39.95,2019-10-15 21:00:00+00:00,2019-10-15 22:00:00+00:00,50582.315,1112.405,11298.015,0.0,53639.71,12410.42,-0.9748595108374124,0.2228204077947995,-0.7071067811865477,0.7071067811865474,0.7818314824680298,0.6234898018587336,0,weekday,16.05
2019-10-16,2019,10,16,289,21,2,35.44,2019-10-16 21:00:00+00:00,2019-10-16 22:00:00+00:00,51076.9175,4554.2,16646.120000000003,0.0,60468.44,21200.320000000003,-0.9708824104813836,0.239556559120927,-0.7071067811865477,0.7071067811865474,0.9749279121818236,-0.2225209339563143,0,weekday,16.225
2019-10-17,2019,10,17,290,21,3,39.34,2019-10-17 21:00:00+00:00,2019-10-17 22:00:00+00:00,49711.335,1998.5975,11287.0475,0.0,55288.56,13285.645,-0.9666180104000972,0.2562218218071163,-0.7071067811865477,0.7071067811865474,0.4338837391175582,-0.900968867902419,0,weekday,15.825
2019-10-18,2019,10,18,291,21,4,30.42,2019-10-18 21:00:00+00:00,2019-10-18 22:00:00+00:00,49899.22,5493.407499999999,16849.1125,0.0,55654.82,22342.52,-0.9620675724981452,0.2728112643340191,-0.7071067811865477,0.7071067811865474,-0.433883739117558,-0.9009688679024191,0,weekday,16.245
2019-10-19,2019,10,19,292,21,5,35.05,2019-10-19 21:00:00+00:00,2019-10-19 22:00:00+00:00,44362.6125,3664.845,9629.9,0.0,49155.43,13294.745,-0.957232443323312,0.2893199776186952,-0.7071067811865477,0.7071067811865474,-0.9749279121818236,-0.2225209339563146,0,weekend,15.965
2019-10-20,2019,10,20,293,21,6,38.09,2019-10-20 21:00:00+00:00,2019-10-20 22:00:00+00:00,46002.3875,486.3225,7450.025,0.0,44679.4,7936.3475,-0.9521140536681102,0.3057430764672831,-0.7071067811865477,0.7071067811865474,-0.7818314824680299,0.6234898018587334,0,weekend,16.0875
2019-10-21,2019,10,21,294,21,0,43.0,2019-10-21 21:00:00+00:00,2019-10-21 22:00:00+00:00,51475.3075,1969.2875,9318.76,0.0,52821.43,11288.0475,-0.9467139181463862,0.3220757010206104,-0.7071067811865477,0.7071067811865474,0.0,1.0,0,weekday,16.21
2019-10-22,2019,10,22,295,21,1,41.16,2019-10-22 21:00:00+00:00,2019-10-22 22:00:00+00:00,50633.2425,2125.4075000000003,3688.4125,0.0,51219.74,5813.82,-0.9410336347451196,0.3383130181923076,-0.7071067811865477,0.7071067811865474,0.7818314824680298,0.6234898018587336,0,weekday,15.75
2019-10-23,2019,10,23,296,21,2,37.38,2019-10-23 21:00:00+00:00,2019-10-23 22:00:00+00:00,50458.6575,2068.55,10644.1975,0.0,55108.1,12712.7475,-0.9350748843515574,0.3544502230989869,-0.7071067811865477,0.7071067811865474,0.9749279121818236,-0.2225209339563143,0,weekday,15.3
2019-10-24,2019,10,24,297,21,3,30.21,2019-10-24 21:00:00+00:00,2019-10-24 22:00:00+00:00,50699.8125,5044.8725,21068.055,0.0,59279.64,26112.9275,-0.9288394302558068,0.3704825404820963,-0.7071067811865477,0.7071067811865474,0.4338837391175582,-0.900968867902419,0,weekday,15.15
2019-10-25,2019,10,25,298,21,4,30.35,2019-10-25 21:00:00+00:00,2019-10-25 22:00:00+00:00,48844.68,5125.87,18798.5075,0.0,53299.96,23924.3775,-0.9223291176290545,0.3864052261209853,-0.7071067811865477,0.7071067811865474,-0.433883739117558,-0.9009688679024191,0,weekday,15.55
2019-10-26,2019,10,26,299,21,5,26.12,2019-10-26 21:00:00+00:00,2019-10-26 22:00:00+00:00,45582.2825,4925.5875,27575.865,0.0,57630.84,32501.4525,-0.9155458729775467,0.4022135682368036,-0.7071067811865477,0.7071067811865474,-0.9749279121818236,-0.2225209339563146,0,weekend,15.235
2019-10-27,2019,10,27,300,21,6,29.85,2019-10-27 21:00:00+00:00,2019-10-27 22:00:00+00:00,48309.03,5913.057500000001,16105.055,0.0,56491.58,22018.112500000003,-0.9084917035725082,0.4179028888867866,-0.7071067811865477,0.7071067811865474,-0.7818314824680299,0.6234898018587334,0,weekend,14.905
2019-10-28,2019,10,28,301,21,0,40.23,2019-10-28 21:00:00+00:00,2019-10-28 22:00:00+00:00,54485.475000000006,2270.025,5624.5575,0.0,57850.93,7894.5825,-0.9011686968561567,0.4334685453485363,-0.7071067811865477,0.7071067811865474,0.0,1.0,0,weekday,14.575
2019-10-29,2019,10,29,302,21,1,40.91,2019-10-29 21:00:00+00:00,2019-10-29 22:00:00+00:00,55438.5075,415.875,6250.225,0.0,56313.75,6666.1,-0.8935790198239952,0.4489059314938798,-0.7071067811865477,0.7071067811865474,0.7818314824680298,0.6234898018587336,0,weekday,14.5
2019-10-30,2019,10,30,303,21,2,41.79,2019-10-30 21:00:00+00:00,2019-10-30 22:00:00+00:00,55376.5225,424.175,6221.455,0.0,53819.59,6645.63,-0.8857249183835637,0.4642104791518923,-0.7071067811865477,0.7071067811865474,0.9749279121818236,-0.2225209339563143,0,weekday,13.625
2019-10-31,2019,10,31,304,21,3,40.0,2019-10-31 21:00:00+00:00,2019-10-31 22:00:00+00:00,53196.405,2010.7175,8731.3475,0.0,54203.36,10742.065,-0.8776087166898392,0.4793776594606945,-0.7071067811865477,0.7071067811865474,0.4338837391175582,-0.900968867902419,0,weekday,16.05
2019-11-01,2019,11,1,305,21,4,30.49,2019-11-01 21:00:00+00:00,2019-11-01 22:00:00+00:00,51474.08,4341.58,19301.1975,0.0,57366.34,23642.7775,-0.8692328164574792,0.4944029842076181,-0.7071067811865477,0.7071067811865474,-0.433883739117558,-0.9009688679024191,0,weekday,16.35
2019-11-02,2019,11,2,306,21,5,28.81,2019-11-02 21:00:00+00:00,2019-11-02 22:00:00+00:00,49351.2425,5311.6900000000005,20104.5925,0.0,56035.41,25416.2825,-0.8605996962501181,0.5092820071573356,-0.7071067811865477,0.7071067811865474,-0.9749279121818236,-0.2225209339563146,0,weekend,16.175
2019-11-03,2019,11,3,307,21,6,31.37,2019-11-03 21:00:00+00:00,2019-11-03 22:00:00+00:00,50307.7975,2935.46,13525.91,0.0,49519.16,16461.37,-0.8517119107469189,0.5240103253675756,-0.7071067811865477,0.7071067811865474,-0.7818314824680299,0.6234898018587334,0,weekend,16.2375
2019-11-04,2019,11,4,308,21,0,35.5,2019-11-04 21:00:00+00:00,2019-11-04 22:00:00+00:00,56768.9675,1406.38,9989.91,0.0,55142.18,11396.29,-0.8425720899866032,0.5385835804920232,-0.7071067811865477,0.7071067811865474,0.0,1.0,0,weekday,16.3
2019-11-05,2019,11,5,309,21,1,41.21,2019-11-05 21:00:00+00:00,2019-11-05 22:00:00+00:00,55054.19,2088.695,4772.9125,0.0,53405.09,6861.6075,-0.8331829385891785,0.5529974600700271,-0.7071067811865477,0.7071067811865474,0.7818314824680298,0.6234898018587336,0,weekday,16.75
2019-11-06,2019,11,6,310,21,2,44.59,2019-11-06 21:00:00+00:00,2019-11-06 22:00:00+00:00,55505.08,130.7375,3177.1525,0.0,52715.0,3307.8900000000003,-0.8235472349556007,0.5672476988027229,-0.7071067811865477,0.7071067811865474,0.9749279121818236,-0.2225209339563143,0,weekday,16.575
2019-11-07,2019,11,7,311,21,3,37.55,2019-11-07 21:00:00+00:00,2019-11-07 22:00:00+00:00,54828.495,3200.0325000000003,13616.6825,0.0,60411.68,16816.715,-0.8136678304455991,0.5813300798152042,-0.7071067811865477,0.7071067811865474,0.4338837391175582,-0.900968867902419,0,weekday,16.225
2019-11-08,2019,11,8,312,21,4,44.28,2019-11-08 21:00:00+00:00,2019-11-08 22:00:00+00:00,53718.3775,571.8,3878.7025,0.0,53199.36,4450.5025,-0.8035476485339116,0.5952404359043674,-0.7071067811865477,0.7071067811865474,-0.433883739117558,-0.9009688679024191,0,weekday,16.175
2019-11-09,2019,11,9,313,21,5,39.66,2019-11-09 21:00:00+00:00,2019-11-09 22:00:00+00:00,49293.8975,3141.0225,7407.93,0.0,52626.78,10548.9525,-0.7931896839451843,0.6089746507720486,-0.7071067811865477,0.7071067811865474,-0.9749279121818236,-0.2225209339563146,0,weekend,15.94
2019-11-10,2019,11,10,314,21,6,44.25,2019-11-10 21:00:00+00:00,2019-11-10 22:00:00+00:00,50175.17,1708.6125,5811.6825,0.0,50861.36,7520.295,-0.7825970017677834,0.6225286602431057,-0.7071067811865477,0.7071067811865474,-0.7818314824680299,0.6234898018587334,0,weekend,15.907499999999999
2019-11-11,2019,11,11,315,21,0,32.05,2019-11-11 21:00:00+00:00,2019-11-11 22:00:00+00:00,55989.3575,4651.3225,22860.43,0.0,66518.01,27511.7525,-0.7717727365467836,0.6358984534680745,-0.7071067811865477,0.7071067811865474,0.0,1.0,0,weekday,15.875
2019-11-12,2019,11,12,316,21,1,39.26,2019-11-12 21:00:00+00:00,2019-11-12 22:00:00+00:00,56648.6275,4393.805,13633.5625,0.0,61634.43,18027.3675,-0.7607200913564104,0.6490800741100398,-0.7071067811865477,0.7071067811865474,0.7818314824680298,0.6234898018587336,0,weekday,15.6
2019-11-13,2019,11,13,317,21,2,41.47,2019-11-13 21:00:00+00:00,2019-11-13 22:00:00+00:00,58110.67,1845.97,6927.7625,0.0,58347.54,8773.7325,-0.7494423368521954,0.6620696215153815,-0.7071067811865477,0.7071067811865474,0.9749279121818236,-0.2225209339563143,0,weekday,15.275
2019-11-14,2019,11,14,318,21,3,38.65,2019-11-14 21:00:00+00:00,2019-11-14 22:00:00+00:00,57684.2825,2662.995,16298.77,0.0,64269.92,18961.765,-0.7379428103031386,0.6748632518680403,-0.7071067811865477,0.7071067811865474,0.4338837391175582,-0.900968867902419,0,weekday,15.45
2019-11-15,2019,11,15,319,21,4,40.04,2019-11-15 21:00:00+00:00,2019-11-15 22:00:00+00:00,54606.285,3237.795,8274.397500000001,0.0,58160.33,11512.1925,-0.7262249146041543,0.6874571793269664,-0.7071067811865477,0.7071067811865474,-0.433883739117558,-0.9009688679024191,0,weekday,15.4
2019-11-16,2019,11,16,320,21,5,34.3,2019-11-16 21:00:00+00:00,2019-11-16 22:00:00+00:00,50380.5625,4860.967500000001,10064.5875,0.0,54352.34,14925.555,-0.7142921172691032,0.699847677146407,-0.7071067811865477,0.7071067811865474,-0.9749279121818236,-0.2225209339563146,0,weekend,15.715
2019-11-17,2019,11,17,321,21,6,35.06,2019-11-17 21:00:00+00:00,2019-11-17 22:00:00+00:00,50943.2425,1688.78,14127.3525,0.0,56845.29,15816.132500000002,-0.7021479494046978,0.7120310787787131,-0.7071067811865477,0.7071067811865474,-0.7818314824680299,0.6234898018587334,0,weekend,15.545
2019-11-18,2019,11,18,322,21,0,33.89,2019-11-18 21:00:00+00:00,2019-11-18 22:00:00+00:00,57759.015,3165.84,20254.2125,0.0,63444.68,23420.0525,-0.6897960046655887,0.7240037789593305,-0.7071067811865477,0.7071067811865474,0.0,1.0,0,weekday,15.375
2019-11-19,2019,11,19,323,21,1,43.34,2019-11-19 21:00:00+00:00,2019-11-19 22:00:00+00:00,59292.4825,767.7275,2642.01,0.0,56004.06,3409.7375,-0.6772399381909491,0.7357622347736527,-0.7071067811865477,0.7071067811865474,0.7818314824680298,0.6234898018587336,0,weekday,15.15
2019-11-20,2019,11,20,324,21,2,40.76,2019-11-20 21:00:00+00:00,2019-11-20 22:00:00+00:00,58938.4975,572.14,2825.0825,0.0,56969.1,3397.2225,-0.6644834655228552,0.7473029667054296,-0.7071067811865477,0.7071067811865474,0.9749279121818236,-0.2225209339563143,0,weekday,15.3
2019-11-21,2019,11,21,325,21,3,40.13,2019-11-21 21:00:00+00:00,2019-11-21 22:00:00+00:00,57755.692500000005,2714.02,4226.135,0.0,56023.62,6940.155000000001,-0.6515303615068021,0.75862255966641,-0.7071067811865477,0.7071067811865474,0.4338837391175582,-0.900968867902419,0,weekday,15.675
2019-11-22,2019,11,22,326,21,4,38.32,2019-11-22 21:00:00+00:00,2019-11-22 22:00:00+00:00,55876.7075,4111.615,13126.07,0.0,59059.78,17237.684999999998,-0.6383844591746642,0.7697176640069211,-0.7071067811865477,0.7071067811865474,-0.433883739117558,-0.9009688679024191,0,weekday,16.0
2019-11-23,2019,11,23,327,21,5,29.6,2019-11-23 21:00:00+00:00,2019-11-23 22:00:00+00:00,51096.65,5944.005,16317.3475,0.0,55125.13,22261.3525,-0.6250496486104377,0.7805849965070866,-0.7071067811865477,0.7071067811865474,-0.9749279121818236,-0.2225209339563146,0,weekend,16.05
2019-11-24,2019,11,24,328,21,6,44.64,2019-11-24 21:00:00+00:00,2019-11-24 22:00:00+00:00,51546.82,2044.575,4691.135,0.0,48131.31,6735.71,-0.6115298757991053,0.7912213413483807,-0.7071067811865477,0.7071067811865474,-0.7818314824680299,0.6234898018587334,0,weekend,16.262500000000003
2019-11-25,2019,11,25,329,21,0,46.36,2019-11-25 21:00:00+00:00,2019-11-25 22:00:00+00:00,57904.835,1000.8925,3360.8875,0.0,54563.04,4361.78,-0.5978291414589552,0.801623551065242,-0.7071067811865477,0.7071067811865474,0.0,1.0,0,weekday,16.475
2019-11-26,2019,11,26,330,21,1,42.28,2019-11-26 21:00:00+00:00,2019-11-26 22:00:00+00:00,59555.985,2892.77,10002.415,0.0,58987.4,12895.185,-0.5839514998576998,0.8117885474764613,-0.7071067811865477,0.7071067811865474,0.7818314824680298,0.6234898018587336,0,weekday,16.0
2019-11-27,2019,11,27,331,21,2,28.6,2019-11-27 21:00:00+00:00,2019-11-27 22:00:00+00:00,58534.5725,4400.6375,27215.4225,0.0,64876.62,31616.06,-0.5699010576127624,0.8217133225960589,-0.7071067811865477,0.7071067811865474,0.9749279121818236,-0.2225209339563143,0,weekday,15.95
2019-11-28,2019,11,28,332,21,3,28.46,2019-11-28 21:00:00+00:00,2019-11-28 22:00:00+00:00,59126.7,5842.74,28277.8225,0.0,67029.16,34120.5625,-0.5556819724760489,0.8313949395234058,-0.7071067811865477,0.7071067811865474,0.4338837391175582,-0.900968867902419,0,weekday,15.98
2019-11-29,2019,11,29,333,21,4,42.24,2019-11-29 21:00:00+00:00,2019-11-29 22:00:00+00:00,57527.42,4549.4475,10128.795,0.0,56808.01,14678.2425,-0.5412984521036173,0.8408305333122887,-0.7071067811865477,0.7071067811865474,-0.433883739117558,-0.9009688679024191,0,weekday,16.33
2019-11-30,2019,11,30,334,21,5,41.94,2019-11-30 21:00:00+00:00,2019-11-30 22:00:00+00:00,52780.1,298.915,4358.9675,0.0,48999.11,4657.8825,-0.5267547528105542,0.8500173118187018,-0.7071067811865477,0.7071067811865474,-0.9749279121818236,-0.2225209339563146,0,weekend,16.33
2019-12-01,2019,12,1,335,21,6,39.9,2019-12-01 21:00:00+00:00,2019-12-01 22:00:00+00:00,52505.635,3675.91,3423.59,0.0,51605.14,7099.5,-0.5120551783114646,0.8589525565270845,-0.7071067811865477,0.7071067811865474,-0.7818314824680299,0.6234898018587334,0,weekend,16.1425
2019-12-02,2019,12,2,336,21,0,44.89,2019-12-02 21:00:00+00:00,2019-12-02 22:00:00+00:00,57589.427500000005,1633.9475,7267.35,0.0,60450.49,8901.2975,-0.4972040784469378,0.8676336233547726,-0.7071067811865477,0.7071067811865474,0.0,1.0,0,weekday,15.955
2019-12-03,2019,12,3,337,21,1,39.27,2019-12-03 21:00:00+00:00,2019-12-03 22:00:00+00:00,57823.6125,4802.31,12168.235,0.0,62244.58,16970.545000000002,-0.4822058478963526,0.8760579434344281,-0.7071067811865477,0.7071067811865474,0.7818314824680298,0.6234898018587336,0,weekday,15.675
2019-12-04,2019,12,4,338,21,2,41.7,2019-12-04 21:00:00+00:00,2019-12-04 22:00:00+00:00,58017.455,3734.035,4831.5375,0.0,58502.5,8565.5725,-0.4670649248774303,0.8842230238742036,-0.7071067811865477,0.7071067811865474,0.9749279121818236,-0.2225209339563143,0,weekday,15.6
2019-12-05,2019,12,5,339,21,3,32.79,2019-12-05 21:00:00+00:00,2019-12-05 22:00:00+00:00,59593.14,6106.34,21843.66,0.0,66450.99,27950.0,-0.451785789832884,0.8921264484954345,-0.7071067811865477,0.7071067811865474,0.4338837391175582,-0.900968867902419,0,weekday,15.6
2019-12-06,2019,12,6,340,21,4,25.81,2019-12-06 21:00:00+00:00,2019-12-06 22:00:00+00:00,58297.415,5864.3475,33064.2375,0.0,67284.58,38928.58500000001,-0.4363729641045924,0.8997658785476209,-0.7071067811865477,0.7071067811865474,-0.433883739117558,-0.9009688679024191,0,weekday,15.175
2019-12-07,2019,12,7,341,21,5,33.81,2019-12-07 21:00:00+00:00,2019-12-07 22:00:00+00:00,53910.9525,6141.58,22948.505,0.0,58074.19,29090.085,-0.4208310085956556,0.9071390534005044,-0.7071067811865477,0.7071067811865474,-0.9749279121818236,-0.2225209339563146,0,weekend,15.14
2019-12-08,2019,12,8,342,21,6,0.49,2019-12-08 21:00:00+00:00,2019-12-08 22:00:00+00:00,52435.4625,6262.045,32705.635,0.0,62915.25,38967.68,-0.4051645224207563,0.9142437912130223,-0.7071067811865477,0.7071067811865474,-0.7818314824680299,0.6234898018587334,0,weekend,14.9575
2019-12-09,2019,12,9,343,21,0,25.31,2019-12-09 21:00:00+00:00,2019-12-09 22:00:00+00:00,59841.130000000005,5589.165,31882.575,0.0,70194.96,37471.74,-0.3893781415452015,0.9210779895789526,-0.7071067811865477,0.7071067811865474,0.0,1.0,0,weekday,14.775
2019-12-10,2019,12,10,344,21,1,29.78,2019-12-10 21:00:00+00:00,2019-12-10 22:00:00+00:00,59318.0525,5290.7775,25520.4175,0.0,67951.5,30811.195,-0.3734765374130707,0.9276396261490468,-0.7071067811865477,0.7071067811865474,0.7818314824680298,0.6234898018587336,0,weekday,14.37
2019-12-11,2019,12,11,345,21,2,41.34,2019-12-11 21:00:00+00:00,2019-12-11 22:00:00+00:00,61220.8675,3721.07,9108.0275,0.0,59331.36,12829.0975,-0.3574644155648614,0.9339267592294762,-0.7071067811865477,0.7071067811865474,0.9749279121818236,-0.2225209339563143,0,weekday,14.17
2019-12-12,2019,12,12,346,21,3,35.07,2019-12-12 21:00:00+00:00,2019-12-12 22:00:00+00:00,62064.8975,5205.12,19369.545,0.0,63848.93,24574.665,-0.3413465142450361,0.9399375283564132,-0.7071067811865477,0.7071067811865474,0.4338837391175582,-0.900968867902419,0,weekday,14.15
2019-12-13,2019,12,13,347,21,4,35.04,2019-12-13 21:00:00+00:00,2019-12-13 22:00:00+00:00,58316.5975,1842.9875,19311.73,0.0,58769.45,21154.7175,-0.3251276029999093,0.9456701548465688,-0.7071067811865477,0.7071067811865474,-0.433883739117558,-0.9009688679024191,0,weekday,14.23
2019-12-14,2019,12,14,348,21,5,18.15,2019-12-14 21:00:00+00:00,2019-12-14 22:00:00+00:00,54681.6775,5364.8125,33058.4425,0.0,61497.26,38423.255,-0.3088124812662537,0.9511229423235356,-0.7071067811865477,0.7071067811865474,-0.9749279121818236,-0.2225209339563146,0,weekend,13.805
2019-12-15,2019,12,15,349,21,6,32.8,2019-12-15 21:00:00+00:00,2019-12-15 22:00:00+00:00,54946.295,6137.297500000001,21688.8125,0.0,60698.29,27826.11,-0.2924059769510773,0.956294277219772,-0.7071067811865477,0.7071067811865474,-0.7818314824680299,0.6234898018587334,0,weekend,13.8775
2019-12-16,2019,12,16,350,21,0,38.08,2019-12-16 21:00:00+00:00,2019-12-16 22:00:00+00:00,60685.18,1874.2675,12585.205,0.0,58888.81,14459.4725,-0.2759129450029604,0.9611826292540836,-0.7071067811865477,0.7071067811865474,0.0,1.0,0,weekday,13.95
2019-12-17,2019,12,17,351,21,1,30.28,2019-12-17 21:00:00+00:00,2019-12-17 22:00:00+00:00,60827.5675,4520.9775,22781.635,0.0,66854.8,27302.6125,-0.2593382659754056,0.9657865518844574,-0.7071067811865477,0.7071067811865474,0.7818314824680298,0.6234898018587336,0,weekday,14.47
2019-12-18,2019,12,18,352,21,2,35.9,2019-12-18 21:00:00+00:00,2019-12-18 22:00:00+00:00,57493.18,2637.4675,6683.532499999999,0.0,53508.1,9321.0,-0.2426868445825954,0.9701046827361176,-0.7071067811865477,0.7071067811865474,0.9749279121818236,-0.2225209339563143,0,weekday,14.35
2019-12-19,2019,12,19,353,21,3,32.95,2019-12-19 21:00:00+00:00,2019-12-19 22:00:00+00:00,58880.9325,5986.9975,16731.3025,0.0,57317.63,22718.300000000003,-0.225963608248019,0.974135744004672,-0.7071067811865477,0.7071067811865474,0.4338837391175582,-0.900968867902419,0,weekday,14.4
2019-12-20,2019,12,20,354,21,4,26.97,2019-12-20 21:00:00+00:00,2019-12-20 22:00:00+00:00,55796.8,5551.407499999999,17693.8625,0.0,55004.06,23245.27,-0.2091735056463563,0.9778785428342386,-0.7071067811865477,0.7071067811865474,-0.433883739117558,-0.9009688679024191,0,weekday,14.075
2019-12-21,2019,12,21,355,21,5,28.01,2019-12-21 21:00:00+00:00,2019-12-21 22:00:00+00:00,50608.3025,4609.7925,13714.1975,0.0,48188.01,18323.99,-0.1923215052390948,0.9813319716704276,-0.7071067811865477,0.7071067811865474,-0.9749279121818236,-0.2225209339563146,0,weekend,14.235
2019-12-22,2019,12,22,356,21,6,28.01,2019-12-22 21:00:00+00:00,2019-12-22 22:00:00+00:00,51775.1775,2726.315,17026.8675,0.0,47745.88,19753.1825,-0.1754125938042784,0.9844950085880858,-0.7071067811865477,0.7071067811865474,-0.7818314824680299,0.6234898018587334,0,weekend,13.7225
2019-12-23,2019,12,23,357,21,0,27.26,2019-12-23 21:00:00+00:00,2019-12-23 22:00:00+00:00,52393.455,4960.215,20619.685,0.0,53058.36,25579.9,-0.1584517749608363,0.9873667175937016,-0.7071067811865477,0.7071067811865474,0.0,1.0,0,weekday,13.21
2019-12-24,2019,12,24,358,21,1,27.01,2019-12-24 21:00:00+00:00,2019-12-24 22:00:00+00:00,49240.7075,1462.555,16418.0225,0.0,46033.98,17880.5775,-0.141444067687942,0.989946248902378,-0.7071067811865477,0.7071067811865474,0.7818314824680298,0.6234898018587336,0,weekday,12.61
2019-12-25,2019,12,25,359,21,2,34.28,2019-12-25 21:00:00+00:00,2019-12-25 22:00:00+00:00,46436.192500000005,1774.8225,8575.145,0.0,40745.94,10349.9675,-0.1243945048397999,0.9922328391893008,-0.7071067811865477,0.7071067811865474,0.9749279121818236,-0.2225209339563143,1,holiday,12.605
2019-12-26,2019,12,26,360,21,3,36.45,2019-12-26 21:00:00+00:00,2019-12-26 22:00:00+00:00,45458.155,514.415,3038.645,0.0,37357.21,3553.06,-0.1073081316563624,0.994225811815616,-0.7071067811865477,0.7071067811865474,0.4338837391175582,-0.900968867902419,1,holiday,12.605
2019-12-27,2019,12,27,361,21,4,35.38,2019-12-27 21:00:00+00:00,2019-12-27 22:00:00+00:00,49733.4125,1220.1325,4045.57,0.0,39511.42,5265.7025,-0.0901900042703451,0.99592457702866,-0.7071067811865477,0.7071067811865474,-0.433883739117558,-0.9009688679024191,0,weekday,12.765
2019-12-28,2019,12,28,362,21,5,34.75,2019-12-28 21:00:00+00:00,2019-12-28 22:00:00+00:00,46750.78,3708.8025,5962.13,0.0,44105.99,9670.9325,-0.0730451882110474,0.9973286321364752,-0.7071067811865477,0.7071067811865474,-0.9749279121818236,-0.2225209339563146,0,weekend,12.765
2019-12-29,2019,12,29,363,21,6,30.11,2019-12-29 21:00:00+00:00,2019-12-29 22:00:00+00:00,47845.6275,6120.5175,13863.3075,0.0,51469.64,19983.825,-0.0558787569053731,0.9984375616565666,-0.7071067811865477,0.7071067811865474,-0.7818314824680299,0.6234898018587334,0,weekend,12.530000000000001
2019-12-30,2019,12,30,364,21,0,29.68,2019-12-30 21:00:00+00:00,2019-12-30 22:00:00+00:00,51904.5275,4863.4725,23013.2875,0.0,58394.53,27876.76,-0.0386957901765268,0.999251037438848,-0.7071067811865477,0.7071067811865474,0.0,1.0,0,weekday,12.295
2019-12-31,2019,12,31,365,21,1,38.88,2019-12-31 21:00:00+00:00,2019-12-31 22:00:00+00:00,50980.015,545.6375,6345.6175,0.0,54843.95,6891.255,-0.0215013727408137,0.999768818762748,-0.7071067811865477,0.7071067811865474,0.7818314824680298,0.6234898018587336,0,weekday,12.05
2020-01-01,2020,1,1,1,21,2,40.27,2020-01-01 21:00:00+00:00,2020-01-01 22:00:00+00:00,50755.92,4140.74,8528.5625,0.0,46865.92,12669.3025,0.0,1.0,-0.7071067811865477,0.7071067811865474,0.9749279121818236,-0.2225209339563143,1,holiday,12.05
2020-01-02,2020,1,2,2,21,3,32.22,2020-01-02 21:00:00+00:00,2020-01-02 22:00:00+00:00,54867.005,6483.1225,21274.3925,0.0,58098.48,27757.515000000003,0.0172015754182605,0.9998520419557736,-0.7071067811865477,0.7071067811865474,0.4338837391175582,-0.900968867902419,0,weekday,12.435
2020-01-03,2020,1,3,3,21,4,25.7,2020-01-03 21:00:00+00:00,2020-01-03 22:00:00+00:00,54805.615,6327.51,23413.9675,0.0,59722.92,29741.4775,0.034398060613608,0.9994082116062598,-0.7071067811865477,0.7071067811865474,-0.433883739117558,-0.9009688679024191,0,weekday,12.405
2020-01-04,2020,1,4,4,21,5,39.75,2020-01-04 21:00:00+00:00,2020-01-04 22:00:00+00:00,53628.67,2044.6125,18373.2375,0.0,53805.38,20417.85,0.0515843668694083,0.9986686402879996,-0.7071067811865477,0.7071067811865474,-0.9749279121818236,-0.2225209339563146,0,weekend,12.985
2020-01-05,2020,1,5,5,21,6,36.49,2020-01-05 21:00:00+00:00,2020-01-05 22:00:00+00:00,50160.57,6210.48,12720.075,0.0,53548.55,18930.555,0.0687554084811394,0.9976335468520452,-0.7071067811865477,0.7071067811865474,-0.7818314824680299,0.6234898018587334,0,weekend,12.84
2020-01-06,2020,1,6,6,21,0,33.58,2020-01-06 21:00:00+00:00,2020-01-06 22:00:00+00:00,54324.5125,5483.4025,13914.1325,0.0,58743.99,19397.535,0.0859061042613327,0.9963032375991964,-0.7071067811865477,0.7071067811865474,0.0,1.0,0,weekday,12.695
2020-01-07,2020,1,7,7,21,1,31.29,2020-01-07 21:00:00+00:00,2020-01-07 22:00:00+00:00,56104.9325,6111.525,20388.16,0.0,65292.56,26499.685,0.1030313790431787,0.9946781061893646,-0.7071067811865477,0.7071067811865474,0.7818314824680298,0.6234898018587336,0,weekday,11.95
2020-01-08,2020,1,8,8,21,2,41.67,2020-01-08 21:00:00+00:00,2020-01-08 22:00:00+00:00,57421.64,1170.9225,9029.2825,0.0,55190.25,10200.205,0.1201261651823505,0.9927586335250792,-0.7071067811865477,0.7071067811865474,0.9749279121818236,-0.2225209339563143,0,weekday,11.835
2020-01-09,2020,1,9,9,21,3,31.02,2020-01-09 21:00:00+00:00,2020-01-09 22:00:00+00:00,59210.57,4231.335,20924.4375,0.0,61316.86,25155.7725,0.1371854040566005,0.9905453876091832,-0.7071067811865477,0.7071067811865474,0.4338837391175582,-0.900968867902419,0,weekday,11.925
2020-01-10,2020,1,10,10,21,4,39.9,2020-01-10 21:00:00+00:00,2020-01-10 22:00:00+00:00,55899.677500000005,2771.3,17231.32,0.0,57349.63,20002.62,0.1542040475626894,0.988039023376751,-0.7071067811865477,0.7071067811865474,-0.433883739117558,-0.9009688679024191,0,weekday,12.2
2020-01-11,2020,1,11,11,21,5,25.24,2020-01-11 21:00:00+00:00,2020-01-11 22:00:00+00:00,52974.9125,6383.365,22000.07,0.0,58932.98,28383.435,0.1711770596101998,0.985240282501282,-0.7071067811865477,0.7071067811865474,-0.9749279121818236,-0.2225209339563146,0,weekend,11.94
2020-01-12,2020,1,12,12,21,6,27.1,2020-01-12 21:00:00+00:00,2020-01-12 22:00:00+00:00,53475.3075,4295.594999999999,23636.2925,0.0,61545.11,27931.8875,0.1880994176117975,0.9821499931752292,-0.7071067811865477,0.7071067811865474,-0.7818314824680299,0.6234898018587334,0,weekend,12.045
2020-01-13,2020,1,13,13,21,0,25.96,2020-01-13 21:00:00+00:00,2020-01-13 22:00:00+00:00,58412.455,5550.3725,22332.825,0.0,62273.39,27883.1975,0.2049661139694953,0.9787690698649216,-0.7071067811865477,0.7071067811865474,0.0,1.0,0,weekday,12.15
2020-01-14,2020,1,14,14,21,1,22.3,2020-01-14 21:00:00+00:00,2020-01-14 22:00:00+00:00,61291.8775,4686.5775,35393.255,0.0,67374.61,40079.8325,0.2217721575564818,0.975098513039961,-0.7071067811865477,0.7071067811865474,0.7818314824680298,0.6234898018587336,0,weekday,12.025
2020-01-15,2020,1,15,15,21,2,33.59,2020-01-15 21:00:00+00:00,2020-01-15 22:00:00+00:00,62705.7675,5700.389999999999,25656.505,0.0,63626.06,31356.895,0.2385125751940764,0.9711394088771652,-0.7071067811865477,0.7071067811865474,0.9749279121818236,-0.2225209339563143,0,weekday,11.275
2020-01-16,2020,1,16,16,21,3,31.56,2020-01-16 21:00:00+00:00,2020-01-16 22:00:00+00:00,61284.56,5630.99,20510.56,0.0,61737.89,26141.550000000003,0.2551824131233728,0.966892928939152,-0.7071067811865477,0.7071067811865474,0.4338837391175582,-0.900968867902419,0,weekday,11.425
2020-01-17,2020,1,17,17,21,4,33.38,2020-01-17 21:00:00+00:00,2020-01-17 22:00:00+00:00,59425.2475,2039.295,14417.2475,0.0,54980.37,16456.5425,0.2717767384711357,0.9623603298276544,-0.7071067811865477,0.7071067811865474,-0.433883739117558,-0.9009688679024191,0,weekday,11.05
2020-01-18,2020,1,18,18,21,5,33.48,2020-01-18 21:00:00+00:00,2020-01-18 22:00:00+00:00,56021.2825,5571.0325,12807.0775,0.0,56603.68,18378.11,0.2882906407095177,0.957542952811672,-0.7071067811865477,0.7071067811865474,-0.9749279121818236,-0.2225209339563146,0,weekend,10.93
2020-01-19,2020,1,19,19,21,6,40.0,2020-01-19 21:00:00+00:00,2020-01-19 22:00:00+00:00,57061.2925,2310.2375,6333.555,0.0,49005.81,8643.7925,0.3047192331091634,0.9524422234305676,-0.7071067811865477,0.7071067811865474,-0.7818314824680299,0.6234898018587334,0,weekend,10.841666666666667
2020-01-20,2020,1,20,20,21,0,40.0,2020-01-20 21:00:00+00:00,2020-01-20 22:00:00+00:00,62299.18,4208.827499999999,9820.04,0.0,63291.94,14028.8675,0.321057654185271,0.9470596510722284,-0.7071067811865477,0.7071067811865474,0.0,1.0,0,weekday,10.753333333333332
2020-01-21,2020,1,21,21,21,1,37.52,2020-01-21 21:00:00+00:00,2020-01-21 22:00:00+00:00,62324.05,4339.105,10611.395,0.0,63458.55,14950.5,0.3373010691361842,0.9413968285264122,-0.7071067811865477,0.7071067811865474,0.7818314824680298,0.6234898018587336,0,weekday,10.665
2020-01-22,2020,1,22,22,21,2,43.99,2020-01-22 21:00:00+00:00,2020-01-22 22:00:00+00:00,61508.3525,329.6625,3621.8125,0.0,58204.04,3951.475,0.3534446712740877,0.9354554315134164,-0.7071067811865477,0.7071067811865474,0.9749279121818236,-0.2225209339563143,0,weekday,10.66
2020-01-23,2020,1,23,23,21,3,43.9,2020-01-23 21:00:00+00:00,2020-01-23 22:00:00+00:00,61400.442500000005,2978.865,4666.7,0.0,60246.51,7645.565,0.3694836834473831,0.9292372181882051,-0.7071067811865477,0.7071067811865474,0.4338837391175582,-0.900968867902419,0,weekday,10.375
2020-01-24,2020,1,24,24,21,4,43.7,2020-01-24 21:00:00+00:00,2020-01-24 22:00:00+00:00,59095.9375,2635.005,5838.5075,0.0,58671.72,8473.5125,0.3854133594543256,0.9227440286201428,-0.7071067811865477,0.7071067811865474,-0.433883739117558,-0.9009688679024191,0,weekday,10.63
2020-01-25,2020,1,25,25,21,5,40.57,2020-01-25 21:00:00+00:00,2020-01-25 22:00:00+00:00,53674.5175,4004.93,3422.95,0.0,52758.89,7427.879999999999,0.4012289854475009,0.9159777842484876,-0.7071067811865477,0.7071067811865474,-0.9749279121818236,-0.2225209339563146,0,weekend,10.455
2020-01-26,2020,1,26,26,21,6,29.09,2020-01-26 21:00:00+00:00,2020-01-26 22:00:00+00:00,54902.8625,5369.8525,13212.4225,0.0,55033.98,18582.275,0.4169258813287287,0.908940487313808,-0.7071067811865477,0.7071067811865474,-0.7818314824680299,0.6234898018587334,0,weekend,10.48
2020-01-27,2020,1,27,27,21,0,36.61,2020-01-27 21:00:00+00:00,2020-01-27 22:00:00+00:00,60252.7575,2093.135,16447.7825,0.0,55163.71,18540.917500000003,0.4324994021339788,0.901634220265486,-0.7071067811865477,0.7071067811865474,0.0,1.0,0,weekday,10.505
2020-01-28,2020,1,28,28,21,1,25.04,2020-01-28 21:00:00+00:00,2020-01-28 22:00:00+00:00,61870.0925,4657.6575,34118.06,0.0,67263.56,38775.7175,0.4479449394078911,0.8940611451454876,-0.7071067811865477,0.7071067811865474,0.7818314824680298,0.6234898018587336,0,weekday,10.8
2020-01-29,2020,1,29,29,21,2,29.63,2020-01-29 21:00:00+00:00,2020-01-29 22:00:00+00:00,61805.375,5488.4025,28344.0975,0.0,63918.72,33832.5,0.4632579225674917,0.88622350294858,-0.7071067811865477,0.7071067811865474,0.9749279121818236,-0.2225209339563143,0,weekday,10.675
2020-01-30,2020,1,30,30,21,3,27.3,2020-01-30 21:00:00+00:00,2020-01-30 22:00:00+00:00,61528.075,5519.915,31447.2125,0.0,64897.3,36967.1275,0.4784338202547012,0.8781236129591848,-0.7071067811865477,0.7071067811865474,0.4338837391175582,-0.900968867902419,0,weekday,10.0
2020-01-31,2020,1,31,31,21,4,20.29,2020-01-31 21:00:00+00:00,2020-01-31 22:00:00+00:00,59499.445,5507.145,31647.1,0.0,62498.6,37154.245,0.4934681416772373,0.8697638720650646,-0.7071067811865477,0.7071067811865474,-0.433883739117558,-0.9009688679024191,0,weekday,9.975
2020-02-01,2020,2,1,32,21,5,0.0,2020-02-01 21:00:00+00:00,2020-02-01 22:00:00+00:00,54607.4575,5371.3575,36113.9425,0.0,61820.46,41485.3,0.5083564379375122,0.8611467540480452,-0.7071067811865477,0.7071067811865474,-0.9749279121818236,-0.2225209339563146,0,weekend,9.755
2020-02-02,2020,2,2,33,21,6,23.87,2020-02-02 21:00:00+00:00,2020-02-02 22:00:00+00:00,53535.2825,2345.49,21648.46,0.0,52067.56,23993.95,0.5230943033491326,0.8522748088519838,-0.7071067811865477,0.7071067811865474,-0.7818314824680299,0.6234898018587334,0,weekend,9.6775
2020-02-03,2020,2,3,34,21,0,27.13,2020-02-03 21:00:00+00:00,2020-02-03 22:00:00+00:00,60059.9175,5571.157499999999,21160.16,0.0,57305.56,26731.3175,0.5376773767406141,0.8431506618282,-0.7071067811865477,0.7071067811865474,0.0,1.0,0,weekday,9.6
2020-02-04,2020,2,4,35,21,1,30.36,2020-02-04 21:00:00+00:00,2020-02-04 22:00:00+00:00,60585.96,3663.0775,22012.62,0.0,59988.47,25675.6975,0.5521013427459208,0.8337770129585915,-0.7071067811865477,0.7071067811865474,0.7818314824680298,0.6234898018587336,0,weekday,9.285
2020-02-05,2020,2,5,36,21,2,31.99,2020-02-05 21:00:00+00:00,2020-02-05 22:00:00+00:00,60584.72,4240.1525,13843.5125,0.0,59607.57,18083.665,0.5663619330814524,0.8241566360566663,-0.7071067811865477,0.7071067811865474,0.9749279121818236,-0.2225209339563143,0,weekday,9.435
2020-02-06,2020,2,6,37,21,3,37.66,2020-02-06 21:00:00+00:00,2020-02-06 22:00:00+00:00,61171.78,1040.38,7639.217500000001,0.0,55983.65,8679.5975,0.580454927809098,0.8142923779467267,-0.7071067811865477,0.7071067811865474,0.4338837391175582,-0.900968867902419,0,weekday,8.925
2020-02-07,2020,2,7,38,21,4,27.35,2020-02-07 21:00:00+00:00,2020-02-07 22:00:00+00:00,58830.045,4624.7825,14709.1425,0.0,55973.11,19333.925,0.5943761565849831,0.804187157621448,-0.7071067811865477,0.7071067811865474,-0.433883739117558,-0.9009688679024191,0,weekday,9.22
2020-02-08,2020,2,8,39,21,5,27.39,2020-02-08 21:00:00+00:00,2020-02-08 22:00:00+00:00,53253.03,4886.9,15160.82,0.0,54404.21,20047.72,0.6081214998935418,0.7938439653781019,-0.7071067811865477,0.7071067811865474,-0.9749279121818236,-0.2225209339563146,0,weekend,9.07
2020-02-09,2020,2,9,40,21,6,-0.08,2020-02-09 21:00:00+00:00,2020-02-09 22:00:00+00:00,53889.055,3569.56,41248.06,0.0,63825.5,44817.62,0.6216868902665479,0.7832658619336791,-0.7071067811865477,0.7071067811865474,-0.7818314824680299,0.6234898018587334,0,weekend,8.9225
2020-02-10,2020,2,10,41,21,0,11.97,2020-02-10 21:00:00+00:00,2020-02-10 22:00:00+00:00,60509.2125,5878.3275,35367.4875,0.0,65818.07,41245.815,0.6350683134867438,0.7724559775191742,-0.7071067811865477,0.7071067811865474,0.0,1.0,0,weekday,8.775
2020-02-11,2020,2,11,42,21,1,12.04,2020-02-11 21:00:00+00:00,2020-02-11 22:00:00+00:00,60700.100000000006,5140.095,38052.205,0.0,68875.72,43192.3,0.6482618097757122,0.7614175109532997,-0.7071067811865477,0.7071067811865474,0.7818314824680298,0.6234898018587336,0,weekday,8.5
2020-02-12,2020,2,12,43,21,2,24.16,2020-02-12 21:00:00+00:00,2020-02-12 22:00:00+00:00,61673.3525,5887.83,29560.4975,0.0,65430.95,35448.3275,0.6612634749656386,0.7501537286959042,-0.7071067811865477,0.7071067811865474,0.9749279121818236,-0.2225209339563143,0,weekday,8.575
2020-02-13,2020,2,13,44,21,3,37.93,2020-02-13 21:00:00+00:00,2020-02-13 22:00:00+00:00,61361.0725,1369.78,14043.79,0.0,52310.97,15413.570000000002,0.6740694616546161,0.7386679638813748,-0.7071067811865477,0.7071067811865474,0.4338837391175582,-0.900968867902419,0,weekday,8.575
2020-02-14,2020,2,14,45,21,4,27.05,2020-02-14 21:00:00+00:00,2020-02-14 22:00:00+00:00,58796.3075,5227.9375,12311.835,0.0,53632.96,17539.7725,0.6866759803451553,0.726963615332308,-0.7071067811865477,0.7071067811865474,-0.433883739117558,-0.9009688679024191,0,weekday,8.925
2020-02-15,2020,2,15,46,21,5,3.97,2020-02-15 21:00:00+00:00,2020-02-15 22:00:00+00:00,52426.8425,5538.345,31295.7075,0.0,62403.58,36834.0525,0.6990793005655562,0.7150441465537444,-0.7071067811865477,0.7071067811865474,-0.9749279121818236,-0.2225209339563146,0,weekend,8.88
2020-02-16,2020,2,16,47,21,6,0.74,2020-02-16 21:00:00+00:00,2020-02-16 22:00:00+00:00,53757.7975,5954.2225,36766.1425,0.0,63760.72,42720.365000000005,0.7112757519738152,0.7029130847082615,-0.7071067811865477,0.7071067811865474,-0.7818314824680299,0.6234898018587334,0,weekend,8.986666666666666
2020-02-17,2020,2,17,48,21,0,18.44,2020-02-17 21:00:00+00:00,2020-02-17 22:00:00+00:00,60224.985,5975.74,29862.925,0.0,63217.61,35838.665,0.7232617254437388,0.6905740195722293,-0.7071067811865477,0.7071067811865474,0.0,1.0,0,weekday,9.093333333333334
2020-02-18,2020,2,18,49,21,1,25.21,2020-02-18 21:00:00+00:00,2020-02-18 22:00:00+00:00,60807.8775,6026.915,31389.46,0.0,64205.02,37416.375,0.7350336741329413,0.6780306024735382,-0.7071067811865477,0.7071067811865474,0.7818314824680298,0.6234898018587336,0,weekday,9.2
2020-02-19,2020,2,19,50,21,2,32.1,2020-02-19 21:00:00+00:00,2020-02-19 22:00:00+00:00,60716.2575,5040.06,21775.525,0.0,58996.22,26815.585000000003,0.746588114532413,0.6652865452111116,-0.7071067811865477,0.7071067811865474,0.9749279121818236,-0.2225209339563143,0,weekday,9.225
2020-02-20,2020,2,20,51,21,3,18.77,2020-02-20 21:00:00+00:00,2020-02-20 22:00:00+00:00,60158.385,5910.1925,35382.2,0.0,67778.22,41292.3925,0.7579216274973472,0.6523456189565257,-0.7071067811865477,0.7071067811865474,0.4338837391175582,-0.900968867902419,0,weekday,9.575
2020-02-21,2020,2,21,52,21,4,24.57,2020-02-21 21:00:00+00:00,2020-02-21 22:00:00+00:00,58464.53,5842.705,30297.695,0.0,63717.18,36140.4,0.7690308592589181,0.6392116531380588,-0.7071067811865477,0.7071067811865474,-0.433883739117558,-0.9009688679024191,0,weekday,9.3
2020-02-22,2020,2,22,53,21,5,0.04,2020-02-22 21:00:00+00:00,2020-02-22 22:00:00+00:00,54193.3375,5794.3,36209.6975,0.0,63741.14,42003.997500000005,0.7799125224167177,0.6258885343075018,-0.7071067811865477,0.7071067811865474,-0.9749279121818236,-0.2225209339563146,0,weekend,9.41
2020-02-23,2020,2,23,54,21,6,8.94,2020-02-23 21:00:00+00:00,2020-02-23 22:00:00+00:00,54762.6475,6018.9775,32493.07,0.0,62452.32,38512.0475,0.7905633969115482,0.612380204990065,-0.7071067811865477,0.7071067811865474,-0.7818314824680299,0.6234898018587334,0,weekend,9.31
2020-02-24,2020,2,24,55,21,0,16.38,2020-02-24 21:00:00+00:00,2020-02-24 22:00:00+00:00,58658.37,5527.1975,33217.0775,0.0,64511.04,38744.275,0.8009803309782905,0.5986906625177214,-0.7071067811865477,0.7071067811865474,0.0,1.0,0,weekday,9.21
2020-02-25,2020,2,25,56,21,1,29.9,2020-02-25 21:00:00+00:00,2020-02-25 22:00:00+00:00,60817.9225,3358.5925,22783.6625,0.0,59186.52,26142.255,0.8111602420785621,0.5848239578463322,-0.7071067811865477,0.7071067811865474,0.7818314824680298,0.6234898018587336,0,weekday,9.0
2020-02-26,2020,2,26,57,21,2,32.08,2020-02-26 21:00:00+00:00,2020-02-26 22:00:00+00:00,61099.615,2337.07,17382.25,0.0,58061.6,19719.32,0.8211001178128892,0.5707841943569036,-0.7071067811865477,0.7071067811865474,0.9749279121818236,-0.2225209339563143,0,weekday,8.875
2020-02-27,2020,2,27,58,21,3,33.77,2020-02-27 21:00:00+00:00,2020-02-27 22:00:00+00:00,59490.715,3930.6325,12068.2625,0.0,55816.82,15998.895,0.8307970168121247,0.5565755266413303,-0.7071067811865477,0.7071067811865474,0.4338837391175582,-0.900968867902419,0,weekday,8.87
2020-02-28,2020,2,28,59,21,4,26.14,2020-02-28 21:00:00+00:00,2020-02-28 22:00:00+00:00,57777.67,5488.745,23301.315,0.0,59531.42,28790.06,0.8402480696078469,0.5422021592729844,-0.7071067811865477,0.7071067811865474,-0.433883739117558,-0.9009688679024191,0,weekday,8.65
2020-02-29,2020,2,29,60,21,5,10.41,2020-02-29 21:00:00+00:00,2020-02-29 22:00:00+00:00,53045.2375,6035.657499999999,31640.325,0.0,62616.84,37675.9825,0.8494504794814806,0.527668345562516,-0.7071067811865477,0.7071067811865474,-0.9749279121818236,-0.2225209339563146,0,weekend,8.875
2020-03-01,2020,3,1,61,21,6,27.76,2020-03-01 21:00:00+00:00,2020-03-01 22:00:00+00:00,53974.2525,4623.5225,21471.835,0.0,51708.42,26095.3575,0.8584015232918917,0.512978386299228,-0.7071067811865477,0.7071067811865474,-0.7818314824680299,0.6234898018587334,0,weekend,8.9375
2020-03-02,2020,3,2,62,21,0,30.88,2020-03-02 21:00:00+00:00,2020-03-02 22:00:00+00:00,59738.86,1996.8375,10348.6275,0.0,54832.28,12345.465,0.8670985522812081,0.4981366284784055,-0.7071067811865477,0.7071067811865474,0.0,1.0,0,weekday,9.0
2020-03-03,2020,3,3,63,21,1,35.03,2020-03-03 21:00:00+00:00,2020-03-03 22:00:00+00:00,59490.59,1208.76,11225.91,0.0,57605.88,12434.67,0.8755389928586302,0.4831474640149687,-0.7071067811865477,0.7071067811865474,0.7818314824680298,0.6234898018587336,0,weekday,9.02
2020-03-04,2020,3,4,64,21,2,33.92,2020-03-04 21:00:00+00:00,2020-03-04 22:00:00+00:00,58755.45,794.775,7799.275,0.0,55153.92,8594.05,0.8837203473619977,0.4680153284438345,-0.7071067811865477,0.7071067811865474,0.9749279121818236,-0.2225209339563143,0,weekday,8.975
2020-03-05,2020,3,5,65,21,3,26.9,2020-03-05 21:00:00+00:00,2020-03-05 22:00:00+00:00,58834.0975,4012.8075,17844.16,0.0,58562.18,21856.9675,0.8916401947968874,0.452744699607371,-0.7071067811865477,0.7071067811865474,0.4338837391175582,-0.900968867902419,0,weekday,8.9
2020-03-06,2020,3,6,66,21,4,30.5,2020-03-06 21:00:00+00:00,2020-03-06 22:00:00+00:00,56900.5275,3404.195,18040.9975,0.0,59271.28,21445.1925,0.8992961915530253,0.4373400963303323,-0.7071067811865477,0.7071067811865474,-0.433883739117558,-0.9009688679024191,0,weekday,8.775
2020-03-07,2020,3,7,67,21,5,28.24,2020-03-07 21:00:00+00:00,2020-03-07 22:00:00+00:00,52851.735,4692.35,12235.87,0.0,49484.99,16928.22,0.9066860720977984,0.4218060770826634,-0.7071067811865477,0.7071067811865474,-0.9749279121818236,-0.2225209339563146,0,weekend,8.645
2020-03-08,2020,3,8,68,21,6,31.99,2020-03-08 21:00:00+00:00,2020-03-08 22:00:00+00:00,52976.25,4366.215,15537.9325,0.0,50836.11,19904.1475,0.9138076496466616,0.4061472386305789,-0.7071067811865477,0.7071067811865474,-0.7818314824680299,0.6234898018587334,0,weekend,8.46
2020-03-09,2020,3,9,69,21,0,34.97,2020-03-09 21:00:00+00:00,2020-03-09 22:00:00+00:00,58279.04,4465.91,14783.95,0.0,56002.45,19249.86,0.9206588168102428,0.3903682146763026,-0.7071067811865477,0.7071067811865474,0.0,1.0,0,weekday,8.275
2020-03-10,2020,3,10,70,21,1,9.03,2020-03-10 21:00:00+00:00,2020-03-10 22:00:00+00:00,58233.380000000005,6273.594999999999,36051.5375,0.0,67498.58,42325.1325,0.9272375462179536,0.374473674486883,-0.7071067811865477,0.7071067811865474,0.7818314824680298,0.6234898018587336,0,weekday,8.875
2020-03-11,2020,3,11,71,21,2,23.84,2020-03-11 21:00:00+00:00,2020-03-11 22:00:00+00:00,59409.6375,6211.235,27150.6775,0.0,61922.88,33361.9125,0.9335418911179212,0.3584683215124808,-0.7071067811865477,0.7071067811865474,0.9749279121818236,-0.2225209339563143,0,weekday,8.975
2020-03-12,2020,3,12,72,21,3,23.26,2020-03-12 21:00:00+00:00,2020-03-12 22:00:00+00:00,60085.14,6377.82,27420.085,0.0,63914.8,33797.905,0.9395699859530622,0.342356891994542,-0.7071067811865477,0.7071067811865474,0.4338837391175582,-0.900968867902419,0,weekday,9.1
2020-03-13,2020,3,13,73,21,4,36.99,2020-03-13 21:00:00+00:00,2020-03-13 22:00:00+00:00,58198.665,2953.8625,13625.555,0.0,51094.31,16579.4175,0.945320046913132,0.3261441535642696,-0.7071067811865477,0.7071067811865474,-0.433883739117558,-0.9009688679024191,0,weekday,9.36
2020-03-14,2020,3,14,74,21,5,26.02,2020-03-14 21:00:00+00:00,2020-03-14 22:00:00+00:00,52235.32,5886.7425,18824.74,0.0,56065.24,24711.4825,0.9507903724625832,0.3098349038318025,-0.7071067811865477,0.7071067811865474,-0.9749279121818236,-0.2225209339563146,0,weekend,9.285
2020-03-15,2020,3,15,75,21,6,30.18,2020-03-15 21:00:00+00:00,2020-03-15 22:00:00+00:00,52951.6975,6211.9775,18956.7325,0.0,54924.13,25168.71,0.9559793438440766,0.2934339689665273,-0.7071067811865477,0.7071067811865474,-0.7818314824680299,0.6234898018587334,0,weekend,8.9925
2020-03-16,2020,3,16,76,21,0,34.56,2020-03-16 21:00:00+00:00,2020-03-16 22:00:00+00:00,58235.5925,1105.83,1634.57,0.0,47724.47,2740.4,0.9608854255574976,0.2769462022689364,-0.7071067811865477,0.7071067811865474,0.0,1.0,0,weekday,8.7
2020-03-17,2020,3,17,77,21,1,29.85,2020-03-17 21:00:00+00:00,2020-03-17 22:00:00+00:00,58999.57,6159.860000000001,10257.0525,0.0,56348.53,16416.9125,0.9655071658143364,0.2603764827344581,-0.7071067811865477,0.7071067811865474,0.7818314824680298,0.6234898018587336,0,weekday,8.775
2020-03-18,2020,3,18,78,21,2,31.83,2020-03-18 21:00:00+00:00,2020-03-18 22:00:00+00:00,57765.0675,1180.47,6727.075,0.0,47307.32,7907.545,0.969843196967294,0.2437297136096838,-0.7071067811865477,0.7071067811865474,0.9749279121818236,-0.2225209339563143,0,weekday,8.3
2020-03-19,2020,3,19,79,21,3,28.7,2020-03-19 21:00:00+00:00,2020-03-19 22:00:00+00:00,59216.3925,446.385,2501.3575,0.0,44069.48,2947.7425000000003,0.9738922359149924,0.2270108209414184,-0.7071067811865477,0.7071067811865474,0.4338837391175582,-0.900968867902419,0,weekday,8.425
2020-03-20,2020,3,20,80,21,4,21.02,2020-03-20 21:00:00+00:00,2020-03-20 22:00:00+00:00,56135.005000000005,5365.985,13794.935,0.0,51105.66,19160.92,0.977653084481664,0.2102247521189836,-0.7071067811865477,0.7071067811865474,-0.433883739117558,-0.9009688679024191,0,weekday,8.295
2020-03-21,2020,3,21,81,21,5,11.29,2020-03-21 21:00:00+00:00,2020-03-21 22:00:00+00:00,51486.4525,5547.1075,21866.7425,0.0,53720.09,27413.85,0.981124629771712,0.1933764744102058,-0.7071067811865477,0.7071067811865474,-0.9749279121818236,-0.2225209339563146,0,weekend,8.295
2020-03-22,2020,3,22,82,21,6,14.79,2020-03-22 21:00:00+00:00,2020-03-22 22:00:00+00:00,53071.1875,4537.94,19175.035,0.0,49340.51,23712.975,0.984305844499033,0.1764709734915216,-0.7071067811865477,0.7071067811865474,-0.7818314824680299,0.6234898018587334,0,weekend,8.157499999999999
2020-03-23,2020,3,23,83,21,0,21.84,2020-03-23 21:00:00+00:00,2020-03-23 22:00:00+00:00,58693.2275,5242.19,17082.0075,0.0,55861.18,22324.1975,0.9871957872910084,0.1595132519726365,-0.7071067811865477,0.7071067811865474,0.0,1.0,0,weekday,8.02
2020-03-24,2020,3,24,84,21,1,22.98,2020-03-24 21:00:00+00:00,2020-03-24 22:00:00+00:00,58348.4675,4805.469999999999,18401.5625,0.0,56883.47,23207.0325,0.9897936029670716,0.1425083279161708,-0.7071067811865477,0.7071067811865474,0.7818314824680298,0.6234898018587336,0,weekday,8.05
2020-03-25,2020,3,25,85,21,2,24.02,2020-03-25 21:00:00+00:00,2020-03-25 22:00:00+00:00,58591.455,2574.2525,18806.7025,0.0,55730.59,21380.955,0.992098522791769,0.1254612333527364,-0.7071067811865477,0.7071067811865474,0.9749279121818236,-0.2225209339563143,0,weekday,7.765
2020-03-26,2020,3,26,86,21,3,25.5,2020-03-26 21:00:00+00:00,2020-03-26 22:00:00+00:00,58257.1675,2546.045,17163.0025,0.0,53624.4,19709.0475,0.9941098647022418,0.108377012791876,-0.7071067811865477,0.7071067811865474,0.4338837391175582,-0.900968867902419,0,weekday,7.58
2020-03-27,2020,3,27,87,21,4,24.91,2020-03-27 21:00:00+00:00,2020-03-27 22:00:00+00:00,55004.1075,3576.165,12350.9175,0.0,48408.38,15927.0825,0.9958270335100596,0.0912607217293118,-0.7071067811865477,0.7071067811865474,-0.433883739117558,-0.9009688679024191,0,weekday,7.25
2020-03-28,2020,3,28,88,21,5,16.27,2020-03-28 21:00:00+00:00,2020-03-28 22:00:00+00:00,50608.9875,5630.435,14071.205,0.0,47765.51,19701.64,0.9972495210773452,0.0741174251509443,-0.7071067811865477,0.7071067811865474,-0.9749279121818236,-0.2225209339563146,0,weekend,7.22
2020-03-29,2020,3,29,89,21,6,20.14,2020-03-29 21:00:00+00:00,2020-03-29 22:00:00+00:00,49005.295,3450.12,13927.93,0.0,43657.8,17378.05,0.998376906467142,0.0569521960340397,-0.7071067811865477,0.7071067811865474,-0.7818314824680299,0.6234898018587334,0,weekend,7.057499999999999
2020-03-30,2020,3,30,90,21,0,27.01,2020-03-30 21:00:00+00:00,2020-03-30 22:00:00+00:00,52853.235,2326.3175,7884.945,0.0,43804.83,10211.2625,0.9992088560679752,0.0397701138460557,-0.7071067811865477,0.7071067811865474,0.0,1.0,0,weekday,6.895
2020-03-31,2020,3,31,91,21,1,26.61,2020-03-31 21:00:00+00:00,2020-03-31 22:00:00+00:00,53624.9725,2977.47,7507.7,0.0,45340.92,10485.17,0.9997451236925734,0.0225762630415454,-0.7071067811865477,0.7071067811865474,0.7818314824680298,0.6234898018587336,0,weekday,7.1
2020-04-01,2020,4,1,92,21,2,28.31,2020-04-01 21:00:00+00:00,2020-04-01 22:00:00+00:00,52312.715,4345.995,8317.26,0.0,46624.31,12663.255,0.9999855506507186,0.0053757315575838,-0.7071067811865477,0.7071067811865474,0.9749279121818236,-0.2225209339563143,0,weekday,6.725
2020-04-02,2020,4,2,93,21,3,25.0,2020-04-02 21:00:00+00:00,2020-04-02 22:00:00+00:00,51575.6675,6032.9525,23769.5575,0.0,57806.64,29802.51,0.9999300657962056,-0.0118263906918325,-0.7071067811865477,0.7071067811865474,0.4338837391175582,-0.900968867902419,0,weekday,7.275
2020-04-03,2020,4,3,94,21,4,29.15,2020-04-03 21:00:00+00:00,2020-04-03 22:00:00+00:00,50023.0,2600.0425,5835.325,0.0,39717.23,8435.3675,0.9995786855478958,-0.0290250133219752,-0.7071067811865477,0.7071067811865474,-0.433883739117558,-0.9009688679024191,0,weekday,6.825
2020-04-04,2020,4,4,95,21,5,21.54,2020-04-04 21:00:00+00:00,2020-04-04 22:00:00+00:00,45807.7575,2249.45,8893.7975,0.0,38150.16,11143.2475,0.9989315138848576,-0.0462150469837083,-0.7071067811865477,0.7071067811865474,-0.9749279121818236,-0.2225209339563146,0,weekend,6.92
2020-04-05,2020,4,5,96,21,6,11.95,2020-04-05 21:00:00+00:00,2020-04-05 22:00:00+00:00,46225.4875,6270.825,22051.2525,0.0,51207.85,28322.0775,0.9979887423155984,-0.0633914048695103,-0.7071067811865477,0.7071067811865474,-0.7818314824680299,0.6234898018587334,0,weekend,6.859999999999999
2020-04-06,2020,4,6,97,21,0,28.92,2020-04-06 21:00:00+00:00,2020-04-06 22:00:00+00:00,50215.3775,2105.085,9991.705,0.0,41699.49,12096.79,0.9967506498213928,-0.0805490042187416,-0.7071067811865477,0.7071067811865474,0.0,1.0,0,weekday,6.8
2020-04-07,2020,4,7,98,21,1,23.84,2020-04-07 21:00:00+00:00,2020-04-07 22:00:00+00:00,50386.2825,2308.4125,10937.6175,0.0,42275.13,13246.03,0.9952176027737294,-0.0976827678217159,-0.7071067811865477,0.7071067811865474,0.7818314824680298,0.6234898018587336,0,weekday,7.4
2020-04-08,2020,4,8,99,21,2,31.41,2020-04-08 21:00:00+00:00,2020-04-08 22:00:00+00:00,48967.895,1263.6675,3611.345,0.0,38793.02,4875.0125,0.9933900548258936,-0.114787625522127,-0.7071067811865477,0.7071067811865474,0.9749279121818236,-0.2225209339563143,0,weekday,7.3
2020-04-09,2020,4,9,100,21,3,27.92,2020-04-09 21:00:00+00:00,2020-04-09 22:00:00+00:00,48360.1,1099.4375,7233.860000000001,0.0,39060.71,8333.2975,0.9912685467787256,-0.1318585157173911,-0.7071067811865477,0.7071067811865474,0.4338837391175582,-0.900968867902419,0,weekday,7.475
2020-04-10,2020,4,10,101,21,4,29.81,2020-04-10 21:00:00+00:00,2020-04-10 22:00:00+00:00,42699.3475,348.115,4379.805,0.0,36321.18,4727.92,0.9888537064205885,-0.1488903868564548,-0.7071067811865477,0.7071067811865474,-0.433883739117558,-0.9009688679024191,1,holiday,7.28
2020-04-11,2020,4,11,102,21,5,24.91,2020-04-11 21:00:00+00:00,2020-04-11 22:00:00+00:00,41555.7,3041.8975,6663.5025,0.0,36568.99,9705.4,0.986146248341595,-0.1658781989346314,-0.7071067811865477,0.7071067811865474,-0.9749279121818236,-0.2225209339563146,0,weekend,7.28
2020-04-12,2020,4,12,103,21,6,19.5,2020-04-12 21:00:00+00:00,2020-04-12 22:00:00+00:00,40601.7325,4302.345,7214.5625,0.0,39250.97,11516.9075,0.98314697372215,-0.1828169249850199,-0.7071067811865477,0.7071067811865474,-0.7818314824680299,0.6234898018587334,0,weekend,7.28
2020-04-13,2020,4,13,104,21,0,9.29,2020-04-13 21:00:00+00:00,2020-04-13 22:00:00+00:00,44039.5925,6164.23,18729.0825,0.0,50270.21,24893.3125,0.9798567700958664,-0.1997015525660636,-0.7071067811865477,0.7071067811865474,0.0,1.0,1,holiday,7.28
2020-04-14,2020,4,14,105,21,1,26.77,2020-04-14 21:00:00+00:00,2020-04-14 22:00:00+00:00,48639.785,3424.545,9980.5625,0.0,38127.3,13405.1075,0.976276611086932,-0.2165270852448143,-0.7071067811865477,0.7071067811865474,0.7818314824680298,0.6234898018587336,0,weekday,7.175
2020-04-15,2020,4,15,106,21,2,26.25,2020-04-15 21:00:00+00:00,2020-04-15 22:00:00+00:00,47769.55,3099.3525,9589.9075,0.0,40391.88,12689.259999999998,0.9724075561219968,-0.2332885440754551,-0.7071067811865477,0.7071067811865474,0.9749279121818236,-0.2225209339563143,0,weekday,6.825
2020-04-16,2020,4,16,107,21,3,27.01,2020-04-16 21:00:00+00:00,2020-04-16 22:00:00+00:00,47411.525,1548.5825,6867.175,0.0,37221.88,8415.7575,0.9682507501166718,-0.2499809690726521,-0.7071067811865477,0.7071067811865474,0.4338837391175582,-0.900968867902419,0,weekday,6.98
2020-04-17,2020,4,17,108,21,4,24.92,2020-04-17 21:00:00+00:00,2020-04-17 22:00:00+00:00,46385.435,1101.54,8476.505000000001,0.0,35532.41,9578.045000000002,0.9638074231367308,-0.2665994206792935,-0.7071067811865477,0.7071067811865474,-0.433883739117558,-0.9009688679024191,0,weekday,7.18
2020-04-18,2020,4,18,109,21,5,21.16,2020-04-18 21:00:00+00:00,2020-04-18 22:00:00+00:00,41854.91,3782.5475,12446.735,0.0,39234.59,16229.2825,0.9590788900341132,-0.2831389812281835,-0.7071067811865477,0.7071067811865474,-0.9749279121818236,-0.2225209339563146,0,weekend,6.995
2020-04-19,2020,4,19,110,21,6,12.34,2020-04-19 21:00:00+00:00,2020-04-19 22:00:00+00:00,41318.177500000005,3738.445,19546.295,0.0,46146.49,23284.74,0.9540665500578388,-0.2995947563972602,-0.7071067811865477,0.7071067811865474,-0.7818314824680299,0.6234898018587334,0,weekend,6.865
2020-04-20,2020,4,20,111,21,0,10.28,2020-04-20 21:00:00+00:00,2020-04-20 22:00:00+00:00,47245.0575,5152.295,27846.61,0.0,54462.06,32998.905,0.9487718864399473,-0.3159618766579029,-0.7071067811865477,0.7071067811865474,0.0,1.0,0,weekday,6.735
2020-04-21,2020,4,21,112,21,1,7.6,2020-04-21 21:00:00+00:00,2020-04-21 22:00:00+00:00,47725.58,5642.4575,26737.0275,0.0,54677.54,32379.485,0.9431964659565866,-0.3322354987159043,-0.7071067811865477,0.7071067811865474,0.7818314824680298,0.6234898018587336,0,weekday,6.6
2020-04-22,2020,4,22,113,21,2,20.01,2020-04-22 21:00:00+00:00,2020-04-22 22:00:00+00:00,49068.9275,4253.1050000000005,18366.575,0.0,44787.57,22619.68,0.9373419384643772,-0.3484108069446808,-0.7071067811865477,0.7071067811865474,0.9749279121818236,-0.2225209339563143,0,weekday,6.125
2020-04-23,2020,4,23,114,21,3,34.43,2020-04-23 21:00:00+00:00,2020-04-23 22:00:00+00:00,48937.8975,780.3175,3043.5475,0.0,35261.41,3823.865,0.9312100364121948,-0.3644830148102912,-0.7071067811865477,0.7071067811865474,0.4338837391175582,-0.900968867902419,0,weekday,6.15
2020-04-24,2020,4,24,115,21,4,23.0,2020-04-24 21:00:00+00:00,2020-04-24 22:00:00+00:00,47301.8325,4730.6175,17055.2075,0.0,44233.85,21785.825,0.9248025743285088,-0.3804473662878516,-0.7071067811865477,0.7071067811865474,-0.433883739117558,-0.9009688679024191,0,weekday,5.83
2020-04-25,2020,4,25,116,21,5,25.69,2020-04-25 21:00:00+00:00,2020-04-25 22:00:00+00:00,41974.45,773.6225,3822.6525,0.0,31266.15,4596.275,0.9181214482844364,-0.3962991372689181,-0.7071067811865477,0.7071067811865474,-0.9749279121818236,-0.2225209339563146,0,weekend,5.77
2020-04-26,2020,4,26,117,21,6,26.06,2020-04-26 21:00:00+00:00,2020-04-26 22:00:00+00:00,43500.67,587.6775,2192.0125,0.0,30757.77,2779.69,0.9111686353326632,-0.4120336369594263,-0.7071067811865477,0.7071067811865474,-0.7818314824680299,0.6234898018587334,0,weekend,5.797499999999999
2020-04-27,2020,4,27,118,21,0,32.1,2020-04-27 21:00:00+00:00,2020-04-27 22:00:00+00:00,48542.8825,395.635,3002.5425,0.0,36014.46,3398.1775,0.9039461929224012,-0.4276462092677746,-0.7071067811865477,0.7071067811865474,0.0,1.0,0,weekday,5.825
2020-04-28,2020,4,28,119,21,1,24.09,2020-04-28 21:00:00+00:00,2020-04-28 22:00:00+00:00,49311.2875,1207.8375,9455.0825,0.0,39063.36,10662.92,0.8964562582905575,-0.4431322341826345,-0.7071067811865477,0.7071067811865474,0.7818314824680298,0.6234898018587336,0,weekday,5.975
2020-04-29,2020,4,29,120,21,2,23.69,2020-04-29 21:00:00+00:00,2020-04-29 22:00:00+00:00,48453.16,1376.365,7491.78,0.0,36564.69,8868.145,0.8887010478292915,-0.4584871291400876,-0.7071067811865477,0.7071067811865474,0.9749279121818236,-0.2225209339563143,0,weekday,6.015
2020-04-30,2020,4,30,121,21,3,22.04,2020-04-30 21:00:00+00:00,2020-04-30 22:00:00+00:00,48458.0225,4540.845,16379.3175,0.0,40244.36,20920.1625,0.8806828564301475,-0.47370635037968,-0.7071067811865477,0.7071067811865474,0.4338837391175582,-0.900968867902419,0,weekday,6.325
2020-05-01,2020,5,1,122,21,4,20.91,2020-05-01 21:00:00+00:00,2020-05-01 22:00:00+00:00,44174.09,2309.2650000000003,12816.6175,0.0,36338.82,15125.8825,0.8724040568049612,-0.4887853942889926,-0.7071067811865477,0.7071067811865474,-0.433883739117558,-0.9009688679024191,1,holiday,6.2
2020-05-02,2020,5,2,123,21,5,24.38,2020-05-02 21:00:00+00:00,2020-05-02 22:00:00+00:00,42900.555,1323.03,10781.965,0.0,35286.34,12104.995,0.8638670987837349,-0.503719798736334,-0.7071067811865477,0.7071067811865474,-0.9749279121818236,-0.2225209339563146,0,weekend,5.845
2020-05-03,2020,5,3,124,21,6,25.37,2020-05-03 21:00:00+00:00,2020-05-03 22:00:00+00:00,43194.77,858.7574999999999,3060.94,0.0,30003.63,3919.6975,0.8550745085896932,-0.518505144391157,-0.7071067811865477,0.7071067811865474,-0.7818314824680299,0.6234898018587334,0,weekend,5.8725000000000005
2020-05-04,2020,5,4,125,21,0,22.51,2020-05-04 21:00:00+00:00,2020-05-04 22:00:00+00:00,48357.380000000005,3760.89,9806.075,0.0,40879.58,13566.965,0.8460288880917339,-0.533137056031809,-0.7071067811865477,0.7071067811865474,0.0,1.0,0,weekday,5.9
2020-05-05,2020,5,5,126,21,1,25.34,2020-05-05 21:00:00+00:00,2020-05-05 22:00:00+00:00,48452.4725,805.645,8956.342499999999,0.0,40790.6,9761.9875,0.8367329140344921,-0.5476112038402312,-0.7071067811865477,0.7071067811865474,0.7818314824680298,0.6234898018587336,0,weekday,5.85
2020-05-06,2020,5,6,127,21,2,24.68,2020-05-06 21:00:00+00:00,2020-05-06 22:00:00+00:00,49185.0075,3650.13,12710.0175,0.0,45427.48,16360.1475,0.8271893372462497,-0.5619233046832195,-0.7071067811865477,0.7071067811865474,0.9749279121818236,-0.2225209339563143,0,weekday,5.74
2020-05-07,2020,5,7,128,21,3,27.93,2020-05-07 21:00:00+00:00,2020-05-07 22:00:00+00:00,48184.32,600.1725,2000.5625,0.0,36859.22,2600.735,0.8174009818249189,-0.5760691233798758,-0.7071067811865477,0.7071067811865474,0.4338837391175582,-0.900968867902419,0,weekday,5.84
2020-05-08,2020,5,8,129,21,4,29.33,2020-05-08 21:00:00+00:00,2020-05-08 22:00:00+00:00,47219.875,867.94,2741.06,0.0,34566.66,3609.0,0.8073707443023492,-0.5900444739548627,-0.7071067811865477,0.7071067811865474,-0.433883739117558,-0.9009688679024191,0,weekday,5.83
2020-05-09,2020,5,9,130,21,5,26.41,2020-05-09 21:00:00+00:00,2020-05-09 22:00:00+00:00,42403.4575,243.195,6880.315,0.0,32602.3,7123.509999999999,0.7971015927871943,-0.6038452208771035,-0.7071067811865477,0.7071067811865474,-0.9749279121818236,-0.2225209339563146,0,weekend,5.83
2020-05-10,2020,5,10,131,21,6,14.7,2020-05-10 21:00:00+00:00,2020-05-10 22:00:00+00:00,42608.6025,6190.095,17625.295,0.0,44077.99,23815.39,0.7865965660866021,-0.6174672802835514,-0.7071067811865477,0.7071067811865474,-0.7818314824680299,0.6234898018587334,0,weekend,5.765000000000001
2020-05-11,2020,5,11,132,21,0,21.85,2020-05-11 21:00:00+00:00,2020-05-11 22:00:00+00:00,48006.295,4268.4425,15713.0225,0.0,41196.18,19981.465,0.7758587728069828,-0.6309066211876704,-0.7071067811865477,0.7071067811865474,0.0,1.0,0,weekday,5.7
2020-05-12,2020,5,12,133,21,1,25.15,2020-05-12 21:00:00+00:00,2020-05-12 22:00:00+00:00,49093.865,3047.4675,9340.31,0.0,41845.51,12387.7775,0.7648913904341225,-0.6441592666722685,-0.7071067811865477,0.7071067811865474,0.7818314824680298,0.6234898018587336,0,weekday,5.575
2020-05-13,2020,5,13,134,21,2,23.91,2020-05-13 21:00:00+00:00,2020-05-13 22:00:00+00:00,49434.692500000005,3018.1825,8975.67,0.0,43764.77,11993.8525,0.753697664392914,-0.6572212950663319,-0.7071067811865477,0.7071067811865474,0.9749279121818236,-0.2225209339563143,0,weekday,5.375
2020-05-14,2020,5,14,135,21,3,25.2,2020-05-14 21:00:00+00:00,2020-05-14 22:00:00+00:00,48960.3875,1509.2075,9109.3975,0.0,43617.69,10618.605,0.742280907086982,-0.6700888411055113,-0.7071067811865477,0.7071067811865474,0.4338837391175582,-0.900968867902419,0,weekday,5.175
2020-05-15,2020,5,15,136,21,4,21.85,2020-05-15 21:00:00+00:00,2020-05-15 22:00:00+00:00,47391.115,3921.2125,9362.0725,0.0,41567.21,13283.285,0.7306444969184916,-0.6827580970759147,-0.7071067811865477,0.7071067811865474,-0.433883739117558,-0.9009688679024191,0,weekday,5.4
2020-05-16,2020,5,16,137,21,5,26.5,2020-05-16 21:00:00+00:00,2020-05-16 22:00:00+00:00,42793.7975,3734.2975,6554.98,0.0,37381.98,10289.2775,0.7187918772884232,-0.6952253139408722,-0.7071067811865477,0.7071067811865474,-0.9749279121818236,-0.2225209339563146,0,weekend,5.22
2020-05-17,2020,5,17,138,21,6,23.22,2020-05-17 21:00:00+00:00,2020-05-17 22:00:00+00:00,43076.8625,4795.535,9536.875,0.0,38361.57,14332.41,0.7067265555776158,-0.7074868024503348,-0.7071067811865477,0.7071067811865474,-0.7818314824680299,0.6234898018587334,0,weekend,5.25
2020-05-18,2020,5,18,139,21,0,23.99,2020-05-18 21:00:00+00:00,2020-05-18 22:00:00+00:00,48601.235,4791.8325,9060.465,0.0,43185.26,13852.2975,0.6944521021088763,-0.719538934232584,-0.7071067811865477,0.7071067811865474,0.0,1.0,0,weekday,5.28
2020-05-19,2020,5,19,140,21,1,29.07,2020-05-19 21:00:00+00:00,2020-05-19 22:00:00+00:00,48839.0275,325.165,3927.8375,0.0,38683.13,4253.0025000000005,0.6819721490904629,-0.7313781428679254,-0.7071067811865477,0.7071067811865474,0.7818314824680298,0.6234898018587336,0,weekday,4.775
2020-05-20,2020,5,20,141,21,2,35.42,2020-05-20 21:00:00+00:00,2020-05-20 22:00:00+00:00,48325.085,96.815,3238.11,0.0,36560.14,3334.925,0.6692903895412567,-0.7430009249440493,-0.7071067811865477,0.7071067811865474,0.9749279121818236,-0.2225209339563143,0,weekday,4.75
2020-05-21,2020,5,21,142,21,3,24.12,2020-05-21 21:00:00+00:00,2020-05-21 22:00:00+00:00,42476.2825,2567.4975,9327.8725,0.0,38808.45,11895.37,0.6564105761979381,-0.7544038410927472,-0.7071067811865477,0.7071067811865474,0.4338837391175582,-0.900968867902419,1,holiday,3.965
2020-05-22,2020,5,22,143,21,4,22.81,2020-05-22 21:00:00+00:00,2020-05-22 22:00:00+00:00,46141.765,3681.88,11071.2625,0.0,39776.42,14753.142500000002,0.6433365204044917,-0.765583517007675,-0.7071067811865477,0.7071067811865474,-0.433883739117558,-0.9009688679024191,0,weekday,3.75
2020-05-23,2020,5,23,144,21,5,14.56,2020-05-23 21:00:00+00:00,2020-05-23 22:00:00+00:00,42720.77,6093.9325,15492.9225,0.0,43990.78,21586.855,0.6300720909843687,-0.7765366444428655,-0.7071067811865477,0.7071067811865474,-0.9749279121818236,-0.2225209339563146,0,weekend,3.89
2020-05-24,2020,5,24,145,21,6,16.31,2020-05-24 21:00:00+00:00,2020-05-24 22:00:00+00:00,42864.47,5115.66,16984.0425,0.0,44189.22,22099.7025,0.6166212130956382,-0.7872599821916922,-0.7071067811865477,0.7071067811865474,-0.7818314824680299,0.6234898018587334,0,weekend,4.043333333333333
2020-05-25,2020,5,25,146,21,0,26.25,2020-05-25 21:00:00+00:00,2020-05-25 22:00:00+00:00,48703.9675,318.125,4986.9625,0.0,41584.92,5305.0875,0.6029878670694714,-0.7977503570459932,-0.7071067811865477,0.7071067811865474,0.0,1.0,0,weekday,4.196666666666666
2020-05-26,2020,5,26,147,21,1,31.51,2020-05-26 21:00:00+00:00,2020-05-26 22:00:00+00:00,48241.355,168.3225,1905.5825,0.0,39925.2,2073.905,0.5891760872322963,-0.8080046647350754,-0.7071067811865477,0.7071067811865474,0.7818314824680298,0.6234898018587336,0,weekday,4.35
2020-05-27,2020,5,27,148,21,2,22.65,2020-05-27 21:00:00+00:00,2020-05-27 22:00:00+00:00,47403.1175,2216.3475,9627.96,0.0,42293.46,11844.3075,0.5751899607119775,-0.8180198708443174,-0.7071067811865477,0.7071067811865474,0.9749279121818236,-0.2225209339563143,0,weekday,3.8
2020-05-28,2020,5,28,149,21,3,25.05,2020-05-28 21:00:00+00:00,2020-05-28 22:00:00+00:00,47755.53,663.0725,8034.335,0.0,40443.74,8697.4075,0.5610336262283677,-0.8277930117131022,-0.7071067811865477,0.7071067811865474,0.4338837391175582,-0.900968867902419,0,weekday,3.7
2020-05-29,2020,5,29,150,21,4,24.16,2020-05-29 21:00:00+00:00,2020-05-29 22:00:00+00:00,46504.555,1198.615,8639.955,0.0,40538.35,9838.57,0.5467112728685939,-0.8373211953118121,-0.7071067811865477,0.7071067811865474,-0.433883739117558,-0.9009688679024191,0,weekday,4.425
2020-05-30,2020,5,30,151,21,5,17.91,2020-05-30 21:00:00+00:00,2020-05-30 22:00:00+00:00,42063.07,1688.415,9132.7475,0.0,37044.67,10821.1625,0.5322271388474397,-0.8466016020976267,-0.7071067811865477,0.7071067811865474,-0.9749279121818236,-0.2225209339563146,0,weekend,4.385
2020-05-31,2020,5,31,152,21,6,12.59,2020-05-31 21:00:00+00:00,2020-05-31 22:00:00+00:00,40858.385,3095.555,13649.86,0.0,41258.13,16745.415,0.5175855102531889,-0.8556314858488706,-0.7071067811865477,0.7071067811865474,-0.7818314824680299,0.6234898018587334,0,weekend,4.2425
2020-06-01,2020,6,1,153,21,0,23.37,2020-06-01 21:00:00+00:00,2020-06-01 22:00:00+00:00,42866.285,2146.5925,9614.1825,0.0,39346.41,11760.775,0.5027907197793043,-0.8644081744776648,-0.7071067811865477,0.7071067811865474,0.0,1.0,1,holiday,4.1
2020-06-02,2020,6,2,154,21,1,37.92,2020-06-02 21:00:00+00:00,2020-06-02 22:00:00+00:00,47016.5375,965.7525,3920.4475,0.0,40451.13,4886.200000000001,0.4878471454423119,-0.8729290708206411,-0.7071067811865477,0.7071067811865474,0.7818314824680298,0.6234898018587336,0,weekday,4.37
2020-06-03,2020,6,3,155,21,2,27.91,2020-06-03 21:00:00+00:00,2020-06-03 22:00:00+00:00,46875.845,3646.2,5876.685,0.0,43215.45,9522.885,0.4727592092862775,-0.881191653407483,-0.7071067811865477,0.7071067811865474,0.9749279121818236,-0.2225209339563143,0,weekday,5.15
2020-06-04,2020,6,4,156,21,3,22.69,2020-06-04 21:00:00+00:00,2020-06-04 22:00:00+00:00,47130.8675,4800.96,10755.82,0.0,45881.71,15556.78,0.4575313760742512,-0.8891934772070711,-0.7071067811865477,0.7071067811865474,0.4338837391175582,-0.900968867902419,0,weekday,4.975
2020-06-05,2020,6,5,157,21,4,25.89,2020-06-05 21:00:00+00:00,2020-06-05 22:00:00+00:00,46271.3225,2664.4675,18427.9625,0.0,45927.5,21092.43,0.442168151967072,-0.8969321743510065,-0.7071067811865477,0.7071067811865474,-0.433883739117558,-0.9009688679024191,0,weekday,5.35
2020-06-06,2020,6,6,158,21,5,23.91,2020-06-06 21:00:00+00:00,2020-06-06 22:00:00+00:00,42671.1975,3596.54,10308.915,0.0,40719.48,13905.455000000002,0.4266740831899246,-0.9044054548343,-0.7071067811865477,0.7071067811865474,-0.9749279121818236,-0.2225209339563146,0,weekend,5.71
2020-06-07,2020,6,7,159,21,6,32.33,2020-06-07 21:00:00+00:00,2020-06-07 22:00:00+00:00,42876.3275,426.49,3625.27,0.0,33772.66,4051.76,0.4110537546870351,-0.911611107193024,-0.7071067811865477,0.7071067811865474,-0.7818314824680299,0.6234898018587334,0,weekend,5.654999999999999
2020-06-08,2020,6,8,160,21,0,33.05,2020-06-08 21:00:00+00:00,2020-06-08 22:00:00+00:00,48011.05,755.2225,3489.0325000000003,0.0,41177.47,4244.255,0.3953117887649151,-0.9185469991587164,-0.7071067811865477,0.7071067811865474,0.0,1.0,0,weekday,5.6
2020-06-09,2020,6,9,161,21,1,32.83,2020-06-09 21:00:00+00:00,2020-06-09 22:00:00+00:00,47460.4175,152.54,5720.08,0.0,45145.71,5872.62,0.3794528437245443,-0.925211078289358,-0.7071067811865477,0.7071067811865474,0.7818314824680298,0.6234898018587336,0,weekday,5.275
2020-06-10,2020,6,10,162,21,2,31.45,2020-06-10 21:00:00+00:00,2020-06-10 22:00:00+00:00,46633.335,3837.1575,7632.1,0.0,46282.83,11469.2575,0.3634816124829063,-0.9316013725767188,-0.7071067811865477,0.7071067811865474,0.9749279121818236,-0.2225209339563143,0,weekday,4.7
2020-06-11,2020,6,11,163,21,3,26.51,2020-06-11 21:00:00+00:00,2020-06-11 22:00:00+00:00,43620.5525,4714.3,6825.2425,0.0,43538.27,11539.5425,0.3474028211842774,-0.9377159910299092,-0.7071067811865477,0.7071067811865474,0.4338837391175582,-0.900968867902419,0,weekday,4.775
2020-06-12,2020,6,12,164,21,4,25.46,2020-06-12 21:00:00+00:00,2020-06-12 22:00:00+00:00,45191.5225,5923.6875,14525.1075,0.0,49263.34,20448.795,0.3312212278016865,-0.9435531242349544,-0.7071067811865477,0.7071067811865474,-0.433883739117558,-0.9009688679024191,0,weekday,5.15
2020-06-13,2020,6,13,165,21,5,24.85,2020-06-13 21:00:00+00:00,2020-06-13 22:00:00+00:00,41533.0625,4913.78,11327.9275,0.0,41406.67,16241.7075,0.3149416207289519,-0.9491110448902284,-0.7071067811865477,0.7071067811865474,-0.9749279121818236,-0.2225209339563146,0,weekend,5.275
2020-06-14,2020,6,14,166,21,6,27.91,2020-06-14 21:00:00+00:00,2020-06-14 22:00:00+00:00,42530.04,3912.925,11943.17,0.0,43131.01,15856.095,0.2985688173637202,-0.9543881083175908,-0.7071067811865477,0.7071067811865474,-0.7818314824680299,0.6234898018587334,0,weekend,5.362500000000001
2020-06-15,2020,6,15,167,21,0,36.39,2020-06-15 21:00:00+00:00,2020-06-15 22:00:00+00:00,46843.01,1053.65,2553.2375,0.0,42121.5,3606.8875,0.2821076626819194,-0.9593827529490744,-0.7071067811865477,0.7071067811865474,0.0,1.0,0,weekday,5.45
2020-06-16,2020,6,16,168,21,1,34.92,2020-06-16 21:00:00+00:00,2020-06-16 22:00:00+00:00,47137.1025,178.86,1628.9,0.0,41594.57,1807.76,0.2655630278040559,-0.9640935007889756,-0.7071067811865477,0.7071067811865474,0.7818314824680298,0.6234898018587336,0,weekday,5.55
2020-06-17,2020,6,17,169,21,2,36.59,2020-06-17 21:00:00+00:00,2020-06-17 22:00:00+00:00,46550.5975,1256.5475,4420.2675,0.0,44194.31,5676.815,0.2489398085537665,-0.9685189578512204,-0.7071067811865477,0.7071067811865474,0.9749279121818236,-0.2225209339563143,0,weekday,5.2
2020-06-18,2020,6,18,170,21,3,34.3,2020-06-18 21:00:00+00:00,2020-06-18 22:00:00+00:00,47246.315,986.635,5532.55,0.0,44871.63,6519.185,0.2322429240090701,-0.9726578145718654,-0.7071067811865477,0.7071067811865474,0.4338837391175582,-0.900968867902419,0,weekday,5.425
2020-06-19,2020,6,19,171,21,4,35.0,2020-06-19 21:00:00+00:00,2020-06-19 22:00:00+00:00,46878.455,710.9325,7372.535,0.0,41669.86,8083.4675,0.2154773150467301,-0.976508846196619,-0.7071067811865477,0.7071067811865474,-0.433883739117558,-0.9009688679024191,0,weekday,5.55
2020-06-20,2020,6,20,172,21,5,34.94,2020-06-20 21:00:00+00:00,2020-06-20 22:00:00+00:00,41847.405,385.3675,5415.9925,0.0,36017.02,5801.360000000001,0.1986479428801711,-0.9800709131432666,-0.7071067811865477,0.7071067811865474,-0.9749279121818236,-0.2225209339563146,0,weekend,5.615
2020-06-21,2020,6,21,173,21,6,32.93,2020-06-21 21:00:00+00:00,2020-06-21 22:00:00+00:00,42521.5525,1132.5375,3883.2275,0.0,35344.47,5015.764999999999,0.1817597875913753,-0.9833429613388902,-0.7071067811865477,0.7071067811865474,-0.7818314824680299,0.6234898018587334,0,weekend,5.532500000000001
2020-06-22,2020,6,22,174,21,0,36.38,2020-06-22 21:00:00+00:00,2020-06-22 22:00:00+00:00,46698.1775,729.12,5762.795,0.0,39934.37,6491.915,0.1648178466571979,-0.9863240225317866,-0.7071067811865477,0.7071067811865474,0.0,1.0,0,weekday,5.45
2020-06-23,2020,6,23,175,21,1,38.41,2020-06-23 21:00:00+00:00,2020-06-23 22:00:00+00:00,46190.34,316.85,5241.025,0.0,41727.25,5557.875,0.1478271334705304,-0.9890132145779884,-0.7071067811865477,0.7071067811865474,0.7818314824680298,0.6234898018587336,0,weekday,5.7
2020-06-24,2020,6,24,176,21,2,38.95,2020-06-24 21:00:00+00:00,2020-06-24 22:00:00+00:00,46829.23,2167.6675,8771.965,0.0,46829.88,10939.6325,0.1307926758567592,-0.9914097417023038,-0.7071067811865477,0.7071067811865474,0.9749279121818236,-0.2225209339563143,0,weekday,5.825
2020-06-25,2020,6,25,177,21,3,38.0,2020-06-25 21:00:00+00:00,2020-06-25 22:00:00+00:00,47301.535,3697.75,8896.810000000001,0.0,48326.92,12594.56,0.1137195145859496,-0.9935128947338008,-0.7071067811865477,0.7071067811865474,0.4338837391175582,-0.900968867902419,0,weekday,5.425
2020-06-26,2020,6,26,178,21,4,40.1,2020-06-26 21:00:00+00:00,2020-06-26 22:00:00+00:00,45488.575,2607.295,5694.797500000001,0.0,40656.38,8302.0925,0.0966127018812031,-0.9953220513156602,-0.7071067811865477,0.7071067811865474,-0.433883739117558,-0.9009688679024191,0,weekday,5.065
2020-06-27,2020,6,27,179,21,5,32.91,2020-06-27 21:00:00+00:00,2020-06-27 22:00:00+00:00,41162.965,1907.935,7293.3525,0.0,36953.4,9201.2875,0.0794772999236209,-0.9968366760893436,-0.7071067811865477,0.7071067811865474,-0.9749279121818236,-0.2225209339563146,0,weekend,5.105
2020-06-28,2020,6,28,180,21,6,36.0,2020-06-28 21:00:00+00:00,2020-06-28 22:00:00+00:00,41509.6075,3153.0925,5008.125,0.0,38114.62,8161.217500000001,0.062318379354325,-0.998056320853012,-0.7071067811865477,0.7071067811865474,-0.7818314824680299,0.6234898018587334,0,weekend,5.2525
2020-06-29,2020,6,29,181,21,0,33.97,2020-06-29 21:00:00+00:00,2020-06-29 22:00:00+00:00,46167.575,4223.665,16021.68,0.0,49633.01,20245.345,0.0451410177739719,-0.998980624694158,-0.7071067811865477,0.7071067811865474,0.0,1.0,0,weekday,5.4
2020-06-30,2020,6,30,182,21,1,34.94,2020-06-30 21:00:00+00:00,2020-06-30 22:00:00+00:00,46917.7625,4744.045,14960.39,0.0,51252.6,19704.435,0.0279502982402103,-0.999609314096404,-0.7071067811865477,0.7071067811865474,0.7818314824680298,0.6234898018587336,0,weekday,6.105
2020-07-01,2020,7,1,183,21,2,40.25,2020-07-01 21:00:00+00:00,2020-07-01 22:00:00+00:00,46808.935,1755.1325,8961.955,0.0,42900.48,10717.0875,0.0107513077635219,-0.9999422030204416,-0.7071067811865477,0.7071067811865474,0.9749279121818236,-0.2225209339563143,0,weekday,5.95
2020-07-02,2020,7,2,184,21,3,46.0,2020-07-02 21:00:00+00:00,2020-07-02 22:00:00+00:00,47032.035,224.2275,4850.26,0.0,38867.78,5074.4875,-0.0064508641981051,-0.9999791929590824,-0.7071067811865477,0.7071067811865474,0.4338837391175582,-0.900968867902419,0,weekday,5.765
2020-07-03,2020,7,3,185,21,4,35.02,2020-07-03 21:00:00+00:00,2020-07-03 22:00:00+00:00,45480.3975,4770.9025,9347.65,0.0,45006.84,14118.5525,-0.0236511272452315,-0.9997202729664084,-0.7071067811865477,0.7071067811865474,-0.433883739117558,-0.9009688679024191,0,weekday,5.945
2020-07-04,2020,7,4,186,21,5,28.0,2020-07-04 21:00:00+00:00,2020-07-04 22:00:00+00:00,41173.95,4250.99,18368.53,0.0,46629.02,22619.52,-0.0408443915432961,-0.9991655196610107,-0.7071067811865477,0.7071067811865474,-0.9749279121818236,-0.2225209339563146,0,weekend,6.011666666666667
2020-07-05,2020,7,5,187,21,6,30.24,2020-07-05 21:00:00+00:00,2020-07-05 22:00:00+00:00,41610.5225,5577.17,21444.9,0.0,48063.59,27022.07,-0.0580255693287803,-0.9983150972033183,-0.7071067811865477,0.7071067811865474,-0.7818314824680299,0.6234898018587334,0,weekend,6.078333333333333
2020-07-06,2020,7,6,188,21,0,35.94,2020-07-06 21:00:00+00:00,2020-07-06 22:00:00+00:00,46581.6,5449.8775000000005,16956.607500000002,0.0,49244.74,22406.485,-0.0751895764147585,-0.9971692572470178,-0.7071067811865477,0.7071067811865474,0.0,1.0,0,weekday,6.145
2020-07-07,2020,7,7,189,21,1,40.15,2020-07-07 21:00:00+00:00,2020-07-07 22:00:00+00:00,46680.2475,2419.445,6211.31,0.0,40933.43,8630.755000000001,-0.0923313336953912,-0.9957283388645872,-0.7071067811865477,0.7071067811865474,0.7818314824680298,0.6234898018587336,0,weekday,6.13
2020-07-08,2020,7,8,190,21,2,45.49,2020-07-08 21:00:00+00:00,2020-07-08 22:00:00+00:00,48236.9625,493.62,2602.05,0.0,39089.47,3095.67,-0.1094457686489155,-0.993992768446958,-0.7071067811865477,0.7071067811865474,0.9749279121818236,-0.2225209339563143,0,weekday,6.09
2020-07-09,2020,7,9,191,21,3,45.0,2020-07-09 21:00:00+00:00,2020-07-09 22:00:00+00:00,47013.9025,573.7325000000001,3039.6025,0.0,38403.16,3613.335,-0.1265278168386831,-0.9919630595773395,-0.7071067811865477,0.7071067811865474,0.4338837391175582,-0.900968867902419,0,weekday,5.855
2020-07-10,2020,7,10,192,21,4,39.4,2020-07-10 21:00:00+00:00,2020-07-10 22:00:00+00:00,46152.6,3027.41,7695.55,0.0,39648.54,10722.96,-0.1435724234118113,-0.9896398128792412,-0.7071067811865477,0.7071067811865474,-0.433883739117558,-0.9009688679024191,0,weekday,5.57
2020-07-11,2020,7,11,193,21,5,37.73,2020-07-11 21:00:00+00:00,2020-07-11 22:00:00+00:00,40898.8975,1673.6525,3944.415,0.0,34946.52,5618.0675,-0.1605745445949937,-0.9870237158387384,-0.7071067811865477,0.7071067811865474,-0.9749279121818236,-0.2225209339563146,0,weekend,5.475
2020-07-12,2020,7,12,194,21,6,37.08,2020-07-12 21:00:00+00:00,2020-07-12 22:00:00+00:00,42053.29,1007.575,4530.605,0.0,36655.34,5538.179999999999,-0.1775291491870349,-0.984115542601034,-0.7071067811865477,0.7071067811865474,-0.7818314824680299,0.6234898018587334,0,weekend,5.4975
2020-07-13,2020,7,13,195,21,0,40.05,2020-07-13 21:00:00+00:00,2020-07-13 22:00:00+00:00,46587.655,907.755,2038.7075,0.0,36113.26,2946.4625,-0.1944312200476619,-0.9809161537413774,-0.7071067811865477,0.7071067811865474,0.0,1.0,0,weekday,5.52
2020-07-14,2020,7,14,196,21,1,41.43,2020-07-14 21:00:00+00:00,2020-07-14 22:00:00+00:00,47506.115,577.025,3876.58,0.0,38609.67,4453.605,-0.2112757555821793,-0.9774264960104057,-0.7071067811865477,0.7071067811865474,0.7818314824680298,0.6234898018587336,0,weekday,5.16
2020-07-15,2020,7,15,197,21,2,42.09,2020-07-15 21:00:00+00:00,2020-07-15 22:00:00+00:00,47626.927500000005,119.05,2970.8325,0.0,36918.15,3089.8825,-0.2280577712215198,-0.9736476020539838,-0.7071067811865477,0.7071067811865474,0.9749279121818236,-0.2225209339563143,0,weekday,5.35
2020-07-16,2020,7,16,198,21,3,43.1,2020-07-16 21:00:00+00:00,2020-07-16 22:00:00+00:00,47557.79,466.96,2915.0975,0.0,38998.33,3382.0575,-0.2447723008972595,-0.9695805901076308,-0.7071067811865477,0.7071067811865474,0.4338837391175582,-0.900968867902419,0,weekday,5.09
2020-07-17,2020,7,17,199,21,4,40.93,2020-07-17 21:00:00+00:00,2020-07-17 22:00:00+00:00,45808.9,173.0775,1562.6275,0.0,36814.62,1735.705,-0.2614143985111562,-0.965226663665613,-0.7071067811865477,0.7071067811865474,-0.433883739117558,-0.9009688679024191,0,weekday,5.16
2020-07-18,2020,7,18,200,21,5,39.45,2020-07-18 21:00:00+00:00,2020-07-18 22:00:00+00:00,41243.11,330.205,1688.88,0.0,34429.47,2019.085,-0.2779791393987801,-0.9605871111248128,-0.7071067811865477,0.7071067811865474,-0.9749279121818236,-0.2225209339563146,0,weekend,5.115
2020-07-19,2020,7,19,201,21,6,40.42,2020-07-19 21:00:00+00:00,2020-07-19 22:00:00+00:00,41255.35,1419.2625,2778.8475,0.0,37041.64,4198.11,-0.2944616217868012,-0.9556633054034704,-0.7071067811865477,0.7071067811865474,-0.7818314824680299,0.6234898018587334,0,weekend,5.032500000000001
2020-07-20,2020,7,20,202,21,0,40.8,2020-07-20 21:00:00+00:00,2020-07-20 22:00:00+00:00,46849.990000000005,982.4275,5011.7875,0.0,40688.48,5994.215,-0.3108569682435036,-0.9504567035349152,-0.7071067811865477,0.7071067811865474,0.0,1.0,0,weekday,4.95
2020-07-21,2020,7,21,203,21,1,39.73,2020-07-21 21:00:00+00:00,2020-07-21 22:00:00+00:00,47166.7275,1429.1975,5279.3675,0.0,42120.17,6708.5650000000005,-0.3271603271220951,-0.9449688462364056,-0.7071067811865477,0.7071067811865474,0.7818314824680298,0.6234898018587336,0,weekday,4.9
2020-07-22,2020,7,22,204,21,2,41.44,2020-07-22 21:00:00+00:00,2020-07-22 22:00:00+00:00,46529.5275,414.3175,3554.8,0.0,40213.11,3969.1175,-0.343366873996388,-0.939201357453208,-0.7071067811865477,0.7071067811865474,0.9749279121818236,-0.2225209339563143,0,weekday,4.82
2020-07-23,2020,7,23,205,21,3,41.69,2020-07-23 21:00:00+00:00,2020-07-23 22:00:00+00:00,46718.835,2445.7325,3266.14,0.0,41272.48,5711.8725,-0.3594718130884232,-0.9331559438780432,-0.7071067811865477,0.7071067811865474,0.4338837391175582,-0.900968867902419,0,weekday,4.925
2020-07-24,2020,7,24,206,21,4,37.17,2020-07-24 21:00:00+00:00,2020-07-24 22:00:00+00:00,45189.8125,714.5799999999999,4085.0075,0.0,36114.48,4799.5875,-0.3754703786876202,-0.9268343944460494,-0.7071067811865477,0.7071067811865474,-0.433883739117558,-0.9009688679024191,0,weekday,5.025
2020-07-25,2020,7,25,207,21,5,32.15,2020-07-25 21:00:00+00:00,2020-07-25 22:00:00+00:00,40781.5325,3477.3875,5099.49,0.0,38144.16,8576.877499999999,-0.3913578365610259,-0.9202385798054076,-0.7071067811865477,0.7071067811865474,-0.9749279121818236,-0.2225209339563146,0,weekend,5.01
2020-07-26,2020,7,26,208,21,6,36.97,2020-07-26 21:00:00+00:00,2020-07-26 22:00:00+00:00,41839.7925,2457.0775000000003,4498.0525,0.0,38027.37,6955.13,-0.4071294853542516,-0.9133704517637858,-0.7071067811865477,0.7071067811865474,-0.7818314824680299,0.6234898018587334,0,weekend,4.98
2020-07-27,2020,7,27,209,21,0,29.0,2020-07-27 21:00:00+00:00,2020-07-27 22:00:00+00:00,46477.915,5009.9975,14508.4275,0.0,48743.57,19518.425,-0.4227806579826773,-0.9062320427107696,-0.7071067811865477,0.7071067811865474,0.0,1.0,0,weekday,4.95
2020-07-28,2020,7,28,210,21,1,34.21,2020-07-28 21:00:00+00:00,2020-07-28 22:00:00+00:00,47402.6875,5382.445,9070.41,0.0,45677.5,14452.855,-0.4383067230125192,-0.898825465016444,-0.7071067811865477,0.7071067811865474,0.7818314824680298,0.6234898018587336,0,weekday,4.775
2020-07-29,2020,7,29,211,21,2,37.0,2020-07-29 21:00:00+00:00,2020-07-29 22:00:00+00:00,47134.515,4134.1050000000005,7804.82,0.0,45761.52,11938.925,-0.4537030860313442,-0.8911529104063088,-0.7071067811865477,0.7071067811865474,0.9749279121818236,-0.2225209339563143,0,weekday,5.15
2020-07-30,2020,7,30,212,21,3,44.54,2020-07-30 21:00:00+00:00,2020-07-30 22:00:00+00:00,46625.9825,928.915,3190.23,0.0,38573.83,4119.145,-0.4689651910076318,-0.8832166493127127,-0.7071067811865477,0.7071067811865474,0.4338837391175582,-0.900968867902419,0,weekday,5.19
2020-07-31,2020,7,31,213,21,4,44.97,2020-07-31 21:00:00+00:00,2020-07-31 22:00:00+00:00,44796.7575,3002.4175,7625.1325,0.0,42399.44,10627.55,-0.4840885216389758,-0.8750190302029955,-0.7071067811865477,0.7071067811865474,-0.433883739117558,-0.9009688679024191,0,weekday,6.0
2020-08-01,2020,8,1,214,21,5,37.12,2020-08-01 21:00:00+00:00,2020-08-01 22:00:00+00:00,40874.9975,1211.15,6088.3975,0.0,36175.09,7299.547500000001,-0.4990686026885319,-0.8665624788845385,-0.7071067811865477,0.7071067811865474,-0.9749279121818236,-0.2225209339563146,0,weekend,6.025
2020-08-02,2020,8,2,215,21,6,38.43,2020-08-02 21:00:00+00:00,2020-08-02 22:00:00+00:00,41886.29,1178.73,5554.0325,0.0,37811.15,6732.762500000001,-0.5139010013093103,-0.8578494977869301,-0.7071067811865477,0.7071067811865474,-0.7818314824680299,0.6234898018587334,0,weekend,6.1775
2020-08-03,2020,8,3,216,21,0,40.9,2020-08-03 21:00:00+00:00,2020-08-03 22:00:00+00:00,46389.8175,333.33,3075.795,0.0,37661.79,3409.125,-0.5285813283559292,-0.8488826652214553,-0.7071067811865477,0.7071067811865474,0.0,1.0,0,weekday,6.33
2020-08-04,2020,8,4,217,21,1,39.83,2020-08-04 21:00:00+00:00,2020-08-04 22:00:00+00:00,46907.5125,2377.525,1343.2225,0.0,40220.82,3720.7475,-0.5431052396834317,-0.8396646346181327,-0.7071067811865477,0.7071067811865474,0.7818314824680298,0.6234898018587336,0,weekday,7.185
2020-08-05,2020,8,5,218,21,2,41.69,2020-08-05 21:00:00+00:00,2020-08-05 22:00:00+00:00,45882.0425,1526.0775,4902.68,0.0,42463.49,6428.757500000001,-0.5574684374327892,-0.8301981337405212,-0.7071067811865477,0.7071067811865474,0.9749279121818236,-0.2225209339563143,0,weekday,7.37
2020-08-06,2020,8,6,219,21,3,41.39,2020-08-06 21:00:00+00:00,2020-08-06 22:00:00+00:00,45143.1175,699.3575000000001,5885.5575,0.0,42424.11,6584.915,-0.5716666713027052,-0.8204859638785327,-0.7071067811865477,0.7071067811865474,0.4338837391175582,-0.900968867902419,0,weekday,7.75
2020-08-07,2020,8,7,220,21,4,42.04,2020-08-07 21:00:00+00:00,2020-08-07 22:00:00+00:00,44441.75,1475.3775,5587.0025000000005,0.0,41230.68,7062.380000000001,-0.5856957398073508,-0.8105309990194823,-0.7071067811865477,0.7071067811865474,-0.433883739117558,-0.9009688679024191,0,weekday,7.55
2020-08-08,2020,8,8,221,21,5,38.62,2020-08-08 21:00:00+00:00,2020-08-08 22:00:00+00:00,40531.6175,1345.6925,5532.8150000000005,0.0,40066.65,6878.507500000001,-0.5995514915196489,-0.8003361849976323,-0.7071067811865477,0.7071067811865474,-0.9749279121818236,-0.2225209339563146,0,weekend,7.93
2020-08-09,2020,8,9,222,21,6,35.09,2020-08-09 21:00:00+00:00,2020-08-09 22:00:00+00:00,41602.855,3243.0925,7158.645,0.0,41451.4,10401.7375,-0.6132298262997502,-0.7899045386224707,-0.7071067811865477,0.7071067811865474,-0.7818314824680299,0.6234898018587334,0,weekend,8.105
2020-08-10,2020,8,10,223,21,0,40.84,2020-08-10 21:00:00+00:00,2020-08-10 22:00:00+00:00,46082.2425,3908.5575,8046.66,0.0,46049.9,11955.2175,-0.6267266965083301,-0.7792391467859886,-0.7071067811865477,0.7071067811865474,0.0,1.0,0,weekday,8.28
2020-08-11,2020,8,11,224,21,1,35.09,2020-08-11 21:00:00+00:00,2020-08-11 22:00:00+00:00,46850.47,5331.27,11823.7625,0.0,49653.1,17155.0325,-0.6400381082043503,-0.7683431655492202,-0.7071067811865477,0.7071067811865474,0.7818314824680298,0.6234898018587336,0,weekday,7.495
2020-08-12,2020,8,12,225,21,2,37.83,2020-08-12 21:00:00+00:00,2020-08-12 22:00:00+00:00,48191.8225,5150.8725,11043.29,0.0,49528.94,16194.162500000002,-0.65316012232693,-0.7572198192083127,-0.7071067811865477,0.7071067811865474,0.9749279121818236,-0.2225209339563143,0,weekday,7.175
2020-08-13,2020,8,13,226,21,3,42.06,2020-08-13 21:00:00+00:00,2020-08-13 22:00:00+00:00,48510.192500000005,3594.0975,6338.665,0.0,45798.43,9932.7625,-0.666088855860977,-0.7458723993404063,-0.7071067811865477,0.7071067811865474,0.4338837391175582,-0.900968867902419,0,weekday,7.4
2020-08-14,2020,8,14,227,21,4,40.0,2020-08-14 21:00:00+00:00,2020-08-14 22:00:00+00:00,46636.055,1998.9275,2258.975,0.0,39585.29,4257.9025,-0.6788204829862355,-0.734304263829602,-0.7071067811865477,0.7071067811865474,-0.433883739117558,-0.9009688679024191,0,weekday,7.45
2020-08-15,2020,8,15,228,21,5,39.54,2020-08-15 21:00:00+00:00,2020-08-15 22:00:00+00:00,41437.380000000005,1507.56,2734.85,0.0,36747.51,4242.41,-0.6913512362094071,-0.722518835873311,-0.7071067811865477,0.7071067811865474,-0.9749279121818236,-0.2225209339563146,0,weekend,8.02
2020-08-16,2020,8,16,229,21,6,39.98,2020-08-16 21:00:00+00:00,2020-08-16 22:00:00+00:00,40739.9,2331.8525,7914.6275,0.0,40725.37,10246.48,-0.7036774074790128,-0.7105196029692745,-0.7071067811865477,0.7071067811865474,-0.7818314824680299,0.6234898018587334,0,weekend,8.14
2020-08-17,2020,8,17,230,21,0,45.0,2020-08-17 21:00:00+00:00,2020-08-17 22:00:00+00:00,45070.135,582.5825,3999.305,0.0,40409.74,4581.8875,-0.7157953492826642,-0.6983101158835584,-0.7071067811865477,0.7071067811865474,0.0,1.0,0,weekday,8.26
2020-08-18,2020,8,18,231,21,1,49.06,2020-08-18 21:00:00+00:00,2020-08-18 22:00:00+00:00,46767.0575,452.1675,2190.4375,0.0,39990.43,2642.605,-0.7277014757264236,-0.6858939875998223,-0.7071067811865477,0.7071067811865474,0.7818314824680298,0.6234898018587336,0,weekday,8.225
2020-08-19,2020,8,19,232,21,2,39.79,2020-08-19 21:00:00+00:00,2020-08-19 22:00:00+00:00,46921.78,2827.1725,5447.75,0.0,44880.2,8274.9225,-0.7393922635959241,-0.673274892250183,-0.7071067811865477,0.7071067811865474,0.9749279121818236,-0.2225209339563143,0,weekday,8.815
2020-08-20,2020,8,20,233,21,3,42.23,2020-08-20 21:00:00+00:00,2020-08-20 22:00:00+00:00,47024.0775,2495.715,10772.4525,0.0,47046.61,13268.1675,-0.7508642533989489,-0.6604565640279754,-0.7071067811865477,0.7071067811865474,0.4338837391175582,-0.900968867902419,0,weekday,8.325
2020-08-21,2020,8,21,234,21,4,40.08,2020-08-21 21:00:00+00:00,2020-08-21 22:00:00+00:00,46080.0475,4748.8375,5802.1525,0.0,42171.54,10550.99,-0.7621140503891487,-0.6474427960827475,-0.7071067811865477,0.7071067811865474,-0.433883739117558,-0.9009688679024191,0,weekday,7.975
2020-08-22,2020,8,22,235,21,5,33.36,2020-08-22 21:00:00+00:00,2020-08-22 22:00:00+00:00,41897.345,4888.35,12207.18,0.0,42798.32,17095.53,-0.7731383255706026,-0.6342374393978054,-0.7071067811865477,0.7071067811865474,-0.9749279121818236,-0.2225209339563146,0,weekend,7.62
2020-08-23,2020,8,23,236,21,6,38.07,2020-08-23 21:00:00+00:00,2020-08-23 22:00:00+00:00,41838.72,2655.7275,9600.66,0.0,41105.0,12256.3875,-0.7839338166829201,-0.620844401650647,-0.7071067811865477,0.7071067811865474,-0.7818314824680299,0.6234898018587334,0,weekend,7.8725000000000005
2020-08-24,2020,8,24,237,21,0,54.9,2020-08-24 21:00:00+00:00,2020-08-24 22:00:00+00:00,47223.8,245.725,4321.475,0.0,40873.79,4567.200000000001,-0.7944973291665992,-0.6072676460566135,-0.7071067811865477,0.7071067811865474,0.0,1.0,0,weekday,8.125
2020-08-25,2020,8,25,238,21,1,30.05,2020-08-25 21:00:00+00:00,2020-08-25 22:00:00+00:00,46447.240000000005,5616.782499999999,22892.7975,0.0,54276.81,28509.58,-0.8048257371083452,-0.593511190196115,-0.7071067811865477,0.7071067811865474,0.7818314824680298,0.6234898018587336,0,weekday,8.36
2020-08-26,2020,8,26,239,21,2,27.49,2020-08-26 21:00:00+00:00,2020-08-26 22:00:00+00:00,47560.58,5257.81,29141.7275,0.0,54311.12,34399.5375,-0.8149159841660791,-0.5795791048257612,-0.7071067811865477,0.7071067811865474,0.9749279121818236,-0.2225209339563143,0,weekday,9.34
2020-08-27,2020,8,27,240,21,3,57.9,2020-08-27 21:00:00+00:00,2020-08-27 22:00:00+00:00,47531.317500000005,383.82,2405.615,0.0,41539.3,2789.435,-0.8247650844733614,-0.5654755126737576,-0.7071067811865477,0.7071067811865474,0.4338837391175582,-0.900968867902419,0,weekday,9.25
2020-08-28,2020,8,28,241,21,4,42.36,2020-08-28 21:00:00+00:00,2020-08-28 22:00:00+00:00,46944.9,1298.9125,8070.519999999999,0.0,40905.43,9369.4325,-0.8343701235229538,-0.5512045872199277,-0.7071067811865477,0.7071067811865474,-0.433883739117558,-0.9009688679024191,0,weekday,11.125
2020-08-29,2020,8,29,242,21,5,43.0,2020-08-29 21:00:00+00:00,2020-08-29 22:00:00+00:00,40370.93,681.9275,3825.82,0.0,35977.52,4507.7475,-0.8437282590292712,-0.5367705514607103,-0.7071067811865477,0.7071067811865474,-0.9749279121818236,-0.2225209339563146,0,weekend,11.17
2020-08-30,2020,8,30,243,21,6,41.97,2020-08-30 21:00:00+00:00,2020-08-30 22:00:00+00:00,41818.53,2399.2575,6384.165,0.0,39549.89,8783.4225,-0.8528367217694595,-0.522177676659508,-0.7071067811865477,0.7071067811865474,-0.7818314824680299,0.6234898018587334,0,weekend,11.205
2020-08-31,2020,8,31,244,21,0,52.02,2020-08-31 21:00:00+00:00,2020-08-31 22:00:00+00:00,46440.35,227.5025,2854.9525,0.0,41719.79,3082.455,-0.8616928164028522,-0.5074302810827518,-0.7071067811865477,0.7071067811865474,0.0,1.0,0,weekday,11.24
2020-09-01,2020,9,1,245,21,1,46.95,2020-09-01 21:00:00+00:00,2020-09-01 22:00:00+00:00,46899.2475,894.24,3437.9225,0.0,42890.64,4332.1625,-0.8702939222685674,-0.4925327287220543,-0.7071067811865477,0.7071067811865474,0.7818314824680298,0.6234898018587336,0,weekday,11.2
2020-09-02,2020,9,2,246,21,2,49.34,2020-09-02 21:00:00+00:00,2020-09-02 22:00:00+00:00,46844.67,673.19,2417.3275,0.0,40997.21,3090.5175,-0.8786374941610001,-0.4774894280028391,-0.7071067811865477,0.7071067811865474,0.9749279121818236,-0.2225209339563143,0,weekday,11.4
2020-09-03,2020,9,3,247,21,3,30.84,2020-09-03 21:00:00+00:00,2020-09-03 22:00:00+00:00,46486.975,3269.55,17457.8875,0.0,49676.72,20727.4375,-0.886721063082993,-0.4623048304798108,-0.7071067811865477,0.7071067811865474,0.4338837391175582,-0.900968867902419,0,weekday,11.515
2020-09-04,2020,9,4,248,21,4,42.79,2020-09-04 21:00:00+00:00,2020-09-04 22:00:00+00:00,45100.175,2879.1475,5797.0575,0.0,40888.6,8676.205,-0.8945422369764496,-0.4469834295196741,-0.7071067811865477,0.7071067811865474,-0.433883739117558,-0.9009688679024191,0,weekday,12.105
2020-09-05,2020,9,5,249,21,5,38.94,2020-09-05 21:00:00+00:00,2020-09-05 22:00:00+00:00,41404.455,3197.14,7044.07,0.0,36244.12,10241.21,-0.9020987014301836,-0.4315297589714714,-0.7071067811865477,0.7071067811865474,-0.9749279121818236,-0.2225209339563146,0,weekend,11.68
2020-09-06,2020,9,6,250,21,6,43.88,2020-09-06 21:00:00+00:00,2020-09-06 22:00:00+00:00,40879.0775,1454.0425,4336.1875,0.0,35631.9,5790.23,-0.9093882203647924,-0.4159483918249421,-0.7071067811865477,0.7071067811865474,-0.7818314824680299,0.6234898018587334,0,weekend,11.586666666666666
2020-09-07,2020,9,7,251,21,0,37.78,2020-09-07 21:00:00+00:00,2020-09-07 22:00:00+00:00,46394.415,5288.365,7562.165,0.0,45490.94,12850.53,-0.9164086366943458,-0.4002439388573056,-0.7071067811865477,0.7071067811865474,0.0,1.0,0,weekday,11.493333333333334
2020-09-08,2020,9,8,252,21,1,43.73,2020-09-08 21:00:00+00:00,2020-09-08 22:00:00+00:00,46729.5025,3501.5675,6250.645,0.0,43216.18,9752.2125,-0.923157872964704,-0.3844210472688554,-0.7071067811865477,0.7071067811865474,0.7818314824680298,0.6234898018587336,0,weekday,11.4
2020-09-09,2020,9,9,253,21,2,31.99,2020-09-09 21:00:00+00:00,2020-09-09 22:00:00+00:00,46495.4975,5308.88,12678.74,0.0,46804.46,17987.62,-0.9296339319682696,-0.3684843993077793,-0.7071067811865477,0.7071067811865474,0.9749279121818236,-0.2225209339563143,0,weekday,10.6
2020-09-10,2020,9,10,254,21,3,49.89,2020-09-10 21:00:00+00:00,2020-09-10 22:00:00+00:00,46529.125,830.4325,1441.625,0.0,41898.05,2272.0575,-0.935834897334994,-0.3524387108846032,-0.7071067811865477,0.7071067811865474,0.4338837391175582,-0.900968867902419,0,weekday,10.85
2020-09-11,2020,9,11,255,21,4,49.83,2020-09-11 21:00:00+00:00,2020-09-11 22:00:00+00:00,45722.86,3333.3125,2488.5875,0.0,41497.04,5821.9,-0.9417589340994617,-0.3362887301766828,-0.7071067811865477,0.7071067811865474,-0.433883739117558,-0.9009688679024191,0,weekday,10.4
2020-09-12,2020,9,12,256,21,5,43.0,2020-09-12 21:00:00+00:00,2020-09-12 22:00:00+00:00,40233.6475,3081.4425,5892.595,0.0,36903.71,8974.0375,-0.9474042892438844,-0.3200392362231385,-0.7071067811865477,0.7071067811865474,-0.9749279121818236,-0.2225209339563146,0,weekend,10.495
2020-09-13,2020,9,13,257,21,6,43.5,2020-09-13 21:00:00+00:00,2020-09-13 22:00:00+00:00,41335.0325,2939.36,4946.625,0.0,37040.47,7885.985000000001,-0.9527692922168512,-0.3036950375106588,-0.7071067811865477,0.7071067811865474,-0.7818314824680299,0.6234898018587334,0,weekend,10.61
2020-09-14,2020,9,14,258,21,0,54.01,2020-09-14 21:00:00+00:00,2020-09-14 22:00:00+00:00,45689.5575,273.27750000000003,6310.9775,0.0,42856.21,6584.255,-0.9578523554276668,-0.2872609705505963,-0.7071067811865477,0.7071067811865474,0.0,1.0,0,weekday,10.725
2020-09-15,2020,9,15,259,21,1,63.44,2020-09-15 21:00:00+00:00,2020-09-15 22:00:00+00:00,46551.3325,180.815,2257.81,0.0,41459.81,2438.625,-0.9626519747161488,-0.2707418984477642,-0.7071067811865477,0.7071067811865474,0.7818314824680298,0.6234898018587336,0,weekday,10.85
2020-09-16,2020,9,16,260,21,2,43.37,2020-09-16 21:00:00+00:00,2020-09-16 22:00:00+00:00,46678.9975,3769.0,11299.2275,0.0,46400.13,15068.2275,-0.9671667297977312,-0.2541427094613622,-0.7071067811865477,0.7071067811865474,0.9749279121818236,-0.2225209339563143,0,weekday,11.2
2020-09-17,2020,9,17,261,21,3,42.68,2020-09-17 21:00:00+00:00,2020-09-17 22:00:00+00:00,47155.025,1166.105,11921.4925,0.0,47714.56,13087.5975,-0.97139528468375,-0.2374683155584684,-0.7071067811865477,0.7071067811865474,0.4338837391175582,-0.900968867902419,0,weekday,11.515
2020-09-18,2020,9,18,262,21,4,39.41,2020-09-18 21:00:00+00:00,2020-09-18 22:00:00+00:00,47001.605,1452.74,11190.36,0.0,43430.78,12643.1,-0.9753363880767836,-0.2207236509605022,-0.7071067811865477,0.7071067811865474,-0.433883739117558,-0.9009688679024191,0,weekday,11.105
2020-09-19,2020,9,19,263,21,5,39.74,2020-09-19 21:00:00+00:00,2020-09-19 22:00:00+00:00,41375.5675,1291.625,10998.4325,0.0,40609.02,12290.0575,-0.978988873740932,-0.2039136706831147,-0.7071067811865477,0.7071067811865474,-0.9749279121818236,-0.2225209339563146,0,weekend,11.475
2020-09-20,2020,9,20,264,21,6,44.65,2020-09-20 21:00:00+00:00,2020-09-20 22:00:00+00:00,41785.875,690.3675000000001,7690.44,0.0,39352.47,8380.807499999999,-0.9823516608469236,-0.1870433490699165,-0.7071067811865477,0.7071067811865474,-0.7818314824680299,0.6234898018587334,0,weekend,11.4875
2020-09-21,2020,9,21,265,21,0,54.67,2020-09-21 21:00:00+00:00,2020-09-21 22:00:00+00:00,46632.4975,88.295,2242.63,0.0,39660.5,2330.925,-0.9854237542919524,-0.1701176783204905,-0.7071067811865477,0.7071067811865474,0.0,1.0,0,weekday,11.5
2020-09-22,2020,9,22,266,21,1,50.19,2020-09-22 21:00:00+00:00,2020-09-22 22:00:00+00:00,47090.22,745.115,2419.575,0.0,39984.29,3164.69,-0.9882042449941422,-0.15314166701312,-0.7071067811865477,0.7071067811865474,0.7818314824680298,0.6234898018587336,0,weekday,11.33
2020-09-23,2020,9,23,267,21,2,39.02,2020-09-23 21:00:00+00:00,2020-09-23 22:00:00+00:00,47925.2275,4090.24,12322.75,0.0,48061.68,16412.989999999998,-0.9906923101615608,-0.136120338622667,-0.7071067811865477,0.7071067811865474,0.9749279121818236,-0.2225209339563143,0,weekday,11.77
2020-09-24,2020,9,24,268,21,3,42.01,2020-09-24 21:00:00+00:00,2020-09-24 22:00:00+00:00,48552.3575,2614.9525,11491.765,0.0,45128.59,14106.7175,-0.9928872135356962,-0.1190587300340498,-0.7071067811865477,0.7071067811865474,0.4338837391175582,-0.900968867902419,0,weekday,11.95
2020-09-25,2020,9,25,269,21,4,39.82,2020-09-25 21:00:00+00:00,2020-09-25 22:00:00+00:00,47410.630000000005,1171.995,7484.415,0.0,38441.4,8656.41,-0.994788305609327,-0.1019618900517457,-0.7071067811865477,0.7071067811865474,-0.433883739117558,-0.9009688679024191,0,weekday,11.5
2020-09-26,2020,9,26,270,21,5,31.76,2020-09-26 21:00:00+00:00,2020-09-26 22:00:00+00:00,43079.065,5919.7875,15601.1475,0.0,41008.52,21520.935,-0.9963950238187232,-0.0848348779057653,-0.7071067811865477,0.7071067811865474,-0.9749279121818236,-0.2225209339563146,0,weekend,11.665
2020-09-27,2020,9,27,271,21,6,41.76,2020-09-27 21:00:00+00:00,2020-09-27 22:00:00+00:00,43350.98,2236.2375,5519.14,0.0,36914.34,7755.3775,-0.9977068927101168,-0.0676827617545516,-0.7071067811865477,0.7071067811865474,-0.7818314824680299,0.6234898018587334,0,weekend,11.8625
2020-09-28,2020,9,28,272,21,0,46.16,2020-09-28 21:00:00+00:00,2020-09-28 22:00:00+00:00,48362.3975,756.595,4511.5,0.0,41410.32,5268.095,-0.9987235240803972,-0.0505106171852228,-0.7071067811865477,0.7071067811865474,0.0,1.0,0,weekday,12.06
2020-09-29,2020,9,29,273,21,1,51.57,2020-09-29 21:00:00+00:00,2020-09-29 22:00:00+00:00,48785.745,421.0675,2359.3475000000003,0.0,42522.99,2780.4150000000004,-0.9994446170919858,-0.0333235257116313,-0.7071067811865477,0.7071067811865474,0.7818314824680298,0.6234898018587336,0,weekday,12.4
2020-09-30,2020,9,30,274,21,2,42.79,2020-09-30 21:00:00+00:00,2020-09-30 22:00:00+00:00,49745.3325,4154.7425,8183.4825,0.0,46414.06,12338.225,-0.9998699583618592,-0.0161265732706577,-0.7071067811865477,0.7071067811865474,0.9749279121818236,-0.2225209339563143,0,weekday,13.31
2020-10-01,2020,10,1,275,21,3,38.39,2020-10-01 21:00:00+00:00,2020-10-01 22:00:00+00:00,50187.865000000005,3153.9175,8561.8025,0.0,44924.37,11715.72,-0.9999994220246924,0.0010751512827982,-0.7071067811865477,0.7071067811865474,0.4338837391175582,-0.900968867902419,0,weekday,13.35
2020-10-02,2020,10,2,276,21,4,14.56,2020-10-02 21:00:00+00:00,2020-10-02 22:00:00+00:00,48504.11,5972.635,26511.9875,0.0,51894.28,32484.6225,-0.999832969770105,0.0182765576816912,-0.7071067811865477,0.7071067811865474,-0.433883739117558,-0.9009688679024191,0,weekday,12.875
2020-10-03,2020,10,3,277,21,5,33.27,2020-10-03 21:00:00+00:00,2020-10-03 22:00:00+00:00,42863.015,3476.7625,12981.4875,0.0,37516.44,16458.25,-0.9993706508539968,0.0354725557531255,-0.7071067811865477,0.7071067811865474,-0.9749279121818236,-0.2225209339563146,1,holiday,13.025
2020-10-04,2020,10,4,278,21,6,31.25,2020-10-04 21:00:00+00:00,2020-10-04 22:00:00+00:00,43703.425,5372.465,17194.46,0.0,43565.6,22566.925,-0.9986126020839734,0.052658056924614,-0.7071067811865477,0.7071067811865474,-0.7818314824680299,0.6234898018587334,0,weekend,13.205
2020-10-05,2020,10,5,279,21,0,30.02,2020-10-05 21:00:00+00:00,2020-10-05 22:00:00+00:00,48524.2325,4672.9575,19497.44,0.0,48802.69,24170.3975,-0.9975590477788612,0.0698279757298708,-0.7071067811865477,0.7071067811865474,0.0,1.0,0,weekday,13.385
2020-10-06,2020,10,6,280,21,1,36.03,2020-10-06 21:00:00+00:00,2020-10-06 22:00:00+00:00,50355.365,2048.425,21884.54,0.0,48292.65,23932.965,-0.9962102997023295,0.0869772313136861,-0.7071067811865477,0.7071067811865474,0.7818314824680298,0.6234898018587336,0,weekday,13.225
2020-10-07,2020,10,7,281,21,2,31.91,2020-10-07 21:00:00+00:00,2020-10-07 22:00:00+00:00,51559.99,4752.35,18005.5775,0.0,48424.93,22757.9275,-0.9945667569706336,0.1041007489354256,-0.7071067811865477,0.7071067811865474,0.9749279121818236,-0.2225209339563143,0,weekday,13.425
2020-10-08,2020,10,8,282,21,3,19.51,2020-10-08 21:00:00+00:00,2020-10-08 22:00:00+00:00,50148.44,5342.695,26694.06,0.0,56142.55,32036.755,-0.9926289059345096,0.121193461470736,-0.7071067811865477,0.7071067811865474,0.4338837391175582,-0.900968867902419,0,weekday,13.75
2020-10-09,2020,10,9,283,21,4,37.18,2020-10-09 21:00:00+00:00,2020-10-09 22:00:00+00:00,49719.245,2596.0525,10745.8525,0.0,44962.13,13341.905,-0.9903973200352558,0.1382503109109819,-0.7071067811865477,0.7071067811865474,-0.433883739117558,-0.9009688679024191,0,weekday,13.73
2020-10-10,2020,10,10,284,21,5,27.07,2020-10-10 21:00:00+00:00,2020-10-10 22:00:00+00:00,46050.165,4998.885,13695.795,0.0,42627.8,18694.68,-0.9878726596350428,0.1552662498599956,-0.7071067811865477,0.7071067811865474,-0.9749279121818236,-0.2225209339563146,0,weekend,13.755
2020-10-11,2020,10,11,285,21,6,38.0,2020-10-11 21:00:00+00:00,2020-10-11 22:00:00+00:00,45136.31,2287.62,6110.3225,0.0,37647.67,8397.942500000001,-0.9850556718215012,0.172236243027682,-0.7071067811865477,0.7071067811865474,-0.7818314824680299,0.6234898018587334,0,weekend,13.682500000000001
2020-10-12,2020,10,12,286,21,0,45.05,2020-10-12 21:00:00+00:00,2020-10-12 22:00:00+00:00,51081.94,406.425,1443.395,0.0,44389.84,1849.82,-0.981947190186646,0.1891552687200409,-0.7071067811865477,0.7071067811865474,0.0,1.0,0,weekday,13.61
2020-10-13,2020,10,13,287,21,1,36.17,2020-10-13 21:00:00+00:00,2020-10-13 22:00:00+00:00,52506.6975,2967.2075,11561.6,0.0,46922.14,14528.8075,-0.9785481345802032,0.2060183203251708,-0.7071067811865477,0.7071067811865474,0.7818314824680298,0.6234898018587336,0,weekday,13.69
2020-10-14,2020,10,14,288,21,2,31.96,2020-10-14 21:00:00+00:00,2020-10-14 22:00:00+00:00,52039.065,5602.155,19004.595,0.0,52196.13,24606.75,-0.9748595108374124,0.2228204077947995,-0.7071067811865477,0.7071067811865474,0.9749279121818236,-0.2225209339563143,0,weekday,13.74
2020-10-15,2020,10,15,289,21,3,38.18,2020-10-15 21:00:00+00:00,2020-10-15 22:00:00+00:00,53052.58,1703.785,11157.86,0.0,47990.38,12861.645,-0.9708824104813836,0.239556559120927,-0.7071067811865477,0.7071067811865474,0.4338837391175582,-0.900968867902419,0,weekday,14.175
2020-10-16,2020,10,16,290,21,4,42.58,2020-10-16 21:00:00+00:00,2020-10-16 22:00:00+00:00,51351.3275,889.3375,3453.1775,0.0,42235.23,4342.514999999999,-0.9666180104000972,0.2562218218071163,-0.7071067811865477,0.7071067811865474,-0.433883739117558,-0.9009688679024191,0,weekday,14.525
2020-10-17,2020,10,17,291,21,5,40.62,2020-10-17 21:00:00+00:00,2020-10-17 22:00:00+00:00,45397.2575,2531.415,6031.545,0.0,42017.18,8562.96,-0.9620675724981452,0.2728112643340191,-0.7071067811865477,0.7071067811865474,-0.9749279121818236,-0.2225209339563146,0,weekend,14.5
2020-10-18,2020,10,18,292,21,6,35.95,2020-10-18 21:00:00+00:00,2020-10-18 22:00:00+00:00,46989.17,1726.095,7611.5825,0.0,39191.45,9337.6775,-0.957232443323312,0.2893199776186952,-0.7071067811865477,0.7071067811865474,-0.7818314824680299,0.6234898018587334,0,weekend,14.575
2020-10-19,2020,10,19,293,21,0,35.03,2020-10-19 21:00:00+00:00,2020-10-19 22:00:00+00:00,50346.5075,3952.0375,13093.3725,0.0,48453.06,17045.41,-0.9521140536681102,0.3057430764672831,-0.7071067811865477,0.7071067811865474,0.0,1.0,0,weekday,14.65
2020-10-20,2020,10,20,294,21,1,29.66,2020-10-20 21:00:00+00:00,2020-10-20 22:00:00+00:00,49999.95,4707.8825,17191.7525,0.0,49988.05,21899.635,-0.9467139181463862,0.3220757010206104,-0.7071067811865477,0.7071067811865474,0.7818314824680298,0.6234898018587336,0,weekday,14.56
2020-10-21,2020,10,21,295,21,2,23.94,2020-10-21 21:00:00+00:00,2020-10-21 22:00:00+00:00,49561.145,5443.2475,31175.4075,0.0,58762.24,36618.655,-0.9410336347451196,0.3383130181923076,-0.7071067811865477,0.7071067811865474,0.9749279121818236,-0.2225209339563143,0,weekday,14.81
2020-10-22,2020,10,22,296,21,3,33.08,2020-10-22 21:00:00+00:00,2020-10-22 22:00:00+00:00,51984.0775,5333.995,19088.2225,0.0,50475.87,24422.2175,-0.9350748843515574,0.3544502230989869,-0.7071067811865477,0.7071067811865474,0.4338837391175582,-0.900968867902419,0,weekday,14.825
2020-10-23,2020,10,23,297,21,4,38.45,2020-10-23 21:00:00+00:00,2020-10-23 22:00:00+00:00,51203.285,3520.56,11687.43,0.0,46333.19,15207.99,-0.9288394302558068,0.3704825404820963,-0.7071067811865477,0.7071067811865474,-0.433883739117558,-0.9009688679024191,0,weekday,15.245
2020-10-24,2020,10,24,298,21,5,23.01,2020-10-24 21:00:00+00:00,2020-10-24 22:00:00+00:00,45915.26,5375.6375,22513.5425,0.0,48726.22,27889.18,-0.9223291176290545,0.3864052261209853,-0.7071067811865477,0.7071067811865474,-0.9749279121818236,-0.2225209339563146,0,weekend,15.41
2020-10-25,2020,10,25,299,21,6,28.34,2020-10-25 21:00:00+00:00,2020-10-25 22:00:00+00:00,48871.94,4157.0725,13751.235,0.0,46176.11,17908.307500000003,-0.9155458729775467,0.4022135682368036,-0.7071067811865477,0.7071067811865474,-0.7818314824680299,0.6234898018587334,0,weekend,15.280000000000001
2020-10-26,2020,10,26,300,21,0,29.48,2020-10-26 21:00:00+00:00,2020-10-26 22:00:00+00:00,55831.78,4866.1125,15031.725,0.0,55713.71,19897.8375,-0.9084917035725082,0.4179028888867866,-0.7071067811865477,0.7071067811865474,0.0,1.0,0,weekday,15.15
2020-10-27,2020,10,27,301,21,1,24.41,2020-10-27 21:00:00+00:00,2020-10-27 22:00:00+00:00,56727.255000000005,5785.8,26949.2875,0.0,60459.53,32735.0875,-0.9011686968561567,0.4334685453485363,-0.7071067811865477,0.7071067811865474,0.7818314824680298,0.6234898018587336,0,weekday,14.7
2020-10-28,2020,10,28,302,21,2,26.14,2020-10-28 21:00:00+00:00,2020-10-28 22:00:00+00:00,56889.95,4869.25,25692.975,0.0,59861.34,30562.225,-0.8935790198239952,0.4489059314938798,-0.7071067811865477,0.7071067811865474,0.9749279121818236,-0.2225209339563143,0,weekday,14.525
2020-10-29,2020,10,29,303,21,3,33.02,2020-10-29 21:00:00+00:00,2020-10-29 22:00:00+00:00,57202.58,4894.0525,19009.1975,0.0,56232.07,23903.25,-0.8857249183835637,0.4642104791518923,-0.7071067811865477,0.7071067811865474,0.4338837391175582,-0.900968867902419,0,weekday,14.4
2020-10-30,2020,10,30,304,21,4,32.32,2020-10-30 21:00:00+00:00,2020-10-30 22:00:00+00:00,55627.025,1747.9675,15772.9225,0.0,49569.44,17520.89,-0.8776087166898392,0.4793776594606945,-0.7071067811865477,0.7071067811865474,-0.433883739117558,-0.9009688679024191,0,weekday,14.335
2020-10-31,2020,10,31,305,21,5,25.84,2020-10-31 21:00:00+00:00,2020-10-31 22:00:00+00:00,47815.4075,5607.8775000000005,19663.365,0.0,50697.03,25271.2425,-0.8692328164574792,0.4944029842076181,-0.7071067811865477,0.7071067811865474,-0.9749279121818236,-0.2225209339563146,0,weekend,14.06
2020-11-01,2020,11,1,306,21,6,19.06,2020-11-01 21:00:00+00:00,2020-11-01 22:00:00+00:00,49700.2175,5691.2475,26775.155,0.0,53204.61,32466.4025,-0.8605996962501181,0.5092820071573356,-0.7071067811865477,0.7071067811865474,-0.7818314824680299,0.6234898018587334,0,weekend,13.787500000000001
2020-11-02,2020,11,2,307,21,0,29.73,2020-11-02 21:00:00+00:00,2020-11-02 22:00:00+00:00,56429.4375,5613.2375,25382.7975,0.0,56647.46,30996.035,-0.8517119107469189,0.5240103253675756,-0.7071067811865477,0.7071067811865474,0.0,1.0,0,weekday,13.515
2020-11-03,2020,11,3,308,21,1,33.95,2020-11-03 21:00:00+00:00,2020-11-03 22:00:00+00:00,56947.7175,4309.455,16316.6475,0.0,55793.78,20626.1025,-0.8425720899866032,0.5385835804920232,-0.7071067811865477,0.7071067811865474,0.7818314824680298,0.6234898018587336,0,weekday,13.73
2020-11-04,2020,11,4,309,21,2,35.63,2020-11-04 21:00:00+00:00,2020-11-04 22:00:00+00:00,57167.895,3489.51,10775.415,0.0,52659.72,14264.925,-0.8331829385891785,0.5529974600700271,-0.7071067811865477,0.7071067811865474,0.9749279121818236,-0.2225209339563143,0,weekday,13.725
2020-11-05,2020,11,5,310,21,3,38.1,2020-11-05 21:00:00+00:00,2020-11-05 22:00:00+00:00,56799.7625,2107.9300000000003,9305.78,0.0,50931.67,11413.71,-0.8235472349556007,0.5672476988027229,-0.7071067811865477,0.7071067811865474,0.4338837391175582,-0.900968867902419,0,weekday,14.3
2020-11-06,2020,11,6,311,21,4,37.0,2020-11-06 21:00:00+00:00,2020-11-06 22:00:00+00:00,54597.2825,638.9625,7013.7925,0.0,46860.88,7652.754999999999,-0.8136678304455991,0.5813300798152042,-0.7071067811865477,0.7071067811865474,-0.433883739117558,-0.9009688679024191,0,weekday,14.115
2020-11-07,2020,11,7,312,21,5,37.99,2020-11-07 21:00:00+00:00,2020-11-07 22:00:00+00:00,50120.595,186.1325,2890.76,0.0,39867.68,3076.8925000000004,-0.8035476485339116,0.5952404359043674,-0.7071067811865477,0.7071067811865474,-0.9749279121818236,-0.2225209339563146,0,weekend,13.9
2020-11-08,2020,11,8,313,21,6,39.1,2020-11-08 21:00:00+00:00,2020-11-08 22:00:00+00:00,50621.795,1356.805,4381.71,0.0,41379.37,5738.515,-0.7931896839451843,0.6089746507720486,-0.7071067811865477,0.7071067811865474,-0.7818314824680299,0.6234898018587334,0,weekend,13.8375
2020-11-09,2020,11,9,314,21,0,42.04,2020-11-09 21:00:00+00:00,2020-11-09 22:00:00+00:00,56886.855,961.7275,4093.125,0.0,51752.95,5054.8525,-0.7825970017677834,0.6225286602431057,-0.7071067811865477,0.7071067811865474,0.0,1.0,0,weekday,13.775
2020-11-10,2020,11,10,315,21,1,42.89,2020-11-10 21:00:00+00:00,2020-11-10 22:00:00+00:00,57663.86,375.615,2295.635,0.0,51617.23,2671.25,-0.7717727365467836,0.6358984534680745,-0.7071067811865477,0.7071067811865474,0.7818314824680298,0.6234898018587336,0,weekday,13.8
2020-11-11,2020,11,11,316,21,2,37.0,2020-11-11 21:00:00+00:00,2020-11-11 22:00:00+00:00,57263.87,3457.825,4646.2625,0.0,51121.27,8104.0875,-0.7607200913564104,0.6490800741100398,-0.7071067811865477,0.7071067811865474,0.9749279121818236,-0.2225209339563143,0,weekday,14.05
2020-11-12,2020,11,12,317,21,3,39.66,2020-11-12 21:00:00+00:00,2020-11-12 22:00:00+00:00,56987.3175,3325.675,12020.0975,0.0,55858.63,15345.7725,-0.7494423368521954,0.6620696215153815,-0.7071067811865477,0.7071067811865474,0.4338837391175582,-0.900968867902419,0,weekday,14.05
2020-11-13,2020,11,13,318,21,4,39.98,2020-11-13 21:00:00+00:00,2020-11-13 22:00:00+00:00,54726.89,2452.115,13383.9425,0.0,53578.75,15836.0575,-0.7379428103031386,0.6748632518680403,-0.7071067811865477,0.7071067811865474,-0.433883739117558,-0.9009688679024191,0,weekday,14.2
2020-11-14,2020,11,14,319,21,5,28.0,2020-11-14 21:00:00+00:00,2020-11-14 22:00:00+00:00,49827.6275,5867.375,19588.3975,0.0,50309.21,25455.7725,-0.7262249146041543,0.6874571793269664,-0.7071067811865477,0.7071067811865474,-0.9749279121818236,-0.2225209339563146,0,weekend,14.24
2020-11-15,2020,11,15,320,21,6,1.77,2020-11-15 21:00:00+00:00,2020-11-15 22:00:00+00:00,50389.3775,6340.8375,29357.275,0.0,55560.29,35698.1125,-0.7142921172691032,0.699847677146407,-0.7071067811865477,0.7071067811865474,-0.7818314824680299,0.6234898018587334,0,weekend,14.3325
2020-11-16,2020,11,16,321,21,0,32.76,2020-11-16 21:00:00+00:00,2020-11-16 22:00:00+00:00,57225.552500000005,6123.8925,18738.1275,0.0,54956.38,24862.02,-0.7021479494046978,0.7120310787787131,-0.7071067811865477,0.7071067811865474,0.0,1.0,0,weekday,14.425
2020-11-17,2020,11,17,322,21,1,37.2,2020-11-17 21:00:00+00:00,2020-11-17 22:00:00+00:00,56925.1925,6520.7225,17014.2275,0.0,58598.87,23534.95,-0.6897960046655887,0.7240037789593305,-0.7071067811865477,0.7071067811865474,0.7818314824680298,0.6234898018587336,0,weekday,14.35
2020-11-18,2020,11,18,323,21,2,25.8,2020-11-18 21:00:00+00:00,2020-11-18 22:00:00+00:00,57505.4375,6417.3575,29526.0175,0.0,60952.55,35943.375,-0.6772399381909491,0.7357622347736527,-0.7071067811865477,0.7071067811865474,0.9749279121818236,-0.2225209339563143,0,weekday,13.85
2020-11-19,2020,11,19,324,21,3,32.7,2020-11-19 21:00:00+00:00,2020-11-19 22:00:00+00:00,58570.4825,6101.8,21805.5675,0.0,56648.96,27907.3675,-0.6644834655228552,0.7473029667054296,-0.7071067811865477,0.7071067811865474,0.4338837391175582,-0.900968867902419,0,weekday,13.475
2020-11-20,2020,11,20,325,21,4,36.6,2020-11-20 21:00:00+00:00,2020-11-20 22:00:00+00:00,56351.7025,5707.0975,10977.04,0.0,53634.05,16684.1375,-0.6515303615068021,0.75862255966641,-0.7071067811865477,0.7071067811865474,-0.433883739117558,-0.9009688679024191,0,weekday,12.7
2020-11-21,2020,11,21,326,21,5,27.11,2020-11-21 21:00:00+00:00,2020-11-21 22:00:00+00:00,50943.85,6078.005,25439.3475,0.0,55115.82,31517.3525,-0.6383844591746642,0.7697176640069211,-0.7071067811865477,0.7071067811865474,-0.9749279121818236,-0.2225209339563146,0,weekend,12.895
2020-11-22,2020,11,22,327,21,6,39.95,2020-11-22 21:00:00+00:00,2020-11-22 22:00:00+00:00,51733.1975,5819.03,14248.07,0.0,52095.42,20067.1,-0.6250496486104377,0.7805849965070866,-0.7071067811865477,0.7071067811865474,-0.7818314824680299,0.6234898018587334,0,weekend,13.0975
2020-11-23,2020,11,23,328,21,0,35.5,2020-11-23 21:00:00+00:00,2020-11-23 22:00:00+00:00,58029.2625,6155.6975,10708.8075,0.0,57319.34,16864.505,-0.6115298757991053,0.7912213413483807,-0.7071067811865477,0.7071067811865474,0.0,1.0,0,weekday,13.3
2020-11-24,2020,11,24,329,21,1,36.83,2020-11-24 21:00:00+00:00,2020-11-24 22:00:00+00:00,58345.85,5528.115,9833.8575,0.0,57136.41,15361.9725,-0.5978291414589552,0.801623551065242,-0.7071067811865477,0.7071067811865474,0.7818314824680298,0.6234898018587336,0,weekday,13.45
2020-11-25,2020,11,25,330,21,2,42.93,2020-11-25 21:00:00+00:00,2020-11-25 22:00:00+00:00,57944.9575,3218.9675,9820.8675,0.0,56953.59,13039.835,-0.5839514998576998,0.8117885474764613,-0.7071067811865477,0.7071067811865474,0.9749279121818236,-0.2225209339563143,0,weekday,14.15
2020-11-26,2020,11,26,331,21,3,49.73,2020-11-26 21:00:00+00:00,2020-11-26 22:00:00+00:00,57721.7175,489.06,2170.5975,0.0,53008.32,2659.6575,-0.5699010576127624,0.8217133225960589,-0.7071067811865477,0.7071067811865474,0.4338837391175582,-0.900968867902419,0,weekday,13.93
2020-11-27,2020,11,27,332,21,4,51.74,2020-11-27 21:00:00+00:00,2020-11-27 22:00:00+00:00,55736.74,1069.9325,2770.2525,0.0,53268.99,3840.185,-0.5556819724760489,0.8313949395234058,-0.7071067811865477,0.7071067811865474,-0.433883739117558,-0.9009688679024191,0,weekday,13.835
2020-11-28,2020,11,28,333,21,5,41.62,2020-11-28 21:00:00+00:00,2020-11-28 22:00:00+00:00,50293.32,1912.975,7266.2425,0.0,48646.68,9179.2175,-0.5412984521036173,0.8408305333122887,-0.7071067811865477,0.7071067811865474,-0.9749279121818236,-0.2225209339563146,0,weekend,14.485
2020-11-29,2020,11,29,334,21,6,49.91,2020-11-29 21:00:00+00:00,2020-11-29 22:00:00+00:00,52893.8325,351.6525,3068.5825,0.0,46072.04,3420.235,-0.5267547528105542,0.8500173118187018,-0.7071067811865477,0.7071067811865474,-0.7818314824680299,0.6234898018587334,0,weekend,14.735
2020-11-30,2020,11,30,335,21,0,38.61,2020-11-30 21:00:00+00:00,2020-11-30 22:00:00+00:00,58269.1475,4812.035,17899.7025,0.0,60280.68,22711.7375,-0.5120551783114646,0.8589525565270845,-0.7071067811865477,0.7071067811865474,0.0,1.0,0,weekday,14.985
2020-12-01,2020,12,1,336,21,1,50.16,2020-12-01 21:00:00+00:00,2020-12-01 22:00:00+00:00,58614.5575,1194.0825,2508.2025,0.0,53698.57,3702.285,-0.4972040784469378,0.8676336233547726,-0.7071067811865477,0.7071067811865474,0.7818314824680298,0.6234898018587336,0,weekday,15.475
2020-12-02,2020,12,2,337,21,2,51.39,2020-12-02 21:00:00+00:00,2020-12-02 22:00:00+00:00,59219.61,3987.1275,5165.56,0.0,56824.6,9152.6875,-0.4822058478963526,0.8760579434344281,-0.7071067811865477,0.7071067811865474,0.9749279121818236,-0.2225209339563143,0,weekday,14.45
2020-12-03,2020,12,3,338,21,3,31.23,2020-12-03 21:00:00+00:00,2020-12-03 22:00:00+00:00,59911.45,6249.195,21707.800000000003,0.0,57935.99,27956.995000000003,-0.4670649248774303,0.8842230238742036,-0.7071067811865477,0.7071067811865474,0.4338837391175582,-0.900968867902419,0,weekday,14.6
2020-12-04,2020,12,4,339,21,4,50.03,2020-12-04 21:00:00+00:00,2020-12-04 22:00:00+00:00,58682.905,3151.59,8337.1125,0.0,51907.14,11488.7025,-0.451785789832884,0.8921264484954345,-0.7071067811865477,0.7071067811865474,-0.433883739117558,-0.9009688679024191,0,weekday,14.55
2020-12-05,2020,12,5,340,21,5,41.5,2020-12-05 21:00:00+00:00,2020-12-05 22:00:00+00:00,54056.4825,1932.525,4084.26,0.0,46361.56,6016.785,-0.4363729641045924,0.8997658785476209,-0.7071067811865477,0.7071067811865474,-0.9749279121818236,-0.2225209339563146,0,weekend,14.645
2020-12-06,2020,12,6,341,21,6,36.51,2020-12-06 21:00:00+00:00,2020-12-06 22:00:00+00:00,52430.145,3385.925,9623.2175,0.0,50459.89,13009.142500000002,-0.4208310085956556,0.9071390534005044,-0.7071067811865477,0.7071067811865474,-0.7818314824680299,0.6234898018587334,0,weekend,14.372499999999999
2020-12-07,2020,12,7,342,21,0,44.34,2020-12-07 21:00:00+00:00,2020-12-07 22:00:00+00:00,58209.2975,5191.4575,6627.43,0.0,56726.09,11818.8875,-0.4051645224207563,0.9142437912130223,-0.7071067811865477,0.7071067811865474,0.0,1.0,0,weekday,14.1
2020-12-08,2020,12,8,343,21,1,51.75,2020-12-08 21:00:00+00:00,2020-12-08 22:00:00+00:00,59340.775,766.98,4648.555,0.0,55182.77,5415.535,-0.3893781415452015,0.9210779895789526,-0.7071067811865477,0.7071067811865474,0.7818314824680298,0.6234898018587336,0,weekday,14.3
2020-12-09,2020,12,9,344,21,2,46.79,2020-12-09 21:00:00+00:00,2020-12-09 22:00:00+00:00,58824.645,2212.0775000000003,3121.6425,0.0,53658.35,5333.72,-0.3734765374130707,0.9276396261490468,-0.7071067811865477,0.7071067811865474,0.9749279121818236,-0.2225209339563143,0,weekday,14.35
2020-12-10,2020,12,10,345,21,3,46.63,2020-12-10 21:00:00+00:00,2020-12-10 22:00:00+00:00,58909.1225,1732.195,2737.73,0.0,51747.53,4469.925,-0.3574644155648614,0.9339267592294762,-0.7071067811865477,0.7071067811865474,0.4338837391175582,-0.900968867902419,0,weekday,15.3
2020-12-11,2020,12,11,346,21,4,35.5,2020-12-11 21:00:00+00:00,2020-12-11 22:00:00+00:00,56839.3325,5090.42,15113.0075,0.0,57489.82,20203.4275,-0.3413465142450361,0.9399375283564132,-0.7071067811865477,0.7071067811865474,-0.433883739117558,-0.9009688679024191,0,weekday,15.525
2020-12-12,2020,12,12,347,21,5,44.63,2020-12-12 21:00:00+00:00,2020-12-12 22:00:00+00:00,51465.7625,1001.835,4261.19,0.0,44377.16,5263.025,-0.3251276029999093,0.9456701548465688,-0.7071067811865477,0.7071067811865474,-0.9749279121818236,-0.2225209339563146,0,weekend,15.96
2020-12-13,2020,12,13,348,21,6,41.35,2020-12-13 21:00:00+00:00,2020-12-13 22:00:00+00:00,52108.045,3541.705,8821.3475,0.0,47372.62,12363.0525,-0.3088124812662537,0.9511229423235356,-0.7071067811865477,0.7071067811865474,-0.7818314824680299,0.6234898018587334,0,weekend,16.205
2020-12-14,2020,12,14,349,21,0,42.22,2020-12-14 21:00:00+00:00,2020-12-14 22:00:00+00:00,58868.345,5140.8075,12924.36,0.0,54901.07,18065.1675,-0.2924059769510773,0.956294277219772,-0.7071067811865477,0.7071067811865474,0.0,1.0,0,weekday,16.45
2020-12-15,2020,12,15,350,21,1,47.35,2020-12-15 21:00:00+00:00,2020-12-15 22:00:00+00:00,58772.15,3647.44,9082.165,0.0,54300.01,12729.605,-0.2759129450029604,0.9611826292540836,-0.7071067811865477,0.7071067811865474,0.7818314824680298,0.6234898018587336,0,weekday,17.1
2020-12-16,2020,12,16,351,21,2,41.94,2020-12-16 21:00:00+00:00,2020-12-16 22:00:00+00:00,58703.16,5442.8875,15099.305,0.0,57426.24,20542.1925,-0.2593382659754056,0.9657865518844574,-0.7071067811865477,0.7071067811865474,0.9749279121818236,-0.2225209339563143,0,weekday,17.05
2020-12-17,2020,12,17,352,21,3,45.1,2020-12-17 21:00:00+00:00,2020-12-17 22:00:00+00:00,57450.57,5279.1525,14056.9975,0.0,53698.51,19336.15,-0.2426868445825954,0.9701046827361176,-0.7071067811865477,0.7071067811865474,0.4338837391175582,-0.900968867902419,0,weekday,16.175
2020-12-18,2020,12,18,353,21,4,35.23,2020-12-18 21:00:00+00:00,2020-12-18 22:00:00+00:00,56091.8975,5983.5875,16229.2075,0.0,51944.2,22212.795,-0.225963608248019,0.974135744004672,-0.7071067811865477,0.7071067811865474,-0.433883739117558,-0.9009688679024191,0,weekday,15.75
2020-12-19,2020,12,19,354,21,5,34.14,2020-12-19 21:00:00+00:00,2020-12-19 22:00:00+00:00,50990.48,6119.22,17959.785,0.0,50376.76,24079.005,-0.2091735056463563,0.9778785428342386,-0.7071067811865477,0.7071067811865474,-0.9749279121818236,-0.2225209339563146,0,weekend,15.885
2020-12-20,2020,12,20,355,21,6,44.64,2020-12-20 21:00:00+00:00,2020-12-20 22:00:00+00:00,50067.935,5616.26,13556.8075,0.0,48871.67,19173.0675,-0.1923215052390948,0.9813319716704276,-0.7071067811865477,0.7071067811865474,-0.7818314824680299,0.6234898018587334,0,weekend,16.1425
2020-12-21,2020,12,21,356,21,0,13.3,2020-12-21 21:00:00+00:00,2020-12-21 22:00:00+00:00,55227.4025,6321.8275,31282.1425,0.0,59575.99,37603.97,-0.1754125938042784,0.9844950085880858,-0.7071067811865477,0.7071067811865474,0.0,1.0,0,weekday,16.4
2020-12-22,2020,12,22,357,21,1,43.98,2020-12-22 21:00:00+00:00,2020-12-22 22:00:00+00:00,54536.195,1534.3675,11526.155,0.0,45004.37,13060.5225,-0.1584517749608363,0.9873667175937016,-0.7071067811865477,0.7071067811865474,0.7818314824680298,0.6234898018587336,0,weekday,17.2
2020-12-23,2020,12,23,358,21,2,30.39,2020-12-23 21:00:00+00:00,2020-12-23 22:00:00+00:00,53041.14,2645.1475,18662.4325,0.0,49174.5,21307.58,-0.141444067687942,0.989946248902378,-0.7071067811865477,0.7071067811865474,0.9749279121818236,-0.2225209339563143,0,weekday,17.65
2020-12-24,2020,12,24,359,21,3,33.32,2020-12-24 21:00:00+00:00,2020-12-24 22:00:00+00:00,49616.5125,5374.3175,14823.2925,0.0,44851.77,20197.61,-0.1243945048397999,0.9922328391893008,-0.7071067811865477,0.7071067811865474,0.4338837391175582,-0.900968867902419,0,weekday,17.65
2020-12-25,2020,12,25,360,21,4,47.9,2020-12-25 21:00:00+00:00,2020-12-25 22:00:00+00:00,46325.345,1526.6475,6486.375,0.0,38825.69,8013.0225,-0.1073081316563624,0.994225811815616,-0.7071067811865477,0.7071067811865474,-0.433883739117558,-0.9009688679024191,1,holiday,17.65
2020-12-26,2020,12,26,361,21,5,0.02,2020-12-26 21:00:00+00:00,2020-12-26 22:00:00+00:00,43658.9175,6439.5375,32519.0075,0.0,57563.45,38958.545,-0.0901900042703451,0.99592457702866,-0.7071067811865477,0.7071067811865474,-0.9749279121818236,-0.2225209339563146,1,holiday,18.15
2020-12-27,2020,12,27,362,21,6,10.11,2020-12-27 21:00:00+00:00,2020-12-27 22:00:00+00:00,47588.475,3079.55,31158.2775,0.0,55760.19,34237.8275,-0.0730451882110474,0.9973286321364752,-0.7071067811865477,0.7071067811865474,-0.7818314824680299,0.6234898018587334,0,weekend,18.65
2020-12-28,2020,12,28,363,21,0,46.9,2020-12-28 21:00:00+00:00,2020-12-28 22:00:00+00:00,52823.22,883.535,6494.15,0.0,37674.7,7377.684999999999,-0.0558787569053731,0.9984375616565666,-0.7071067811865477,0.7071067811865474,0.0,1.0,0,weekday,19.15
2020-12-29,2020,12,29,364,21,1,37.83,2020-12-29 21:00:00+00:00,2020-12-29 22:00:00+00:00,52479.2525,2327.8775,18937.3675,0.0,48964.52,21265.245,-0.0386957901765268,0.999251037438848,-0.7071067811865477,0.7071067811865474,0.7818314824680298,0.6234898018587336,0,weekday,19.0
2020-12-30,2020,12,30,365,21,2,43.22,2020-12-30 21:00:00+00:00,2020-12-30 22:00:00+00:00,51253.55,3727.805,16558.1275,0.0,48671.07,20285.9325,-0.0215013727408137,0.999768818762748,-0.7071067811865477,0.7071067811865474,0.9749279121818236,-0.2225209339563143,0,weekday,19.15
2020-12-31,2020,12,31,366,21,3,51.86,2020-12-31 21:00:00+00:00,2020-12-31 22:00:00+00:00,47856.1625,594.4225,6307.8675,0.0,40388.4,6902.29,-0.0043005927029819,0.9999907524084426,-0.7071067811865477,0.7071067811865474,0.4338837391175582,-0.900968867902419,0,weekday,19.125
2021-01-01,2021,1,1,1,21,4,53.45,2021-01-01 21:00:00+00:00,2021-01-01 22:00:00+00:00,47337.745,641.5125,5058.405,0.0,47839.62,5699.9175,0.0,1.0,-0.7071067811865477,0.7071067811865474,-0.433883739117558,-0.9009688679024191,1,holiday,19.125
2021-01-02,2021,1,2,2,21,5,52.25,2021-01-02 21:00:00+00:00,2021-01-02 22:00:00+00:00,48426.5275,1220.6075,3598.3775,0.0,49279.7,4818.985000000001,0.0172015754182605,0.9998520419557736,-0.7071067811865477,0.7071067811865474,-0.9749279121818236,-0.2225209339563146,0,weekend,19.233333333333334
2021-01-03,2021,1,3,3,21,6,34.98,2021-01-03 21:00:00+00:00,2021-01-03 22:00:00+00:00,48177.6025,6471.5275,16856.53,0.0,59558.29,23328.0575,0.034398060613608,0.9994082116062598,-0.7071067811865477,0.7071067811865474,-0.7818314824680299,0.6234898018587334,0,weekend,19.341666666666665
2021-01-04,2021,1,4,4,21,0,48.93,2021-01-04 21:00:00+00:00,2021-01-04 22:00:00+00:00,54123.59,5350.695,11480.2725,0.0,64206.77,16830.9675,0.0515843668694083,0.9986686402879996,-0.7071067811865477,0.7071067811865474,0.0,1.0,0,weekday,19.45
2021-01-05,2021,1,5,5,21,1,53.86,2021-01-05 21:00:00+00:00,2021-01-05 22:00:00+00:00,53183.7225,4710.8025,12248.46,0.0,63560.56,16959.262499999997,0.0687554084811394,0.9976335468520452,-0.7071067811865477,0.7071067811865474,0.7818314824680298,0.6234898018587336,0,weekday,18.905
2021-01-06,2021,1,6,6,21,2,52.95,2021-01-06 21:00:00+00:00,2021-01-06 22:00:00+00:00,53289.125,3517.1675,6905.535,0.0,61436.03,10422.7025,0.0859061042613327,0.9963032375991964,-0.7071067811865477,0.7071067811865474,0.9749279121818236,-0.2225209339563143,0,weekday,17.875
2021-01-07,2021,1,7,7,21,3,59.69,2021-01-07 21:00:00+00:00,2021-01-07 22:00:00+00:00,55431.005,957.28,6320.967500000001,0.0,60632.23,7278.2475,0.1030313790431787,0.9946781061893646,-0.7071067811865477,0.7071067811865474,0.4338837391175582,-0.900968867902419,0,weekday,18.275
2021-01-08,2021,1,8,8,21,4,57.6,2021-01-08 21:00:00+00:00,2021-01-08 22:00:00+00:00,53841.3075,924.0125,3189.0825,0.0,59050.08,4113.095,0.1201261651823505,0.9927586335250792,-0.7071067811865477,0.7071067811865474,-0.433883739117558,-0.9009688679024191,0,weekday,20.4
2021-01-09,2021,1,9,9,21,5,55.81,2021-01-09 21:00:00+00:00,2021-01-09 22:00:00+00:00,50444.5125,1187.93,2593.3275,0.0,55558.84,3781.2575,0.1371854040566005,0.9905453876091832,-0.7071067811865477,0.7071067811865474,-0.9749279121818236,-0.2225209339563146,0,weekend,20.12
2021-01-10,2021,1,10,10,21,6,52.05,2021-01-10 21:00:00+00:00,2021-01-10 22:00:00+00:00,51775.6475,2520.0375,9387.225,0.0,56340.7,11907.2625,0.1542040475626894,0.988039023376751,-0.7071067811865477,0.7071067811865474,-0.7818314824680299,0.6234898018587334,0,weekend,20.735
2021-01-11,2021,1,11,11,21,0,34.01,2021-01-11 21:00:00+00:00,2021-01-11 22:00:00+00:00,58191.905,5890.505,30441.225,0.0,70705.41,36331.73,0.1711770596101998,0.985240282501282,-0.7071067811865477,0.7071067811865474,0.0,1.0,0,weekday,21.35
2021-01-12,2021,1,12,12,21,1,38.68,2021-01-12 21:00:00+00:00,2021-01-12 22:00:00+00:00,58825.365000000005,5941.1075,24945.545,0.0,69770.09,30886.6525,0.1880994176117975,0.9821499931752292,-0.7071067811865477,0.7071067811865474,0.7818314824680298,0.6234898018587336,0,weekday,23.24
2021-01-13,2021,1,13,13,21,2,41.0,2021-01-13 21:00:00+00:00,2021-01-13 22:00:00+00:00,60277.92,5109.45,27983.425000000003,0.0,67219.24,33092.875,0.2049661139694953,0.9787690698649216,-0.7071067811865477,0.7071067811865474,0.9749279121818236,-0.2225209339563143,0,weekday,23.475
2021-01-14,2021,1,14,14,21,3,59.82,2021-01-14 21:00:00+00:00,2021-01-14 22:00:00+00:00,60977.505000000005,754.75,5658.4275,0.0,60969.34,6413.1775,0.2217721575564818,0.975098513039961,-0.7071067811865477,0.7071067811865474,0.4338837391175582,-0.900968867902419,0,weekday,21.25
2021-01-15,2021,1,15,15,21,4,63.19,2021-01-15 21:00:00+00:00,2021-01-15 22:00:00+00:00,59956.245,467.19,3402.11,0.0,58165.76,3869.3,0.2385125751940764,0.9711394088771652,-0.7071067811865477,0.7071067811865474,-0.433883739117558,-0.9009688679024191,0,weekday,20.1
2021-01-16,2021,1,16,16,21,5,53.2,2021-01-16 21:00:00+00:00,2021-01-16 22:00:00+00:00,53861.225,3478.3900000000003,5703.6275,0.0,55010.48,9182.0175,0.2551824131233728,0.966892928939152,-0.7071067811865477,0.7071067811865474,-0.9749279121818236,-0.2225209339563146,0,weekend,20.2
2021-01-17,2021,1,17,17,21,6,57.07,2021-01-17 21:00:00+00:00,2021-01-17 22:00:00+00:00,52910.0425,1722.5175,7027.92,0.0,55992.18,8750.4375,0.2717767384711357,0.9623603298276544,-0.7071067811865477,0.7071067811865474,-0.7818314824680299,0.6234898018587334,0,weekend,19.833333333333332
2021-01-18,2021,1,18,18,21,0,42.95,2021-01-18 21:00:00+00:00,2021-01-18 22:00:00+00:00,60935.405,5781.967500000001,24112.7325,0.0,69402.35,29894.7,0.2882906407095177,0.957542952811672,-0.7071067811865477,0.7071067811865474,0.0,1.0,0,weekday,19.46666666666667
2021-01-19,2021,1,19,19,21,1,35.39,2021-01-19 21:00:00+00:00,2021-01-19 22:00:00+00:00,62775.655,5493.3150000000005,32808.7775,0.0,72847.49,38302.0925,0.3047192331091634,0.9524422234305676,-0.7071067811865477,0.7071067811865474,0.7818314824680298,0.6234898018587336,0,weekday,19.1
2021-01-20,2021,1,20,20,21,2,29.49,2021-01-20 21:00:00+00:00,2021-01-20 22:00:00+00:00,61966.0875,5809.98,31365.715,0.0,70481.05,37175.695,0.321057654185271,0.9470596510722284,-0.7071067811865477,0.7071067811865474,0.9749279121818236,-0.2225209339563143,0,weekday,21.4
2021-01-21,2021,1,21,21,21,3,31.81,2021-01-21 21:00:00+00:00,2021-01-21 22:00:00+00:00,62646.3125,5374.73,31654.605,0.0,69966.48,37029.335,0.3373010691361842,0.9413968285264122,-0.7071067811865477,0.7071067811865474,0.4338837391175582,-0.900968867902419,0,weekday,19.825
2021-01-22,2021,1,22,22,21,4,51.79,2021-01-22 21:00:00+00:00,2021-01-22 22:00:00+00:00,58879.46,5586.6925,11076.505,0.0,62889.64,16663.1975,0.3534446712740877,0.9354554315134164,-0.7071067811865477,0.7071067811865474,-0.433883739117558,-0.9009688679024191,0,weekday,20.75
2021-01-23,2021,1,23,23,21,5,51.2,2021-01-23 21:00:00+00:00,2021-01-23 22:00:00+00:00,53845.4975,1332.1475,5725.22,0.0,53001.13,7057.3675,0.3694836834473831,0.9292372181882051,-0.7071067811865477,0.7071067811865474,-0.9749279121818236,-0.2225209339563146,0,weekend,21.485
2021-01-24,2021,1,24,24,21,6,53.93,2021-01-24 21:00:00+00:00,2021-01-24 22:00:00+00:00,53340.7125,604.5675,6857.005,0.0,53066.5,7461.5725,0.3854133594543256,0.9227440286201428,-0.7071067811865477,0.7071067811865474,-0.7818314824680299,0.6234898018587334,0,weekend,21.8175
2021-01-25,2021,1,25,25,21,0,53.5,2021-01-25 21:00:00+00:00,2021-01-25 22:00:00+00:00,60281.8,1725.965,12327.7575,0.0,65163.85,14053.7225,0.4012289854475009,0.9159777842484876,-0.7071067811865477,0.7071067811865474,0.0,1.0,0,weekday,22.15
2021-01-26,2021,1,26,26,21,1,54.71,2021-01-26 21:00:00+00:00,2021-01-26 22:00:00+00:00,62162.2525,2640.4725,13513.165,0.0,65591.09,16153.6375,0.4169258813287287,0.908940487313808,-0.7071067811865477,0.7071067811865474,0.7818314824680298,0.6234898018587336,0,weekday,19.8
2021-01-27,2021,1,27,27,21,2,53.1,2021-01-27 21:00:00+00:00,2021-01-27 22:00:00+00:00,60593.74,3172.5475,14495.1075,0.0,68356.1,17667.655,0.4324994021339788,0.901634220265486,-0.7071067811865477,0.7071067811865474,0.9749279121818236,-0.2225209339563143,0,weekday,19.0
2021-01-28,2021,1,28,28,21,3,51.02,2021-01-28 21:00:00+00:00,2021-01-28 22:00:00+00:00,59846.8275,1662.3625,10012.1075,0.0,60320.19,11674.47,0.4479449394078911,0.8940611451454876,-0.7071067811865477,0.7071067811865474,0.4338837391175582,-0.900968867902419,0,weekday,20.6
2021-01-29,2021,1,29,29,21,4,45.9,2021-01-29 21:00:00+00:00,2021-01-29 22:00:00+00:00,57779.8875,4325.45,15283.755,0.0,64398.82,19609.205,0.4632579225674917,0.88622350294858,-0.7071067811865477,0.7071067811865474,-0.433883739117558,-0.9009688679024191,0,weekday,20.6
2021-01-30,2021,1,30,30,21,5,46.98,2021-01-30 21:00:00+00:00,2021-01-30 22:00:00+00:00,51786.8,1252.5875,7406.6475,0.0,49890.02,8659.235,0.4784338202547012,0.8781236129591848,-0.7071067811865477,0.7071067811865474,-0.9749279121818236,-0.2225209339563146,0,weekend,19.82
2021-01-31,2021,1,31,31,21,6,49.28,2021-01-31 21:00:00+00:00,2021-01-31 22:00:00+00:00,51934.6,656.6775,8586.494999999999,0.0,50227.9,9243.1725,0.4934681416772373,0.8697638720650646,-0.7071067811865477,0.7071067811865474,-0.7818314824680299,0.6234898018587334,0,weekend,19.435000000000002
2021-02-01,2021,2,1,32,21,0,55.25,2021-02-01 21:00:00+00:00,2021-02-01 22:00:00+00:00,59815.7375,570.7275,4105.54,0.0,56794.68,4676.2675,0.5083564379375122,0.8611467540480452,-0.7071067811865477,0.7071067811865474,0.0,1.0,0,weekday,19.05
2021-02-02,2021,2,2,33,21,1,46.54,2021-02-02 21:00:00+00:00,2021-02-02 22:00:00+00:00,59557.8325,4237.6475,14674.625,0.0,60278.07,18912.2725,0.5230943033491326,0.8522748088519838,-0.7071067811865477,0.7071067811865474,0.7818314824680298,0.6234898018587336,0,weekday,18.2
2021-02-03,2021,2,3,34,21,2,40.15,2021-02-03 21:00:00+00:00,2021-02-03 22:00:00+00:00,60407.6,5383.8025,24217.845,0.0,64532.55,29601.6475,0.5376773767406141,0.8431506618282,-0.7071067811865477,0.7071067811865474,0.9749279121818236,-0.2225209339563143,0,weekday,17.65
2021-02-04,2021,2,4,35,21,3,52.7,2021-02-04 21:00:00+00:00,2021-02-04 22:00:00+00:00,60095.8975,4224.735000000001,5197.04,0.0,57833.87,9421.775,0.5521013427459208,0.8337770129585915,-0.7071067811865477,0.7071067811865474,0.4338837391175582,-0.900968867902419,0,weekday,17.85
2021-02-05,2021,2,5,36,21,4,48.49,2021-02-05 21:00:00+00:00,2021-02-05 22:00:00+00:00,58213.6525,6107.6525,15175.24,0.0,62072.92,21282.8925,0.5663619330814524,0.8241566360566663,-0.7071067811865477,0.7071067811865474,-0.433883739117558,-0.9009688679024191,0,weekday,18.55
2021-02-06,2021,2,6,37,21,5,26.03,2021-02-06 21:00:00+00:00,2021-02-06 22:00:00+00:00,51265.145,6168.2225,31504.1675,0.0,65416.4,37672.39,0.580454927809098,0.8142923779467267,-0.7071067811865477,0.7071067811865474,-0.9749279121818236,-0.2225209339563146,0,weekend,18.38
2021-02-07,2021,2,7,38,21,6,39.89,2021-02-07 21:00:00+00:00,2021-02-07 22:00:00+00:00,53230.77,5389.7375,26856.8375,0.0,63071.72,32246.575,0.5943761565849831,0.804187157621448,-0.7071067811865477,0.7071067811865474,-0.7818314824680299,0.6234898018587334,0,weekend,19.377499999999998
2021-02-08,2021,2,8,39,21,0,49.05,2021-02-08 21:00:00+00:00,2021-02-08 22:00:00+00:00,60897.1375,5653.505,12224.875,0.0,65262.93,17878.38,0.6081214998935418,0.7938439653781019,-0.7071067811865477,0.7071067811865474,0.0,1.0,0,weekday,20.375
2021-02-09,2021,2,9,40,21,1,55.67,2021-02-09 21:00:00+00:00,2021-02-09 22:00:00+00:00,61387.915,4619.4025,5204.5175,0.0,63596.38,9823.92,0.6216868902665479,0.7832658619336791,-0.7071067811865477,0.7071067811865474,0.7818314824680298,0.6234898018587336,0,weekday,18.855
2021-02-10,2021,2,10,41,21,2,58.65,2021-02-10 21:00:00+00:00,2021-02-10 22:00:00+00:00,62769.5775,3373.585,8812.0125,0.0,65108.08,12185.5975,0.6350683134867438,0.7724559775191742,-0.7071067811865477,0.7071067811865474,0.9749279121818236,-0.2225209339563143,0,weekday,18.85
2021-02-11,2021,2,11,42,21,3,59.1,2021-02-11 21:00:00+00:00,2021-02-11 22:00:00+00:00,61997.39,2678.935,6245.3075,0.0,61633.72,8924.2425,0.6482618097757122,0.7614175109532997,-0.7071067811865477,0.7071067811865474,0.4338837391175582,-0.900968867902419,0,weekday,18.15
2021-02-12,2021,2,12,43,21,4,54.01,2021-02-12 21:00:00+00:00,2021-02-12 22:00:00+00:00,60686.7025,1380.4025,13760.715,0.0,62604.82,15141.1175,0.6612634749656386,0.7501537286959042,-0.7071067811865477,0.7071067811865474,-0.433883739117558,-0.9009688679024191,0,weekday,17.07
2021-02-13,2021,2,13,44,21,5,49.24,2021-02-13 21:00:00+00:00,2021-02-13 22:00:00+00:00,56471.1525,1386.8375,8569.025,0.0,56334.69,9955.8625,0.6740694616546161,0.7386679638813748,-0.7071067811865477,0.7071067811865474,-0.9749279121818236,-0.2225209339563146,0,weekend,17.62
2021-02-14,2021,2,14,45,21,6,45.27,2021-02-14 21:00:00+00:00,2021-02-14 22:00:00+00:00,57415.1125,5722.1325,16079.79,0.0,62898.41,21801.9225,0.6866759803451553,0.726963615332308,-0.7071067811865477,0.7071067811865474,-0.7818314824680299,0.6234898018587334,0,weekend,17.330000000000002
2021-02-15,2021,2,15,46,21,0,50.01,2021-02-15 21:00:00+00:00,2021-02-15 22:00:00+00:00,62574.06,2863.49,17321.8025,0.0,68760.22,20185.292500000003,0.6990793005655562,0.7150441465537444,-0.7071067811865477,0.7071067811865474,0.0,1.0,0,weekday,17.04
2021-02-16,2021,2,16,47,21,1,47.38,2021-02-16 21:00:00+00:00,2021-02-16 22:00:00+00:00,60460.7075,4319.7875,21671.33,0.0,68130.6,25991.1175,0.7112757519738152,0.7029130847082615,-0.7071067811865477,0.7071067811865474,0.7818314824680298,0.6234898018587336,0,weekday,16.75
2021-02-17,2021,2,17,48,21,2,47.58,2021-02-17 21:00:00+00:00,2021-02-17 22:00:00+00:00,59946.6275,4811.6675,12322.8325,0.0,59585.93,17134.5,0.7232617254437388,0.6905740195722293,-0.7071067811865477,0.7071067811865474,0.9749279121818236,-0.2225209339563143,0,weekday,17.15
2021-02-18,2021,2,18,49,21,3,37.59,2021-02-18 21:00:00+00:00,2021-02-18 22:00:00+00:00,59992.6825,6211.0425,26944.2325,0.0,69490.59,33155.274999999994,0.7350336741329413,0.6780306024735382,-0.7071067811865477,0.7071067811865474,0.4338837391175582,-0.900968867902419,0,weekday,16.9
2021-02-19,2021,2,19,50,21,4,46.06,2021-02-19 21:00:00+00:00,2021-02-19 22:00:00+00:00,57238.5375,5496.73,13130.0675,0.0,57785.11,18626.7975,0.746588114532413,0.6652865452111116,-0.7071067811865477,0.7071067811865474,-0.433883739117558,-0.9009688679024191,0,weekday,17.325
2021-02-20,2021,2,20,51,21,5,32.08,2021-02-20 21:00:00+00:00,2021-02-20 22:00:00+00:00,53813.4175,6291.0650000000005,22835.71,0.0,61494.93,29126.775,0.7579216274973472,0.6523456189565257,-0.7071067811865477,0.7071067811865474,-0.9749279121818236,-0.2225209339563146,0,weekend,16.555
2021-02-21,2021,2,21,52,21,6,43.87,2021-02-21 21:00:00+00:00,2021-02-21 22:00:00+00:00,52841.715,2514.225,11815.235,0.0,50034.45,14329.46,0.7690308592589181,0.6392116531380588,-0.7071067811865477,0.7071067811865474,-0.7818314824680299,0.6234898018587334,0,weekend,16.4025
2021-02-22,2021,2,22,53,21,0,49.0,2021-02-22 21:00:00+00:00,2021-02-22 22:00:00+00:00,59089.0725,4462.842500000001,10762.1925,0.0,57167.21,15225.035,0.7799125224167177,0.6258885343075018,-0.7071067811865477,0.7071067811865474,0.0,1.0,0,weekday,16.25
2021-02-23,2021,2,23,54,21,1,40.1,2021-02-23 21:00:00+00:00,2021-02-23 22:00:00+00:00,58952.64,5561.91,14192.26,0.0,57704.01,19754.17,0.7905633969115482,0.612380204990065,-0.7071067811865477,0.7071067811865474,0.7818314824680298,0.6234898018587336,0,weekday,16.1
2021-02-24,2021,2,24,55,21,2,43.62,2021-02-24 21:00:00+00:00,2021-02-24 22:00:00+00:00,57988.2725,6060.9425,15805.31,0.0,59168.84,21866.2525,0.8009803309782905,0.5986906625177214,-0.7071067811865477,0.7071067811865474,0.9749279121818236,-0.2225209339563143,0,weekday,16.125
2021-02-25,2021,2,25,56,21,3,48.44,2021-02-25 21:00:00+00:00,2021-02-25 22:00:00+00:00,58493.085,2820.5975,7400.5225,0.0,53172.17,10221.12,0.8111602420785621,0.5848239578463322,-0.7071067811865477,0.7071067811865474,0.4338837391175582,-0.900968867902419,0,weekday,16.4
2021-02-26,2021,2,26,57,21,4,46.28,2021-02-26 21:00:00+00:00,2021-02-26 22:00:00+00:00,56187.175,3483.6875,12647.0175,0.0,55161.61,16130.705,0.8211001178128892,0.5707841943569036,-0.7071067811865477,0.7071067811865474,-0.433883739117558,-0.9009688679024191,0,weekday,15.95
2021-02-27,2021,2,27,58,21,5,46.05,2021-02-27 21:00:00+00:00,2021-02-27 22:00:00+00:00,51706.88,951.335,5529.4225,0.0,45807.24,6480.7575,0.8307970168121247,0.5565755266413303,-0.7071067811865477,0.7071067811865474,-0.9749279121818236,-0.2225209339563146,0,weekend,15.695
2021-02-28,2021,2,28,59,21,6,49.06,2021-02-28 21:00:00+00:00,2021-02-28 22:00:00+00:00,52498.065,350.12,5035.65,0.0,46431.2,5385.77,0.8402480696078469,0.5422021592729844,-0.7071067811865477,0.7071067811865474,-0.7818314824680299,0.6234898018587334,0,weekend,15.8475
2021-03-01,2021,3,1,60,21,0,48.05,2021-03-01 21:00:00+00:00,2021-03-01 22:00:00+00:00,57470.7175,780.925,5759.1225,0.0,54693.63,6540.047500000001,0.8494504794814806,0.527668345562516,-0.7071067811865477,0.7071067811865474,0.0,1.0,0,weekday,16.0
2021-03-02,2021,3,2,61,21,1,55.48,2021-03-02 21:00:00+00:00,2021-03-02 22:00:00+00:00,58050.6375,450.3075,2922.5675,0.0,56459.85,3372.875,0.8584015232918917,0.512978386299228,-0.7071067811865477,0.7071067811865474,0.7818314824680298,0.6234898018587336,0,weekday,16.005
2021-03-03,2021,3,3,62,21,2,52.24,2021-03-03 21:00:00+00:00,2021-03-03 22:00:00+00:00,56695.6375,1132.53,8955.470000000001,0.0,57498.13,10088.000000000002,0.8670985522812081,0.4981366284784055,-0.7071067811865477,0.7071067811865474,0.9749279121818236,-0.2225209339563143,0,weekday,15.6
2021-03-04,2021,3,4,63,21,3,50.57,2021-03-04 21:00:00+00:00,2021-03-04 22:00:00+00:00,55739.7175,2775.53,9219.6725,0.0,59563.09,11995.2025,0.8755389928586302,0.4831474640149687,-0.7071067811865477,0.7071067811865474,0.4338837391175582,-0.900968867902419,0,weekday,15.59
2021-03-05,2021,3,5,64,21,4,53.15,2021-03-05 21:00:00+00:00,2021-03-05 22:00:00+00:00,55277.3925,740.97,4837.6275000000005,0.0,52729.76,5578.597500000001,0.8837203473619977,0.4680153284438345,-0.7071067811865477,0.7071067811865474,-0.433883739117558,-0.9009688679024191,0,weekday,15.85
2021-03-06,2021,3,6,65,21,5,49.68,2021-03-06 21:00:00+00:00,2021-03-06 22:00:00+00:00,50068.5375,3850.9575,10368.09,0.0,56233.19,14219.0475,0.8916401947968874,0.452744699607371,-0.7071067811865477,0.7071067811865474,-0.9749279121818236,-0.2225209339563146,0,weekend,16.365
2021-03-07,2021,3,7,66,21,6,53.0,2021-03-07 21:00:00+00:00,2021-03-07 22:00:00+00:00,50414.52,1163.925,7366.03,0.0,52596.25,8529.955,0.8992961915530253,0.4373400963303323,-0.7071067811865477,0.7071067811865474,-0.7818314824680299,0.6234898018587334,0,weekend,16.4575
2021-03-08,2021,3,8,67,21,0,56.87,2021-03-08 21:00:00+00:00,2021-03-08 22:00:00+00:00,55931.6875,2188.19,4342.6675,0.0,57836.21,6530.8575,0.9066860720977984,0.4218060770826634,-0.7071067811865477,0.7071067811865474,0.0,1.0,0,weekday,16.55
2021-03-09,2021,3,9,68,21,1,58.3,2021-03-09 21:00:00+00:00,2021-03-09 22:00:00+00:00,57004.0025,337.235,3423.91,0.0,56661.92,3761.145,0.9138076496466616,0.4061472386305789,-0.7071067811865477,0.7071067811865474,0.7818314824680298,0.6234898018587336,0,weekday,16.375
2021-03-10,2021,3,10,69,21,2,37.11,2021-03-10 21:00:00+00:00,2021-03-10 22:00:00+00:00,57016.605,6139.8525,25299.955,0.0,66159.21,31439.807500000003,0.9206588168102428,0.3903682146763026,-0.7071067811865477,0.7071067811865474,0.9749279121818236,-0.2225209339563143,0,weekday,17.15
2021-03-11,2021,3,11,70,21,3,27.08,2021-03-11 21:00:00+00:00,2021-03-11 22:00:00+00:00,57132.425,5986.719999999999,32277.26,0.0,66410.72,38263.98,0.9272375462179536,0.374473674486883,-0.7071067811865477,0.7071067811865474,0.4338837391175582,-0.900968867902419,0,weekday,17.475
2021-03-12,2021,3,12,71,21,4,34.3,2021-03-12 21:00:00+00:00,2021-03-12 22:00:00+00:00,56510.315,5925.9375,32202.64,0.0,66504.41,38128.5775,0.9335418911179212,0.3584683215124808,-0.7071067811865477,0.7071067811865474,-0.433883739117558,-0.9009688679024191,0,weekday,17.97
2021-03-13,2021,3,13,72,21,5,20.02,2021-03-13 21:00:00+00:00,2021-03-13 22:00:00+00:00,53237.0775,5769.335,36048.755000000005,0.0,66088.59,41818.09,0.9395699859530622,0.342356891994542,-0.7071067811865477,0.7071067811865474,-0.9749279121818236,-0.2225209339563146,0,weekend,18.45
2021-03-14,2021,3,14,73,21,6,46.9,2021-03-14 21:00:00+00:00,2021-03-14 22:00:00+00:00,51461.4575,5532.5625,20962.3,0.0,56258.4,26494.8625,0.945320046913132,0.3261441535642696,-0.7071067811865477,0.7071067811865474,-0.7818314824680299,0.6234898018587334,0,weekend,18.310000000000002
2021-03-15,2021,3,15,74,21,0,50.76,2021-03-15 21:00:00+00:00,2021-03-15 22:00:00+00:00,57060.9175,4906.0525,22236.415,0.0,61121.34,27142.4675,0.9507903724625832,0.3098349038318025,-0.7071067811865477,0.7071067811865474,0.0,1.0,0,weekday,18.17
2021-03-16,2021,3,16,75,21,1,53.88,2021-03-16 21:00:00+00:00,2021-03-16 22:00:00+00:00,57114.05,2760.8875,7268.04,0.0,53058.35,10028.9275,0.9559793438440766,0.2934339689665273,-0.7071067811865477,0.7071067811865474,0.7818314824680298,0.6234898018587336,0,weekday,17.83
2021-03-17,2021,3,17,76,21,2,62.46,2021-03-17 21:00:00+00:00,2021-03-17 22:00:00+00:00,58762.89,754.505,3632.8425,0.0,53092.4,4387.3475,0.9608854255574976,0.2769462022689364,-0.7071067811865477,0.7071067811865474,0.9749279121818236,-0.2225209339563143,0,weekday,17.45
2021-03-18,2021,3,18,77,21,3,60.12,2021-03-18 21:00:00+00:00,2021-03-18 22:00:00+00:00,57353.5125,814.7025,4771.5675,0.0,54728.66,5586.27,0.9655071658143364,0.2603764827344581,-0.7071067811865477,0.7071067811865474,0.4338837391175582,-0.900968867902419,0,weekday,18.16
2021-03-19,2021,3,19,78,21,4,60.64,2021-03-19 21:00:00+00:00,2021-03-19 22:00:00+00:00,56068.7475,342.07,9365.67,0.0,53063.28,9707.74,0.969843196967294,0.2437297136096838,-0.7071067811865477,0.7071067811865474,-0.433883739117558,-0.9009688679024191,0,weekday,17.35
2021-03-20,2021,3,20,79,21,5,48.92,2021-03-20 21:00:00+00:00,2021-03-20 22:00:00+00:00,52805.9725,5558.9075,16426.9475,0.0,55979.22,21985.855,0.9738922359149924,0.2270108209414184,-0.7071067811865477,0.7071067811865474,-0.9749279121818236,-0.2225209339563146,0,weekend,17.265
2021-03-21,2021,3,21,80,21,6,55.27,2021-03-21 21:00:00+00:00,2021-03-21 22:00:00+00:00,54682.175,4265.605,14012.3425,0.0,54388.95,18277.9475,0.977653084481664,0.2102247521189836,-0.7071067811865477,0.7071067811865474,-0.7818314824680299,0.6234898018587334,0,weekend,17.2675
2021-03-22,2021,3,22,81,21,0,60.8,2021-03-22 21:00:00+00:00,2021-03-22 22:00:00+00:00,57877.692500000005,2347.2200000000003,7699.8825,0.0,57447.6,10047.1025,0.981124629771712,0.1933764744102058,-0.7071067811865477,0.7071067811865474,0.0,1.0,0,weekday,17.27
2021-03-23,2021,3,23,82,21,1,60.47,2021-03-23 21:00:00+00:00,2021-03-23 22:00:00+00:00,58130.8475,4095.9,5502.8025,0.0,58125.91,9598.7025,0.984305844499033,0.1764709734915216,-0.7071067811865477,0.7071067811865474,0.7818314824680298,0.6234898018587336,0,weekday,17.85
2021-03-24,2021,3,24,83,21,2,62.5,2021-03-24 21:00:00+00:00,2021-03-24 22:00:00+00:00,56845.8375,2108.405,5297.1925,0.0,57235.24,7405.5975,0.9871957872910084,0.1595132519726365,-0.7071067811865477,0.7071067811865474,0.9749279121818236,-0.2225209339563143,0,weekday,18.65
2021-03-25,2021,3,25,84,21,3,59.31,2021-03-25 21:00:00+00:00,2021-03-25 22:00:00+00:00,56649.067500000005,4060.95,5702.2,0.0,56628.58,9763.15,0.9897936029670716,0.1425083279161708,-0.7071067811865477,0.7071067811865474,0.4338837391175582,-0.900968867902419,0,weekday,18.6
2021-03-26,2021,3,26,85,21,4,53.33,2021-03-26 21:00:00+00:00,2021-03-26 22:00:00+00:00,54453.675,4575.6775,16891.45,0.0,56132.28,21467.1275,0.992098522791769,0.1254612333527364,-0.7071067811865477,0.7071067811865474,-0.433883739117558,-0.9009688679024191,0,weekday,18.6
2021-03-27,2021,3,27,86,21,5,53.0,2021-03-27 21:00:00+00:00,2021-03-27 22:00:00+00:00,50023.4225,4579.0275,18984.7175,0.0,55331.09,23563.745,0.9941098647022418,0.108377012791876,-0.7071067811865477,0.7071067811865474,-0.9749279121818236,-0.2225209339563146,0,weekend,18.7
2021-03-28,2021,3,28,87,21,6,40.97,2021-03-28 21:00:00+00:00,2021-03-28 22:00:00+00:00,49139.46,6253.1675,22789.7775,0.0,56930.28,29042.945,0.9958270335100596,0.0912607217293118,-0.7071067811865477,0.7071067811865474,-0.7818314824680299,0.6234898018587334,0,weekend,18.48
2021-03-29,2021,3,29,88,21,0,59.18,2021-03-29 21:00:00+00:00,2021-03-29 22:00:00+00:00,52593.84,6092.4075,13004.185,0.0,54592.04,19096.5925,0.9972495210773452,0.0741174251509443,-0.7071067811865477,0.7071067811865474,0.0,1.0,0,weekday,18.26
2021-03-30,2021,3,30,89,21,1,65.69,2021-03-30 21:00:00+00:00,2021-03-30 22:00:00+00:00,51884.0475,1849.785,2790.12,0.0,46150.59,4639.905,0.998376906467142,0.0569521960340397,-0.7071067811865477,0.7071067811865474,0.7818314824680298,0.6234898018587336,0,weekday,18.2
2021-03-31,2021,3,31,90,21,2,62.9,2021-03-31 21:00:00+00:00,2021-03-31 22:00:00+00:00,52001.525,611.6975,2238.0275,0.0,45607.21,2849.7250000000004,0.9992088560679752,0.0397701138460557,-0.7071067811865477,0.7071067811865474,0.9749279121818236,-0.2225209339563143,0,weekday,19.05
2021-04-01,2021,4,1,91,21,3,58.83,2021-04-01 21:00:00+00:00,2021-04-01 22:00:00+00:00,50181.49,2581.3975,8576.375,0.0,44940.29,11157.7725,0.9997451236925734,0.0225762630415454,-0.7071067811865477,0.7071067811865474,0.4338837391175582,-0.900968867902419,0,weekday,19.0
2021-04-02,2021,4,2,92,21,4,45.0,2021-04-02 21:00:00+00:00,2021-04-02 22:00:00+00:00,44651.605,5680.475,18704.2975,0.0,49535.18,24384.7725,0.9999855506507186,0.0053757315575838,-0.7071067811865477,0.7071067811865474,-0.433883739117558,-0.9009688679024191,1,holiday,19.17
2021-04-03,2021,4,3,93,21,5,51.48,2021-04-03 21:00:00+00:00,2021-04-03 22:00:00+00:00,43941.0125,2864.15,4721.195,0.0,36634.61,7585.344999999999,0.9999300657962056,-0.0118263906918325,-0.7071067811865477,0.7071067811865474,-0.9749279121818236,-0.2225209339563146,0,weekend,19.17
2021-04-04,2021,4,4,94,21,6,33.38,2021-04-04 21:00:00+00:00,2021-04-04 22:00:00+00:00,44974.8825,6136.4725,22416.9225,0.0,53276.66,28553.395,0.9995786855478958,-0.0290250133219752,-0.7071067811865477,0.7071067811865474,-0.7818314824680299,0.6234898018587334,0,weekend,19.17
2021-04-05,2021,4,5,95,21,0,18.47,2021-04-05 21:00:00+00:00,2021-04-05 22:00:00+00:00,46045.7225,6243.2775,24988.7475,0.0,54987.03,31232.025,0.9989315138848576,-0.0462150469837083,-0.7071067811865477,0.7071067811865474,0.0,1.0,1,holiday,19.17
2021-04-06,2021,4,6,96,21,1,56.88,2021-04-06 21:00:00+00:00,2021-04-06 22:00:00+00:00,50629.3325,5892.6925,21281.9125,0.0,58960.01,27174.605,0.9979887423155984,-0.0633914048695103,-0.7071067811865477,0.7071067811865474,0.7818314824680298,0.6234898018587336,0,weekday,19.745
2021-04-07,2021,4,7,97,21,2,41.93,2021-04-07 21:00:00+00:00,2021-04-07 22:00:00+00:00,51698.2375,5223.885,26922.1425,0.0,58643.22,32146.027500000004,0.9967506498213928,-0.0805490042187416,-0.7071067811865477,0.7071067811865474,0.9749279121818236,-0.2225209339563143,0,weekday,19.65
2021-04-08,2021,4,8,98,21,3,58.04,2021-04-08 21:00:00+00:00,2021-04-08 22:00:00+00:00,52973.2175,5869.795,18200.615,0.0,56821.56,24070.410000000003,0.9952176027737294,-0.0976827678217159,-0.7071067811865477,0.7071067811865474,0.4338837391175582,-0.900968867902419,0,weekday,19.325
2021-04-09,2021,4,9,99,21,4,70.29,2021-04-09 21:00:00+00:00,2021-04-09 22:00:00+00:00,52302.255000000005,1758.0875,6277.415,0.0,46390.56,8035.5025,0.9933900548258936,-0.114787625522127,-0.7071067811865477,0.7071067811865474,-0.433883739117558,-0.9009688679024191,0,weekday,19.35
2021-04-10,2021,4,10,100,21,5,54.62,2021-04-10 21:00:00+00:00,2021-04-10 22:00:00+00:00,46950.0175,1927.235,14605.815,0.0,48251.2,16533.05,0.9912685467787256,-0.1318585157173911,-0.7071067811865477,0.7071067811865474,-0.9749279121818236,-0.2225209339563146,0,weekend,18.94
2021-04-11,2021,4,11,101,21,6,63.85,2021-04-11 21:00:00+00:00,2021-04-11 22:00:00+00:00,46392.165,3066.5375,12921.89,0.0,47143.71,15988.4275,0.9888537064205885,-0.1488903868564548,-0.7071067811865477,0.7071067811865474,-0.7818314824680299,0.6234898018587334,0,weekend,19.1675
2021-04-12,2021,4,12,102,21,0,64.74,2021-04-12 21:00:00+00:00,2021-04-12 22:00:00+00:00,51968.8875,4491.452499999999,9706.6975,0.0,52520.19,14198.15,0.986146248341595,-0.1658781989346314,-0.7071067811865477,0.7071067811865474,0.0,1.0,0,weekday,19.395
2021-04-13,2021,4,13,103,21,1,65.58,2021-04-13 21:00:00+00:00,2021-04-13 22:00:00+00:00,52168.665,2068.79,9947.335,0.0,53194.85,12016.125,0.98314697372215,-0.1828169249850199,-0.7071067811865477,0.7071067811865474,0.7818314824680298,0.6234898018587336,0,weekday,19.72
2021-04-14,2021,4,14,104,21,2,75.66,2021-04-14 21:00:00+00:00,2021-04-14 22:00:00+00:00,50769.345,916.455,4903.7875,0.0,52204.95,5820.2425,0.9798567700958664,-0.1997015525660636,-0.7071067811865477,0.7071067811865474,0.9749279121818236,-0.2225209339563143,0,weekday,19.6
2021-04-15,2021,4,15,105,21,3,64.62,2021-04-15 21:00:00+00:00,2021-04-15 22:00:00+00:00,50843.075,1622.235,10712.86,0.0,54872.65,12335.095,0.976276611086932,-0.2165270852448143,-0.7071067811865477,0.7071067811865474,0.4338837391175582,-0.900968867902419,0,weekday,19.9
2021-04-16,2021,4,16,106,21,4,65.59,2021-04-16 21:00:00+00:00,2021-04-16 22:00:00+00:00,49155.2075,2145.9675,8020.0025,0.0,52327.35,10165.97,0.9724075561219968,-0.2332885440754551,-0.7071067811865477,0.7071067811865474,-0.433883739117558,-0.9009688679024191,0,weekday,20.625
2021-04-17,2021,4,17,107,21,5,69.55,2021-04-17 21:00:00+00:00,2021-04-17 22:00:00+00:00,44540.2475,1397.45,5693.6525,0.0,46797.52,7091.1025,0.9682507501166718,-0.2499809690726521,-0.7071067811865477,0.7071067811865474,-0.9749279121818236,-0.2225209339563146,0,weekend,20.54
2021-04-18,2021,4,18,108,21,6,76.31,2021-04-18 21:00:00+00:00,2021-04-18 22:00:00+00:00,46744.8925,1606.445,5229.215,0.0,48232.24,6835.66,0.9638074231367308,-0.2665994206792935,-0.7071067811865477,0.7071067811865474,-0.7818314824680299,0.6234898018587334,0,weekend,20.7075
2021-04-19,2021,4,19,109,21,0,73.76,2021-04-19 21:00:00+00:00,2021-04-19 22:00:00+00:00,51678.4675,1748.9725,5945.24,0.0,50781.08,7694.2125,0.9590788900341132,-0.2831389812281835,-0.7071067811865477,0.7071067811865474,0.0,1.0,0,weekday,20.875
2021-04-20,2021,4,20,110,21,1,86.91,2021-04-20 21:00:00+00:00,2021-04-20 22:00:00+00:00,51437.6875,279.0375,2616.3625,0.0,50178.24,2895.4,0.9540665500578388,-0.2995947563972602,-0.7071067811865477,0.7071067811865474,0.7818314824680298,0.6234898018587336,0,weekday,20.85
2021-04-21,2021,4,21,111,21,2,62.35,2021-04-21 21:00:00+00:00,2021-04-21 22:00:00+00:00,51015.18,5495.3025,17637.309999999998,0.0,56359.24,23132.6125,0.9487718864399473,-0.3159618766579029,-0.7071067811865477,0.7071067811865474,0.9749279121818236,-0.2225209339563143,0,weekday,21.015
2021-04-22,2021,4,22,112,21,3,66.75,2021-04-22 21:00:00+00:00,2021-04-22 22:00:00+00:00,50729.975,4646.6025,15798.0825,0.0,54659.95,20444.685,0.9431964659565866,-0.3322354987159043,-0.7071067811865477,0.7071067811865474,0.4338837391175582,-0.900968867902419,0,weekday,21.3
2021-04-23,2021,4,23,113,21,4,70.9,2021-04-23 21:00:00+00:00,2021-04-23 22:00:00+00:00,50756.6825,1469.04,8439.630000000001,0.0,45291.98,9908.670000000002,0.9373419384643772,-0.3484108069446808,-0.7071067811865477,0.7071067811865474,-0.433883739117558,-0.9009688679024191,0,weekday,20.8
2021-04-24,2021,4,24,114,21,5,67.15,2021-04-24 21:00:00+00:00,2021-04-24 22:00:00+00:00,46808.3525,2773.8275,7879.8975,0.0,43090.55,10653.725,0.9312100364121948,-0.3644830148102912,-0.7071067811865477,0.7071067811865474,-0.9749279121818236,-0.2225209339563146,0,weekend,20.045
2021-04-25,2021,4,25,115,21,6,64.98,2021-04-25 21:00:00+00:00,2021-04-25 22:00:00+00:00,45045.665,861.5474999999999,7769.7225,0.0,41373.35,8631.27,0.9248025743285088,-0.3804473662878516,-0.7071067811865477,0.7071067811865474,-0.7818314824680299,0.6234898018587334,0,weekend,20.122500000000002
2021-04-26,2021,4,26,116,21,0,70.69,2021-04-26 21:00:00+00:00,2021-04-26 22:00:00+00:00,50103.165,422.5225,9785.6375,0.0,49431.56,10208.16,0.9181214482844364,-0.3962991372689181,-0.7071067811865477,0.7071067811865474,0.0,1.0,0,weekday,20.2
2021-04-27,2021,4,27,117,21,1,57.23,2021-04-27 21:00:00+00:00,2021-04-27 22:00:00+00:00,50831.7325,2794.0425,15092.71,0.0,53843.75,17886.7525,0.9111686353326632,-0.4120336369594263,-0.7071067811865477,0.7071067811865474,0.7818314824680298,0.6234898018587336,0,weekday,19.93
2021-04-28,2021,4,28,118,21,2,64.29,2021-04-28 21:00:00+00:00,2021-04-28 22:00:00+00:00,51540.165,3263.28,13177.645,0.0,52012.28,16440.925,0.9039461929224012,-0.4276462092677746,-0.7071067811865477,0.7071067811865474,0.9749279121818236,-0.2225209339563143,0,weekday,21.79
2021-04-29,2021,4,29,119,21,3,56.56,2021-04-29 21:00:00+00:00,2021-04-29 22:00:00+00:00,52876.3925,2601.045,14671.1175,0.0,53574.3,17272.1625,0.8964562582905575,-0.4431322341826345,-0.7071067811865477,0.7071067811865474,0.4338837391175582,-0.900968867902419,0,weekday,21.665
2021-04-30,2021,4,30,120,21,4,75.23,2021-04-30 21:00:00+00:00,2021-04-30 22:00:00+00:00,50603.66,141.2175,2708.67,0.0,44924.16,2849.8875000000003,0.8887010478292915,-0.4584871291400876,-0.7071067811865477,0.7071067811865474,-0.433883739117558,-0.9009688679024191,0,weekday,22.965
2021-05-01,2021,5,1,121,21,5,60.34,2021-05-01 21:00:00+00:00,2021-05-01 22:00:00+00:00,46341.375,2372.4575,6638.0975,0.0,38815.99,9010.555,0.8806828564301475,-0.47370635037968,-0.7071067811865477,0.7071067811865474,-0.9749279121818236,-0.2225209339563146,1,holiday,23.285
2021-05-02,2021,5,2,122,21,6,61.68,2021-05-02 21:00:00+00:00,2021-05-02 22:00:00+00:00,47189.0325,1796.2525,13007.38,0.0,41945.63,14803.6325,0.8724040568049612,-0.4887853942889926,-0.7071067811865477,0.7071067811865474,-0.7818314824680299,0.6234898018587334,0,weekend,23.55
2021-05-03,2021,5,3,123,21,0,68.7,2021-05-03 21:00:00+00:00,2021-05-03 22:00:00+00:00,51123.815,3037.5275,15034.955,0.0,49234.96,18072.4825,0.8638670987837349,-0.503719798736334,-0.7071067811865477,0.7071067811865474,0.0,1.0,0,weekday,23.815
2021-05-04,2021,5,4,124,21,1,47.69,2021-05-04 21:00:00+00:00,2021-05-04 22:00:00+00:00,53172.7675,4299.12,33895.1325,0.0,61194.14,38194.2525,0.8550745085896932,-0.518505144391157,-0.7071067811865477,0.7071067811865474,0.7818314824680298,0.6234898018587336,0,weekday,24.105
2021-05-05,2021,5,5,125,21,2,55.73,2021-05-05 21:00:00+00:00,2021-05-05 22:00:00+00:00,53808.635,4249.945,26964.74,0.0,58690.09,31214.685,0.8460288880917339,-0.533137056031809,-0.7071067811865477,0.7071067811865474,0.9749279121818236,-0.2225209339563143,0,weekday,23.4
2021-05-06,2021,5,6,126,21,3,80.0,2021-05-06 21:00:00+00:00,2021-05-06 22:00:00+00:00,57892.43,268.3975,4466.245,0.0,42950.27,4734.6425,0.8367329140344921,-0.5476112038402312,-0.7071067811865477,0.7071067811865474,0.4338837391175582,-0.900968867902419,0,weekday,24.13
2021-05-07,2021,5,7,127,21,4,76.84,2021-05-07 21:00:00+00:00,2021-05-07 22:00:00+00:00,53855.47,1718.645,11068.435,0.0,44856.57,12787.08,0.8271893372462497,-0.5619233046832195,-0.7071067811865477,0.7071067811865474,-0.433883739117558,-0.9009688679024191,0,weekday,24.225
2021-05-08,2021,5,8,128,21,5,56.53,2021-05-08 21:00:00+00:00,2021-05-08 22:00:00+00:00,45469.7975,4198.8725,21114.1825,0.0,49622.65,25313.055,0.8174009818249189,-0.5760691233798758,-0.7071067811865477,0.7071067811865474,-0.9749279121818236,-0.2225209339563146,0,weekend,23.94
2021-05-09,2021,5,9,129,21,6,53.74,2021-05-09 21:00:00+00:00,2021-05-09 22:00:00+00:00,46678.9875,1721.1425,22844.22,0.0,45427.53,24565.362500000003,0.8073707443023492,-0.5900444739548627,-0.7071067811865477,0.7071067811865474,-0.7818314824680299,0.6234898018587334,0,weekend,24.5575
2021-05-10,2021,5,10,130,21,0,79.91,2021-05-10 21:00:00+00:00,2021-05-10 22:00:00+00:00,52704.0375,1078.8075,5921.5975,0.0,42388.44,7000.405,0.7971015927871943,-0.6038452208771035,-0.7071067811865477,0.7071067811865474,0.0,1.0,0,weekday,25.175
2021-05-11,2021,5,11,131,21,1,75.34,2021-05-11 21:00:00+00:00,2021-05-11 22:00:00+00:00,53009.2675,1344.6225,8771.4125,0.0,46864.29,10116.035,0.7865965660866021,-0.6174672802835514,-0.7071067811865477,0.7071067811865474,0.7818314824680298,0.6234898018587336,0,weekday,24.8
2021-05-12,2021,5,12,132,21,2,74.51,2021-05-12 21:00:00+00:00,2021-05-12 22:00:00+00:00,51488.28,342.925,5240.900000000001,0.0,42095.45,5583.825000000001,0.7758587728069828,-0.6309066211876704,-0.7071067811865477,0.7071067811865474,0.9749279121818236,-0.2225209339563143,0,weekday,26.44
2021-05-13,2021,5,13,133,21,3,78.35,2021-05-13 21:00:00+00:00,2021-05-13 22:00:00+00:00,45577.8525,918.5675,6178.85,0.0,38330.67,7097.4175000000005,0.7648913904341225,-0.6441592666722685,-0.7071067811865477,0.7071067811865474,0.4338837391175582,-0.900968867902419,1,holiday,25.75
2021-05-14,2021,5,14,134,21,4,85.0,2021-05-14 21:00:00+00:00,2021-05-14 22:00:00+00:00,48600.8225,589.8725,4276.145,0.0,37097.13,4866.0175,0.753697664392914,-0.6572212950663319,-0.7071067811865477,0.7071067811865474,-0.433883739117558,-0.9009688679024191,0,weekday,26.35
2021-05-15,2021,5,15,135,21,5,70.73,2021-05-15 21:00:00+00:00,2021-05-15 22:00:00+00:00,46722.5125,704.7975,9020.695,0.0,38787.45,9725.4925,0.742280907086982,-0.6700888411055113,-0.7071067811865477,0.7071067811865474,-0.9749279121818236,-0.2225209339563146,0,weekend,26.83
2021-05-16,2021,5,16,136,21,6,79.57,2021-05-16 21:00:00+00:00,2021-05-16 22:00:00+00:00,47916.095,289.145,7228.33,0.0,36260.31,7517.475,0.7306444969184916,-0.6827580970759147,-0.7071067811865477,0.7071067811865474,-0.7818314824680299,0.6234898018587334,0,weekend,26.465
2021-05-17,2021,5,17,137,21,0,82.0,2021-05-17 21:00:00+00:00,2021-05-17 22:00:00+00:00,52676.365,246.495,9708.3925,0.0,41889.87,9954.8875,0.7187918772884232,-0.6952253139408722,-0.7071067811865477,0.7071067811865474,0.0,1.0,0,weekday,26.1
2021-05-18,2021,5,18,138,21,1,83.7,2021-05-18 21:00:00+00:00,2021-05-18 22:00:00+00:00,51867.975,306.5275,5020.6425,0.0,41355.62,5327.17,0.7067265555776158,-0.7074868024503348,-0.7071067811865477,0.7071067811865474,0.7818314824680298,0.6234898018587336,0,weekday,25.4
2021-05-19,2021,5,19,139,21,2,87.07,2021-05-19 21:00:00+00:00,2021-05-19 22:00:00+00:00,51533.52,559.24,3927.9225,0.0,42475.6,4487.1625,0.6944521021088763,-0.719538934232584,-0.7071067811865477,0.7071067811865474,0.9749279121818236,-0.2225209339563143,0,weekday,24.05
2021-05-20,2021,5,20,140,21,3,76.96,2021-05-20 21:00:00+00:00,2021-05-20 22:00:00+00:00,51383.2875,2311.65,7552.7,0.0,44296.62,9864.35,0.6819721490904629,-0.7313781428679254,-0.7071067811865477,0.7071067811865474,0.4338837391175582,-0.900968867902419,0,weekday,23.1
2021-05-21,2021,5,21,141,21,4,55.1,2021-05-21 21:00:00+00:00,2021-05-21 22:00:00+00:00,50053.2325,5125.797500000001,18715.755,0.0,53165.53,23841.5525,0.6692903895412567,-0.7430009249440493,-0.7071067811865477,0.7071067811865474,-0.433883739117558,-0.9009688679024191,0,weekday,25.3
2021-05-22,2021,5,22,142,21,5,47.44,2021-05-22 21:00:00+00:00,2021-05-22 22:00:00+00:00,45429.2075,5645.5525,20319.82,0.0,50443.88,25965.3725,0.6564105761979381,-0.7544038410927472,-0.7071067811865477,0.7071067811865474,-0.9749279121818236,-0.2225209339563146,0,weekend,24.795
2021-05-23,2021,5,23,143,21,6,74.85,2021-05-23 21:00:00+00:00,2021-05-23 22:00:00+00:00,43015.442500000005,2234.8075,7258.4075,0.0,37624.51,9493.215,0.6433365204044917,-0.765583517007675,-0.7071067811865477,0.7071067811865474,-0.7818314824680299,0.6234898018587334,0,weekend,24.635
2021-05-24,2021,5,24,144,21,0,62.03,2021-05-24 21:00:00+00:00,2021-05-24 22:00:00+00:00,44462.66,1577.68,13272.45,0.0,43594.45,14850.13,0.6300720909843687,-0.7765366444428655,-0.7071067811865477,0.7071067811865474,0.0,1.0,1,holiday,24.475
2021-05-25,2021,5,25,145,21,1,77.09,2021-05-25 21:00:00+00:00,2021-05-25 22:00:00+00:00,50205.19,2997.3125,19487.32,0.0,53218.63,22484.6325,0.6166212130956382,-0.7872599821916922,-0.7071067811865477,0.7071067811865474,0.7818314824680298,0.6234898018587336,0,weekday,25.25
2021-05-26,2021,5,26,146,21,2,75.28,2021-05-26 21:00:00+00:00,2021-05-26 22:00:00+00:00,50893.4175,4082.4525,19235.92,0.0,55224.39,23318.3725,0.6029878670694714,-0.7977503570459932,-0.7071067811865477,0.7071067811865474,0.9749279121818236,-0.2225209339563143,0,weekday,26.775
2021-05-27,2021,5,27,147,21,3,84.04,2021-05-27 21:00:00+00:00,2021-05-27 22:00:00+00:00,51491.465,1318.7375,8703.345000000001,0.0,47728.88,10022.0825,0.5891760872322963,-0.8080046647350754,-0.7071067811865477,0.7071067811865474,0.4338837391175582,-0.900968867902419,0,weekday,25.645
2021-05-28,2021,5,28,148,21,4,80.03,2021-05-28 21:00:00+00:00,2021-05-28 22:00:00+00:00,50924.1425,370.405,4529.6775,0.0,43117.97,4900.0825,0.5751899607119775,-0.8180198708443174,-0.7071067811865477,0.7071067811865474,-0.433883739117558,-0.9009688679024191,0,weekday,25.1
2021-05-29,2021,5,29,149,21,5,70.99,2021-05-29 21:00:00+00:00,2021-05-29 22:00:00+00:00,45455.5,896.795,6266.3975,0.0,39049.87,7163.1925,0.5610336262283677,-0.8277930117131022,-0.7071067811865477,0.7071067811865474,-0.9749279121818236,-0.2225209339563146,0,weekend,24.93
2021-05-30,2021,5,30,150,21,6,75.43,2021-05-30 21:00:00+00:00,2021-05-30 22:00:00+00:00,47505.135,217.025,6905.88,0.0,38677.91,7122.905,0.5467112728685939,-0.8373211953118121,-0.7071067811865477,0.7071067811865474,-0.7818314824680299,0.6234898018587334,0,weekend,25.013333333333332
2021-05-31,2021,5,31,151,21,0,79.9,2021-05-31 21:00:00+00:00,2021-05-31 22:00:00+00:00,48942.845,899.7375,5939.73,0.0,42758.97,6839.4675,0.5322271388474397,-0.8466016020976267,-0.7071067811865477,0.7071067811865474,0.0,1.0,0,weekday,25.096666666666668
2021-06-01,2021,6,1,152,21,1,75.31,2021-06-01 21:00:00+00:00,2021-06-01 22:00:00+00:00,49804.275,1139.91,8517.7225,0.0,44919.86,9657.6325,0.5175855102531889,-0.8556314858488706,-0.7071067811865477,0.7071067811865474,0.7818314824680298,0.6234898018587336,0,weekday,25.18
2021-06-02,2021,6,2,153,21,2,73.93,2021-06-02 21:00:00+00:00,2021-06-02 22:00:00+00:00,49551.165,4509.94,14376.695,0.0,50655.32,18886.635,0.5027907197793043,-0.8644081744776648,-0.7071067811865477,0.7071067811865474,0.9749279121818236,-0.2225209339563143,0,weekday,25.7
2021-06-03,2021,6,3,154,21,3,79.32,2021-06-03 21:00:00+00:00,2021-06-03 22:00:00+00:00,46189.7825,1417.41,9243.4625,0.0,43291.49,10660.8725,0.4878471454423119,-0.8729290708206411,-0.7071067811865477,0.7071067811865474,0.4338837391175582,-0.900968867902419,0,weekday,26.25
2021-06-04,2021,6,4,155,21,4,78.21,2021-06-04 21:00:00+00:00,2021-06-04 22:00:00+00:00,49175.345,702.1825,4283.8625,0.0,38915.22,4986.045,0.4727592092862775,-0.881191653407483,-0.7071067811865477,0.7071067811865474,-0.433883739117558,-0.9009688679024191,0,weekday,25.75
2021-06-05,2021,6,5,156,21,5,72.37,2021-06-05 21:00:00+00:00,2021-06-05 22:00:00+00:00,45148.1225,1141.4225,7629.1825,0.0,39421.05,8770.605,0.4575313760742512,-0.8891934772070711,-0.7071067811865477,0.7071067811865474,-0.9749279121818236,-0.2225209339563146,0,weekend,25.795
2021-06-06,2021,6,6,157,21,6,80.1,2021-06-06 21:00:00+00:00,2021-06-06 22:00:00+00:00,45220.43,1534.0875,4111.3925,0.0,36651.23,5645.48,0.442168151967072,-0.8969321743510065,-0.7071067811865477,0.7071067811865474,-0.7818314824680299,0.6234898018587334,0,weekend,25.8475
2021-06-07,2021,6,7,158,21,0,84.95,2021-06-07 21:00:00+00:00,2021-06-07 22:00:00+00:00,50615.9525,339.175,5013.145,0.0,43108.87,5352.320000000001,0.4266740831899246,-0.9044054548343,-0.7071067811865477,0.7071067811865474,0.0,1.0,0,weekday,25.9
2021-06-08,2021,6,8,159,21,1,83.96,2021-06-08 21:00:00+00:00,2021-06-08 22:00:00+00:00,50572.685,210.3825,4236.215,0.0,44038.4,4446.5975,0.4110537546870351,-0.911611107193024,-0.7071067811865477,0.7071067811865474,0.7818314824680298,0.6234898018587336,0,weekday,27.475
2021-06-09,2021,6,9,160,21,2,85.0,2021-06-09 21:00:00+00:00,2021-06-09 22:00:00+00:00,49925.4675,364.4525,1539.7325,0.0,42491.01,1904.185,0.3953117887649151,-0.9185469991587164,-0.7071067811865477,0.7071067811865474,0.9749279121818236,-0.2225209339563143,0,weekday,27.9
2021-06-10,2021,6,10,161,21,3,87.25,2021-06-10 21:00:00+00:00,2021-06-10 22:00:00+00:00,50353.55,297.7875,1591.58,0.0,41770.24,1889.3675,0.3794528437245443,-0.925211078289358,-0.7071067811865477,0.7071067811865474,0.4338837391175582,-0.900968867902419,0,weekday,28.275
2021-06-11,2021,6,11,162,21,4,85.46,2021-06-11 21:00:00+00:00,2021-06-11 22:00:00+00:00,49250.5175,2765.9925,4362.37,0.0,41076.29,7128.362499999999,0.3634816124829063,-0.9316013725767188,-0.7071067811865477,0.7071067811865474,-0.433883739117558,-0.9009688679024191,0,weekday,28.5
2021-06-12,2021,6,12,163,21,5,54.91,2021-06-12 21:00:00+00:00,2021-06-12 22:00:00+00:00,42729.175,4002.16,17364.149999999998,0.0,42771.5,21366.31,0.3474028211842774,-0.9377159910299092,-0.7071067811865477,0.7071067811865474,-0.9749279121818236,-0.2225209339563146,0,weekend,27.845
2021-06-13,2021,6,13,164,21,6,83.99,2021-06-13 21:00:00+00:00,2021-06-13 22:00:00+00:00,44246.7925,1111.835,4652.095,0.0,33422.58,5763.93,0.3312212278016865,-0.9435531242349544,-0.7071067811865477,0.7071067811865474,-0.7818314824680299,0.6234898018587334,0,weekend,28.4725
2021-06-14,2021,6,14,165,21,0,90.0,2021-06-14 21:00:00+00:00,2021-06-14 22:00:00+00:00,50189.02,1602.1925,4183.905,0.0,41986.45,5786.0975,0.3149416207289519,-0.9491110448902284,-0.7071067811865477,0.7071067811865474,0.0,1.0,0,weekday,29.1
2021-06-15,2021,6,15,166,21,1,91.77,2021-06-15 21:00:00+00:00,2021-06-15 22:00:00+00:00,50466.285,114.8,4250.01,0.0,43898.54,4364.81,0.2985688173637202,-0.9543881083175908,-0.7071067811865477,0.7071067811865474,0.7818314824680298,0.6234898018587336,0,weekday,28.3
2021-06-16,2021,6,16,167,21,2,87.97,2021-06-16 21:00:00+00:00,2021-06-16 22:00:00+00:00,50324.0325,3120.455,12471.3875,0.0,51898.63,15591.8425,0.2821076626819194,-0.9593827529490744,-0.7071067811865477,0.7071067811865474,0.9749279121818236,-0.2225209339563143,0,weekday,28.0
2021-06-17,2021,6,17,168,21,3,91.03,2021-06-17 21:00:00+00:00,2021-06-17 22:00:00+00:00,51200.505000000005,1306.025,11097.18,0.0,48324.49,12403.205,0.2655630278040559,-0.9640935007889756,-0.7071067811865477,0.7071067811865474,0.4338837391175582,-0.900968867902419,0,weekday,27.8
2021-06-18,2021,6,18,169,21,4,85.86,2021-06-18 21:00:00+00:00,2021-06-18 22:00:00+00:00,50504.9375,4008.235,8674.785,0.0,47886.96,12683.02,0.2489398085537665,-0.9685189578512204,-0.7071067811865477,0.7071067811865474,-0.433883739117558,-0.9009688679024191,0,weekday,28.935
2021-06-19,2021,6,19,170,21,5,83.98,2021-06-19 21:00:00+00:00,2021-06-19 22:00:00+00:00,46137.4625,548.7175,6458.605,0.0,38488.37,7007.322499999999,0.2322429240090701,-0.9726578145718654,-0.7071067811865477,0.7071067811865474,-0.9749279121818236,-0.2225209339563146,0,weekend,29.405
2021-06-20,2021,6,20,171,21,6,88.13,2021-06-20 21:00:00+00:00,2021-06-20 22:00:00+00:00,45314.03,805.535,6858.282499999999,0.0,37638.69,7663.817499999999,0.2154773150467301,-0.976508846196619,-0.7071067811865477,0.7071067811865474,-0.7818314824680299,0.6234898018587334,0,weekend,29.6875
2021-06-21,2021,6,21,172,21,0,86.09,2021-06-21 21:00:00+00:00,2021-06-21 22:00:00+00:00,51124.0725,3700.93,7260.6825,0.0,47188.08,10961.6125,0.1986479428801711,-0.9800709131432666,-0.7071067811865477,0.7071067811865474,0.0,1.0,0,weekday,29.97
2021-06-22,2021,6,22,173,21,1,90.68,2021-06-22 21:00:00+00:00,2021-06-22 22:00:00+00:00,50663.6625,1777.3175,5003.45,0.0,46126.93,6780.7675,0.1817597875913753,-0.9833429613388902,-0.7071067811865477,0.7071067811865474,0.7818314824680298,0.6234898018587336,0,weekday,30.05
2021-06-23,2021,6,23,174,21,2,93.35,2021-06-23 21:00:00+00:00,2021-06-23 22:00:00+00:00,51696.115,452.29,4608.9675,0.0,46517.08,5061.2575,0.1648178466571979,-0.9863240225317866,-0.7071067811865477,0.7071067811865474,0.9749279121818236,-0.2225209339563143,0,weekday,31.35
2021-06-24,2021,6,24,175,21,3,94.32,2021-06-24 21:00:00+00:00,2021-06-24 22:00:00+00:00,50953.5425,291.745,3235.4275,0.0,44934.24,3527.1725,0.1478271334705304,-0.9890132145779884,-0.7071067811865477,0.7071067811865474,0.4338837391175582,-0.900968867902419,0,weekday,31.55
2021-06-25,2021,6,25,176,21,4,98.38,2021-06-25 21:00:00+00:00,2021-06-25 22:00:00+00:00,49128.037500000006,152.1725,980.03,0.0,40389.16,1132.2025,0.1307926758567592,-0.9914097417023038,-0.7071067811865477,0.7071067811865474,-0.433883739117558,-0.9009688679024191,0,weekday,31.95
2021-06-26,2021,6,26,177,21,5,91.03,2021-06-26 21:00:00+00:00,2021-06-26 22:00:00+00:00,43807.6575,193.515,2921.2475,0.0,35314.79,3114.7625,0.1137195145859496,-0.9935128947338008,-0.7071067811865477,0.7071067811865474,-0.9749279121818236,-0.2225209339563146,0,weekend,32.385
2021-06-27,2021,6,27,178,21,6,92.91,2021-06-27 21:00:00+00:00,2021-06-27 22:00:00+00:00,45291.5225,651.9025,4528.4075,0.0,36941.18,5180.31,0.0966127018812031,-0.9953220513156602,-0.7071067811865477,0.7071067811865474,-0.7818314824680299,0.6234898018587334,0,weekend,32.2425
2021-06-28,2021,6,28,179,21,0,97.49,2021-06-28 21:00:00+00:00,2021-06-28 22:00:00+00:00,50882.0725,2520.0175,6416.34,0.0,45929.46,8936.3575,0.0794772999236209,-0.9968366760893436,-0.7071067811865477,0.7071067811865474,0.0,1.0,0,weekday,32.1
2021-06-29,2021,6,29,180,21,1,94.97,2021-06-29 21:00:00+00:00,2021-06-29 22:00:00+00:00,51491.055,2476.3325,4682.8425,0.0,46722.5,7159.174999999999,0.062318379354325,-0.998056320853012,-0.7071067811865477,0.7071067811865474,0.7818314824680298,0.6234898018587336,0,weekday,32.855
2021-06-30,2021,6,30,181,21,2,96.01,2021-06-30 21:00:00+00:00,2021-06-30 22:00:00+00:00,52011.0725,1229.31,8285.565,0.0,46373.94,9514.875,0.0451410177739719,-0.998980624694158,-0.7071067811865477,0.7071067811865474,0.9749279121818236,-0.2225209339563143,0,weekday,33.875
2021-07-01,2021,7,1,182,21,3,98.17,2021-07-01 21:00:00+00:00,2021-07-01 22:00:00+00:00,51563.695,1363.9775,8046.235,0.0,44517.34,9410.2125,0.0279502982402103,-0.999609314096404,-0.7071067811865477,0.7071067811865474,0.4338837391175582,-0.900968867902419,0,weekday,35.5
2021-07-02,2021,7,2,183,21,4,105.02,2021-07-02 21:00:00+00:00,2021-07-02 22:00:00+00:00,49672.9925,361.205,2271.5325,0.0,38520.28,2632.7375,0.0107513077635219,-0.9999422030204416,-0.7071067811865477,0.7071067811865474,-0.433883739117558,-0.9009688679024191,0,weekday,34.925
2021-07-03,2021,7,3,184,21,5,106.95,2021-07-03 21:00:00+00:00,2021-07-03 22:00:00+00:00,43294.8825,392.4725,1554.375,0.0,34652.65,1946.8475,-0.0064508641981051,-0.9999791929590824,-0.7071067811865477,0.7071067811865474,-0.9749279121818236,-0.2225209339563146,0,weekend,35.827
2021-07-04,2021,7,4,185,21,6,104.92,2021-07-04 21:00:00+00:00,2021-07-04 22:00:00+00:00,44246.33,399.255,5007.7175,0.0,37285.97,5406.9725,-0.0236511272452315,-0.9997202729664084,-0.7071067811865477,0.7071067811865474,-0.7818314824680299,0.6234898018587334,0,weekend,36.30133333333333
2021-07-05,2021,7,5,186,21,0,103.96,2021-07-05 21:00:00+00:00,2021-07-05 22:00:00+00:00,51017.9075,592.0725,5107.035,0.0,42374.24,5699.1075,-0.0408443915432961,-0.9991655196610107,-0.7071067811865477,0.7071067811865474,0.0,1.0,0,weekday,36.775666666666666
2021-07-06,2021,7,6,187,21,1,101.91,2021-07-06 21:00:00+00:00,2021-07-06 22:00:00+00:00,51384.7175,5030.2775,10045.3825,0.0,47579.65,15075.66,-0.0580255693287803,-0.9983150972033183,-0.7071067811865477,0.7071067811865474,0.7818314824680298,0.6234898018587336,0,weekday,37.25
2021-07-07,2021,7,7,188,21,2,114.91,2021-07-07 21:00:00+00:00,2021-07-07 22:00:00+00:00,49649.9575,799.6575,2245.62,0.0,42557.02,3045.2775,-0.0751895764147585,-0.9971692572470178,-0.7071067811865477,0.7071067811865474,0.9749279121818236,-0.2225209339563143,0,weekday,34.315
2021-07-08,2021,7,8,189,21,3,111.04,2021-07-08 21:00:00+00:00,2021-07-08 22:00:00+00:00,50943.6775,92.6175,2493.8175,0.0,42905.0,2586.435,-0.0923313336953912,-0.9957283388645872,-0.7071067811865477,0.7071067811865474,0.4338837391175582,-0.900968867902419,0,weekday,32.29
2021-07-09,2021,7,9,190,21,4,96.69,2021-07-09 21:00:00+00:00,2021-07-09 22:00:00+00:00,48297.3125,373.1775,3482.565,0.0,41865.29,3855.7425,-0.1094457686489155,-0.993992768446958,-0.7071067811865477,0.7071067811865474,-0.433883739117558,-0.9009688679024191,0,weekday,35.84
2021-07-10,2021,7,10,191,21,5,98.5,2021-07-10 21:00:00+00:00,2021-07-10 22:00:00+00:00,42715.06,136.59,2309.08,0.0,36258.15,2445.67,-0.1265278168386831,-0.9919630595773395,-0.7071067811865477,0.7071067811865474,-0.9749279121818236,-0.2225209339563146,0,weekend,36.632
2021-07-11,2021,7,11,192,21,6,103.63,2021-07-11 21:00:00+00:00,2021-07-11 22:00:00+00:00,43731.055,1652.7675,3522.3450000000003,0.0,39068.78,5175.1125,-0.1435724234118113,-0.9896398128792412,-0.7071067811865477,0.7071067811865474,-0.7818314824680299,0.6234898018587334,0,weekend,35.933499999999995
2021-07-12,2021,7,12,193,21,0,102.26,2021-07-12 21:00:00+00:00,2021-07-12 22:00:00+00:00,49124.75,1659.2424999999998,4610.1425,0.0,42761.69,6269.385,-0.1605745445949937,-0.9870237158387384,-0.7071067811865477,0.7071067811865474,0.0,1.0,0,weekday,35.235
2021-07-13,2021,7,13,194,21,1,95.03,2021-07-13 21:00:00+00:00,2021-07-13 22:00:00+00:00,49310.375,745.6725,8246.8225,0.0,45757.4,8992.495,-0.1775291491870349,-0.984115542601034,-0.7071067811865477,0.7071067811865474,0.7818314824680298,0.6234898018587336,0,weekday,34.305
2021-07-14,2021,7,14,195,21,2,85.5,2021-07-14 21:00:00+00:00,2021-07-14 22:00:00+00:00,49797.9425,4591.405,9411.215,0.0,45020.97,14002.62,-0.1944312200476619,-0.9809161537413774,-0.7071067811865477,0.7071067811865474,0.9749279121818236,-0.2225209339563143,0,weekday,34.835
2021-07-15,2021,7,15,196,21,3,90.86,2021-07-15 21:00:00+00:00,2021-07-15 22:00:00+00:00,50116.9475,4520.2525000000005,7401.6,0.0,44099.74,11921.8525,-0.2112757555821793,-0.9774264960104057,-0.7071067811865477,0.7071067811865474,0.4338837391175582,-0.900968867902419,0,weekday,34.2
2021-07-16,2021,7,16,197,21,4,91.17,2021-07-16 21:00:00+00:00,2021-07-16 22:00:00+00:00,49488.5325,4445.4575,7572.035,0.0,44588.66,12017.4925,-0.2280577712215198,-0.9736476020539838,-0.7071067811865477,0.7071067811865474,-0.433883739117558,-0.9009688679024191,0,weekday,35.1
2021-07-17,2021,7,17,198,21,5,75.62,2021-07-17 21:00:00+00:00,2021-07-17 22:00:00+00:00,43117.2175,1615.625,14799.935,0.0,39632.02,16415.559999999998,-0.2447723008972595,-0.9695805901076308,-0.7071067811865477,0.7071067811865474,-0.9749279121818236,-0.2225209339563146,0,weekend,34.84
2021-07-18,2021,7,18,199,21,6,94.19,2021-07-18 21:00:00+00:00,2021-07-18 22:00:00+00:00,44622.095,2787.055,8184.4725,0.0,37713.89,10971.5275,-0.2614143985111562,-0.965226663665613,-0.7071067811865477,0.7071067811865474,-0.7818314824680299,0.6234898018587334,0,weekend,35.645
2021-07-19,2021,7,19,200,21,0,103.86,2021-07-19 21:00:00+00:00,2021-07-19 22:00:00+00:00,49584.9775,1452.0375,4881.245,0.0,40513.75,6333.282499999999,-0.2779791393987801,-0.9605871111248128,-0.7071067811865477,0.7071067811865474,0.0,1.0,0,weekday,36.45
2021-07-20,2021,7,20,201,21,1,106.0,2021-07-20 21:00:00+00:00,2021-07-20 22:00:00+00:00,49617.1675,1474.9475,5076.5825,0.0,42545.84,6551.530000000001,-0.2944616217868012,-0.9556633054034704,-0.7071067811865477,0.7071067811865474,0.7818314824680298,0.6234898018587336,0,weekday,35.095
2021-07-21,2021,7,21,202,21,2,104.59,2021-07-21 21:00:00+00:00,2021-07-21 22:00:00+00:00,49705.955,527.125,2001.82,0.0,39999.47,2528.945,-0.3108569682435036,-0.9504567035349152,-0.7071067811865477,0.7071067811865474,0.9749279121818236,-0.2225209339563143,0,weekday,35.5
2021-07-22,2021,7,22,203,21,3,97.06,2021-07-22 21:00:00+00:00,2021-07-22 22:00:00+00:00,50235.27,930.895,3064.35,0.0,40408.52,3995.245,-0.3271603271220951,-0.9449688462364056,-0.7071067811865477,0.7071067811865474,0.4338837391175582,-0.900968867902419,0,weekday,35.675
2021-07-23,2021,7,23,204,21,4,95.15,2021-07-23 21:00:00+00:00,2021-07-23 22:00:00+00:00,48628.7225,66.7475,4721.71,0.0,39942.61,4788.4575,-0.343366873996388,-0.939201357453208,-0.7071067811865477,0.7071067811865474,-0.433883739117558,-0.9009688679024191,0,weekday,35.815
2021-07-24,2021,7,24,205,21,5,79.5,2021-07-24 21:00:00+00:00,2021-07-24 22:00:00+00:00,43883.9725,2964.0075,11079.35,0.0,39999.6,14043.3575,-0.3594718130884232,-0.9331559438780432,-0.7071067811865477,0.7071067811865474,-0.9749279121818236,-0.2225209339563146,0,weekend,35.525
2021-07-25,2021,7,25,206,21,6,91.86,2021-07-25 21:00:00+00:00,2021-07-25 22:00:00+00:00,44605.4075,1290.4175,2787.265,0.0,34734.78,4077.6825,-0.3754703786876202,-0.9268343944460494,-0.7071067811865477,0.7071067811865474,-0.7818314824680299,0.6234898018587334,0,weekend,35.832499999999996
2021-07-26,2021,7,26,207,21,0,95.0,2021-07-26 21:00:00+00:00,2021-07-26 22:00:00+00:00,49674.8775,350.7075,5042.115,0.0,40826.55,5392.8225,-0.3913578365610259,-0.9202385798054076,-0.7071067811865477,0.7071067811865474,0.0,1.0,0,weekday,36.14
2021-07-27,2021,7,27,208,21,1,93.99,2021-07-27 21:00:00+00:00,2021-07-27 22:00:00+00:00,49940.96,708.925,4789.545,0.0,41177.51,5498.47,-0.4071294853542516,-0.9133704517637858,-0.7071067811865477,0.7071067811865474,0.7818314824680298,0.6234898018587336,0,weekday,37.695
2021-07-28,2021,7,28,209,21,2,83.02,2021-07-28 21:00:00+00:00,2021-07-28 22:00:00+00:00,49729.8675,4547.54,12565.375,0.0,46406.6,17112.915,-0.4227806579826773,-0.9062320427107696,-0.7071067811865477,0.7071067811865474,0.9749279121818236,-0.2225209339563143,0,weekday,38.465
2021-07-29,2021,7,29,210,21,3,92.95,2021-07-29 21:00:00+00:00,2021-07-29 22:00:00+00:00,49647.0325,5577.585,10319.9175,0.0,45059.25,15897.5025,-0.4383067230125192,-0.898825465016444,-0.7071067811865477,0.7071067811865474,0.4338837391175582,-0.900968867902419,0,weekday,40.35
2021-07-30,2021,7,30,211,21,4,85.0,2021-07-30 21:00:00+00:00,2021-07-30 22:00:00+00:00,48684.34,738.375,8430.3275,0.0,38897.79,9168.7025,-0.4537030860313442,-0.8911529104063088,-0.7071067811865477,0.7071067811865474,-0.433883739117558,-0.9009688679024191,0,weekday,40.51
2021-07-31,2021,7,31,212,21,5,65.56,2021-07-31 21:00:00+00:00,2021-07-31 22:00:00+00:00,43592.8375,2717.0625,9985.4075,0.0,37106.31,12702.47,-0.4689651910076318,-0.8832166493127127,-0.7071067811865477,0.7071067811865474,-0.9749279121818236,-0.2225209339563146,0,weekend,40.755
2021-08-01,2021,8,1,213,21,6,72.93,2021-08-01 21:00:00+00:00,2021-08-01 22:00:00+00:00,43375.6925,2576.7875,6624.67,0.0,35996.87,9201.4575,-0.4840885216389758,-0.8750190302029955,-0.7071067811865477,0.7071067811865474,-0.7818314824680299,0.6234898018587334,0,weekend,41.4275
2021-08-02,2021,8,2,214,21,0,104.97,2021-08-02 21:00:00+00:00,2021-08-02 22:00:00+00:00,48364.465,818.9925000000001,3798.7775,0.0,36356.27,4617.77,-0.4990686026885319,-0.8665624788845385,-0.7071067811865477,0.7071067811865474,0.0,1.0,0,weekday,42.1
2021-08-03,2021,8,3,215,21,1,104.9,2021-08-03 21:00:00+00:00,2021-08-03 22:00:00+00:00,48320.4325,64.485,2917.4075000000003,0.0,37916.65,2981.8925000000004,-0.5139010013093103,-0.8578494977869301,-0.7071067811865477,0.7071067811865474,0.7818314824680298,0.6234898018587336,0,weekday,41.59
2021-08-04,2021,8,4,216,21,2,99.22,2021-08-04 21:00:00+00:00,2021-08-04 22:00:00+00:00,47848.34,297.1725,2481.775,0.0,37408.16,2778.9475,-0.5285813283559292,-0.8488826652214553,-0.7071067811865477,0.7071067811865474,0.9749279121818236,-0.2225209339563143,0,weekday,41.54
2021-08-05,2021,8,5,217,21,3,83.0,2021-08-05 21:00:00+00:00,2021-08-05 22:00:00+00:00,47695.6825,2447.095,5371.98,0.0,39014.26,7819.074999999999,-0.5431052396834317,-0.8396646346181327,-0.7071067811865477,0.7071067811865474,0.4338837391175582,-0.900968867902419,0,weekday,41.57
2021-08-06,2021,8,6,218,21,4,79.24,2021-08-06 21:00:00+00:00,2021-08-06 22:00:00+00:00,46456.2375,3021.3625,8452.3625,0.0,40007.89,11473.725,-0.5574684374327892,-0.8301981337405212,-0.7071067811865477,0.7071067811865474,-0.433883739117558,-0.9009688679024191,0,weekday,43.9
2021-08-07,2021,8,7,219,21,5,64.19,2021-08-07 21:00:00+00:00,2021-08-07 22:00:00+00:00,42740.7,2051.3275,12232.8525,0.0,38991.64,14284.18,-0.5716666713027052,-0.8204859638785327,-0.7071067811865477,0.7071067811865474,-0.9749279121818236,-0.2225209339563146,0,weekend,43.12
2021-08-08,2021,8,8,220,21,6,63.73,2021-08-08 21:00:00+00:00,2021-08-08 22:00:00+00:00,43483.095,4840.23,16500.7725,0.0,44284.89,21341.0025,-0.5856957398073508,-0.8105309990194823,-0.7071067811865477,0.7071067811865474,-0.7818314824680299,0.6234898018587334,0,weekend,43.1075
2021-08-09,2021,8,9,221,21,0,96.34,2021-08-09 21:00:00+00:00,2021-08-09 22:00:00+00:00,47600.5225,2196.5675,8117.335,0.0,38969.87,10313.9025,-0.5995514915196489,-0.8003361849976323,-0.7071067811865477,0.7071067811865474,0.0,1.0,0,weekday,43.095
2021-08-10,2021,8,10,222,21,1,111.6,2021-08-10 21:00:00+00:00,2021-08-10 22:00:00+00:00,47543.5475,561.8725,3612.45,0.0,37213.72,4174.3225,-0.6132298262997502,-0.7899045386224707,-0.7071067811865477,0.7071067811865474,0.7818314824680298,0.6234898018587336,0,weekday,44.39
2021-08-11,2021,8,11,223,21,2,117.0,2021-08-11 21:00:00+00:00,2021-08-11 22:00:00+00:00,47020.765,526.02,650.7825,0.0,36127.62,1176.8025,-0.6267266965083301,-0.7792391467859886,-0.7071067811865477,0.7071067811865474,0.9749279121818236,-0.2225209339563143,0,weekday,44.975
2021-08-12,2021,8,12,224,21,3,119.0,2021-08-12 21:00:00+00:00,2021-08-12 22:00:00+00:00,46975.655,592.7375,2635.42,0.0,36506.76,3228.1575000000003,-0.6400381082043503,-0.7683431655492202,-0.7071067811865477,0.7071067811865474,0.4338837391175582,-0.900968867902419,0,weekday,46.15
2021-08-13,2021,8,13,225,21,4,106.91,2021-08-13 21:00:00+00:00,2021-08-13 22:00:00+00:00,45761.99,3178.425,7529.625,0.0,40454.94,10708.05,-0.65316012232693,-0.7572198192083127,-0.7071067811865477,0.7071067811865474,-0.433883739117558,-0.9009688679024191,0,weekday,44.415
2021-08-14,2021,8,14,226,21,5,85.03,2021-08-14 21:00:00+00:00,2021-08-14 22:00:00+00:00,42300.6575,3961.3775,6268.13,0.0,36932.73,10229.5075,-0.666088855860977,-0.7458723993404063,-0.7071067811865477,0.7071067811865474,-0.9749279121818236,-0.2225209339563146,0,weekend,44.63
2021-08-15,2021,8,15,227,21,6,86.77,2021-08-15 21:00:00+00:00,2021-08-15 22:00:00+00:00,42781.6175,1847.47,7700.51,0.0,36215.89,9547.98,-0.6788204829862355,-0.734304263829602,-0.7071067811865477,0.7071067811865474,-0.7818314824680299,0.6234898018587334,0,weekend,45.44
2021-08-16,2021,8,16,228,21,0,68.4,2021-08-16 21:00:00+00:00,2021-08-16 22:00:00+00:00,47213.3325,5863.585,24347.1075,0.0,51541.39,30210.6925,-0.6913512362094071,-0.722518835873311,-0.7071067811865477,0.7071067811865474,0.0,1.0,0,weekday,46.25
2021-08-17,2021,8,17,229,21,1,81.03,2021-08-17 21:00:00+00:00,2021-08-17 22:00:00+00:00,47433.6875,3373.3025,16728.362500000003,0.0,43944.59,20101.665,-0.7036774074790128,-0.7105196029692745,-0.7071067811865477,0.7071067811865474,0.7818314824680298,0.6234898018587336,0,weekday,46.855
2021-08-18,2021,8,18,230,21,2,80.0,2021-08-18 21:00:00+00:00,2021-08-18 22:00:00+00:00,50032.1175,5110.945,17259.7575,0.0,47896.19,22370.7025,-0.7157953492826642,-0.6983101158835584,-0.7071067811865477,0.7071067811865474,0.9749279121818236,-0.2225209339563143,0,weekday,46.395
2021-08-19,2021,8,19,231,21,3,110.07,2021-08-19 21:00:00+00:00,2021-08-19 22:00:00+00:00,49027.355,1084.22,4669.5475,0.0,40348.33,5753.7675,-0.7277014757264236,-0.6858939875998223,-0.7071067811865477,0.7071067811865474,0.4338837391175582,-0.900968867902419,0,weekday,44.375
2021-08-20,2021,8,20,232,21,4,110.69,2021-08-20 21:00:00+00:00,2021-08-20 22:00:00+00:00,47712.91,217.1325,1210.9675,0.0,36687.24,1428.1,-0.7393922635959241,-0.673274892250183,-0.7071067811865477,0.7071067811865474,-0.433883739117558,-0.9009688679024191,0,weekday,41.57
2021-08-21,2021,8,21,233,21,5,106.0,2021-08-21 21:00:00+00:00,2021-08-21 22:00:00+00:00,41627.3675,1236.1525,4861.54,0.0,38235.99,6097.6925,-0.7508642533989489,-0.6604565640279754,-0.7071067811865477,0.7071067811865474,-0.9749279121818236,-0.2225209339563146,0,weekend,41.944
2021-08-22,2021,8,22,234,21,6,90.1,2021-08-22 21:00:00+00:00,2021-08-22 22:00:00+00:00,43557.265,2726.0875,9341.5575,0.0,39168.84,12067.645,-0.7621140503891487,-0.6474427960827475,-0.7071067811865477,0.7071067811865474,-0.7818314824680299,0.6234898018587334,0,weekend,42.1095
2021-08-23,2021,8,23,235,21,0,93.92,2021-08-23 21:00:00+00:00,2021-08-23 22:00:00+00:00,49611.0325,1095.485,10668.0175,0.0,42831.37,11763.5025,-0.7731383255706026,-0.6342374393978054,-0.7071067811865477,0.7071067811865474,0.0,1.0,0,weekday,42.275
2021-08-24,2021,8,24,236,21,1,100.0,2021-08-24 21:00:00+00:00,2021-08-24 22:00:00+00:00,49820.225,340.9425,6175.8525,0.0,40642.25,6516.795,-0.7839338166829201,-0.620844401650647,-0.7071067811865477,0.7071067811865474,0.7818314824680298,0.6234898018587336,0,weekday,43.625
2021-08-25,2021,8,25,237,21,2,81.73,2021-08-25 21:00:00+00:00,2021-08-25 22:00:00+00:00,47974.2375,5521.1575,15736.965,0.0,49295.79,21258.1225,-0.7944973291665992,-0.6072676460566135,-0.7071067811865477,0.7071067811865474,0.9749279121818236,-0.2225209339563143,0,weekday,45.83
2021-08-26,2021,8,26,238,21,3,95.92,2021-08-26 21:00:00+00:00,2021-08-26 22:00:00+00:00,48195.275,5450.385,10741.245,0.0,46539.41,16191.63,-0.8048257371083452,-0.593511190196115,-0.7071067811865477,0.7071067811865474,0.4338837391175582,-0.900968867902419,0,weekday,44.215
2021-08-27,2021,8,27,239,21,4,99.9,2021-08-27 21:00:00+00:00,2021-08-27 22:00:00+00:00,48788.9725,4949.1625,6685.4925,0.0,43183.32,11634.655,-0.8149159841660791,-0.5795791048257612,-0.7071067811865477,0.7071067811865474,-0.433883739117558,-0.9009688679024191,0,weekday,47.806
2021-08-28,2021,8,28,240,21,5,94.08,2021-08-28 21:00:00+00:00,2021-08-28 22:00:00+00:00,42143.285,4855.0625,5815.2025,0.0,38972.04,10670.265,-0.8247650844733614,-0.5654755126737576,-0.7071067811865477,0.7071067811865474,-0.9749279121818236,-0.2225209339563146,0,weekend,47.806
2021-08-29,2021,8,29,241,21,6,91.65,2021-08-29 21:00:00+00:00,2021-08-29 22:00:00+00:00,43458.880000000005,2891.9525,10101.6375,0.0,40498.31,12993.59,-0.8343701235229538,-0.5512045872199277,-0.7071067811865477,0.7071067811865474,-0.7818314824680299,0.6234898018587334,0,weekend,48.328
2021-08-30,2021,8,30,242,21,0,106.64,2021-08-30 21:00:00+00:00,2021-08-30 22:00:00+00:00,48511.77,1409.8575,8819.57,0.0,41684.56,10229.4275,-0.8437282590292712,-0.5367705514607103,-0.7071067811865477,0.7071067811865474,0.0,1.0,0,weekday,48.85
2021-08-31,2021,8,31,243,21,1,106.12,2021-08-31 21:00:00+00:00,2021-08-31 22:00:00+00:00,48722.97,1500.5175,6656.27,0.0,42299.62,8156.7875,-0.8528367217694595,-0.522177676659508,-0.7071067811865477,0.7071067811865474,0.7818314824680298,0.6234898018587336,0,weekday,48.58
2021-09-01,2021,9,1,244,21,2,114.39,2021-09-01 21:00:00+00:00,2021-09-01 22:00:00+00:00,49202.66,720.1875,4157.8875,0.0,40108.91,4878.075,-0.8616928164028522,-0.5074302810827518,-0.7071067811865477,0.7071067811865474,0.9749279121818236,-0.2225209339563143,0,weekday,52.25
2021-09-02,2021,9,2,245,21,3,118.69,2021-09-02 21:00:00+00:00,2021-09-02 22:00:00+00:00,49332.5375,535.6175000000001,2869.5825,0.0,40114.87,3405.2,-0.8702939222685674,-0.4925327287220543,-0.7071067811865477,0.7071067811865474,0.4338837391175582,-0.900968867902419,0,weekday,50.985
2021-09-03,2021,9,3,246,21,4,120.96,2021-09-03 21:00:00+00:00,2021-09-03 22:00:00+00:00,47598.68,1082.1925,4141.1525,0.0,41597.83,5223.345,-0.8786374941610001,-0.4774894280028391,-0.7071067811865477,0.7071067811865474,-0.433883739117558,-0.9009688679024191,0,weekday,51.8
2021-09-04,2021,9,4,247,21,5,122.81,2021-09-04 21:00:00+00:00,2021-09-04 22:00:00+00:00,43117.3675,869.565,5385.0975,0.0,38467.88,6254.6625,-0.886721063082993,-0.4623048304798108,-0.7071067811865477,0.7071067811865474,-0.9749279121818236,-0.2225209339563146,0,weekend,51.505
2021-09-05,2021,9,5,248,21,6,121.99,2021-09-05 21:00:00+00:00,2021-09-05 22:00:00+00:00,43810.49,567.9200000000001,5630.0725,0.0,37763.32,6197.9925,-0.8945422369764496,-0.4469834295196741,-0.7071067811865477,0.7071067811865474,-0.7818314824680299,0.6234898018587334,0,weekend,52.028333333333336
2021-09-06,2021,9,6,249,21,0,132.66,2021-09-06 21:00:00+00:00,2021-09-06 22:00:00+00:00,49619.1625,64.27250000000001,1372.4,0.0,40247.05,1436.6725,-0.9020987014301836,-0.4315297589714714,-0.7071067811865477,0.7071067811865474,0.0,1.0,0,weekday,52.55166666666667
2021-09-07,2021,9,7,250,21,1,126.5,2021-09-07 21:00:00+00:00,2021-09-07 22:00:00+00:00,49927.0475,340.795,3396.99,0.0,43287.12,3737.785,-0.9093882203647924,-0.4159483918249421,-0.7071067811865477,0.7071067811865474,0.7818314824680298,0.6234898018587336,0,weekday,53.075
2021-09-08,2021,9,8,251,21,2,125.01,2021-09-08 21:00:00+00:00,2021-09-08 22:00:00+00:00,48835.925,1276.7175000000002,8198.955,0.0,46964.58,9475.6725,-0.9164086366943458,-0.4002439388573056,-0.7071067811865477,0.7071067811865474,0.9749279121818236,-0.2225209339563143,0,weekday,54.175
2021-09-09,2021,9,9,252,21,3,139.86,2021-09-09 21:00:00+00:00,2021-09-09 22:00:00+00:00,49149.28,685.645,5920.915,0.0,44660.81,6606.56,-0.923157872964704,-0.3844210472688554,-0.7071067811865477,0.7071067811865474,0.4338837391175582,-0.900968867902419,0,weekday,55.6
2021-09-10,2021,9,10,253,21,4,141.52,2021-09-10 21:00:00+00:00,2021-09-10 22:00:00+00:00,48431.1625,461.08,4850.1025,0.0,43123.99,5311.1825,-0.9296339319682696,-0.3684843993077793,-0.7071067811865477,0.7071067811865474,-0.433883739117558,-0.9009688679024191,0,weekday,56.0
2021-09-11,2021,9,11,254,21,5,138.68,2021-09-11 21:00:00+00:00,2021-09-11 22:00:00+00:00,42210.85,1881.5175,5939.735,0.0,39891.19,7821.2525,-0.935834897334994,-0.3524387108846032,-0.7071067811865477,0.7071067811865474,-0.9749279121818236,-0.2225209339563146,0,weekend,57.916
2021-09-12,2021,9,12,255,21,6,129.07,2021-09-12 21:00:00+00:00,2021-09-12 22:00:00+00:00,43660.62,2612.4575,4735.4125,0.0,40805.03,7347.870000000001,-0.9417589340994617,-0.3362887301766828,-0.7071067811865477,0.7071067811865474,-0.7818314824680299,0.6234898018587334,0,weekend,58.632999999999996
2021-09-13,2021,9,13,256,21,0,147.15,2021-09-13 21:00:00+00:00,2021-09-13 22:00:00+00:00,49197.03,125.5,2432.1475,0.0,41441.14,2557.6475,-0.9474042892438844,-0.3200392362231385,-0.7071067811865477,0.7071067811865474,0.0,1.0,0,weekday,59.35
2021-09-14,2021,9,14,257,21,1,144.65,2021-09-14 21:00:00+00:00,2021-09-14 22:00:00+00:00,49285.9475,2404.5025,8959.927500000002,0.0,50135.77,11364.430000000002,-0.9527692922168512,-0.3036950375106588,-0.7071067811865477,0.7071067811865474,0.7818314824680298,0.6234898018587336,0,weekday,64.55
2021-09-15,2021,9,15,258,21,2,162.98,2021-09-15 21:00:00+00:00,2021-09-15 22:00:00+00:00,49590.7775,2204.315,5929.1475,0.0,43890.62,8133.4625,-0.9578523554276668,-0.2872609705505963,-0.7071067811865477,0.7071067811865474,0.9749279121818236,-0.2225209339563143,0,weekday,71.925
2021-09-16,2021,9,16,259,21,3,170.42,2021-09-16 21:00:00+00:00,2021-09-16 22:00:00+00:00,50074.5525,2701.565,9611.855,0.0,49356.6,12313.42,-0.9626519747161488,-0.2707418984477642,-0.7071067811865477,0.7071067811865474,0.4338837391175582,-0.900968867902419,0,weekday,68.535
2021-09-17,2021,9,17,260,21,4,171.27,2021-09-17 21:00:00+00:00,2021-09-17 22:00:00+00:00,48258.38,778.215,3262.7525,0.0,40106.75,4040.9675,-0.9671667297977312,-0.2541427094613622,-0.7071067811865477,0.7071067811865474,-0.433883739117558,-0.9009688679024191,0,weekday,66.75
2021-09-18,2021,9,18,261,21,5,123.73,2021-09-18 21:00:00+00:00,2021-09-18 22:00:00+00:00,42703.6725,2730.685,7280.79,0.0,41913.65,10011.475,-0.97139528468375,-0.2374683155584684,-0.7071067811865477,0.7071067811865474,-0.9749279121818236,-0.2225209339563146,0,weekend,65.103
2021-09-19,2021,9,19,262,21,6,108.76,2021-09-19 21:00:00+00:00,2021-09-19 22:00:00+00:00,44159.345,2581.94,5907.1425,0.0,39755.54,8489.0825,-0.9753363880767836,-0.2207236509605022,-0.7071067811865477,0.7071067811865474,-0.7818314824680299,0.6234898018587334,0,weekend,65.41399999999999
2021-09-20,2021,9,20,263,21,0,154.53,2021-09-20 21:00:00+00:00,2021-09-20 22:00:00+00:00,48867.915,77.67,2027.535,0.0,40498.8,2105.205,-0.978988873740932,-0.2039136706831147,-0.7071067811865477,0.7071067811865474,0.0,1.0,0,weekday,65.725
2021-09-21,2021,9,21,264,21,1,141.3,2021-09-21 21:00:00+00:00,2021-09-21 22:00:00+00:00,49300.9825,1063.16,6092.88,0.0,45593.87,7156.04,-0.9823516608469236,-0.1870433490699165,-0.7071067811865477,0.7071067811865474,0.7818314824680298,0.6234898018587336,0,weekday,72.525
2021-09-22,2021,9,22,265,21,2,113.35,2021-09-22 21:00:00+00:00,2021-09-22 22:00:00+00:00,49729.8225,5159.827499999999,9934.385,0.0,48757.36,15094.2125,-0.9854237542919524,-0.1701176783204905,-0.7071067811865477,0.7071067811865474,0.9749279121818236,-0.2225209339563143,0,weekday,70.1
2021-09-23,2021,9,23,266,21,3,68.61,2021-09-23 21:00:00+00:00,2021-09-23 22:00:00+00:00,50262.105,5479.5175,26722.8875,0.0,54942.04,32202.405,-0.9882042449941422,-0.15314166701312,-0.7071067811865477,0.7071067811865474,0.4338837391175582,-0.900968867902419,0,weekday,68.0
2021-09-24,2021,9,24,267,21,4,90.43,2021-09-24 21:00:00+00:00,2021-09-24 22:00:00+00:00,49355.615,5077.5825,14604.5925,0.0,46413.88,19682.175000000003,-0.9906923101615608,-0.136120338622667,-0.7071067811865477,0.7071067811865474,-0.433883739117558,-0.9009688679024191,0,weekday,68.3
2021-09-25,2021,9,25,268,21,5,164.91,2021-09-25 21:00:00+00:00,2021-09-25 22:00:00+00:00,43094.6875,275.17,2226.3900000000003,0.0,35515.23,2501.5600000000004,-0.9928872135356962,-0.1190587300340498,-0.7071067811865477,0.7071067811865474,-0.9749279121818236,-0.2225209339563146,0,weekend,70.24
2021-09-26,2021,9,26,269,21,6,163.94,2021-09-26 21:00:00+00:00,2021-09-26 22:00:00+00:00,43958.9875,1219.4775,6689.13,0.0,37798.33,7908.6075,-0.994788305609327,-0.1019618900517457,-0.7071067811865477,0.7071067811865474,-0.7818314824680299,0.6234898018587334,0,weekend,72.62
2021-09-27,2021,9,27,270,21,0,127.48,2021-09-27 21:00:00+00:00,2021-09-27 22:00:00+00:00,49801.1225,4023.6975,9869.93,0.0,47390.15,13893.6275,-0.9963950238187232,-0.0848348779057653,-0.7071067811865477,0.7071067811865474,0.0,1.0,0,weekday,75.0
2021-09-28,2021,9,28,271,21,1,164.91,2021-09-28 21:00:00+00:00,2021-09-28 22:00:00+00:00,49833.695,2700.0275,4045.835,0.0,44158.32,6745.8625,-0.9977068927101168,-0.0676827617545516,-0.7071067811865477,0.7071067811865474,0.7818314824680298,0.6234898018587336,0,weekday,83.0
2021-09-29,2021,9,29,272,21,2,93.73,2021-09-29 21:00:00+00:00,2021-09-29 22:00:00+00:00,50285.2875,3442.9225,24437.1425,0.0,50611.76,27880.065,-0.9987235240803972,-0.0505106171852228,-0.7071067811865477,0.7071067811865474,0.9749279121818236,-0.2225209339563143,0,weekday,86.5
2021-09-30,2021,9,30,273,21,3,104.8,2021-09-30 21:00:00+00:00,2021-09-30 22:00:00+00:00,50077.0625,5785.67,16357.56,0.0,51030.5,22143.23,-0.9994446170919858,-0.0333235257116313,-0.7071067811865477,0.7071067811865474,0.4338837391175582,-0.900968867902419,0,weekday,94.92
2021-10-01,2021,10,1,274,21,4,118.33,2021-10-01 21:00:00+00:00,2021-10-01 22:00:00+00:00,51538.3025,3862.52,16663.25,0.0,45922.44,20525.77,-0.9998699583618592,-0.0161265732706577,-0.7071067811865477,0.7071067811865474,-0.433883739117558,-0.9009688679024191,0,weekday,94.665
2021-10-02,2021,10,2,275,21,5,39.15,2021-10-02 21:00:00+00:00,2021-10-02 22:00:00+00:00,42666.945,5881.4125,29270.53,0.0,53293.85,35151.9425,-0.9999994220246924,0.0010751512827982,-0.7071067811865477,0.7071067811865474,-0.9749279121818236,-0.2225209339563146,0,weekend,93.625
2021-10-03,2021,10,3,276,21,6,119.7,2021-10-03 21:00:00+00:00,2021-10-03 22:00:00+00:00,44177.8675,6173.7825,13506.375,0.0,38812.1,19680.1575,-0.999832969770105,0.0182765576816912,-0.7071067811865477,0.7071067811865474,-0.7818314824680299,0.6234898018587334,1,holiday,95.0125
2021-10-04,2021,10,4,277,21,0,159.07,2021-10-04 21:00:00+00:00,2021-10-04 22:00:00+00:00,50533.9775,4812.1125,8410.49,0.0,46001.71,13222.6025,-0.9993706508539968,0.0354725557531255,-0.7071067811865477,0.7071067811865474,0.0,1.0,0,weekday,96.4
2021-10-05,2021,10,5,278,21,1,120.18,2021-10-05 21:00:00+00:00,2021-10-05 22:00:00+00:00,50693.96,4771.205,17379.535,0.0,49204.72,22150.74,-0.9986126020839734,0.052658056924614,-0.7071067811865477,0.7071067811865474,0.7818314824680298,0.6234898018587336,0,weekday,95.0
2021-10-06,2021,10,6,279,21,2,220.19,2021-10-06 21:00:00+00:00,2021-10-06 22:00:00+00:00,51682.6125,196.0575,5598.110000000001,0.0,39015.82,5794.1675000000005,-0.9975590477788612,0.0698279757298708,-0.7071067811865477,0.7071067811865474,0.9749279121818236,-0.2225209339563143,0,weekday,131.025
2021-10-07,2021,10,7,280,21,3,298.91,2021-10-07 21:00:00+00:00,2021-10-07 22:00:00+00:00,52142.0575,445.05,3088.5375,0.0,41218.34,3533.5875,-0.9962102997023295,0.0869772313136861,-0.7071067811865477,0.7071067811865474,0.4338837391175582,-0.900968867902419,0,weekday,89.26
2021-10-08,2021,10,8,281,21,4,181.2,2021-10-08 21:00:00+00:00,2021-10-08 22:00:00+00:00,48652.9225,836.6725,11416.47,0.0,42173.58,12253.1425,-0.9945667569706336,0.1041007489354256,-0.7071067811865477,0.7071067811865474,-0.433883739117558,-0.9009688679024191,0,weekday,95.0
2021-10-09,2021,10,9,282,21,5,129.71,2021-10-09 21:00:00+00:00,2021-10-09 22:00:00+00:00,47189.8325,1168.1425,11832.995,0.0,39035.31,13001.1375,-0.9926289059345096,0.121193461470736,-0.7071067811865477,0.7071067811865474,-0.9749279121818236,-0.2225209339563146,0,weekend,87.605
2021-10-10,2021,10,10,283,21,6,179.72,2021-10-10 21:00:00+00:00,2021-10-10 22:00:00+00:00,47258.66,3134.3225,5101.525,0.0,36856.49,8235.8475,-0.9903973200352558,0.1382503109109819,-0.7071067811865477,0.7071067811865474,-0.7818314824680299,0.6234898018587334,0,weekend,89.80250000000001
2021-10-11,2021,10,11,284,21,0,119.68,2021-10-11 21:00:00+00:00,2021-10-11 22:00:00+00:00,52397.345,6328.2375,13688.295,0.0,49916.0,20016.5325,-0.9878726596350428,0.1552662498599956,-0.7071067811865477,0.7071067811865474,0.0,1.0,0,weekday,92.0
2021-10-12,2021,10,12,285,21,1,184.68,2021-10-12 21:00:00+00:00,2021-10-12 22:00:00+00:00,52846.115,3865.0925,8719.8875,0.0,49031.43,12584.98,-0.9850556718215012,0.172236243027682,-0.7071067811865477,0.7071067811865474,0.7818314824680298,0.6234898018587336,0,weekday,86.31
2021-10-13,2021,10,13,286,21,2,153.18,2021-10-13 21:00:00+00:00,2021-10-13 22:00:00+00:00,53481.415,3949.24,9799.1875,0.0,47772.4,13748.4275,-0.981947190186646,0.1891552687200409,-0.7071067811865477,0.7071067811865474,0.9749279121818236,-0.2225209339563143,0,weekday,91.375
2021-10-14,2021,10,14,287,21,3,107.43,2021-10-14 21:00:00+00:00,2021-10-14 22:00:00+00:00,52951.765,6313.1975,19501.66,0.0,54218.37,25814.8575,-0.9785481345802032,0.2060183203251708,-0.7071067811865477,0.7071067811865474,0.4338837391175582,-0.900968867902419,0,weekday,102.15
2021-10-15,2021,10,15,288,21,4,171.43,2021-10-15 21:00:00+00:00,2021-10-15 22:00:00+00:00,51685.995,3413.83,8995.0075,0.0,43194.54,12408.8375,-0.9748595108374124,0.2228204077947995,-0.7071067811865477,0.7071067811865474,-0.433883739117558,-0.9009688679024191,0,weekday,104.0
2021-10-16,2021,10,16,289,21,5,187.94,2021-10-16 21:00:00+00:00,2021-10-16 22:00:00+00:00,46702.895,3296.6375,5667.395,0.0,41251.17,8964.032500000001,-0.9708824104813836,0.239556559120927,-0.7071067811865477,0.7071067811865474,-0.9749279121818236,-0.2225209339563146,0,weekend,93.65
2021-10-17,2021,10,17,290,21,6,175.5,2021-10-17 21:00:00+00:00,2021-10-17 22:00:00+00:00,47506.305,4042.5475,7665.0375,0.0,44490.78,11707.585,-0.9666180104000972,0.2562218218071163,-0.7071067811865477,0.7071067811865474,-0.7818314824680299,0.6234898018587334,0,weekend,91.5
2021-10-18,2021,10,18,291,21,0,181.42,2021-10-18 21:00:00+00:00,2021-10-18 22:00:00+00:00,54076.53,3404.1875,8772.942500000001,0.0,47099.32,12177.13,-0.9620675724981452,0.2728112643340191,-0.7071067811865477,0.7071067811865474,0.0,1.0,0,weekday,89.35
2021-10-19,2021,10,19,292,21,1,69.37,2021-10-19 21:00:00+00:00,2021-10-19 22:00:00+00:00,54525.2425,5885.9075,24461.915,0.0,55437.42,30347.8225,-0.957232443323312,0.2893199776186952,-0.7071067811865477,0.7071067811865474,0.7818314824680298,0.6234898018587336,0,weekday,92.15
2021-10-20,2021,10,20,293,21,2,64.27,2021-10-20 21:00:00+00:00,2021-10-20 22:00:00+00:00,53965.84,5836.5225,31532.0125,0.0,59744.1,37368.535,-0.9521140536681102,0.3057430764672831,-0.7071067811865477,0.7071067811865474,0.9749279121818236,-0.2225209339563143,0,weekday,94.395
2021-10-21,2021,10,21,294,21,3,65.17,2021-10-21 21:00:00+00:00,2021-10-21 22:00:00+00:00,57699.31,6097.5650000000005,28968.98,0.0,58608.85,35066.545,-0.9467139181463862,0.3220757010206104,-0.7071067811865477,0.7071067811865474,0.4338837391175582,-0.900968867902419,0,weekday,90.645
2021-10-22,2021,10,22,295,21,4,80.7,2021-10-22 21:00:00+00:00,2021-10-22 22:00:00+00:00,55971.675,6176.62,24956.2275,0.0,53175.7,31132.8475,-0.9410336347451196,0.3383130181923076,-0.7071067811865477,0.7071067811865474,-0.433883739117558,-0.9009688679024191,0,weekday,88.61
2021-10-23,2021,10,23,296,21,5,192.06,2021-10-23 21:00:00+00:00,2021-10-23 22:00:00+00:00,47354.835,3292.185,5435.5725,0.0,42605.79,8727.7575,-0.9350748843515574,0.3544502230989869,-0.7071067811865477,0.7071067811865474,-0.9749279121818236,-0.2225209339563146,0,weekend,87.34
2021-10-24,2021,10,24,297,21,6,79.28,2021-10-24 21:00:00+00:00,2021-10-24 22:00:00+00:00,48418.1475,4198.1125,15800.1225,0.0,46172.86,19998.235,-0.9288394302558068,0.3704825404820963,-0.7071067811865477,0.7071067811865474,-0.7818314824680299,0.6234898018587334,0,weekend,89.17
2021-10-25,2021,10,25,298,21,0,182.06,2021-10-25 21:00:00+00:00,2021-10-25 22:00:00+00:00,54318.2125,2845.255,10577.085,0.0,48381.5,13422.34,-0.9223291176290545,0.3864052261209853,-0.7071067811865477,0.7071067811865474,0.0,1.0,0,weekday,91.0
2021-10-26,2021,10,26,299,21,1,116.75,2021-10-26 21:00:00+00:00,2021-10-26 22:00:00+00:00,54654.515,5652.8775000000005,15242.0725,0.0,49222.44,20894.95,-0.9155458729775467,0.4022135682368036,-0.7071067811865477,0.7071067811865474,0.7818314824680298,0.6234898018587336,0,weekday,90.15
2021-10-27,2021,10,27,300,21,2,148.81,2021-10-27 21:00:00+00:00,2021-10-27 22:00:00+00:00,54629.785,6175.5225,12878.2,0.0,51470.64,19053.7225,-0.9084917035725082,0.4179028888867866,-0.7071067811865477,0.7071067811865474,0.9749279121818236,-0.2225209339563143,0,weekday,86.3
2021-10-28,2021,10,28,301,21,3,103.69,2021-10-28 21:00:00+00:00,2021-10-28 22:00:00+00:00,55720.1925,5376.9275,15730.884999999998,0.0,48125.88,21107.8125,-0.9011686968561567,0.4334685453485363,-0.7071067811865477,0.7071067811865474,0.4338837391175582,-0.900968867902419,0,weekday,78.0
2021-10-29,2021,10,29,302,21,4,84.61,2021-10-29 21:00:00+00:00,2021-10-29 22:00:00+00:00,54021.1175,5662.775,19304.9425,0.0,48323.13,24967.7175,-0.8935790198239952,0.4489059314938798,-0.7071067811865477,0.7071067811865474,-0.433883739117558,-0.9009688679024191,0,weekday,72.62
2021-10-30,2021,10,30,303,21,5,66.93,2021-10-30 21:00:00+00:00,2021-10-30 22:00:00+00:00,47770.6025,5177.25,20917.5675,0.0,49094.08,26094.8175,-0.8857249183835637,0.4642104791518923,-0.7071067811865477,0.7071067811865474,-0.9749279121818236,-0.2225209339563146,0,weekend,64.865
2021-10-31,2021,10,31,304,21,6,58.5,2021-10-31 21:00:00+00:00,2021-10-31 22:00:00+00:00,50915.9925,5055.505,28141.82,0.0,53309.11,33197.325,-0.8776087166898392,0.4793776594606945,-0.7071067811865477,0.7071067811865474,-0.7818314824680299,0.6234898018587334,0,weekend,64.22749999999999
2021-11-01,2021,11,1,305,21,0,147.37,2021-11-01 21:00:00+00:00,2021-11-01 22:00:00+00:00,51893.9775,4788.925,12160.5125,0.0,51159.05,16949.4375,-0.8692328164574792,0.4944029842076181,-0.7071067811865477,0.7071067811865474,0.0,1.0,0,weekday,63.59
2021-11-02,2021,11,2,306,21,1,179.99,2021-11-02 21:00:00+00:00,2021-11-02 22:00:00+00:00,57591.8875,534.0,4163.5475,0.0,50237.82,4697.5475,-0.8605996962501181,0.5092820071573356,-0.7071067811865477,0.7071067811865474,0.7818314824680298,0.6234898018587336,0,weekday,65.175
2021-11-03,2021,11,3,307,21,2,165.92,2021-11-03 21:00:00+00:00,2021-11-03 22:00:00+00:00,57826.2825,454.3475,2656.3225,0.0,54603.3,3110.67,-0.8517119107469189,0.5240103253675756,-0.7071067811865477,0.7071067811865474,0.9749279121818236,-0.2225209339563143,0,weekday,73.52
2021-11-04,2021,11,4,308,21,3,125.56,2021-11-04 21:00:00+00:00,2021-11-04 22:00:00+00:00,57414.8775,1865.8775,13741.1375,0.0,57262.51,15607.015,-0.8425720899866032,0.5385835804920232,-0.7071067811865477,0.7071067811865474,0.4338837391175582,-0.900968867902419,0,weekday,77.525
2021-11-05,2021,11,5,309,21,4,105.15,2021-11-05 21:00:00+00:00,2021-11-05 22:00:00+00:00,55239.95,4119.825,14962.8925,0.0,57572.78,19082.7175,-0.8331829385891785,0.5529974600700271,-0.7071067811865477,0.7071067811865474,-0.433883739117558,-0.9009688679024191,0,weekday,73.16
2021-11-06,2021,11,6,310,21,5,50.05,2021-11-06 21:00:00+00:00,2021-11-06 22:00:00+00:00,51903.9125,5136.755,27657.225,0.0,62679.22,32793.98,-0.8235472349556007,0.5672476988027229,-0.7071067811865477,0.7071067811865474,-0.9749279121818236,-0.2225209339563146,0,weekend,74.025
2021-11-07,2021,11,7,311,21,6,76.33,2021-11-07 21:00:00+00:00,2021-11-07 22:00:00+00:00,53605.1,5937.63,24189.2825,0.0,59686.94,30126.9125,-0.8136678304455991,0.5813300798152042,-0.7071067811865477,0.7071067811865474,-0.7818314824680299,0.6234898018587334,0,weekend,77.39750000000001
2021-11-08,2021,11,8,312,21,0,173.0,2021-11-08 21:00:00+00:00,2021-11-08 22:00:00+00:00,58350.445,425.455,3714.885,0.0,54508.9,4140.34,-0.8035476485339116,0.5952404359043674,-0.7071067811865477,0.7071067811865474,0.0,1.0,0,weekday,80.77
2021-11-09,2021,11,9,313,21,1,138.14,2021-11-09 21:00:00+00:00,2021-11-09 22:00:00+00:00,58123.802500000005,5789.7125,11694.855,0.0,63174.73,17484.567499999997,-0.7931896839451843,0.6089746507720486,-0.7071067811865477,0.7071067811865474,0.7818314824680298,0.6234898018587336,0,weekday,76.5
2021-11-10,2021,11,10,314,21,2,169.9,2021-11-10 21:00:00+00:00,2021-11-10 22:00:00+00:00,56966.3,493.555,3433.4875,0.0,53534.48,3927.0425,-0.7825970017677834,0.6225286602431057,-0.7071067811865477,0.7071067811865474,0.9749279121818236,-0.2225209339563143,0,weekday,66.71
2021-11-11,2021,11,11,315,21,3,180.01,2021-11-11 21:00:00+00:00,2021-11-11 22:00:00+00:00,59316.25,732.0174999999999,2175.3825,0.0,53028.63,2907.4,-0.7717727365467836,0.6358984534680745,-0.7071067811865477,0.7071067811865474,0.4338837391175582,-0.900968867902419,0,weekday,72.0
2021-11-12,2021,11,12,316,21,4,109.54,2021-11-12 21:00:00+00:00,2021-11-12 22:00:00+00:00,55983.195,5154.55,13134.0725,0.0,59586.91,18288.6225,-0.7607200913564104,0.6490800741100398,-0.7071067811865477,0.7071067811865474,-0.433883739117558,-0.9009688679024191,0,weekday,77.77
2021-11-13,2021,11,13,317,21,5,168.82,2021-11-13 21:00:00+00:00,2021-11-13 22:00:00+00:00,54101.2725,1644.1225,1990.515,0.0,49055.5,3634.6375,-0.7494423368521954,0.6620696215153815,-0.7071067811865477,0.7071067811865474,-0.9749279121818236,-0.2225209339563146,0,weekend,75.675
2021-11-14,2021,11,14,318,21,6,173.18,2021-11-14 21:00:00+00:00,2021-11-14 22:00:00+00:00,54102.9975,2217.395,8574.7125,0.0,55316.18,10792.1075,-0.7379428103031386,0.6748632518680403,-0.7071067811865477,0.7071067811865474,-0.7818314824680299,0.6234898018587334,0,weekend,76.985
2021-11-15,2021,11,15,319,21,0,194.71,2021-11-15 21:00:00+00:00,2021-11-15 22:00:00+00:00,57210.3175,399.215,2911.6075,0.0,53074.73,3310.8225,-0.7262249146041543,0.6874571793269664,-0.7071067811865477,0.7071067811865474,0.0,1.0,0,weekday,78.295
2021-11-16,2021,11,16,320,21,1,179.8,2021-11-16 21:00:00+00:00,2021-11-16 22:00:00+00:00,57168.9675,1574.4975,1682.5275,0.0,52803.93,3257.025,-0.7142921172691032,0.699847677146407,-0.7071067811865477,0.7071067811865474,0.7818314824680298,0.6234898018587336,0,weekday,84.38
2021-11-17,2021,11,17,321,21,2,110.48,2021-11-17 21:00:00+00:00,2021-11-17 22:00:00+00:00,57110.5475,6075.1375,17287.385,0.0,63818.62,23362.5225,-0.7021479494046978,0.7120310787787131,-0.7071067811865477,0.7071067811865474,0.9749279121818236,-0.2225209339563143,0,weekday,97.99
2021-11-18,2021,11,18,322,21,3,91.59,2021-11-18 21:00:00+00:00,2021-11-18 22:00:00+00:00,58620.995,5761.0875,26780.3625,0.0,65765.77,32541.45,-0.6897960046655887,0.7240037789593305,-0.7071067811865477,0.7071067811865474,0.4338837391175582,-0.900968867902419,0,weekday,93.6
2021-11-19,2021,11,19,323,21,4,104.95,2021-11-19 21:00:00+00:00,2021-11-19 22:00:00+00:00,58657.8675,5676.74,19135.685,0.0,61741.6,24812.425000000003,-0.6772399381909491,0.7357622347736527,-0.7071067811865477,0.7071067811865474,-0.433883739117558,-0.9009688679024191,0,weekday,91.125
2021-11-20,2021,11,20,324,21,5,83.2,2021-11-20 21:00:00+00:00,2021-11-20 22:00:00+00:00,50241.805,5918.205,16979.135000000002,0.0,57977.26,22897.340000000004,-0.6644834655228552,0.7473029667054296,-0.7071067811865477,0.7071067811865474,-0.9749279121818236,-0.2225209339563146,0,weekend,87.125
2021-11-21,2021,11,21,325,21,6,146.88,2021-11-21 21:00:00+00:00,2021-11-21 22:00:00+00:00,51309.83,4571.38,9313.62,0.0,57959.72,13885.0,-0.6515303615068021,0.75862255966641,-0.7071067811865477,0.7071067811865474,-0.7818314824680299,0.6234898018587334,0,weekend,85.6875
2021-11-22,2021,11,22,326,21,0,202.26,2021-11-22 21:00:00+00:00,2021-11-22 22:00:00+00:00,57897.6475,4988.7225,10844.1175,0.0,63969.6,15832.84,-0.6383844591746642,0.7697176640069211,-0.7071067811865477,0.7071067811865474,0.0,1.0,0,weekday,84.25
2021-11-23,2021,11,23,327,21,1,218.85,2021-11-23 21:00:00+00:00,2021-11-23 22:00:00+00:00,58743.445,2360.26,6386.57,0.0,59841.95,8746.83,-0.6250496486104377,0.7805849965070866,-0.7071067811865477,0.7071067811865474,0.7818314824680298,0.6234898018587336,0,weekday,86.95
2021-11-24,2021,11,24,328,21,2,216.67,2021-11-24 21:00:00+00:00,2021-11-24 22:00:00+00:00,60686.3825,3394.1075,4682.115,0.0,60643.92,8076.2225,-0.6115298757991053,0.7912213413483807,-0.7071067811865477,0.7071067811865474,0.9749279121818236,-0.2225209339563143,0,weekday,93.85
2021-11-25,2021,11,25,329,21,3,155.28,2021-11-25 21:00:00+00:00,2021-11-25 22:00:00+00:00,60150.47,5818.4725,15216.32,0.0,66648.44,21034.7925,-0.5978291414589552,0.801623551065242,-0.7071067811865477,0.7071067811865474,0.4338837391175582,-0.900968867902419,0,weekday,93.985
2021-11-26,2021,11,26,330,21,4,118.66,2021-11-26 21:00:00+00:00,2021-11-26 22:00:00+00:00,58803.4575,3960.28,19544.995,0.0,64506.81,23505.275,-0.5839514998576998,0.8117885474764613,-0.7071067811865477,0.7071067811865474,-0.433883739117558,-0.9009688679024191,0,weekday,92.45
2021-11-27,2021,11,27,331,21,5,204.08,2021-11-27 21:00:00+00:00,2021-11-27 22:00:00+00:00,54935.9225,2450.59,3261.6175,0.0,56168.14,5712.2075,-0.5699010576127624,0.8217133225960589,-0.7071067811865477,0.7071067811865474,-0.9749279121818236,-0.2225209339563146,0,weekend,87.772
2021-11-28,2021,11,28,332,21,6,201.8,2021-11-28 21:00:00+00:00,2021-11-28 22:00:00+00:00,54134.8475,3729.59,4721.21,0.0,55987.8,8450.8,-0.5556819724760489,0.8313949395234058,-0.7071067811865477,0.7071067811865474,-0.7818314824680299,0.6234898018587334,0,weekend,91.011
2021-11-29,2021,11,29,333,21,0,193.53,2021-11-29 21:00:00+00:00,2021-11-29 22:00:00+00:00,61491.36,2691.9,10933.945,0.0,61604.19,13625.845,-0.5412984521036173,0.8408305333122887,-0.7071067811865477,0.7071067811865474,0.0,1.0,0,weekday,94.25
2021-11-30,2021,11,30,334,21,1,145.89,2021-11-30 21:00:00+00:00,2021-11-30 22:00:00+00:00,61845.515,1633.6425,20363.6075,0.0,62290.89,21997.25,-0.5267547528105542,0.8500173118187018,-0.7071067811865477,0.7071067811865474,0.7818314824680298,0.6234898018587336,0,weekday,98.0
2021-12-01,2021,12,1,335,21,2,73.5,2021-12-01 21:00:00+00:00,2021-12-01 22:00:00+00:00,62430.04,5662.8875,35844.08,0.0,70796.01,41506.9675,-0.5120551783114646,0.8589525565270845,-0.7071067811865477,0.7071067811865474,0.9749279121818236,-0.2225209339563143,0,weekday,92.6
2021-12-02,2021,12,2,336,21,3,183.54,2021-12-02 21:00:00+00:00,2021-12-02 22:00:00+00:00,61930.4075,4863.2175,12969.93,0.0,63227.51,17833.1475,-0.4972040784469378,0.8676336233547726,-0.7071067811865477,0.7071067811865474,0.4338837391175582,-0.900968867902419,0,weekday,91.6
2021-12-03,2021,12,3,337,21,4,119.59,2021-12-03 21:00:00+00:00,2021-12-03 22:00:00+00:00,63705.335,3049.665,28168.165,0.0,66642.98,31217.83,-0.4822058478963526,0.8760579434344281,-0.7071067811865477,0.7071067811865474,-0.433883739117558,-0.9009688679024191,0,weekday,91.59
2021-12-04,2021,12,4,338,21,5,150.89,2021-12-04 21:00:00+00:00,2021-12-04 22:00:00+00:00,53730.3725,2471.01,12171.99,0.0,56078.78,14643.0,-0.4670649248774303,0.8842230238742036,-0.7071067811865477,0.7071067811865474,-0.9749279121818236,-0.2225209339563146,0,weekend,89.48
2021-12-05,2021,12,5,339,21,6,196.13,2021-12-05 21:00:00+00:00,2021-12-05 22:00:00+00:00,54898.57,5948.925,5179.4400000000005,0.0,56611.13,11128.365000000002,-0.451785789832884,0.8921264484954345,-0.7071067811865477,0.7071067811865474,-0.7818314824680299,0.6234898018587334,0,weekend,88.03999999999999
2021-12-06,2021,12,6,340,21,0,195.5,2021-12-06 21:00:00+00:00,2021-12-06 22:00:00+00:00,62672.1625,5786.625,13195.7325,0.0,67424.06,18982.3575,-0.4363729641045924,0.8997658785476209,-0.7071067811865477,0.7071067811865474,0.0,1.0,0,weekday,86.6
2021-12-07,2021,12,7,341,21,1,122.53,2021-12-07 21:00:00+00:00,2021-12-07 22:00:00+00:00,63153.6475,6142.685,21473.1475,0.0,67196.67,27615.8325,-0.4208310085956556,0.9071390534005044,-0.7071067811865477,0.7071067811865474,0.7818314824680298,0.6234898018587336,0,weekday,95.0
2021-12-08,2021,12,8,342,21,2,221.21,2021-12-08 21:00:00+00:00,2021-12-08 22:00:00+00:00,62991.3925,5405.5125,8357.095000000001,0.0,62816.86,13762.607500000002,-0.4051645224207563,0.9142437912130223,-0.7071067811865477,0.7071067811865474,0.9749279121818236,-0.2225209339563143,0,weekday,98.6
2021-12-09,2021,12,9,343,21,3,224.95,2021-12-09 21:00:00+00:00,2021-12-09 22:00:00+00:00,64708.29,4011.49,9412.1,0.0,63666.04,13423.59,-0.3893781415452015,0.9210779895789526,-0.7071067811865477,0.7071067811865474,0.4338837391175582,-0.900968867902419,0,weekday,98.5
2021-12-10,2021,12,10,344,21,4,233.38,2021-12-10 21:00:00+00:00,2021-12-10 22:00:00+00:00,60684.445,805.79,6037.4625,0.0,55336.9,6843.2525,-0.3734765374130707,0.9276396261490468,-0.7071067811865477,0.7071067811865474,-0.433883739117558,-0.9009688679024191,0,weekday,101.605
2021-12-11,2021,12,11,345,21,5,174.94,2021-12-11 21:00:00+00:00,2021-12-11 22:00:00+00:00,54654.0025,3191.1375,12128.37,0.0,56767.51,15319.5075,-0.3574644155648614,0.9339267592294762,-0.7071067811865477,0.7071067811865474,-0.9749279121818236,-0.2225209339563146,0,weekend,105.775
2021-12-12,2021,12,12,346,21,6,236.53,2021-12-12 21:00:00+00:00,2021-12-12 22:00:00+00:00,55053.5875,1599.085,8804.31,0.0,52686.82,10403.395,-0.3413465142450361,0.9399375283564132,-0.7071067811865477,0.7071067811865474,-0.7818314824680299,0.6234898018587334,0,weekend,110.5875
2021-12-13,2021,12,13,347,21,0,236.58,2021-12-13 21:00:00+00:00,2021-12-13 22:00:00+00:00,61623.6975,5380.6375,8522.6175,0.0,63552.53,13903.255,-0.3251276029999093,0.9456701548465688,-0.7071067811865477,0.7071067811865474,0.0,1.0,0,weekday,115.4
2021-12-14,2021,12,14,348,21,1,254.7,2021-12-14 21:00:00+00:00,2021-12-14 22:00:00+00:00,61773.92,3536.48,5990.7825,0.0,58766.06,9527.2625,-0.3088124812662537,0.9511229423235356,-0.7071067811865477,0.7071067811865474,0.7818314824680298,0.6234898018587336,0,weekday,118.95
2021-12-15,2021,12,15,349,21,2,260.76,2021-12-15 21:00:00+00:00,2021-12-15 22:00:00+00:00,59746.5175,3920.6425,10502.38,0.0,61711.72,14423.0225,-0.2924059769510773,0.956294277219772,-0.7071067811865477,0.7071067811865474,0.9749279121818236,-0.2225209339563143,0,weekday,131.1
2021-12-16,2021,12,16,350,21,3,285.45,2021-12-16 21:00:00+00:00,2021-12-16 22:00:00+00:00,58859.395,1377.575,5898.245,0.0,56237.84,7275.82,-0.2759129450029604,0.9611826292540836,-0.7071067811865477,0.7071067811865474,0.4338837391175582,-0.900968867902419,0,weekday,128.71
2021-12-17,2021,12,17,351,21,4,294.38,2021-12-17 21:00:00+00:00,2021-12-17 22:00:00+00:00,56937.105,1176.2675,4131.615,0.0,53968.62,5307.8825,-0.2593382659754056,0.9657865518844574,-0.7071067811865477,0.7071067811865474,-0.433883739117558,-0.9009688679024191,0,weekday,124.5
2021-12-18,2021,12,18,352,21,5,99.78,2021-12-18 21:00:00+00:00,2021-12-18 22:00:00+00:00,51843.6625,5328.85,17878.3825,0.0,58708.48,23207.2325,-0.2426868445825954,0.9701046827361176,-0.7071067811865477,0.7071067811865474,-0.9749279121818236,-0.2225209339563146,0,weekend,136.915
2021-12-19,2021,12,19,353,21,6,328.0,2021-12-19 21:00:00+00:00,2021-12-19 22:00:00+00:00,52094.0525,3175.955,11764.0625,0.0,55899.57,14940.0175,-0.225963608248019,0.974135744004672,-0.7071067811865477,0.7071067811865474,-0.7818314824680299,0.6234898018587334,0,weekend,138.8675
2021-12-20,2021,12,20,354,21,0,340.99,2021-12-20 21:00:00+00:00,2021-12-20 22:00:00+00:00,57851.785,369.07,2644.2575,0.0,55874.18,3013.3275000000003,-0.2091735056463563,0.9778785428342386,-0.7071067811865477,0.7071067811865474,0.0,1.0,0,weekday,140.82
2021-12-21,2021,12,21,355,21,1,351.06,2021-12-21 21:00:00+00:00,2021-12-21 22:00:00+00:00,58411.395,943.72,3162.2875,0.0,57528.32,4106.0075,-0.1923215052390948,0.9813319716704276,-0.7071067811865477,0.7071067811865474,0.7818314824680298,0.6234898018587336,0,weekday,157.7
2021-12-22,2021,12,22,356,21,2,336.15,2021-12-22 21:00:00+00:00,2021-12-22 22:00:00+00:00,56934.2225,1886.3625,6358.645,0.0,57270.2,8245.0075,-0.1754125938042784,0.9844950085880858,-0.7071067811865477,0.7071067811865474,0.9749279121818236,-0.2225209339563143,0,weekday,174.3
2021-12-23,2021,12,23,357,21,3,138.3,2021-12-23 21:00:00+00:00,2021-12-23 22:00:00+00:00,56477.68,1396.22,24663.3425,0.0,64862.46,26059.5625,-0.1584517749608363,0.9873667175937016,-0.7071067811865477,0.7071067811865474,0.4338837391175582,-0.900968867902419,0,weekday,158.3
2021-12-24,2021,12,24,358,21,4,274.33,2021-12-24 21:00:00+00:00,2021-12-24 22:00:00+00:00,49272.67,2654.7225,7892.9925,0.0,50232.19,10547.715,-0.141444067687942,0.989946248902378,-0.7071067811865477,0.7071067811865474,-0.433883739117558,-0.9009688679024191,0,weekday,132.58
2021-12-25,2021,12,25,359,21,5,229.56,2021-12-25 21:00:00+00:00,2021-12-25 22:00:00+00:00,48390.0325,1728.4075,9171.3475,0.0,47982.59,10899.755,-0.1243945048397999,0.9922328391893008,-0.7071067811865477,0.7071067811865474,-0.9749279121818236,-0.2225209339563146,1,holiday,121.72000000000001
2021-12-26,2021,12,26,360,21,6,144.9,2021-12-26 21:00:00+00:00,2021-12-26 22:00:00+00:00,50431.9825,4972.9125,16106.2475,0.0,56463.32,21079.16,-0.1073081316563624,0.994225811815616,-0.7071067811865477,0.7071067811865474,-0.7818314824680299,0.6234898018587334,1,holiday,110.86
2021-12-27,2021,12,27,361,21,0,113.05,2021-12-27 21:00:00+00:00,2021-12-27 22:00:00+00:00,54684.705,4567.0650000000005,18545.24,0.0,60650.21,23112.305,-0.0901900042703451,0.99592457702866,-0.7071067811865477,0.7071067811865474,0.0,1.0,0,weekday,100.0
2021-12-28,2021,12,28,362,21,1,127.68,2021-12-28 21:00:00+00:00,2021-12-28 22:00:00+00:00,55007.9925,1287.4625,20379.795,0.0,60244.8,21667.2575,-0.0730451882110474,0.9973286321364752,-0.7071067811865477,0.7071067811865474,0.7818314824680298,0.6234898018587336,0,weekday,106.59
2021-12-29,2021,12,29,363,21,2,106.34,2021-12-29 21:00:00+00:00,2021-12-29 22:00:00+00:00,56924.405,4943.535,22480.3,0.0,61994.83,27423.835,-0.0558787569053731,0.9984375616565666,-0.7071067811865477,0.7071067811865474,0.9749279121818236,-0.2225209339563143,0,weekday,99.0
2021-12-30,2021,12,30,364,21,3,75.35,2021-12-30 21:00:00+00:00,2021-12-30 22:00:00+00:00,55740.3625,5597.82,28717.01,0.0,63107.73,34314.83,-0.0386957901765268,0.999251037438848,-0.7071067811865477,0.7071067811865474,0.4338837391175582,-0.900968867902419,0,weekday,94.35
2021-12-31,2021,12,31,365,21,4,5.1,2021-12-31 21:00:00+00:00,2021-12-31 22:00:00+00:00,48488.875,5875.9875,31248.105,0.0,61514.92,37124.0925,-0.0215013727408137,0.999768818762748,-0.7071067811865477,0.7071067811865474,-0.433883739117558,-0.9009688679024191,0,weekday,82.0
2022-01-01,2022,1,1,1,21,5,97.46,2022-01-01 21:00:00+00:00,2022-01-01 22:00:00+00:00,47009.075,6146.585,15823.15,0.0,48986.9,21969.735,0.0,1.0,-0.7071067811865477,0.7071067811865474,-0.9749279121818236,-0.2225209339563146,1,holiday,70.345
2022-01-02,2022,1,2,2,21,6,46.29,2022-01-02 21:00:00+00:00,2022-01-02 22:00:00+00:00,53797.515,6307.4725,32066.3875,0.0,63043.84,38373.86,0.0172015754182605,0.9998520419557736,-0.7071067811865477,0.7071067811865474,-0.7818314824680299,0.6234898018587334,0,weekend,75.39
2022-01-03,2022,1,3,3,21,0,105.68,2022-01-03 21:00:00+00:00,2022-01-03 22:00:00+00:00,59883.335,5498.75,27217.3875,0.0,63805.14,32716.1375,0.034398060613608,0.9994082116062598,-0.7071067811865477,0.7071067811865474,0.0,1.0,0,weekday,80.435
2022-01-04,2022,1,4,4,21,1,137.92,2022-01-04 21:00:00+00:00,2022-01-04 22:00:00+00:00,61244.2575,6212.66,18815.8425,0.0,63010.39,25028.5025,0.0515843668694083,0.9986686402879996,-0.7071067811865477,0.7071067811865474,0.7818314824680298,0.6234898018587336,0,weekday,85.0
2022-01-05,2022,1,5,5,21,2,118.71,2022-01-05 21:00:00+00:00,2022-01-05 22:00:00+00:00,61780.36,5726.7875,24454.985,0.0,64439.36,30181.7725,0.0687554084811394,0.9976335468520452,-0.7071067811865477,0.7071067811865474,0.9749279121818236,-0.2225209339563143,0,weekday,95.7
2022-01-06,2022,1,6,6,21,3,178.75,2022-01-06 21:00:00+00:00,2022-01-06 22:00:00+00:00,59965.5,6051.97,12550.0725,0.0,59722.45,18602.0425,0.0859061042613327,0.9963032375991964,-0.7071067811865477,0.7071067811865474,0.4338837391175582,-0.900968867902419,0,weekday,95.265
2022-01-07,2022,1,7,7,21,4,185.94,2022-01-07 21:00:00+00:00,2022-01-07 22:00:00+00:00,61312.395,3669.205,18109.825,0.0,61504.27,21779.03,0.1030313790431787,0.9946781061893646,-0.7071067811865477,0.7071067811865474,-0.433883739117558,-0.9009688679024191,0,weekday,95.8
2022-01-08,2022,1,8,8,21,5,102.29,2022-01-08 21:00:00+00:00,2022-01-08 22:00:00+00:00,55798.192500000005,6186.0075,29094.7625,0.0,64441.81,35280.770000000004,0.1201261651823505,0.9927586335250792,-0.7071067811865477,0.7071067811865474,-0.9749279121818236,-0.2225209339563146,0,weekend,88.175
2022-01-09,2022,1,9,9,21,6,215.88,2022-01-09 21:00:00+00:00,2022-01-09 22:00:00+00:00,56985.84,1230.34,8212.1675,0.0,52679.59,9442.5075,0.1371854040566005,0.9905453876091832,-0.7071067811865477,0.7071067811865474,-0.7818314824680299,0.6234898018587334,0,weekend,87.3375
2022-01-10,2022,1,10,10,21,0,217.03,2022-01-10 21:00:00+00:00,2022-01-10 22:00:00+00:00,62257.6075,1992.22,2612.155,0.0,51793.15,4604.375,0.1542040475626894,0.988039023376751,-0.7071067811865477,0.7071067811865474,0.0,1.0,0,weekday,86.5
2022-01-11,2022,1,11,11,21,1,237.27,2022-01-11 21:00:00+00:00,2022-01-11 22:00:00+00:00,62862.4575,1804.9375,4304.455,0.0,55276.57,6109.3925,0.1711770596101998,0.985240282501282,-0.7071067811865477,0.7071067811865474,0.7818314824680298,0.6234898018587336,0,weekday,81.225
2022-01-12,2022,1,12,12,21,2,193.69,2022-01-12 21:00:00+00:00,2022-01-12 22:00:00+00:00,61192.8925,4850.02,12095.435,0.0,63656.91,16945.455,0.1880994176117975,0.9821499931752292,-0.7071067811865477,0.7071067811865474,0.9749279121818236,-0.2225209339563143,0,weekday,82.25
2022-01-13,2022,1,13,13,21,3,164.2,2022-01-13 21:00:00+00:00,2022-01-13 22:00:00+00:00,61057.3575,5926.875,18730.27,0.0,67257.73,24657.145,0.2049661139694953,0.9787690698649216,-0.7071067811865477,0.7071067811865474,0.4338837391175582,-0.900968867902419,0,weekday,72.0
2022-01-14,2022,1,14,14,21,4,194.29,2022-01-14 21:00:00+00:00,2022-01-14 22:00:00+00:00,60483.765,913.7025,6645.4525,0.0,56322.38,7559.155000000001,0.2217721575564818,0.975098513039961,-0.7071067811865477,0.7071067811865474,-0.433883739117558,-0.9009688679024191,0,weekday,89.0
2022-01-15,2022,1,15,15,21,5,212.85,2022-01-15 21:00:00+00:00,2022-01-15 22:00:00+00:00,58826.77,3262.73,4124.3825,0.0,52027.04,7387.112499999999,0.2385125751940764,0.9711394088771652,-0.7071067811865477,0.7071067811865474,-0.9749279121818236,-0.2225209339563146,0,weekend,86.97
2022-01-16,2022,1,16,16,21,6,93.85,2022-01-16 21:00:00+00:00,2022-01-16 22:00:00+00:00,55144.0575,6201.59,28177.2875,0.0,66941.98,34378.8775,0.2551824131233728,0.966892928939152,-0.7071067811865477,0.7071067811865474,-0.7818314824680299,0.6234898018587334,0,weekend,85.73833333333333
2022-01-17,2022,1,17,17,21,0,209.16,2022-01-17 21:00:00+00:00,2022-01-17 22:00:00+00:00,61111.4925,3665.165,13838.33,0.0,59941.99,17503.495,0.2717767384711357,0.9623603298276544,-0.7071067811865477,0.7071067811865474,0.0,1.0,0,weekday,84.50666666666667
2022-01-18,2022,1,18,18,21,1,190.78,2022-01-18 21:00:00+00:00,2022-01-18 22:00:00+00:00,61093.665,5155.047500000001,8647.8875,0.0,62499.78,13802.935,0.2882906407095177,0.957542952811672,-0.7071067811865477,0.7071067811865474,0.7818314824680298,0.6234898018587336,0,weekday,83.275
2022-01-19,2022,1,19,19,21,2,118.08,2022-01-19 21:00:00+00:00,2022-01-19 22:00:00+00:00,62637.575,6285.0650000000005,30504.235,0.0,69012.11,36789.3,0.3047192331091634,0.9524422234305676,-0.7071067811865477,0.7071067811865474,0.9749279121818236,-0.2225209339563143,0,weekday,73.95
2022-01-20,2022,1,20,20,21,3,131.76,2022-01-20 21:00:00+00:00,2022-01-20 22:00:00+00:00,62086.7625,6725.05,21687.7375,0.0,66520.69,28412.7875,0.321057654185271,0.9470596510722284,-0.7071067811865477,0.7071067811865474,0.4338837391175582,-0.900968867902419,0,weekday,71.0
2022-01-21,2022,1,21,21,21,4,133.59,2022-01-21 21:00:00+00:00,2022-01-21 22:00:00+00:00,63181.845,6027.76,22408.42,0.0,65828.47,28436.18,0.3373010691361842,0.9413968285264122,-0.7071067811865477,0.7071067811865474,-0.433883739117558,-0.9009688679024191,0,weekday,74.765
2022-01-22,2022,1,22,22,21,5,193.52,2022-01-22 21:00:00+00:00,2022-01-22 22:00:00+00:00,54011.2225,1879.4,8862.425,0.0,56198.69,10741.825,0.3534446712740877,0.9354554315134164,-0.7071067811865477,0.7071067811865474,-0.9749279121818236,-0.2225209339563146,0,weekend,78.98
2022-01-23,2022,1,23,23,21,6,201.0,2022-01-23 21:00:00+00:00,2022-01-23 22:00:00+00:00,56351.24,1572.4125,3970.6725,0.0,52501.79,5543.085,0.3694836834473831,0.9292372181882051,-0.7071067811865477,0.7071067811865474,-0.7818314824680299,0.6234898018587334,0,weekend,83.7925
2022-01-24,2022,1,24,24,21,0,226.81,2022-01-24 21:00:00+00:00,2022-01-24 22:00:00+00:00,61385.57,1419.3,3187.205,0.0,54085.17,4606.505,0.3854133594543256,0.9227440286201428,-0.7071067811865477,0.7071067811865474,0.0,1.0,0,weekday,88.605
2022-01-25,2022,1,25,25,21,1,240.89,2022-01-25 21:00:00+00:00,2022-01-25 22:00:00+00:00,61656.965,1885.6175,4256.75,0.0,53788.27,6142.3675,0.4012289854475009,0.9159777842484876,-0.7071067811865477,0.7071067811865474,0.7818314824680298,0.6234898018587336,0,weekday,92.385
2022-01-26,2022,1,26,26,21,2,142.94,2022-01-26 21:00:00+00:00,2022-01-26 22:00:00+00:00,60215.0325,6240.865,21982.3575,0.0,69674.43,28223.2225,0.4169258813287287,0.908940487313808,-0.7071067811865477,0.7071067811865474,0.9749279121818236,-0.2225209339563143,0,weekday,89.395
2022-01-27,2022,1,27,27,21,3,101.19,2022-01-27 21:00:00+00:00,2022-01-27 22:00:00+00:00,60574.4025,5780.155,36424.31,0.0,71266.55,42204.465,0.4324994021339788,0.901634220265486,-0.7071067811865477,0.7071067811865474,0.4338837391175582,-0.900968867902419,0,weekday,92.25
2022-01-28,2022,1,28,28,21,4,148.98,2022-01-28 21:00:00+00:00,2022-01-28 22:00:00+00:00,61055.56,6085.5975,17673.4575,0.0,63198.67,23759.055,0.4479449394078911,0.8940611451454876,-0.7071067811865477,0.7071067811865474,-0.433883739117558,-0.9009688679024191,0,weekday,92.062
2022-01-29,2022,1,29,29,21,5,88.81,2022-01-29 21:00:00+00:00,2022-01-29 22:00:00+00:00,53718.36,4718.3925,38787.17,0.0,67628.01,43505.5625,0.4632579225674917,0.88622350294858,-0.7071067811865477,0.7071067811865474,-0.9749279121818236,-0.2225209339563146,0,weekend,92.062
2022-01-30,2022,1,30,30,21,6,159.94,2022-01-30 21:00:00+00:00,2022-01-30 22:00:00+00:00,52267.665,4582.555,17162.4425,0.0,58082.36,21744.9975,0.4784338202547012,0.8781236129591848,-0.7071067811865477,0.7071067811865474,-0.7818314824680299,0.6234898018587334,0,weekend,88.45599999999999
2022-01-31,2022,1,31,31,21,0,201.96,2022-01-31 21:00:00+00:00,2022-01-31 22:00:00+00:00,59412.6975,5597.5325,19343.365,0.0,68114.44,24940.897500000003,0.4934681416772373,0.8697638720650646,-0.7071067811865477,0.7071067811865474,0.0,1.0,0,weekday,84.85
2022-02-01,2022,2,1,32,21,1,84.61,2022-02-01 21:00:00+00:00,2022-02-01 22:00:00+00:00,59728.1225,5640.2875,39866.365,0.0,71905.43,45506.6525,0.5083564379375122,0.8611467540480452,-0.7071067811865477,0.7071067811865474,0.7818314824680298,0.6234898018587336,0,weekday,78.3
2022-02-02,2022,2,2,33,21,2,195.21,2022-02-02 21:00:00+00:00,2022-02-02 22:00:00+00:00,61222.39,1481.1575,13263.59,0.0,56807.68,14744.7475,0.5230943033491326,0.8522748088519838,-0.7071067811865477,0.7071067811865474,0.9749279121818236,-0.2225209339563143,0,weekday,77.15
2022-02-03,2022,2,3,34,21,3,187.24,2022-02-03 21:00:00+00:00,2022-02-03 22:00:00+00:00,62118.33,5189.1775,13233.885,0.0,60713.67,18423.0625,0.5376773767406141,0.8431506618282,-0.7071067811865477,0.7071067811865474,0.4338837391175582,-0.900968867902419,0,weekday,79.6
2022-02-04,2022,2,4,35,21,4,105.57,2022-02-04 21:00:00+00:00,2022-02-04 22:00:00+00:00,56210.155,6247.625,32903.115000000005,0.0,69033.02,39150.740000000005,0.5521013427459208,0.8337770129585915,-0.7071067811865477,0.7071067811865474,-0.433883739117558,-0.9009688679024191,0,weekday,81.47
2022-02-05,2022,2,5,36,21,5,31.98,2022-02-05 21:00:00+00:00,2022-02-05 22:00:00+00:00,55028.0275,5872.21,36032.33,0.0,67740.11,41904.54,0.5663619330814524,0.8241566360566663,-0.7071067811865477,0.7071067811865474,-0.9749279121818236,-0.2225209339563146,0,weekend,82.65
2022-02-06,2022,2,6,37,21,6,112.47,2022-02-06 21:00:00+00:00,2022-02-06 22:00:00+00:00,55009.2525,6072.54,32471.38,0.0,66263.95,38543.92,0.580454927809098,0.8142923779467267,-0.7071067811865477,0.7071067811865474,-0.7818314824680299,0.6234898018587334,0,weekend,80.725
2022-02-07,2022,2,7,38,21,0,123.16,2022-02-07 21:00:00+00:00,2022-02-07 22:00:00+00:00,60915.085,6014.1125,25388.17,0.0,67380.69,31402.2825,0.5943761565849831,0.804187157621448,-0.7071067811865477,0.7071067811865474,0.0,1.0,0,weekday,78.8
2022-02-08,2022,2,8,39,21,1,132.71,2022-02-08 21:00:00+00:00,2022-02-08 22:00:00+00:00,61535.145,5330.07,22682.9,0.0,64517.3,28012.97,0.6081214998935418,0.7938439653781019,-0.7071067811865477,0.7071067811865474,0.7818314824680298,0.6234898018587336,0,weekday,81.48
2022-02-09,2022,2,9,40,21,2,211.79,2022-02-09 21:00:00+00:00,2022-02-09 22:00:00+00:00,61410.1575,2917.3075,11362.5525,0.0,60604.57,14279.86,0.6216868902665479,0.7832658619336791,-0.7071067811865477,0.7071067811865474,0.9749279121818236,-0.2225209339563143,0,weekday,76.695
2022-02-10,2022,2,10,41,21,3,176.91,2022-02-10 21:00:00+00:00,2022-02-10 22:00:00+00:00,61235.1675,5527.5,14351.1025,0.0,65924.86,19878.6025,0.6350683134867438,0.7724559775191742,-0.7071067811865477,0.7071067811865474,0.4338837391175582,-0.900968867902419,0,weekday,74.03
2022-02-11,2022,2,11,42,21,4,205.48,2022-02-11 21:00:00+00:00,2022-02-11 22:00:00+00:00,58222.6825,1342.7275,5254.952499999999,0.0,52792.48,6597.679999999999,0.6482618097757122,0.7614175109532997,-0.7071067811865477,0.7071067811865474,-0.433883739117558,-0.9009688679024191,0,weekday,73.415
2022-02-12,2022,2,12,43,21,5,109.29,2022-02-12 21:00:00+00:00,2022-02-12 22:00:00+00:00,57010.5925,6144.45,20903.8475,0.0,61803.61,27048.2975,0.6612634749656386,0.7501537286959042,-0.7071067811865477,0.7071067811865474,-0.9749279121818236,-0.2225209339563146,0,weekend,77.425
2022-02-13,2022,2,13,44,21,6,88.59,2022-02-13 21:00:00+00:00,2022-02-13 22:00:00+00:00,57122.2175,5690.25,32178.4725,0.0,68011.17,37868.7225,0.6740694616546161,0.7386679638813748,-0.7071067811865477,0.7071067811865474,-0.7818314824680299,0.6234898018587334,0,weekend,80.51249999999999
2022-02-14,2022,2,14,45,21,0,123.05,2022-02-14 21:00:00+00:00,2022-02-14 22:00:00+00:00,61265.17,5618.115,23596.24,0.0,66199.31,29214.355000000003,0.6866759803451553,0.726963615332308,-0.7071067811865477,0.7071067811865474,0.0,1.0,0,weekday,83.6
2022-02-15,2022,2,15,46,21,1,101.91,2022-02-15 21:00:00+00:00,2022-02-15 22:00:00+00:00,61751.94,5499.9125,32907.845,0.0,70601.73,38407.7575,0.6990793005655562,0.7150441465537444,-0.7071067811865477,0.7071067811865474,0.7818314824680298,0.6234898018587336,0,weekday,76.06
2022-02-16,2022,2,16,47,21,2,95.01,2022-02-16 21:00:00+00:00,2022-02-16 22:00:00+00:00,61240.9125,4435.23,38349.4225,0.0,73483.5,42784.6525,0.7112757519738152,0.7029130847082615,-0.7071067811865477,0.7071067811865474,0.9749279121818236,-0.2225209339563143,0,weekday,69.095
2022-02-17,2022,2,17,48,21,3,86.3,2022-02-17 21:00:00+00:00,2022-02-17 22:00:00+00:00,64038.07,5759.2,34904.93,0.0,70935.6,40664.13,0.7232617254437388,0.6905740195722293,-0.7071067811865477,0.7071067811865474,0.4338837391175582,-0.900968867902419,0,weekday,73.35
2022-02-18,2022,2,18,49,21,4,115.66,2022-02-18 21:00:00+00:00,2022-02-18 22:00:00+00:00,62891.1025,2055.675,33921.44,0.0,62858.11,35977.115000000005,0.7350336741329413,0.6780306024735382,-0.7071067811865477,0.7071067811865474,-0.433883739117558,-0.9009688679024191,0,weekday,72.975
2022-02-19,2022,2,19,50,21,5,101.99,2022-02-19 21:00:00+00:00,2022-02-19 22:00:00+00:00,55372.33,2284.04,29561.9775,0.0,59446.56,31846.0175,0.746588114532413,0.6652865452111116,-0.7071067811865477,0.7071067811865474,-0.9749279121818236,-0.2225209339563146,0,weekend,73.76
2022-02-20,2022,2,20,51,21,6,40.06,2022-02-20 21:00:00+00:00,2022-02-20 22:00:00+00:00,57975.2925,5042.305,39429.3625,0.0,70801.04,44471.6675,0.7579216274973472,0.6523456189565257,-0.7071067811865477,0.7071067811865474,-0.7818314824680299,0.6234898018587334,0,weekend,73.015
2022-02-21,2022,2,21,52,21,0,102.83,2022-02-21 21:00:00+00:00,2022-02-21 22:00:00+00:00,61735.0325,5458.935,33395.3025,0.0,72739.14,38854.2375,0.7690308592589181,0.6392116531380588,-0.7071067811865477,0.7071067811865474,0.0,1.0,0,weekday,72.27000000000001
2022-02-22,2022,2,22,53,21,1,99.99,2022-02-22 21:00:00+00:00,2022-02-22 22:00:00+00:00,64071.1625,5425.9025,33115.557499999995,0.0,72681.47,38541.45999999999,0.7799125224167177,0.6258885343075018,-0.7071067811865477,0.7071067811865474,0.7818314824680298,0.6234898018587336,0,weekday,71.525
2022-02-23,2022,2,23,54,21,2,146.62,2022-02-23 21:00:00+00:00,2022-02-23 22:00:00+00:00,62785.9125,5595.97,20623.49,0.0,69662.08,26219.460000000003,0.7905633969115482,0.612380204990065,-0.7071067811865477,0.7071067811865474,0.9749279121818236,-0.2225209339563143,0,weekday,83.175
2022-02-24,2022,2,24,55,21,3,109.95,2022-02-24 21:00:00+00:00,2022-02-24 22:00:00+00:00,64495.2975,5511.9375,29775.14,0.0,69460.04,35287.0775,0.8009803309782905,0.5986906625177214,-0.7071067811865477,0.7071067811865474,0.4338837391175582,-0.900968867902419,0,weekday,106.1
2022-02-25,2022,2,25,56,21,4,135.13,2022-02-25 21:00:00+00:00,2022-02-25 22:00:00+00:00,59332.73,4749.275,23009.6425,0.0,64560.69,27758.917500000003,0.8111602420785621,0.5848239578463322,-0.7071067811865477,0.7071067811865474,-0.433883739117558,-0.9009688679024191,0,weekday,94.422
2022-02-26,2022,2,26,57,21,5,242.15,2022-02-26 21:00:00+00:00,2022-02-26 22:00:00+00:00,55383.9025,1768.66,6807.5025000000005,0.0,52948.11,8576.1625,0.8211001178128892,0.5707841943569036,-0.7071067811865477,0.7071067811865474,-0.9749279121818236,-0.2225209339563146,0,weekend,94.422
2022-02-27,2022,2,27,58,21,6,197.78,2022-02-27 21:00:00+00:00,2022-02-27 22:00:00+00:00,58515.115000000005,4509.785,13704.705,0.0,60172.83,18214.49,0.8307970168121247,0.5565755266413303,-0.7071067811865477,0.7071067811865474,-0.7818314824680299,0.6234898018587334,0,weekend,105.45599999999999
2022-02-28,2022,2,28,59,21,0,163.3,2022-02-28 21:00:00+00:00,2022-02-28 22:00:00+00:00,62885.8475,5146.975,19769.7075,0.0,65031.04,24916.682500000003,0.8402480696078469,0.5422021592729844,-0.7071067811865477,0.7071067811865474,0.0,1.0,0,weekday,116.49
2022-03-01,2022,3,1,60,21,1,266.94,2022-03-01 21:00:00+00:00,2022-03-01 22:00:00+00:00,62917.287500000006,424.315,4861.74,0.0,53461.29,5286.054999999999,0.8494504794814806,0.527668345562516,-0.7071067811865477,0.7071067811865474,0.7818314824680298,0.6234898018587336,0,weekday,103.665
2022-03-02,2022,3,2,61,21,2,265.78,2022-03-02 21:00:00+00:00,2022-03-02 22:00:00+00:00,61273.3975,782.5875,2922.2975,0.0,53229.67,3704.885,0.8584015232918917,0.512978386299228,-0.7071067811865477,0.7071067811865474,0.9749279121818236,-0.2225209339563143,0,weekday,165.545
2022-03-03,2022,3,3,62,21,3,333.88,2022-03-03 21:00:00+00:00,2022-03-03 22:00:00+00:00,58903.8975,2406.8725,8982.1975,0.0,58114.32,11389.07,0.8670985522812081,0.4981366284784055,-0.7071067811865477,0.7071067811865474,0.4338837391175582,-0.900968867902419,0,weekday,148.0
2022-03-04,2022,3,4,63,21,4,359.07,2022-03-04 21:00:00+00:00,2022-03-04 22:00:00+00:00,57529.9225,3075.5525,8662.8375,0.0,55836.83,11738.39,0.8755389928586302,0.4831474640149687,-0.7071067811865477,0.7071067811865474,-0.433883739117558,-0.9009688679024191,0,weekday,192.55
2022-03-05,2022,3,5,64,21,5,369.63,2022-03-05 21:00:00+00:00,2022-03-05 22:00:00+00:00,52002.505000000005,474.755,4976.3825,0.0,50170.36,5451.1375,0.8837203473619977,0.4680153284438345,-0.7071067811865477,0.7071067811865474,-0.9749279121818236,-0.2225209339563146,0,weekend,192.55
2022-03-06,2022,3,6,65,21,6,412.02,2022-03-06 21:00:00+00:00,2022-03-06 22:00:00+00:00,54315.9575,715.5925,4580.205,0.0,51046.54,5295.7975,0.8916401947968874,0.452744699607371,-0.7071067811865477,0.7071067811865474,-0.7818314824680299,0.6234898018587334,0,weekend,209.875
2022-03-07,2022,3,7,66,21,0,415.42,2022-03-07 21:00:00+00:00,2022-03-07 22:00:00+00:00,60805.055,211.495,6480.91,0.0,54687.23,6692.405,0.8992961915530253,0.4373400963303323,-0.7071067811865477,0.7071067811865474,0.0,1.0,0,weekday,227.2
2022-03-08,2022,3,8,67,21,1,492.05,2022-03-08 21:00:00+00:00,2022-03-08 22:00:00+00:00,60334.11,4254.327499999999,11620.48,0.0,60416.28,15874.8075,0.9066860720977984,0.4218060770826634,-0.7071067811865477,0.7071067811865474,0.7818314824680298,0.6234898018587336,0,weekday,214.555
2022-03-09,2022,3,9,68,21,2,449.06,2022-03-09 21:00:00+00:00,2022-03-09 22:00:00+00:00,58694.79,3328.7825000000003,9842.9675,0.0,56206.48,13171.75,0.9138076496466616,0.4061472386305789,-0.7071067811865477,0.7071067811865474,0.9749279121818236,-0.2225209339563143,0,weekday,155.88
2022-03-10,2022,3,10,69,21,3,172.74,2022-03-10 21:00:00+00:00,2022-03-10 22:00:00+00:00,59244.63,5482.755,26144.22,0.0,67746.02,31626.975,0.9206588168102428,0.3903682146763026,-0.7071067811865477,0.7071067811865474,0.4338837391175582,-0.900968867902419,0,weekday,126.4
2022-03-11,2022,3,11,70,21,4,81.05,2022-03-11 21:00:00+00:00,2022-03-11 22:00:00+00:00,57498.295,5626.37,30391.1625,0.0,68265.17,36017.5325,0.9272375462179536,0.374473674486883,-0.7071067811865477,0.7071067811865474,-0.433883739117558,-0.9009688679024191,0,weekday,131.23
2022-03-12,2022,3,12,71,21,5,182.51,2022-03-12 21:00:00+00:00,2022-03-12 22:00:00+00:00,51509.9725,4743.535,18546.175,0.0,57470.16,23289.71,0.9335418911179212,0.3584683215124808,-0.7071067811865477,0.7071067811865474,-0.9749279121818236,-0.2225209339563146,0,weekend,131.23
2022-03-13,2022,3,13,72,21,6,190.67,2022-03-13 21:00:00+00:00,2022-03-13 22:00:00+00:00,51422.4575,4851.185,18867.9125,0.0,57945.25,23719.0975,0.9395699859530622,0.342356891994542,-0.7071067811865477,0.7071067811865474,-0.7818314824680299,0.6234898018587334,0,weekend,122.875
2022-03-14,2022,3,14,73,21,0,300.73,2022-03-14 21:00:00+00:00,2022-03-14 22:00:00+00:00,57455.06,1299.005,6591.26,0.0,52718.76,7890.265,0.945320046913132,0.3261441535642696,-0.7071067811865477,0.7071067811865474,0.0,1.0,0,weekday,114.52
2022-03-15,2022,3,15,74,21,1,288.99,2022-03-15 21:00:00+00:00,2022-03-15 22:00:00+00:00,57495.2,795.6675,2951.3775,0.0,51208.38,3747.045,0.9507903724625832,0.3098349038318025,-0.7071067811865477,0.7071067811865474,0.7818314824680298,0.6234898018587336,0,weekday,121.69
2022-03-16,2022,3,16,75,21,2,165.22,2022-03-16 21:00:00+00:00,2022-03-16 22:00:00+00:00,57066.445,4831.2775,21899.5075,0.0,65728.28,26730.785,0.9559793438440766,0.2934339689665273,-0.7071067811865477,0.7071067811865474,0.9749279121818236,-0.2225209339563143,0,weekday,102.625
2022-03-17,2022,3,17,76,21,3,244.66,2022-03-17 21:00:00+00:00,2022-03-17 22:00:00+00:00,56557.225,1707.915,9297.085,0.0,55190.18,11005.0,0.9608854255574976,0.2769462022689364,-0.7071067811865477,0.7071067811865474,0.4338837391175582,-0.900968867902419,0,weekday,110.5
2022-03-18,2022,3,18,77,21,4,228.5,2022-03-18 21:00:00+00:00,2022-03-18 22:00:00+00:00,58234.2925,1547.49,14858.725,0.0,56005.16,16406.215,0.9655071658143364,0.2603764827344581,-0.7071067811865477,0.7071067811865474,-0.433883739117558,-0.9009688679024191,0,weekday,105.045
2022-03-19,2022,3,19,78,21,5,91.13,2022-03-19 21:00:00+00:00,2022-03-19 22:00:00+00:00,52757.3125,4754.3075,24657.7525,0.0,59116.89,29412.06,0.969843196967294,0.2437297136096838,-0.7071067811865477,0.7071067811865474,-0.9749279121818236,-0.2225209339563146,0,weekend,105.045
2022-03-20,2022,3,20,79,21,6,110.07,2022-03-20 21:00:00+00:00,2022-03-20 22:00:00+00:00,53294.28,4687.2775,23210.91,0.0,59839.05,27898.1875,0.9738922359149924,0.2270108209414184,-0.7071067811865477,0.7071067811865474,-0.7818314824680299,0.6234898018587334,0,weekend,101.8825
2022-03-21,2022,3,21,80,21,0,222.81,2022-03-21 21:00:00+00:00,2022-03-21 22:00:00+00:00,56559.335,889.7275,12435.5875,0.0,60021.82,13325.315,0.977653084481664,0.2102247521189836,-0.7071067811865477,0.7071067811865474,0.0,1.0,0,weekday,98.72
2022-03-22,2022,3,22,81,21,1,242.27,2022-03-22 21:00:00+00:00,2022-03-22 22:00:00+00:00,56091.535,458.0025,3161.2475,0.0,50460.76,3619.25,0.981124629771712,0.1933764744102058,-0.7071067811865477,0.7071067811865474,0.7818314824680298,0.6234898018587336,0,weekday,98.745
2022-03-23,2022,3,23,82,21,2,245.12,2022-03-23 21:00:00+00:00,2022-03-23 22:00:00+00:00,56264.7325,86.89500000000001,2703.45,0.0,50313.94,2790.345,0.984305844499033,0.1764709734915216,-0.7071067811865477,0.7071067811865474,0.9749279121818236,-0.2225209339563143,0,weekday,117.0
2022-03-24,2022,3,24,83,21,3,240.04,2022-03-24 21:00:00+00:00,2022-03-24 22:00:00+00:00,56405.365,334.6875,2675.63,0.0,50828.88,3010.3175,0.9871957872910084,0.1595132519726365,-0.7071067811865477,0.7071067811865474,0.4338837391175582,-0.900968867902419,0,weekday,116.0
2022-03-25,2022,3,25,84,21,4,244.56,2022-03-25 21:00:00+00:00,2022-03-25 22:00:00+00:00,54720.935,1792.47,8705.6725,0.0,54710.4,10498.1425,0.9897936029670716,0.1425083279161708,-0.7071067811865477,0.7071067811865474,-0.433883739117558,-0.9009688679024191,0,weekday,101.27
2022-03-26,2022,3,26,85,21,5,244.94,2022-03-26 21:00:00+00:00,2022-03-26 22:00:00+00:00,52950.6,1124.905,5374.975,0.0,48309.06,6499.88,0.992098522791769,0.1254612333527364,-0.7071067811865477,0.7071067811865474,-0.9749279121818236,-0.2225209339563146,0,weekend,101.27
2022-03-27,2022,3,27,86,21,6,251.59,2022-03-27 21:00:00+00:00,2022-03-27 22:00:00+00:00,49916.0225,1362.415,5788.5375,0.0,46294.01,7150.9525,0.9941098647022418,0.108377012791876,-0.7071067811865477,0.7071067811865474,-0.7818314824680299,0.6234898018587334,0,weekend,99.435
2022-03-28,2022,3,28,87,21,0,229.53,2022-03-28 21:00:00+00:00,2022-03-28 22:00:00+00:00,51925.395,1865.8625,7377.94,0.0,51148.37,9243.8025,0.9958270335100596,0.0912607217293118,-0.7071067811865477,0.7071067811865474,0.0,1.0,0,weekday,97.6
2022-03-29,2022,3,29,88,21,1,237.0,2022-03-29 21:00:00+00:00,2022-03-29 22:00:00+00:00,52183.105,1113.3075,5040.75,0.0,52127.63,6154.0575,0.9972495210773452,0.0741174251509443,-0.7071067811865477,0.7071067811865474,0.7818314824680298,0.6234898018587336,0,weekday,108.38
2022-03-30,2022,3,30,89,21,2,240.52,2022-03-30 21:00:00+00:00,2022-03-30 22:00:00+00:00,52138.7025,2372.8125,6412.2725,0.0,51894.89,8785.085,0.998376906467142,0.0569521960340397,-0.7071067811865477,0.7071067811865474,0.9749279121818236,-0.2225209339563143,0,weekday,118.97
2022-03-31,2022,3,31,90,21,3,150.64,2022-03-31 21:00:00+00:00,2022-03-31 22:00:00+00:00,51616.315,4811.675,24897.98,0.0,66176.41,29709.655,0.9992088560679752,0.0397701138460557,-0.7071067811865477,0.7071067811865474,0.4338837391175582,-0.900968867902419,0,weekday,125.905
2022-04-01,2022,4,1,91,21,4,167.85,2022-04-01 21:00:00+00:00,2022-04-01 22:00:00+00:00,52175.1425,3072.33,21240.0875,0.0,58657.47,24312.417500000003,0.9997451236925734,0.0225762630415454,-0.7071067811865477,0.7071067811865474,-0.433883739117558,-0.9009688679024191,0,weekday,114.75
2022-04-02,2022,4,2,92,21,5,206.14,2022-04-02 21:00:00+00:00,2022-04-02 22:00:00+00:00,46704.895,879.86,8566.6275,0.0,47977.02,9446.4875,0.9999855506507186,0.0053757315575838,-0.7071067811865477,0.7071067811865474,-0.9749279121818236,-0.2225209339563146,0,weekend,112.15
2022-04-03,2022,4,3,93,21,6,177.45,2022-04-03 21:00:00+00:00,2022-04-03 22:00:00+00:00,48691.6075,4633.5975,16220.2675,0.0,55037.17,20853.865,0.9999300657962056,-0.0118263906918325,-0.7071067811865477,0.7071067811865474,-0.7818314824680299,0.6234898018587334,0,weekend,110.8375
2022-04-04,2022,4,4,94,21,0,72.98,2022-04-04 21:00:00+00:00,2022-04-04 22:00:00+00:00,55033.5675,4402.19,35580.6325,0.0,64853.25,39982.8225,0.9995786855478958,-0.0290250133219752,-0.7071067811865477,0.7071067811865474,0.0,1.0,0,weekday,109.525
2022-04-05,2022,4,5,95,21,1,189.65,2022-04-05 21:00:00+00:00,2022-04-05 22:00:00+00:00,53636.72,2887.0,16779.175,0.0,57877.53,19666.175,0.9989315138848576,-0.0462150469837083,-0.7071067811865477,0.7071067811865474,0.7818314824680298,0.6234898018587336,0,weekday,108.14
2022-04-06,2022,4,6,96,21,2,109.11,2022-04-06 21:00:00+00:00,2022-04-06 22:00:00+00:00,58978.4075,4542.1275000000005,33047.55,0.0,66125.25,37589.677500000005,0.9979887423155984,-0.0633914048695103,-0.7071067811865477,0.7071067811865474,0.9749279121818236,-0.2225209339563143,0,weekday,106.79
2022-04-07,2022,4,7,97,21,3,69.19,2022-04-07 21:00:00+00:00,2022-04-07 22:00:00+00:00,56474.0625,4856.85,38342.4175,0.0,70813.61,43199.2675,0.9967506498213928,-0.0805490042187416,-0.7071067811865477,0.7071067811865474,0.4338837391175582,-0.900968867902419,0,weekday,104.565
2022-04-08,2022,4,8,98,21,4,189.8,2022-04-08 21:00:00+00:00,2022-04-08 22:00:00+00:00,53458.82,4494.2025,13460.8175,0.0,53651.87,17955.02,0.9952176027737294,-0.0976827678217159,-0.7071067811865477,0.7071067811865474,-0.433883739117558,-0.9009688679024191,0,weekday,103.88
2022-04-09,2022,4,9,99,21,5,89.77,2022-04-09 21:00:00+00:00,2022-04-09 22:00:00+00:00,48656.04,5333.39,22509.365,0.0,57700.12,27842.755,0.9933900548258936,-0.114787625522127,-0.7071067811865477,0.7071067811865474,-0.9749279121818236,-0.2225209339563146,0,weekend,103.88
2022-04-10,2022,4,10,100,21,6,238.28,2022-04-10 21:00:00+00:00,2022-04-10 22:00:00+00:00,49957.5175,2602.2825,8862.015,0.0,48081.37,11464.2975,0.9912685467787256,-0.1318585157173911,-0.7071067811865477,0.7071067811865474,-0.7818314824680299,0.6234898018587334,0,weekend,102.0075
2022-04-11,2022,4,11,101,21,0,247.99,2022-04-11 21:00:00+00:00,2022-04-11 22:00:00+00:00,55548.85,2237.94,9828.315,0.0,53235.63,12066.255,0.9888537064205885,-0.1488903868564548,-0.7071067811865477,0.7071067811865474,0.0,1.0,0,weekday,100.135
2022-04-12,2022,4,12,102,21,1,177.46,2022-04-12 21:00:00+00:00,2022-04-12 22:00:00+00:00,54691.3475,4796.55,19963.9875,0.0,61750.63,24760.5375,0.986146248341595,-0.1658781989346314,-0.7071067811865477,0.7071067811865474,0.7818314824680298,0.6234898018587336,0,weekday,103.75
2022-04-13,2022,4,13,103,21,2,250.0,2022-04-13 21:00:00+00:00,2022-04-13 22:00:00+00:00,52745.7475,1578.645,4534.8375,0.0,46683.97,6113.4825,0.98314697372215,-0.1828169249850199,-0.7071067811865477,0.7071067811865474,0.9749279121818236,-0.2225209339563143,0,weekday,105.325
2022-04-14,2022,4,14,104,21,3,253.68,2022-04-14 21:00:00+00:00,2022-04-14 22:00:00+00:00,52702.0875,1498.6725,6846.0275,0.0,45976.84,8344.7,0.9798567700958664,-0.1997015525660636,-0.7071067811865477,0.7071067811865474,0.4338837391175582,-0.900968867902419,0,weekday,95.62
2022-04-15,2022,4,15,105,21,4,205.09,2022-04-15 21:00:00+00:00,2022-04-15 22:00:00+00:00,48023.4475,1404.47,9340.53,0.0,42240.54,10745.0,0.976276611086932,-0.2165270852448143,-0.7071067811865477,0.7071067811865474,-0.433883739117558,-0.9009688679024191,1,holiday,95.62
2022-04-16,2022,4,16,106,21,5,175.84,2022-04-16 21:00:00+00:00,2022-04-16 22:00:00+00:00,46721.18,1688.185,10169.585,0.0,45944.58,11857.77,0.9724075561219968,-0.2332885440754551,-0.7071067811865477,0.7071067811865474,-0.9749279121818236,-0.2225209339563146,0,weekend,95.62
2022-04-17,2022,4,17,107,21,6,171.46,2022-04-17 21:00:00+00:00,2022-04-17 22:00:00+00:00,44155.085,2944.94,10704.3975,0.0,44693.86,13649.3375,0.9682507501166718,-0.2499809690726521,-0.7071067811865477,0.7071067811865474,-0.7818314824680299,0.6234898018587334,0,weekend,95.62
2022-04-18,2022,4,18,108,21,0,221.23,2022-04-18 21:00:00+00:00,2022-04-18 22:00:00+00:00,48177.31,1509.0425,5750.5325,0.0,42280.91,7259.575000000001,0.9638074231367308,-0.2665994206792935,-0.7071067811865477,0.7071067811865474,0.0,1.0,1,holiday,95.62
2022-04-19,2022,4,19,109,21,1,200.0,2022-04-19 21:00:00+00:00,2022-04-19 22:00:00+00:00,51649.78,2639.4625,11802.4775,0.0,53150.9,14441.94,0.9590788900341132,-0.2831389812281835,-0.7071067811865477,0.7071067811865474,0.7818314824680298,0.6234898018587336,0,weekday,93.77
2022-04-20,2022,4,20,110,21,2,220.1,2022-04-20 21:00:00+00:00,2022-04-20 22:00:00+00:00,52035.705,1957.1625,11429.765,0.0,51667.52,13386.9275,0.9540665500578388,-0.2995947563972602,-0.7071067811865477,0.7071067811865474,0.9749279121818236,-0.2225209339563143,0,weekday,96.75
2022-04-21,2022,4,21,111,21,3,199.71,2022-04-21 21:00:00+00:00,2022-04-21 22:00:00+00:00,51373.7575,4773.2075,16009.61,0.0,57848.88,20782.8175,0.9487718864399473,-0.3159618766579029,-0.7071067811865477,0.7071067811865474,0.4338837391175582,-0.900968867902419,0,weekday,100.06
2022-04-22,2022,4,22,112,21,4,190.17,2022-04-22 21:00:00+00:00,2022-04-22 22:00:00+00:00,49946.4025,4985.805,21058.3925,0.0,58296.2,26044.1975,0.9431964659565866,-0.3322354987159043,-0.7071067811865477,0.7071067811865474,-0.433883739117558,-0.9009688679024191,0,weekday,94.875
2022-04-23,2022,4,23,113,21,5,118.23,2022-04-23 21:00:00+00:00,2022-04-23 22:00:00+00:00,45182.6125,4131.6075,21641.455,0.0,57228.94,25773.0625,0.9373419384643772,-0.3484108069446808,-0.7071067811865477,0.7071067811865474,-0.9749279121818236,-0.2225209339563146,0,weekend,94.875
2022-04-24,2022,4,24,114,21,6,205.73,2022-04-24 21:00:00+00:00,2022-04-24 22:00:00+00:00,44986.0125,3315.8275,12146.4375,0.0,47381.36,15462.265,0.9312100364121948,-0.3644830148102912,-0.7071067811865477,0.7071067811865474,-0.7818314824680299,0.6234898018587334,0,weekend,93.85499999999999
2022-04-25,2022,4,25,115,21,0,254.0,2022-04-25 21:00:00+00:00,2022-04-25 22:00:00+00:00,51352.815,1018.1625,4707.71,0.0,47383.58,5725.8725,0.9248025743285088,-0.3804473662878516,-0.7071067811865477,0.7071067811865474,0.0,1.0,0,weekday,92.835
2022-04-26,2022,4,26,116,21,1,255.0,2022-04-26 21:00:00+00:00,2022-04-26 22:00:00+00:00,50976.8475,279.19,5153.85,0.0,48259.75,5433.04,0.9181214482844364,-0.3962991372689181,-0.7071067811865477,0.7071067811865474,0.7818314824680298,0.6234898018587336,0,weekday,103.21
2022-04-27,2022,4,27,117,21,2,235.33,2022-04-27 21:00:00+00:00,2022-04-27 22:00:00+00:00,50703.052500000005,300.0875,4477.725,0.0,47337.52,4777.8125,0.9111686353326632,-0.4120336369594263,-0.7071067811865477,0.7071067811865474,0.9749279121818236,-0.2225209339563143,0,weekday,107.425
2022-04-28,2022,4,28,118,21,3,253.56,2022-04-28 21:00:00+00:00,2022-04-28 22:00:00+00:00,50439.4175,915.9225,6503.1,0.0,47962.06,7419.0225,0.9039461929224012,-0.4276462092677746,-0.7071067811865477,0.7071067811865474,0.4338837391175582,-0.900968867902419,0,weekday,100.142
2022-04-29,2022,4,29,119,21,4,241.56,2022-04-29 21:00:00+00:00,2022-04-29 22:00:00+00:00,48859.77,786.2625,7258.83,0.0,48664.06,8045.0925,0.8964562582905575,-0.4431322341826345,-0.7071067811865477,0.7071067811865474,-0.433883739117558,-0.9009688679024191,0,weekday,99.45
2022-04-30,2022,4,30,120,21,5,239.09,2022-04-30 21:00:00+00:00,2022-04-30 22:00:00+00:00,45433.5725,409.735,4656.125,0.0,41338.13,5065.86,0.8887010478292915,-0.4584871291400876,-0.7071067811865477,0.7071067811865474,-0.9749279121818236,-0.2225209339563146,0,weekend,99.45
2022-05-01,2022,5,1,121,21,6,239.72,2022-05-01 21:00:00+00:00,2022-05-01 22:00:00+00:00,44927.8975,68.75999999999999,4160.695,0.0,39188.61,4229.455,0.8806828564301475,-0.47370635037968,-0.7071067811865477,0.7071067811865474,-0.7818314824680299,0.6234898018587334,1,holiday,98.25
2022-05-02,2022,5,2,122,21,0,241.11,2022-05-02 21:00:00+00:00,2022-05-02 22:00:00+00:00,50580.66,1242.0275,5118.1825,0.0,47238.09,6360.21,0.8724040568049612,-0.4887853942889926,-0.7071067811865477,0.7071067811865474,0.0,1.0,0,weekday,97.05
2022-05-03,2022,5,3,123,21,1,253.21,2022-05-03 21:00:00+00:00,2022-05-03 22:00:00+00:00,50605.695,467.7375,3741.13,0.0,47067.58,4208.8675,0.8638670987837349,-0.503719798736334,-0.7071067811865477,0.7071067811865474,0.7818314824680298,0.6234898018587336,0,weekday,99.425
2022-05-04,2022,5,4,124,21,2,246.9,2022-05-04 21:00:00+00:00,2022-05-04 22:00:00+00:00,49201.8775,188.5775,2720.1325,0.0,45978.37,2908.71,0.8550745085896932,-0.518505144391157,-0.7071067811865477,0.7071067811865474,0.9749279121818236,-0.2225209339563143,0,weekday,103.82
2022-05-05,2022,5,5,125,21,3,251.84,2022-05-05 21:00:00+00:00,2022-05-05 22:00:00+00:00,49862.84,222.895,2983.8425,0.0,45047.21,3206.7375,0.8460288880917339,-0.533137056031809,-0.7071067811865477,0.7071067811865474,0.4338837391175582,-0.900968867902419,0,weekday,106.51
2022-05-06,2022,5,6,126,21,4,247.78,2022-05-06 21:00:00+00:00,2022-05-06 22:00:00+00:00,48433.29,797.3875,2375.69,0.0,41522.23,3173.0775000000003,0.8367329140344921,-0.5476112038402312,-0.7071067811865477,0.7071067811865474,-0.433883739117558,-0.9009688679024191,0,weekday,101.71
2022-05-07,2022,5,7,127,21,5,223.12,2022-05-07 21:00:00+00:00,2022-05-07 22:00:00+00:00,44395.7925,2122.3475,7232.835,0.0,40801.55,9355.1825,0.8271893372462497,-0.5619233046832195,-0.7071067811865477,0.7071067811865474,-0.9749279121818236,-0.2225209339563146,0,weekend,101.71
2022-05-08,2022,5,8,128,21,6,225.91,2022-05-08 21:00:00+00:00,2022-05-08 22:00:00+00:00,45123.06,301.2275,6825.217500000001,0.0,41109.05,7126.445000000001,0.8174009818249189,-0.5760691233798758,-0.7071067811865477,0.7071067811865474,-0.7818314824680299,0.6234898018587334,0,weekend,99.01249999999999
2022-05-09,2022,5,9,129,21,0,237.08,2022-05-09 21:00:00+00:00,2022-05-09 22:00:00+00:00,48529.245,1655.4075,7424.7825,0.0,48358.55,9080.19,0.8073707443023492,-0.5900444739548627,-0.7071067811865477,0.7071067811865474,0.0,1.0,0,weekday,96.315
2022-05-10,2022,5,10,130,21,1,229.09,2022-05-10 21:00:00+00:00,2022-05-10 22:00:00+00:00,49199.925,2921.5425,10155.4775,0.0,48355.53,13077.02,0.7971015927871943,-0.6038452208771035,-0.7071067811865477,0.7071067811865474,0.7818314824680298,0.6234898018587336,0,weekday,98.8
2022-05-11,2022,5,11,131,21,2,206.01,2022-05-11 21:00:00+00:00,2022-05-11 22:00:00+00:00,48697.2825,2860.3775,13928.415,0.0,46032.21,16788.7925,0.7865965660866021,-0.6174672802835514,-0.7071067811865477,0.7071067811865474,0.9749279121818236,-0.2225209339563143,0,weekday,94.01
2022-05-12,2022,5,12,132,21,3,224.32,2022-05-12 21:00:00+00:00,2022-05-12 22:00:00+00:00,49836.365,2784.1475,4625.995,0.0,40472.92,7410.1425,0.7758587728069828,-0.6309066211876704,-0.7071067811865477,0.7071067811865474,0.4338837391175582,-0.900968867902419,0,weekday,106.7
2022-05-13,2022,5,13,133,21,4,220.36,2022-05-13 21:00:00+00:00,2022-05-13 22:00:00+00:00,49621.7025,5114.09,10774.9075,0.0,46442.28,15888.9975,0.7648913904341225,-0.6441592666722685,-0.7071067811865477,0.7071067811865474,-0.433883739117558,-0.9009688679024191,0,weekday,96.88
2022-05-14,2022,5,14,134,21,5,239.0,2022-05-14 21:00:00+00:00,2022-05-14 22:00:00+00:00,43160.69,541.825,3910.95,0.0,35691.55,4452.775,0.753697664392914,-0.6572212950663319,-0.7071067811865477,0.7071067811865474,-0.9749279121818236,-0.2225209339563146,0,weekend,96.88
2022-05-15,2022,5,15,135,21,6,219.57,2022-05-15 21:00:00+00:00,2022-05-15 22:00:00+00:00,44575.3875,2057.175,9795.825,0.0,41458.45,11853.0,0.742280907086982,-0.6700888411055113,-0.7071067811865477,0.7071067811865474,-0.7818314824680299,0.6234898018587334,0,weekend,94.87
2022-05-16,2022,5,16,136,21,0,240.2,2022-05-16 21:00:00+00:00,2022-05-16 22:00:00+00:00,48129.9075,1719.31,7958.4775,0.0,44508.45,9677.7875,0.7306444969184916,-0.6827580970759147,-0.7071067811865477,0.7071067811865474,0.0,1.0,0,weekday,92.86
2022-05-17,2022,5,17,137,21,1,245.46,2022-05-17 21:00:00+00:00,2022-05-17 22:00:00+00:00,48076.7275,1827.795,7226.22,0.0,46367.06,9054.015,0.7187918772884232,-0.6952253139408722,-0.7071067811865477,0.7071067811865474,0.7818314824680298,0.6234898018587336,0,weekday,94.175
2022-05-18,2022,5,18,138,21,2,225.73,2022-05-18 21:00:00+00:00,2022-05-18 22:00:00+00:00,49748.3175,651.8125,11027.2675,0.0,46869.15,11679.08,0.7067265555776158,-0.7074868024503348,-0.7071067811865477,0.7071067811865474,0.9749279121818236,-0.2225209339563143,0,weekday,96.475
2022-05-19,2022,5,19,139,21,3,234.38,2022-05-19 21:00:00+00:00,2022-05-19 22:00:00+00:00,49683.7375,1178.13,9712.285,0.0,43548.5,10890.415,0.6944521021088763,-0.719538934232584,-0.7071067811865477,0.7071067811865474,0.4338837391175582,-0.900968867902419,0,weekday,91.025
2022-05-20,2022,5,20,140,21,4,205.27,2022-05-20 21:00:00+00:00,2022-05-20 22:00:00+00:00,49124.802500000005,1682.3025,20252.1425,0.0,49901.23,21934.445000000003,0.6819721490904629,-0.7313781428679254,-0.7071067811865477,0.7071067811865474,-0.433883739117558,-0.9009688679024191,0,weekday,87.9
2022-05-21,2022,5,21,141,21,5,223.85,2022-05-21 21:00:00+00:00,2022-05-21 22:00:00+00:00,43238.0225,1113.51,5965.672500000001,0.0,37381.82,7079.182500000001,0.6692903895412567,-0.7430009249440493,-0.7071067811865477,0.7071067811865474,-0.9749279121818236,-0.2225209339563146,0,weekend,87.9
2022-05-22,2022,5,22,142,21,6,219.91,2022-05-22 21:00:00+00:00,2022-05-22 22:00:00+00:00,44942.1975,1978.2725,7419.255,0.0,41906.55,9397.5275,0.6564105761979381,-0.7544038410927472,-0.7071067811865477,0.7071067811865474,-0.7818314824680299,0.6234898018587334,0,weekend,86.56
2022-05-23,2022,5,23,143,21,0,179.91,2022-05-23 21:00:00+00:00,2022-05-23 22:00:00+00:00,49695.2925,3358.5675,23246.7,0.0,54721.96,26605.2675,0.6433365204044917,-0.765583517007675,-0.7071067811865477,0.7071067811865474,0.0,1.0,0,weekday,85.22
2022-05-24,2022,5,24,144,21,1,211.91,2022-05-24 21:00:00+00:00,2022-05-24 22:00:00+00:00,50497.8725,3319.5425,5873.41,0.0,43826.01,9192.9525,0.6300720909843687,-0.7765366444428655,-0.7071067811865477,0.7071067811865474,0.7818314824680298,0.6234898018587336,0,weekday,86.875
2022-05-25,2022,5,25,145,21,2,192.26,2022-05-25 21:00:00+00:00,2022-05-25 22:00:00+00:00,50403.88,4815.335,13149.0725,0.0,49658.42,17964.4075,0.6166212130956382,-0.7872599821916922,-0.7071067811865477,0.7071067811865474,0.9749279121818236,-0.2225209339563143,0,weekday,85.625
2022-05-26,2022,5,26,146,21,3,159.17,2022-05-26 21:00:00+00:00,2022-05-26 22:00:00+00:00,44992.745,5187.1575,16428.987500000003,0.0,47921.49,21616.145000000004,0.6029878670694714,-0.7977503570459932,-0.7071067811865477,0.7071067811865474,0.4338837391175582,-0.900968867902419,1,holiday,85.97
2022-05-27,2022,5,27,147,21,4,75.96,2022-05-27 21:00:00+00:00,2022-05-27 22:00:00+00:00,47984.1025,4845.8725,26169.78,0.0,58151.48,31015.6525,0.5891760872322963,-0.8080046647350754,-0.7071067811865477,0.7071067811865474,-0.433883739117558,-0.9009688679024191,0,weekday,86.25
2022-05-28,2022,5,28,148,21,5,170.0,2022-05-28 21:00:00+00:00,2022-05-28 22:00:00+00:00,43553.1075,4958.145,13113.115000000002,0.0,48230.57,18071.26,0.5751899607119775,-0.8180198708443174,-0.7071067811865477,0.7071067811865474,-0.9749279121818236,-0.2225209339563146,0,weekend,86.875
2022-05-29,2022,5,29,149,21,6,225.0,2022-05-29 21:00:00+00:00,2022-05-29 22:00:00+00:00,44792.3425,1230.1375,3391.1525,0.0,38744.72,4621.29,0.5610336262283677,-0.8277930117131022,-0.7071067811865477,0.7071067811865474,-0.7818314824680299,0.6234898018587334,0,weekend,89.25166666666667
2022-05-30,2022,5,30,150,21,0,243.68,2022-05-30 21:00:00+00:00,2022-05-30 22:00:00+00:00,50220.5325,41.785,2445.63,0.0,41408.43,2487.415,0.5467112728685939,-0.8373211953118121,-0.7071067811865477,0.7071067811865474,0.0,1.0,0,weekday,91.62833333333333
2022-05-31,2022,5,31,151,21,1,240.01,2022-05-31 21:00:00+00:00,2022-05-31 22:00:00+00:00,50253.95,306.6675,2451.1475,0.0,42934.19,2757.815,0.5322271388474397,-0.8466016020976267,-0.7071067811865477,0.7071067811865474,0.7818314824680298,0.6234898018587336,0,weekday,94.005
2022-06-01,2022,6,1,152,21,2,250.0,2022-06-01 21:00:00+00:00,2022-06-01 22:00:00+00:00,49070.2425,736.76,4079.0225,0.0,43959.11,4815.7825,0.5175855102531889,-0.8556314858488706,-0.7071067811865477,0.7071067811865474,0.9749279121818236,-0.2225209339563143,0,weekday,85.55
2022-06-02,2022,6,2,153,21,3,229.78,2022-06-02 21:00:00+00:00,2022-06-02 22:00:00+00:00,49303.21,831.4,6867.3325,0.0,45460.64,7698.7325,0.5027907197793043,-0.8644081744776648,-0.7071067811865477,0.7071067811865474,0.4338837391175582,-0.900968867902419,0,weekday,83.945
2022-06-03,2022,6,3,154,21,4,211.96,2022-06-03 21:00:00+00:00,2022-06-03 22:00:00+00:00,47627.615,1221.0,11179.4825,0.0,45798.82,12400.4825,0.4878471454423119,-0.8729290708206411,-0.7071067811865477,0.7071067811865474,-0.433883739117558,-0.9009688679024191,0,weekday,83.1
2022-06-04,2022,6,4,155,21,5,199.06,2022-06-04 21:00:00+00:00,2022-06-04 22:00:00+00:00,43066.4,509.9875,8276.2875,0.0,40076.36,8786.275,0.4727592092862775,-0.881191653407483,-0.7071067811865477,0.7071067811865474,-0.9749279121818236,-0.2225209339563146,0,weekend,83.1
2022-06-05,2022,6,5,156,21,6,169.22,2022-06-05 21:00:00+00:00,2022-06-05 22:00:00+00:00,41386.7375,4393.7275,15320.1775,0.0,45492.16,19713.905,0.4575313760742512,-0.8891934772070711,-0.7071067811865477,0.7071067811865474,-0.7818314824680299,0.6234898018587334,0,weekend,83.0525
2022-06-06,2022,6,6,157,21,0,217.42,2022-06-06 21:00:00+00:00,2022-06-06 22:00:00+00:00,45059.1525,3809.4475,9186.2025,0.0,46327.25,12995.65,0.442168151967072,-0.8969321743510065,-0.7071067811865477,0.7071067811865474,0.0,1.0,1,holiday,83.005
2022-06-07,2022,6,7,158,21,1,220.26,2022-06-07 21:00:00+00:00,2022-06-07 22:00:00+00:00,48509.975,1872.5575,5654.585,0.0,43577.24,7527.1425,0.4266740831899246,-0.9044054548343,-0.7071067811865477,0.7071067811865474,0.7818314824680298,0.6234898018587336,0,weekday,80.41
2022-06-08,2022,6,8,159,21,2,211.0,2022-06-08 21:00:00+00:00,2022-06-08 22:00:00+00:00,49206.9225,1233.615,7528.37,0.0,43833.68,8761.985,0.4110537546870351,-0.911611107193024,-0.7071067811865477,0.7071067811865474,0.9749279121818236,-0.2225209339563143,0,weekday,79.405
2022-06-09,2022,6,9,160,21,3,209.09,2022-06-09 21:00:00+00:00,2022-06-09 22:00:00+00:00,49504.2,1501.6925,6606.275,0.0,43232.06,8107.9675,0.3953117887649151,-0.9185469991587164,-0.7071067811865477,0.7071067811865474,0.4338837391175582,-0.900968867902419,0,weekday,84.88
2022-06-10,2022,6,10,161,21,4,215.48,2022-06-10 21:00:00+00:00,2022-06-10 22:00:00+00:00,48601.2225,898.1025,2681.83,0.0,40550.32,3579.9325,0.3794528437245443,-0.925211078289358,-0.7071067811865477,0.7071067811865474,-0.433883739117558,-0.9009688679024191,0,weekday,82.465
2022-06-11,2022,6,11,162,21,5,207.92,2022-06-11 21:00:00+00:00,2022-06-11 22:00:00+00:00,43088.9675,3335.6075,2699.94,0.0,37831.27,6035.547500000001,0.3634816124829063,-0.9316013725767188,-0.7071067811865477,0.7071067811865474,-0.9749279121818236,-0.2225209339563146,0,weekend,82.465
2022-06-12,2022,6,12,163,21,6,210.0,2022-06-12 21:00:00+00:00,2022-06-12 22:00:00+00:00,43590.5725,1668.635,5847.1775,0.0,39941.29,7515.8125,0.3474028211842774,-0.9377159910299092,-0.7071067811865477,0.7071067811865474,-0.7818314824680299,0.6234898018587334,0,weekend,82.9325
2022-06-13,2022,6,13,164,21,0,223.47,2022-06-13 21:00:00+00:00,2022-06-13 22:00:00+00:00,48523.2725,2379.0150000000003,8384.725,0.0,45786.77,10763.740000000002,0.3312212278016865,-0.9435531242349544,-0.7071067811865477,0.7071067811865474,0.0,1.0,0,weekday,83.4
2022-06-14,2022,6,14,165,21,1,234.9,2022-06-14 21:00:00+00:00,2022-06-14 22:00:00+00:00,48377.95,425.3525,4186.9325,0.0,45479.61,4612.285,0.3149416207289519,-0.9491110448902284,-0.7071067811865477,0.7071067811865474,0.7818314824680298,0.6234898018587336,0,weekday,97.04
2022-06-15,2022,6,15,166,21,2,247.69,2022-06-15 21:00:00+00:00,2022-06-15 22:00:00+00:00,46499.885,86.86,5585.6375,0.0,45341.21,5672.4975,0.2985688173637202,-0.9543881083175908,-0.7071067811865477,0.7071067811865474,0.9749279121818236,-0.2225209339563143,0,weekday,120.33
2022-06-16,2022,6,16,167,21,3,262.25,2022-06-16 21:00:00+00:00,2022-06-16 22:00:00+00:00,47198.2925,456.88,5592.9400000000005,0.0,41549.72,6049.820000000001,0.2821076626819194,-0.9593827529490744,-0.7071067811865477,0.7071067811865474,0.4338837391175582,-0.900968867902419,0,weekday,124.365
2022-06-17,2022,6,17,168,21,4,284.03,2022-06-17 21:00:00+00:00,2022-06-17 22:00:00+00:00,48070.92,2968.3175,9214.96,0.0,46860.75,12183.2775,0.2655630278040559,-0.9640935007889756,-0.7071067811865477,0.7071067811865474,-0.433883739117558,-0.9009688679024191,0,weekday,117.74
2022-06-18,2022,6,18,169,21,5,285.08,2022-06-18 21:00:00+00:00,2022-06-18 22:00:00+00:00,43035.81,825.28,9398.12,0.0,41111.25,10223.4,0.2489398085537665,-0.9685189578512204,-0.7071067811865477,0.7071067811865474,-0.9749279121818236,-0.2225209339563146,0,weekend,117.74
2022-06-19,2022,6,19,170,21,6,306.93,2022-06-19 21:00:00+00:00,2022-06-19 22:00:00+00:00,44551.5875,909.07,5690.47,0.0,39552.91,6599.54,0.2322429240090701,-0.9726578145718654,-0.7071067811865477,0.7071067811865474,-0.7818314824680299,0.6234898018587334,0,weekend,120.34666666666666
2022-06-20,2022,6,20,171,21,0,288.71,2022-06-20 21:00:00+00:00,2022-06-20 22:00:00+00:00,48063.385,2167.235,11486.98,0.0,47505.07,13654.215,0.2154773150467301,-0.976508846196619,-0.7071067811865477,0.7071067811865474,0.0,1.0,0,weekday,122.95333333333333
2022-06-21,2022,6,21,172,21,1,373.25,2022-06-21 21:00:00+00:00,2022-06-21 22:00:00+00:00,48089.755,295.2925,3999.135,0.0,43977.73,4294.4275,0.1986479428801711,-0.9800709131432666,-0.7071067811865477,0.7071067811865474,0.7818314824680298,0.6234898018587336,0,weekday,125.56
2022-06-22,2022,6,22,173,21,2,374.55,2022-06-22 21:00:00+00:00,2022-06-22 22:00:00+00:00,49259.265,119.575,5924.150000000001,0.0,43114.09,6043.725,0.1817597875913753,-0.9833429613388902,-0.7071067811865477,0.7071067811865474,0.9749279121818236,-0.2225209339563143,0,weekday,127.17
2022-06-23,2022,6,23,174,21,3,292.36,2022-06-23 21:00:00+00:00,2022-06-23 22:00:00+00:00,49837.63,4274.7375,13720.42,0.0,51347.75,17995.1575,0.1648178466571979,-0.9863240225317866,-0.7071067811865477,0.7071067811865474,0.4338837391175582,-0.900968867902419,0,weekday,133.345
2022-06-24,2022,6,24,175,21,4,320.0,2022-06-24 21:00:00+00:00,2022-06-24 22:00:00+00:00,49236.6425,1362.415,6701.705,0.0,43344.21,8064.12,0.1478271334705304,-0.9890132145779884,-0.7071067811865477,0.7071067811865474,-0.433883739117558,-0.9009688679024191,0,weekday,128.505
2022-06-25,2022,6,25,176,21,5,324.02,2022-06-25 21:00:00+00:00,2022-06-25 22:00:00+00:00,43081.185,854.245,4250.4475,0.0,39670.11,5104.6925,0.1307926758567592,-0.9914097417023038,-0.7071067811865477,0.7071067811865474,-0.9749279121818236,-0.2225209339563146,0,weekend,128.505
2022-06-26,2022,6,26,177,21,6,335.71,2022-06-26 21:00:00+00:00,2022-06-26 22:00:00+00:00,45231.2625,358.86,4733.5575,0.0,42824.24,5092.4175,0.1137195145859496,-0.9935128947338008,-0.7071067811865477,0.7071067811865474,-0.7818314824680299,0.6234898018587334,0,weekend,128.98250000000002
2022-06-27,2022,6,27,178,21,0,372.17,2022-06-27 21:00:00+00:00,2022-06-27 22:00:00+00:00,48420.0275,948.1475,5827.855,0.0,43641.88,6776.0025,0.0966127018812031,-0.9953220513156602,-0.7071067811865477,0.7071067811865474,0.0,1.0,0,weekday,129.46
2022-06-28,2022,6,28,179,21,1,396.38,2022-06-28 21:00:00+00:00,2022-06-28 22:00:00+00:00,48238.085,856.5775,7779.155,0.0,48062.26,8635.7325,0.0794772999236209,-0.9968366760893436,-0.7071067811865477,0.7071067811865474,0.7818314824680298,0.6234898018587336,0,weekday,129.175
2022-06-29,2022,6,29,180,21,2,352.77,2022-06-29 21:00:00+00:00,2022-06-29 22:00:00+00:00,49524.7375,4149.525,7764.5875,0.0,49502.42,11914.1125,0.062318379354325,-0.998056320853012,-0.7071067811865477,0.7071067811865474,0.9749279121818236,-0.2225209339563143,0,weekday,139.588
2022-06-30,2022,6,30,181,21,3,355.17,2022-06-30 21:00:00+00:00,2022-06-30 22:00:00+00:00,49507.41,2650.4725,9737.825,0.0,49869.55,12388.2975,0.0451410177739719,-0.998980624694158,-0.7071067811865477,0.7071067811865474,0.4338837391175582,-0.900968867902419,0,weekday,144.515
2022-07-01,2022,7,1,182,21,4,385.0,2022-07-01 21:00:00+00:00,2022-07-01 22:00:00+00:00,48217.065,2900.8475,4666.1125,0.0,42648.92,7566.96,0.0279502982402103,-0.999609314096404,-0.7071067811865477,0.7071067811865474,-0.433883739117558,-0.9009688679024191,0,weekday,147.785
2022-07-02,2022,7,2,183,21,5,353.44,2022-07-02 21:00:00+00:00,2022-07-02 22:00:00+00:00,42990.1575,1120.9625,6101.91,0.0,39022.98,7222.872499999999,0.0107513077635219,-0.9999422030204416,-0.7071067811865477,0.7071067811865474,-0.9749279121818236,-0.2225209339563146,0,weekend,147.785
2022-07-03,2022,7,3,184,21,6,348.45,2022-07-03 21:00:00+00:00,2022-07-03 22:00:00+00:00,43949.665,943.6275,6467.5650000000005,0.0,41800.23,7411.192500000001,-0.0064508641981051,-0.9999791929590824,-0.7071067811865477,0.7071067811865474,-0.7818314824680299,0.6234898018587334,0,weekend,153.54833333333332
2022-07-04,2022,7,4,185,21,0,396.92,2022-07-04 21:00:00+00:00,2022-07-04 22:00:00+00:00,49614.5,2776.5925,6033.7,0.0,47680.16,8810.2925,-0.0236511272452315,-0.9997202729664084,-0.7071067811865477,0.7071067811865474,0.0,1.0,0,weekday,159.31166666666667
2022-07-05,2022,7,5,186,21,1,378.29,2022-07-05 21:00:00+00:00,2022-07-05 22:00:00+00:00,49907.64,2700.3775,8224.7425,0.0,47691.41,10925.12,-0.0408443915432961,-0.9991655196610107,-0.7071067811865477,0.7071067811865474,0.7818314824680298,0.6234898018587336,0,weekday,165.075
2022-07-06,2022,7,6,187,21,2,379.91,2022-07-06 21:00:00+00:00,2022-07-06 22:00:00+00:00,49886.6275,5010.2225,10606.0975,0.0,50346.87,15616.32,-0.0580255693287803,-0.9983150972033183,-0.7071067811865477,0.7071067811865474,0.9749279121818236,-0.2225209339563143,0,weekday,171.0
2022-07-07,2022,7,7,188,21,3,246.15,2022-07-07 21:00:00+00:00,2022-07-07 22:00:00+00:00,50176.3325,4466.0625,19819.89,0.0,53528.09,24285.9525,-0.0751895764147585,-0.9971692572470178,-0.7071067811865477,0.7071067811865474,0.4338837391175582,-0.900968867902419,0,weekday,183.185
2022-07-08,2022,7,8,189,21,4,416.11,2022-07-08 21:00:00+00:00,2022-07-08 22:00:00+00:00,48291.385,2353.33,7594.0775,0.0,43221.65,9947.4075,-0.0923313336953912,-0.9957283388645872,-0.7071067811865477,0.7071067811865474,-0.433883739117558,-0.9009688679024191,0,weekday,175.21
2022-07-09,2022,7,9,190,21,5,120.16,2022-07-09 21:00:00+00:00,2022-07-09 22:00:00+00:00,44159.44,5206.36,17643.885000000002,0.0,47980.78,22850.245000000003,-0.1094457686489155,-0.993992768446958,-0.7071067811865477,0.7071067811865474,-0.9749279121818236,-0.2225209339563146,0,weekend,175.21
2022-07-10,2022,7,10,191,21,6,389.17,2022-07-10 21:00:00+00:00,2022-07-10 22:00:00+00:00,44879.1025,2242.21,7486.6025,0.0,41758.55,9728.8125,-0.1265278168386831,-0.9919630595773395,-0.7071067811865477,0.7071067811865474,-0.7818314824680299,0.6234898018587334,0,weekend,169.865
2022-07-11,2022,7,11,192,21,0,450.05,2022-07-11 21:00:00+00:00,2022-07-11 22:00:00+00:00,49209.5625,350.09,3414.035,0.0,42191.76,3764.125,-0.1435724234118113,-0.9896398128792412,-0.7071067811865477,0.7071067811865474,0.0,1.0,0,weekday,164.52
2022-07-12,2022,7,12,193,21,1,470.0,2022-07-12 21:00:00+00:00,2022-07-12 22:00:00+00:00,49225.5525,2150.4925000000003,4263.9625,0.0,44448.49,6414.455,-0.1605745445949937,-0.9870237158387384,-0.7071067811865477,0.7071067811865474,0.7818314824680298,0.6234898018587336,0,weekday,172.61
2022-07-13,2022,7,13,194,21,2,435.93,2022-07-13 21:00:00+00:00,2022-07-13 22:00:00+00:00,48950.0575,2044.0075,9020.5575,0.0,47904.97,11064.565,-0.1775291491870349,-0.984115542601034,-0.7071067811865477,0.7071067811865474,0.9749279121818236,-0.2225209339563143,0,weekday,180.505
2022-07-14,2022,7,14,195,21,3,422.39,2022-07-14 21:00:00+00:00,2022-07-14 22:00:00+00:00,49137.095,3937.4025,11635.1175,0.0,48661.79,15572.52,-0.1944312200476619,-0.9809161537413774,-0.7071067811865477,0.7071067811865474,0.4338837391175582,-0.900968867902419,0,weekday,175.035
2022-07-15,2022,7,15,196,21,4,432.89,2022-07-15 21:00:00+00:00,2022-07-15 22:00:00+00:00,47901.525,3169.9425,5677.475,0.0,45262.64,8847.4175,-0.2112757555821793,-0.9774264960104057,-0.7071067811865477,0.7071067811865474,-0.433883739117558,-0.9009688679024191,0,weekday,159.565
2022-07-16,2022,7,16,197,21,5,357.55,2022-07-16 21:00:00+00:00,2022-07-16 22:00:00+00:00,43198.72,1946.255,8535.895,0.0,42953.3,10482.15,-0.2280577712215198,-0.9736476020539838,-0.7071067811865477,0.7071067811865474,-0.9749279121818236,-0.2225209339563146,0,weekend,159.565
2022-07-17,2022,7,17,198,21,6,430.02,2022-07-17 21:00:00+00:00,2022-07-17 22:00:00+00:00,43167.885,842.14,2362.5125,0.0,38091.06,3204.6525,-0.2447723008972595,-0.9695805901076308,-0.7071067811865477,0.7071067811865474,-0.7818314824680299,0.6234898018587334,0,weekend,158.4125
2022-07-18,2022,7,18,199,21,0,530.13,2022-07-18 21:00:00+00:00,2022-07-18 22:00:00+00:00,48236.81,425.91,2515.4175,0.0,41188.27,2941.3275,-0.2614143985111562,-0.965226663665613,-0.7071067811865477,0.7071067811865474,0.0,1.0,0,weekday,157.26
2022-07-19,2022,7,19,200,21,1,392.7,2022-07-19 21:00:00+00:00,2022-07-19 22:00:00+00:00,48860.9525,4124.3575,15027.895,0.0,52104.41,19152.2525,-0.2779791393987801,-0.9605871111248128,-0.7071067811865477,0.7071067811865474,0.7818314824680298,0.6234898018587336,0,weekday,154.455
2022-07-20,2022,7,20,201,21,2,413.57,2022-07-20 21:00:00+00:00,2022-07-20 22:00:00+00:00,50256.825,2038.295,13538.0725,0.0,50618.05,15576.3675,-0.2944616217868012,-0.9556633054034704,-0.7071067811865477,0.7071067811865474,0.9749279121818236,-0.2225209339563143,0,weekday,155.04
2022-07-21,2022,7,21,202,21,3,513.29,2022-07-21 21:00:00+00:00,2022-07-21 22:00:00+00:00,51202.635,2963.8925,6833.83,0.0,46350.15,9797.7225,-0.3108569682435036,-0.9504567035349152,-0.7071067811865477,0.7071067811865474,0.4338837391175582,-0.900968867902419,0,weekday,155.6
2022-07-22,2022,7,22,203,21,4,461.04,2022-07-22 21:00:00+00:00,2022-07-22 22:00:00+00:00,49346.740000000005,1027.365,3724.3525,0.0,42364.36,4751.7175,-0.3271603271220951,-0.9449688462364056,-0.7071067811865477,0.7071067811865474,-0.433883739117558,-0.9009688679024191,0,weekday,159.865
2022-07-23,2022,7,23,204,21,5,396.9,2022-07-23 21:00:00+00:00,2022-07-23 22:00:00+00:00,42619.9225,754.1575,3268.9725,0.0,41842.61,4023.13,-0.343366873996388,-0.939201357453208,-0.7071067811865477,0.7071067811865474,-0.9749279121818236,-0.2225209339563146,0,weekend,159.865
2022-07-24,2022,7,24,205,21,6,417.16,2022-07-24 21:00:00+00:00,2022-07-24 22:00:00+00:00,44165.2425,2508.055,4267.1925,0.0,43030.51,6775.2475,-0.3594718130884232,-0.9331559438780432,-0.7071067811865477,0.7071067811865474,-0.7818314824680299,0.6234898018587334,0,weekend,168.24
2022-07-25,2022,7,25,206,21,0,391.69,2022-07-25 21:00:00+00:00,2022-07-25 22:00:00+00:00,49321.16,3196.3925,11637.315,0.0,47728.25,14833.7075,-0.3754703786876202,-0.9268343944460494,-0.7071067811865477,0.7071067811865474,0.0,1.0,0,weekday,176.615
2022-07-26,2022,7,26,207,21,1,437.28,2022-07-26 21:00:00+00:00,2022-07-26 22:00:00+00:00,49404.19,3847.465,8765.17,0.0,50648.73,12612.635,-0.3913578365610259,-0.9202385798054076,-0.7071067811865477,0.7071067811865474,0.7818314824680298,0.6234898018587336,0,weekday,199.92
2022-07-27,2022,7,27,208,21,2,504.98,2022-07-27 21:00:00+00:00,2022-07-27 22:00:00+00:00,49713.7925,1507.14,6755.5425000000005,0.0,44774.08,8262.6825,-0.4071294853542516,-0.9133704517637858,-0.7071067811865477,0.7071067811865474,0.9749279121818236,-0.2225209339563143,0,weekday,205.225
2022-07-28,2022,7,28,209,21,3,534.23,2022-07-28 21:00:00+00:00,2022-07-28 22:00:00+00:00,47641.635,338.55,11171.56,0.0,44705.7,11510.11,-0.4227806579826773,-0.9062320427107696,-0.7071067811865477,0.7071067811865474,0.4338837391175582,-0.900968867902419,0,weekday,198.93
2022-07-29,2022,7,29,210,21,4,482.05,2022-07-29 21:00:00+00:00,2022-07-29 22:00:00+00:00,46468.1325,1465.255,6152.8175,0.0,43436.46,7618.0725,-0.4383067230125192,-0.898825465016444,-0.7071067811865477,0.7071067811865474,-0.433883739117558,-0.9009688679024191,0,weekday,190.915
2022-07-30,2022,7,30,211,21,5,466.24,2022-07-30 21:00:00+00:00,2022-07-30 22:00:00+00:00,41469.455,215.8075,2721.005,0.0,35634.97,2936.8125,-0.4537030860313442,-0.8911529104063088,-0.7071067811865477,0.7071067811865474,-0.9749279121818236,-0.2225209339563146,0,weekend,190.915
2022-07-31,2022,7,31,212,21,6,465.67,2022-07-31 21:00:00+00:00,2022-07-31 22:00:00+00:00,42894.08,1289.105,4555.29,0.0,40067.22,5844.395,-0.4689651910076318,-0.8832166493127127,-0.7071067811865477,0.7071067811865474,-0.7818314824680299,0.6234898018587334,0,weekend,195.855
2022-08-01,2022,8,1,213,21,0,509.33,2022-08-01 21:00:00+00:00,2022-08-01 22:00:00+00:00,48621.8675,324.2925,2960.2475,0.0,41938.0,3284.54,-0.4840885216389758,-0.8750190302029955,-0.7071067811865477,0.7071067811865474,0.0,1.0,0,weekday,200.795
2022-08-02,2022,8,2,214,21,1,484.91,2022-08-02 21:00:00+00:00,2022-08-02 22:00:00+00:00,48625.8875,3220.8925,2507.0950000000003,0.0,44694.26,5727.9875,-0.4990686026885319,-0.8665624788845385,-0.7071067811865477,0.7071067811865474,0.7818314824680298,0.6234898018587336,0,weekday,205.175
2022-08-03,2022,8,3,215,21,2,500.02,2022-08-03 21:00:00+00:00,2022-08-03 22:00:00+00:00,47046.8025,346.9375,2388.7925,0.0,43256.98,2735.73,-0.5139010013093103,-0.8578494977869301,-0.7071067811865477,0.7071067811865474,0.9749279121818236,-0.2225209339563143,0,weekday,199.195
2022-08-04,2022,8,4,216,21,3,480.6,2022-08-04 21:00:00+00:00,2022-08-04 22:00:00+00:00,47889.9125,1333.2425,8559.3125,0.0,46543.02,9892.555,-0.5285813283559292,-0.8488826652214553,-0.7071067811865477,0.7071067811865474,0.4338837391175582,-0.900968867902419,0,weekday,199.25
2022-08-05,2022,8,5,217,21,4,429.91,2022-08-05 21:00:00+00:00,2022-08-05 22:00:00+00:00,47114.065,1986.735,9604.535,0.0,46311.96,11591.27,-0.5431052396834317,-0.8396646346181327,-0.7071067811865477,0.7071067811865474,-0.433883739117558,-0.9009688679024191,0,weekday,196.32
2022-08-06,2022,8,6,218,21,5,369.08,2022-08-06 21:00:00+00:00,2022-08-06 22:00:00+00:00,41519.6975,642.4,6407.5725,0.0,41133.23,7049.9725,-0.5574684374327892,-0.8301981337405212,-0.7071067811865477,0.7071067811865474,-0.9749279121818236,-0.2225209339563146,0,weekend,196.32
2022-08-07,2022,8,7,219,21,6,401.86,2022-08-07 21:00:00+00:00,2022-08-07 22:00:00+00:00,42286.89,251.32,5276.24,0.0,40010.73,5527.56,-0.5716666713027052,-0.8204859638785327,-0.7071067811865477,0.7071067811865474,-0.7818314824680299,0.6234898018587334,0,weekend,194.6875
2022-08-08,2022,8,8,220,21,0,429.15,2022-08-08 21:00:00+00:00,2022-08-08 22:00:00+00:00,46738.8175,125.27,7872.76,0.0,43600.48,7998.030000000001,-0.5856957398073508,-0.8105309990194823,-0.7071067811865477,0.7071067811865474,0.0,1.0,0,weekday,193.055
2022-08-09,2022,8,9,221,21,1,406.45,2022-08-09 21:00:00+00:00,2022-08-09 22:00:00+00:00,46763.045,80.53,10099.7175,0.0,45483.3,10180.2475,-0.5995514915196489,-0.8003361849976323,-0.7071067811865477,0.7071067811865474,0.7818314824680298,0.6234898018587336,0,weekday,192.185
2022-08-10,2022,8,10,222,21,2,406.84,2022-08-10 21:00:00+00:00,2022-08-10 22:00:00+00:00,47888.43,252.1075,8629.8675,0.0,43163.71,8881.975,-0.6132298262997502,-0.7899045386224707,-0.7071067811865477,0.7071067811865474,0.9749279121818236,-0.2225209339563143,0,weekday,205.365
2022-08-11,2022,8,11,223,21,3,414.99,2022-08-11 21:00:00+00:00,2022-08-11 22:00:00+00:00,48005.9675,406.675,9052.215,0.0,43354.1,9458.89,-0.6267266965083301,-0.7792391467859886,-0.7071067811865477,0.7071067811865474,0.4338837391175582,-0.900968867902419,0,weekday,208.11
2022-08-12,2022,8,12,224,21,4,469.47,2022-08-12 21:00:00+00:00,2022-08-12 22:00:00+00:00,47142.32,1266.18,8296.24,0.0,42512.25,9562.42,-0.6400381082043503,-0.7683431655492202,-0.7071067811865477,0.7071067811865474,-0.433883739117558,-0.9009688679024191,0,weekday,206.11
2022-08-13,2022,8,13,225,21,5,461.91,2022-08-13 21:00:00+00:00,2022-08-13 22:00:00+00:00,42693.3225,1709.2,7153.775,0.0,40856.88,8862.975,-0.65316012232693,-0.7572198192083127,-0.7071067811865477,0.7071067811865474,-0.9749279121818236,-0.2225209339563146,0,weekend,206.11
2022-08-14,2022,8,14,226,21,6,455.42,2022-08-14 21:00:00+00:00,2022-08-14 22:00:00+00:00,43788.495,4494.4625,10762.73,0.0,45354.6,15257.1925,-0.666088855860977,-0.7458723993404063,-0.7071067811865477,0.7071067811865474,-0.7818314824680299,0.6234898018587334,0,weekend,213.11
2022-08-15,2022,8,15,227,21,0,507.0,2022-08-15 21:00:00+00:00,2022-08-15 22:00:00+00:00,47257.2625,1012.33,3776.4675,0.0,42059.39,4788.797500000001,-0.6788204829862355,-0.734304263829602,-0.7071067811865477,0.7071067811865474,0.0,1.0,0,weekday,220.11
2022-08-16,2022,8,16,228,21,1,580.0,2022-08-16 21:00:00+00:00,2022-08-16 22:00:00+00:00,48548.8525,135.8725,1110.0875,0.0,42317.72,1245.96,-0.6913512362094071,-0.722518835873311,-0.7071067811865477,0.7071067811865474,0.7818314824680298,0.6234898018587336,0,weekday,225.915
2022-08-17,2022,8,17,229,21,2,552.03,2022-08-17 21:00:00+00:00,2022-08-17 22:00:00+00:00,48308.505000000005,1662.3575,7251.255,0.0,47646.23,8913.6125,-0.7036774074790128,-0.7105196029692745,-0.7071067811865477,0.7071067811865474,0.9749279121818236,-0.2225209339563143,0,weekday,225.835
2022-08-18,2022,8,18,230,21,3,562.82,2022-08-18 21:00:00+00:00,2022-08-18 22:00:00+00:00,47688.67,554.6899999999999,4525.225,0.0,43463.93,5079.915,-0.7157953492826642,-0.6983101158835584,-0.7071067811865477,0.7071067811865474,0.4338837391175582,-0.900968867902419,0,weekday,241.005
2022-08-19,2022,8,19,231,21,4,530.58,2022-08-19 21:00:00+00:00,2022-08-19 22:00:00+00:00,46558.8475,463.5675,4043.4475,0.0,41792.97,4507.015,-0.7277014757264236,-0.6858939875998223,-0.7071067811865477,0.7071067811865474,-0.433883739117558,-0.9009688679024191,0,weekday,244.55
2022-08-20,2022,8,20,232,21,5,514.12,2022-08-20 21:00:00+00:00,2022-08-20 22:00:00+00:00,41817.0475,1411.75,3138.01,0.0,37395.38,4549.76,-0.7393922635959241,-0.673274892250183,-0.7071067811865477,0.7071067811865474,-0.9749279121818236,-0.2225209339563146,0,weekend,244.55
2022-08-21,2022,8,21,233,21,6,595.46,2022-08-21 21:00:00+00:00,2022-08-21 22:00:00+00:00,42242.0975,224.37,2226.98,0.0,39445.4,2451.35,-0.7508642533989489,-0.6604565640279754,-0.7071067811865477,0.7071067811865474,-0.7818314824680299,0.6234898018587334,0,weekend,260.65
2022-08-22,2022,8,22,234,21,0,588.86,2022-08-22 21:00:00+00:00,2022-08-22 22:00:00+00:00,47715.95,1262.6875,6848.905,0.0,47283.88,8111.5925,-0.7621140503891487,-0.6474427960827475,-0.7071067811865477,0.7071067811865474,0.0,1.0,0,weekday,276.75
2022-08-23,2022,8,23,235,21,1,644.0,2022-08-23 21:00:00+00:00,2022-08-23 22:00:00+00:00,47947.87,501.3875,8277.9525,0.0,48310.92,8779.34,-0.7731383255706026,-0.6342374393978054,-0.7071067811865477,0.7071067811865474,0.7818314824680298,0.6234898018587336,0,weekday,269.05
2022-08-24,2022,8,24,236,21,2,659.37,2022-08-24 21:00:00+00:00,2022-08-24 22:00:00+00:00,46333.78,1118.175,10316.0975,0.0,50622.71,11434.2725,-0.7839338166829201,-0.620844401650647,-0.7071067811865477,0.7071067811865474,0.9749279121818236,-0.2225209339563143,0,weekday,292.15
2022-08-25,2022,8,25,237,21,3,673.4,2022-08-25 21:00:00+00:00,2022-08-25 22:00:00+00:00,47117.4575,3050.3725,8152.6425,0.0,50676.76,11203.015,-0.7944973291665992,-0.6072676460566135,-0.7071067811865477,0.7071067811865474,0.4338837391175582,-0.900968867902419,0,weekday,321.415
2022-08-26,2022,8,26,238,21,4,747.74,2022-08-26 21:00:00+00:00,2022-08-26 22:00:00+00:00,45849.4375,2276.5325000000003,4305.115,0.0,45223.03,6581.6475,-0.8048257371083452,-0.593511190196115,-0.7071067811865477,0.7071067811865474,-0.433883739117558,-0.9009688679024191,0,weekday,339.195
2022-08-27,2022,8,27,239,21,5,659.94,2022-08-27 21:00:00+00:00,2022-08-27 22:00:00+00:00,41108.005000000005,3926.275,8533.3475,0.0,45962.31,12459.6225,-0.8149159841660791,-0.5795791048257612,-0.7071067811865477,0.7071067811865474,-0.9749279121818236,-0.2225209339563146,0,weekend,339.195
2022-08-28,2022,8,28,240,21,6,606.7,2022-08-28 21:00:00+00:00,2022-08-28 22:00:00+00:00,42648.3375,3068.12,8593.695,0.0,44204.37,11661.815,-0.8247650844733614,-0.5654755126737576,-0.7071067811865477,0.7071067811865474,-0.7818314824680299,0.6234898018587334,0,weekend,305.9
2022-08-29,2022,8,29,241,21,0,762.48,2022-08-29 21:00:00+00:00,2022-08-29 22:00:00+00:00,47339.68,1486.27,4752.0875,0.0,47416.61,6238.3575,-0.8343701235229538,-0.5512045872199277,-0.7071067811865477,0.7071067811865474,0.0,1.0,0,weekday,272.605
2022-08-30,2022,8,30,242,21,1,626.74,2022-08-30 21:00:00+00:00,2022-08-30 22:00:00+00:00,47354.37,2248.4125,10371.2675,0.0,52863.18,12619.68,-0.8437282590292712,-0.5367705514607103,-0.7071067811865477,0.7071067811865474,0.7818314824680298,0.6234898018587336,0,weekday,252.937
2022-08-31,2022,8,31,243,21,2,563.52,2022-08-31 21:00:00+00:00,2022-08-31 22:00:00+00:00,47281.41,1828.3025,9992.725,0.0,53916.77,11821.0275,-0.8528367217694595,-0.522177676659508,-0.7071067811865477,0.7071067811865474,0.9749279121818236,-0.2225209339563143,0,weekday,239.905
2022-09-01,2022,9,1,244,21,3,572.54,2022-09-01 21:00:00+00:00,2022-09-01 22:00:00+00:00,47810.69,1836.93,11262.6675,0.0,52722.47,13099.5975,-0.8616928164028522,-0.5074302810827518,-0.7071067811865477,0.7071067811865474,0.4338837391175582,-0.900968867902419,0,weekday,243.005
2022-09-02,2022,9,2,245,21,4,343.25,2022-09-02 21:00:00+00:00,2022-09-02 22:00:00+00:00,45932.85,4495.512500000001,17879.52,0.0,56288.48,22375.0325,-0.8702939222685674,-0.4925327287220543,-0.7071067811865477,0.7071067811865474,-0.433883739117558,-0.9009688679024191,0,weekday,214.665
2022-09-03,2022,9,3,246,21,5,381.71,2022-09-03 21:00:00+00:00,2022-09-03 22:00:00+00:00,41305.8325,4740.985,12901.79,0.0,48925.1,17642.775,-0.8786374941610001,-0.4774894280028391,-0.7071067811865477,0.7071067811865474,-0.9749279121818236,-0.2225209339563146,0,weekend,214.665
2022-09-04,2022,9,4,247,21,6,409.67,2022-09-04 21:00:00+00:00,2022-09-04 22:00:00+00:00,42084.7425,4528.6875,12202.47,0.0,50136.43,16731.1575,-0.886721063082993,-0.4623048304798108,-0.7071067811865477,0.7071067811865474,-0.7818314824680299,0.6234898018587334,0,weekend,223.05666666666667
2022-09-05,2022,9,5,248,21,0,309.49,2022-09-05 21:00:00+00:00,2022-09-05 22:00:00+00:00,47812.815,4874.577499999999,17173.38,0.0,55655.95,22047.9575,-0.8945422369764496,-0.4469834295196741,-0.7071067811865477,0.7071067811865474,0.0,1.0,0,weekday,231.44833333333332
2022-09-06,2022,9,6,249,21,1,484.81,2022-09-06 21:00:00+00:00,2022-09-06 22:00:00+00:00,47982.19,3175.0875,11155.56,0.0,51307.26,14330.6475,-0.9020987014301836,-0.4315297589714714,-0.7071067811865477,0.7071067811865474,0.7818314824680298,0.6234898018587336,0,weekday,239.84
2022-09-07,2022,9,7,250,21,2,486.44,2022-09-07 21:00:00+00:00,2022-09-07 22:00:00+00:00,47731.39,1537.1775,2968.315,0.0,45244.77,4505.4925,-0.9093882203647924,-0.4159483918249421,-0.7071067811865477,0.7071067811865474,0.9749279121818236,-0.2225209339563143,0,weekday,213.885
2022-09-08,2022,9,8,251,21,3,394.55,2022-09-08 21:00:00+00:00,2022-09-08 22:00:00+00:00,47406.295,2339.825,10193.185,0.0,48484.44,12533.009999999998,-0.9164086366943458,-0.4002439388573056,-0.7071067811865477,0.7071067811865474,0.4338837391175582,-0.900968867902419,0,weekday,220.54
2022-09-09,2022,9,9,252,21,4,398.29,2022-09-09 21:00:00+00:00,2022-09-09 22:00:00+00:00,47007.9375,964.3075,8373.3375,0.0,46011.28,9337.645,-0.923157872964704,-0.3844210472688554,-0.7071067811865477,0.7071067811865474,-0.433883739117558,-0.9009688679024191,0,weekday,207.09
2022-09-10,2022,9,10,253,21,5,443.97,2022-09-10 21:00:00+00:00,2022-09-10 22:00:00+00:00,41986.36,308.1475,4472.92,0.0,41444.65,4781.0675,-0.9296339319682696,-0.3684843993077793,-0.7071067811865477,0.7071067811865474,-0.9749279121818236,-0.2225209339563146,0,weekend,207.09
2022-09-11,2022,9,11,254,21,6,451.26,2022-09-11 21:00:00+00:00,2022-09-11 22:00:00+00:00,42845.6725,87.57000000000001,1156.2875,0.0,39265.68,1243.8574999999998,-0.935834897334994,-0.3524387108846032,-0.7071067811865477,0.7071067811865474,-0.7818314824680299,0.6234898018587334,0,weekend,198.84
2022-09-12,2022,9,12,255,21,0,369.0,2022-09-12 21:00:00+00:00,2022-09-12 22:00:00+00:00,47369.26,3819.2525,9482.28,0.0,52216.86,13301.5325,-0.9417589340994617,-0.3362887301766828,-0.7071067811865477,0.7071067811865474,0.0,1.0,0,weekday,190.59
2022-09-13,2022,9,13,256,21,1,425.21,2022-09-13 21:00:00+00:00,2022-09-13 22:00:00+00:00,47579.9775,3499.1800000000003,6819.2525,0.0,48196.52,10318.4325,-0.9474042892438844,-0.3200392362231385,-0.7071067811865477,0.7071067811865474,0.7818314824680298,0.6234898018587336,0,weekday,198.61
2022-09-14,2022,9,14,257,21,2,421.71,2022-09-14 21:00:00+00:00,2022-09-14 22:00:00+00:00,47453.2975,4166.165,5951.865,0.0,50643.25,10118.03,-0.9527692922168512,-0.3036950375106588,-0.7071067811865477,0.7071067811865474,0.9749279121818236,-0.2225209339563143,0,weekday,217.88
2022-09-15,2022,9,15,258,21,3,364.46,2022-09-15 21:00:00+00:00,2022-09-15 22:00:00+00:00,47169.9525,5742.9125,13358.2025,0.0,52866.79,19101.115,-0.9578523554276668,-0.2872609705505963,-0.7071067811865477,0.7071067811865474,0.4338837391175582,-0.900968867902419,0,weekday,214.285
2022-09-16,2022,9,16,259,21,4,160.86,2022-09-16 21:00:00+00:00,2022-09-16 22:00:00+00:00,46438.0625,5152.9975,20266.44,0.0,54800.78,25419.4375,-0.9626519747161488,-0.2707418984477642,-0.7071067811865477,0.7071067811865474,-0.433883739117558,-0.9009688679024191,0,weekday,187.795
2022-09-17,2022,9,17,260,21,5,70.42,2022-09-17 21:00:00+00:00,2022-09-17 22:00:00+00:00,41876.195,5526.82,22666.1025,0.0,53653.58,28192.9225,-0.9671667297977312,-0.2541427094613622,-0.7071067811865477,0.7071067811865474,-0.9749279121818236,-0.2225209339563146,0,weekend,187.795
2022-09-18,2022,9,18,261,21,6,149.5,2022-09-18 21:00:00+00:00,2022-09-18 22:00:00+00:00,43118.6025,5397.6575,19417.16,0.0,53718.06,24814.8175,-0.97139528468375,-0.2374683155584684,-0.7071067811865477,0.7071067811865474,-0.7818314824680299,0.6234898018587334,0,weekend,185.02749999999997
2022-09-19,2022,9,19,262,21,0,342.68,2022-09-19 21:00:00+00:00,2022-09-19 22:00:00+00:00,47681.2875,4123.4975,10785.24,0.0,49338.38,14908.7375,-0.9753363880767836,-0.2207236509605022,-0.7071067811865477,0.7071067811865474,0.0,1.0,0,weekday,182.26
2022-09-20,2022,9,20,263,21,1,388.2,2022-09-20 21:00:00+00:00,2022-09-20 22:00:00+00:00,47672.9625,195.6725,1749.6950000000002,0.0,45364.55,1945.3675000000003,-0.978988873740932,-0.2039136706831147,-0.7071067811865477,0.7071067811865474,0.7818314824680298,0.6234898018587336,0,weekday,194.26
2022-09-21,2022,9,21,264,21,2,370.0,2022-09-21 21:00:00+00:00,2022-09-21 22:00:00+00:00,48926.85,110.4925,1705.7025,0.0,46675.22,1816.195,-0.9823516608469236,-0.1870433490699165,-0.7071067811865477,0.7071067811865474,0.9749279121818236,-0.2225209339563143,0,weekday,189.78
2022-09-22,2022,9,22,265,21,3,396.34,2022-09-22 21:00:00+00:00,2022-09-22 22:00:00+00:00,49012.8675,1128.96,5142.51,0.0,48601.92,6271.47,-0.9854237542919524,-0.1701176783204905,-0.7071067811865477,0.7071067811865474,0.4338837391175582,-0.900968867902419,0,weekday,187.47
2022-09-23,2022,9,23,266,21,4,381.86,2022-09-23 21:00:00+00:00,2022-09-23 22:00:00+00:00,49201.9275,1579.8775,3336.485,0.0,46118.53,4916.3625,-0.9882042449941422,-0.15314166701312,-0.7071067811865477,0.7071067811865474,-0.433883739117558,-0.9009688679024191,0,weekday,185.495
2022-09-24,2022,9,24,267,21,5,362.73,2022-09-24 21:00:00+00:00,2022-09-24 22:00:00+00:00,45586.44,2107.35,2111.58,0.0,41352.79,4218.93,-0.9906923101615608,-0.136120338622667,-0.7071067811865477,0.7071067811865474,-0.9749279121818236,-0.2225209339563146,0,weekend,185.495
2022-09-25,2022,9,25,268,21,6,348.17,2022-09-25 21:00:00+00:00,2022-09-25 22:00:00+00:00,46952.845,2958.0325000000003,3728.22,0.0,43670.38,6686.2525000000005,-0.9928872135356962,-0.1190587300340498,-0.7071067811865477,0.7071067811865474,-0.7818314824680299,0.6234898018587334,0,weekend,179.66500000000002
2022-09-26,2022,9,26,269,21,0,303.08,2022-09-26 21:00:00+00:00,2022-09-26 22:00:00+00:00,52012.215,1796.8975,12253.9975,0.0,50482.99,14050.895,-0.994788305609327,-0.1019618900517457,-0.7071067811865477,0.7071067811865474,0.0,1.0,0,weekday,173.835
2022-09-27,2022,9,27,270,21,1,333.69,2022-09-27 21:00:00+00:00,2022-09-27 22:00:00+00:00,52176.6475,338.6375,10461.4275,0.0,49084.66,10800.065,-0.9963950238187232,-0.0848348779057653,-0.7071067811865477,0.7071067811865474,0.7818314824680298,0.6234898018587336,0,weekday,186.1
2022-09-28,2022,9,28,271,21,2,372.61,2022-09-28 21:00:00+00:00,2022-09-28 22:00:00+00:00,52514.335,133.68,2574.6825,0.0,45546.6,2708.3625,-0.9977068927101168,-0.0676827617545516,-0.7071067811865477,0.7071067811865474,0.9749279121818236,-0.2225209339563143,0,weekday,207.185
2022-09-29,2022,9,29,272,21,3,397.03,2022-09-29 21:00:00+00:00,2022-09-29 22:00:00+00:00,51878.9775,1451.0625,1795.605,0.0,45452.94,3246.6675,-0.9987235240803972,-0.0505106171852228,-0.7071067811865477,0.7071067811865474,0.4338837391175582,-0.900968867902419,0,weekday,187.665
2022-09-30,2022,9,30,273,21,4,164.0,2022-09-30 21:00:00+00:00,2022-09-30 22:00:00+00:00,51072.6325,5670.25,18609.1325,0.0,55287.51,24279.3825,-0.9994446170919858,-0.0333235257116313,-0.7071067811865477,0.7071067811865474,-0.433883739117558,-0.9009688679024191,0,weekday,188.8
2022-10-01,2022,10,1,274,21,5,110.29,2022-10-01 21:00:00+00:00,2022-10-01 22:00:00+00:00,47228.865,5594.3025,22676.6025,0.0,55502.86,28270.905,-0.9998699583618592,-0.0161265732706577,-0.7071067811865477,0.7071067811865474,-0.9749279121818236,-0.2225209339563146,0,weekend,188.8
2022-10-02,2022,10,2,275,21,6,162.7,2022-10-02 21:00:00+00:00,2022-10-02 22:00:00+00:00,46905.855,4837.685,13814.49,0.0,47291.2,18652.175,-0.9999994220246924,0.0010751512827982,-0.7071067811865477,0.7071067811865474,-0.7818314824680299,0.6234898018587334,0,weekend,179.35500000000002
2022-10-03,2022,10,3,276,21,0,318.42,2022-10-03 21:00:00+00:00,2022-10-03 22:00:00+00:00,50556.1375,1179.515,6389.5275,0.0,41701.79,7569.0425,-0.999832969770105,0.0182765576816912,-0.7071067811865477,0.7071067811865474,0.0,1.0,1,holiday,169.91
2022-10-04,2022,10,4,277,21,1,176.97,2022-10-04 21:00:00+00:00,2022-10-04 22:00:00+00:00,53459.8825,5280.23,15352.3525,0.0,55566.23,20632.5825,-0.9993706508539968,0.0354725557531255,-0.7071067811865477,0.7071067811865474,0.7818314824680298,0.6234898018587336,0,weekday,161.95
2022-10-05,2022,10,5,278,21,2,63.92,2022-10-05 21:00:00+00:00,2022-10-05 22:00:00+00:00,54440.7325,5558.645,28721.2975,0.0,58837.35,34279.942500000005,-0.9986126020839734,0.052658056924614,-0.7071067811865477,0.7071067811865474,0.9749279121818236,-0.2225209339563143,0,weekday,173.695
2022-10-06,2022,10,6,279,21,3,175.38,2022-10-06 21:00:00+00:00,2022-10-06 22:00:00+00:00,53575.18,5939.1900000000005,10388.0625,0.0,52834.92,16327.2525,-0.9975590477788612,0.0698279757298708,-0.7071067811865477,0.7071067811865474,0.4338837391175582,-0.900968867902419,0,weekday,175.71
2022-10-07,2022,10,7,280,21,4,169.49,2022-10-07 21:00:00+00:00,2022-10-07 22:00:00+00:00,53300.6325,5207.5075,16561.23,0.0,53864.69,21768.7375,-0.9962102997023295,0.0869772313136861,-0.7071067811865477,0.7071067811865474,-0.433883739117558,-0.9009688679024191,0,weekday,156.205
2022-10-08,2022,10,8,281,21,5,189.32,2022-10-08 21:00:00+00:00,2022-10-08 22:00:00+00:00,48918.87,2899.2975,9443.525,0.0,45792.13,12342.8225,-0.9945667569706336,0.1041007489354256,-0.7071067811865477,0.7071067811865474,-0.9749279121818236,-0.2225209339563146,0,weekend,156.205
2022-10-09,2022,10,9,282,21,6,122.35,2022-10-09 21:00:00+00:00,2022-10-09 22:00:00+00:00,49168.855,5000.8075,17900.567499999997,0.0,51912.65,22901.375,-0.9926289059345096,0.121193461470736,-0.7071067811865477,0.7071067811865474,-0.7818314824680299,0.6234898018587334,0,weekend,155.16250000000002
2022-10-10,2022,10,10,283,21,0,167.77,2022-10-10 21:00:00+00:00,2022-10-10 22:00:00+00:00,55019.052500000005,5431.96,15788.095,0.0,55680.84,21220.055,-0.9903973200352558,0.1382503109109819,-0.7071067811865477,0.7071067811865474,0.0,1.0,0,weekday,154.12
2022-10-11,2022,10,11,284,21,1,262.03,2022-10-11 21:00:00+00:00,2022-10-11 22:00:00+00:00,55110.78,645.5375,2239.6225,0.0,45694.11,2885.16,-0.9878726596350428,0.1552662498599956,-0.7071067811865477,0.7071067811865474,0.7818314824680298,0.6234898018587336,0,weekday,156.78
2022-10-12,2022,10,12,285,21,2,243.55,2022-10-12 21:00:00+00:00,2022-10-12 22:00:00+00:00,54389.68,1928.0925,6369.4375,0.0,48080.43,8297.53,-0.9850556718215012,0.172236243027682,-0.7071067811865477,0.7071067811865474,0.9749279121818236,-0.2225209339563143,0,weekday,160.19
2022-10-13,2022,10,13,286,21,3,225.19,2022-10-13 21:00:00+00:00,2022-10-13 22:00:00+00:00,54483.99,698.6949999999999,8012.6375,0.0,46223.82,8711.3325,-0.981947190186646,0.1891552687200409,-0.7071067811865477,0.7071067811865474,0.4338837391175582,-0.900968867902419,0,weekday,153.81
2022-10-14,2022,10,14,287,21,4,220.03,2022-10-14 21:00:00+00:00,2022-10-14 22:00:00+00:00,51919.68,1755.35,10620.9675,0.0,46722.43,12376.3175,-0.9785481345802032,0.2060183203251708,-0.7071067811865477,0.7071067811865474,-0.433883739117558,-0.9009688679024191,0,weekday,141.995
2022-10-15,2022,10,15,288,21,5,140.08,2022-10-15 21:00:00+00:00,2022-10-15 22:00:00+00:00,47073.08,5302.24,14949.4525,0.0,49160.82,20251.6925,-0.9748595108374124,0.2228204077947995,-0.7071067811865477,0.7071067811865474,-0.9749279121818236,-0.2225209339563146,0,weekend,141.995
2022-10-16,2022,10,16,289,21,6,140.04,2022-10-16 21:00:00+00:00,2022-10-16 22:00:00+00:00,49212.9075,1209.415,7071.295,0.0,40477.26,8280.71,-0.9708824104813836,0.239556559120927,-0.7071067811865477,0.7071067811865474,-0.7818314824680299,0.6234898018587334,0,weekend,134.9875
2022-10-17,2022,10,17,290,21,0,162.65,2022-10-17 21:00:00+00:00,2022-10-17 22:00:00+00:00,53720.3925,4232.79,7520.172500000001,0.0,49366.7,11752.9625,-0.9666180104000972,0.2562218218071163,-0.7071067811865477,0.7071067811865474,0.0,1.0,0,weekday,127.98
2022-10-18,2022,10,18,291,21,1,163.29,2022-10-18 21:00:00+00:00,2022-10-18 22:00:00+00:00,53022.4025,2962.4175,6433.2225,0.0,47120.3,9395.64,-0.9620675724981452,0.2728112643340191,-0.7071067811865477,0.7071067811865474,0.7818314824680298,0.6234898018587336,0,weekday,113.22
2022-10-19,2022,10,19,292,21,2,148.15,2022-10-19 21:00:00+00:00,2022-10-19 22:00:00+00:00,53587.7,3129.4525,14707.43,0.0,51599.92,17836.8825,-0.957232443323312,0.2893199776186952,-0.7071067811865477,0.7071067811865474,0.9749279121818236,-0.2225209339563143,0,weekday,112.51
2022-10-20,2022,10,20,293,21,3,132.73,2022-10-20 21:00:00+00:00,2022-10-20 22:00:00+00:00,54151.16,4726.2175,17151.6825,0.0,51573.75,21877.9,-0.9521140536681102,0.3057430764672831,-0.7071067811865477,0.7071067811865474,0.4338837391175582,-0.900968867902419,0,weekday,127.145
2022-10-21,2022,10,21,294,21,4,155.34,2022-10-21 21:00:00+00:00,2022-10-21 22:00:00+00:00,53287.35,1376.695,9774.775,0.0,41636.53,11151.47,-0.9467139181463862,0.3220757010206104,-0.7071067811865477,0.7071067811865474,-0.433883739117558,-0.9009688679024191,0,weekday,113.575
2022-10-22,2022,10,22,295,21,5,137.01,2022-10-22 21:00:00+00:00,2022-10-22 22:00:00+00:00,48163.8825,1773.1750000000002,8409.95,0.0,39314.88,10183.125,-0.9410336347451196,0.3383130181923076,-0.7071067811865477,0.7071067811865474,-0.9749279121818236,-0.2225209339563146,0,weekend,113.575
2022-10-23,2022,10,23,296,21,6,80.71,2022-10-23 21:00:00+00:00,2022-10-23 22:00:00+00:00,49638.0775,4542.4875,19817.77,0.0,50409.96,24360.2575,-0.9350748843515574,0.3544502230989869,-0.7071067811865477,0.7071067811865474,-0.7818314824680299,0.6234898018587334,0,weekend,106.3725
2022-10-24,2022,10,24,297,21,0,85.67,2022-10-24 21:00:00+00:00,2022-10-24 22:00:00+00:00,54475.9375,5186.7675,21141.465,0.0,54469.34,26328.2325,-0.9288394302558068,0.3704825404820963,-0.7071067811865477,0.7071067811865474,0.0,1.0,0,weekday,99.17
2022-10-25,2022,10,25,298,21,1,120.67,2022-10-25 21:00:00+00:00,2022-10-25 22:00:00+00:00,52716.5125,1916.2625,7120.255,0.0,43137.32,9036.5175,-0.9223291176290545,0.3864052261209853,-0.7071067811865477,0.7071067811865474,0.7818314824680298,0.6234898018587336,0,weekday,99.795
2022-10-26,2022,10,26,299,21,2,98.47,2022-10-26 21:00:00+00:00,2022-10-26 22:00:00+00:00,52952.76,4734.47,9328.975,0.0,45858.35,14063.445,-0.9155458729775467,0.4022135682368036,-0.7071067811865477,0.7071067811865474,0.9749279121818236,-0.2225209339563143,0,weekday,104.32
2022-10-27,2022,10,27,300,21,3,121.34,2022-10-27 21:00:00+00:00,2022-10-27 22:00:00+00:00,53076.7575,4455.725,17174.182500000003,0.0,50167.41,21629.9075,-0.9084917035725082,0.4179028888867866,-0.7071067811865477,0.7071067811865474,0.4338837391175582,-0.900968867902419,0,weekday,107.385
2022-10-28,2022,10,28,301,21,4,101.61,2022-10-28 21:00:00+00:00,2022-10-28 22:00:00+00:00,51328.052500000005,3566.515,17289.5875,0.0,46777.42,20856.1025,-0.9011686968561567,0.4334685453485363,-0.7071067811865477,0.7071067811865474,-0.433883739117558,-0.9009688679024191,0,weekday,112.244
2022-10-29,2022,10,29,302,21,5,104.04,2022-10-29 21:00:00+00:00,2022-10-29 22:00:00+00:00,47263.3475,1584.705,7486.595,0.0,38787.82,9071.3,-0.8935790198239952,0.4489059314938798,-0.7071067811865477,0.7071067811865474,-0.9749279121818236,-0.2225209339563146,0,weekend,112.244
2022-10-30,2022,10,30,303,21,6,127.0,2022-10-30 21:00:00+00:00,2022-10-30 22:00:00+00:00,51223.3225,1650.84,7796.032499999999,0.0,41355.19,9446.8725,-0.8857249183835637,0.4642104791518923,-0.7071067811865477,0.7071067811865474,-0.7818314824680299,0.6234898018587334,0,weekend,117.797
2022-10-31,2022,10,31,304,21,0,120.51,2022-10-31 21:00:00+00:00,2022-10-31 22:00:00+00:00,51616.305,4340.6625,13792.1825,0.0,49705.59,18132.845,-0.8776087166898392,0.4793776594606945,-0.7071067811865477,0.7071067811865474,0.0,1.0,0,weekday,123.35
2022-11-01,2022,11,1,305,21,1,69.57,2022-11-01 21:00:00+00:00,2022-11-01 22:00:00+00:00,52364.5725,5726.5,22611.5675,0.0,57961.8,28338.0675,-0.8692328164574792,0.4944029842076181,-0.7071067811865477,0.7071067811865474,0.7818314824680298,0.6234898018587336,0,weekday,116.195
2022-11-02,2022,11,2,306,21,2,88.66,2022-11-02 21:00:00+00:00,2022-11-02 22:00:00+00:00,54536.375,6272.5,17384.16,0.0,53877.97,23656.66,-0.8605996962501181,0.5092820071573356,-0.7071067811865477,0.7071067811865474,0.9749279121818236,-0.2225209339563143,0,weekday,125.865
2022-11-03,2022,11,3,307,21,3,124.39,2022-11-03 21:00:00+00:00,2022-11-03 22:00:00+00:00,56308.1475,4205.835,17542.2675,0.0,53132.29,21748.1025,-0.8517119107469189,0.5240103253675756,-0.7071067811865477,0.7071067811865474,0.4338837391175582,-0.900968867902419,0,weekday,125.445
2022-11-04,2022,11,4,308,21,4,179.8,2022-11-04 21:00:00+00:00,2022-11-04 22:00:00+00:00,55102.575,2440.795,7630.4375,0.0,47711.99,10071.2325,-0.8425720899866032,0.5385835804920232,-0.7071067811865477,0.7071067811865474,-0.433883739117558,-0.9009688679024191,0,weekday,114.785
2022-11-05,2022,11,5,309,21,5,91.28,2022-11-05 21:00:00+00:00,2022-11-05 22:00:00+00:00,49810.92,5942.575,16031.7725,0.0,50672.64,21974.3475,-0.8331829385891785,0.5529974600700271,-0.7071067811865477,0.7071067811865474,-0.9749279121818236,-0.2225209339563146,0,weekend,114.785
2022-11-06,2022,11,6,310,21,6,27.59,2022-11-06 21:00:00+00:00,2022-11-06 22:00:00+00:00,51071.8525,6020.645,28028.375,0.0,59804.43,34049.020000000004,-0.8235472349556007,0.5672476988027229,-0.7071067811865477,0.7071067811865474,-0.7818314824680299,0.6234898018587334,0,weekend,112.235
2022-11-07,2022,11,7,311,21,0,77.06,2022-11-07 21:00:00+00:00,2022-11-07 22:00:00+00:00,58654.9375,6091.78,22120.8025,0.0,58032.66,28212.5825,-0.8136678304455991,0.5813300798152042,-0.7071067811865477,0.7071067811865474,0.0,1.0,0,weekday,109.685
2022-11-08,2022,11,8,312,21,1,99.77,2022-11-08 21:00:00+00:00,2022-11-08 22:00:00+00:00,57771.8675,5444.005,24371.0425,0.0,59885.52,29815.0475,-0.8035476485339116,0.5952404359043674,-0.7071067811865477,0.7071067811865474,0.7818314824680298,0.6234898018587336,0,weekday,118.145
2022-11-09,2022,11,9,313,21,2,127.73,2022-11-09 21:00:00+00:00,2022-11-09 22:00:00+00:00,57330.41,4261.1725,21294.31,0.0,57351.01,25555.4825,-0.7931896839451843,0.6089746507720486,-0.7071067811865477,0.7071067811865474,0.9749279121818236,-0.2225209339563143,0,weekday,113.145
2022-11-10,2022,11,10,314,21,3,121.98,2022-11-10 21:00:00+00:00,2022-11-10 22:00:00+00:00,57660.5825,5220.0775,19647.3375,0.0,56847.38,24867.415,-0.7825970017677834,0.6225286602431057,-0.7071067811865477,0.7071067811865474,0.4338837391175582,-0.900968867902419,0,weekday,113.45
2022-11-11,2022,11,11,315,21,4,128.23,2022-11-11 21:00:00+00:00,2022-11-11 22:00:00+00:00,55872.42,4989.4125,10855.4275,0.0,48757.54,15844.84,-0.7717727365467836,0.6358984534680745,-0.7071067811865477,0.7071067811865474,-0.433883739117558,-0.9009688679024191,0,weekday,97.855
2022-11-12,2022,11,12,316,21,5,160.86,2022-11-12 21:00:00+00:00,2022-11-12 22:00:00+00:00,50372.6525,333.9325,5295.6225,0.0,42234.94,5629.555,-0.7607200913564104,0.6490800741100398,-0.7071067811865477,0.7071067811865474,-0.9749279121818236,-0.2225209339563146,0,weekend,97.855
2022-11-13,2022,11,13,317,21,6,141.39,2022-11-13 21:00:00+00:00,2022-11-13 22:00:00+00:00,52216.6175,4552.5575,16358.625,0.0,53441.91,20911.1825,-0.7494423368521954,0.6620696215153815,-0.7071067811865477,0.7071067811865474,-0.7818314824680299,0.6234898018587334,0,weekend,105.78
2022-11-14,2022,11,14,318,21,0,157.58,2022-11-14 21:00:00+00:00,2022-11-14 22:00:00+00:00,57561.7725,3136.045,18779.6775,0.0,58918.12,21915.722500000003,-0.7379428103031386,0.6748632518680403,-0.7071067811865477,0.7071067811865474,0.0,1.0,0,weekday,113.705
2022-11-15,2022,11,15,319,21,1,137.91,2022-11-15 21:00:00+00:00,2022-11-15 22:00:00+00:00,57586.0225,5766.73,17466.375,0.0,62056.14,23233.105,-0.7262249146041543,0.6874571793269664,-0.7071067811865477,0.7071067811865474,0.7818314824680298,0.6234898018587336,0,weekday,124.105
2022-11-16,2022,11,16,320,21,2,83.32,2022-11-16 21:00:00+00:00,2022-11-16 22:00:00+00:00,56545.5825,6034.935,20371.5125,0.0,60563.56,26406.4475,-0.7142921172691032,0.699847677146407,-0.7071067811865477,0.7071067811865474,0.9749279121818236,-0.2225209339563143,0,weekday,113.9
2022-11-17,2022,11,17,321,21,3,149.8,2022-11-17 21:00:00+00:00,2022-11-17 22:00:00+00:00,57029.3675,5848.0875,20857.4975,0.0,59329.57,26705.585,-0.7021479494046978,0.7120310787787131,-0.7071067811865477,0.7071067811865474,0.4338837391175582,-0.900968867902419,0,weekday,112.555
2022-11-18,2022,11,18,322,21,4,153.33,2022-11-18 21:00:00+00:00,2022-11-18 22:00:00+00:00,55604.1725,5329.5575,13298.145,0.0,56915.9,18627.7025,-0.6897960046655887,0.7240037789593305,-0.7071067811865477,0.7071067811865474,-0.433883739117558,-0.9009688679024191,0,weekday,115.51
2022-11-19,2022,11,19,323,21,5,219.05,2022-11-19 21:00:00+00:00,2022-11-19 22:00:00+00:00,49781.09,638.095,3845.4025,0.0,45899.11,4483.4975,-0.6772399381909491,0.7357622347736527,-0.7071067811865477,0.7071067811865474,-0.9749279121818236,-0.2225209339563146,0,weekend,115.51
2022-11-20,2022,11,20,324,21,6,212.03,2022-11-20 21:00:00+00:00,2022-11-20 22:00:00+00:00,51591.9525,555.905,9802.2375,0.0,49763.6,10358.1425,-0.6644834655228552,0.7473029667054296,-0.7071067811865477,0.7071067811865474,-0.7818314824680299,0.6234898018587334,0,weekend,115.82
2022-11-21,2022,11,21,325,21,0,199.93,2022-11-21 21:00:00+00:00,2022-11-21 22:00:00+00:00,57758.7425,3268.985,15784.08,0.0,57510.59,19053.065,-0.6515303615068021,0.75862255966641,-0.7071067811865477,0.7071067811865474,0.0,1.0,0,weekday,116.13
2022-11-22,2022,11,22,326,21,1,199.53,2022-11-22 21:00:00+00:00,2022-11-22 22:00:00+00:00,57802.065,4259.31,17713.0625,0.0,62013.2,21972.3725,-0.6383844591746642,0.7697176640069211,-0.7071067811865477,0.7071067811865474,0.7818314824680298,0.6234898018587336,0,weekday,119.64
2022-11-23,2022,11,23,327,21,2,142.24,2022-11-23 21:00:00+00:00,2022-11-23 22:00:00+00:00,59887.8825,5062.014999999999,20934.3025,0.0,63581.91,25996.3175,-0.6250496486104377,0.7805849965070866,-0.7071067811865477,0.7071067811865474,0.9749279121818236,-0.2225209339563143,0,weekday,129.62
2022-11-24,2022,11,24,328,21,3,217.1,2022-11-24 21:00:00+00:00,2022-11-24 22:00:00+00:00,59271.7075,3995.1725,9904.04,0.0,57165.08,13899.2125,-0.6115298757991053,0.7912213413483807,-0.7071067811865477,0.7071067811865474,0.4338837391175582,-0.900968867902419,0,weekday,129.62
2022-11-25,2022,11,25,329,21,4,269.92,2022-11-25 21:00:00+00:00,2022-11-25 22:00:00+00:00,57116.75,1745.36,10015.4,0.0,55438.76,11760.76,-0.5978291414589552,0.801623551065242,-0.7071067811865477,0.7071067811865474,-0.433883739117558,-0.9009688679024191,0,weekday,124.37
2022-11-26,2022,11,26,330,21,5,200.0,2022-11-26 21:00:00+00:00,2022-11-26 22:00:00+00:00,50938.265,3545.0775,6047.3150000000005,0.0,52580.89,9592.3925,-0.5839514998576998,0.8117885474764613,-0.7071067811865477,0.7071067811865474,-0.9749279121818236,-0.2225209339563146,0,weekend,124.37
2022-11-27,2022,11,27,331,21,6,155.04,2022-11-27 21:00:00+00:00,2022-11-27 22:00:00+00:00,53871.665,4469.255,18557.82,0.0,59247.84,23027.075,-0.5699010576127624,0.8217133225960589,-0.7071067811865477,0.7071067811865474,-0.7818314824680299,0.6234898018587334,0,weekend,123.825
2022-11-28,2022,11,28,332,21,0,294.98,2022-11-28 21:00:00+00:00,2022-11-28 22:00:00+00:00,59064.095,1718.4075,7753.5875,0.0,57424.85,9471.995,-0.5556819724760489,0.8313949395234058,-0.7071067811865477,0.7071067811865474,0.0,1.0,0,weekday,123.28
2022-11-29,2022,11,29,333,21,1,297.66,2022-11-29 21:00:00+00:00,2022-11-29 22:00:00+00:00,58823.1625,683.7524999999999,2998.1025,0.0,54406.71,3681.855,-0.5412984521036173,0.8408305333122887,-0.7071067811865477,0.7071067811865474,0.7818314824680298,0.6234898018587336,0,weekday,132.286
2022-11-30,2022,11,30,334,21,2,316.86,2022-11-30 21:00:00+00:00,2022-11-30 22:00:00+00:00,56527.4925,731.7275,2902.76,0.0,54497.04,3634.4875,-0.5267547528105542,0.8500173118187018,-0.7071067811865477,0.7071067811865474,0.9749279121818236,-0.2225209339563143,0,weekday,146.395
2022-12-01,2022,12,1,335,21,3,340.63,2022-12-01 21:00:00+00:00,2022-12-01 22:00:00+00:00,58532.85,1028.96,4906.215,0.0,56952.25,5935.175,-0.5120551783114646,0.8589525565270845,-0.7071067811865477,0.7071067811865474,0.4338837391175582,-0.900968867902419,0,weekday,139.26
2022-12-02,2022,12,2,336,21,4,278.62,2022-12-02 21:00:00+00:00,2022-12-02 22:00:00+00:00,57669.1,5045.99,12034.84,0.0,60722.77,17080.83,-0.4972040784469378,0.8676336233547726,-0.7071067811865477,0.7071067811865474,-0.433883739117558,-0.9009688679024191,0,weekday,135.56
2022-12-03,2022,12,3,337,21,5,278.7,2022-12-03 21:00:00+00:00,2022-12-03 22:00:00+00:00,51976.4925,4846.62,8427.19,0.0,56069.35,13273.81,-0.4822058478963526,0.8760579434344281,-0.7071067811865477,0.7071067811865474,-0.9749279121818236,-0.2225209339563146,0,weekend,135.56
2022-12-04,2022,12,4,338,21,6,265.9,2022-12-04 21:00:00+00:00,2022-12-04 22:00:00+00:00,53691.99,5784.885,9992.26,0.0,59294.84,15777.145,-0.4670649248774303,0.8842230238742036,-0.7071067811865477,0.7071067811865474,-0.7818314824680299,0.6234898018587334,0,weekend,135.13
2022-12-05,2022,12,5,339,21,0,324.56,2022-12-05 21:00:00+00:00,2022-12-05 22:00:00+00:00,58265.3475,2963.2825,5338.5125,0.0,59658.56,8301.795,-0.451785789832884,0.8921264484954345,-0.7071067811865477,0.7071067811865474,0.0,1.0,0,weekday,134.7
2022-12-06,2022,12,6,340,21,1,304.98,2022-12-06 21:00:00+00:00,2022-12-06 22:00:00+00:00,57850.38,3966.93,8853.9725,0.0,60262.25,12820.9025,-0.4363729641045924,0.8997658785476209,-0.7071067811865477,0.7071067811865474,0.7818314824680298,0.6234898018587336,0,weekday,138.49
2022-12-07,2022,12,7,341,21,2,300.72,2022-12-07 21:00:00+00:00,2022-12-07 22:00:00+00:00,58348.32,2058.07,10581.4925,0.0,61275.73,12639.5625,-0.4208310085956556,0.9071390534005044,-0.7071067811865477,0.7071067811865474,0.9749279121818236,-0.2225209339563143,0,weekday,149.245
2022-12-08,2022,12,8,342,21,3,328.31,2022-12-08 21:00:00+00:00,2022-12-08 22:00:00+00:00,58776.565,1638.1375,4389.78,0.0,57777.05,6027.9175,-0.4051645224207563,0.9142437912130223,-0.7071067811865477,0.7071067811865474,0.4338837391175582,-0.900968867902419,0,weekday,138.895
2022-12-09,2022,12,9,343,21,4,338.04,2022-12-09 21:00:00+00:00,2022-12-09 22:00:00+00:00,58026.2125,2482.625,2806.8825,0.0,52481.35,5289.5075,-0.3893781415452015,0.9210779895789526,-0.7071067811865477,0.7071067811865474,-0.433883739117558,-0.9009688679024191,0,weekday,139.115
2022-12-10,2022,12,10,344,21,5,307.65,2022-12-10 21:00:00+00:00,2022-12-10 22:00:00+00:00,51598.8575,1400.2225,1722.3325,0.0,50756.52,3122.5550000000003,-0.3734765374130707,0.9276396261490468,-0.7071067811865477,0.7071067811865474,-0.9749279121818236,-0.2225209339563146,0,weekend,139.115
2022-12-11,2022,12,11,345,21,6,323.85,2022-12-11 21:00:00+00:00,2022-12-11 22:00:00+00:00,53058.3325,1870.67,2034.8475,0.0,52401.33,3905.5175,-0.3574644155648614,0.9339267592294762,-0.7071067811865477,0.7071067811865474,-0.7818314824680299,0.6234898018587334,0,weekend,137.85250000000002
2022-12-12,2022,12,12,346,21,0,361.32,2022-12-12 21:00:00+00:00,2022-12-12 22:00:00+00:00,58700.9725,1609.1975,4473.025,0.0,56979.9,6082.2225,-0.3413465142450361,0.9399375283564132,-0.7071067811865477,0.7071067811865474,0.0,1.0,0,weekday,136.59
2022-12-13,2022,12,13,347,21,1,321.03,2022-12-13 21:00:00+00:00,2022-12-13 22:00:00+00:00,59060.54,3054.335,10198.35,0.0,64521.29,13252.685,-0.3251276029999093,0.9456701548465688,-0.7071067811865477,0.7071067811865474,0.7818314824680298,0.6234898018587336,0,weekday,137.53
2022-12-14,2022,12,14,348,21,2,351.72,2022-12-14 21:00:00+00:00,2022-12-14 22:00:00+00:00,59394.06,1984.7375,4183.8575,0.0,57658.64,6168.595,-0.3088124812662537,0.9511229423235356,-0.7071067811865477,0.7071067811865474,0.9749279121818236,-0.2225209339563143,0,weekday,131.51
2022-12-15,2022,12,15,349,21,3,336.29,2022-12-15 21:00:00+00:00,2022-12-15 22:00:00+00:00,59868.795,2276.365,7026.11,0.0,58932.29,9302.475,-0.2924059769510773,0.956294277219772,-0.7071067811865477,0.7071067811865474,0.4338837391175582,-0.900968867902419,0,weekday,134.765
2022-12-16,2022,12,16,350,21,4,308.56,2022-12-16 21:00:00+00:00,2022-12-16 22:00:00+00:00,57967.6525,1307.9725,1623.0975,0.0,52730.23,2931.07,-0.2759129450029604,0.9611826292540836,-0.7071067811865477,0.7071067811865474,-0.433883739117558,-0.9009688679024191,0,weekday,115.45
2022-12-17,2022,12,17,351,21,5,216.08,2022-12-17 21:00:00+00:00,2022-12-17 22:00:00+00:00,51769.37,5652.405,10404.8975,0.0,58236.65,16057.302499999998,-0.2593382659754056,0.9657865518844574,-0.7071067811865477,0.7071067811865474,-0.9749279121818236,-0.2225209339563146,0,weekend,115.45
2022-12-18,2022,12,18,352,21,6,145.93,2022-12-18 21:00:00+00:00,2022-12-18 22:00:00+00:00,52857.59,5115.6225,22880.03,0.0,59785.11,27995.6525,-0.2426868445825954,0.9701046827361176,-0.7071067811865477,0.7071067811865474,-0.7818314824680299,0.6234898018587334,0,weekend,111.9975
2022-12-19,2022,12,19,353,21,0,166.33,2022-12-19 21:00:00+00:00,2022-12-19 22:00:00+00:00,59281.1725,5816.2125,28657.9425,0.0,66939.66,34474.155,-0.225963608248019,0.974135744004672,-0.7071067811865477,0.7071067811865474,0.0,1.0,0,weekday,108.545
2022-12-20,2022,12,20,354,21,1,211.16,2022-12-20 21:00:00+00:00,2022-12-20 22:00:00+00:00,58124.0375,3236.1975,19854.505,0.0,60146.26,23090.7025,-0.2091735056463563,0.9778785428342386,-0.7071067811865477,0.7071067811865474,0.7818314824680298,0.6234898018587336,0,weekday,105.69
2022-12-21,2022,12,21,355,21,2,170.58,2022-12-21 21:00:00+00:00,2022-12-21 22:00:00+00:00,57571.5925,5324.82,21262.2025,0.0,61778.83,26587.0225,-0.1923215052390948,0.9813319716704276,-0.7071067811865477,0.7071067811865474,0.9749279121818236,-0.2225209339563143,0,weekday,97.75
2022-12-22,2022,12,22,356,21,3,170.96,2022-12-22 21:00:00+00:00,2022-12-22 22:00:00+00:00,55804.7875,3257.71,16573.0875,0.0,53590.85,19830.7975,-0.1754125938042784,0.9844950085880858,-0.7071067811865477,0.7071067811865474,0.4338837391175582,-0.900968867902419,0,weekday,91.94
2022-12-23,2022,12,23,357,21,4,148.74,2022-12-23 21:00:00+00:00,2022-12-23 22:00:00+00:00,52751.4475,1976.5075,17526.305,0.0,53692.12,19502.8125,-0.1584517749608363,0.9873667175937016,-0.7071067811865477,0.7071067811865474,-0.433883739117558,-0.9009688679024191,0,weekday,82.975
2022-12-24,2022,12,24,358,21,5,116.7,2022-12-24 21:00:00+00:00,2022-12-24 22:00:00+00:00,44639.07,3308.43,10817.9125,0.0,46731.2,14126.3425,-0.141444067687942,0.989946248902378,-0.7071067811865477,0.7071067811865474,-0.9749279121818236,-0.2225209339563146,0,weekend,82.975
2022-12-25,2022,12,25,359,21,6,102.25,2022-12-25 21:00:00+00:00,2022-12-25 22:00:00+00:00,45755.585,3331.4475,16827.53,0.0,48795.95,20158.9775,-0.1243945048397999,0.9922328391893008,-0.7071067811865477,0.7071067811865474,-0.7818314824680299,0.6234898018587334,1,holiday,81.99833333333333
2022-12-26,2022,12,26,360,21,0,48.55,2022-12-26 21:00:00+00:00,2022-12-26 22:00:00+00:00,46134.46,5671.7375,28895.3775,0.0,58126.58,34567.115,-0.1073081316563624,0.994225811815616,-0.7071067811865477,0.7071067811865474,0.0,1.0,1,holiday,81.02166666666666
2022-12-27,2022,12,27,361,21,1,107.84,2022-12-27 21:00:00+00:00,2022-12-27 22:00:00+00:00,52676.45,5905.26,21253.7725,0.0,60175.28,27159.0325,-0.0901900042703451,0.99592457702866,-0.7071067811865477,0.7071067811865474,0.7818314824680298,0.6234898018587336,0,weekday,80.045
2022-12-28,2022,12,28,362,21,2,35.45,2022-12-28 21:00:00+00:00,2022-12-28 22:00:00+00:00,53310.695,5663.245,33721.225000000006,0.0,64723.76,39384.47000000001,-0.0730451882110474,0.9973286321364752,-0.7071067811865477,0.7071067811865474,0.9749279121818236,-0.2225209339563143,0,weekday,81.35
2022-12-29,2022,12,29,363,21,3,26.31,2022-12-29 21:00:00+00:00,2022-12-29 22:00:00+00:00,50250.84,6019.1,28072.6675,0.0,61395.09,34091.7675,-0.0558787569053731,0.9984375616565666,-0.7071067811865477,0.7071067811865474,0.4338837391175582,-0.900968867902419,0,weekday,83.83
2022-12-30,2022,12,30,364,21,4,0.4,2022-12-30 21:00:00+00:00,2022-12-30 22:00:00+00:00,48705.3925,5851.610000000001,35944.945,0.0,68211.22,41796.555,-0.0386957901765268,0.999251037438848,-0.7071067811865477,0.7071067811865474,-0.433883739117558,-0.9009688679024191,0,weekday,76.315
2022-12-31,2022,12,31,365,21,5,-1.07,2022-12-31 21:00:00+00:00,2022-12-31 22:00:00+00:00,44245.325,2897.7475,34383.645,0.0,60095.91,37281.3925,-0.0215013727408137,0.999768818762748,-0.7071067811865477,0.7071067811865474,-0.9749279121818236,-0.2225209339563146,0,weekend,76.315
2023-01-01,2023,1,1,1,21,6,45.96,2023-01-01 21:00:00+00:00,2023-01-01 22:00:00+00:00,44569.7225,4636.92,18205.01,0.0,49609.82,22841.93,0.0,1.0,-0.7071067811865477,0.7071067811865474,-0.7818314824680299,0.6234898018587334,1,holiday,74.98166666666667
2023-01-02,2023,1,2,2,21,0,134.91,2023-01-02 21:00:00+00:00,2023-01-02 22:00:00+00:00,55084.2375,4876.925,19732.5125,0.0,57241.01,24609.4375,0.0172015754182605,0.9998520419557736,-0.7071067811865477,0.7071067811865474,0.0,1.0,0,weekday,73.64833333333333
2023-01-03,2023,1,3,3,21,1,114.27,2023-01-03 21:00:00+00:00,2023-01-03 22:00:00+00:00,56084.2225,5475.8375,22445.23,0.0,60944.16,27921.0675,0.034398060613608,0.9994082116062598,-0.7071067811865477,0.7071067811865474,0.7818314824680298,0.6234898018587336,0,weekday,72.315
2023-01-04,2023,1,4,4,21,2,34.96,2023-01-04 21:00:00+00:00,2023-01-04 22:00:00+00:00,56229.93,5651.96,40601.8475,0.0,70713.09,46253.8075,0.0515843668694083,0.9986686402879996,-0.7071067811865477,0.7071067811865474,0.9749279121818236,-0.2225209339563143,0,weekday,65.02
2023-01-05,2023,1,5,5,21,3,144.64,2023-01-05 21:00:00+00:00,2023-01-05 22:00:00+00:00,57379.355,3076.645,8260.0075,0.0,46925.64,11336.6525,0.0687554084811394,0.9976335468520452,-0.7071067811865477,0.7071067811865474,0.4338837391175582,-0.900968867902419,0,weekday,72.42
2023-01-06,2023,1,6,6,21,4,129.94,2023-01-06 21:00:00+00:00,2023-01-06 22:00:00+00:00,55476.7575,4171.6825,12962.295,0.0,49652.28,17133.9775,0.0859061042613327,0.9963032375991964,-0.7071067811865477,0.7071067811865474,-0.433883739117558,-0.9009688679024191,0,weekday,72.0
2023-01-07,2023,1,7,7,21,5,50.0,2023-01-07 21:00:00+00:00,2023-01-07 22:00:00+00:00,52084.1275,5938.02,24426.6875,0.0,55559.23,30364.7075,0.1030313790431787,0.9946781061893646,-0.7071067811865477,0.7071067811865474,-0.9749279121818236,-0.2225209339563146,0,weekend,69.535
2023-01-08,2023,1,8,8,21,6,99.37,2023-01-08 21:00:00+00:00,2023-01-08 22:00:00+00:00,50927.0,5087.0525,18326.0225,0.0,51870.75,23413.075,0.1201261651823505,0.9927586335250792,-0.7071067811865477,0.7071067811865474,-0.7818314824680299,0.6234898018587334,0,weekend,70.29249999999999
2023-01-09,2023,1,9,9,21,0,132.0,2023-01-09 21:00:00+00:00,2023-01-09 22:00:00+00:00,57218.07,3985.1775,18595.135,0.0,56788.58,22580.3125,0.1371854040566005,0.9905453876091832,-0.7071067811865477,0.7071067811865474,0.0,1.0,0,weekday,71.05
2023-01-10,2023,1,10,10,21,1,81.3,2023-01-10 21:00:00+00:00,2023-01-10 22:00:00+00:00,57427.177500000005,5516.2,30948.025,0.0,67824.58,36464.225,0.1542040475626894,0.988039023376751,-0.7071067811865477,0.7071067811865474,0.7818314824680298,0.6234898018587336,0,weekday,73.0
2023-01-11,2023,1,11,11,21,2,91.71,2023-01-11 21:00:00+00:00,2023-01-11 22:00:00+00:00,59487.0075,5479.5225,30803.575,0.0,65846.28,36283.0975,0.1711770596101998,0.985240282501282,-0.7071067811865477,0.7071067811865474,0.9749279121818236,-0.2225209339563143,0,weekday,67.595
2023-01-12,2023,1,12,12,21,3,70.43,2023-01-12 21:00:00+00:00,2023-01-12 22:00:00+00:00,61029.855,5395.9825,37362.0875,0.0,69035.16,42758.07,0.1880994176117975,0.9821499931752292,-0.7071067811865477,0.7071067811865474,0.4338837391175582,-0.900968867902419,0,weekday,69.6
2023-01-13,2023,1,13,13,21,4,76.51,2023-01-13 21:00:00+00:00,2023-01-13 22:00:00+00:00,60327.315,5924.335,36927.1425,0.0,66798.63,42851.4775,0.2049661139694953,0.9787690698649216,-0.7071067811865477,0.7071067811865474,-0.433883739117558,-0.9009688679024191,0,weekday,66.3
2023-01-14,2023,1,14,14,21,5,5.9,2023-01-14 21:00:00+00:00,2023-01-14 22:00:00+00:00,54461.37,5623.93,38172.675,0.0,65516.62,43796.605,0.2217721575564818,0.975098513039961,-0.7071067811865477,0.7071067811865474,-0.9749279121818236,-0.2225209339563146,0,weekend,64.81
2023-01-15,2023,1,15,15,21,6,32.14,2023-01-15 21:00:00+00:00,2023-01-15 22:00:00+00:00,55241.3075,5286.035,34387.3875,0.0,62169.3,39673.4225,0.2385125751940764,0.9711394088771652,-0.7071067811865477,0.7071067811865474,-0.7818314824680299,0.6234898018587334,0,weekend,64.87333333333333
2023-01-16,2023,1,16,16,21,0,123.24,2023-01-16 21:00:00+00:00,2023-01-16 22:00:00+00:00,60564.21,3973.74,25336.8,0.0,66324.88,29310.54,0.2551824131233728,0.966892928939152,-0.7071067811865477,0.7071067811865474,0.0,1.0,0,weekday,64.93666666666667
2023-01-17,2023,1,17,17,21,1,139.94,2023-01-17 21:00:00+00:00,2023-01-17 22:00:00+00:00,60973.6725,4893.705,12147.085,0.0,61696.76,17040.79,0.2717767384711357,0.9623603298276544,-0.7071067811865477,0.7071067811865474,0.7818314824680298,0.6234898018587336,0,weekday,65.0
2023-01-18,2023,1,18,18,21,2,128.99,2023-01-18 21:00:00+00:00,2023-01-18 22:00:00+00:00,61421.1025,3754.44,17135.517499999998,0.0,62538.42,20889.9575,0.2882906407095177,0.957542952811672,-0.7071067811865477,0.7071067811865474,0.9749279121818236,-0.2225209339563143,0,weekday,60.0
2023-01-19,2023,1,19,19,21,3,162.14,2023-01-19 21:00:00+00:00,2023-01-19 22:00:00+00:00,61537.8375,2152.305,11440.29,0.0,57119.76,13592.595,0.3047192331091634,0.9524422234305676,-0.7071067811865477,0.7071067811865474,0.4338837391175582,-0.900968867902419,0,weekday,60.3
2023-01-20,2023,1,20,20,21,4,163.1,2023-01-20 21:00:00+00:00,2023-01-20 22:00:00+00:00,59132.11,1069.4825,1782.015,0.0,50876.42,2851.4975000000004,0.321057654185271,0.9470596510722284,-0.7071067811865477,0.7071067811865474,-0.433883739117558,-0.9009688679024191,0,weekday,66.5
2023-01-21,2023,1,21,21,21,5,131.88,2023-01-21 21:00:00+00:00,2023-01-21 22:00:00+00:00,55242.8775,1933.905,22925.9225,0.0,55016.19,24859.8275,0.3373010691361842,0.9413968285264122,-0.7071067811865477,0.7071067811865474,-0.9749279121818236,-0.2225209339563146,0,weekend,66.9
2023-01-22,2023,1,22,22,21,6,162.86,2023-01-22 21:00:00+00:00,2023-01-22 22:00:00+00:00,55491.7275,1100.94,6782.995,0.0,51803.98,7883.934999999999,0.3534446712740877,0.9354554315134164,-0.7071067811865477,0.7071067811865474,-0.7818314824680299,0.6234898018587334,0,weekend,66.05000000000001
2023-01-23,2023,1,23,23,21,0,172.09,2023-01-23 21:00:00+00:00,2023-01-23 22:00:00+00:00,59994.4575,127.0375,7763.655000000001,0.0,55950.71,7890.692500000001,0.3694836834473831,0.9292372181882051,-0.7071067811865477,0.7071067811865474,0.0,1.0,0,weekday,65.2
2023-01-24,2023,1,24,24,21,1,172.43,2023-01-24 21:00:00+00:00,2023-01-24 22:00:00+00:00,59794.505000000005,925.3675,3064.31,0.0,53579.9,3989.6775,0.3854133594543256,0.9227440286201428,-0.7071067811865477,0.7071067811865474,0.7818314824680298,0.6234898018587336,0,weekday,58.27
2023-01-25,2023,1,25,25,21,2,163.61,2023-01-25 21:00:00+00:00,2023-01-25 22:00:00+00:00,59462.8875,3060.8100000000004,3870.515,0.0,56864.59,6931.325000000001,0.4012289854475009,0.9159777842484876,-0.7071067811865477,0.7071067811865474,0.9749279121818236,-0.2225209339563143,0,weekday,57.25
2023-01-26,2023,1,26,26,21,3,149.75,2023-01-26 21:00:00+00:00,2023-01-26 22:00:00+00:00,59718.9125,4632.07,8988.0775,0.0,58848.81,13620.1475,0.4169258813287287,0.908940487313808,-0.7071067811865477,0.7071067811865474,0.4338837391175582,-0.900968867902419,0,weekday,56.6
2023-01-27,2023,1,27,27,21,4,155.12,2023-01-27 21:00:00+00:00,2023-01-27 22:00:00+00:00,57898.0575,132.4,6161.7975,0.0,52691.81,6294.197499999999,0.4324994021339788,0.901634220265486,-0.7071067811865477,0.7071067811865474,-0.433883739117558,-0.9009688679024191,0,weekday,53.5
2023-01-28,2023,1,28,28,21,5,142.23,2023-01-28 21:00:00+00:00,2023-01-28 22:00:00+00:00,53807.68,1924.835,8535.4375,0.0,48967.12,10460.2725,0.4479449394078911,0.8940611451454876,-0.7071067811865477,0.7071067811865474,-0.9749279121818236,-0.2225209339563146,0,weekend,55.425
2023-01-29,2023,1,29,29,21,6,79.83,2023-01-29 21:00:00+00:00,2023-01-29 22:00:00+00:00,54476.27,5271.2275,32926.73,0.0,61284.12,38197.9575,0.4632579225674917,0.88622350294858,-0.7071067811865477,0.7071067811865474,-0.7818314824680299,0.6234898018587334,0,weekend,56.1375
2023-01-30,2023,1,30,30,21,0,88.15,2023-01-30 21:00:00+00:00,2023-01-30 22:00:00+00:00,60283.275,5192.9725,36902.317500000005,0.0,63990.19,42095.29000000001,0.4784338202547012,0.8781236129591848,-0.7071067811865477,0.7071067811865474,0.0,1.0,0,weekday,56.85
2023-01-31,2023,1,31,31,21,1,86.1,2023-01-31 21:00:00+00:00,2023-01-31 22:00:00+00:00,59028.1,4924.59,37462.8575,0.0,66843.31,42387.4475,0.4934681416772373,0.8697638720650646,-0.7071067811865477,0.7071067811865474,0.7818314824680298,0.6234898018587336,0,weekday,60.2
2023-02-01,2023,2,1,32,21,2,86.42,2023-02-01 21:00:00+00:00,2023-02-01 22:00:00+00:00,60606.5625,4851.495,40165.4025,0.0,70338.81,45016.8975,0.5083564379375122,0.8611467540480452,-0.7071067811865477,0.7071067811865474,0.9749279121818236,-0.2225209339563143,0,weekday,57.4
2023-02-02,2023,2,2,33,21,3,130.15,2023-02-02 21:00:00+00:00,2023-02-02 22:00:00+00:00,59841.8225,4235.695,17183.415,0.0,60225.01,21419.11,0.5230943033491326,0.8522748088519838,-0.7071067811865477,0.7071067811865474,0.4338837391175582,-0.900968867902419,0,weekday,57.1
2023-02-03,2023,2,3,34,21,4,113.19,2023-02-03 21:00:00+00:00,2023-02-03 22:00:00+00:00,59009.265,4445.535,33601.3125,0.0,64686.96,38046.8475,0.5376773767406141,0.8431506618282,-0.7071067811865477,0.7071067811865474,-0.433883739117558,-0.9009688679024191,0,weekday,58.0
2023-02-04,2023,2,4,35,21,5,152.38,2023-02-04 21:00:00+00:00,2023-02-04 22:00:00+00:00,50675.1275,2614.405,3266.7125,0.0,44445.07,5881.1175,0.5521013427459208,0.8337770129585915,-0.7071067811865477,0.7071067811865474,-0.9749279121818236,-0.2225209339563146,0,weekend,57.89
2023-02-05,2023,2,5,36,21,6,155.77,2023-02-05 21:00:00+00:00,2023-02-05 22:00:00+00:00,53907.5625,3119.41,11306.0525,0.0,51273.01,14425.4625,0.5663619330814524,0.8241566360566663,-0.7071067811865477,0.7071067811865474,-0.7818314824680299,0.6234898018587334,0,weekend,58.0
2023-02-06,2023,2,6,37,21,0,159.82,2023-02-06 21:00:00+00:00,2023-02-06 22:00:00+00:00,59309.3925,825.4425,5888.717500000001,0.0,52154.57,6714.160000000001,0.580454927809098,0.8142923779467267,-0.7071067811865477,0.7071067811865474,0.0,1.0,0,weekday,58.11
2023-02-07,2023,2,7,38,21,1,173.36,2023-02-07 21:00:00+00:00,2023-02-07 22:00:00+00:00,59276.7175,704.8050000000001,3628.255,0.0,52746.37,4333.06,0.5943761565849831,0.804187157621448,-0.7071067811865477,0.7071067811865474,0.7818314824680298,0.6234898018587336,0,weekday,57.4
2023-02-08,2023,2,8,39,21,2,127.73,2023-02-08 21:00:00+00:00,2023-02-08 22:00:00+00:00,58422.25,5120.12,19253.7325,0.0,63253.25,24373.8525,0.6081214998935418,0.7938439653781019,-0.7071067811865477,0.7071067811865474,0.9749279121818236,-0.2225209339563143,0,weekday,53.685
2023-02-09,2023,2,9,40,21,3,119.93,2023-02-09 21:00:00+00:00,2023-02-09 22:00:00+00:00,58738.9375,5039.7625,17841.8975,0.0,61970.58,22881.66,0.6216868902665479,0.7832658619336791,-0.7071067811865477,0.7071067811865474,0.4338837391175582,-0.900968867902419,0,weekday,52.735
2023-02-10,2023,2,10,41,21,4,89.19,2023-02-10 21:00:00+00:00,2023-02-10 22:00:00+00:00,57195.0325,5062.1675000000005,28508.04,0.0,64547.11,33570.207500000004,0.6350683134867438,0.7724559775191742,-0.7071067811865477,0.7071067811865474,-0.433883739117558,-0.9009688679024191,0,weekday,53.25
2023-02-11,2023,2,11,42,21,5,143.76,2023-02-11 21:00:00+00:00,2023-02-11 22:00:00+00:00,50628.192500000005,1742.1525,11770.675,0.0,50790.84,13512.8275,0.6482618097757122,0.7614175109532997,-0.7071067811865477,0.7071067811865474,-0.9749279121818236,-0.2225209339563146,0,weekend,53.945
2023-02-12,2023,2,12,43,21,6,151.91,2023-02-12 21:00:00+00:00,2023-02-12 22:00:00+00:00,50695.0075,1781.6425,4606.66,0.0,52126.89,6388.3025,0.6612634749656386,0.7501537286959042,-0.7071067811865477,0.7071067811865474,-0.7818314824680299,0.6234898018587334,0,weekend,52.825
2023-02-13,2023,2,13,44,21,0,160.97,2023-02-13 21:00:00+00:00,2023-02-13 22:00:00+00:00,56918.6875,597.9175,1982.8475,0.0,52575.79,2580.7650000000003,0.6740694616546161,0.7386679638813748,-0.7071067811865477,0.7071067811865474,0.0,1.0,0,weekday,51.705
2023-02-14,2023,2,14,45,21,1,151.03,2023-02-14 21:00:00+00:00,2023-02-14 22:00:00+00:00,56582.875,273.425,2696.275,0.0,52398.29,2969.7000000000003,0.6866759803451553,0.726963615332308,-0.7071067811865477,0.7071067811865474,0.7818314824680298,0.6234898018587336,0,weekday,52.0
2023-02-15,2023,2,15,46,21,2,133.14,2023-02-15 21:00:00+00:00,2023-02-15 22:00:00+00:00,56653.99,3962.51,14772.35,0.0,58560.97,18734.86,0.6990793005655562,0.7150441465537444,-0.7071067811865477,0.7071067811865474,0.9749279121818236,-0.2225209339563143,0,weekday,54.2
2023-02-16,2023,2,16,47,21,3,127.52,2023-02-16 21:00:00+00:00,2023-02-16 22:00:00+00:00,56144.3275,3488.46,17603.7975,0.0,57884.96,21092.2575,0.7112757519738152,0.7029130847082615,-0.7071067811865477,0.7071067811865474,0.4338837391175582,-0.900968867902419,0,weekday,54.0
2023-02-17,2023,2,17,48,21,4,43.82,2023-02-17 21:00:00+00:00,2023-02-17 22:00:00+00:00,55693.0925,3567.9975,36526.37,0.0,65928.92,40094.3675,0.7232617254437388,0.6905740195722293,-0.7071067811865477,0.7071067811865474,-0.433883739117558,-0.9009688679024191,0,weekday,49.7
2023-02-18,2023,2,18,49,21,5,116.99,2023-02-18 21:00:00+00:00,2023-02-18 22:00:00+00:00,49040.35,1153.1025,19043.94,0.0,48756.53,20197.0425,0.7350336741329413,0.6780306024735382,-0.7071067811865477,0.7071067811865474,-0.9749279121818236,-0.2225209339563146,0,weekend,49.045
2023-02-19,2023,2,19,50,21,6,117.68,2023-02-19 21:00:00+00:00,2023-02-19 22:00:00+00:00,50805.055,5263.4575,17604.7925,0.0,53530.98,22868.25,0.746588114532413,0.6652865452111116,-0.7071067811865477,0.7071067811865474,-0.7818314824680299,0.6234898018587334,0,weekend,49.63
2023-02-20,2023,2,20,51,21,0,89.47,2023-02-20 21:00:00+00:00,2023-02-20 22:00:00+00:00,57559.775,4535.62,32943.402500000004,0.0,64520.92,37479.02250000001,0.7579216274973472,0.6523456189565257,-0.7071067811865477,0.7071067811865474,0.0,1.0,0,weekday,50.214999999999996
2023-02-21,2023,2,21,52,21,1,153.2,2023-02-21 21:00:00+00:00,2023-02-21 22:00:00+00:00,56058.0975,826.5425,3178.6425,0.0,49907.27,4005.185,0.7690308592589181,0.6392116531380588,-0.7071067811865477,0.7071067811865474,0.7818314824680298,0.6234898018587336,0,weekday,50.8
2023-02-22,2023,2,22,53,21,2,149.6,2023-02-22 21:00:00+00:00,2023-02-22 22:00:00+00:00,57273.6825,946.835,7901.0625,0.0,52683.0,8847.8975,0.7799125224167177,0.6258885343075018,-0.7071067811865477,0.7071067811865474,0.9749279121818236,-0.2225209339563143,0,weekday,50.57
2023-02-23,2023,2,23,54,21,3,145.61,2023-02-23 21:00:00+00:00,2023-02-23 22:00:00+00:00,56098.62,3707.155,9856.03,0.0,55486.74,13563.185,0.7905633969115482,0.612380204990065,-0.7071067811865477,0.7071067811865474,0.4338837391175582,-0.900968867902419,0,weekday,50.78
2023-02-24,2023,2,24,55,21,4,93.13,2023-02-24 21:00:00+00:00,2023-02-24 22:00:00+00:00,55829.26,4264.719999999999,28877.5425,0.0,59407.37,33142.2625,0.8009803309782905,0.5986906625177214,-0.7071067811865477,0.7071067811865474,-0.433883739117558,-0.9009688679024191,0,weekday,51.015
2023-02-25,2023,2,25,56,21,5,114.93,2023-02-25 21:00:00+00:00,2023-02-25 22:00:00+00:00,51979.3825,4862.545,18233.9525,0.0,53685.24,23096.4975,0.8111602420785621,0.5848239578463322,-0.7071067811865477,0.7071067811865474,-0.9749279121818236,-0.2225209339563146,0,weekend,51.015
2023-02-26,2023,2,26,57,21,6,138.29,2023-02-26 21:00:00+00:00,2023-02-26 22:00:00+00:00,52938.3725,1297.8200000000002,11296.3825,0.0,48059.79,12594.2025,0.8211001178128892,0.5707841943569036,-0.7071067811865477,0.7071067811865474,-0.7818314824680299,0.6234898018587334,0,weekend,49.157
2023-02-27,2023,2,27,58,21,0,153.46,2023-02-27 21:00:00+00:00,2023-02-27 22:00:00+00:00,58742.7425,411.9725,8087.04,0.0,54779.44,8499.0125,0.8307970168121247,0.5565755266413303,-0.7071067811865477,0.7071067811865474,0.0,1.0,0,weekday,47.299
2023-02-28,2023,2,28,59,21,1,153.78,2023-02-28 21:00:00+00:00,2023-02-28 22:00:00+00:00,58601.975,151.1225,7574.195,0.0,54959.91,7725.3175,0.8402480696078469,0.5422021592729844,-0.7071067811865477,0.7071067811865474,0.7818314824680298,0.6234898018587336,0,weekday,48.0
2023-03-01,2023,3,1,60,21,2,142.05,2023-03-01 21:00:00+00:00,2023-03-01 22:00:00+00:00,58268.7225,468.0125,11430.585,0.0,55816.4,11898.5975,0.8494504794814806,0.527668345562516,-0.7071067811865477,0.7071067811865474,0.9749279121818236,-0.2225209339563143,0,weekday,47.25
2023-03-02,2023,3,2,61,21,3,149.53,2023-03-02 21:00:00+00:00,2023-03-02 22:00:00+00:00,58274.4275,718.1,5947.175,0.0,53555.99,6665.275000000001,0.8584015232918917,0.512978386299228,-0.7071067811865477,0.7071067811865474,0.4338837391175582,-0.900968867902419,0,weekday,47.5
2023-03-03,2023,3,3,62,21,4,112.09,2023-03-03 21:00:00+00:00,2023-03-03 22:00:00+00:00,58051.3925,4465.58,20290.5375,0.0,56615.4,24756.1175,0.8670985522812081,0.4981366284784055,-0.7071067811865477,0.7071067811865474,-0.433883739117558,-0.9009688679024191,0,weekday,45.65
2023-03-04,2023,3,4,63,21,5,121.02,2023-03-04 21:00:00+00:00,2023-03-04 22:00:00+00:00,51051.6825,4571.18,12173.85,0.0,49924.37,16745.03,0.8755389928586302,0.4831474640149687,-0.7071067811865477,0.7071067811865474,-0.9749279121818236,-0.2225209339563146,0,weekend,44.98
2023-03-05,2023,3,5,64,21,6,143.66,2023-03-05 21:00:00+00:00,2023-03-05 22:00:00+00:00,52505.275,1980.0075,7062.4925,0.0,49411.66,9042.5,0.8837203473619977,0.4680153284438345,-0.7071067811865477,0.7071067811865474,-0.7818314824680299,0.6234898018587334,0,weekend,44.14
2023-03-06,2023,3,6,65,21,0,120.65,2023-03-06 21:00:00+00:00,2023-03-06 22:00:00+00:00,57898.19,4280.745,16555.4775,0.0,61074.45,20836.2225,0.8916401947968874,0.452744699607371,-0.7071067811865477,0.7071067811865474,0.0,1.0,0,weekday,43.3
2023-03-07,2023,3,7,66,21,1,122.21,2023-03-07 21:00:00+00:00,2023-03-07 22:00:00+00:00,58215.4325,2760.34,16426.6625,0.0,56791.93,19187.0025,0.8992961915530253,0.4373400963303323,-0.7071067811865477,0.7071067811865474,0.7818314824680298,0.6234898018587336,0,weekday,42.8
2023-03-08,2023,3,8,67,21,2,128.82,2023-03-08 21:00:00+00:00,2023-03-08 22:00:00+00:00,57126.7925,308.2225,6579.2725,0.0,51119.33,6887.495,0.9066860720977984,0.4218060770826634,-0.7071067811865477,0.7071067811865474,0.9749279121818236,-0.2225209339563143,0,weekday,44.6
2023-03-09,2023,3,9,68,21,3,123.82,2023-03-09 21:00:00+00:00,2023-03-09 22:00:00+00:00,57419.04,1560.9125,12517.6125,0.0,49800.03,14078.525,0.9138076496466616,0.4061472386305789,-0.7071067811865477,0.7071067811865474,0.4338837391175582,-0.900968867902419,0,weekday,41.15
2023-03-10,2023,3,10,69,21,4,100.35,2023-03-10 21:00:00+00:00,2023-03-10 22:00:00+00:00,55720.405,4168.245,27874.7175,0.0,60582.91,32042.9625,0.9206588168102428,0.3903682146763026,-0.7071067811865477,0.7071067811865474,-0.433883739117558,-0.9009688679024191,0,weekday,48.0
2023-03-11,2023,3,11,70,21,5,120.56,2023-03-11 21:00:00+00:00,2023-03-11 22:00:00+00:00,51017.91,2888.18,13565.8375,0.0,45658.89,16454.017499999998,0.9272375462179536,0.374473674486883,-0.7071067811865477,0.7071067811865474,-0.9749279121818236,-0.2225209339563146,0,weekend,52.855
2023-03-12,2023,3,12,71,21,6,94.87,2023-03-12 21:00:00+00:00,2023-03-12 22:00:00+00:00,51088.395,4231.045,25566.205,0.0,55972.49,29797.25,0.9335418911179212,0.3584683215124808,-0.7071067811865477,0.7071067811865474,-0.7818314824680299,0.6234898018587334,0,weekend,51.052499999999995
2023-03-13,2023,3,13,72,21,0,35.45,2023-03-13 21:00:00+00:00,2023-03-13 22:00:00+00:00,58417.0475,4273.7725,34038.14750000001,0.0,65257.74,38311.920000000006,0.9395699859530622,0.342356891994542,-0.7071067811865477,0.7071067811865474,0.0,1.0,0,weekday,49.25
2023-03-14,2023,3,14,73,21,1,122.84,2023-03-14 21:00:00+00:00,2023-03-14 22:00:00+00:00,57862.0525,4962.83,23212.35,0.0,56618.11,28175.18,0.945320046913132,0.3261441535642696,-0.7071067811865477,0.7071067811865474,0.7818314824680298,0.6234898018587336,0,weekday,46.75
2023-03-15,2023,3,15,74,21,2,139.35,2023-03-15 21:00:00+00:00,2023-03-15 22:00:00+00:00,57568.9925,2752.3475,10263.7575,0.0,49860.23,13016.105,0.9507903724625832,0.3098349038318025,-0.7071067811865477,0.7071067811865474,0.9749279121818236,-0.2225209339563143,0,weekday,43.85
2023-03-16,2023,3,16,75,21,3,86.07,2023-03-16 21:00:00+00:00,2023-03-16 22:00:00+00:00,56986.685,5086.795,28772.7225,0.0,61104.53,33859.5175,0.9559793438440766,0.2934339689665273,-0.7071067811865477,0.7071067811865474,0.4338837391175582,-0.900968867902419,0,weekday,42.0
2023-03-17,2023,3,17,76,21,4,107.09,2023-03-17 21:00:00+00:00,2023-03-17 22:00:00+00:00,55272.475,3298.015,16723.6725,0.0,48709.52,20021.6875,0.9608854255574976,0.2769462022689364,-0.7071067811865477,0.7071067811865474,-0.433883739117558,-0.9009688679024191,0,weekday,43.8
2023-03-18,2023,3,18,77,21,5,129.95,2023-03-18 21:00:00+00:00,2023-03-18 22:00:00+00:00,48208.03,851.4449999999999,5849.535,0.0,40263.4,6700.98,0.9655071658143364,0.2603764827344581,-0.7071067811865477,0.7071067811865474,-0.9749279121818236,-0.2225209339563146,0,weekend,42.855
2023-03-19,2023,3,19,78,21,6,132.9,2023-03-19 21:00:00+00:00,2023-03-19 22:00:00+00:00,49986.11,1325.7325,5459.7325,0.0,40829.48,6785.465,0.969843196967294,0.2437297136096838,-0.7071067811865477,0.7071067811865474,-0.7818314824680299,0.6234898018587334,0,weekend,41.4775
2023-03-20,2023,3,20,79,21,0,127.5,2023-03-20 21:00:00+00:00,2023-03-20 22:00:00+00:00,56047.4475,2064.0325,9366.5325,0.0,48733.01,11430.565,0.9738922359149924,0.2270108209414184,-0.7071067811865477,0.7071067811865474,0.0,1.0,0,weekday,40.1
2023-03-21,2023,3,21,80,21,1,99.69,2023-03-21 21:00:00+00:00,2023-03-21 22:00:00+00:00,56038.1325,4615.47,17882.075,0.0,57099.55,22497.545,0.977653084481664,0.2102247521189836,-0.7071067811865477,0.7071067811865474,0.7818314824680298,0.6234898018587336,0,weekday,38.985
2023-03-22,2023,3,22,81,21,2,99.9,2023-03-22 21:00:00+00:00,2023-03-22 22:00:00+00:00,55210.8825,4622.2975,22596.01,0.0,54698.72,27218.3075,0.981124629771712,0.1933764744102058,-0.7071067811865477,0.7071067811865474,0.9749279121818236,-0.2225209339563143,0,weekday,41.55
2023-03-23,2023,3,23,82,21,3,88.85,2023-03-23 21:00:00+00:00,2023-03-23 22:00:00+00:00,55485.4675,4413.63,23391.865,0.0,55786.47,27805.495000000003,0.984305844499033,0.1764709734915216,-0.7071067811865477,0.7071067811865474,0.4338837391175582,-0.900968867902419,0,weekday,42.6
2023-03-24,2023,3,24,83,21,4,76.2,2023-03-24 21:00:00+00:00,2023-03-24 22:00:00+00:00,54645.8375,4832.04,26230.9325,0.0,57210.43,31062.9725,0.9871957872910084,0.1595132519726365,-0.7071067811865477,0.7071067811865474,-0.433883739117558,-0.9009688679024191,0,weekday,41.75
2023-03-25,2023,3,25,84,21,5,38.91,2023-03-25 21:00:00+00:00,2023-03-25 22:00:00+00:00,49345.085,3901.1525,33317.05,0.0,60376.92,37218.2025,0.9897936029670716,0.1425083279161708,-0.7071067811865477,0.7071067811865474,-0.9749279121818236,-0.2225209339563146,0,weekend,41.095
2023-03-26,2023,3,26,85,21,6,99.42,2023-03-26 21:00:00+00:00,2023-03-26 22:00:00+00:00,45863.705,4483.469999999999,17681.2825,0.0,48286.91,22164.7525,0.992098522791769,0.1254612333527364,-0.7071067811865477,0.7071067811865474,-0.7818314824680299,0.6234898018587334,0,weekend,41.8125
2023-03-27,2023,3,27,86,21,0,103.52,2023-03-27 21:00:00+00:00,2023-03-27 22:00:00+00:00,52356.2475,4193.9275,23682.12,0.0,54967.18,27876.0475,0.9941098647022418,0.108377012791876,-0.7071067811865477,0.7071067811865474,0.0,1.0,0,weekday,42.53
2023-03-28,2023,3,28,87,21,1,127.09,2023-03-28 21:00:00+00:00,2023-03-28 22:00:00+00:00,51266.07,4454.7975,8690.2925,0.0,47275.3,13145.09,0.9958270335100596,0.0912607217293118,-0.7071067811865477,0.7071067811865474,0.7818314824680298,0.6234898018587336,0,weekday,42.83
2023-03-29,2023,3,29,88,21,2,109.9,2023-03-29 21:00:00+00:00,2023-03-29 22:00:00+00:00,52040.035,3524.7775,15399.3825,0.0,48677.27,18924.16,0.9972495210773452,0.0741174251509443,-0.7071067811865477,0.7071067811865474,0.9749279121818236,-0.2225209339563143,0,weekday,42.805
2023-03-30,2023,3,30,89,21,3,100.05,2023-03-30 21:00:00+00:00,2023-03-30 22:00:00+00:00,51869.5625,4191.2925,22428.54,0.0,55149.97,26619.8325,0.998376906467142,0.0569521960340397,-0.7071067811865477,0.7071067811865474,0.4338837391175582,-0.900968867902419,0,weekday,43.609
2023-03-31,2023,3,31,90,21,4,86.73,2023-03-31 21:00:00+00:00,2023-03-31 22:00:00+00:00,49729.5775,3397.8575,19959.0525,0.0,49777.1,23356.910000000003,0.9992088560679752,0.0397701138460557,-0.7071067811865477,0.7071067811865474,-0.433883739117558,-0.9009688679024191,0,weekday,44.95
2023-04-01,2023,4,1,91,21,5,79.95,2023-04-01 21:00:00+00:00,2023-04-01 22:00:00+00:00,46526.7575,5062.2425,25679.8,0.0,54410.02,30742.0425,0.9997451236925734,0.0225762630415454,-0.7071067811865477,0.7071067811865474,-0.9749279121818236,-0.2225209339563146,0,weekend,47.845
2023-04-02,2023,4,2,92,21,6,112.68,2023-04-02 21:00:00+00:00,2023-04-02 22:00:00+00:00,47558.0725,2488.765,16823.805,0.0,46741.94,19312.57,0.9999855506507186,0.0053757315575838,-0.7071067811865477,0.7071067811865474,-0.7818314824680299,0.6234898018587334,0,weekend,48.8725
2023-04-03,2023,4,3,93,21,0,132.02,2023-04-03 21:00:00+00:00,2023-04-03 22:00:00+00:00,52326.8425,320.4725,9705.47,0.0,45864.22,10025.9425,0.9999300657962056,-0.0118263906918325,-0.7071067811865477,0.7071067811865474,0.0,1.0,0,weekday,49.9
2023-04-04,2023,4,4,94,21,1,141.19,2023-04-04 21:00:00+00:00,2023-04-04 22:00:00+00:00,52259.45,134.855,3984.3775,0.0,44137.21,4119.2325,0.9995786855478958,-0.0290250133219752,-0.7071067811865477,0.7071067811865474,0.7818314824680298,0.6234898018587336,0,weekday,48.945
2023-04-05,2023,4,5,95,21,2,151.39,2023-04-05 21:00:00+00:00,2023-04-05 22:00:00+00:00,50919.995,567.1175,2281.985,0.0,44361.36,2849.1025,0.9989315138848576,-0.0462150469837083,-0.7071067811865477,0.7071067811865474,0.9749279121818236,-0.2225209339563143,0,weekday,46.6
2023-04-06,2023,4,6,96,21,3,115.38,2023-04-06 21:00:00+00:00,2023-04-06 22:00:00+00:00,51140.3775,3802.155,14387.895,0.0,49545.48,18190.05,0.9979887423155984,-0.0633914048695103,-0.7071067811865477,0.7071067811865474,0.4338837391175582,-0.900968867902419,0,weekday,43.765
2023-04-07,2023,4,7,97,21,4,136.6,2023-04-07 21:00:00+00:00,2023-04-07 22:00:00+00:00,43888.6675,3376.66,5649.65,0.0,41011.94,9026.31,0.9967506498213928,-0.0805490042187416,-0.7071067811865477,0.7071067811865474,-0.433883739117558,-0.9009688679024191,1,holiday,43.125
2023-04-08,2023,4,8,98,21,5,134.9,2023-04-08 21:00:00+00:00,2023-04-08 22:00:00+00:00,44658.630000000005,1246.765,4032.475,0.0,35704.93,5279.24,0.9952176027737294,-0.0976827678217159,-0.7071067811865477,0.7071067811865474,-0.9749279121818236,-0.2225209339563146,0,weekend,43.125
2023-04-09,2023,4,9,99,21,6,115.0,2023-04-09 21:00:00+00:00,2023-04-09 22:00:00+00:00,42851.6925,2182.2425,7284.5625,0.0,37287.35,9466.805,0.9933900548258936,-0.114787625522127,-0.7071067811865477,0.7071067811865474,-0.7818314824680299,0.6234898018587334,0,weekend,43.125
2023-04-10,2023,4,10,100,21,0,11.52,2023-04-10 21:00:00+00:00,2023-04-10 22:00:00+00:00,43263.4625,4529.645,31126.26,0.0,56255.63,35655.905,0.9912685467787256,-0.1318585157173911,-0.7071067811865477,0.7071067811865474,0.0,1.0,1,holiday,43.125
2023-04-11,2023,4,11,101,21,1,130.8,2023-04-11 21:00:00+00:00,2023-04-11 22:00:00+00:00,49516.1625,2615.62,7158.225,0.0,40367.63,9773.845,0.9888537064205885,-0.1488903868564548,-0.7071067811865477,0.7071067811865474,0.7818314824680298,0.6234898018587336,0,weekday,43.1
2023-04-12,2023,4,12,102,21,2,109.3,2023-04-12 21:00:00+00:00,2023-04-12 22:00:00+00:00,50261.08,4616.6,18562.8125,0.0,50216.62,23179.4125,0.986146248341595,-0.1658781989346314,-0.7071067811865477,0.7071067811865474,0.9749279121818236,-0.2225209339563143,0,weekday,43.295
2023-04-13,2023,4,13,103,21,3,139.28,2023-04-13 21:00:00+00:00,2023-04-13 22:00:00+00:00,48652.31,3680.47,2587.9625,0.0,42770.06,6268.4325,0.98314697372215,-0.1828169249850199,-0.7071067811865477,0.7071067811865474,0.4338837391175582,-0.900968867902419,0,weekday,42.6
2023-04-14,2023,4,14,104,21,4,134.33,2023-04-14 21:00:00+00:00,2023-04-14 22:00:00+00:00,47729.5325,1887.4775,7326.04,0.0,41167.15,9213.5175,0.9798567700958664,-0.1997015525660636,-0.7071067811865477,0.7071067811865474,-0.433883739117558,-0.9009688679024191,0,weekday,41.05
2023-04-15,2023,4,15,105,21,5,127.71,2023-04-15 21:00:00+00:00,2023-04-15 22:00:00+00:00,42506.7675,2060.2575,9921.72,0.0,39157.87,11981.9775,0.976276611086932,-0.2165270852448143,-0.7071067811865477,0.7071067811865474,-0.9749279121818236,-0.2225209339563146,0,weekend,41.15
2023-04-16,2023,4,16,106,21,6,129.97,2023-04-16 21:00:00+00:00,2023-04-16 22:00:00+00:00,43421.7475,769.86,6865.6075,0.0,35311.07,7635.4675,0.9724075561219968,-0.2332885440754551,-0.7071067811865477,0.7071067811865474,-0.7818314824680299,0.6234898018587334,0,weekend,41.667500000000004
2023-04-17,2023,4,17,107,21,0,122.82,2023-04-17 21:00:00+00:00,2023-04-17 22:00:00+00:00,50425.28,2009.4675,13620.515,0.0,43999.99,15629.9825,0.9682507501166718,-0.2499809690726521,-0.7071067811865477,0.7071067811865474,0.0,1.0,0,weekday,42.185
2023-04-18,2023,4,18,108,21,1,108.76,2023-04-18 21:00:00+00:00,2023-04-18 22:00:00+00:00,50184.3625,4205.9875,20144.0475,0.0,50021.52,24350.035,0.9638074231367308,-0.2665994206792935,-0.7071067811865477,0.7071067811865474,0.7818314824680298,0.6234898018587336,0,weekday,41.505
2023-04-19,2023,4,19,109,21,2,109.9,2023-04-19 21:00:00+00:00,2023-04-19 22:00:00+00:00,49266.69,4427.217500000001,19678.8775,0.0,49913.18,24106.095,0.9590788900341132,-0.2831389812281835,-0.7071067811865477,0.7071067811865474,0.9749279121818236,-0.2225209339563143,0,weekday,42.425
2023-04-20,2023,4,20,110,21,3,129.18,2023-04-20 21:00:00+00:00,2023-04-20 22:00:00+00:00,49118.115,4820.4475,22077.015,0.0,52094.62,26897.4625,0.9540665500578388,-0.2995947563972602,-0.7071067811865477,0.7071067811865474,0.4338837391175582,-0.900968867902419,0,weekday,40.4
2023-04-21,2023,4,21,111,21,4,106.03,2023-04-21 21:00:00+00:00,2023-04-21 22:00:00+00:00,47491.8525,4104.95,20822.1225,0.0,50634.94,24927.0725,0.9487718864399473,-0.3159618766579029,-0.7071067811865477,0.7071067811865474,-0.433883739117558,-0.9009688679024191,0,weekday,40.65
2023-04-22,2023,4,22,112,21,5,105.0,2023-04-22 21:00:00+00:00,2023-04-22 22:00:00+00:00,42189.9925,2570.235,15617.455,0.0,41410.24,18187.69,0.9431964659565866,-0.3322354987159043,-0.7071067811865477,0.7071067811865474,-0.9749279121818236,-0.2225209339563146,0,weekend,40.165
2023-04-23,2023,4,23,113,21,6,116.95,2023-04-23 21:00:00+00:00,2023-04-23 22:00:00+00:00,43226.79,536.4425,12926.425,0.0,38199.24,13462.867499999998,0.9373419384643772,-0.3484108069446808,-0.7071067811865477,0.7071067811865474,-0.7818314824680299,0.6234898018587334,0,weekend,40.045
2023-04-24,2023,4,24,114,21,0,120.23,2023-04-24 21:00:00+00:00,2023-04-24 22:00:00+00:00,49162.5425,4380.297500000001,18595.1575,0.0,48776.45,22975.455,0.9312100364121948,-0.3644830148102912,-0.7071067811865477,0.7071067811865474,0.0,1.0,0,weekday,39.925
2023-04-25,2023,4,25,115,21,1,124.6,2023-04-25 21:00:00+00:00,2023-04-25 22:00:00+00:00,49262.47,4300.89,14625.0975,0.0,47398.6,18925.9875,0.9248025743285088,-0.3804473662878516,-0.7071067811865477,0.7071067811865474,0.7818314824680298,0.6234898018587336,0,weekday,39.835
2023-04-26,2023,4,26,116,21,2,130.0,2023-04-26 21:00:00+00:00,2023-04-26 22:00:00+00:00,49127.1325,2810.07,6643.75,0.0,39930.38,9453.82,0.9181214482844364,-0.3962991372689181,-0.7071067811865477,0.7071067811865474,0.9749279121818236,-0.2225209339563143,0,weekday,38.55
2023-04-27,2023,4,27,117,21,3,125.42,2023-04-27 21:00:00+00:00,2023-04-27 22:00:00+00:00,48810.965,1451.78,6490.81,0.0,37208.02,7942.59,0.9111686353326632,-0.4120336369594263,-0.7071067811865477,0.7071067811865474,0.4338837391175582,-0.900968867902419,0,weekday,39.039
2023-04-28,2023,4,28,118,21,4,116.71,2023-04-28 21:00:00+00:00,2023-04-28 22:00:00+00:00,47092.7775,3009.12,11470.3525,0.0,42456.53,14479.4725,0.9039461929224012,-0.4276462092677746,-0.7071067811865477,0.7071067811865474,-0.433883739117558,-0.9009688679024191,0,weekday,39.8
2023-04-29,2023,4,29,119,21,5,115.57,2023-04-29 21:00:00+00:00,2023-04-29 22:00:00+00:00,42361.4625,1043.3775,7536.9325,0.0,34310.87,8580.31,0.8964562582905575,-0.4431322341826345,-0.7071067811865477,0.7071067811865474,-0.9749279121818236,-0.2225209339563146,0,weekend,38.54
2023-04-30,2023,4,30,120,21,6,117.12,2023-04-30 21:00:00+00:00,2023-04-30 22:00:00+00:00,42469.035,1262.0125,7562.61,0.0,36614.06,8824.6225,0.8887010478292915,-0.4584871291400876,-0.7071067811865477,0.7071067811865474,-0.7818314824680299,0.6234898018587334,0,weekend,38.6875
2023-05-01,2023,5,1,121,21,0,117.9,2023-05-01 21:00:00+00:00,2023-05-01 22:00:00+00:00,44894.1125,2059.4825,6481.31,0.0,35325.47,8540.7925,0.8806828564301475,-0.47370635037968,-0.7071067811865477,0.7071067811865474,0.0,1.0,1,holiday,38.835
2023-05-02,2023,5,2,122,21,1,124.02,2023-05-02 21:00:00+00:00,2023-05-02 22:00:00+00:00,50056.1275,960.8625,7920.184999999999,0.0,37432.63,8881.047499999999,0.8724040568049612,-0.4887853942889926,-0.7071067811865477,0.7071067811865474,0.7818314824680298,0.6234898018587336,0,weekday,37.86
2023-05-03,2023,5,3,123,21,2,120.95,2023-05-03 21:00:00+00:00,2023-05-03 22:00:00+00:00,49948.97,313.7475,6691.967500000001,0.0,36683.73,7005.715000000001,0.8638670987837349,-0.503719798736334,-0.7071067811865477,0.7071067811865474,0.9749279121818236,-0.2225209339563143,0,weekday,37.495
2023-05-04,2023,5,4,124,21,3,105.5,2023-05-04 21:00:00+00:00,2023-05-04 22:00:00+00:00,48942.5575,4330.6975,16273.3325,0.0,47688.5,20604.03,0.8550745085896932,-0.518505144391157,-0.7071067811865477,0.7071067811865474,0.4338837391175582,-0.900968867902419,0,weekday,36.95
2023-05-05,2023,5,5,125,21,4,115.56,2023-05-05 21:00:00+00:00,2023-05-05 22:00:00+00:00,48524.45,2965.8375,13740.56,0.0,42343.75,16706.3975,0.8460288880917339,-0.533137056031809,-0.7071067811865477,0.7071067811865474,-0.433883739117558,-0.9009688679024191,0,weekday,35.925
2023-05-06,2023,5,6,126,21,5,103.12,2023-05-06 21:00:00+00:00,2023-05-06 22:00:00+00:00,42370.9325,4627.97,8846.735,0.0,39161.77,13474.705000000002,0.8367329140344921,-0.5476112038402312,-0.7071067811865477,0.7071067811865474,-0.9749279121818236,-0.2225209339563146,0,weekend,36.575
2023-05-07,2023,5,7,127,21,6,99.3,2023-05-07 21:00:00+00:00,2023-05-07 22:00:00+00:00,42504.09,3760.4325,15061.4325,0.0,42116.99,18821.865,0.8271893372462497,-0.5619233046832195,-0.7071067811865477,0.7071067811865474,-0.7818314824680299,0.6234898018587334,0,weekend,36.712500000000006
2023-05-08,2023,5,8,128,21,0,112.56,2023-05-08 21:00:00+00:00,2023-05-08 22:00:00+00:00,48518.685,2398.0950000000003,16158.5975,0.0,43906.56,18556.6925,0.8174009818249189,-0.5760691233798758,-0.7071067811865477,0.7071067811865474,0.0,1.0,0,weekday,36.85
2023-05-09,2023,5,9,129,21,1,104.67,2023-05-09 21:00:00+00:00,2023-05-09 22:00:00+00:00,48291.8975,2645.0875,18280.7975,0.0,44623.5,20925.885,0.8073707443023492,-0.5900444739548627,-0.7071067811865477,0.7071067811865474,0.7818314824680298,0.6234898018587336,0,weekday,36.625
2023-05-10,2023,5,10,130,21,2,117.59,2023-05-10 21:00:00+00:00,2023-05-10 22:00:00+00:00,47264.7725,1122.48,4299.1225,0.0,35726.9,5421.602500000001,0.7971015927871943,-0.6038452208771035,-0.7071067811865477,0.7071067811865474,0.9749279121818236,-0.2225209339563143,0,weekday,35.7
2023-05-11,2023,5,11,131,21,3,113.99,2023-05-11 21:00:00+00:00,2023-05-11 22:00:00+00:00,47954.4075,3814.51,9576.0825,0.0,42357.27,13390.5925,0.7865965660866021,-0.6174672802835514,-0.7071067811865477,0.7071067811865474,0.4338837391175582,-0.900968867902419,0,weekday,34.9
2023-05-12,2023,5,12,132,21,4,101.18,2023-05-12 21:00:00+00:00,2023-05-12 22:00:00+00:00,46762.4875,2688.685,13974.105,0.0,42476.63,16662.79,0.7758587728069828,-0.6309066211876704,-0.7071067811865477,0.7071067811865474,-0.433883739117558,-0.9009688679024191,0,weekday,33.95
2023-05-13,2023,5,13,133,21,5,109.96,2023-05-13 21:00:00+00:00,2023-05-13 22:00:00+00:00,41140.7175,1861.85,9000.9525,0.0,35775.36,10862.8025,0.7648913904341225,-0.6441592666722685,-0.7071067811865477,0.7071067811865474,-0.9749279121818236,-0.2225209339563146,0,weekend,32.765
2023-05-14,2023,5,14,134,21,6,119.14,2023-05-14 21:00:00+00:00,2023-05-14 22:00:00+00:00,41793.875,605.5575,4127.6925,0.0,30834.85,4733.25,0.753697664392914,-0.6572212950663319,-0.7071067811865477,0.7071067811865474,-0.7818314824680299,0.6234898018587334,0,weekend,32.535
2023-05-15,2023,5,15,135,21,0,110.59,2023-05-15 21:00:00+00:00,2023-05-15 22:00:00+00:00,47019.92,4133.3975,11459.4625,0.0,43007.36,15592.86,0.742280907086982,-0.6700888411055113,-0.7071067811865477,0.7071067811865474,0.0,1.0,0,weekday,32.305
2023-05-16,2023,5,16,136,21,1,104.99,2023-05-16 21:00:00+00:00,2023-05-16 22:00:00+00:00,47545.385,4670.5075,17770.1675,0.0,46820.1,22440.675,0.7306444969184916,-0.6827580970759147,-0.7071067811865477,0.7071067811865474,0.7818314824680298,0.6234898018587336,0,weekday,32.35
2023-05-17,2023,5,17,137,21,2,111.0,2023-05-17 21:00:00+00:00,2023-05-17 22:00:00+00:00,47593.9525,987.775,8018.4025,0.0,37766.73,9006.1775,0.7187918772884232,-0.6952253139408722,-0.7071067811865477,0.7071067811865474,0.9749279121818236,-0.2225209339563143,0,weekday,32.6
2023-05-18,2023,5,18,138,21,3,109.61,2023-05-18 21:00:00+00:00,2023-05-18 22:00:00+00:00,42734.085,112.84,8323.335,0.0,36120.04,8436.175,0.7067265555776158,-0.7074868024503348,-0.7071067811865477,0.7071067811865474,0.4338837391175582,-0.900968867902419,1,holiday,29.985
2023-05-19,2023,5,19,139,21,4,99.79,2023-05-19 21:00:00+00:00,2023-05-19 22:00:00+00:00,45506.8275,2179.655,13994.465,0.0,40252.39,16174.12,0.6944521021088763,-0.719538934232584,-0.7071067811865477,0.7071067811865474,-0.433883739117558,-0.9009688679024191,0,weekday,30.175
2023-05-20,2023,5,20,140,21,5,78.6,2023-05-20 21:00:00+00:00,2023-05-20 22:00:00+00:00,41262.3925,2990.1725,17209.755,0.0,41407.33,20199.9275,0.6819721490904629,-0.7313781428679254,-0.7071067811865477,0.7071067811865474,-0.9749279121818236,-0.2225209339563146,0,weekend,30.175
2023-05-21,2023,5,21,141,21,6,89.94,2023-05-21 21:00:00+00:00,2023-05-21 22:00:00+00:00,41858.405,4008.0975,15545.1875,0.0,41177.8,19553.285,0.6692903895412567,-0.7430009249440493,-0.7071067811865477,0.7071067811865474,-0.7818314824680299,0.6234898018587334,0,weekend,30.1875
2023-05-22,2023,5,22,142,21,0,110.33,2023-05-22 21:00:00+00:00,2023-05-22 22:00:00+00:00,46538.56,3353.48,8792.51,0.0,39859.72,12145.99,0.6564105761979381,-0.7544038410927472,-0.7071067811865477,0.7071067811865474,0.0,1.0,0,weekday,30.2
2023-05-23,2023,5,23,143,21,1,100.09,2023-05-23 21:00:00+00:00,2023-05-23 22:00:00+00:00,47514.925,4463.2475,16849.4175,0.0,46897.98,21312.665,0.6433365204044917,-0.765583517007675,-0.7071067811865477,0.7071067811865474,0.7818314824680298,0.6234898018587336,0,weekday,29.125
2023-05-24,2023,5,24,144,21,2,116.24,2023-05-24 21:00:00+00:00,2023-05-24 22:00:00+00:00,47070.25,1616.215,6029.8525,0.0,37097.01,7646.0675,0.6300720909843687,-0.7765366444428655,-0.7071067811865477,0.7071067811865474,0.9749279121818236,-0.2225209339563143,0,weekday,28.63
2023-05-25,2023,5,25,145,21,3,100.48,2023-05-25 21:00:00+00:00,2023-05-25 22:00:00+00:00,47351.2475,3086.46,13616.8675,0.0,41729.8,16703.3275,0.6166212130956382,-0.7872599821916922,-0.7071067811865477,0.7071067811865474,0.4338837391175582,-0.900968867902419,0,weekday,26.9
2023-05-26,2023,5,26,146,21,4,99.5,2023-05-26 21:00:00+00:00,2023-05-26 22:00:00+00:00,46104.6775,1189.3975,11123.7275,0.0,37360.4,12313.125,0.6029878670694714,-0.7977503570459932,-0.7071067811865477,0.7071067811865474,-0.433883739117558,-0.9009688679024191,0,weekday,25.435
2023-05-27,2023,5,27,147,21,5,100.03,2023-05-27 21:00:00+00:00,2023-05-27 22:00:00+00:00,41353.57,83.3375,4651.1825,0.0,30248.73,4734.52,0.5891760872322963,-0.8080046647350754,-0.7071067811865477,0.7071067811865474,-0.9749279121818236,-0.2225209339563146,0,weekend,24.52
2023-05-28,2023,5,28,148,21,6,73.8,2023-05-28 21:00:00+00:00,2023-05-28 22:00:00+00:00,40656.6375,2409.545,13966.285,0.0,37217.24,16375.83,0.5751899607119775,-0.8180198708443174,-0.7071067811865477,0.7071067811865474,-0.7818314824680299,0.6234898018587334,0,weekend,24.573666666666668
2023-05-29,2023,5,29,149,21,0,80.48,2023-05-29 21:00:00+00:00,2023-05-29 22:00:00+00:00,42537.567500000005,3660.6575,13920.72,0.0,37474.48,17581.3775,0.5610336262283677,-0.8277930117131022,-0.7071067811865477,0.7071067811865474,0.0,1.0,1,holiday,24.627333333333333
2023-05-30,2023,5,30,150,21,1,97.31,2023-05-30 21:00:00+00:00,2023-05-30 22:00:00+00:00,46803.205,744.255,9781.89,0.0,37295.01,10526.145,0.5467112728685939,-0.8373211953118121,-0.7071067811865477,0.7071067811865474,0.7818314824680298,0.6234898018587336,0,weekday,24.681
2023-05-31,2023,5,31,151,21,2,94.28,2023-05-31 21:00:00+00:00,2023-05-31 22:00:00+00:00,46870.45,3845.6825,12753.09,0.0,41404.06,16598.7725,0.5322271388474397,-0.8466016020976267,-0.7071067811865477,0.7071067811865474,0.9749279121818236,-0.2225209339563143,0,weekday,25.495
2023-06-01,2023,6,1,152,21,3,95.41,2023-06-01 21:00:00+00:00,2023-06-01 22:00:00+00:00,47611.2325,4219.7625,12057.83,0.0,41103.23,16277.5925,0.5175855102531889,-0.8556314858488706,-0.7071067811865477,0.7071067811865474,0.4338837391175582,-0.900968867902419,0,weekday,25.2
2023-06-02,2023,6,2,153,21,4,92.56,2023-06-02 21:00:00+00:00,2023-06-02 22:00:00+00:00,45511.0725,1045.89,15488.005,0.0,39280.47,16533.895,0.5027907197793043,-0.8644081744776648,-0.7071067811865477,0.7071067811865474,-0.433883739117558,-0.9009688679024191,0,weekday,23.75
2023-06-03,2023,6,3,154,21,5,87.89,2023-06-03 21:00:00+00:00,2023-06-03 22:00:00+00:00,41393.8,734.575,10955.945,0.0,33077.33,11690.52,0.4878471454423119,-0.8729290708206411,-0.7071067811865477,0.7071067811865474,-0.9749279121818236,-0.2225209339563146,0,weekend,23.69
2023-06-04,2023,6,4,155,21,6,99.0,2023-06-04 21:00:00+00:00,2023-06-04 22:00:00+00:00,41098.055,165.4125,9048.3325,0.0,32455.09,9213.745,0.4727592092862775,-0.881191653407483,-0.7071067811865477,0.7071067811865474,-0.7818314824680299,0.6234898018587334,0,weekend,23.97
2023-06-05,2023,6,5,156,21,0,101.04,2023-06-05 21:00:00+00:00,2023-06-05 22:00:00+00:00,47188.81,824.7574999999999,9417.23,0.0,37682.09,10241.9875,0.4575313760742512,-0.8891934772070711,-0.7071067811865477,0.7071067811865474,0.0,1.0,0,weekday,24.25
2023-06-06,2023,6,6,157,21,1,102.04,2023-06-06 21:00:00+00:00,2023-06-06 22:00:00+00:00,47180.965,1247.0475,5927.2125,0.0,36755.12,7174.259999999999,0.442168151967072,-0.8969321743510065,-0.7071067811865477,0.7071067811865474,0.7818314824680298,0.6234898018587336,0,weekday,28.3
2023-06-07,2023,6,7,158,21,2,105.82,2023-06-07 21:00:00+00:00,2023-06-07 22:00:00+00:00,47707.785,959.7775,6252.8,0.0,35410.28,7212.5775,0.4266740831899246,-0.9044054548343,-0.7071067811865477,0.7071067811865474,0.9749279121818236,-0.2225209339563143,0,weekday,25.35
2023-06-08,2023,6,8,159,21,3,96.58,2023-06-08 21:00:00+00:00,2023-06-08 22:00:00+00:00,43887.535,1287.48,8482.7325,0.0,33742.01,9770.2125,0.4110537546870351,-0.911611107193024,-0.7071067811865477,0.7071067811865474,0.4338837391175582,-0.900968867902419,0,weekday,26.55
2023-06-09,2023,6,9,160,21,4,97.48,2023-06-09 21:00:00+00:00,2023-06-09 22:00:00+00:00,46260.850000000006,3742.5825,17307.42,0.0,43274.8,21050.0025,0.3953117887649151,-0.9185469991587164,-0.7071067811865477,0.7071067811865474,-0.433883739117558,-0.9009688679024191,0,weekday,27.15
2023-06-10,2023,6,10,161,21,5,80.99,2023-06-10 21:00:00+00:00,2023-06-10 22:00:00+00:00,42821.7675,4046.65,20602.3525,0.0,45720.5,24649.0025,0.3794528437245443,-0.925211078289358,-0.7071067811865477,0.7071067811865474,-0.9749279121818236,-0.2225209339563146,0,weekend,32.05
2023-06-11,2023,6,11,162,21,6,98.35,2023-06-11 21:00:00+00:00,2023-06-11 22:00:00+00:00,44161.5125,4200.23,17649.4075,0.0,43559.0,21849.6375,0.3634816124829063,-0.9316013725767188,-0.7071067811865477,0.7071067811865474,-0.7818314824680299,0.6234898018587334,0,weekend,31.8275
2023-06-12,2023,6,12,163,21,0,107.0,2023-06-12 21:00:00+00:00,2023-06-12 22:00:00+00:00,48965.4025,3608.6275,17531.43,0.0,46860.04,21140.0575,0.3474028211842774,-0.9377159910299092,-0.7071067811865477,0.7071067811865474,0.0,1.0,0,weekday,31.605
2023-06-13,2023,6,13,164,21,1,105.0,2023-06-13 21:00:00+00:00,2023-06-13 22:00:00+00:00,49445.0575,3297.4575,15981.52,0.0,44650.89,19278.9775,0.3312212278016865,-0.9435531242349544,-0.7071067811865477,0.7071067811865474,0.7818314824680298,0.6234898018587336,0,weekday,33.65
2023-06-14,2023,6,14,165,21,2,119.77,2023-06-14 21:00:00+00:00,2023-06-14 22:00:00+00:00,49059.1975,1927.1975,7991.95,0.0,39770.5,9919.1475,0.3149416207289519,-0.9491110448902284,-0.7071067811865477,0.7071067811865474,0.9749279121818236,-0.2225209339563143,0,weekday,34.125
2023-06-15,2023,6,15,166,21,3,149.96,2023-06-15 21:00:00+00:00,2023-06-15 22:00:00+00:00,48150.3425,983.2475,4564.665,0.0,36939.62,5547.9125,0.2985688173637202,-0.9543881083175908,-0.7071067811865477,0.7071067811865474,0.4338837391175582,-0.900968867902419,0,weekday,37.35
2023-06-16,2023,6,16,167,21,4,152.04,2023-06-16 21:00:00+00:00,2023-06-16 22:00:00+00:00,47566.54,571.3225,3673.0375,0.0,35065.23,4244.36,0.2821076626819194,-0.9593827529490744,-0.7071067811865477,0.7071067811865474,-0.433883739117558,-0.9009688679024191,0,weekday,34.55
2023-06-17,2023,6,17,168,21,5,146.37,2023-06-17 21:00:00+00:00,2023-06-17 22:00:00+00:00,42006.2875,151.73000000000002,1450.5425,0.0,27746.12,1602.2725,0.2655630278040559,-0.9640935007889756,-0.7071067811865477,0.7071067811865474,-0.9749279121818236,-0.2225209339563146,0,weekend,35.01
2023-06-18,2023,6,18,169,21,6,137.47,2023-06-18 21:00:00+00:00,2023-06-18 22:00:00+00:00,43608.6325,1914.8875,7195.3875,0.0,35935.3,9110.275,0.2489398085537665,-0.9685189578512204,-0.7071067811865477,0.7071067811865474,-0.7818314824680299,0.6234898018587334,0,weekend,34.22333333333333
2023-06-19,2023,6,19,170,21,0,150.31,2023-06-19 21:00:00+00:00,2023-06-19 22:00:00+00:00,48738.94,309.08500000000004,4123.875,0.0,38251.74,4432.96,0.2322429240090701,-0.9726578145718654,-0.7071067811865477,0.7071067811865474,0.0,1.0,0,weekday,33.43666666666667
2023-06-20,2023,6,20,171,21,1,138.0,2023-06-20 21:00:00+00:00,2023-06-20 22:00:00+00:00,48827.3375,2182.96,7759.705,0.0,42361.03,9942.665,0.2154773150467301,-0.976508846196619,-0.7071067811865477,0.7071067811865474,0.7818314824680298,0.6234898018587336,0,weekday,32.65
2023-06-21,2023,6,21,172,21,2,155.0,2023-06-21 21:00:00+00:00,2023-06-21 22:00:00+00:00,48475.1875,522.475,4112.97,0.0,39904.59,4635.445000000001,0.1986479428801711,-0.9800709131432666,-0.7071067811865477,0.7071067811865474,0.9749279121818236,-0.2225209339563143,0,weekday,36.8
2023-06-22,2023,6,22,173,21,3,134.34,2023-06-22 21:00:00+00:00,2023-06-22 22:00:00+00:00,48404.1025,1379.815,15191.935,0.0,47046.82,16571.75,0.1817597875913753,-0.9833429613388902,-0.7071067811865477,0.7071067811865474,0.4338837391175582,-0.900968867902419,0,weekday,36.9
2023-06-23,2023,6,23,174,21,4,130.68,2023-06-23 21:00:00+00:00,2023-06-23 22:00:00+00:00,47319.995,413.1925,6388.5025000000005,0.0,32950.58,6801.695000000001,0.1648178466571979,-0.9863240225317866,-0.7071067811865477,0.7071067811865474,-0.433883739117558,-0.9009688679024191,0,weekday,32.64
2023-06-24,2023,6,24,175,21,5,130.46,2023-06-24 21:00:00+00:00,2023-06-24 22:00:00+00:00,41407.5025,285.33500000000004,1911.2725,0.0,28755.4,2196.6075,0.1478271334705304,-0.9890132145779884,-0.7071067811865477,0.7071067811865474,-0.9749279121818236,-0.2225209339563146,0,weekend,32.507
2023-06-25,2023,6,25,176,21,6,145.3,2023-06-25 21:00:00+00:00,2023-06-25 22:00:00+00:00,41774.455,2041.2525,4440.605,0.0,31914.03,6481.8575,0.1307926758567592,-0.9914097417023038,-0.7071067811865477,0.7071067811865474,-0.7818314824680299,0.6234898018587334,0,weekend,33.406
2023-06-26,2023,6,26,177,21,0,129.37,2023-06-26 21:00:00+00:00,2023-06-26 22:00:00+00:00,48812.2325,3313.53,15533.45,0.0,42239.17,18846.98,0.1137195145859496,-0.9935128947338008,-0.7071067811865477,0.7071067811865474,0.0,1.0,0,weekday,34.305
2023-06-27,2023,6,27,178,21,1,125.06,2023-06-27 21:00:00+00:00,2023-06-27 22:00:00+00:00,48085.28,1744.065,10192.5575,0.0,38307.37,11936.6225,0.0966127018812031,-0.9953220513156602,-0.7071067811865477,0.7071067811865474,0.7818314824680298,0.6234898018587336,0,weekday,32.905
2023-06-28,2023,6,28,179,21,2,140.0,2023-06-28 21:00:00+00:00,2023-06-28 22:00:00+00:00,45389.775,395.8125,2062.125,0.0,35298.3,2457.9375,0.0794772999236209,-0.9968366760893436,-0.7071067811865477,0.7071067811865474,0.9749279121818236,-0.2225209339563143,0,weekday,33.8
2023-06-29,2023,6,29,180,21,3,141.81,2023-06-29 21:00:00+00:00,2023-06-29 22:00:00+00:00,45112.105,1100.15,2198.2200000000003,0.0,37016.31,3298.3700000000003,0.062318379354325,-0.998056320853012,-0.7071067811865477,0.7071067811865474,0.4338837391175582,-0.900968867902419,0,weekday,32.3
2023-06-30,2023,6,30,181,21,4,122.39,2023-06-30 21:00:00+00:00,2023-06-30 22:00:00+00:00,46356.605,1331.8075,2878.5975,0.0,31166.05,4210.405,0.0451410177739719,-0.998980624694158,-0.7071067811865477,0.7071067811865474,-0.433883739117558,-0.9009688679024191,0,weekday,35.195
2023-07-01,2023,7,1,182,21,5,92.97,2023-07-01 21:00:00+00:00,2023-07-01 22:00:00+00:00,41717.100000000006,4011.9375,15205.6075,0.0,38595.2,19217.545,0.0279502982402103,-0.999609314096404,-0.7071067811865477,0.7071067811865474,-0.9749279121818236,-0.2225209339563146,0,weekend,37.103
2023-07-02,2023,7,2,183,21,6,94.9,2023-07-02 21:00:00+00:00,2023-07-02 22:00:00+00:00,42488.355,4503.125,17670.18,0.0,44090.72,22173.305,0.0107513077635219,-0.9999422030204416,-0.7071067811865477,0.7071067811865474,-0.7818314824680299,0.6234898018587334,0,weekend,37.4615
2023-07-03,2023,7,3,184,21,0,121.23,2023-07-03 21:00:00+00:00,2023-07-03 22:00:00+00:00,46070.515,4812.5775,14677.475,0.0,42942.34,19490.0525,-0.0064508641981051,-0.9999791929590824,-0.7071067811865477,0.7071067811865474,0.0,1.0,0,weekday,37.82
2023-07-04,2023,7,4,185,21,1,145.03,2023-07-04 21:00:00+00:00,2023-07-04 22:00:00+00:00,45879.3325,1485.51,5464.8525,0.0,35186.76,6950.3625,-0.0236511272452315,-0.9997202729664084,-0.7071067811865477,0.7071067811865474,0.7818314824680298,0.6234898018587336,0,weekday,33.93
2023-07-05,2023,7,5,186,21,2,121.34,2023-07-05 21:00:00+00:00,2023-07-05 22:00:00+00:00,45808.9525,3609.25,16136.5075,0.0,44226.75,19745.7575,-0.0408443915432961,-0.9991655196610107,-0.7071067811865477,0.7071067811865474,0.9749279121818236,-0.2225209339563143,0,weekday,33.825
2023-07-06,2023,7,6,187,21,3,137.57,2023-07-06 21:00:00+00:00,2023-07-06 22:00:00+00:00,46079.72,633.4124999999999,1230.995,0.0,33090.73,1864.4075,-0.0580255693287803,-0.9983150972033183,-0.7071067811865477,0.7071067811865474,0.4338837391175582,-0.900968867902419,0,weekday,33.24
2023-07-07,2023,7,7,188,21,4,117.27,2023-07-07 21:00:00+00:00,2023-07-07 22:00:00+00:00,43102.3075,1798.9325,11041.1325,0.0,36824.14,12840.065,-0.0751895764147585,-0.9971692572470178,-0.7071067811865477,0.7071067811865474,-0.433883739117558,-0.9009688679024191,0,weekday,33.3
2023-07-08,2023,7,8,189,21,5,129.72,2023-07-08 21:00:00+00:00,2023-07-08 22:00:00+00:00,39287.72,3164.8450000000003,10430.4625,0.0,37401.55,13595.3075,-0.0923313336953912,-0.9957283388645872,-0.7071067811865477,0.7071067811865474,-0.9749279121818236,-0.2225209339563146,0,weekend,33.478
2023-07-09,2023,7,9,190,21,6,132.12,2023-07-09 21:00:00+00:00,2023-07-09 22:00:00+00:00,39984.275,876.9725000000001,9218.68,0.0,34708.53,10095.6525,-0.1094457686489155,-0.993992768446958,-0.7071067811865477,0.7071067811865474,-0.7818314824680299,0.6234898018587334,0,weekend,33.153999999999996
2023-07-10,2023,7,10,191,21,0,162.92,2023-07-10 21:00:00+00:00,2023-07-10 22:00:00+00:00,46041.2975,696.5799999999999,2993.9375,0.0,35483.28,3690.5175,-0.1265278168386831,-0.9919630595773395,-0.7071067811865477,0.7071067811865474,0.0,1.0,0,weekday,32.83
2023-07-11,2023,7,11,192,21,1,119.95,2023-07-11 21:00:00+00:00,2023-07-11 22:00:00+00:00,46186.9475,2084.065,11779.035,0.0,38424.23,13863.1,-0.1435724234118113,-0.9896398128792412,-0.7071067811865477,0.7071067811865474,0.7818314824680298,0.6234898018587336,0,weekday,29.93
2023-07-12,2023,7,12,193,21,2,126.41,2023-07-12 21:00:00+00:00,2023-07-12 22:00:00+00:00,47027.9875,2544.8375,4599.23,0.0,36192.86,7144.067499999999,-0.1605745445949937,-0.9870237158387384,-0.7071067811865477,0.7071067811865474,0.9749279121818236,-0.2225209339563143,0,weekday,28.455
2023-07-13,2023,7,13,194,21,3,129.67,2023-07-13 21:00:00+00:00,2023-07-13 22:00:00+00:00,46644.795,1707.5025,4384.83,0.0,35437.18,6092.3325,-0.1775291491870349,-0.984115542601034,-0.7071067811865477,0.7071067811865474,0.4338837391175582,-0.900968867902419,0,weekday,26.885
2023-07-14,2023,7,14,195,21,4,95.25,2023-07-14 21:00:00+00:00,2023-07-14 22:00:00+00:00,44484.425,2158.625,10913.445,0.0,35029.46,13072.07,-0.1944312200476619,-0.9809161537413774,-0.7071067811865477,0.7071067811865474,-0.433883739117558,-0.9009688679024191,0,weekday,27.57
2023-07-15,2023,7,15,196,21,5,83.02,2023-07-15 21:00:00+00:00,2023-07-15 22:00:00+00:00,40788.3575,4662.4875,13651.705,0.0,37811.28,18314.1925,-0.2112757555821793,-0.9774264960104057,-0.7071067811865477,0.7071067811865474,-0.9749279121818236,-0.2225209339563146,0,weekend,25.957
2023-07-16,2023,7,16,197,21,6,114.38,2023-07-16 21:00:00+00:00,2023-07-16 22:00:00+00:00,41968.0775,4173.95,5932.445,0.0,32851.82,10106.395,-0.2280577712215198,-0.9736476020539838,-0.7071067811865477,0.7071067811865474,-0.7818314824680299,0.6234898018587334,0,weekend,25.211
2023-07-17,2023,7,17,198,21,0,125.0,2023-07-17 21:00:00+00:00,2023-07-17 22:00:00+00:00,46316.57,3445.9075000000003,10586.6725,0.0,39654.95,14032.580000000002,-0.2447723008972595,-0.9695805901076308,-0.7071067811865477,0.7071067811865474,0.0,1.0,0,weekday,24.465
2023-07-18,2023,7,18,199,21,1,139.26,2023-07-18 21:00:00+00:00,2023-07-18 22:00:00+00:00,45622.555,284.5475,2386.3975,0.0,35415.62,2670.945,-0.2614143985111562,-0.965226663665613,-0.7071067811865477,0.7071067811865474,0.7818314824680298,0.6234898018587336,0,weekday,26.0
2023-07-19,2023,7,19,200,21,2,113.79,2023-07-19 21:00:00+00:00,2023-07-19 22:00:00+00:00,43592.0225,1666.2775,6532.5325,0.0,37864.7,8198.81,-0.2779791393987801,-0.9605871111248128,-0.7071067811865477,0.7071067811865474,0.9749279121818236,-0.2225209339563143,0,weekday,27.155
2023-07-20,2023,7,20,201,21,3,121.46,2023-07-20 21:00:00+00:00,2023-07-20 22:00:00+00:00,45316.3725,990.73,2100.07,0.0,34409.84,3090.8,-0.2944616217868012,-0.9556633054034704,-0.7071067811865477,0.7071067811865474,0.4338837391175582,-0.900968867902419,0,weekday,25.54
2023-07-21,2023,7,21,202,21,4,109.97,2023-07-21 21:00:00+00:00,2023-07-21 22:00:00+00:00,43383.63,1543.2175,5791.1825,0.0,34989.82,7334.4,-0.3108569682435036,-0.9504567035349152,-0.7071067811865477,0.7071067811865474,-0.433883739117558,-0.9009688679024191,0,weekday,30.0
2023-07-22,2023,7,22,203,21,5,106.43,2023-07-22 21:00:00+00:00,2023-07-22 22:00:00+00:00,39178.68,2642.19,5125.2375,0.0,27828.34,7767.4275,-0.3271603271220951,-0.9449688462364056,-0.7071067811865477,0.7071067811865474,-0.9749279121818236,-0.2225209339563146,0,weekend,28.164
2023-07-23,2023,7,23,204,21,6,99.66,2023-07-23 21:00:00+00:00,2023-07-23 22:00:00+00:00,40973.8875,3423.46,19217.185,0.0,40109.29,22640.645,-0.343366873996388,-0.939201357453208,-0.7071067811865477,0.7071067811865474,-0.7818314824680299,0.6234898018587334,0,weekend,28.157
2023-07-24,2023,7,24,205,21,0,102.97,2023-07-24 21:00:00+00:00,2023-07-24 22:00:00+00:00,43255.130000000005,3278.825,12675.3175,0.0,38708.95,15954.142499999998,-0.3594718130884232,-0.9331559438780432,-0.7071067811865477,0.7071067811865474,0.0,1.0,0,weekday,28.15
2023-07-25,2023,7,25,206,21,1,109.35,2023-07-25 21:00:00+00:00,2023-07-25 22:00:00+00:00,42915.82,3140.0,9861.9325,0.0,37181.59,13001.9325,-0.3754703786876202,-0.9268343944460494,-0.7071067811865477,0.7071067811865474,0.7818314824680298,0.6234898018587336,0,weekday,30.22
2023-07-26,2023,7,26,207,21,2,110.23,2023-07-26 21:00:00+00:00,2023-07-26 22:00:00+00:00,42444.31,2986.6125,8021.0575,0.0,34920.33,11007.67,-0.3913578365610259,-0.9202385798054076,-0.7071067811865477,0.7071067811865474,0.9749279121818236,-0.2225209339563143,0,weekday,32.78
2023-07-27,2023,7,27,208,21,3,105.56,2023-07-27 21:00:00+00:00,2023-07-27 22:00:00+00:00,42719.475,543.9200000000001,14585.61,0.0,37153.98,15129.53,-0.4071294853542516,-0.9133704517637858,-0.7071067811865477,0.7071067811865474,0.4338837391175582,-0.900968867902419,0,weekday,29.25
2023-07-28,2023,7,28,209,21,4,111.09,2023-07-28 21:00:00+00:00,2023-07-28 22:00:00+00:00,40661.5175,351.4,6031.925,0.0,31866.64,6383.325,-0.4227806579826773,-0.9062320427107696,-0.7071067811865477,0.7071067811865474,-0.433883739117558,-0.9009688679024191,0,weekday,27.275
2023-07-29,2023,7,29,210,21,5,99.93,2023-07-29 21:00:00+00:00,2023-07-29 22:00:00+00:00,36714.2025,1926.605,10229.27,0.0,32349.24,12155.875,-0.4383067230125192,-0.898825465016444,-0.7071067811865477,0.7071067811865474,-0.9749279121818236,-0.2225209339563146,0,weekend,25.841
2023-07-30,2023,7,30,211,21,6,87.06,2023-07-30 21:00:00+00:00,2023-07-30 22:00:00+00:00,38021.775,4641.6875,16495.58,0.0,40660.14,21137.2675,-0.4537030860313442,-0.8911529104063088,-0.7071067811865477,0.7071067811865474,-0.7818314824680299,0.6234898018587334,0,weekend,26.823
2023-07-31,2023,7,31,212,21,0,95.26,2023-07-31 21:00:00+00:00,2023-07-31 22:00:00+00:00,41716.035,2083.6475,18628.6175,0.0,40146.17,20712.265,-0.4689651910076318,-0.8832166493127127,-0.7071067811865477,0.7071067811865474,0.0,1.0,0,weekday,27.805
2023-08-01,2023,8,1,213,21,1,102.55,2023-08-01 21:00:00+00:00,2023-08-01 22:00:00+00:00,41598.7175,1145.1825,16896.955,0.0,39051.72,18042.1375,-0.4840885216389758,-0.8750190302029955,-0.7071067811865477,0.7071067811865474,0.7818314824680298,0.6234898018587336,0,weekday,29.115
2023-08-02,2023,8,2,214,21,2,65.7,2023-08-02 21:00:00+00:00,2023-08-02 22:00:00+00:00,42861.6225,2576.4675,24288.8025,0.0,45785.11,26865.27,-0.4990686026885319,-0.8665624788845385,-0.7071067811865477,0.7071067811865474,0.9749279121818236,-0.2225209339563143,0,weekday,27.3
2023-08-03,2023,8,3,215,21,3,94.38,2023-08-03 21:00:00+00:00,2023-08-03 22:00:00+00:00,42113.44,3475.3725,16488.732500000002,0.0,40187.19,19964.105000000003,-0.5139010013093103,-0.8578494977869301,-0.7071067811865477,0.7071067811865474,0.4338837391175582,-0.900968867902419,0,weekday,29.875
2023-08-04,2023,8,4,216,21,4,111.0,2023-08-04 21:00:00+00:00,2023-08-04 22:00:00+00:00,40680.4375,1286.6025,4057.79,0.0,31376.51,5344.3925,-0.5285813283559292,-0.8488826652214553,-0.7071067811865477,0.7071067811865474,-0.433883739117558,-0.9009688679024191,0,weekday,29.5
2023-08-05,2023,8,5,217,21,5,99.08,2023-08-05 21:00:00+00:00,2023-08-05 22:00:00+00:00,35683.415,878.765,6293.0975,0.0,28980.46,7171.8625,-0.5431052396834317,-0.8396646346181327,-0.7071067811865477,0.7071067811865474,-0.9749279121818236,-0.2225209339563146,0,weekend,28.853
2023-08-06,2023,8,6,218,21,6,71.86,2023-08-06 21:00:00+00:00,2023-08-06 22:00:00+00:00,37107.04,3969.505,17774.155,0.0,41761.73,21743.66,-0.5574684374327892,-0.8301981337405212,-0.7071067811865477,0.7071067811865474,-0.7818314824680299,0.6234898018587334,0,weekend,29.326500000000003
2023-08-07,2023,8,7,219,21,0,1.07,2023-08-07 21:00:00+00:00,2023-08-07 22:00:00+00:00,43112.5825,3970.735,27628.8,0.0,51703.37,31599.535,-0.5716666713027052,-0.8204859638785327,-0.7071067811865477,0.7071067811865474,0.0,1.0,0,weekday,29.8
2023-08-08,2023,8,8,220,21,1,87.59,2023-08-08 21:00:00+00:00,2023-08-08 22:00:00+00:00,42678.87,4094.8525,20187.725,0.0,47218.24,24282.5775,-0.5856957398073508,-0.8105309990194823,-0.7071067811865477,0.7071067811865474,0.7818314824680298,0.6234898018587336,0,weekday,29.81
2023-08-09,2023,8,9,221,21,2,122.47,2023-08-09 21:00:00+00:00,2023-08-09 22:00:00+00:00,41898.41,2499.38,5422.55,0.0,34402.22,7921.93,-0.5995514915196489,-0.8003361849976323,-0.7071067811865477,0.7071067811865474,0.9749279121818236,-0.2225209339563143,0,weekday,33.15
2023-08-10,2023,8,10,222,21,3,115.49,2023-08-10 21:00:00+00:00,2023-08-10 22:00:00+00:00,41094.8775,779.8050000000001,1969.6,0.0,30195.83,2749.405,-0.6132298262997502,-0.7899045386224707,-0.7071067811865477,0.7071067811865474,0.4338837391175582,-0.900968867902419,0,weekday,37.095
2023-08-11,2023,8,11,223,21,4,117.88,2023-08-11 21:00:00+00:00,2023-08-11 22:00:00+00:00,40125.9325,581.7675,5299.2225,0.0,32047.55,5880.99,-0.6267266965083301,-0.7792391467859886,-0.7071067811865477,0.7071067811865474,-0.433883739117558,-0.9009688679024191,0,weekday,37.0
2023-08-12,2023,8,12,224,21,5,108.05,2023-08-12 21:00:00+00:00,2023-08-12 22:00:00+00:00,36543.9175,2261.76,6715.702499999999,0.0,29093.64,8977.4625,-0.6400381082043503,-0.7683431655492202,-0.7071067811865477,0.7071067811865474,-0.9749279121818236,-0.2225209339563146,0,weekend,35.3
2023-08-13,2023,8,13,225,21,6,120.15,2023-08-13 21:00:00+00:00,2023-08-13 22:00:00+00:00,37662.7875,963.34,1404.97,0.0,27029.49,2368.31,-0.65316012232693,-0.7572198192083127,-0.7071067811865477,0.7071067811865474,-0.7818314824680299,0.6234898018587334,0,weekend,35.974999999999994
2023-08-14,2023,8,14,226,21,0,110.99,2023-08-14 21:00:00+00:00,2023-08-14 22:00:00+00:00,42286.04,2127.4475,5326.175,0.0,33460.71,7453.6225,-0.666088855860977,-0.7458723993404063,-0.7071067811865477,0.7071067811865474,0.0,1.0,0,weekday,36.65
2023-08-15,2023,8,15,227,21,1,125.44,2023-08-15 21:00:00+00:00,2023-08-15 22:00:00+00:00,44663.9625,1880.8725,3226.7325,0.0,31920.23,5107.605,-0.6788204829862355,-0.734304263829602,-0.7071067811865477,0.7071067811865474,0.7818314824680298,0.6234898018587336,0,weekday,36.835
2023-08-16,2023,8,16,228,21,2,119.9,2023-08-16 21:00:00+00:00,2023-08-16 22:00:00+00:00,41127.965,217.49,6412.8425,0.0,33302.75,6630.3325,-0.6913512362094071,-0.722518835873311,-0.7071067811865477,0.7071067811865474,0.9749279121818236,-0.2225209339563143,0,weekday,41.83
2023-08-17,2023,8,17,229,21,3,116.63,2023-08-17 21:00:00+00:00,2023-08-17 22:00:00+00:00,41312.5725,2456.86,7484.7525,0.0,34485.84,9941.6125,-0.7036774074790128,-0.7105196029692745,-0.7071067811865477,0.7071067811865474,0.4338837391175582,-0.900968867902419,0,weekday,37.15
2023-08-18,2023,8,18,230,21,4,109.29,2023-08-18 21:00:00+00:00,2023-08-18 22:00:00+00:00,42243.3175,4131.8425,8662.2625,0.0,35531.75,12794.105,-0.7157953492826642,-0.6983101158835584,-0.7071067811865477,0.7071067811865474,-0.433883739117558,-0.9009688679024191,0,weekday,36.265
2023-08-19,2023,8,19,231,21,5,123.71,2023-08-19 21:00:00+00:00,2023-08-19 22:00:00+00:00,36751.0625,1159.99,3791.795,0.0,28610.68,4951.785,-0.7277014757264236,-0.6858939875998223,-0.7071067811865477,0.7071067811865474,-0.9749279121818236,-0.2225209339563146,0,weekend,36.41
2023-08-20,2023,8,20,232,21,6,126.71,2023-08-20 21:00:00+00:00,2023-08-20 22:00:00+00:00,38381.825,490.075,2208.05,0.0,28382.33,2698.125,-0.7393922635959241,-0.673274892250183,-0.7071067811865477,0.7071067811865474,-0.7818314824680299,0.6234898018587334,0,weekend,37.4925
2023-08-21,2023,8,21,233,21,0,136.01,2023-08-21 21:00:00+00:00,2023-08-21 22:00:00+00:00,43807.3775,428.915,1764.435,0.0,35097.34,2193.35,-0.7508642533989489,-0.6604565640279754,-0.7071067811865477,0.7071067811865474,0.0,1.0,0,weekday,38.575
2023-08-22,2023,8,22,234,21,1,145.8,2023-08-22 21:00:00+00:00,2023-08-22 22:00:00+00:00,43222.855,680.3225,1884.75,0.0,37437.13,2565.0725,-0.7621140503891487,-0.6474427960827475,-0.7071067811865477,0.7071067811865474,0.7818314824680298,0.6234898018587336,0,weekday,39.355
2023-08-23,2023,8,23,235,21,2,172.82,2023-08-23 21:00:00+00:00,2023-08-23 22:00:00+00:00,43667.785,368.175,1487.2175,0.0,37959.06,1855.3925,-0.7731383255706026,-0.6342374393978054,-0.7071067811865477,0.7071067811865474,0.9749279121818236,-0.2225209339563143,0,weekday,41.65
2023-08-24,2023,8,24,236,21,3,159.27,2023-08-24 21:00:00+00:00,2023-08-24 22:00:00+00:00,44436.8575,1105.14,9813.0125,0.0,44083.3,10918.1525,-0.7839338166829201,-0.620844401650647,-0.7071067811865477,0.7071067811865474,0.4338837391175582,-0.900968867902419,0,weekday,33.165
2023-08-25,2023,8,25,237,21,4,127.89,2023-08-25 21:00:00+00:00,2023-08-25 22:00:00+00:00,43171.9225,197.665,5266.797500000001,0.0,35328.85,5464.462500000001,-0.7944973291665992,-0.6072676460566135,-0.7071067811865477,0.7071067811865474,-0.433883739117558,-0.9009688679024191,0,weekday,34.3
2023-08-26,2023,8,26,238,21,5,122.98,2023-08-26 21:00:00+00:00,2023-08-26 22:00:00+00:00,37901.935,600.51,1802.4325,0.0,28950.16,2402.9425,-0.8048257371083452,-0.593511190196115,-0.7071067811865477,0.7071067811865474,-0.9749279121818236,-0.2225209339563146,0,weekend,34.775
2023-08-27,2023,8,27,239,21,6,119.0,2023-08-27 21:00:00+00:00,2023-08-27 22:00:00+00:00,39082.495,647.2625,6075.5,0.0,32987.82,6722.7625,-0.8149159841660791,-0.5795791048257612,-0.7071067811865477,0.7071067811865474,-0.7818314824680299,0.6234898018587334,0,weekend,35.135
2023-08-28,2023,8,28,240,21,0,123.72,2023-08-28 21:00:00+00:00,2023-08-28 22:00:00+00:00,43954.0125,173.6725,3536.0750000000003,0.0,36380.27,3709.7475,-0.8247650844733614,-0.5654755126737576,-0.7071067811865477,0.7071067811865474,0.0,1.0,0,weekday,35.495
2023-08-29,2023,8,29,241,21,1,122.08,2023-08-29 21:00:00+00:00,2023-08-29 22:00:00+00:00,43883.9925,587.4175,2174.4975,0.0,36041.56,2761.915,-0.8343701235229538,-0.5512045872199277,-0.7071067811865477,0.7071067811865474,0.7818314824680298,0.6234898018587336,0,weekday,36.885
2023-08-30,2023,8,30,242,21,2,119.49,2023-08-30 21:00:00+00:00,2023-08-30 22:00:00+00:00,42898.1325,474.13,7334.445,0.0,37882.94,7808.575,-0.8437282590292712,-0.5367705514607103,-0.7071067811865477,0.7071067811865474,0.9749279121818236,-0.2225209339563143,0,weekday,34.425
2023-08-31,2023,8,31,243,21,3,106.03,2023-08-31 21:00:00+00:00,2023-08-31 22:00:00+00:00,43208.7425,1803.7475,10306.37,0.0,38862.05,12110.1175,-0.8528367217694595,-0.522177676659508,-0.7071067811865477,0.7071067811865474,0.4338837391175582,-0.900968867902419,0,weekday,39.0
2023-09-01,2023,9,1,244,21,4,118.56,2023-09-01 21:00:00+00:00,2023-09-01 22:00:00+00:00,42180.8225,429.8275,2111.8925,0.0,31375.71,2541.72,-0.8616928164028522,-0.5074302810827518,-0.7071067811865477,0.7071067811865474,-0.433883739117558,-0.9009688679024191,0,weekday,35.75
2023-09-02,2023,9,2,245,21,5,105.64,2023-09-02 21:00:00+00:00,2023-09-02 22:00:00+00:00,36429.7925,649.5375,2160.69,0.0,27320.89,2810.2275,-0.8702939222685674,-0.4925327287220543,-0.7071067811865477,0.7071067811865474,-0.9749279121818236,-0.2225209339563146,0,weekend,35.617
2023-09-03,2023,9,3,246,21,6,109.83,2023-09-03 21:00:00+00:00,2023-09-03 22:00:00+00:00,36696.7225,741.98,3298.3625,0.0,28266.19,4040.3425,-0.8786374941610001,-0.4774894280028391,-0.7071067811865477,0.7071067811865474,-0.7818314824680299,0.6234898018587334,0,weekend,35.827999999999996
2023-09-04,2023,9,4,247,21,0,105.01,2023-09-04 21:00:00+00:00,2023-09-04 22:00:00+00:00,43258.5325,465.7525,10429.355,0.0,37360.73,10895.1075,-0.886721063082993,-0.4623048304798108,-0.7071067811865477,0.7071067811865474,0.0,1.0,0,weekday,36.039
2023-09-05,2023,9,5,248,21,1,107.61,2023-09-05 21:00:00+00:00,2023-09-05 22:00:00+00:00,43339.685,1295.8575,7736.1825,0.0,37583.32,9032.04,-0.8945422369764496,-0.4469834295196741,-0.7071067811865477,0.7071067811865474,0.7818314824680298,0.6234898018587336,0,weekday,36.25
2023-09-06,2023,9,6,249,21,2,105.5,2023-09-06 21:00:00+00:00,2023-09-06 22:00:00+00:00,43705.16,2059.55,12351.4925,0.0,40843.74,14411.0425,-0.9020987014301836,-0.4315297589714714,-0.7071067811865477,0.7071067811865474,0.9749279121818236,-0.2225209339563143,0,weekday,33.68
2023-09-07,2023,9,7,250,21,3,101.4,2023-09-07 21:00:00+00:00,2023-09-07 22:00:00+00:00,43979.5825,3628.005,15410.3775,0.0,45545.71,19038.3825,-0.9093882203647924,-0.4159483918249421,-0.7071067811865477,0.7071067811865474,0.4338837391175582,-0.900968867902419,0,weekday,30.955
2023-09-08,2023,9,8,251,21,4,113.93,2023-09-08 21:00:00+00:00,2023-09-08 22:00:00+00:00,42331.2575,781.24,6159.395,0.0,35909.5,6940.635,-0.9164086366943458,-0.4002439388573056,-0.7071067811865477,0.7071067811865474,-0.433883739117558,-0.9009688679024191,0,weekday,35.09
2023-09-09,2023,9,9,252,21,5,110.9,2023-09-09 21:00:00+00:00,2023-09-09 22:00:00+00:00,36528.1975,281.4175,1524.995,0.0,28492.38,1806.4125,-0.923157872964704,-0.3844210472688554,-0.7071067811865477,0.7071067811865474,-0.9749279121818236,-0.2225209339563146,0,weekend,34.51
2023-09-10,2023,9,10,253,21,6,113.93,2023-09-10 21:00:00+00:00,2023-09-10 22:00:00+00:00,37557.7425,1181.205,1700.3475,0.0,30875.18,2881.5525,-0.9296339319682696,-0.3684843993077793,-0.7071067811865477,0.7071067811865474,-0.7818314824680299,0.6234898018587334,0,weekend,35.525
2023-09-11,2023,9,11,254,21,0,147.83,2023-09-11 21:00:00+00:00,2023-09-11 22:00:00+00:00,43606.6525,238.6275,1970.685,0.0,34346.1,2209.3125,-0.935834897334994,-0.3524387108846032,-0.7071067811865477,0.7071067811865474,0.0,1.0,0,weekday,36.54
2023-09-12,2023,9,12,255,21,1,115.55,2023-09-12 21:00:00+00:00,2023-09-12 22:00:00+00:00,43728.795,3107.32,5964.8875,0.0,40214.02,9072.2075,-0.9417589340994617,-0.3362887301766828,-0.7071067811865477,0.7071067811865474,0.7818314824680298,0.6234898018587336,0,weekday,35.13
2023-09-13,2023,9,13,256,21,2,106.41,2023-09-13 21:00:00+00:00,2023-09-13 22:00:00+00:00,45703.8125,1021.2175,6314.1825,0.0,36985.73,7335.4,-0.9474042892438844,-0.3200392362231385,-0.7071067811865477,0.7071067811865474,0.9749279121818236,-0.2225209339563143,0,weekday,35.27
2023-09-14,2023,9,14,257,21,3,114.14,2023-09-14 21:00:00+00:00,2023-09-14 22:00:00+00:00,45723.7175,897.1975,3272.83,0.0,35925.83,4170.0275,-0.9527692922168512,-0.3036950375106588,-0.7071067811865477,0.7071067811865474,0.4338837391175582,-0.900968867902419,0,weekday,37.45
2023-09-15,2023,9,15,258,21,4,102.04,2023-09-15 21:00:00+00:00,2023-09-15 22:00:00+00:00,42824.4925,777.015,11767.93,0.0,38770.19,12544.945,-0.9578523554276668,-0.2872609705505963,-0.7071067811865477,0.7071067811865474,-0.433883739117558,-0.9009688679024191,0,weekday,35.13
2023-09-16,2023,9,16,259,21,5,105.03,2023-09-16 21:00:00+00:00,2023-09-16 22:00:00+00:00,39341.705,840.665,2437.2825000000003,0.0,27303.15,3277.9475,-0.9626519747161488,-0.2707418984477642,-0.7071067811865477,0.7071067811865474,-0.9749279121818236,-0.2225209339563146,0,weekend,36.485
2023-09-17,2023,9,17,260,21,6,108.91,2023-09-17 21:00:00+00:00,2023-09-17 22:00:00+00:00,40626.155,3010.6475,14062.8725,0.0,38293.91,17073.52,-0.9671667297977312,-0.2541427094613622,-0.7071067811865477,0.7071067811865474,-0.7818314824680299,0.6234898018587334,0,weekend,35.489999999999995
2023-09-18,2023,9,18,261,21,0,93.39,2023-09-18 21:00:00+00:00,2023-09-18 22:00:00+00:00,46372.3375,4598.1475,19092.7675,0.0,42788.98,23690.915,-0.97139528468375,-0.2374683155584684,-0.7071067811865477,0.7071067811865474,0.0,1.0,0,weekday,34.495
2023-09-19,2023,9,19,262,21,1,66.81,2023-09-19 21:00:00+00:00,2023-09-19 22:00:00+00:00,46028.0,4865.9075,27518.0075,0.0,52746.26,32383.915,-0.9753363880767836,-0.2207236509605022,-0.7071067811865477,0.7071067811865474,0.7818314824680298,0.6234898018587336,0,weekday,34.25
2023-09-20,2023,9,20,263,21,2,86.16,2023-09-20 21:00:00+00:00,2023-09-20 22:00:00+00:00,42644.0725,4241.49,18316.125,0.0,43127.79,22557.615,-0.978988873740932,-0.2039136706831147,-0.7071067811865477,0.7071067811865474,0.9749279121818236,-0.2225209339563143,0,weekday,38.575
2023-09-21,2023,9,21,264,21,3,100.1,2023-09-21 21:00:00+00:00,2023-09-21 22:00:00+00:00,42940.1175,1346.2925,11136.605,0.0,36023.41,12482.8975,-0.9823516608469236,-0.1870433490699165,-0.7071067811865477,0.7071067811865474,0.4338837391175582,-0.900968867902419,0,weekday,35.695
2023-09-22,2023,9,22,265,21,4,105.93,2023-09-22 21:00:00+00:00,2023-09-22 22:00:00+00:00,41087.84,2002.3325,12069.89,0.0,37885.75,14072.2225,-0.9854237542919524,-0.1701176783204905,-0.7071067811865477,0.7071067811865474,-0.433883739117558,-0.9009688679024191,0,weekday,39.915
2023-09-23,2023,9,23,266,21,5,106.92,2023-09-23 21:00:00+00:00,2023-09-23 22:00:00+00:00,38641.48,2010.0825,8293.9175,0.0,30413.25,10304.0,-0.9882042449941422,-0.15314166701312,-0.7071067811865477,0.7071067811865474,-0.9749279121818236,-0.2225209339563146,0,weekend,39.791
2023-09-24,2023,9,24,267,21,6,93.53,2023-09-24 21:00:00+00:00,2023-09-24 22:00:00+00:00,38436.4075,3668.9675,12544.92,0.0,38497.65,16213.8875,-0.9906923101615608,-0.136120338622667,-0.7071067811865477,0.7071067811865474,-0.7818314824680299,0.6234898018587334,0,weekend,39.632999999999996
2023-09-25,2023,9,25,268,21,0,122.91,2023-09-25 21:00:00+00:00,2023-09-25 22:00:00+00:00,42176.0325,562.645,2478.215,0.0,34070.7,3040.86,-0.9928872135356962,-0.1190587300340498,-0.7071067811865477,0.7071067811865474,0.0,1.0,0,weekday,39.475
2023-09-26,2023,9,26,269,21,1,108.06,2023-09-26 21:00:00+00:00,2023-09-26 22:00:00+00:00,42909.2025,2808.91,5623.764999999999,0.0,39119.8,8432.675,-0.994788305609327,-0.1019618900517457,-0.7071067811865477,0.7071067811865474,0.7818314824680298,0.6234898018587336,0,weekday,42.85
2023-09-27,2023,9,27,270,21,2,96.38,2023-09-27 21:00:00+00:00,2023-09-27 22:00:00+00:00,44615.785,3557.625,13015.215,0.0,41629.06,16572.84,-0.9963950238187232,-0.0848348779057653,-0.7071067811865477,0.7071067811865474,0.9749279121818236,-0.2225209339563143,0,weekday,39.0
2023-09-28,2023,9,28,271,21,3,118.42,2023-09-28 21:00:00+00:00,2023-09-28 22:00:00+00:00,45028.545,2100.2075,2881.58,0.0,33633.36,4981.7875,-0.9977068927101168,-0.0676827617545516,-0.7071067811865477,0.7071067811865474,0.4338837391175582,-0.900968867902419,0,weekday,40.63
2023-09-29,2023,9,29,272,21,4,106.57,2023-09-29 21:00:00+00:00,2023-09-29 22:00:00+00:00,43596.3825,4531.645,12909.33,0.0,41407.17,17440.975,-0.9987235240803972,-0.0505106171852228,-0.7071067811865477,0.7071067811865474,-0.433883739117558,-0.9009688679024191,0,weekday,43.0
2023-09-30,2023,9,30,273,21,5,107.4,2023-09-30 21:00:00+00:00,2023-09-30 22:00:00+00:00,37436.7175,1659.025,3895.145,0.0,27051.04,5554.17,-0.9994446170919858,-0.0333235257116313,-0.7071067811865477,0.7071067811865474,-0.9749279121818236,-0.2225209339563146,0,weekend,41.859
2023-10-01,2023,10,1,274,21,6,106.62,2023-10-01 21:00:00+00:00,2023-10-01 22:00:00+00:00,39336.345,1946.09,8300.0625,0.0,33463.41,10246.1525,-0.9998699583618592,-0.0161265732706577,-0.7071067811865477,0.7071067811865474,-0.7818314824680299,0.6234898018587334,0,weekend,41.2345
2023-10-02,2023,10,2,275,21,0,107.03,2023-10-02 21:00:00+00:00,2023-10-02 22:00:00+00:00,42536.495,454.9875,7928.84,0.0,33227.25,8383.8275,-0.9999994220246924,0.0010751512827982,-0.7071067811865477,0.7071067811865474,0.0,1.0,0,weekday,40.61
2023-10-03,2023,10,3,276,21,1,45.1,2023-10-03 21:00:00+00:00,2023-10-03 22:00:00+00:00,42322.71,3946.3125,27900.4775,0.0,51038.9,31846.79,-0.999832969770105,0.0182765576816912,-0.7071067811865477,0.7071067811865474,0.7818314824680298,0.6234898018587336,1,holiday,37.89
2023-10-04,2023,10,4,277,21,2,85.59,2023-10-04 21:00:00+00:00,2023-10-04 22:00:00+00:00,45132.0375,4345.535,20604.64,0.0,49531.16,24950.175,-0.9993706508539968,0.0354725557531255,-0.7071067811865477,0.7071067811865474,0.9749279121818236,-0.2225209339563143,0,weekday,37.6
2023-10-05,2023,10,5,278,21,3,100.98,2023-10-05 21:00:00+00:00,2023-10-05 22:00:00+00:00,46204.375,3830.055,7666.3375,0.0,38862.61,11496.3925,-0.9986126020839734,0.052658056924614,-0.7071067811865477,0.7071067811865474,0.4338837391175582,-0.900968867902419,0,weekday,37.62
2023-10-06,2023,10,6,279,21,4,56.78,2023-10-06 21:00:00+00:00,2023-10-06 22:00:00+00:00,44775.065,4151.405,29939.9925,0.0,54089.77,34091.3975,-0.9975590477788612,0.0698279757298708,-0.7071067811865477,0.7071067811865474,-0.433883739117558,-0.9009688679024191,0,weekday,36.0
2023-10-07,2023,10,7,280,21,5,76.19,2023-10-07 21:00:00+00:00,2023-10-07 22:00:00+00:00,39513.9825,3288.5,19465.075,0.0,43332.05,22753.575,-0.9962102997023295,0.0869772313136861,-0.7071067811865477,0.7071067811865474,-0.9749279121818236,-0.2225209339563146,0,weekend,38.231
2023-10-08,2023,10,8,281,21,6,104.42,2023-10-08 21:00:00+00:00,2023-10-08 22:00:00+00:00,41141.455,1740.5775,4503.66,0.0,33264.79,6244.2375,-0.9945667569706336,0.1041007489354256,-0.7071067811865477,0.7071067811865474,-0.7818314824680299,0.6234898018587334,0,weekend,39.700500000000005
2023-10-09,2023,10,9,282,21,0,120.0,2023-10-09 21:00:00+00:00,2023-10-09 22:00:00+00:00,45937.215,220.505,5044.645,0.0,38215.36,5265.150000000001,-0.9926289059345096,0.121193461470736,-0.7071067811865477,0.7071067811865474,0.0,1.0,0,weekday,41.17
2023-10-10,2023,10,10,283,21,1,88.65,2023-10-10 21:00:00+00:00,2023-10-10 22:00:00+00:00,45483.47,4884.5525,22507.015,0.0,50747.44,27391.5675,-0.9903973200352558,0.1382503109109819,-0.7071067811865477,0.7071067811865474,0.7818314824680298,0.6234898018587336,0,weekday,46.01
2023-10-11,2023,10,11,284,21,2,98.86,2023-10-11 21:00:00+00:00,2023-10-11 22:00:00+00:00,47433.567500000005,4236.035,24316.335,0.0,50701.76,28552.37,-0.9878726596350428,0.1552662498599956,-0.7071067811865477,0.7071067811865474,0.9749279121818236,-0.2225209339563143,0,weekday,48.685
2023-10-12,2023,10,12,285,21,3,123.5,2023-10-12 21:00:00+00:00,2023-10-12 22:00:00+00:00,45956.8975,1010.405,6252.7475,0.0,43255.68,7263.1525,-0.9850556718215012,0.172236243027682,-0.7071067811865477,0.7071067811865474,0.4338837391175582,-0.900968867902419,0,weekday,45.795
2023-10-13,2023,10,13,286,21,4,0.2,2023-10-13 21:00:00+00:00,2023-10-13 22:00:00+00:00,45361.5,4756.8325,36643.7375,0.0,55984.15,41400.57000000001,-0.981947190186646,0.1891552687200409,-0.7071067811865477,0.7071067811865474,-0.433883739117558,-0.9009688679024191,0,weekday,53.31
2023-10-14,2023,10,14,287,21,5,74.59,2023-10-14 21:00:00+00:00,2023-10-14 22:00:00+00:00,40600.305,4754.205,24023.47,0.0,47671.32,28777.675000000003,-0.9785481345802032,0.2060183203251708,-0.7071067811865477,0.7071067811865474,-0.9749279121818236,-0.2225209339563146,0,weekend,53.982
2023-10-15,2023,10,15,288,21,6,116.96,2023-10-15 21:00:00+00:00,2023-10-15 22:00:00+00:00,41903.69,4769.38,16885.205,0.0,43442.32,21654.585000000003,-0.9748595108374124,0.2228204077947995,-0.7071067811865477,0.7071067811865474,-0.7818314824680299,0.6234898018587334,0,weekend,53.323499999999996
2023-10-16,2023,10,16,289,21,0,135.2,2023-10-16 21:00:00+00:00,2023-10-16 22:00:00+00:00,47738.7375,264.69,4449.18,0.0,41832.63,4713.87,-0.9708824104813836,0.239556559120927,-0.7071067811865477,0.7071067811865474,0.0,1.0,0,weekday,52.665
2023-10-17,2023,10,17,290,21,1,126.03,2023-10-17 21:00:00+00:00,2023-10-17 22:00:00+00:00,47809.725,1044.835,9671.4525,0.0,43025.38,10716.2875,-0.9666180104000972,0.2562218218071163,-0.7071067811865477,0.7071067811865474,0.7818314824680298,0.6234898018587336,0,weekday,48.21
2023-10-18,2023,10,18,291,21,2,76.23,2023-10-18 21:00:00+00:00,2023-10-18 22:00:00+00:00,47923.305,4492.0925,24509.96,0.0,52553.9,29002.0525,-0.9620675724981452,0.2728112643340191,-0.7071067811865477,0.7071067811865474,0.9749279121818236,-0.2225209339563143,0,weekday,48.9
2023-10-19,2023,10,19,292,21,3,97.0,2023-10-19 21:00:00+00:00,2023-10-19 22:00:00+00:00,47119.415,4341.37,21300.545,0.0,49557.6,25641.915,-0.957232443323312,0.2893199776186952,-0.7071067811865477,0.7071067811865474,0.4338837391175582,-0.900968867902419,0,weekday,48.93
2023-10-20,2023,10,20,293,21,4,78.51,2023-10-20 21:00:00+00:00,2023-10-20 22:00:00+00:00,45945.192500000005,4402.865,21119.6575,0.0,45699.97,25522.5225,-0.9521140536681102,0.3057430764672831,-0.7071067811865477,0.7071067811865474,-0.433883739117558,-0.9009688679024191,0,weekday,52.845
2023-10-21,2023,10,21,294,21,5,49.33,2023-10-21 21:00:00+00:00,2023-10-21 22:00:00+00:00,40563.53,4951.7525000000005,21553.87,0.0,46742.41,26505.6225,-0.9467139181463862,0.3220757010206104,-0.7071067811865477,0.7071067811865474,-0.9749279121818236,-0.2225209339563146,0,weekend,51.112
2023-10-22,2023,10,22,295,21,6,102.18,2023-10-22 21:00:00+00:00,2023-10-22 22:00:00+00:00,41526.5975,3413.8925,10714.5425,0.0,38412.2,14128.435,-0.9410336347451196,0.3383130181923076,-0.7071067811865477,0.7071067811865474,-0.7818314824680299,0.6234898018587334,0,weekend,49.671
2023-10-23,2023,10,23,296,21,0,107.95,2023-10-23 21:00:00+00:00,2023-10-23 22:00:00+00:00,47260.7625,2200.945,15255.34,0.0,48418.42,17456.285,-0.9350748843515574,0.3544502230989869,-0.7071067811865477,0.7071067811865474,0.0,1.0,0,weekday,48.23
2023-10-24,2023,10,24,297,21,1,114.1,2023-10-24 21:00:00+00:00,2023-10-24 22:00:00+00:00,47285.5675,4750.855,10794.0375,0.0,46362.47,15544.8925,-0.9288394302558068,0.3704825404820963,-0.7071067811865477,0.7071067811865474,0.7818314824680298,0.6234898018587336,0,weekday,50.6
2023-10-25,2023,10,25,298,21,2,120.06,2023-10-25 21:00:00+00:00,2023-10-25 22:00:00+00:00,47430.6825,2425.48,14390.47,0.0,46516.72,16815.95,-0.9223291176290545,0.3864052261209853,-0.7071067811865477,0.7071067811865474,0.9749279121818236,-0.2225209339563143,0,weekday,50.28
2023-10-26,2023,10,26,299,21,3,117.06,2023-10-26 21:00:00+00:00,2023-10-26 22:00:00+00:00,46731.43,4340.8475,5210.5575,0.0,40724.54,9551.405,-0.9155458729775467,0.4022135682368036,-0.7071067811865477,0.7071067811865474,0.4338837391175582,-0.900968867902419,0,weekday,51.0
2023-10-27,2023,10,27,300,21,4,96.84,2023-10-27 21:00:00+00:00,2023-10-27 22:00:00+00:00,45517.1575,4089.705,11161.35,0.0,37719.74,15251.055,-0.9084917035725082,0.4179028888867866,-0.7071067811865477,0.7071067811865474,-0.433883739117558,-0.9009688679024191,0,weekday,51.0
2023-10-28,2023,10,28,301,21,5,75.48,2023-10-28 21:00:00+00:00,2023-10-28 22:00:00+00:00,42175.6725,4459.3075,17983.405,0.0,41891.17,22442.7125,-0.9011686968561567,0.4334685453485363,-0.7071067811865477,0.7071067811865474,-0.9749279121818236,-0.2225209339563146,0,weekend,50.53
2023-10-29,2023,10,29,302,21,6,51.94,2023-10-29 21:00:00+00:00,2023-10-29 22:00:00+00:00,44755.4875,4633.56,26608.98,0.0,50069.75,31242.54,-0.8935790198239952,0.4489059314938798,-0.7071067811865477,0.7071067811865474,-0.7818314824680299,0.6234898018587334,0,weekend,52.4775
2023-10-30,2023,10,30,303,21,0,113.26,2023-10-30 21:00:00+00:00,2023-10-30 22:00:00+00:00,49400.99,1268.8425,9975.9275,0.0,40408.12,11244.77,-0.8857249183835637,0.4642104791518923,-0.7071067811865477,0.7071067811865474,0.0,1.0,0,weekday,54.425
2023-10-31,2023,10,31,304,21,1,104.92,2023-10-31 21:00:00+00:00,2023-10-31 22:00:00+00:00,49414.3225,1319.27,10965.015,0.0,39438.07,12284.285,-0.8776087166898392,0.4793776594606945,-0.7071067811865477,0.7071067811865474,0.7818314824680298,0.6234898018587336,0,weekday,51.49
2023-11-01,2023,11,1,305,21,2,34.17,2023-11-01 21:00:00+00:00,2023-11-01 22:00:00+00:00,46494.2375,5153.81,26755.1025,0.0,53272.7,31908.9125,-0.8692328164574792,0.4944029842076181,-0.7071067811865477,0.7071067811865474,0.9749279121818236,-0.2225209339563143,0,weekday,46.59
2023-11-02,2023,11,2,306,21,3,72.27,2023-11-02 21:00:00+00:00,2023-11-02 22:00:00+00:00,50931.4225,4581.1275000000005,21763.3175,0.0,48543.63,26344.445,-0.8605996962501181,0.5092820071573356,-0.7071067811865477,0.7071067811865474,0.4338837391175582,-0.900968867902419,0,weekday,48.175
2023-11-03,2023,11,3,307,21,4,45.53,2023-11-03 21:00:00+00:00,2023-11-03 22:00:00+00:00,50278.1975,4915.4625,27833.9575,0.0,56945.46,32749.42,-0.8517119107469189,0.5240103253675756,-0.7071067811865477,0.7071067811865474,-0.433883739117558,-0.9009688679024191,0,weekday,49.225
2023-11-04,2023,11,4,308,21,5,11.73,2023-11-04 21:00:00+00:00,2023-11-04 22:00:00+00:00,45302.35,5183.8575,33315.7175,0.0,56991.23,38499.575,-0.8425720899866032,0.5385835804920232,-0.7071067811865477,0.7071067811865474,-0.9749279121818236,-0.2225209339563146,0,weekend,48.057
2023-11-05,2023,11,5,309,21,6,15.84,2023-11-05 21:00:00+00:00,2023-11-05 22:00:00+00:00,46637.7375,4315.4675,34720.12,0.0,58135.82,39035.5875,-0.8331829385891785,0.5529974600700271,-0.7071067811865477,0.7071067811865474,-0.7818314824680299,0.6234898018587334,0,weekend,47.5285
2023-11-06,2023,11,6,310,21,0,99.08,2023-11-06 21:00:00+00:00,2023-11-06 22:00:00+00:00,51224.7625,4628.4525,27323.53,0.0,54591.68,31951.9825,-0.8235472349556007,0.5672476988027229,-0.7071067811865477,0.7071067811865474,0.0,1.0,0,weekday,47.0
2023-11-07,2023,11,7,311,21,1,88.69,2023-11-07 21:00:00+00:00,2023-11-07 22:00:00+00:00,51064.25,4834.3125,26756.57,0.0,57018.12,31590.8825,-0.8136678304455991,0.5813300798152042,-0.7071067811865477,0.7071067811865474,0.7818314824680298,0.6234898018587336,0,weekday,45.24
2023-11-08,2023,11,8,312,21,2,82.99,2023-11-08 21:00:00+00:00,2023-11-08 22:00:00+00:00,51705.6875,4068.485,29242.215,0.0,58995.33,33310.7,-0.8035476485339116,0.5952404359043674,-0.7071067811865477,0.7071067811865474,0.9749279121818236,-0.2225209339563143,0,weekday,45.75
2023-11-09,2023,11,9,313,21,3,84.04,2023-11-09 21:00:00+00:00,2023-11-09 22:00:00+00:00,52736.2275,4733.0625,24288.55,0.0,54887.23,29021.6125,-0.7931896839451843,0.6089746507720486,-0.7071067811865477,0.7071067811865474,0.4338837391175582,-0.900968867902419,0,weekday,45.01
2023-11-10,2023,11,10,314,21,4,103.97,2023-11-10 21:00:00+00:00,2023-11-10 22:00:00+00:00,49986.0775,1046.8,13123.5375,0.0,45213.73,14170.3375,-0.7825970017677834,0.6225286602431057,-0.7071067811865477,0.7071067811865474,-0.433883739117558,-0.9009688679024191,0,weekday,47.045
2023-11-11,2023,11,11,315,21,5,92.38,2023-11-11 21:00:00+00:00,2023-11-11 22:00:00+00:00,45920.83,425.33,12039.94,0.0,40131.1,12465.27,-0.7717727365467836,0.6358984534680745,-0.7071067811865477,0.7071067811865474,-0.9749279121818236,-0.2225209339563146,0,weekend,46.63
2023-11-12,2023,11,12,316,21,6,100.14,2023-11-12 21:00:00+00:00,2023-11-12 22:00:00+00:00,49155.225,434.6425,6718.035,0.0,37803.41,7152.6775,-0.7607200913564104,0.6490800741100398,-0.7071067811865477,0.7071067811865474,-0.7818314824680299,0.6234898018587334,0,weekend,46.285
2023-11-13,2023,11,13,317,21,0,51.07,2023-11-13 21:00:00+00:00,2023-11-13 22:00:00+00:00,52560.115,4169.5825,37620.7,0.0,64949.18,41790.2825,-0.7494423368521954,0.6620696215153815,-0.7071067811865477,0.7071067811865474,0.0,1.0,0,weekday,45.94
2023-11-14,2023,11,14,318,21,1,89.11,2023-11-14 21:00:00+00:00,2023-11-14 22:00:00+00:00,53051.8925,2040.35,24110.7975,0.0,50833.12,26151.1475,-0.7379428103031386,0.6748632518680403,-0.7071067811865477,0.7071067811865474,0.7818314824680298,0.6234898018587336,0,weekday,46.895
2023-11-15,2023,11,15,319,21,2,91.66,2023-11-15 21:00:00+00:00,2023-11-15 22:00:00+00:00,53116.095,3664.8425,22742.505,0.0,58853.77,26407.3475,-0.7262249146041543,0.6874571793269664,-0.7071067811865477,0.7071067811865474,0.9749279121818236,-0.2225209339563143,0,weekday,48.495
2023-11-16,2023,11,16,320,21,3,110.2,2023-11-16 21:00:00+00:00,2023-11-16 22:00:00+00:00,53364.2475,1880.5875,11366.41,0.0,48237.65,13246.9975,-0.7142921172691032,0.699847677146407,-0.7071067811865477,0.7071067811865474,0.4338837391175582,-0.900968867902419,0,weekday,46.47
2023-11-17,2023,11,17,321,21,4,118.14,2023-11-17 21:00:00+00:00,2023-11-17 22:00:00+00:00,51727.4125,789.685,6408.155,0.0,43773.01,7197.84,-0.7021479494046978,0.7120310787787131,-0.7071067811865477,0.7071067811865474,-0.433883739117558,-0.9009688679024191,0,weekday,46.1
2023-11-18,2023,11,18,322,21,5,73.76,2023-11-18 21:00:00+00:00,2023-11-18 22:00:00+00:00,46841.2875,4614.07,26297.825,0.0,51692.11,30911.895,-0.6897960046655887,0.7240037789593305,-0.7071067811865477,0.7071067811865474,-0.9749279121818236,-0.2225209339563146,0,weekend,45.064
2023-11-19,2023,11,19,323,21,6,88.05,2023-11-19 21:00:00+00:00,2023-11-19 22:00:00+00:00,47419.8425,741.7275,25965.865,0.0,47766.15,26707.5925,-0.6772399381909491,0.7357622347736527,-0.7071067811865477,0.7071067811865474,-0.7818314824680299,0.6234898018587334,0,weekend,46.049499999999995
2023-11-20,2023,11,20,324,21,0,108.05,2023-11-20 21:00:00+00:00,2023-11-20 22:00:00+00:00,54175.8125,3165.0125,9582.8475,0.0,47785.79,12747.86,-0.6644834655228552,0.7473029667054296,-0.7071067811865477,0.7071067811865474,0.0,1.0,0,weekday,47.035
2023-11-21,2023,11,21,325,21,1,110.91,2023-11-21 21:00:00+00:00,2023-11-21 22:00:00+00:00,54576.5975,880.325,9016.645,0.0,48658.39,9896.97,-0.6515303615068021,0.75862255966641,-0.7071067811865477,0.7071067811865474,0.7818314824680298,0.6234898018587336,0,weekday,46.175
2023-11-22,2023,11,22,326,21,2,90.21,2023-11-22 21:00:00+00:00,2023-11-22 22:00:00+00:00,54313.0725,5378.6925,25261.17,0.0,55996.64,30639.8625,-0.6383844591746642,0.7697176640069211,-0.7071067811865477,0.7071067811865474,0.9749279121818236,-0.2225209339563143,0,weekday,44.05
2023-11-23,2023,11,23,327,21,3,18.96,2023-11-23 21:00:00+00:00,2023-11-23 22:00:00+00:00,54984.9875,4984.7175,41870.2325,0.0,68754.58,46854.95,-0.6250496486104377,0.7805849965070866,-0.7071067811865477,0.7071067811865474,0.4338837391175582,-0.900968867902419,0,weekday,44.615
2023-11-24,2023,11,24,328,21,4,77.56,2023-11-24 21:00:00+00:00,2023-11-24 22:00:00+00:00,54279.145,6170.3,32822.2975,0.0,60681.67,38992.5975,-0.6115298757991053,0.7912213413483807,-0.7071067811865477,0.7071067811865474,-0.433883739117558,-0.9009688679024191,0,weekday,46.25
2023-11-25,2023,11,25,329,21,5,115.3,2023-11-25 21:00:00+00:00,2023-11-25 22:00:00+00:00,48462.9075,1423.54,10779.685,0.0,43571.63,12203.225,-0.5978291414589552,0.801623551065242,-0.7071067811865477,0.7071067811865474,-0.9749279121818236,-0.2225209339563146,0,weekend,46.655
2023-11-26,2023,11,26,330,21,6,118.99,2023-11-26 21:00:00+00:00,2023-11-26 22:00:00+00:00,49066.315,575.84,8613.6325,0.0,44939.69,9189.4725,-0.5839514998576998,0.8117885474764613,-0.7071067811865477,0.7071067811865474,-0.7818314824680299,0.6234898018587334,0,weekend,45.85
2023-11-27,2023,11,27,331,21,0,95.2,2023-11-27 21:00:00+00:00,2023-11-27 22:00:00+00:00,55189.5425,5851.532499999999,19787.7525,0.0,59481.88,25639.285,-0.5699010576127624,0.8217133225960589,-0.7071067811865477,0.7071067811865474,0.0,1.0,0,weekday,45.045
2023-11-28,2023,11,28,332,21,1,116.84,2023-11-28 21:00:00+00:00,2023-11-28 22:00:00+00:00,55926.775,2954.1775,9454.02,0.0,54238.72,12408.1975,-0.5556819724760489,0.8313949395234058,-0.7071067811865477,0.7071067811865474,0.7818314824680298,0.6234898018587336,0,weekday,44.095
2023-11-29,2023,11,29,333,21,2,128.5,2023-11-29 21:00:00+00:00,2023-11-29 22:00:00+00:00,56125.130000000005,602.8725,7845.9175,0.0,53021.65,8448.789999999999,-0.5412984521036173,0.8408305333122887,-0.7071067811865477,0.7071067811865474,0.9749279121818236,-0.2225209339563143,0,weekday,41.275
2023-11-30,2023,11,30,334,21,3,124.72,2023-11-30 21:00:00+00:00,2023-11-30 22:00:00+00:00,55963.815,2116.85,2331.1975,0.0,50513.62,4448.047500000001,-0.5267547528105542,0.8500173118187018,-0.7071067811865477,0.7071067811865474,0.4338837391175582,-0.900968867902419,0,weekday,40.44
2023-12-01,2023,12,1,335,21,4,118.4,2023-12-01 21:00:00+00:00,2023-12-01 22:00:00+00:00,56640.095,1048.7475,2757.7525,0.0,48893.98,3806.5,-0.5120551783114646,0.8589525565270845,-0.7071067811865477,0.7071067811865474,-0.433883739117558,-0.9009688679024191,0,weekday,42.795
2023-12-02,2023,12,2,336,21,5,109.88,2023-12-02 21:00:00+00:00,2023-12-02 22:00:00+00:00,48943.5275,472.9925,6489.67,0.0,47316.63,6962.6625,-0.4972040784469378,0.8676336233547726,-0.7071067811865477,0.7071067811865474,-0.9749279121818236,-0.2225209339563146,0,weekend,43.496
2023-12-03,2023,12,3,337,21,6,99.09,2023-12-03 21:00:00+00:00,2023-12-03 22:00:00+00:00,51067.1,4827.4375,12895.6725,0.0,52721.78,17723.11,-0.4822058478963526,0.8760579434344281,-0.7071067811865477,0.7071067811865474,-0.7818314824680299,0.6234898018587334,0,weekend,42.6555
2023-12-04,2023,12,4,338,21,0,100.0,2023-12-04 21:00:00+00:00,2023-12-04 22:00:00+00:00,57152.4625,5027.78,20691.0275,0.0,61072.37,25718.8075,-0.4670649248774303,0.8842230238742036,-0.7071067811865477,0.7071067811865474,0.0,1.0,0,weekday,41.815
2023-12-05,2023,12,5,339,21,1,111.55,2023-12-05 21:00:00+00:00,2023-12-05 22:00:00+00:00,56162.9325,4175.2275,13663.8,0.0,57019.21,17839.0275,-0.451785789832884,0.8921264484954345,-0.7071067811865477,0.7071067811865474,0.7818314824680298,0.6234898018587336,0,weekday,39.455
2023-12-06,2023,12,6,340,21,2,107.33,2023-12-06 21:00:00+00:00,2023-12-06 22:00:00+00:00,55556.42,532.15,6123.225,0.0,49770.26,6655.375,-0.4363729641045924,0.8997658785476209,-0.7071067811865477,0.7071067811865474,0.9749279121818236,-0.2225209339563143,0,weekday,38.995
2023-12-07,2023,12,7,341,21,3,96.42,2023-12-07 21:00:00+00:00,2023-12-07 22:00:00+00:00,56864.4275,5024.165,14085.5825,0.0,53442.27,19109.7475,-0.4208310085956556,0.9071390534005044,-0.7071067811865477,0.7071067811865474,0.4338837391175582,-0.900968867902419,0,weekday,39.8
2023-12-08,2023,12,8,342,21,4,101.72,2023-12-08 21:00:00+00:00,2023-12-08 22:00:00+00:00,55013.65,2541.9475,9593.72,0.0,43918.93,12135.6675,-0.4051645224207563,0.9142437912130223,-0.7071067811865477,0.7071067811865474,-0.433883739117558,-0.9009688679024191,0,weekday,41.275
2023-12-09,2023,12,9,343,21,5,56.84,2023-12-09 21:00:00+00:00,2023-12-09 22:00:00+00:00,49420.8425,5587.615,34643.527500000004,0.0,59830.48,40231.1425,-0.3893781415452015,0.9210779895789526,-0.7071067811865477,0.7071067811865474,-0.9749279121818236,-0.2225209339563146,0,weekend,38.6
2023-12-10,2023,12,10,344,21,6,78.02,2023-12-10 21:00:00+00:00,2023-12-10 22:00:00+00:00,51694.5425,2909.7475,24777.9225,0.0,51564.61,27687.67,-0.3734765374130707,0.9276396261490468,-0.7071067811865477,0.7071067811865474,-0.7818314824680299,0.6234898018587334,0,weekend,37.4725
2023-12-11,2023,12,11,345,21,0,96.48,2023-12-11 21:00:00+00:00,2023-12-11 22:00:00+00:00,56697.62,969.965,20204.7475,0.0,53912.99,21174.7125,-0.3574644155648614,0.9339267592294762,-0.7071067811865477,0.7071067811865474,0.0,1.0,0,weekday,36.345
2023-12-12,2023,12,12,346,21,1,83.37,2023-12-12 21:00:00+00:00,2023-12-12 22:00:00+00:00,55679.625,5516.455,15298.14,0.0,54680.67,20814.595,-0.3413465142450361,0.9399375283564132,-0.7071067811865477,0.7071067811865474,0.7818314824680298,0.6234898018587336,0,weekday,36.43
2023-12-13,2023,12,13,347,21,2,92.35,2023-12-13 21:00:00+00:00,2023-12-13 22:00:00+00:00,55126.692500000005,5273.24,9699.0425,0.0,49928.01,14972.2825,-0.3251276029999093,0.9456701548465688,-0.7071067811865477,0.7071067811865474,0.9749279121818236,-0.2225209339563143,0,weekday,34.675
2023-12-14,2023,12,14,348,21,3,94.46,2023-12-14 21:00:00+00:00,2023-12-14 22:00:00+00:00,54977.8125,2346.585,5630.094999999999,0.0,45954.81,7976.679999999999,-0.3088124812662537,0.9511229423235356,-0.7071067811865477,0.7071067811865474,0.4338837391175582,-0.900968867902419,0,weekday,36.65
2023-12-15,2023,12,15,349,21,4,86.77,2023-12-15 21:00:00+00:00,2023-12-15 22:00:00+00:00,53330.23,5036.0175,13999.5625,0.0,49106.16,19035.58,-0.2924059769510773,0.956294277219772,-0.7071067811865477,0.7071067811865474,-0.433883739117558,-0.9009688679024191,0,weekday,33.895
2023-12-16,2023,12,16,350,21,5,62.41,2023-12-16 21:00:00+00:00,2023-12-16 22:00:00+00:00,47785.3875,5937.27,24681.45,0.0,53750.63,30618.72,-0.2759129450029604,0.9611826292540836,-0.7071067811865477,0.7071067811865474,-0.9749279121818236,-0.2225209339563146,0,weekend,33.19
2023-12-17,2023,12,17,351,21,6,59.73,2023-12-17 21:00:00+00:00,2023-12-17 22:00:00+00:00,49149.4875,6133.87,27493.945,0.0,55503.59,33627.815,-0.2593382659754056,0.9657865518844574,-0.7071067811865477,0.7071067811865474,-0.7818314824680299,0.6234898018587334,0,weekend,33.412499999999994
2023-12-18,2023,12,18,352,21,0,62.98,2023-12-18 21:00:00+00:00,2023-12-18 22:00:00+00:00,54607.817500000005,5737.6725,30545.7525,0.0,62069.42,36283.425,-0.2426868445825954,0.9701046827361176,-0.7071067811865477,0.7071067811865474,0.0,1.0,0,weekday,33.635
2023-12-19,2023,12,19,353,21,1,75.68,2023-12-19 21:00:00+00:00,2023-12-19 22:00:00+00:00,54031.27,5774.86,22883.0,0.0,54814.0,28657.86,-0.225963608248019,0.974135744004672,-0.7071067811865477,0.7071067811865474,0.7818314824680298,0.6234898018587336,0,weekday,34.33
2023-12-20,2023,12,20,354,21,2,61.42,2023-12-20 21:00:00+00:00,2023-12-20 22:00:00+00:00,53588.38,5087.6775,31323.3925,0.0,58132.01,36411.07,-0.2091735056463563,0.9778785428342386,-0.7071067811865477,0.7071067811865474,0.9749279121818236,-0.2225209339563143,0,weekday,34.56
2023-12-21,2023,12,21,355,21,3,28.77,2023-12-21 21:00:00+00:00,2023-12-21 22:00:00+00:00,48983.035,3618.3825,45488.4425,0.0,66803.91,49106.825,-0.1923215052390948,0.9813319716704276,-0.7071067811865477,0.7071067811865474,0.4338837391175582,-0.900968867902419,0,weekday,34.27
2023-12-22,2023,12,22,356,21,4,30.41,2023-12-22 21:00:00+00:00,2023-12-22 22:00:00+00:00,51274.035,5232.08,39254.815,0.0,64012.38,44486.895,-0.1754125938042784,0.9844950085880858,-0.7071067811865477,0.7071067811865474,-0.433883739117558,-0.9009688679024191,0,weekday,34.56
2023-12-23,2023,12,23,357,21,5,20.29,2023-12-23 21:00:00+00:00,2023-12-23 22:00:00+00:00,46336.2275,3988.23,28055.77,0.0,52961.26,32044.0,-0.1584517749608363,0.9873667175937016,-0.7071067811865477,0.7071067811865474,-0.9749279121818236,-0.2225209339563146,0,weekend,34.174
2023-12-24,2023,12,24,358,21,6,-3.0,2023-12-24 21:00:00+00:00,2023-12-24 22:00:00+00:00,43710.3125,3167.975,43229.4375,0.0,62432.04,46397.4125,-0.141444067687942,0.989946248902378,-0.7071067811865477,0.7071067811865474,-0.7818314824680299,0.6234898018587334,0,weekend,34.17433333333333
2023-12-25,2023,12,25,359,21,0,5.0,2023-12-25 21:00:00+00:00,2023-12-25 22:00:00+00:00,43845.2425,5412.4075,33128.965,0.0,57692.68,38541.3725,-0.1243945048397999,0.9922328391893008,-0.7071067811865477,0.7071067811865474,0.0,1.0,1,holiday,34.17466666666667
2023-12-26,2023,12,26,360,21,1,46.63,2023-12-26 21:00:00+00:00,2023-12-26 22:00:00+00:00,45814.9625,4749.71,23585.5625,0.0,46823.66,28335.2725,-0.1073081316563624,0.994225811815616,-0.7071067811865477,0.7071067811865474,0.7818314824680298,0.6234898018587336,1,holiday,34.175
2023-12-27,2023,12,27,361,21,2,16.99,2023-12-27 21:00:00+00:00,2023-12-27 22:00:00+00:00,49744.7025,5302.514999999999,34360.0875,0.0,62870.18,39662.6025,-0.0901900042703451,0.99592457702866,-0.7071067811865477,0.7071067811865474,0.9749279121818236,-0.2225209339563143,0,weekday,36.875
2023-12-28,2023,12,28,362,21,3,17.72,2023-12-28 21:00:00+00:00,2023-12-28 22:00:00+00:00,51774.225,4933.0075,39148.51,0.0,65766.94,44081.5175,-0.0730451882110474,0.9973286321364752,-0.7071067811865477,0.7071067811865474,0.4338837391175582,-0.900968867902419,0,weekday,34.015
2023-12-29,2023,12,29,363,21,4,22.9,2023-12-29 21:00:00+00:00,2023-12-29 22:00:00+00:00,49782.59,5436.4625,36555.4825,0.0,61901.31,41991.945,-0.0558787569053731,0.9984375616565666,-0.7071067811865477,0.7071067811865474,-0.433883739117558,-0.9009688679024191,0,weekday,33.55
2023-12-30,2023,12,30,364,21,5,50.1,2023-12-30 21:00:00+00:00,2023-12-30 22:00:00+00:00,46403.6025,5002.075,16087.28,0.0,42872.91,21089.355,-0.0386957901765268,0.999251037438848,-0.7071067811865477,0.7071067811865474,-0.9749279121818236,-0.2225209339563146,0,weekend,32.35
2023-12-31,2023,12,31,365,21,6,10.68,2023-12-31 21:00:00+00:00,2023-12-31 22:00:00+00:00,44781.3425,5991.405000000001,30391.1475,0.0,57048.91,36382.5525,-0.0215013727408137,0.999768818762748,-0.7071067811865477,0.7071067811865474,-0.7818314824680299,0.6234898018587334,0,weekend,32.69833333333334
2024-01-01,2024,1,1,1,21,0,47.09,2024-01-01 21:00:00+00:00,2024-01-01 22:00:00+00:00,47785.7275,3988.2875,22702.375,0.0,48031.13,26690.6625,0.0,1.0,-0.7071067811865477,0.7071067811865474,0.0,1.0,1,holiday,33.04666666666667
2024-01-02,2024,1,2,2,21,1,40.0,2024-01-02 21:00:00+00:00,2024-01-02 22:00:00+00:00,51590.5425,5266.43,35942.165,0.0,65173.03,41208.595,0.0172015754182605,0.9998520419557736,-0.7071067811865477,0.7071067811865474,0.7818314824680298,0.6234898018587336,0,weekday,33.395
2024-01-03,2024,1,3,3,21,2,65.0,2024-01-03 21:00:00+00:00,2024-01-03 22:00:00+00:00,53160.41,3288.4125,28308.9875,0.0,53754.8,31597.4,0.034398060613608,0.9994082116062598,-0.7071067811865477,0.7071067811865474,0.9749279121818236,-0.2225209339563143,0,weekday,30.485
2024-01-04,2024,1,4,4,21,3,94.86,2024-01-04 21:00:00+00:00,2024-01-04 22:00:00+00:00,53737.205,2246.4025,6763.845,0.0,38367.43,9010.2475,0.0515843668694083,0.9986686402879996,-0.7071067811865477,0.7071067811865474,0.4338837391175582,-0.900968867902419,0,weekday,33.575
2024-01-05,2024,1,5,5,21,4,94.92,2024-01-05 21:00:00+00:00,2024-01-05 22:00:00+00:00,52992.6,5635.6425,17110.5075,0.0,50518.85,22746.15,0.0687554084811394,0.9976335468520452,-0.7071067811865477,0.7071067811865474,-0.433883739117558,-0.9009688679024191,0,weekday,32.46
2024-01-06,2024,1,6,6,21,5,86.57,2024-01-06 21:00:00+00:00,2024-01-06 22:00:00+00:00,48689.76,4808.085,14939.95,0.0,44826.79,19748.035,0.0859061042613327,0.9963032375991964,-0.7071067811865477,0.7071067811865474,-0.9749279121818236,-0.2225209339563146,0,weekend,34.55
2024-01-07,2024,1,7,7,21,6,91.17,2024-01-07 21:00:00+00:00,2024-01-07 22:00:00+00:00,47330.6375,3767.3725,16487.015,0.0,47423.61,20254.3875,0.1030313790431787,0.9946781061893646,-0.7071067811865477,0.7071067811865474,-0.7818314824680299,0.6234898018587334,0,weekend,34.15
2024-01-08,2024,1,8,8,21,0,99.98,2024-01-08 21:00:00+00:00,2024-01-08 22:00:00+00:00,55113.105,2257.63,15801.3,0.0,53609.81,18058.93,0.1201261651823505,0.9927586335250792,-0.7071067811865477,0.7071067811865474,0.0,1.0,0,weekday,33.75
2024-01-09,2024,1,9,9,21,1,106.18,2024-01-09 21:00:00+00:00,2024-01-09 22:00:00+00:00,55671.92,331.5375,10239.175,0.0,51826.7,10570.7125,0.1371854040566005,0.9905453876091832,-0.7071067811865477,0.7071067811865474,0.7818314824680298,0.6234898018587336,0,weekday,30.405
2024-01-10,2024,1,10,10,21,2,104.49,2024-01-10 21:00:00+00:00,2024-01-10 22:00:00+00:00,56915.880000000005,581.82,3863.795,0.0,50352.67,4445.615,0.1542040475626894,0.988039023376751,-0.7071067811865477,0.7071067811865474,0.9749279121818236,-0.2225209339563143,0,weekday,31.145
2024-01-11,2024,1,11,11,21,3,100.0,2024-01-11 21:00:00+00:00,2024-01-11 22:00:00+00:00,56672.21,777.3,3684.53,0.0,48512.92,4461.83,0.1711770596101998,0.985240282501282,-0.7071067811865477,0.7071067811865474,0.4338837391175582,-0.900968867902419,0,weekday,30.7
2024-01-12,2024,1,12,12,21,4,93.37,2024-01-12 21:00:00+00:00,2024-01-12 22:00:00+00:00,54973.8675,3423.79,11678.14,0.0,53894.4,15101.93,0.1880994176117975,0.9821499931752292,-0.7071067811865477,0.7071067811865474,-0.433883739117558,-0.9009688679024191,0,weekday,31.46
2024-01-13,2024,1,13,13,21,5,64.3,2024-01-13 21:00:00+00:00,2024-01-13 22:00:00+00:00,49907.2525,5459.88,32505.5175,0.0,60747.46,37965.3975,0.2049661139694953,0.9787690698649216,-0.7071067811865477,0.7071067811865474,-0.9749279121818236,-0.2225209339563146,0,weekend,31.99
2024-01-14,2024,1,14,14,21,6,75.39,2024-01-14 21:00:00+00:00,2024-01-14 22:00:00+00:00,50200.645,5546.5375,29644.1875,0.0,59329.03,35190.725,0.2217721575564818,0.975098513039961,-0.7071067811865477,0.7071067811865474,-0.7818314824680299,0.6234898018587334,0,weekend,31.763333333333332
2024-01-15,2024,1,15,15,21,0,89.49,2024-01-15 21:00:00+00:00,2024-01-15 22:00:00+00:00,57159.65,4755.782499999999,18195.9475,0.0,56412.65,22951.73,0.2385125751940764,0.9711394088771652,-0.7071067811865477,0.7071067811865474,0.0,1.0,0,weekday,31.536666666666665
2024-01-16,2024,1,16,16,21,1,82.04,2024-01-16 21:00:00+00:00,2024-01-16 22:00:00+00:00,57572.7475,5736.2725,15461.5375,0.0,56388.56,21197.81,0.2551824131233728,0.966892928939152,-0.7071067811865477,0.7071067811865474,0.7818314824680298,0.6234898018587336,0,weekday,31.31
2024-01-17,2024,1,17,17,21,2,94.28,2024-01-17 21:00:00+00:00,2024-01-17 22:00:00+00:00,57037.73,1553.34,5870.965,0.0,48153.0,7424.305,0.2717767384711357,0.9623603298276544,-0.7071067811865477,0.7071067811865474,0.9749279121818236,-0.2225209339563143,0,weekday,29.135
2024-01-18,2024,1,18,18,21,3,80.93,2024-01-18 21:00:00+00:00,2024-01-18 22:00:00+00:00,57436.5475,5626.5175,16257.7675,0.0,56390.47,21884.285,0.2882906407095177,0.957542952811672,-0.7071067811865477,0.7071067811865474,0.4338837391175582,-0.900968867902419,0,weekday,27.675
2024-01-19,2024,1,19,19,21,4,68.64,2024-01-19 21:00:00+00:00,2024-01-19 22:00:00+00:00,57114.31,5200.93,28112.135,0.0,61451.66,33313.065,0.3047192331091634,0.9524422234305676,-0.7071067811865477,0.7071067811865474,-0.433883739117558,-0.9009688679024191,0,weekday,28.6
2024-01-20,2024,1,20,20,21,5,74.68,2024-01-20 21:00:00+00:00,2024-01-20 22:00:00+00:00,50908.3975,5995.6075,19002.9825,0.0,51993.98,24998.59,0.321057654185271,0.9470596510722284,-0.7071067811865477,0.7071067811865474,-0.9749279121818236,-0.2225209339563146,0,weekend,28.429
2024-01-21,2024,1,21,21,21,6,50.39,2024-01-21 21:00:00+00:00,2024-01-21 22:00:00+00:00,52907.055,5114.95,36621.565,0.0,63564.12,41736.515,0.3373010691361842,0.9413968285264122,-0.7071067811865477,0.7071067811865474,-0.7818314824680299,0.6234898018587334,0,weekend,27.767
2024-01-22,2024,1,22,22,21,0,55.89,2024-01-22 21:00:00+00:00,2024-01-22 22:00:00+00:00,58021.73,4812.805,40015.1375,0.0,67174.35,44827.9425,0.3534446712740877,0.9354554315134164,-0.7071067811865477,0.7071067811865474,0.0,1.0,0,weekday,27.105
2024-01-23,2024,1,23,23,21,1,45.36,2024-01-23 21:00:00+00:00,2024-01-23 22:00:00+00:00,57448.71,4937.8925,38869.5975,0.0,67943.91,43807.490000000005,0.3694836834473831,0.9292372181882051,-0.7071067811865477,0.7071067811865474,0.7818314824680298,0.6234898018587336,0,weekday,27.375
2024-01-24,2024,1,24,24,21,2,42.01,2024-01-24 21:00:00+00:00,2024-01-24 22:00:00+00:00,57764.505000000005,4316.2125,40187.4225,0.0,66422.09,44503.635,0.3854133594543256,0.9227440286201428,-0.7071067811865477,0.7071067811865474,0.9749279121818236,-0.2225209339563143,0,weekday,27.455
2024-01-25,2024,1,25,25,21,3,80.43,2024-01-25 21:00:00+00:00,2024-01-25 22:00:00+00:00,57731.6125,4013.585,10259.815,0.0,44975.16,14273.4,0.4012289854475009,0.9159777842484876,-0.7071067811865477,0.7071067811865474,0.4338837391175582,-0.900968867902419,0,weekday,28.8
2024-01-26,2024,1,26,26,21,4,59.58,2024-01-26 21:00:00+00:00,2024-01-26 22:00:00+00:00,56763.2125,5010.1675,31092.3875,0.0,58151.07,36102.555,0.4169258813287287,0.908940487313808,-0.7071067811865477,0.7071067811865474,-0.433883739117558,-0.9009688679024191,0,weekday,27.14
2024-01-27,2024,1,27,27,21,5,75.97,2024-01-27 21:00:00+00:00,2024-01-27 22:00:00+00:00,50352.965,4604.725,10238.31,0.0,42006.96,14843.035,0.4324994021339788,0.901634220265486,-0.7071067811865477,0.7071067811865474,-0.9749279121818236,-0.2225209339563146,0,weekend,28.079
2024-01-28,2024,1,28,28,21,6,59.43,2024-01-28 21:00:00+00:00,2024-01-28 22:00:00+00:00,51828.4125,5842.7175,24116.2525,0.0,53939.65,29958.97,0.4479449394078911,0.8940611451454876,-0.7071067811865477,0.7071067811865474,-0.7818314824680299,0.6234898018587334,0,weekend,28.3095
2024-01-29,2024,1,29,29,21,0,83.42,2024-01-29 21:00:00+00:00,2024-01-29 22:00:00+00:00,58588.9775,1470.6675,8287.5175,0.0,43015.22,9758.185,0.4632579225674917,0.88622350294858,-0.7071067811865477,0.7071067811865474,0.0,1.0,0,weekday,28.54
2024-01-30,2024,1,30,30,21,1,75.01,2024-01-30 21:00:00+00:00,2024-01-30 22:00:00+00:00,62324.8675,4668.665,23216.6075,0.0,57394.42,27885.2725,0.4784338202547012,0.8781236129591848,-0.7071067811865477,0.7071067811865474,0.7818314824680298,0.6234898018587336,0,weekday,28.05
2024-01-31,2024,1,31,31,21,2,54.08,2024-01-31 21:00:00+00:00,2024-01-31 22:00:00+00:00,61914.3075,5073.3575,34532.12,0.0,63991.3,39605.4775,0.4934681416772373,0.8697638720650646,-0.7071067811865477,0.7071067811865474,0.9749279121818236,-0.2225209339563143,0,weekday,29.49
2024-02-01,2024,2,1,32,21,3,81.88,2024-02-01 21:00:00+00:00,2024-02-01 22:00:00+00:00,59680.3475,5036.4725,20395.465,0.0,51905.48,25431.9375,0.5083564379375122,0.8611467540480452,-0.7071067811865477,0.7071067811865474,0.4338837391175582,-0.900968867902419,0,weekday,30.14
2024-02-02,2024,2,2,33,21,4,46.03,2024-02-02 21:00:00+00:00,2024-02-02 22:00:00+00:00,56053.8475,4731.1575,37952.7,0.0,64368.64,42683.8575,0.5230943033491326,0.8522748088519838,-0.7071067811865477,0.7071067811865474,-0.433883739117558,-0.9009688679024191,0,weekday,28.63
2024-02-03,2024,2,3,34,21,5,50.81,2024-02-03 21:00:00+00:00,2024-02-03 22:00:00+00:00,49184.235,5192.3775,30321.03,0.0,58053.87,35513.4075,0.5376773767406141,0.8431506618282,-0.7071067811865477,0.7071067811865474,-0.9749279121818236,-0.2225209339563146,0,weekend,29.305
2024-02-04,2024,2,4,35,21,6,24.44,2024-02-04 21:00:00+00:00,2024-02-04 22:00:00+00:00,49140.8125,4853.3575,41140.075,0.0,67464.03,45993.4325,0.5521013427459208,0.8337770129585915,-0.7071067811865477,0.7071067811865474,-0.7818314824680299,0.6234898018587334,0,weekend,29.5775
2024-02-05,2024,2,5,36,21,0,56.3,2024-02-05 21:00:00+00:00,2024-02-05 22:00:00+00:00,55758.5575,4236.0825,41304.025,0.0,67077.11,45540.1075,0.5663619330814524,0.8241566360566663,-0.7071067811865477,0.7071067811865474,0.0,1.0,0,weekday,29.85
2024-02-06,2024,2,6,37,21,1,56.52,2024-02-06 21:00:00+00:00,2024-02-06 22:00:00+00:00,55959.275,4976.26,40499.965,0.0,65154.42,45476.225,0.580454927809098,0.8142923779467267,-0.7071067811865477,0.7071067811865474,0.7818314824680298,0.6234898018587336,0,weekday,28.42
2024-02-07,2024,2,7,38,21,2,83.63,2024-02-07 21:00:00+00:00,2024-02-07 22:00:00+00:00,55316.585,1691.375,8879.845,0.0,49501.28,10571.22,0.5943761565849831,0.804187157621448,-0.7071067811865477,0.7071067811865474,0.9749279121818236,-0.2225209339563143,0,weekday,28.225
2024-02-08,2024,2,8,39,21,3,75.6,2024-02-08 21:00:00+00:00,2024-02-08 22:00:00+00:00,57093.9275,3533.8,16276.48,0.0,52325.31,19810.28,0.6081214998935418,0.7938439653781019,-0.7071067811865477,0.7071067811865474,0.4338837391175582,-0.900968867902419,0,weekday,28.15
2024-02-09,2024,2,9,40,21,4,74.91,2024-02-09 21:00:00+00:00,2024-02-09 22:00:00+00:00,56188.455,4673.47,14436.195,0.0,47548.04,19109.665,0.6216868902665479,0.7832658619336791,-0.7071067811865477,0.7071067811865474,-0.433883739117558,-0.9009688679024191,0,weekday,27.255
2024-02-10,2024,2,10,41,21,5,65.86,2024-02-10 21:00:00+00:00,2024-02-10 22:00:00+00:00,49745.9875,4001.75,14004.71,0.0,43508.83,18006.46,0.6350683134867438,0.7724559775191742,-0.7071067811865477,0.7071067811865474,-0.9749279121818236,-0.2225209339563146,0,weekend,27.115
2024-02-11,2024,2,11,42,21,6,68.39,2024-02-11 21:00:00+00:00,2024-02-11 22:00:00+00:00,51155.605,2271.02,13234.3425,0.0,43850.32,15505.3625,0.6482618097757122,0.7614175109532997,-0.7071067811865477,0.7071067811865474,-0.7818314824680299,0.6234898018587334,0,weekend,26.6475
2024-02-12,2024,2,12,43,21,0,65.87,2024-02-12 21:00:00+00:00,2024-02-12 22:00:00+00:00,57971.645,4838.389999999999,18016.9225,0.0,53315.63,22855.3125,0.6612634749656386,0.7501537286959042,-0.7071067811865477,0.7071067811865474,0.0,1.0,0,weekday,26.18
2024-02-13,2024,2,13,44,21,1,68.39,2024-02-13 21:00:00+00:00,2024-02-13 22:00:00+00:00,57867.7325,4719.6225,14786.4625,0.0,49994.08,19506.085,0.6740694616546161,0.7386679638813748,-0.7071067811865477,0.7071067811865474,0.7818314824680298,0.6234898018587336,0,weekday,26.15
2024-02-14,2024,2,14,45,21,2,68.2,2024-02-14 21:00:00+00:00,2024-02-14 22:00:00+00:00,57102.575,3062.8075,16806.690000000002,0.0,49921.28,19869.4975,0.6866759803451553,0.726963615332308,-0.7071067811865477,0.7071067811865474,0.9749279121818236,-0.2225209339563143,0,weekday,25.105
2024-02-15,2024,2,15,46,21,3,63.09,2024-02-15 21:00:00+00:00,2024-02-15 22:00:00+00:00,54499.4475,4714.7725,15759.325,0.0,49539.71,20474.0975,0.6990793005655562,0.7150441465537444,-0.7071067811865477,0.7071067811865474,0.4338837391175582,-0.900968867902419,0,weekday,24.85
2024-02-16,2024,2,16,47,21,4,68.05,2024-02-16 21:00:00+00:00,2024-02-16 22:00:00+00:00,53054.73,4989.8425,19517.6525,0.0,50726.5,24507.495,0.7112757519738152,0.7029130847082615,-0.7071067811865477,0.7071067811865474,-0.433883739117558,-0.9009688679024191,0,weekday,25.2
2024-02-17,2024,2,17,48,21,5,72.44,2024-02-17 21:00:00+00:00,2024-02-17 22:00:00+00:00,48023.5625,954.055,1353.6999999999998,0.0,32343.37,2307.755,0.7232617254437388,0.6905740195722293,-0.7071067811865477,0.7071067811865474,-0.9749279121818236,-0.2225209339563146,0,weekend,24.82
2024-02-18,2024,2,18,49,21,6,57.33,2024-02-18 21:00:00+00:00,2024-02-18 22:00:00+00:00,48996.8925,4544.1425,18847.845,0.0,47113.07,23391.987500000003,0.7350336741329413,0.6780306024735382,-0.7071067811865477,0.7071067811865474,-0.7818314824680299,0.6234898018587334,0,weekend,24.665
2024-02-19,2024,2,19,50,21,0,66.27,2024-02-19 21:00:00+00:00,2024-02-19 22:00:00+00:00,55749.7875,5258.58,18899.7925,0.0,51566.93,24158.3725,0.746588114532413,0.6652865452111116,-0.7071067811865477,0.7071067811865474,0.0,1.0,0,weekday,24.51
2024-02-20,2024,2,20,51,21,1,56.86,2024-02-20 21:00:00+00:00,2024-02-20 22:00:00+00:00,55885.065,5597.7625,26467.4475,0.0,59487.59,32065.21,0.7579216274973472,0.6523456189565257,-0.7071067811865477,0.7071067811865474,0.7818314824680298,0.6234898018587336,0,weekday,24.355
2024-02-21,2024,2,21,52,21,2,41.71,2024-02-21 21:00:00+00:00,2024-02-21 22:00:00+00:00,55458.915,5345.97,31636.585,0.0,60778.93,36982.555,0.7690308592589181,0.6392116531380588,-0.7071067811865477,0.7071067811865474,0.9749279121818236,-0.2225209339563143,0,weekday,24.1
2024-02-22,2024,2,22,53,21,3,12.06,2024-02-22 21:00:00+00:00,2024-02-22 22:00:00+00:00,56146.785,4855.0775,42855.1225,0.0,69139.71,47710.2,0.7799125224167177,0.6258885343075018,-0.7071067811865477,0.7071067811865474,0.4338837391175582,-0.900968867902419,0,weekday,23.975
2024-02-23,2024,2,23,54,21,4,67.98,2024-02-23 21:00:00+00:00,2024-02-23 22:00:00+00:00,54862.5775,4527.91,17971.47,0.0,48906.71,22499.38,0.7905633969115482,0.612380204990065,-0.7071067811865477,0.7071067811865474,-0.433883739117558,-0.9009688679024191,0,weekday,22.77
2024-02-24,2024,2,24,55,21,5,56.22,2024-02-24 21:00:00+00:00,2024-02-24 22:00:00+00:00,49552.645,3577.86,19907.3875,0.0,48143.05,23485.2475,0.8009803309782905,0.5986906625177214,-0.7071067811865477,0.7071067811865474,-0.9749279121818236,-0.2225209339563146,0,weekend,22.934
2024-02-25,2024,2,25,56,21,6,65.23,2024-02-25 21:00:00+00:00,2024-02-25 22:00:00+00:00,49951.295,687.4525,9259.6625,0.0,38265.16,9947.115,0.8111602420785621,0.5848239578463322,-0.7071067811865477,0.7071067811865474,-0.7818314824680299,0.6234898018587334,0,weekend,23.067
2024-02-26,2024,2,26,57,21,0,65.21,2024-02-26 21:00:00+00:00,2024-02-26 22:00:00+00:00,55648.98,2238.0950000000003,15146.72,0.0,48554.86,17384.815,0.8211001178128892,0.5707841943569036,-0.7071067811865477,0.7071067811865474,0.0,1.0,0,weekday,23.2
2024-02-27,2024,2,27,58,21,1,70.27,2024-02-27 21:00:00+00:00,2024-02-27 22:00:00+00:00,55857.8375,1951.17,3490.8,0.0,42682.53,5441.97,0.8307970168121247,0.5565755266413303,-0.7071067811865477,0.7071067811865474,0.7818314824680298,0.6234898018587336,0,weekday,23.25
2024-02-28,2024,2,28,59,21,2,64.02,2024-02-28 21:00:00+00:00,2024-02-28 22:00:00+00:00,55893.205,5575.65,10815.4725,0.0,46910.72,16391.122499999998,0.8402480696078469,0.5422021592729844,-0.7071067811865477,0.7071067811865474,0.9749279121818236,-0.2225209339563143,0,weekday,25.625
2024-02-29,2024,2,29,60,21,3,64.9,2024-02-29 21:00:00+00:00,2024-02-29 22:00:00+00:00,55199.085,5672.4525,17881.2675,0.0,50799.44,23553.72,0.8494504794814806,0.527668345562516,-0.7071067811865477,0.7071067811865474,0.4338837391175582,-0.900968867902419,0,weekday,25.55
2024-03-01,2024,3,1,61,21,4,70.06,2024-03-01 21:00:00+00:00,2024-03-01 22:00:00+00:00,52917.73,4475.8125,13257.545,0.0,47156.41,17733.3575,0.8584015232918917,0.512978386299228,-0.7071067811865477,0.7071067811865474,-0.433883739117558,-0.9009688679024191,0,weekday,25.275
2024-03-02,2024,3,2,62,21,5,60.94,2024-03-02 21:00:00+00:00,2024-03-02 22:00:00+00:00,47865.0475,4485.5175,18149.5025,0.0,48573.36,22635.02,0.8670985522812081,0.4981366284784055,-0.7071067811865477,0.7071067811865474,-0.9749279121818236,-0.2225209339563146,0,weekend,25.809
2024-03-03,2024,3,3,63,21,6,72.18,2024-03-03 21:00:00+00:00,2024-03-03 22:00:00+00:00,47697.0475,2746.3900000000003,9057.7925,0.0,39470.95,11804.1825,0.8755389928586302,0.4831474640149687,-0.7071067811865477,0.7071067811865474,-0.7818314824680299,0.6234898018587334,0,weekend,25.5045
2024-03-04,2024,3,4,64,21,0,67.49,2024-03-04 21:00:00+00:00,2024-03-04 22:00:00+00:00,54049.21,4783.1375,9690.7525,0.0,49111.13,14473.89,0.8837203473619977,0.4680153284438345,-0.7071067811865477,0.7071067811865474,0.0,1.0,0,weekday,25.2
2024-03-05,2024,3,5,65,21,1,76.08,2024-03-05 21:00:00+00:00,2024-03-05 22:00:00+00:00,54875.630000000005,5403.025,6570.922500000001,0.0,49409.91,11973.9475,0.8916401947968874,0.452744699607371,-0.7071067811865477,0.7071067811865474,0.7818314824680298,0.6234898018587336,0,weekday,26.66
2024-03-06,2024,3,6,66,21,2,77.98,2024-03-06 21:00:00+00:00,2024-03-06 22:00:00+00:00,55435.7375,2333.3450000000003,7355.69,0.0,45505.95,9689.035,0.8992961915530253,0.4373400963303323,-0.7071067811865477,0.7071067811865474,0.9749279121818236,-0.2225209339563143,0,weekday,27.065
2024-03-07,2024,3,7,67,21,3,73.32,2024-03-07 21:00:00+00:00,2024-03-07 22:00:00+00:00,54567.84,4414.9875,18494.71,0.0,50244.12,22909.6975,0.9066860720977984,0.4218060770826634,-0.7071067811865477,0.7071067811865474,0.4338837391175582,-0.900968867902419,0,weekday,26.015
2024-03-08,2024,3,8,68,21,4,65.03,2024-03-08 21:00:00+00:00,2024-03-08 22:00:00+00:00,54691.61,5350.625,27358.37,0.0,55421.6,32708.995,0.9138076496466616,0.4061472386305789,-0.7071067811865477,0.7071067811865474,-0.433883739117558,-0.9009688679024191,0,weekday,26.335
2024-03-09,2024,3,9,69,21,5,60.53,2024-03-09 21:00:00+00:00,2024-03-09 22:00:00+00:00,47302.765,5990.7275,21556.8425,0.0,49192.36,27547.57,0.9206588168102428,0.3903682146763026,-0.7071067811865477,0.7071067811865474,-0.9749279121818236,-0.2225209339563146,0,weekend,26.39
2024-03-10,2024,3,10,70,21,6,53.08,2024-03-10 21:00:00+00:00,2024-03-10 22:00:00+00:00,48377.78,5968.975,22809.0925,0.0,48898.41,28778.0675,0.9272375462179536,0.374473674486883,-0.7071067811865477,0.7071067811865474,-0.7818314824680299,0.6234898018587334,0,weekend,26.18
2024-03-11,2024,3,11,71,21,0,75.04,2024-03-11 21:00:00+00:00,2024-03-11 22:00:00+00:00,54855.96,4025.085,9683.65,0.0,46883.53,13708.735,0.9335418911179212,0.3584683215124808,-0.7071067811865477,0.7071067811865474,0.0,1.0,0,weekday,25.97
2024-03-12,2024,3,12,72,21,1,78.93,2024-03-12 21:00:00+00:00,2024-03-12 22:00:00+00:00,55098.49,791.53,5550.1825,0.0,42557.27,6341.7125,0.9395699859530622,0.342356891994542,-0.7071067811865477,0.7071067811865474,0.7818314824680298,0.6234898018587336,0,weekday,25.01
2024-03-13,2024,3,13,73,21,2,68.11,2024-03-13 21:00:00+00:00,2024-03-13 22:00:00+00:00,54682.4825,6140.0075,11150.8875,0.0,49426.48,17290.895,0.945320046913132,0.3261441535642696,-0.7071067811865477,0.7071067811865474,0.9749279121818236,-0.2225209339563143,0,weekday,25.1
2024-03-14,2024,3,14,74,21,3,59.62,2024-03-14 21:00:00+00:00,2024-03-14 22:00:00+00:00,53395.315,6037.3025,19097.5125,0.0,52140.95,25134.815,0.9507903724625832,0.3098349038318025,-0.7071067811865477,0.7071067811865474,0.4338837391175582,-0.900968867902419,0,weekday,24.675
2024-03-15,2024,3,15,75,21,4,56.35,2024-03-15 21:00:00+00:00,2024-03-15 22:00:00+00:00,52635.98,5367.32,20808.49,0.0,50046.42,26175.81,0.9559793438440766,0.2934339689665273,-0.7071067811865477,0.7071067811865474,-0.433883739117558,-0.9009688679024191,0,weekday,26.255
2024-03-16,2024,3,16,76,21,5,72.31,2024-03-16 21:00:00+00:00,2024-03-16 22:00:00+00:00,48083.7775,2486.605,13704.815,0.0,39803.09,16191.42,0.9608854255574976,0.2769462022689364,-0.7071067811865477,0.7071067811865474,-0.9749279121818236,-0.2225209339563146,0,weekend,27.026
2024-03-17,2024,3,17,77,21,6,72.1,2024-03-17 21:00:00+00:00,2024-03-17 22:00:00+00:00,48358.2475,5563.6825,12764.4425,0.0,42574.22,18328.125,0.9655071658143364,0.2603764827344581,-0.7071067811865477,0.7071067811865474,-0.7818314824680299,0.6234898018587334,0,weekend,27.5255
2024-03-18,2024,3,18,78,21,0,78.38,2024-03-18 21:00:00+00:00,2024-03-18 22:00:00+00:00,53137.7375,1747.83,6355.555,0.0,43630.98,8103.385,0.969843196967294,0.2437297136096838,-0.7071067811865477,0.7071067811865474,0.0,1.0,0,weekday,28.025
2024-03-19,2024,3,19,79,21,1,81.72,2024-03-19 21:00:00+00:00,2024-03-19 22:00:00+00:00,53433.1025,1526.505,5570.1375,0.0,44389.54,7096.6425,0.9738922359149924,0.2270108209414184,-0.7071067811865477,0.7071067811865474,0.7818314824680298,0.6234898018587336,0,weekday,28.9
2024-03-20,2024,3,20,80,21,2,96.07,2024-03-20 21:00:00+00:00,2024-03-20 22:00:00+00:00,53212.09,1680.52,1757.3725,0.0,42746.31,3437.8925,0.977653084481664,0.2102247521189836,-0.7071067811865477,0.7071067811865474,0.9749279121818236,-0.2225209339563143,0,weekday,28.385
2024-03-21,2024,3,21,81,21,3,77.48,2024-03-21 21:00:00+00:00,2024-03-21 22:00:00+00:00,53320.465,4896.952499999999,6173.63,0.0,44733.31,11070.5825,0.981124629771712,0.1933764744102058,-0.7071067811865477,0.7071067811865474,0.4338837391175582,-0.900968867902419,0,weekday,27.045
2024-03-22,2024,3,22,82,21,4,80.15,2024-03-22 21:00:00+00:00,2024-03-22 22:00:00+00:00,51931.6375,3773.4075,7958.5025,0.0,39426.98,11731.91,0.984305844499033,0.1764709734915216,-0.7071067811865477,0.7071067811865474,-0.433883739117558,-0.9009688679024191,0,weekday,26.525
2024-03-23,2024,3,23,83,21,5,40.28,2024-03-23 21:00:00+00:00,2024-03-23 22:00:00+00:00,48082.545,5837.2825,25059.0,0.0,51076.28,30896.2825,0.9871957872910084,0.1595132519726365,-0.7071067811865477,0.7071067811865474,-0.9749279121818236,-0.2225209339563146,0,weekend,27.776
2024-03-24,2024,3,24,84,21,6,64.27,2024-03-24 21:00:00+00:00,2024-03-24 22:00:00+00:00,48868.455,4512.9575,27132.112500000003,0.0,52502.78,31645.070000000003,0.9897936029670716,0.1425083279161708,-0.7071067811865477,0.7071067811865474,-0.7818314824680299,0.6234898018587334,0,weekend,28.3005
2024-03-25,2024,3,25,85,21,0,79.56,2024-03-25 21:00:00+00:00,2024-03-25 22:00:00+00:00,53149.975,865.2575,11035.9275,0.0,46237.22,11901.185,0.992098522791769,0.1254612333527364,-0.7071067811865477,0.7071067811865474,0.0,1.0,0,weekday,28.825
2024-03-26,2024,3,26,86,21,1,72.82,2024-03-26 21:00:00+00:00,2024-03-26 22:00:00+00:00,53433.6975,5081.4675,18353.0975,0.0,50236.2,23434.565,0.9941098647022418,0.108377012791876,-0.7071067811865477,0.7071067811865474,0.7818314824680298,0.6234898018587336,0,weekday,27.61
2024-03-27,2024,3,27,87,21,2,83.02,2024-03-27 21:00:00+00:00,2024-03-27 22:00:00+00:00,53534.205,1417.0025,11961.2475,0.0,40889.4,13378.25,0.9958270335100596,0.0912607217293118,-0.7071067811865477,0.7071067811865474,0.9749279121818236,-0.2225209339563143,0,weekday,27.35
2024-03-28,2024,3,28,88,21,3,33.05,2024-03-28 21:00:00+00:00,2024-03-28 22:00:00+00:00,51838.8675,5869.655,29488.4375,0.0,53918.74,35358.0925,0.9972495210773452,0.0741174251509443,-0.7071067811865477,0.7071067811865474,0.4338837391175582,-0.900968867902419,0,weekday,27.55
2024-03-29,2024,3,29,89,21,4,75.89,2024-03-29 21:00:00+00:00,2024-03-29 22:00:00+00:00,48207.7475,4265.9225,9189.7575,0.0,37586.04,13455.68,0.998376906467142,0.0569521960340397,-0.7071067811865477,0.7071067811865474,-0.433883739117558,-0.9009688679024191,1,holiday,27.34
2024-03-30,2024,3,30,90,21,5,70.83,2024-03-30 21:00:00+00:00,2024-03-30 22:00:00+00:00,45520.245,1534.045,12123.2025,0.0,36731.2,13657.2475,0.9992088560679752,0.0397701138460557,-0.7071067811865477,0.7071067811865474,-0.9749279121818236,-0.2225209339563146,0,weekend,27.34
2024-03-31,2024,3,31,91,21,6,64.51,2024-03-31 21:00:00+00:00,2024-03-31 22:00:00+00:00,42537.135,1510.59,7768.3925,0.0,28554.83,9278.9825,0.9997451236925734,0.0225762630415454,-0.7071067811865477,0.7071067811865474,-0.7818314824680299,0.6234898018587334,0,weekend,27.34
2024-04-01,2024,4,1,92,21,0,25.97,2024-04-01 21:00:00+00:00,2024-04-01 22:00:00+00:00,46842.45,3005.09,27406.2025,0.0,46345.08,30411.2925,0.9999855506507186,0.0053757315575838,-0.7071067811865477,0.7071067811865474,0.0,1.0,1,holiday,27.34
2024-04-02,2024,4,2,93,21,1,74.86,2024-04-02 21:00:00+00:00,2024-04-02 22:00:00+00:00,47712.995,1141.02,24094.1625,0.0,45598.21,25235.1825,0.9999300657962056,-0.0118263906918325,-0.7071067811865477,0.7071067811865474,0.7818314824680298,0.6234898018587336,0,weekday,27.35
2024-04-03,2024,4,3,94,21,2,75.51,2024-04-03 21:00:00+00:00,2024-04-03 22:00:00+00:00,47567.8225,5044.22,18022.6925,0.0,49031.26,23066.9125,0.9995786855478958,-0.0290250133219752,-0.7071067811865477,0.7071067811865474,0.9749279121818236,-0.2225209339563143,0,weekday,25.7
2024-04-04,2024,4,4,95,21,3,71.47,2024-04-04 21:00:00+00:00,2024-04-04 22:00:00+00:00,47729.5225,3493.7475,22945.2325,0.0,46189.98,26438.98,0.9989315138848576,-0.0462150469837083,-0.7071067811865477,0.7071067811865474,0.4338837391175582,-0.900968867902419,0,weekday,25.685
2024-04-05,2024,4,5,96,21,4,56.13,2024-04-05 21:00:00+00:00,2024-04-05 22:00:00+00:00,47588.45,6103.83,24777.135,0.0,49486.56,30880.965,0.9979887423155984,-0.0633914048695103,-0.7071067811865477,0.7071067811865474,-0.433883739117558,-0.9009688679024191,0,weekday,26.56
2024-04-06,2024,4,6,97,21,5,45.07,2024-04-06 21:00:00+00:00,2024-04-06 22:00:00+00:00,42551.68,5865.5125,25179.4075,0.0,48510.75,31044.92,0.9967506498213928,-0.0805490042187416,-0.7071067811865477,0.7071067811865474,-0.9749279121818236,-0.2225209339563146,0,weekend,26.605
2024-04-07,2024,4,7,98,21,6,77.46,2024-04-07 21:00:00+00:00,2024-04-07 22:00:00+00:00,43525.645,5186.0225,8616.752499999999,0.0,37630.31,13802.774999999998,0.9952176027737294,-0.0976827678217159,-0.7071067811865477,0.7071067811865474,-0.7818314824680299,0.6234898018587334,0,weekend,26.55
2024-04-08,2024,4,8,99,21,0,77.0,2024-04-08 21:00:00+00:00,2024-04-08 22:00:00+00:00,47725.205,3261.9425,13484.305,0.0,43676.85,16746.2475,0.9933900548258936,-0.114787625522127,-0.7071067811865477,0.7071067811865474,0.0,1.0,0,weekday,26.495
2024-04-09,2024,4,9,100,21,1,60.51,2024-04-09 21:00:00+00:00,2024-04-09 22:00:00+00:00,48470.79,5295.3475,26505.265,0.0,52946.85,31800.6125,0.9912685467787256,-0.1318585157173911,-0.7071067811865477,0.7071067811865474,0.7818314824680298,0.6234898018587336,0,weekday,27.955
2024-04-10,2024,4,10,101,21,2,86.1,2024-04-10 21:00:00+00:00,2024-04-10 22:00:00+00:00,47980.39,5300.3475,8557.7975,0.0,41422.8,13858.145,0.9888537064205885,-0.1488903868564548,-0.7071067811865477,0.7071067811865474,0.9749279121818236,-0.2225209339563143,0,weekday,27.53
2024-04-11,2024,4,11,102,21,3,82.42,2024-04-11 21:00:00+00:00,2024-04-11 22:00:00+00:00,49084.88,3229.585,8593.23,0.0,37254.17,11822.815,0.986146248341595,-0.1658781989346314,-0.7071067811865477,0.7071067811865474,0.4338837391175582,-0.900968867902419,0,weekday,27.75
2024-04-12,2024,4,12,103,21,4,77.99,2024-04-12 21:00:00+00:00,2024-04-12 22:00:00+00:00,48466.8475,4223.1900000000005,12669.335,0.0,37490.81,16892.525,0.98314697372215,-0.1828169249850199,-0.7071067811865477,0.7071067811865474,-0.433883739117558,-0.9009688679024191,0,weekday,29.565
2024-04-13,2024,4,13,104,21,5,21.11,2024-04-13 21:00:00+00:00,2024-04-13 22:00:00+00:00,43210.100000000006,4641.1025,25415.3125,0.0,48571.6,30056.415,0.9798567700958664,-0.1997015525660636,-0.7071067811865477,0.7071067811865474,-0.9749279121818236,-0.2225209339563146,0,weekend,30.732
2024-04-14,2024,4,14,105,21,6,103.95,2024-04-14 21:00:00+00:00,2024-04-14 22:00:00+00:00,43149.2,2274.98,4382.3525,0.0,30227.27,6657.3325,0.976276611086932,-0.2165270852448143,-0.7071067811865477,0.7071067811865474,-0.7818314824680299,0.6234898018587334,0,weekend,30.981
2024-04-15,2024,4,15,106,21,0,53.77,2024-04-15 21:00:00+00:00,2024-04-15 22:00:00+00:00,49596.865000000005,5002.2525000000005,34561.0775,0.0,55464.96,39563.33,0.9724075561219968,-0.2332885440754551,-0.7071067811865477,0.7071067811865474,0.0,1.0,0,weekday,31.23
2024-04-16,2024,4,16,107,21,1,90.1,2024-04-16 21:00:00+00:00,2024-04-16 22:00:00+00:00,50532.135,1989.4125,10503.845,0.0,40898.28,12493.2575,0.9682507501166718,-0.2499809690726521,-0.7071067811865477,0.7071067811865474,0.7818314824680298,0.6234898018587336,0,weekday,32.02
2024-04-17,2024,4,17,108,21,2,99.04,2024-04-17 21:00:00+00:00,2024-04-17 22:00:00+00:00,50083.695,1336.8775,4108.4425,0.0,39871.25,5445.32,0.9638074231367308,-0.2665994206792935,-0.7071067811865477,0.7071067811865474,0.9749279121818236,-0.2225209339563143,0,weekday,33.7
2024-04-18,2024,4,18,109,21,3,89.89,2024-04-18 21:00:00+00:00,2024-04-18 22:00:00+00:00,50060.2925,4110.21,9696.14,0.0,40945.18,13806.35,0.9590788900341132,-0.2831389812281835,-0.7071067811865477,0.7071067811865474,0.4338837391175582,-0.900968867902419,0,weekday,30.98
2024-04-19,2024,4,19,110,21,4,65.27,2024-04-19 21:00:00+00:00,2024-04-19 22:00:00+00:00,48938.6,4472.1075,22873.99,0.0,47556.36,27346.097500000003,0.9540665500578388,-0.2995947563972602,-0.7071067811865477,0.7071067811865474,-0.433883739117558,-0.9009688679024191,0,weekday,33.615
2024-04-20,2024,4,20,111,21,5,86.07,2024-04-20 21:00:00+00:00,2024-04-20 22:00:00+00:00,45234.1525,2661.64,7215.165,0.0,34099.37,9876.805,0.9487718864399473,-0.3159618766579029,-0.7071067811865477,0.7071067811865474,-0.9749279121818236,-0.2225209339563146,0,weekend,30.758
2024-04-21,2024,4,21,112,21,6,89.41,2024-04-21 21:00:00+00:00,2024-04-21 22:00:00+00:00,44418.5875,2647.7375,8241.9975,0.0,35062.44,10889.735,0.9431964659565866,-0.3322354987159043,-0.7071067811865477,0.7071067811865474,-0.7818314824680299,0.6234898018587334,0,weekend,30.304000000000002
2024-04-22,2024,4,22,113,21,0,105.77,2024-04-22 21:00:00+00:00,2024-04-22 22:00:00+00:00,50091.9575,298.165,5084.58,0.0,40757.28,5382.745,0.9373419384643772,-0.3484108069446808,-0.7071067811865477,0.7071067811865474,0.0,1.0,0,weekday,29.85
2024-04-23,2024,4,23,114,21,1,92.73,2024-04-23 21:00:00+00:00,2024-04-23 22:00:00+00:00,50082.625,3907.285,5322.6625,0.0,40969.19,9229.9475,0.9312100364121948,-0.3644830148102912,-0.7071067811865477,0.7071067811865474,0.7818314824680298,0.6234898018587336,0,weekday,28.965
2024-04-24,2024,4,24,115,21,2,105.31,2024-04-24 21:00:00+00:00,2024-04-24 22:00:00+00:00,50093.6075,1334.5525,7581.865,0.0,42756.66,8916.4175,0.9248025743285088,-0.3804473662878516,-0.7071067811865477,0.7071067811865474,0.9749279121818236,-0.2225209339563143,0,weekday,29.12
2024-04-25,2024,4,25,116,21,3,91.35,2024-04-25 21:00:00+00:00,2024-04-25 22:00:00+00:00,48792.692500000005,1262.0475,8023.58,0.0,42169.3,9285.6275,0.9181214482844364,-0.3962991372689181,-0.7071067811865477,0.7071067811865474,0.4338837391175582,-0.900968867902419,0,weekday,29.645
2024-04-26,2024,4,26,117,21,4,92.71,2024-04-26 21:00:00+00:00,2024-04-26 22:00:00+00:00,48494.14,357.555,4571.297500000001,0.0,38327.88,4928.852500000001,0.9111686353326632,-0.4120336369594263,-0.7071067811865477,0.7071067811865474,-0.433883739117558,-0.9009688679024191,0,weekday,29.865
2024-04-27,2024,4,27,118,21,5,75.9,2024-04-27 21:00:00+00:00,2024-04-27 22:00:00+00:00,41902.2325,3206.9325,18932.06,0.0,40073.81,22138.9925,0.9039461929224012,-0.4276462092677746,-0.7071067811865477,0.7071067811865474,-0.9749279121818236,-0.2225209339563146,0,weekend,28.885
2024-04-28,2024,4,28,119,21,6,72.21,2024-04-28 21:00:00+00:00,2024-04-28 22:00:00+00:00,43299.15,6013.0175,14774.985,0.0,39996.68,20788.0025,0.8964562582905575,-0.4431322341826345,-0.7071067811865477,0.7071067811865474,-0.7818314824680299,0.6234898018587334,0,weekend,28.439500000000002
2024-04-29,2024,4,29,120,21,0,87.29,2024-04-29 21:00:00+00:00,2024-04-29 22:00:00+00:00,47451.34,1626.025,10805.005,0.0,38421.5,12431.03,0.8887010478292915,-0.4584871291400876,-0.7071067811865477,0.7071067811865474,0.0,1.0,0,weekday,27.994
2024-04-30,2024,4,30,121,21,1,77.97,2024-04-30 21:00:00+00:00,2024-04-30 22:00:00+00:00,45400.75,4063.635,14226.9825,0.0,39117.71,18290.6175,0.8806828564301475,-0.47370635037968,-0.7071067811865477,0.7071067811865474,0.7818314824680298,0.6234898018587336,0,weekday,28.45
2024-05-01,2024,5,1,122,21,2,29.92,2024-05-01 21:00:00+00:00,2024-05-01 22:00:00+00:00,42957.9925,5496.145,26163.4475,0.0,48694.76,31659.5925,0.8724040568049612,-0.4887853942889926,-0.7071067811865477,0.7071067811865474,0.9749279121818236,-0.2225209339563143,1,holiday,28.7
2024-05-02,2024,5,2,123,21,3,78.21,2024-05-02 21:00:00+00:00,2024-05-02 22:00:00+00:00,47151.0,5440.77,21831.92,0.0,47338.11,27272.69,0.8638670987837349,-0.503719798736334,-0.7071067811865477,0.7071067811865474,0.4338837391175582,-0.900968867902419,0,weekday,28.525
2024-05-03,2024,5,3,124,21,4,93.46,2024-05-03 21:00:00+00:00,2024-05-03 22:00:00+00:00,47208.6675,4421.57,6688.6375,0.0,35133.99,11110.2075,0.8550745085896932,-0.518505144391157,-0.7071067811865477,0.7071067811865474,-0.433883739117558,-0.9009688679024191,0,weekday,30.71
2024-05-04,2024,5,4,125,21,5,90.26,2024-05-04 21:00:00+00:00,2024-05-04 22:00:00+00:00,42990.9775,1579.9475,6489.7625,0.0,37268.49,8069.71,0.8460288880917339,-0.533137056031809,-0.7071067811865477,0.7071067811865474,-0.9749279121818236,-0.2225209339563146,0,weekend,30.53
2024-05-05,2024,5,5,126,21,6,98.74,2024-05-05 21:00:00+00:00,2024-05-05 22:00:00+00:00,43165.7225,790.9300000000001,7372.3675,0.0,32493.78,8163.297500000001,0.8367329140344921,-0.5476112038402312,-0.7071067811865477,0.7071067811865474,-0.7818314824680299,0.6234898018587334,0,weekend,30.625
2024-05-06,2024,5,6,127,21,0,94.58,2024-05-06 21:00:00+00:00,2024-05-06 22:00:00+00:00,48150.185,1065.275,7142.98,0.0,36854.63,8208.255,0.8271893372462497,-0.5619233046832195,-0.7071067811865477,0.7071067811865474,0.0,1.0,0,weekday,30.72
2024-05-07,2024,5,7,128,21,1,101.7,2024-05-07 21:00:00+00:00,2024-05-07 22:00:00+00:00,48149.0725,563.4125,6869.8825,0.0,37558.13,7433.295,0.8174009818249189,-0.5760691233798758,-0.7071067811865477,0.7071067811865474,0.7818314824680298,0.6234898018587336,0,weekday,31.6
2024-05-08,2024,5,8,129,21,2,96.54,2024-05-08 21:00:00+00:00,2024-05-08 22:00:00+00:00,47215.3475,99.0525,4907.7675,0.0,34256.56,5006.82,0.8073707443023492,-0.5900444739548627,-0.7071067811865477,0.7071067811865474,0.9749279121818236,-0.2225209339563143,0,weekday,30.585
2024-05-09,2024,5,9,130,21,3,99.94,2024-05-09 21:00:00+00:00,2024-05-09 22:00:00+00:00,42799.955,1025.9,3162.845,0.0,30716.47,4188.745,0.7971015927871943,-0.6038452208771035,-0.7071067811865477,0.7071067811865474,0.4338837391175582,-0.900968867902419,1,holiday,30.835
2024-05-10,2024,5,10,131,21,4,104.87,2024-05-10 21:00:00+00:00,2024-05-10 22:00:00+00:00,46251.8175,133.85,4415.5125,0.0,32812.01,4549.3625,0.7865965660866021,-0.6174672802835514,-0.7071067811865477,0.7071067811865474,-0.433883739117558,-0.9009688679024191,0,weekday,30.74
2024-05-11,2024,5,11,132,21,5,86.26,2024-05-11 21:00:00+00:00,2024-05-11 22:00:00+00:00,40725.49,1723.9725,11318.1125,0.0,34270.23,13042.085,0.7758587728069828,-0.6309066211876704,-0.7071067811865477,0.7071067811865474,-0.9749279121818236,-0.2225209339563146,0,weekend,30.03
2024-05-12,2024,5,12,133,21,6,44.6,2024-05-12 21:00:00+00:00,2024-05-12 22:00:00+00:00,42411.4825,5550.2575,21778.3525,0.0,46153.91,27328.61,0.7648913904341225,-0.6441592666722685,-0.7071067811865477,0.7071067811865474,-0.7818314824680299,0.6234898018587334,0,weekend,29.8125
2024-05-13,2024,5,13,134,21,0,69.55,2024-05-13 21:00:00+00:00,2024-05-13 22:00:00+00:00,47582.3525,5064.3,20838.285,0.0,45373.54,25902.585,0.753697664392914,-0.6572212950663319,-0.7071067811865477,0.7071067811865474,0.0,1.0,0,weekday,29.595
2024-05-14,2024,5,14,135,21,1,45.35,2024-05-14 21:00:00+00:00,2024-05-14 22:00:00+00:00,47713.39,5727.9375,25440.8275,0.0,50090.99,31168.765,0.742280907086982,-0.6700888411055113,-0.7071067811865477,0.7071067811865474,0.7818314824680298,0.6234898018587336,0,weekday,29.765
2024-05-15,2024,5,15,136,21,2,63.64,2024-05-15 21:00:00+00:00,2024-05-15 22:00:00+00:00,46937.41,5768.185,23480.445,0.0,48348.13,29248.63,0.7306444969184916,-0.6827580970759147,-0.7071067811865477,0.7071067811865474,0.9749279121818236,-0.2225209339563143,0,weekday,29.585
2024-05-16,2024,5,16,137,21,3,82.57,2024-05-16 21:00:00+00:00,2024-05-16 22:00:00+00:00,48890.9325,4971.15,18911.25,0.0,44603.28,23882.4,0.7187918772884232,-0.6952253139408722,-0.7071067811865477,0.7071067811865474,0.4338837391175582,-0.900968867902419,0,weekday,29.51
2024-05-17,2024,5,17,138,21,4,89.39,2024-05-17 21:00:00+00:00,2024-05-17 22:00:00+00:00,48664.6125,5407.08,15624.4,0.0,42594.94,21031.48,0.7067265555776158,-0.7074868024503348,-0.7071067811865477,0.7071067811865474,-0.433883739117558,-0.9009688679024191,0,weekday,30.88
2024-05-18,2024,5,18,139,21,5,96.52,2024-05-18 21:00:00+00:00,2024-05-18 22:00:00+00:00,40018.0475,2174.7425000000003,4816.695,0.0,31907.23,6991.4375,0.6944521021088763,-0.719538934232584,-0.7071067811865477,0.7071067811865474,-0.9749279121818236,-0.2225209339563146,0,weekend,30.769
2024-05-19,2024,5,19,140,21,6,101.93,2024-05-19 21:00:00+00:00,2024-05-19 22:00:00+00:00,41218.2775,3320.6725,3539.535,0.0,29757.52,6860.2075,0.6819721490904629,-0.7313781428679254,-0.7071067811865477,0.7071067811865474,-0.7818314824680299,0.6234898018587334,0,weekend,31.0445
2024-05-20,2024,5,20,141,21,0,96.63,2024-05-20 21:00:00+00:00,2024-05-20 22:00:00+00:00,43556.3075,3506.8825,8179.3725,0.0,34944.46,11686.255,0.6692903895412567,-0.7430009249440493,-0.7071067811865477,0.7071067811865474,0.0,1.0,1,holiday,31.32
2024-05-21,2024,5,21,142,21,1,83.05,2024-05-21 21:00:00+00:00,2024-05-21 22:00:00+00:00,47852.3475,5003.375,20965.1525,0.0,47001.68,25968.5275,0.6564105761979381,-0.7544038410927472,-0.7071067811865477,0.7071067811865474,0.7818314824680298,0.6234898018587336,0,weekday,31.625
2024-05-22,2024,5,22,143,21,2,107.71,2024-05-22 21:00:00+00:00,2024-05-22 22:00:00+00:00,48544.755,1943.86,5123.215,0.0,36679.75,7067.075,0.6433365204044917,-0.765583517007675,-0.7071067811865477,0.7071067811865474,0.9749279121818236,-0.2225209339563143,0,weekday,32.88
2024-05-23,2024,5,23,144,21,3,126.15,2024-05-23 21:00:00+00:00,2024-05-23 22:00:00+00:00,48113.5175,663.9675,1221.6525,0.0,35980.25,1885.62,0.6300720909843687,-0.7765366444428655,-0.7071067811865477,0.7071067811865474,0.4338837391175582,-0.900968867902419,0,weekday,34.62
2024-05-24,2024,5,24,145,21,4,109.67,2024-05-24 21:00:00+00:00,2024-05-24 22:00:00+00:00,48028.645,2199.6275,7229.635,0.0,41319.62,9429.2625,0.6166212130956382,-0.7872599821916922,-0.7071067811865477,0.7071067811865474,-0.433883739117558,-0.9009688679024191,0,weekday,35.6
2024-05-25,2024,5,25,146,21,5,115.77,2024-05-25 21:00:00+00:00,2024-05-25 22:00:00+00:00,40441.2975,1189.2125,1675.7375,0.0,30367.49,2864.95,0.6029878670694714,-0.7977503570459932,-0.7071067811865477,0.7071067811865474,-0.9749279121818236,-0.2225209339563146,0,weekend,34.115
2024-05-26,2024,5,26,147,21,6,106.94,2024-05-26 21:00:00+00:00,2024-05-26 22:00:00+00:00,41218.82,1656.575,6538.115,0.0,33832.89,8194.69,0.5891760872322963,-0.8080046647350754,-0.7071067811865477,0.7071067811865474,-0.7818314824680299,0.6234898018587334,0,weekend,34.21333333333333
2024-05-27,2024,5,27,148,21,0,131.4,2024-05-27 21:00:00+00:00,2024-05-27 22:00:00+00:00,47670.3675,136.815,3666.175,0.0,38669.83,3802.99,0.5751899607119775,-0.8180198708443174,-0.7071067811865477,0.7071067811865474,0.0,1.0,0,weekday,34.31166666666667
2024-05-28,2024,5,28,149,21,1,100.09,2024-05-28 21:00:00+00:00,2024-05-28 22:00:00+00:00,48240.4275,2154.1325,8506.904999999999,0.0,40781.61,10661.0375,0.5610336262283677,-0.8277930117131022,-0.7071067811865477,0.7071067811865474,0.7818314824680298,0.6234898018587336,0,weekday,34.41
2024-05-29,2024,5,29,150,21,2,120.39,2024-05-29 21:00:00+00:00,2024-05-29 22:00:00+00:00,48386.3175,2348.775,6768.6975,0.0,37901.08,9117.4725,0.5467112728685939,-0.8373211953118121,-0.7071067811865477,0.7071067811865474,0.9749279121818236,-0.2225209339563143,0,weekday,34.135
2024-05-30,2024,5,30,151,21,3,112.11,2024-05-30 21:00:00+00:00,2024-05-30 22:00:00+00:00,43892.4025,287.18,3290.8425,0.0,32046.4,3578.0225,0.5322271388474397,-0.8466016020976267,-0.7071067811865477,0.7071067811865474,0.4338837391175582,-0.900968867902419,0,weekday,33.875
2024-05-31,2024,5,31,152,21,4,101.74,2024-05-31 21:00:00+00:00,2024-05-31 22:00:00+00:00,45450.9225,3793.1125,7666.9575,0.0,34892.67,11460.07,0.5175855102531889,-0.8556314858488706,-0.7071067811865477,0.7071067811865474,-0.433883739117558,-0.9009688679024191,0,weekday,35.28
2024-06-01,2024,6,1,153,21,5,84.48,2024-06-01 21:00:00+00:00,2024-06-01 22:00:00+00:00,41222.73,4904.2575,11507.5625,0.0,40119.59,16411.82,0.5027907197793043,-0.8644081744776648,-0.7071067811865477,0.7071067811865474,-0.9749279121818236,-0.2225209339563146,0,weekend,34.223
2024-06-02,2024,6,2,154,21,6,109.01,2024-06-02 21:00:00+00:00,2024-06-02 22:00:00+00:00,42247.8475,3909.56,13434.5175,0.0,39613.82,17344.0775,0.4878471454423119,-0.8729290708206411,-0.7071067811865477,0.7071067811865474,-0.7818314824680299,0.6234898018587334,0,weekend,35.2265
2024-06-03,2024,6,3,155,21,0,149.29,2024-06-03 21:00:00+00:00,2024-06-03 22:00:00+00:00,46922.515,1090.62,4148.19,0.0,34941.31,5238.81,0.4727592092862775,-0.881191653407483,-0.7071067811865477,0.7071067811865474,0.0,1.0,0,weekday,36.23
2024-06-04,2024,6,4,156,21,1,107.34,2024-06-04 21:00:00+00:00,2024-06-04 22:00:00+00:00,47275.43,4518.0725,11272.5125,0.0,45072.09,15790.585,0.4575313760742512,-0.8891934772070711,-0.7071067811865477,0.7071067811865474,0.7818314824680298,0.6234898018587336,0,weekday,36.075
2024-06-05,2024,6,5,157,21,2,141.47,2024-06-05 21:00:00+00:00,2024-06-05 22:00:00+00:00,46752.0475,2597.8575,4106.1825,0.0,38323.14,6704.04,0.442168151967072,-0.8969321743510065,-0.7071067811865477,0.7071067811865474,0.9749279121818236,-0.2225209339563143,0,weekday,33.75
2024-06-06,2024,6,6,158,21,3,132.45,2024-06-06 21:00:00+00:00,2024-06-06 22:00:00+00:00,47662.8975,900.4175,2473.0075,0.0,35427.08,3373.425,0.4266740831899246,-0.9044054548343,-0.7071067811865477,0.7071067811865474,0.4338837391175582,-0.900968867902419,0,weekday,33.225
2024-06-07,2024,6,7,159,21,4,126.88,2024-06-07 21:00:00+00:00,2024-06-07 22:00:00+00:00,47008.9475,3263.755,2114.8625,0.0,34630.98,5378.6175,0.4110537546870351,-0.911611107193024,-0.7071067811865477,0.7071067811865474,-0.433883739117558,-0.9009688679024191,0,weekday,32.885
2024-06-08,2024,6,8,160,21,5,100.0,2024-06-08 21:00:00+00:00,2024-06-08 22:00:00+00:00,41882.4325,5298.5175,12953.995,0.0,40074.75,18252.5125,0.3953117887649151,-0.9185469991587164,-0.7071067811865477,0.7071067811865474,-0.9749279121818236,-0.2225209339563146,0,weekend,33.109
2024-06-09,2024,6,9,161,21,6,108.42,2024-06-09 21:00:00+00:00,2024-06-09 22:00:00+00:00,42214.415,5208.5575,8688.317500000001,0.0,39733.56,13896.875,0.3794528437245443,-0.925211078289358,-0.7071067811865477,0.7071067811865474,-0.7818314824680299,0.6234898018587334,0,weekend,33.057
2024-06-10,2024,6,10,162,21,0,98.41,2024-06-10 21:00:00+00:00,2024-06-10 22:00:00+00:00,47152.555,4781.3825,16053.18,0.0,47086.59,20834.5625,0.3634816124829063,-0.9316013725767188,-0.7071067811865477,0.7071067811865474,0.0,1.0,0,weekday,33.005
2024-06-11,2024,6,11,163,21,1,106.74,2024-06-11 21:00:00+00:00,2024-06-11 22:00:00+00:00,47628.4925,5249.235,10862.115,0.0,42269.5,16111.35,0.3474028211842774,-0.9377159910299092,-0.7071067811865477,0.7071067811865474,0.7818314824680298,0.6234898018587336,0,weekday,33.675
2024-06-12,2024,6,12,164,21,2,130.88,2024-06-12 21:00:00+00:00,2024-06-12 22:00:00+00:00,47092.2025,2406.5575,4818.05,0.0,40555.63,7224.6075,0.3312212278016865,-0.9435531242349544,-0.7071067811865477,0.7071067811865474,0.9749279121818236,-0.2225209339563143,0,weekday,34.055
2024-06-13,2024,6,13,165,21,3,108.37,2024-06-13 21:00:00+00:00,2024-06-13 22:00:00+00:00,47703.865000000005,1218.0075,4840.5075,0.0,39436.03,6058.514999999999,0.3149416207289519,-0.9491110448902284,-0.7071067811865477,0.7071067811865474,0.4338837391175582,-0.900968867902419,0,weekday,35.665
2024-06-14,2024,6,14,166,21,4,83.41,2024-06-14 21:00:00+00:00,2024-06-14 22:00:00+00:00,47030.12,3110.4750000000004,15405.035,0.0,41315.11,18515.51,0.2985688173637202,-0.9543881083175908,-0.7071067811865477,0.7071067811865474,-0.433883739117558,-0.9009688679024191,0,weekday,35.375
2024-06-15,2024,6,15,167,21,5,64.3,2024-06-15 21:00:00+00:00,2024-06-15 22:00:00+00:00,42157.07,4772.827499999999,10741.065,0.0,36668.47,15513.8925,0.2821076626819194,-0.9593827529490744,-0.7071067811865477,0.7071067811865474,-0.9749279121818236,-0.2225209339563146,0,weekend,35.36
2024-06-16,2024,6,16,168,21,6,120.34,2024-06-16 21:00:00+00:00,2024-06-16 22:00:00+00:00,42840.745,2151.5275,7456.19,0.0,33770.97,9607.7175,0.2655630278040559,-0.9640935007889756,-0.7071067811865477,0.7071067811865474,-0.7818314824680299,0.6234898018587334,0,weekend,35.379999999999995
2024-06-17,2024,6,17,169,21,0,128.15,2024-06-17 21:00:00+00:00,2024-06-17 22:00:00+00:00,48508.225,497.7375,2495.29,0.0,37208.37,2993.0275,0.2489398085537665,-0.9685189578512204,-0.7071067811865477,0.7071067811865474,0.0,1.0,0,weekday,35.4
2024-06-18,2024,6,18,170,21,1,104.2,2024-06-18 21:00:00+00:00,2024-06-18 22:00:00+00:00,48468.195,767.2575,6653.0725,0.0,37456.03,7420.33,0.2322429240090701,-0.9726578145718654,-0.7071067811865477,0.7071067811865474,0.7818314824680298,0.6234898018587336,0,weekday,34.28
2024-06-19,2024,6,19,171,21,2,108.26,2024-06-19 21:00:00+00:00,2024-06-19 22:00:00+00:00,48385.295,1845.59,7938.2,0.0,37216.52,9783.79,0.2154773150467301,-0.976508846196619,-0.7071067811865477,0.7071067811865474,0.9749279121818236,-0.2225209339563143,0,weekday,34.7
2024-06-20,2024,6,20,172,21,3,111.83,2024-06-20 21:00:00+00:00,2024-06-20 22:00:00+00:00,45776.3975,352.5075,6244.66,0.0,38012.38,6597.1675,0.1986479428801711,-0.9800709131432666,-0.7071067811865477,0.7071067811865474,0.4338837391175582,-0.900968867902419,0,weekday,34.53
2024-06-21,2024,6,21,173,21,4,95.99,2024-06-21 21:00:00+00:00,2024-06-21 22:00:00+00:00,46317.6425,1571.295,12087.405,0.0,37528.66,13658.7,0.1817597875913753,-0.9833429613388902,-0.7071067811865477,0.7071067811865474,-0.433883739117558,-0.9009688679024191,0,weekday,34.4
2024-06-22,2024,6,22,174,21,5,110.17,2024-06-22 21:00:00+00:00,2024-06-22 22:00:00+00:00,41576.5775,1488.03,6142.9075,0.0,29602.28,7630.9375,0.1648178466571979,-0.9863240225317866,-0.7071067811865477,0.7071067811865474,-0.9749279121818236,-0.2225209339563146,0,weekend,33.936
2024-06-23,2024,6,23,175,21,6,114.33,2024-06-23 21:00:00+00:00,2024-06-23 22:00:00+00:00,41349.27,347.6325,3717.07,0.0,30096.27,4064.7025,0.1478271334705304,-0.9890132145779884,-0.7071067811865477,0.7071067811865474,-0.7818314824680299,0.6234898018587334,0,weekend,33.867999999999995
2024-06-24,2024,6,24,176,21,0,116.59,2024-06-24 21:00:00+00:00,2024-06-24 22:00:00+00:00,47281.3125,114.2175,6987.9775,0.0,38646.17,7102.195,0.1307926758567592,-0.9914097417023038,-0.7071067811865477,0.7071067811865474,0.0,1.0,0,weekday,33.8
2024-06-25,2024,6,25,177,21,1,106.57,2024-06-25 21:00:00+00:00,2024-06-25 22:00:00+00:00,47259.235,1517.3825,11034.85,0.0,41418.65,12552.2325,0.1137195145859496,-0.9935128947338008,-0.7071067811865477,0.7071067811865474,0.7818314824680298,0.6234898018587336,0,weekday,34.325
2024-06-26,2024,6,26,178,21,2,115.55,2024-06-26 21:00:00+00:00,2024-06-26 22:00:00+00:00,47119.255000000005,2958.2225,8352.1075,0.0,42043.08,11310.33,0.0966127018812031,-0.9953220513156602,-0.7071067811865477,0.7071067811865474,0.9749279121818236,-0.2225209339563143,0,weekday,35.15
2024-06-27,2024,6,27,179,21,3,125.21,2024-06-27 21:00:00+00:00,2024-06-27 22:00:00+00:00,47572.42,949.71,3822.2,0.0,35228.08,4771.91,0.0794772999236209,-0.9968366760893436,-0.7071067811865477,0.7071067811865474,0.4338837391175582,-0.900968867902419,0,weekday,34.125
2024-06-28,2024,6,28,180,21,4,126.57,2024-06-28 21:00:00+00:00,2024-06-28 22:00:00+00:00,45716.215,2978.815,3520.0375,0.0,31987.2,6498.8525,0.062318379354325,-0.998056320853012,-0.7071067811865477,0.7071067811865474,-0.433883739117558,-0.9009688679024191,0,weekday,34.675
2024-06-29,2024,6,29,181,21,5,100.08,2024-06-29 21:00:00+00:00,2024-06-29 22:00:00+00:00,41836.6275,612.8025,11314.005,0.0,35537.57,11926.8075,0.0451410177739719,-0.998980624694158,-0.7071067811865477,0.7071067811865474,-0.9749279121818236,-0.2225209339563146,0,weekend,34.48
2024-06-30,2024,6,30,182,21,6,102.16,2024-06-30 21:00:00+00:00,2024-06-30 22:00:00+00:00,42501.0175,1749.655,7330.565,0.0,31596.45,9080.22,0.0279502982402103,-0.999609314096404,-0.7071067811865477,0.7071067811865474,-0.7818314824680299,0.6234898018587334,0,weekend,34.489999999999995
2024-07-01,2024,7,1,183,21,0,107.51,2024-07-01 21:00:00+00:00,2024-07-01 22:00:00+00:00,48308.9875,2217.655,7811.3775,0.0,38888.13,10029.0325,0.0107513077635219,-0.9999422030204416,-0.7071067811865477,0.7071067811865474,0.0,1.0,0,weekday,34.5
2024-07-02,2024,7,2,184,21,1,109.05,2024-07-02 21:00:00+00:00,2024-07-02 22:00:00+00:00,48327.8675,3942.39,9975.7975,0.0,40798.6,13918.1875,-0.0064508641981051,-0.9999791929590824,-0.7071067811865477,0.7071067811865474,0.7818314824680298,0.6234898018587336,0,weekday,33.525
2024-07-03,2024,7,3,185,21,2,95.32,2024-07-03 21:00:00+00:00,2024-07-03 22:00:00+00:00,47640.01,4372.3925,9215.65,0.0,39548.31,13588.0425,-0.0236511272452315,-0.9997202729664084,-0.7071067811865477,0.7071067811865474,0.9749279121818236,-0.2225209339563143,0,weekday,33.25
2024-07-04,2024,7,4,186,21,3,86.91,2024-07-04 21:00:00+00:00,2024-07-04 22:00:00+00:00,47839.81,5012.18,13157.645,0.0,40693.07,18169.825,-0.0408443915432961,-0.9991655196610107,-0.7071067811865477,0.7071067811865474,0.4338837391175582,-0.900968867902419,0,weekday,32.69
2024-07-05,2024,7,5,187,21,4,102.22,2024-07-05 21:00:00+00:00,2024-07-05 22:00:00+00:00,46060.7275,1635.155,8637.905,0.0,34767.88,10273.06,-0.0580255693287803,-0.9983150972033183,-0.7071067811865477,0.7071067811865474,-0.433883739117558,-0.9009688679024191,0,weekday,32.505
2024-07-06,2024,7,6,188,21,5,18.0,2024-07-06 21:00:00+00:00,2024-07-06 22:00:00+00:00,41561.5725,4094.3125,21450.7925,0.0,45889.91,25545.105,-0.0751895764147585,-0.9971692572470178,-0.7071067811865477,0.7071067811865474,-0.9749279121818236,-0.2225209339563146,0,weekend,33.065
2024-07-07,2024,7,7,189,21,6,115.2,2024-07-07 21:00:00+00:00,2024-07-07 22:00:00+00:00,42398.965,1913.355,2388.8425,0.0,30271.85,4302.1975,-0.0923313336953912,-0.9957283388645872,-0.7071067811865477,0.7071067811865474,-0.7818314824680299,0.6234898018587334,0,weekend,33.129999999999995
2024-07-08,2024,7,8,190,21,0,113.65,2024-07-08 21:00:00+00:00,2024-07-08 22:00:00+00:00,47434.015,99.89,3296.605,0.0,37552.07,3396.495,-0.1094457686489155,-0.993992768446958,-0.7071067811865477,0.7071067811865474,0.0,1.0,0,weekday,33.195
2024-07-09,2024,7,9,191,21,1,86.07,2024-07-09 21:00:00+00:00,2024-07-09 22:00:00+00:00,48006.5125,4278.77,16204.9275,0.0,44837.11,20483.6975,-0.1265278168386831,-0.9919630595773395,-0.7071067811865477,0.7071067811865474,0.7818314824680298,0.6234898018587336,0,weekday,32.175
2024-07-10,2024,7,10,192,21,2,113.97,2024-07-10 21:00:00+00:00,2024-07-10 22:00:00+00:00,46723.61,1859.9775,1787.795,0.0,34564.55,3647.7725,-0.1435724234118113,-0.9896398128792412,-0.7071067811865477,0.7071067811865474,0.9749279121818236,-0.2225209339563143,0,weekday,31.25
2024-07-11,2024,7,11,193,21,3,121.59,2024-07-11 21:00:00+00:00,2024-07-11 22:00:00+00:00,46657.705,951.2575,2136.115,0.0,35155.39,3087.3725,-0.1605745445949937,-0.9870237158387384,-0.7071067811865477,0.7071067811865474,0.4338837391175582,-0.900968867902419,0,weekday,30.85
2024-07-12,2024,7,12,194,21,4,85.66,2024-07-12 21:00:00+00:00,2024-07-12 22:00:00+00:00,45533.942500000005,3176.61,8010.889999999999,0.0,36617.92,11187.5,-0.1775291491870349,-0.984115542601034,-0.7071067811865477,0.7071067811865474,-0.433883739117558,-0.9009688679024191,0,weekday,31.27
2024-07-13,2024,7,13,195,21,5,78.84,2024-07-13 21:00:00+00:00,2024-07-13 22:00:00+00:00,41619.4275,4612.845,9080.0525,0.0,36473.46,13692.8975,-0.1944312200476619,-0.9809161537413774,-0.7071067811865477,0.7071067811865474,-0.9749279121818236,-0.2225209339563146,0,weekend,31.72
2024-07-14,2024,7,14,196,21,6,105.84,2024-07-14 21:00:00+00:00,2024-07-14 22:00:00+00:00,42472.515,4555.31,5434.1975,0.0,34376.51,9989.5075,-0.2112757555821793,-0.9774264960104057,-0.7071067811865477,0.7071067811865474,-0.7818314824680299,0.6234898018587334,0,weekend,31.79
2024-07-15,2024,7,15,197,21,0,92.48,2024-07-15 21:00:00+00:00,2024-07-15 22:00:00+00:00,47151.1675,1210.855,11257.0375,0.0,38819.59,12467.8925,-0.2280577712215198,-0.9736476020539838,-0.7071067811865477,0.7071067811865474,0.0,1.0,0,weekday,31.86
2024-07-16,2024,7,16,198,21,1,105.81,2024-07-16 21:00:00+00:00,2024-07-16 22:00:00+00:00,46966.23,4050.845,13632.02,0.0,43198.52,17682.865,-0.2447723008972595,-0.9695805901076308,-0.7071067811865477,0.7071067811865474,0.7818314824680298,0.6234898018587336,0,weekday,31.495
2024-07-17,2024,7,17,199,21,2,114.91,2024-07-17 21:00:00+00:00,2024-07-17 22:00:00+00:00,46180.0925,1187.12,3659.4325,0.0,34869.5,4846.5525,-0.2614143985111562,-0.965226663665613,-0.7071067811865477,0.7071067811865474,0.9749279121818236,-0.2225209339563143,0,weekday,32.905
2024-07-18,2024,7,18,200,21,3,119.54,2024-07-18 21:00:00+00:00,2024-07-18 22:00:00+00:00,46373.1,289.07,3403.73,0.0,37031.34,3692.8,-0.2779791393987801,-0.9605871111248128,-0.7071067811865477,0.7071067811865474,0.4338837391175582,-0.900968867902419,0,weekday,31.84
2024-07-19,2024,7,19,201,21,4,106.86,2024-07-19 21:00:00+00:00,2024-07-19 22:00:00+00:00,44357.89,1287.38,6226.4475,0.0,37267.73,7513.8275,-0.2944616217868012,-0.9556633054034704,-0.7071067811865477,0.7071067811865474,-0.433883739117558,-0.9009688679024191,0,weekday,32.53
2024-07-20,2024,7,20,202,21,5,84.1,2024-07-20 21:00:00+00:00,2024-07-20 22:00:00+00:00,41072.935,3725.9025,12876.3275,0.0,37041.08,16602.23,-0.3108569682435036,-0.9504567035349152,-0.7071067811865477,0.7071067811865474,-0.9749279121818236,-0.2225209339563146,0,weekend,32.17
2024-07-21,2024,7,21,203,21,6,111.85,2024-07-21 21:00:00+00:00,2024-07-21 22:00:00+00:00,41039.185,2182.555,6085.385,0.0,30941.62,8267.94,-0.3271603271220951,-0.9449688462364056,-0.7071067811865477,0.7071067811865474,-0.7818314824680299,0.6234898018587334,0,weekend,31.985
2024-07-22,2024,7,22,204,21,0,111.04,2024-07-22 21:00:00+00:00,2024-07-22 22:00:00+00:00,46333.0575,1880.2225,3706.6725,0.0,31936.24,5586.895,-0.343366873996388,-0.939201357453208,-0.7071067811865477,0.7071067811865474,0.0,1.0,0,weekday,31.8
2024-07-23,2024,7,23,205,21,1,99.23,2024-07-23 21:00:00+00:00,2024-07-23 22:00:00+00:00,46298.9875,3335.9525,8812.58,0.0,38984.67,12148.5325,-0.3594718130884232,-0.9331559438780432,-0.7071067811865477,0.7071067811865474,0.7818314824680298,0.6234898018587336,0,weekday,31.62
2024-07-24,2024,7,24,206,21,2,109.58,2024-07-24 21:00:00+00:00,2024-07-24 22:00:00+00:00,45587.77,1296.6525,5743.3225,0.0,32889.33,7039.975,-0.3754703786876202,-0.9268343944460494,-0.7071067811865477,0.7071067811865474,0.9749279121818236,-0.2225209339563143,0,weekday,31.525
2024-07-25,2024,7,25,207,21,3,100.0,2024-07-25 21:00:00+00:00,2024-07-25 22:00:00+00:00,45629.8725,2235.0525,3574.6225,0.0,35328.0,5809.674999999999,-0.3913578365610259,-0.9202385798054076,-0.7071067811865477,0.7071067811865474,0.4338837391175582,-0.900968867902419,0,weekday,32.38
2024-07-26,2024,7,26,208,21,4,106.39,2024-07-26 21:00:00+00:00,2024-07-26 22:00:00+00:00,43745.4775,488.6375,1682.4525,0.0,32265.4,2171.09,-0.4071294853542516,-0.9133704517637858,-0.7071067811865477,0.7071067811865474,-0.433883739117558,-0.9009688679024191,0,weekday,32.135
2024-07-27,2024,7,27,209,21,5,108.1,2024-07-27 21:00:00+00:00,2024-07-27 22:00:00+00:00,40476.325,111.9525,2847.5475,0.0,29765.87,2959.5,-0.4227806579826773,-0.9062320427107696,-0.7071067811865477,0.7071067811865474,-0.9749279121818236,-0.2225209339563146,0,weekend,32.475
2024-07-28,2024,7,28,210,21,6,104.95,2024-07-28 21:00:00+00:00,2024-07-28 22:00:00+00:00,41189.43,1716.315,7127.3525,0.0,30934.41,8843.6675,-0.4383067230125192,-0.898825465016444,-0.7071067811865477,0.7071067811865474,-0.7818314824680299,0.6234898018587334,0,weekend,32.975
2024-07-29,2024,7,29,211,21,0,107.8,2024-07-29 21:00:00+00:00,2024-07-29 22:00:00+00:00,45978.32,394.765,3997.16,0.0,35202.53,4391.925,-0.4537030860313442,-0.8911529104063088,-0.7071067811865477,0.7071067811865474,0.0,1.0,0,weekday,33.475
2024-07-30,2024,7,30,212,21,1,114.98,2024-07-30 21:00:00+00:00,2024-07-30 22:00:00+00:00,46299.0425,216.38,3150.1725,0.0,35597.71,3366.5525,-0.4689651910076318,-0.8832166493127127,-0.7071067811865477,0.7071067811865474,0.7818314824680298,0.6234898018587336,0,weekday,33.74
2024-07-31,2024,7,31,213,21,2,104.51,2024-07-31 21:00:00+00:00,2024-07-31 22:00:00+00:00,45540.925,1030.915,6460.455,0.0,35808.51,7491.37,-0.4840885216389758,-0.8750190302029955,-0.7071067811865477,0.7071067811865474,0.9749279121818236,-0.2225209339563143,0,weekday,35.735
2024-08-01,2024,8,1,214,21,3,112.94,2024-08-01 21:00:00+00:00,2024-08-01 22:00:00+00:00,45515.0625,635.38,5632.4575,0.0,36578.51,6267.837500000001,-0.4990686026885319,-0.8665624788845385,-0.7071067811865477,0.7071067811865474,0.4338837391175582,-0.900968867902419,0,weekday,36.14
2024-08-02,2024,8,2,215,21,4,114.42,2024-08-02 21:00:00+00:00,2024-08-02 22:00:00+00:00,43564.89,177.16750000000002,1603.2975,0.0,33189.21,1780.465,-0.5139010013093103,-0.8578494977869301,-0.7071067811865477,0.7071067811865474,-0.433883739117558,-0.9009688679024191,0,weekday,36.67
2024-08-03,2024,8,3,216,21,5,119.2,2024-08-03 21:00:00+00:00,2024-08-03 22:00:00+00:00,40045.9675,773.115,3987.73,0.0,31250.0,4760.845,-0.5285813283559292,-0.8488826652214553,-0.7071067811865477,0.7071067811865474,-0.9749279121818236,-0.2225209339563146,0,weekend,36.65
2024-08-04,2024,8,4,217,21,6,112.94,2024-08-04 21:00:00+00:00,2024-08-04 22:00:00+00:00,40287.83,1630.685,5826.2175,0.0,29539.59,7456.9025,-0.5431052396834317,-0.8396646346181327,-0.7071067811865477,0.7071067811865474,-0.7818314824680299,0.6234898018587334,0,weekend,36.71
2024-08-05,2024,8,5,218,21,0,120.3,2024-08-05 21:00:00+00:00,2024-08-05 22:00:00+00:00,45217.29,1068.215,2671.295,0.0,35710.43,3739.51,-0.5574684374327892,-0.8301981337405212,-0.7071067811865477,0.7071067811865474,0.0,1.0,0,weekday,36.77
2024-08-06,2024,8,6,219,21,1,118.54,2024-08-06 21:00:00+00:00,2024-08-06 22:00:00+00:00,44995.54,795.2325,5399.9825,0.0,38578.94,6195.215,-0.5716666713027052,-0.8204859638785327,-0.7071067811865477,0.7071067811865474,0.7818314824680298,0.6234898018587336,0,weekday,36.25
2024-08-07,2024,8,7,220,21,2,112.74,2024-08-07 21:00:00+00:00,2024-08-07 22:00:00+00:00,44531.3175,1389.27,4513.175,0.0,35575.85,5902.445,-0.5856957398073508,-0.8105309990194823,-0.7071067811865477,0.7071067811865474,0.9749279121818236,-0.2225209339563143,0,weekday,36.755
2024-08-08,2024,8,8,221,21,3,102.0,2024-08-08 21:00:00+00:00,2024-08-08 22:00:00+00:00,44942.3375,2511.3925,3268.4825,0.0,35928.47,5779.875,-0.5995514915196489,-0.8003361849976323,-0.7071067811865477,0.7071067811865474,0.4338837391175582,-0.900968867902419,0,weekday,38.62
2024-08-09,2024,8,9,222,21,4,113.46,2024-08-09 21:00:00+00:00,2024-08-09 22:00:00+00:00,43630.2625,4521.13,11799.5875,0.0,37227.88,16320.7175,-0.6132298262997502,-0.7899045386224707,-0.7071067811865477,0.7071067811865474,-0.433883739117558,-0.9009688679024191,0,weekday,40.035
2024-08-10,2024,8,10,223,21,5,117.85,2024-08-10 21:00:00+00:00,2024-08-10 22:00:00+00:00,39206.3775,3192.745,5816.1225,0.0,32233.73,9008.8675,-0.6267266965083301,-0.7792391467859886,-0.7071067811865477,0.7071067811865474,-0.9749279121818236,-0.2225209339563146,0,weekend,40.395
2024-08-11,2024,8,11,224,21,6,109.99,2024-08-11 21:00:00+00:00,2024-08-11 22:00:00+00:00,40376.555,781.285,6287.68,0.0,30377.17,7068.965,-0.6400381082043503,-0.7683431655492202,-0.7071067811865477,0.7071067811865474,-0.7818314824680299,0.6234898018587334,0,weekend,40.010000000000005
2024-08-12,2024,8,12,225,21,0,106.88,2024-08-12 21:00:00+00:00,2024-08-12 22:00:00+00:00,46433.06,3842.49,12583.655,0.0,45059.07,16426.145,-0.65316012232693,-0.7572198192083127,-0.7071067811865477,0.7071067811865474,0.0,1.0,0,weekday,39.625
2024-08-13,2024,8,13,226,21,1,111.48,2024-08-13 21:00:00+00:00,2024-08-13 22:00:00+00:00,47156.465,1437.3425,10951.565,0.0,41034.54,12388.9075,-0.666088855860977,-0.7458723993404063,-0.7071067811865477,0.7071067811865474,0.7818314824680298,0.6234898018587336,0,weekday,39.395
2024-08-14,2024,8,14,227,21,2,120.43,2024-08-14 21:00:00+00:00,2024-08-14 22:00:00+00:00,46117.8525,1616.4275,4434.4375,0.0,37559.9,6050.865,-0.6788204829862355,-0.734304263829602,-0.7071067811865477,0.7071067811865474,0.9749279121818236,-0.2225209339563143,0,weekday,39.57
2024-08-15,2024,8,15,228,21,3,118.87,2024-08-15 21:00:00+00:00,2024-08-15 22:00:00+00:00,43727.6825,3500.95,3201.8375,0.0,34573.22,6702.7875,-0.6913512362094071,-0.722518835873311,-0.7071067811865477,0.7071067811865474,0.4338837391175582,-0.900968867902419,0,weekday,39.095
2024-08-16,2024,8,16,229,21,4,134.54,2024-08-16 21:00:00+00:00,2024-08-16 22:00:00+00:00,44574.185,260.1325,1643.3975,0.0,33695.18,1903.53,-0.7036774074790128,-0.7105196029692745,-0.7071067811865477,0.7071067811865474,-0.433883739117558,-0.9009688679024191,0,weekday,39.69
2024-08-17,2024,8,17,230,21,5,116.7,2024-08-17 21:00:00+00:00,2024-08-17 22:00:00+00:00,40284.465,245.8,2543.7,0.0,30656.05,2789.5,-0.7157953492826642,-0.6983101158835584,-0.7071067811865477,0.7071067811865474,-0.9749279121818236,-0.2225209339563146,0,weekend,39.645
2024-08-18,2024,8,18,231,21,6,111.4,2024-08-18 21:00:00+00:00,2024-08-18 22:00:00+00:00,40680.965,1750.765,7009.0675,0.0,32815.34,8759.8325,-0.7277014757264236,-0.6858939875998223,-0.7071067811865477,0.7071067811865474,-0.7818314824680299,0.6234898018587334,0,weekend,39.455
2024-08-19,2024,8,19,232,21,0,100.82,2024-08-19 21:00:00+00:00,2024-08-19 22:00:00+00:00,44842.0,3720.81,4773.5825,0.0,39488.1,8494.3925,-0.7393922635959241,-0.673274892250183,-0.7071067811865477,0.7071067811865474,0.0,1.0,0,weekday,39.265
2024-08-20,2024,8,20,233,21,1,103.82,2024-08-20 21:00:00+00:00,2024-08-20 22:00:00+00:00,45219.015,2323.2175,9400.0475,0.0,38604.77,11723.265,-0.7508642533989489,-0.6604565640279754,-0.7071067811865477,0.7071067811865474,0.7818314824680298,0.6234898018587336,0,weekday,39.295
2024-08-21,2024,8,21,234,21,2,103.42,2024-08-21 21:00:00+00:00,2024-08-21 22:00:00+00:00,44868.7,5540.28,9949.465,0.0,36097.72,15489.745,-0.7621140503891487,-0.6474427960827475,-0.7071067811865477,0.7071067811865474,0.9749279121818236,-0.2225209339563143,0,weekday,37.91
2024-08-22,2024,8,22,235,21,3,95.48,2024-08-22 21:00:00+00:00,2024-08-22 22:00:00+00:00,44909.0825,5045.0425,16499.9875,0.0,44220.43,21545.03,-0.7731383255706026,-0.6342374393978054,-0.7071067811865477,0.7071067811865474,0.4338837391175582,-0.900968867902419,0,weekday,37.225
2024-08-23,2024,8,23,236,21,4,119.54,2024-08-23 21:00:00+00:00,2024-08-23 22:00:00+00:00,44036.4225,3054.03,9980.8575,0.0,36169.52,13034.8875,-0.7839338166829201,-0.620844401650647,-0.7071067811865477,0.7071067811865474,-0.433883739117558,-0.9009688679024191,0,weekday,36.975
2024-08-24,2024,8,24,237,21,5,64.14,2024-08-24 21:00:00+00:00,2024-08-24 22:00:00+00:00,39108.4875,3204.765,23478.8375,0.0,41555.08,26683.6025,-0.7944973291665992,-0.6072676460566135,-0.7071067811865477,0.7071067811865474,-0.9749279121818236,-0.2225209339563146,0,weekend,36.865
2024-08-25,2024,8,25,238,21,6,99.7,2024-08-25 21:00:00+00:00,2024-08-25 22:00:00+00:00,40558.145,5060.8375,4295.0025000000005,0.0,31841.41,9355.84,-0.8048257371083452,-0.593511190196115,-0.7071067811865477,0.7071067811865474,-0.7818314824680299,0.6234898018587334,0,weekend,36.82
2024-08-26,2024,8,26,239,21,0,110.86,2024-08-26 21:00:00+00:00,2024-08-26 22:00:00+00:00,45339.9175,908.8625,2545.835,0.0,35707.35,3454.6975,-0.8149159841660791,-0.5795791048257612,-0.7071067811865477,0.7071067811865474,0.0,1.0,0,weekday,36.775
2024-08-27,2024,8,27,240,21,1,105.21,2024-08-27 21:00:00+00:00,2024-08-27 22:00:00+00:00,45883.795,1430.6975,12768.1625,0.0,42922.49,14198.86,-0.8247650844733614,-0.5654755126737576,-0.7071067811865477,0.7071067811865474,0.7818314824680298,0.6234898018587336,0,weekday,37.475
2024-08-28,2024,8,28,241,21,2,111.76,2024-08-28 21:00:00+00:00,2024-08-28 22:00:00+00:00,46087.39,3701.565,11184.2675,0.0,44164.45,14885.8325,-0.8343701235229538,-0.5512045872199277,-0.7071067811865477,0.7071067811865474,0.9749279121818236,-0.2225209339563143,0,weekday,39.3
2024-08-29,2024,8,29,242,21,3,125.0,2024-08-29 21:00:00+00:00,2024-08-29 22:00:00+00:00,45265.8375,855.2375,5034.1425,0.0,38128.44,5889.38,-0.8437282590292712,-0.5367705514607103,-0.7071067811865477,0.7071067811865474,0.4338837391175582,-0.900968867902419,0,weekday,38.55
2024-08-30,2024,8,30,243,21,4,96.83,2024-08-30 21:00:00+00:00,2024-08-30 22:00:00+00:00,43652.5475,511.42,9243.945,0.0,37920.97,9755.365,-0.8528367217694595,-0.522177676659508,-0.7071067811865477,0.7071067811865474,-0.433883739117558,-0.9009688679024191,0,weekday,38.985
2024-08-31,2024,8,31,244,21,5,99.85,2024-08-31 21:00:00+00:00,2024-08-31 22:00:00+00:00,39568.515,2359.225,13734.3675,0.0,35824.34,16093.5925,-0.8616928164028522,-0.5074302810827518,-0.7071067811865477,0.7071067811865474,-0.9749279121818236,-0.2225209339563146,0,weekend,39.825
2024-09-01,2024,9,1,245,21,6,102.02,2024-09-01 21:00:00+00:00,2024-09-01 22:00:00+00:00,41201.1275,4325.3525,13228.29,0.0,40311.68,17553.6425,-0.8702939222685674,-0.4925327287220543,-0.7071067811865477,0.7071067811865474,-0.7818314824680299,0.6234898018587334,0,weekend,39.83166666666667
2024-09-02,2024,9,2,246,21,0,114.24,2024-09-02 21:00:00+00:00,2024-09-02 22:00:00+00:00,45908.535,2410.3125,9255.13,0.0,43583.21,11665.4425,-0.8786374941610001,-0.4774894280028391,-0.7071067811865477,0.7071067811865474,0.0,1.0,0,weekday,39.83833333333333
2024-09-03,2024,9,3,247,21,1,133.2,2024-09-03 21:00:00+00:00,2024-09-03 22:00:00+00:00,46148.2,1556.5575,1940.3875,0.0,36913.0,3496.945,-0.886721063082993,-0.4623048304798108,-0.7071067811865477,0.7071067811865474,0.7818314824680298,0.6234898018587336,0,weekday,39.845
2024-09-04,2024,9,4,248,21,2,108.59,2024-09-04 21:00:00+00:00,2024-09-04 22:00:00+00:00,46205.9325,2683.07,9640.8375,0.0,41717.44,12323.9075,-0.8945422369764496,-0.4469834295196741,-0.7071067811865477,0.7071067811865474,0.9749279121818236,-0.2225209339563143,0,weekday,36.815
2024-09-05,2024,9,5,249,21,3,80.03,2024-09-05 21:00:00+00:00,2024-09-05 22:00:00+00:00,46388.4075,4844.8175,28687.885,0.0,53405.22,33532.7025,-0.9020987014301836,-0.4315297589714714,-0.7071067811865477,0.7071067811865474,0.4338837391175582,-0.900968867902419,0,weekday,35.705
2024-09-06,2024,9,6,250,21,4,95.36,2024-09-06 21:00:00+00:00,2024-09-06 22:00:00+00:00,43859.745,5329.1175,10267.185,0.0,40236.24,15596.3025,-0.9093882203647924,-0.4159483918249421,-0.7071067811865477,0.7071067811865474,-0.433883739117558,-0.9009688679024191,0,weekday,37.05
2024-09-07,2024,9,7,251,21,5,92.32,2024-09-07 21:00:00+00:00,2024-09-07 22:00:00+00:00,40111.9025,1879.89,11186.59,0.0,35012.12,13066.48,-0.9164086366943458,-0.4002439388573056,-0.7071067811865477,0.7071067811865474,-0.9749279121818236,-0.2225209339563146,0,weekend,36.48
2024-09-08,2024,9,8,252,21,6,105.8,2024-09-08 21:00:00+00:00,2024-09-08 22:00:00+00:00,41033.6225,1306.585,4763.2525000000005,0.0,33059.44,6069.837500000001,-0.923157872964704,-0.3844210472688554,-0.7071067811865477,0.7071067811865474,-0.7818314824680299,0.6234898018587334,0,weekend,36.69
2024-09-09,2024,9,9,253,21,0,87.94,2024-09-09 21:00:00+00:00,2024-09-09 22:00:00+00:00,47808.44,5892.032499999999,18511.2225,0.0,49493.28,24403.255,-0.9296339319682696,-0.3684843993077793,-0.7071067811865477,0.7071067811865474,0.0,1.0,0,weekday,36.9
2024-09-10,2024,9,10,254,21,1,76.63,2024-09-10 21:00:00+00:00,2024-09-10 22:00:00+00:00,48965.145,5133.48,23226.615,0.0,47813.06,28360.095,-0.935834897334994,-0.3524387108846032,-0.7071067811865477,0.7071067811865474,0.7818314824680298,0.6234898018587336,0,weekday,37.395
2024-09-11,2024,9,11,255,21,2,102.97,2024-09-11 21:00:00+00:00,2024-09-11 22:00:00+00:00,48571.2325,2128.4375,8757.75,0.0,40283.94,10886.1875,-0.9417589340994617,-0.3362887301766828,-0.7071067811865477,0.7071067811865474,0.9749279121818236,-0.2225209339563143,0,weekday,35.45
2024-09-12,2024,9,12,256,21,3,99.47,2024-09-12 21:00:00+00:00,2024-09-12 22:00:00+00:00,48314.735,1679.605,2060.375,0.0,36985.97,3739.98,-0.9474042892438844,-0.3200392362231385,-0.7071067811865477,0.7071067811865474,0.4338837391175582,-0.900968867902419,0,weekday,35.83
2024-09-13,2024,9,13,257,21,4,79.3,2024-09-13 21:00:00+00:00,2024-09-13 22:00:00+00:00,46547.9975,4053.595,19839.5625,0.0,41515.81,23893.1575,-0.9527692922168512,-0.3036950375106588,-0.7071067811865477,0.7071067811865474,-0.433883739117558,-0.9009688679024191,0,weekday,35.405
2024-09-14,2024,9,14,258,21,5,93.75,2024-09-14 21:00:00+00:00,2024-09-14 22:00:00+00:00,42035.2375,1458.185,11741.83,0.0,33562.78,13200.015,-0.9578523554276668,-0.2872609705505963,-0.7071067811865477,0.7071067811865474,-0.9749279121818236,-0.2225209339563146,0,weekend,35.648
2024-09-15,2024,9,15,259,21,6,107.11,2024-09-15 21:00:00+00:00,2024-09-15 22:00:00+00:00,42076.7925,1080.485,8274.8325,0.0,31967.06,9355.3175,-0.9626519747161488,-0.2707418984477642,-0.7071067811865477,0.7071067811865474,-0.7818314824680299,0.6234898018587334,0,weekend,35.379000000000005
2024-09-16,2024,9,16,260,21,0,78.81,2024-09-16 21:00:00+00:00,2024-09-16 22:00:00+00:00,46973.88,3599.2175,16822.09,0.0,46800.08,20421.3075,-0.9671667297977312,-0.2541427094613622,-0.7071067811865477,0.7071067811865474,0.0,1.0,0,weekday,35.11
2024-09-17,2024,9,17,261,21,1,89.94,2024-09-17 21:00:00+00:00,2024-09-17 22:00:00+00:00,46861.52,2252.145,15744.2075,0.0,43892.53,17996.3525,-0.97139528468375,-0.2374683155584684,-0.7071067811865477,0.7071067811865474,0.7818314824680298,0.6234898018587336,0,weekday,34.15
2024-09-18,2024,9,18,262,21,2,89.92,2024-09-18 21:00:00+00:00,2024-09-18 22:00:00+00:00,46680.4125,2449.485,19042.12,0.0,45105.83,21491.605,-0.9753363880767836,-0.2207236509605022,-0.7071067811865477,0.7071067811865474,0.9749279121818236,-0.2225209339563143,0,weekday,35.185
2024-09-19,2024,9,19,263,21,3,88.97,2024-09-19 21:00:00+00:00,2024-09-19 22:00:00+00:00,46760.815,3526.535,17645.5225,0.0,44726.62,21172.0575,-0.978988873740932,-0.2039136706831147,-0.7071067811865477,0.7071067811865474,0.4338837391175582,-0.900968867902419,0,weekday,35.98
2024-09-20,2024,9,20,264,21,4,87.8,2024-09-20 21:00:00+00:00,2024-09-20 22:00:00+00:00,44420.6025,3237.915,15246.24,0.0,40821.51,18484.155,-0.9823516608469236,-0.1870433490699165,-0.7071067811865477,0.7071067811865474,-0.433883739117558,-0.9009688679024191,0,weekday,34.485
2024-09-21,2024,9,21,265,21,5,93.6,2024-09-21 21:00:00+00:00,2024-09-21 22:00:00+00:00,39748.295,1824.7975,8546.525,0.0,33010.75,10371.3225,-0.9854237542919524,-0.1701176783204905,-0.7071067811865477,0.7071067811865474,-0.9749279121818236,-0.2225209339563146,0,weekend,34.444
2024-09-22,2024,9,22,266,21,6,98.72,2024-09-22 21:00:00+00:00,2024-09-22 22:00:00+00:00,41345.66,521.6225,3479.91,0.0,33167.12,4001.5325,-0.9882042449941422,-0.15314166701312,-0.7071067811865477,0.7071067811865474,-0.7818314824680299,0.6234898018587334,0,weekend,34.672
2024-09-23,2024,9,23,267,21,0,100.93,2024-09-23 21:00:00+00:00,2024-09-23 22:00:00+00:00,46427.0675,2055.5175,5783.2375,0.0,36677.48,7838.755,-0.9906923101615608,-0.136120338622667,-0.7071067811865477,0.7071067811865474,0.0,1.0,0,weekday,34.9
2024-09-24,2024,9,24,268,21,1,74.48,2024-09-24 21:00:00+00:00,2024-09-24 22:00:00+00:00,47196.765,4949.075,20362.995,0.0,47789.89,25312.07,-0.9928872135356962,-0.1190587300340498,-0.7071067811865477,0.7071067811865474,0.7818314824680298,0.6234898018587336,0,weekday,35.413
2024-09-25,2024,9,25,269,21,2,91.64,2024-09-25 21:00:00+00:00,2024-09-25 22:00:00+00:00,46529.4675,778.9625,14260.2175,0.0,41946.75,15039.18,-0.994788305609327,-0.1019618900517457,-0.7071067811865477,0.7071067811865474,0.9749279121818236,-0.2225209339563143,0,weekday,36.365
2024-09-26,2024,9,26,270,21,3,53.72,2024-09-26 21:00:00+00:00,2024-09-26 22:00:00+00:00,45832.485,4287.045,30097.285,0.0,47661.53,34384.33,-0.9963950238187232,-0.0848348779057653,-0.7071067811865477,0.7071067811865474,0.4338837391175582,-0.900968867902419,0,weekday,37.03
2024-09-27,2024,9,27,271,21,4,26.03,2024-09-27 21:00:00+00:00,2024-09-27 22:00:00+00:00,45212.7475,6161.6075,25985.3175,0.0,51564.07,32146.925000000003,-0.9977068927101168,-0.0676827617545516,-0.7071067811865477,0.7071067811865474,-0.433883739117558,-0.9009688679024191,0,weekday,37.28
2024-09-28,2024,9,28,272,21,5,80.28,2024-09-28 21:00:00+00:00,2024-09-28 22:00:00+00:00,41040.35,4697.4925,11471.665,0.0,35723.92,16169.1575,-0.9987235240803972,-0.0505106171852228,-0.7071067811865477,0.7071067811865474,-0.9749279121818236,-0.2225209339563146,0,weekend,38.114
2024-09-29,2024,9,29,273,21,6,64.3,2024-09-29 21:00:00+00:00,2024-09-29 22:00:00+00:00,42021.9475,3887.1175,13795.85,0.0,38344.95,17682.9675,-0.9994446170919858,-0.0333235257116313,-0.7071067811865477,0.7071067811865474,-0.7818314824680299,0.6234898018587334,0,weekend,38.659499999999994
2024-09-30,2024,9,30,274,21,0,20.01,2024-09-30 21:00:00+00:00,2024-09-30 22:00:00+00:00,48769.0925,5973.6525,29914.105,0.0,55546.87,35887.7575,-0.9998699583618592,-0.0161265732706577,-0.7071067811865477,0.7071067811865474,0.0,1.0,0,weekday,39.205
2024-10-01,2024,10,1,275,21,1,91.45,2024-10-01 21:00:00+00:00,2024-10-01 22:00:00+00:00,48984.275,6132.3575,10419.695,0.0,41270.42,16552.052499999998,-0.9999994220246924,0.0010751512827982,-0.7071067811865477,0.7071067811865474,0.7818314824680298,0.6234898018587336,0,weekday,38.395
2024-10-02,2024,10,2,276,21,2,93.3,2024-10-02 21:00:00+00:00,2024-10-02 22:00:00+00:00,47822.545,5172.445,9718.7575,0.0,40410.66,14891.2025,-0.999832969770105,0.0182765576816912,-0.7071067811865477,0.7071067811865474,0.9749279121818236,-0.2225209339563143,0,weekday,39.9
2024-10-03,2024,10,3,277,21,3,90.96,2024-10-03 21:00:00+00:00,2024-10-03 22:00:00+00:00,42730.12,1373.2075,11042.0225,0.0,36138.88,12415.23,-0.9993706508539968,0.0354725557531255,-0.7071067811865477,0.7071067811865474,0.4338837391175582,-0.900968867902419,1,holiday,38.395
2024-10-04,2024,10,4,278,21,4,99.9,2024-10-04 21:00:00+00:00,2024-10-04 22:00:00+00:00,46438.1975,144.305,5676.5325,0.0,34965.39,5820.837500000001,-0.9986126020839734,0.052658056924614,-0.7071067811865477,0.7071067811865474,-0.433883739117558,-0.9009688679024191,0,weekday,39.625
2024-10-05,2024,10,5,279,21,5,85.23,2024-10-05 21:00:00+00:00,2024-10-05 22:00:00+00:00,42811.5825,2295.8375,6329.4625,0.0,33658.79,8625.3,-0.9975590477788612,0.0698279757298708,-0.7071067811865477,0.7071067811865474,-0.9749279121818236,-0.2225209339563146,0,weekend,40.98
2024-10-06,2024,10,6,280,21,6,58.69,2024-10-06 21:00:00+00:00,2024-10-06 22:00:00+00:00,42180.1775,5197.4,15369.0925,0.0,44724.77,20566.4925,-0.9962102997023295,0.0869772313136861,-0.7071067811865477,0.7071067811865474,-0.7818314824680299,0.6234898018587334,0,weekend,40.5925
2024-10-07,2024,10,7,281,21,0,91.91,2024-10-07 21:00:00+00:00,2024-10-07 22:00:00+00:00,46621.465,1202.26,11829.0725,0.0,39729.35,13031.3325,-0.9945667569706336,0.1041007489354256,-0.7071067811865477,0.7071067811865474,0.0,1.0,0,weekday,40.205
2024-10-08,2024,10,8,282,21,1,86.6,2024-10-08 21:00:00+00:00,2024-10-08 22:00:00+00:00,46682.5925,2700.86,9430.215,0.0,36513.35,12131.075,-0.9926289059345096,0.121193461470736,-0.7071067811865477,0.7071067811865474,0.7818314824680298,0.6234898018587336,0,weekday,40.18
2024-10-09,2024,10,9,283,21,2,95.1,2024-10-09 21:00:00+00:00,2024-10-09 22:00:00+00:00,45298.875,1743.055,14299.395,0.0,36951.17,16042.45,-0.9903973200352558,0.1382503109109819,-0.7071067811865477,0.7071067811865474,0.9749279121818236,-0.2225209339563143,0,weekday,38.405
2024-10-10,2024,10,10,284,21,3,83.16,2024-10-10 21:00:00+00:00,2024-10-10 22:00:00+00:00,47797.315,5570.565,16104.2525,0.0,44082.82,21674.8175,-0.9878726596350428,0.1552662498599956,-0.7071067811865477,0.7071067811865474,0.4338837391175582,-0.900968867902419,0,weekday,38.405
2024-10-11,2024,10,11,285,21,4,98.41,2024-10-11 21:00:00+00:00,2024-10-11 22:00:00+00:00,46054.255000000005,3627.59,6204.6825,0.0,36156.57,9832.2725,-0.9850556718215012,0.172236243027682,-0.7071067811865477,0.7071067811865474,-0.433883739117558,-0.9009688679024191,0,weekday,39.865
2024-10-12,2024,10,12,286,21,5,34.87,2024-10-12 21:00:00+00:00,2024-10-12 22:00:00+00:00,41930.6325,6254.4275,22096.165,0.0,47793.49,28350.5925,-0.981947190186646,0.1891552687200409,-0.7071067811865477,0.7071067811865474,-0.9749279121818236,-0.2225209339563146,0,weekend,39.879
2024-10-13,2024,10,13,287,21,6,40.13,2024-10-13 21:00:00+00:00,2024-10-13 22:00:00+00:00,43194.12,5193.22,22955.875,0.0,44605.25,28149.095,-0.9785481345802032,0.2060183203251708,-0.7071067811865477,0.7071067811865474,-0.7818314824680299,0.6234898018587334,0,weekend,39.5995
2024-10-14,2024,10,14,288,21,0,99.66,2024-10-14 21:00:00+00:00,2024-10-14 22:00:00+00:00,48381.66,1126.1675,3426.26,0.0,34599.29,4552.4275,-0.9748595108374124,0.2228204077947995,-0.7071067811865477,0.7071067811865474,0.0,1.0,0,weekday,39.32
2024-10-15,2024,10,15,289,21,1,59.65,2024-10-15 21:00:00+00:00,2024-10-15 22:00:00+00:00,48578.47,5320.46,22464.26,0.0,52155.68,27784.72,-0.9708824104813836,0.239556559120927,-0.7071067811865477,0.7071067811865474,0.7818314824680298,0.6234898018587336,0,weekday,39.85
2024-10-16,2024,10,16,290,21,2,35.14,2024-10-16 21:00:00+00:00,2024-10-16 22:00:00+00:00,48128.8225,6062.5575,25586.9025,0.0,49810.44,31649.46,-0.9666180104000972,0.2562218218071163,-0.7071067811865477,0.7071067811865474,0.9749279121818236,-0.2225209339563143,0,weekday,40.205
2024-10-17,2024,10,17,291,21,3,89.05,2024-10-17 21:00:00+00:00,2024-10-17 22:00:00+00:00,47102.7125,1355.1575,7827.0375,0.0,35545.45,9182.195,-0.9620675724981452,0.2728112643340191,-0.7071067811865477,0.7071067811865474,0.4338837391175582,-0.900968867902419,0,weekday,39.45
2024-10-18,2024,10,18,292,21,4,93.26,2024-10-18 21:00:00+00:00,2024-10-18 22:00:00+00:00,45078.815,1856.7975,6929.77,0.0,34300.9,8786.567500000001,-0.957232443323312,0.2893199776186952,-0.7071067811865477,0.7071067811865474,-0.433883739117558,-0.9009688679024191,0,weekday,39.74
2024-10-19,2024,10,19,293,21,5,83.83,2024-10-19 21:00:00+00:00,2024-10-19 22:00:00+00:00,42274.655,4351.955,8631.36,0.0,33411.6,12983.315,-0.9521140536681102,0.3057430764672831,-0.7071067811865477,0.7071067811865474,-0.9749279121818236,-0.2225209339563146,0,weekend,39.204
2024-10-20,2024,10,20,294,21,6,12.15,2024-10-20 21:00:00+00:00,2024-10-20 22:00:00+00:00,42861.0925,5141.7925,25520.5,0.0,49390.23,30662.2925,-0.9467139181463862,0.3220757010206104,-0.7071067811865477,0.7071067811865474,-0.7818314824680299,0.6234898018587334,0,weekend,39.507000000000005
2024-10-21,2024,10,21,295,21,0,97.8,2024-10-21 21:00:00+00:00,2024-10-21 22:00:00+00:00,47719.805,1944.145,6698.4425,0.0,37166.31,8642.5875,-0.9410336347451196,0.3383130181923076,-0.7071067811865477,0.7071067811865474,0.0,1.0,0,weekday,39.81
2024-10-22,2024,10,22,296,21,1,95.72,2024-10-22 21:00:00+00:00,2024-10-22 22:00:00+00:00,48294.7825,3115.9325,8682.3675,0.0,42093.96,11798.3,-0.9350748843515574,0.3544502230989869,-0.7071067811865477,0.7071067811865474,0.7818314824680298,0.6234898018587336,0,weekday,39.93
2024-10-23,2024,10,23,297,21,2,103.33,2024-10-23 21:00:00+00:00,2024-10-23 22:00:00+00:00,47825.8075,2322.2975,5732.5275,0.0,40737.53,8054.825000000001,-0.9288394302558068,0.3704825404820963,-0.7071067811865477,0.7071067811865474,0.9749279121818236,-0.2225209339563143,0,weekday,40.8
2024-10-24,2024,10,24,298,21,3,89.9,2024-10-24 21:00:00+00:00,2024-10-24 22:00:00+00:00,47379.427500000005,3139.175,13658.3075,0.0,46451.86,16797.482500000002,-0.9223291176290545,0.3864052261209853,-0.7071067811865477,0.7071067811865474,0.4338837391175582,-0.900968867902419,0,weekday,41.85
2024-10-25,2024,10,25,299,21,4,113.96,2024-10-25 21:00:00+00:00,2024-10-25 22:00:00+00:00,45532.55,209.1775,3447.6025,0.0,37295.18,3656.78,-0.9155458729775467,0.4022135682368036,-0.7071067811865477,0.7071067811865474,-0.433883739117558,-0.9009688679024191,0,weekday,42.2
2024-10-26,2024,10,26,300,21,5,87.5,2024-10-26 21:00:00+00:00,2024-10-26 22:00:00+00:00,41773.605,2593.0225,10773.395,0.0,39378.93,13366.4175,-0.9084917035725082,0.4179028888867866,-0.7071067811865477,0.7071067811865474,-0.9749279121818236,-0.2225209339563146,0,weekend,43.513
2024-10-27,2024,10,27,301,21,6,113.68,2024-10-27 21:00:00+00:00,2024-10-27 22:00:00+00:00,45754.1675,2242.3875,2800.0375,0.0,34455.16,5042.424999999999,-0.9011686968561567,0.4334685453485363,-0.7071067811865477,0.7071067811865474,-0.7818314824680299,0.6234898018587334,0,weekend,43.0065
2024-10-28,2024,10,28,302,21,0,109.96,2024-10-28 21:00:00+00:00,2024-10-28 22:00:00+00:00,51929.3125,2100.4475,8587.2125,0.0,45075.45,10687.66,-0.8935790198239952,0.4489059314938798,-0.7071067811865477,0.7071067811865474,0.0,1.0,0,weekday,42.5
2024-10-29,2024,10,29,303,21,1,118.08,2024-10-29 21:00:00+00:00,2024-10-29 22:00:00+00:00,53539.2975,1440.86,5090.1075,0.0,43181.72,6530.9675,-0.8857249183835637,0.4642104791518923,-0.7071067811865477,0.7071067811865474,0.7818314824680298,0.6234898018587336,0,weekday,43.44
2024-10-30,2024,10,30,304,21,2,115.34,2024-10-30 21:00:00+00:00,2024-10-30 22:00:00+00:00,51355.855,1193.385,3306.245,0.0,40303.83,4499.63,-0.8776087166898392,0.4793776594606945,-0.7071067811865477,0.7071067811865474,0.9749279121818236,-0.2225209339563143,0,weekday,41.565
2024-10-31,2024,10,31,305,21,3,80.44,2024-10-31 21:00:00+00:00,2024-10-31 22:00:00+00:00,51444.715,4532.6275000000005,15550.36,0.0,52275.91,20082.987500000003,-0.8692328164574792,0.4944029842076181,-0.7071067811865477,0.7071067811865474,0.4338837391175582,-0.900968867902419,0,weekday,41.225
2024-11-01,2024,11,1,306,21,4,98.41,2024-11-01 21:00:00+00:00,2024-11-01 22:00:00+00:00,47193.0225,4707.475,13623.38,0.0,43255.98,18330.855,-0.8605996962501181,0.5092820071573356,-0.7071067811865477,0.7071067811865474,-0.433883739117558,-0.9009688679024191,0,weekday,39.325
2024-11-02,2024,11,2,307,21,5,106.28,2024-11-02 21:00:00+00:00,2024-11-02 22:00:00+00:00,44976.25,218.9775,3743.5575,0.0,34376.39,3962.535,-0.8517119107469189,0.5240103253675756,-0.7071067811865477,0.7071067811865474,-0.9749279121818236,-0.2225209339563146,0,weekend,39.175
2024-11-03,2024,11,3,308,21,6,100.69,2024-11-03 21:00:00+00:00,2024-11-03 22:00:00+00:00,45365.4325,1618.3825000000002,6755.5625,0.0,39011.41,8373.945,-0.8425720899866032,0.5385835804920232,-0.7071067811865477,0.7071067811865474,-0.7818314824680299,0.6234898018587334,0,weekend,39.334999999999994
2024-11-04,2024,11,4,309,21,0,107.98,2024-11-04 21:00:00+00:00,2024-11-04 22:00:00+00:00,52681.9075,886.9025,7256.145,0.0,46440.22,8143.047500000001,-0.8331829385891785,0.5529974600700271,-0.7071067811865477,0.7071067811865474,0.0,1.0,0,weekday,39.495
2024-11-05,2024,11,5,310,21,1,117.77,2024-11-05 21:00:00+00:00,2024-11-05 22:00:00+00:00,53147.8525,164.4175,1568.0375,0.0,40806.31,1732.455,-0.8235472349556007,0.5672476988027229,-0.7071067811865477,0.7071067811865474,0.7818314824680298,0.6234898018587336,0,weekday,40.33
2024-11-06,2024,11,6,311,21,2,119.35,2024-11-06 21:00:00+00:00,2024-11-06 22:00:00+00:00,53162.9175,57.2,526.905,0.0,39250.85,584.105,-0.8136678304455991,0.5813300798152042,-0.7071067811865477,0.7071067811865474,0.9749279121818236,-0.2225209339563143,0,weekday,40.1
2024-11-07,2024,11,7,312,21,3,111.77,2024-11-07 21:00:00+00:00,2024-11-07 22:00:00+00:00,51692.04,1095.775,4348.5,0.0,44350.41,5444.275,-0.8035476485339116,0.5952404359043674,-0.7071067811865477,0.7071067811865474,0.4338837391175582,-0.900968867902419,0,weekday,40.505
2024-11-08,2024,11,8,313,21,4,113.0,2024-11-08 21:00:00+00:00,2024-11-08 22:00:00+00:00,50770.7975,2752.52,9906.9975,0.0,46181.2,12659.5175,-0.7931896839451843,0.6089746507720486,-0.7071067811865477,0.7071067811865474,-0.433883739117558,-0.9009688679024191,0,weekday,42.325
2024-11-09,2024,11,9,314,21,5,114.53,2024-11-09 21:00:00+00:00,2024-11-09 22:00:00+00:00,44569.64,575.825,2340.2775,0.0,38169.28,2916.1025,-0.7825970017677834,0.6225286602431057,-0.7071067811865477,0.7071067811865474,-0.9749279121818236,-0.2225209339563146,0,weekend,42.409
2024-11-10,2024,11,10,315,21,6,111.1,2024-11-10 21:00:00+00:00,2024-11-10 22:00:00+00:00,46317.805,940.48,2527.3575,0.0,36936.4,3467.8375,-0.7717727365467836,0.6358984534680745,-0.7071067811865477,0.7071067811865474,-0.7818314824680299,0.6234898018587334,0,weekend,42.042
2024-11-11,2024,11,11,316,21,0,111.56,2024-11-11 21:00:00+00:00,2024-11-11 22:00:00+00:00,53241.79,4200.5650000000005,7126.435,0.0,48922.27,11327.0,-0.7607200913564104,0.6490800741100398,-0.7071067811865477,0.7071067811865474,0.0,1.0,0,weekday,41.675
2024-11-12,2024,11,12,317,21,1,125.21,2024-11-12 21:00:00+00:00,2024-11-12 22:00:00+00:00,53898.595,543.8825,4449.514999999999,0.0,44573.76,4993.397499999999,-0.7494423368521954,0.6620696215153815,-0.7071067811865477,0.7071067811865474,0.7818314824680298,0.6234898018587336,0,weekday,43.82
2024-11-13,2024,11,13,318,21,2,113.51,2024-11-13 21:00:00+00:00,2024-11-13 22:00:00+00:00,53051.0125,5891.7,8477.98,0.0,50464.14,14369.68,-0.7379428103031386,0.6748632518680403,-0.7071067811865477,0.7071067811865474,0.9749279121818236,-0.2225209339563143,0,weekday,43.625
2024-11-14,2024,11,14,319,21,3,122.89,2024-11-14 21:00:00+00:00,2024-11-14 22:00:00+00:00,54055.2375,3435.6875,8924.085,0.0,50824.61,12359.7725,-0.7262249146041543,0.6874571793269664,-0.7071067811865477,0.7071067811865474,0.4338837391175582,-0.900968867902419,0,weekday,45.505
2024-11-15,2024,11,15,320,21,4,108.19,2024-11-15 21:00:00+00:00,2024-11-15 22:00:00+00:00,51993.735,6141.705,12260.2925,0.0,52129.89,18401.9975,-0.7142921172691032,0.699847677146407,-0.7071067811865477,0.7071067811865474,-0.433883739117558,-0.9009688679024191,0,weekday,46.0
2024-11-16,2024,11,16,321,21,5,73.83,2024-11-16 21:00:00+00:00,2024-11-16 22:00:00+00:00,46763.8425,5981.0425,23067.585,0.0,52473.35,29048.6275,-0.7021479494046978,0.7120310787787131,-0.7071067811865477,0.7071067811865474,-0.9749279121818236,-0.2225209339563146,0,weekend,46.551
2024-11-17,2024,11,17,322,21,6,68.76,2024-11-17 21:00:00+00:00,2024-11-17 22:00:00+00:00,47773.64,5753.8,30961.0525,0.0,56061.2,36714.8525,-0.6897960046655887,0.7240037789593305,-0.7071067811865477,0.7071067811865474,-0.7818314824680299,0.6234898018587334,0,weekend,46.0155
2024-11-18,2024,11,18,323,21,0,116.99,2024-11-18 21:00:00+00:00,2024-11-18 22:00:00+00:00,54848.3625,3210.2625,14957.3775,0.0,49097.89,18167.64,-0.6772399381909491,0.7357622347736527,-0.7071067811865477,0.7071067811865474,0.0,1.0,0,weekday,45.48
2024-11-19,2024,11,19,324,21,1,105.25,2024-11-19 21:00:00+00:00,2024-11-19 22:00:00+00:00,55945.880000000005,2429.4025,19722.345,0.0,55873.05,22151.7475,-0.6644834655228552,0.7473029667054296,-0.7071067811865477,0.7071067811865474,0.7818314824680298,0.6234898018587336,0,weekday,46.655
2024-11-20,2024,11,20,325,21,2,116.42,2024-11-20 21:00:00+00:00,2024-11-20 22:00:00+00:00,53261.8875,1741.385,21031.09,0.0,53509.44,22772.475,-0.6515303615068021,0.75862255966641,-0.7071067811865477,0.7071067811865474,0.9749279121818236,-0.2225209339563143,0,weekday,45.36
2024-11-21,2024,11,21,326,21,3,122.9,2024-11-21 21:00:00+00:00,2024-11-21 22:00:00+00:00,55308.215,2224.48,11586.7325,0.0,51311.49,13811.2125,-0.6383844591746642,0.7697176640069211,-0.7071067811865477,0.7071067811865474,0.4338837391175582,-0.900968867902419,0,weekday,47.12
2024-11-22,2024,11,22,327,21,4,93.25,2024-11-22 21:00:00+00:00,2024-11-22 22:00:00+00:00,53860.57,5846.425,28654.2175,0.0,60671.48,34500.6425,-0.6250496486104377,0.7805849965070866,-0.7071067811865477,0.7071067811865474,-0.433883739117558,-0.9009688679024191,0,weekday,49.05
2024-11-23,2024,11,23,328,21,5,39.1,2024-11-23 21:00:00+00:00,2024-11-23 22:00:00+00:00,48863.1925,5162.5025,35490.03,0.0,58227.02,40652.5325,-0.6115298757991053,0.7912213413483807,-0.7071067811865477,0.7071067811865474,-0.9749279121818236,-0.2225209339563146,0,weekend,47.018
2024-11-24,2024,11,24,329,21,6,3.27,2024-11-24 21:00:00+00:00,2024-11-24 22:00:00+00:00,47833.425,4900.06,37853.4575,0.0,59873.17,42753.5175,-0.5978291414589552,0.801623551065242,-0.7071067811865477,0.7071067811865474,-0.7818314824680299,0.6234898018587334,0,weekend,47.341499999999996
2024-11-25,2024,11,25,330,21,0,86.26,2024-11-25 21:00:00+00:00,2024-11-25 22:00:00+00:00,53583.6975,5899.6325,24802.9925,0.0,55740.14,30702.625,-0.5839514998576998,0.8117885474764613,-0.7071067811865477,0.7071067811865474,0.0,1.0,0,weekday,47.665
2024-11-26,2024,11,26,331,21,1,122.13,2024-11-26 21:00:00+00:00,2024-11-26 22:00:00+00:00,54976.6725,4440.13,15935.25,0.0,53119.8,20375.38,-0.5699010576127624,0.8217133225960589,-0.7071067811865477,0.7071067811865474,0.7818314824680298,0.6234898018587336,0,weekday,47.38
2024-11-27,2024,11,27,332,21,2,67.05,2024-11-27 21:00:00+00:00,2024-11-27 22:00:00+00:00,54207.1675,4200.9125,38967.6975,0.0,66190.57,43168.61,-0.5556819724760489,0.8313949395234058,-0.7071067811865477,0.7071067811865474,0.9749279121818236,-0.2225209339563143,0,weekday,46.535
2024-11-28,2024,11,28,333,21,3,122.16,2024-11-28 21:00:00+00:00,2024-11-28 22:00:00+00:00,55057.635,1287.3075,13428.3175,0.0,47553.52,14715.625,-0.5412984521036173,0.8408305333122887,-0.7071067811865477,0.7071067811865474,0.4338837391175582,-0.900968867902419,0,weekday,46.762
2024-11-29,2024,11,29,334,21,4,113.73,2024-11-29 21:00:00+00:00,2024-11-29 22:00:00+00:00,53541.9275,4209.92,9927.3725,0.0,49359.99,14137.2925,-0.5267547528105542,0.8500173118187018,-0.7071067811865477,0.7071067811865474,-0.433883739117558,-0.9009688679024191,0,weekday,47.48
2024-11-30,2024,11,30,335,21,5,114.78,2024-11-30 21:00:00+00:00,2024-11-30 22:00:00+00:00,48596.1775,2686.6125,11113.1975,0.0,45502.37,13799.81,-0.5120551783114646,0.8589525565270845,-0.7071067811865477,0.7071067811865474,-0.9749279121818236,-0.2225209339563146,0,weekend,47.811
2024-12-01,2024,12,1,336,21,6,96.98,2024-12-01 21:00:00+00:00,2024-12-01 22:00:00+00:00,49631.9475,4855.23,20008.565,0.0,54052.65,24863.795,-0.4972040784469378,0.8676336233547726,-0.7071067811865477,0.7071067811865474,-0.7818314824680299,0.6234898018587334,0,weekend,48.335499999999996
2024-12-02,2024,12,2,337,21,0,111.72,2024-12-02 21:00:00+00:00,2024-12-02 22:00:00+00:00,54461.4525,4605.387500000001,17846.525,0.0,55951.8,22451.9125,-0.4822058478963526,0.8760579434344281,-0.7071067811865477,0.7071067811865474,0.0,1.0,0,weekday,48.86
2024-12-03,2024,12,3,338,21,1,142.08,2024-12-03 21:00:00+00:00,2024-12-03 22:00:00+00:00,55934.9775,2487.2675,7498.465,0.0,49876.54,9985.7325,-0.4670649248774303,0.8842230238742036,-0.7071067811865477,0.7071067811865474,0.7818314824680298,0.6234898018587336,0,weekday,48.93
2024-12-04,2024,12,4,339,21,2,128.33,2024-12-04 21:00:00+00:00,2024-12-04 22:00:00+00:00,55900.817500000005,1325.8325,5752.52,0.0,45613.61,7078.352500000001,-0.451785789832884,0.8921264484954345,-0.7071067811865477,0.7071067811865474,0.9749279121818236,-0.2225209339563143,0,weekday,48.1
2024-12-05,2024,12,5,340,21,3,74.17,2024-12-05 21:00:00+00:00,2024-12-05 22:00:00+00:00,55058.77,4870.5725,33740.707500000004,0.0,62205.25,38611.280000000006,-0.4363729641045924,0.8997658785476209,-0.7071067811865477,0.7071067811865474,0.4338837391175582,-0.900968867902419,0,weekday,47.51
2024-12-06,2024,12,6,341,21,4,121.08,2024-12-06 21:00:00+00:00,2024-12-06 22:00:00+00:00,53103.6225,760.1975,16483.0375,0.0,49430.25,17243.234999999997,-0.4208310085956556,0.9071390534005044,-0.7071067811865477,0.7071067811865474,-0.433883739117558,-0.9009688679024191,0,weekday,46.25
2024-12-07,2024,12,7,342,21,5,82.5,2024-12-07 21:00:00+00:00,2024-12-07 22:00:00+00:00,48629.0075,4401.9775,20064.7725,0.0,48345.11,24466.75,-0.4051645224207563,0.9142437912130223,-0.7071067811865477,0.7071067811865474,-0.9749279121818236,-0.2225209339563146,0,weekend,46.48
2024-12-08,2024,12,8,343,21,6,88.6,2024-12-08 21:00:00+00:00,2024-12-08 22:00:00+00:00,48025.1125,5682.1425,19925.475,0.0,51810.44,25607.6175,-0.3893781415452015,0.9210779895789526,-0.7071067811865477,0.7071067811865474,-0.7818314824680299,0.6234898018587334,0,weekend,46.34
2024-12-09,2024,12,9,344,21,0,98.48,2024-12-09 21:00:00+00:00,2024-12-09 22:00:00+00:00,55382.6875,5622.2375,26524.5275,0.0,61543.05,32146.765,-0.3734765374130707,0.9276396261490468,-0.7071067811865477,0.7071067811865474,0.0,1.0,0,weekday,46.2
2024-12-10,2024,12,10,345,21,1,137.94,2024-12-10 21:00:00+00:00,2024-12-10 22:00:00+00:00,55950.485,234.215,5573.0225,0.0,46628.32,5807.2375,-0.3574644155648614,0.9339267592294762,-0.7071067811865477,0.7071067811865474,0.7818314824680298,0.6234898018587336,0,weekday,44.55
2024-12-11,2024,12,11,346,21,2,150.0,2024-12-11 21:00:00+00:00,2024-12-11 22:00:00+00:00,55540.795,1582.0925,2670.205,0.0,45653.67,4252.2975,-0.3413465142450361,0.9399375283564132,-0.7071067811865477,0.7071067811865474,0.9749279121818236,-0.2225209339563143,0,weekday,45.25
2024-12-12,2024,12,12,347,21,3,150.0,2024-12-12 21:00:00+00:00,2024-12-12 22:00:00+00:00,55168.8475,514.1925,1936.1525,0.0,44019.46,2450.345,-0.3251276029999093,0.9456701548465688,-0.7071067811865477,0.7071067811865474,0.4338837391175582,-0.900968867902419,0,weekday,44.4
2024-12-13,2024,12,13,348,21,4,135.09,2024-12-13 21:00:00+00:00,2024-12-13 22:00:00+00:00,52848.6475,1030.03,5672.9925,0.0,45814.21,6703.0225,-0.3088124812662537,0.9511229423235356,-0.7071067811865477,0.7071067811865474,-0.433883739117558,-0.9009688679024191,0,weekday,42.54
2024-12-14,2024,12,14,349,21,5,87.25,2024-12-14 21:00:00+00:00,2024-12-14 22:00:00+00:00,48261.1725,5617.6225,26597.36,0.0,54703.31,32214.9825,-0.2924059769510773,0.956294277219772,-0.7071067811865477,0.7071067811865474,-0.9749279121818236,-0.2225209339563146,0,weekend,41.215
2024-12-15,2024,12,15,350,21,6,10.08,2024-12-15 21:00:00+00:00,2024-12-15 22:00:00+00:00,47891.465,4150.9125,41991.4175,0.0,64726.3,46142.33,-0.2759129450029604,0.9611826292540836,-0.7071067811865477,0.7071067811865474,-0.7818314824680299,0.6234898018587334,0,weekend,40.7
2024-12-16,2024,12,16,351,21,0,44.4,2024-12-16 21:00:00+00:00,2024-12-16 22:00:00+00:00,54027.177500000005,4035.8375,38700.355,0.0,64208.33,42736.192500000005,-0.2593382659754056,0.9657865518844574,-0.7071067811865477,0.7071067811865474,0.0,1.0,0,weekday,40.185
2024-12-17,2024,12,17,352,21,1,92.44,2024-12-17 21:00:00+00:00,2024-12-17 22:00:00+00:00,53907.0275,5604.0650000000005,14020.4525,0.0,49977.92,19624.5175,-0.2426868445825954,0.9701046827361176,-0.7071067811865477,0.7071067811865474,0.7818314824680298,0.6234898018587336,0,weekday,40.5
2024-12-18,2024,12,18,353,21,2,43.14,2024-12-18 21:00:00+00:00,2024-12-18 22:00:00+00:00,53813.9325,4385.33,34878.05,0.0,59766.09,39263.380000000005,-0.225963608248019,0.974135744004672,-0.7071067811865477,0.7071067811865474,0.9749279121818236,-0.2225209339563143,0,weekday,42.355
2024-12-19,2024,12,19,354,21,3,69.72,2024-12-19 21:00:00+00:00,2024-12-19 22:00:00+00:00,53818.8725,4460.6875,35121.277500000004,0.0,60983.93,39581.965,-0.2091735056463563,0.9778785428342386,-0.7071067811865477,0.7071067811865474,0.4338837391175582,-0.900968867902419,0,weekday,41.475
2024-12-20,2024,12,20,355,21,4,70.34,2024-12-20 21:00:00+00:00,2024-12-20 22:00:00+00:00,51304.68,5125.005,27206.145,0.0,56301.07,32331.15,-0.1923215052390948,0.9813319716704276,-0.7071067811865477,0.7071067811865474,-0.433883739117558,-0.9009688679024191,0,weekday,43.875
2024-12-21,2024,12,21,356,21,5,3.0,2024-12-21 21:00:00+00:00,2024-12-21 22:00:00+00:00,46260.4225,4820.96,42149.175,0.0,64672.45,46970.135,-0.1754125938042784,0.9844950085880858,-0.7071067811865477,0.7071067811865474,-0.9749279121818236,-0.2225209339563146,0,weekend,44.13
2024-12-22,2024,12,22,357,21,6,36.2,2024-12-22 21:00:00+00:00,2024-12-22 22:00:00+00:00,47645.845,4702.1900000000005,30313.5575,0.0,56316.25,35015.7475,-0.1584517749608363,0.9873667175937016,-0.7071067811865477,0.7071067811865474,-0.7818314824680299,0.6234898018587334,0,weekend,44.2325
2024-12-23,2024,12,23,358,21,0,105.82,2024-12-23 21:00:00+00:00,2024-12-23 22:00:00+00:00,53342.66,3550.39,21037.1275,0.0,49488.14,24587.5175,-0.141444067687942,0.989946248902378,-0.7071067811865477,0.7071067811865474,0.0,1.0,0,weekday,44.335
2024-12-24,2024,12,24,359,21,1,99.04,2024-12-24 21:00:00+00:00,2024-12-24 22:00:00+00:00,47967.82,2195.12,9710.225,0.0,42614.29,11905.345,-0.1243945048397999,0.9922328391893008,-0.7071067811865477,0.7071067811865474,0.7818314824680298,0.6234898018587336,0,weekday,45.75
2024-12-25,2024,12,25,360,21,2,114.07,2024-12-25 21:00:00+00:00,2024-12-25 22:00:00+00:00,46192.4475,2286.8475,4112.53,0.0,33768.39,6399.3775,-0.1073081316563624,0.994225811815616,-0.7071067811865477,0.7071067811865474,0.9749279121818236,-0.2225209339563143,1,holiday,45.731
2024-12-26,2024,12,26,361,21,3,123.5,2024-12-26 21:00:00+00:00,2024-12-26 22:00:00+00:00,46401.735,548.045,3140.645,0.0,35596.65,3688.69,-0.0901900042703451,0.99592457702866,-0.7071067811865477,0.7071067811865474,0.4338837391175582,-0.900968867902419,1,holiday,45.731
2024-12-27,2024,12,27,362,21,4,126.76,2024-12-27 21:00:00+00:00,2024-12-27 22:00:00+00:00,46858.7175,409.725,919.4075,0.0,36451.67,1329.1325000000002,-0.0730451882110474,0.9973286321364752,-0.7071067811865477,0.7071067811865474,-0.433883739117558,-0.9009688679024191,0,weekday,47.18
2024-12-28,2024,12,28,363,21,5,121.25,2024-12-28 21:00:00+00:00,2024-12-28 22:00:00+00:00,47391.2075,1636.97,3789.125,0.0,39194.67,5426.095,-0.0558787569053731,0.9984375616565666,-0.7071067811865477,0.7071067811865474,-0.9749279121818236,-0.2225209339563146,0,weekend,47.731
2024-12-29,2024,12,29,364,21,6,83.79,2024-12-29 21:00:00+00:00,2024-12-29 22:00:00+00:00,47017.99,4904.3025,21998.7025,0.0,51338.43,26903.005,-0.0386957901765268,0.999251037438848,-0.7071067811865477,0.7071067811865474,-0.7818314824680299,0.6234898018587334,0,weekend,48.0155
2024-12-30,2024,12,30,365,21,0,67.26,2024-12-30 21:00:00+00:00,2024-12-30 22:00:00+00:00,49945.1625,4545.545,27753.265,0.0,54059.26,32298.81,-0.0215013727408137,0.999768818762748,-0.7071067811865477,0.7071067811865474,0.0,1.0,0,weekday,48.3
2024-12-31,2024,12,31,366,21,1,9.06,2024-12-31 21:00:00+00:00,2024-12-31 22:00:00+00:00,48170.785,3648.0025,39060.58,0.0,60418.72,42708.5825,-0.0043005927029819,0.9999907524084426,-0.7071067811865477,0.7071067811865474,0.7818314824680298,0.6234898018587336,0,weekday,48.35
2025-01-01,2025,1,1,1,21,2,10.05,2025-01-01 21:00:00+00:00,2025-01-01 22:00:00+00:00,49758.215,4054.8125,40572.1475,0.0,62491.635,44626.96,0.0,1.0,-0.7071067811865477,0.7071067811865474,0.9749279121818236,-0.2225209339563143,1,holiday,48.889
2025-01-02,2025,1,2,2,21,3,113.42,2025-01-02 21:00:00+00:00,2025-01-02 22:00:00+00:00,54029.605,5843.8125,18894.6825,0.0,53155.8025,24738.495,0.0172015754182605,0.9998520419557736,-0.7071067811865477,0.7071067811865474,0.4338837391175582,-0.900968867902419,0,weekday,50.215
2025-01-03,2025,1,3,3,21,4,98.22,2025-01-03 21:00:00+00:00,2025-01-03 22:00:00+00:00,53171.5275,5256.5475,21650.06,0.0,54624.4375,26906.6075,0.034398060613608,0.9994082116062598,-0.7071067811865477,0.7071067811865474,-0.433883739117558,-0.9009688679024191,0,weekday,49.905
2025-01-04,2025,1,4,4,21,5,118.29,2025-01-04 21:00:00+00:00,2025-01-04 22:00:00+00:00,49020.6475,2246.3450000000003,8183.2425,0.0,41793.725,10429.5875,0.0515843668694083,0.9986686402879996,-0.7071067811865477,0.7071067811865474,-0.9749279121818236,-0.2225209339563146,0,weekend,49.622
2025-01-05,2025,1,5,5,21,6,34.68,2025-01-05 21:00:00+00:00,2025-01-05 22:00:00+00:00,49352.695,5486.0425000000005,34614.56,0.0,57257.3375,40100.6025,0.0687554084811394,0.9976335468520452,-0.7071067811865477,0.7071067811865474,-0.7818314824680299,0.6234898018587334,0,weekend,49.361000000000004
2025-01-06,2025,1,6,6,21,0,26.94,2025-01-06 21:00:00+00:00,2025-01-06 22:00:00+00:00,52331.5875,3440.5525,41761.1575,0.0,65054.0,45201.71,0.0859061042613327,0.9963032375991964,-0.7071067811865477,0.7071067811865474,0.0,1.0,0,weekday,49.1
2025-01-07,2025,1,7,7,21,1,72.45,2025-01-07 21:00:00+00:00,2025-01-07 22:00:00+00:00,55070.9825,4918.405000000001,36873.905,0.0,63596.475,41792.31,0.1030313790431787,0.9946781061893646,-0.7071067811865477,0.7071067811865474,0.7818314824680298,0.6234898018587336,0,weekday,46.75
2025-01-08,2025,1,8,8,21,2,115.92,2025-01-08 21:00:00+00:00,2025-01-08 22:00:00+00:00,54992.995,3035.31,12306.565,0.0,46238.975,15341.875,0.1201261651823505,0.9927586335250792,-0.7071067811865477,0.7071067811865474,0.9749279121818236,-0.2225209339563143,0,weekday,47.995
2025-01-09,2025,1,9,9,21,3,101.1,2025-01-09 21:00:00+00:00,2025-01-09 22:00:00+00:00,55891.485,3370.0575,28318.2075,0.0,58399.2625,31688.265,0.1371854040566005,0.9905453876091832,-0.7071067811865477,0.7071067811865474,0.4338837391175582,-0.900968867902419,0,weekday,45.095
2025-01-10,2025,1,10,10,21,4,119.77,2025-01-10 21:00:00+00:00,2025-01-10 22:00:00+00:00,56139.1775,2629.9925,13508.915,0.0,47702.305,16138.9075,0.1542040475626894,0.988039023376751,-0.7071067811865477,0.7071067811865474,-0.433883739117558,-0.9009688679024191,0,weekday,44.85
2025-01-11,2025,1,11,11,21,5,103.07,2025-01-11 21:00:00+00:00,2025-01-11 22:00:00+00:00,50303.5675,2746.235,18178.34,0.0,48819.885,20924.575,0.1711770596101998,0.985240282501282,-0.7071067811865477,0.7071067811865474,-0.9749279121818236,-0.2225209339563146,0,weekend,45.008
2025-01-12,2025,1,12,12,21,6,121.2,2025-01-12 21:00:00+00:00,2025-01-12 22:00:00+00:00,50824.4025,156.555,3294.385,0.0,37706.25,3450.94,0.1880994176117975,0.9821499931752292,-0.7071067811865477,0.7071067811865474,-0.7818314824680299,0.6234898018587334,0,weekend,45.829
2025-01-13,2025,1,13,13,21,0,115.57,2025-01-13 21:00:00+00:00,2025-01-13 22:00:00+00:00,58273.335,5357.555,14167.8325,0.0,55408.3225,19525.3875,0.2049661139694953,0.9787690698649216,-0.7071067811865477,0.7071067811865474,0.0,1.0,0,weekday,46.65
2025-01-14,2025,1,14,14,21,1,121.0,2025-01-14 21:00:00+00:00,2025-01-14 22:00:00+00:00,58782.9525,3686.135,17246.0025,0.0,55174.325,20932.1375,0.2217721575564818,0.975098513039961,-0.7071067811865477,0.7071067811865474,0.7818314824680298,0.6234898018587336,0,weekday,48.53
2025-01-15,2025,1,15,15,21,2,141.16,2025-01-15 21:00:00+00:00,2025-01-15 22:00:00+00:00,58146.02,1113.265,2320.795,0.0,43739.335,3434.0600000000004,0.2385125751940764,0.9711394088771652,-0.7071067811865477,0.7071067811865474,0.9749279121818236,-0.2225209339563143,0,weekday,47.45
2025-01-16,2025,1,16,16,21,3,135.29,2025-01-16 21:00:00+00:00,2025-01-16 22:00:00+00:00,57823.7775,3636.395,5358.2575,0.0,48200.3975,8994.6525,0.2551824131233728,0.966892928939152,-0.7071067811865477,0.7071067811865474,0.4338837391175582,-0.900968867902419,0,weekday,46.205
2025-01-17,2025,1,17,17,21,4,139.97,2025-01-17 21:00:00+00:00,2025-01-17 22:00:00+00:00,56984.942500000005,2154.225,3117.5525,0.0,42188.885,5271.7775,0.2717767384711357,0.9623603298276544,-0.7071067811865477,0.7071067811865474,-0.433883739117558,-0.9009688679024191,0,weekday,46.0
2025-01-18,2025,1,18,18,21,5,136.4,2025-01-18 21:00:00+00:00,2025-01-18 22:00:00+00:00,51583.5525,455.5325,4918.1825,0.0,41292.302500000005,5373.715,0.2882906407095177,0.957542952811672,-0.7071067811865477,0.7071067811865474,-0.9749279121818236,-0.2225209339563146,0,weekend,46.887
2025-01-19,2025,1,19,19,21,6,130.99,2025-01-19 21:00:00+00:00,2025-01-19 22:00:00+00:00,51764.365,258.0525,6837.62,0.0,42587.605,7095.6725,0.3047192331091634,0.9524422234305676,-0.7071067811865477,0.7071067811865474,-0.7818314824680299,0.6234898018587334,0,weekend,46.808
2025-01-20,2025,1,20,20,21,0,152.51,2025-01-20 21:00:00+00:00,2025-01-20 22:00:00+00:00,58958.56,2228.5725,3382.1025,0.0,45747.66,5610.675,0.321057654185271,0.9470596510722284,-0.7071067811865477,0.7071067811865474,0.0,1.0,0,weekday,46.729
2025-01-21,2025,1,21,21,21,1,138.6,2025-01-21 21:00:00+00:00,2025-01-21 22:00:00+00:00,58765.77,2382.065,5722.005,0.0,46895.8825,8104.07,0.3373010691361842,0.9413968285264122,-0.7071067811865477,0.7071067811865474,0.7818314824680298,0.6234898018587336,0,weekday,46.65
2025-01-22,2025,1,22,22,21,2,128.09,2025-01-22 21:00:00+00:00,2025-01-22 22:00:00+00:00,58166.6425,1380.395,18615.375,0.0,51907.805,19995.77,0.3534446712740877,0.9354554315134164,-0.7071067811865477,0.7071067811865474,0.9749279121818236,-0.2225209339563143,0,weekday,50.085
2025-01-23,2025,1,23,23,21,3,75.68,2025-01-23 21:00:00+00:00,2025-01-23 22:00:00+00:00,57051.0875,5561.3375,34320.335,0.0,62462.3325,39881.6725,0.3694836834473831,0.9292372181882051,-0.7071067811865477,0.7071067811865474,0.4338837391175582,-0.900968867902419,0,weekday,48.83
2025-01-24,2025,1,24,24,21,4,91.97,2025-01-24 21:00:00+00:00,2025-01-24 22:00:00+00:00,55684.8325,5699.9025,29218.32,0.0,58413.6475,34918.2225,0.3854133594543256,0.9227440286201428,-0.7071067811865477,0.7071067811865474,-0.433883739117558,-0.9009688679024191,0,weekday,49.585
2025-01-25,2025,1,25,25,21,5,132.26,2025-01-25 21:00:00+00:00,2025-01-25 22:00:00+00:00,49972.245,1656.62,6468.4525,0.0,39802.0525,8125.0725,0.4012289854475009,0.9159777842484876,-0.7071067811865477,0.7071067811865474,-0.9749279121818236,-0.2225209339563146,0,weekend,49.702
2025-01-26,2025,1,26,26,21,6,49.25,2025-01-26 21:00:00+00:00,2025-01-26 22:00:00+00:00,50607.82,5380.44,24127.18,0.0,52996.2775,29507.62,0.4169258813287287,0.908940487313808,-0.7071067811865477,0.7071067811865474,-0.7818314824680299,0.6234898018587334,0,weekend,49.2635
2025-01-27,2025,1,27,27,21,0,82.26,2025-01-27 21:00:00+00:00,2025-01-27 22:00:00+00:00,56747.0875,5519.295,27814.44,0.0,57475.8975,33333.735,0.4324994021339788,0.901634220265486,-0.7071067811865477,0.7071067811865474,0.0,1.0,0,weekday,48.825
2025-01-28,2025,1,28,28,21,1,79.8,2025-01-28 21:00:00+00:00,2025-01-28 22:00:00+00:00,57034.6225,4465.25,24988.46,0.0,56380.85,29453.71,0.4479449394078911,0.8940611451454876,-0.7071067811865477,0.7071067811865474,0.7818314824680298,0.6234898018587336,0,weekday,48.2
2025-01-29,2025,1,29,29,21,2,111.99,2025-01-29 21:00:00+00:00,2025-01-29 22:00:00+00:00,57313.8075,5484.0650000000005,19594.09,0.0,53753.3125,25078.155,0.4632579225674917,0.88622350294858,-0.7071067811865477,0.7071067811865474,0.9749279121818236,-0.2225209339563143,0,weekday,49.74
2025-01-30,2025,1,30,30,21,3,126.46,2025-01-30 21:00:00+00:00,2025-01-30 22:00:00+00:00,57267.655,3704.195,10573.8725,0.0,48116.2175,14278.0675,0.4784338202547012,0.8781236129591848,-0.7071067811865477,0.7071067811865474,0.4338837391175582,-0.900968867902419,0,weekday,52.02
2025-01-31,2025,1,31,31,21,4,144.31,2025-01-31 21:00:00+00:00,2025-01-31 22:00:00+00:00,55603.1575,700.765,5813.7425,0.0,43015.1,6514.507500000001,0.4934681416772373,0.8697638720650646,-0.7071067811865477,0.7071067811865474,-0.433883739117558,-0.9009688679024191,0,weekday,52.0
2025-02-01,2025,2,1,32,21,5,141.73,2025-02-01 21:00:00+00:00,2025-02-01 22:00:00+00:00,50709.3475,370.2925,3537.6775,0.0,38532.195,3907.97,0.5083564379375122,0.8611467540480452,-0.7071067811865477,0.7071067811865474,-0.9749279121818236,-0.2225209339563146,0,weekend,53.237
2025-02-02,2025,2,2,33,21,6,148.44,2025-02-02 21:00:00+00:00,2025-02-02 22:00:00+00:00,50158.195,905.7275,1006.2675,0.0,38641.2825,1911.995,0.5230943033491326,0.8522748088519838,-0.7071067811865477,0.7071067811865474,-0.7818314824680299,0.6234898018587334,0,weekend,53.718500000000006
2025-02-03,2025,2,3,34,21,0,144.23,2025-02-03 21:00:00+00:00,2025-02-03 22:00:00+00:00,57280.4225,2462.6475,3353.825,0.0,45488.5375,5816.4725,0.5376773767406141,0.8431506618282,-0.7071067811865477,0.7071067811865474,0.0,1.0,0,weekday,54.2
2025-02-04,2025,2,4,35,21,1,129.42,2025-02-04 21:00:00+00:00,2025-02-04 22:00:00+00:00,56945.685,5433.4925,12276.56,0.0,54190.2475,17710.052499999998,0.5521013427459208,0.8337770129585915,-0.7071067811865477,0.7071067811865474,0.7818314824680298,0.6234898018587336,0,weekday,52.905
2025-02-05,2025,2,5,36,21,2,143.7,2025-02-05 21:00:00+00:00,2025-02-05 22:00:00+00:00,58208.3325,1587.02,5976.03,0.0,48210.455,7563.049999999999,0.5663619330814524,0.8241566360566663,-0.7071067811865477,0.7071067811865474,0.9749279121818236,-0.2225209339563143,0,weekday,51.85
2025-02-06,2025,2,6,37,21,3,134.0,2025-02-06 21:00:00+00:00,2025-02-06 22:00:00+00:00,59371.33,4032.88,16642.1475,0.0,55671.6175,20675.0275,0.580454927809098,0.8142923779467267,-0.7071067811865477,0.7071067811865474,0.4338837391175582,-0.900968867902419,0,weekday,53.91
2025-02-07,2025,2,7,38,21,4,98.72,2025-02-07 21:00:00+00:00,2025-02-07 22:00:00+00:00,57512.2225,6527.9725,21554.7525,0.0,58424.5775,28082.725,0.5943761565849831,0.804187157621448,-0.7071067811865477,0.7071067811865474,-0.433883739117558,-0.9009688679024191,0,weekday,53.815
2025-02-08,2025,2,8,39,21,5,144.0,2025-02-08 21:00:00+00:00,2025-02-08 22:00:00+00:00,50468.15,3025.7625000000003,9758.375,0.0,46019.6275,12784.1375,0.6081214998935418,0.7938439653781019,-0.7071067811865477,0.7071067811865474,-0.9749279121818236,-0.2225209339563146,0,weekend,55.723
2025-02-09,2025,2,9,40,21,6,143.0,2025-02-09 21:00:00+00:00,2025-02-09 22:00:00+00:00,51246.27,6449.38,10573.0725,0.0,50144.8325,17022.4525,0.6216868902665479,0.7832658619336791,-0.7071067811865477,0.7071067811865474,-0.7818314824680299,0.6234898018587334,0,weekend,56.5115
2025-02-10,2025,2,10,41,21,0,88.87,2025-02-10 21:00:00+00:00,2025-02-10 22:00:00+00:00,58517.77,6051.935,30353.4625,0.0,64558.17,36405.3975,0.6350683134867438,0.7724559775191742,-0.7071067811865477,0.7071067811865474,0.0,1.0,0,weekday,57.3
2025-02-11,2025,2,11,42,21,1,142.95,2025-02-11 21:00:00+00:00,2025-02-11 22:00:00+00:00,57628.3725,6545.4825,16530.05,0.0,54870.5075,23075.5325,0.6482618097757122,0.7614175109532997,-0.7071067811865477,0.7071067811865474,0.7818314824680298,0.6234898018587336,0,weekday,57.13
2025-02-12,2025,2,12,43,21,2,150.38,2025-02-12 21:00:00+00:00,2025-02-12 22:00:00+00:00,56897.775,4180.24,7675.3675,0.0,49705.35,11855.6075,0.6612634749656386,0.7501537286959042,-0.7071067811865477,0.7071067811865474,0.9749279121818236,-0.2225209339563143,0,weekday,56.2
2025-02-13,2025,2,13,44,21,3,153.12,2025-02-13 21:00:00+00:00,2025-02-13 22:00:00+00:00,57805.41,2208.8125,8722.8625,0.0,49693.065,10931.675,0.6740694616546161,0.7386679638813748,-0.7071067811865477,0.7071067811865474,0.4338837391175582,-0.900968867902419,0,weekday,55.66
2025-02-14,2025,2,14,45,21,4,153.0,2025-02-14 21:00:00+00:00,2025-02-14 22:00:00+00:00,56314.9525,140.615,1227.8425,0.0,41005.1975,1368.4575,0.6866759803451553,0.726963615332308,-0.7071067811865477,0.7071067811865474,-0.433883739117558,-0.9009688679024191,0,weekday,50.05
2025-02-15,2025,2,15,46,21,5,132.37,2025-02-15 21:00:00+00:00,2025-02-15 22:00:00+00:00,51573.56,2360.8225,4107.61,0.0,40735.8075,6468.4325,0.6990793005655562,0.7150441465537444,-0.7071067811865477,0.7071067811865474,-0.9749279121818236,-0.2225209339563146,0,weekend,50.685
2025-02-16,2025,2,16,47,21,6,137.62,2025-02-16 21:00:00+00:00,2025-02-16 22:00:00+00:00,51921.1275,916.235,7975.4075,0.0,44222.1475,8891.6425,0.7112757519738152,0.7029130847082615,-0.7071067811865477,0.7071067811865474,-0.7818314824680299,0.6234898018587334,0,weekend,50.458333333333336
2025-02-17,2025,2,17,48,21,0,139.39,2025-02-17 21:00:00+00:00,2025-02-17 22:00:00+00:00,59642.8225,839.405,5231.9875,0.0,46915.53,6071.3925,0.7232617254437388,0.6905740195722293,-0.7071067811865477,0.7071067811865474,0.0,1.0,0,weekday,50.23166666666667
2025-02-18,2025,2,18,49,21,1,121.9,2025-02-18 21:00:00+00:00,2025-02-18 22:00:00+00:00,59330.1175,4391.705,15065.34,0.0,56406.5175,19457.045,0.7350336741329413,0.6780306024735382,-0.7071067811865477,0.7071067811865474,0.7818314824680298,0.6234898018587336,0,weekday,50.005
2025-02-19,2025,2,19,50,21,2,107.13,2025-02-19 21:00:00+00:00,2025-02-19 22:00:00+00:00,59383.425,5071.41,20713.3775,0.0,59898.1075,25784.7875,0.746588114532413,0.6652865452111116,-0.7071067811865477,0.7071067811865474,0.9749279121818236,-0.2225209339563143,0,weekday,50.0
2025-02-20,2025,2,20,51,21,3,90.84,2025-02-20 21:00:00+00:00,2025-02-20 22:00:00+00:00,57811.485,6233.5125,20720.765,0.0,55784.765,26954.2775,0.7579216274973472,0.6523456189565257,-0.7071067811865477,0.7071067811865474,0.4338837391175582,-0.900968867902419,0,weekday,47.35
2025-02-21,2025,2,21,52,21,4,70.64,2025-02-21 21:00:00+00:00,2025-02-21 22:00:00+00:00,54630.8275,5706.3525,24150.905,0.0,54435.2975,29857.2575,0.7690308592589181,0.6392116531380588,-0.7071067811865477,0.7071067811865474,-0.433883739117558,-0.9009688679024191,0,weekday,47.65
2025-02-22,2025,2,22,53,21,5,94.27,2025-02-22 21:00:00+00:00,2025-02-22 22:00:00+00:00,48663.9725,3871.5325,19685.785,0.0,48826.57,23557.3175,0.7799125224167177,0.6258885343075018,-0.7071067811865477,0.7071067811865474,-0.9749279121818236,-0.2225209339563146,0,weekend,47.195
2025-02-23,2025,2,23,54,21,6,73.81,2025-02-23 21:00:00+00:00,2025-02-23 22:00:00+00:00,49977.9825,5132.5925,16029.76,0.0,47592.105,21162.3525,0.7905633969115482,0.612380204990065,-0.7071067811865477,0.7071067811865474,-0.7818314824680299,0.6234898018587334,0,weekend,46.665
2025-02-24,2025,2,24,55,21,0,112.9,2025-02-24 21:00:00+00:00,2025-02-24 22:00:00+00:00,55958.7175,4335.17,17131.3025,0.0,50181.8525,21466.472500000003,0.8009803309782905,0.5986906625177214,-0.7071067811865477,0.7071067811865474,0.0,1.0,0,weekday,46.135
2025-02-25,2025,2,25,56,21,1,129.46,2025-02-25 21:00:00+00:00,2025-02-25 22:00:00+00:00,55520.692500000005,506.8425,5840.685,0.0,44585.5,6347.5275,0.8111602420785621,0.5848239578463322,-0.7071067811865477,0.7071067811865474,0.7818314824680298,0.6234898018587336,0,weekday,45.435
2025-02-26,2025,2,26,57,21,2,120.94,2025-02-26 21:00:00+00:00,2025-02-26 22:00:00+00:00,56316.3875,2028.51,11238.715,0.0,48459.9625,13267.225,0.8211001178128892,0.5707841943569036,-0.7071067811865477,0.7071067811865474,0.9749279121818236,-0.2225209339563143,0,weekday,41.336
2025-02-27,2025,2,27,58,21,3,124.69,2025-02-27 21:00:00+00:00,2025-02-27 22:00:00+00:00,56007.465,2221.39,7184.58,0.0,47080.7625,9405.97,0.8307970168121247,0.5565755266413303,-0.7071067811865477,0.7071067811865474,0.4338837391175582,-0.900968867902419,0,weekday,44.375
2025-02-28,2025,2,28,59,21,4,127.43,2025-02-28 21:00:00+00:00,2025-02-28 22:00:00+00:00,54373.2825,633.4125,4115.19,0.0,42629.5175,4748.6025,0.8402480696078469,0.5422021592729844,-0.7071067811865477,0.7071067811865474,-0.433883739117558,-0.9009688679024191,0,weekday,46.5
2025-03-01,2025,3,1,60,21,5,123.57,2025-03-01 21:00:00+00:00,2025-03-01 22:00:00+00:00,50459.21,1894.3275,7263.42,0.0,43205.3475,9157.7475,0.8494504794814806,0.527668345562516,-0.7071067811865477,0.7071067811865474,-0.9749279121818236,-0.2225209339563146,0,weekend,44.32
2025-03-02,2025,3,2,61,21,6,120.79,2025-03-02 21:00:00+00:00,2025-03-02 22:00:00+00:00,50216.155,4512.9825,8791.0975,0.0,45137.6825,13304.08,0.8584015232918917,0.512978386299228,-0.7071067811865477,0.7071067811865474,-0.7818314824680299,0.6234898018587334,0,weekend,45.635000000000005
2025-03-03,2025,3,3,62,21,0,124.93,2025-03-03 21:00:00+00:00,2025-03-03 22:00:00+00:00,56805.345,4289.1075,7863.845,0.0,47231.8575,12152.9525,0.8670985522812081,0.4981366284784055,-0.7071067811865477,0.7071067811865474,0.0,1.0,0,weekday,46.95
2025-03-04,2025,3,4,63,21,1,114.41,2025-03-04 21:00:00+00:00,2025-03-04 22:00:00+00:00,56663.4175,6163.0375,12007.975,0.0,50111.715,18171.0125,0.8755389928586302,0.4831474640149687,-0.7071067811865477,0.7071067811865474,0.7818314824680298,0.6234898018587336,0,weekday,45.315
2025-03-05,2025,3,5,64,21,2,109.12,2025-03-05 21:00:00+00:00,2025-03-05 22:00:00+00:00,55716.4875,6211.96,13222.435,0.0,51477.695,19434.395,0.8837203473619977,0.4680153284438345,-0.7071067811865477,0.7071067811865474,0.9749279121818236,-0.2225209339563143,0,weekday,43.485
2025-03-06,2025,3,6,65,21,3,101.47,2025-03-06 21:00:00+00:00,2025-03-06 22:00:00+00:00,54875.6175,3865.7125,14521.4225,0.0,48676.35,18387.135,0.8916401947968874,0.452744699607371,-0.7071067811865477,0.7071067811865474,0.4338837391175582,-0.900968867902419,0,weekday,41.875
2025-03-07,2025,3,7,66,21,4,119.11,2025-03-07 21:00:00+00:00,2025-03-07 22:00:00+00:00,53113.442500000005,743.63,4210.9375,0.0,41424.99,4954.5675,0.8992961915530253,0.4373400963303323,-0.7071067811865477,0.7071067811865474,-0.433883739117558,-0.9009688679024191,0,weekday,37.325
2025-03-08,2025,3,8,67,21,5,99.24,2025-03-08 21:00:00+00:00,2025-03-08 22:00:00+00:00,47508.115,3141.8625,13718.285,0.0,44074.4375,16860.1475,0.9066860720977984,0.4218060770826634,-0.7071067811865477,0.7071067811865474,-0.9749279121818236,-0.2225209339563146,0,weekend,39.971
2025-03-09,2025,3,9,68,21,6,112.8,2025-03-09 21:00:00+00:00,2025-03-09 22:00:00+00:00,48532.6175,1600.455,3643.735,0.0,36830.88,5244.1900000000005,0.9138076496466616,0.4061472386305789,-0.7071067811865477,0.7071067811865474,-0.7818314824680299,0.6234898018587334,0,weekend,40.0205
2025-03-10,2025,3,10,69,21,0,106.88,2025-03-10 21:00:00+00:00,2025-03-10 22:00:00+00:00,54509.240000000005,1678.305,4700.37,0.0,40713.98,6378.675,0.9206588168102428,0.3903682146763026,-0.7071067811865477,0.7071067811865474,0.0,1.0,0,weekday,40.07
2025-03-11,2025,3,11,70,21,1,121.25,2025-03-11 21:00:00+00:00,2025-03-11 22:00:00+00:00,55001.795,1985.5125,4156.2425,0.0,42154.5175,6141.755,0.9272375462179536,0.374473674486883,-0.7071067811865477,0.7071067811865474,0.7818314824680298,0.6234898018587336,0,weekday,41.405
2025-03-12,2025,3,12,71,21,2,120.0,2025-03-12 21:00:00+00:00,2025-03-12 22:00:00+00:00,55437.89,948.385,2613.375,0.0,41087.96,3561.76,0.9335418911179212,0.3584683215124808,-0.7071067811865477,0.7071067811865474,0.9749279121818236,-0.2225209339563143,0,weekday,42.645
2025-03-13,2025,3,13,72,21,3,123.48,2025-03-13 21:00:00+00:00,2025-03-13 22:00:00+00:00,55286.9075,2054.67,3410.2475000000004,0.0,43014.17,5464.9175000000005,0.9395699859530622,0.342356891994542,-0.7071067811865477,0.7071067811865474,0.4338837391175582,-0.900968867902419,0,weekday,42.455
2025-03-14,2025,3,14,73,21,4,114.0,2025-03-14 21:00:00+00:00,2025-03-14 22:00:00+00:00,53915.0675,1903.275,8997.2275,0.0,46200.6675,10900.5025,0.945320046913132,0.3261441535642696,-0.7071067811865477,0.7071067811865474,-0.433883739117558,-0.9009688679024191,0,weekday,41.3
2025-03-15,2025,3,15,74,21,5,105.02,2025-03-15 21:00:00+00:00,2025-03-15 22:00:00+00:00,49810.7675,363.8825,13917.1625,0.0,42982.3725,14281.045,0.9507903724625832,0.3098349038318025,-0.7071067811865477,0.7071067811865474,-0.9749279121818236,-0.2225209339563146,0,weekend,42.29
2025-03-16,2025,3,16,75,21,6,100.8,2025-03-16 21:00:00+00:00,2025-03-16 22:00:00+00:00,50688.8775,5303.702499999999,15483.3825,0.0,49462.45,20787.085,0.9559793438440766,0.2934339689665273,-0.7071067811865477,0.7071067811865474,-0.7818314824680299,0.6234898018587334,0,weekend,41.8425
2025-03-17,2025,3,17,76,21,0,107.86,2025-03-17 21:00:00+00:00,2025-03-17 22:00:00+00:00,56923.5925,844.6075,9659.3475,0.0,43811.735,10503.955,0.9608854255574976,0.2769462022689364,-0.7071067811865477,0.7071067811865474,0.0,1.0,0,weekday,41.395
2025-03-18,2025,3,18,77,21,1,115.97,2025-03-18 21:00:00+00:00,2025-03-18 22:00:00+00:00,57016.375,1472.345,10574.2725,0.0,47395.265,12046.617499999998,0.9655071658143364,0.2603764827344581,-0.7071067811865477,0.7071067811865474,0.7818314824680298,0.6234898018587336,0,weekday,41.45
2025-03-19,2025,3,19,78,21,2,124.45,2025-03-19 21:00:00+00:00,2025-03-19 22:00:00+00:00,55697.9575,647.2225,6395.4325,0.0,43994.47,7042.655,0.969843196967294,0.2437297136096838,-0.7071067811865477,0.7071067811865474,0.9749279121818236,-0.2225209339563143,0,weekday,42.505
2025-03-20,2025,3,20,79,21,3,125.03,2025-03-20 21:00:00+00:00,2025-03-20 22:00:00+00:00,54168.84,216.44,3389.495,0.0,41545.16,3605.935,0.9738922359149924,0.2270108209414184,-0.7071067811865477,0.7071067811865474,0.4338837391175582,-0.900968867902419,0,weekday,43.86
2025-03-21,2025,3,21,80,21,4,27.13,2025-03-21 21:00:00+00:00,2025-03-21 22:00:00+00:00,51473.45,5830.3525,31560.65,0.0,58545.155,37391.0025,0.977653084481664,0.2102247521189836,-0.7071067811865477,0.7071067811865474,-0.433883739117558,-0.9009688679024191,0,weekday,44.755
2025-03-22,2025,3,22,81,21,5,37.14,2025-03-22 21:00:00+00:00,2025-03-22 22:00:00+00:00,48535.8375,6064.4725,27785.475,0.0,53795.535,33849.947499999995,0.981124629771712,0.1933764744102058,-0.7071067811865477,0.7071067811865474,-0.9749279121818236,-0.2225209339563146,0,weekend,42.605
2025-03-23,2025,3,23,82,21,6,126.47,2025-03-23 21:00:00+00:00,2025-03-23 22:00:00+00:00,48256.8025,3519.37,4025.1575,0.0,40053.005,7544.5275,0.984305844499033,0.1764709734915216,-0.7071067811865477,0.7071067811865474,-0.7818314824680299,0.6234898018587334,0,weekend,42.504999999999995
2025-03-24,2025,3,24,83,21,0,125.58,2025-03-24 21:00:00+00:00,2025-03-24 22:00:00+00:00,53496.42,381.5875,2060.2525,0.0,41035.0925,2441.84,0.9871957872910084,0.1595132519726365,-0.7071067811865477,0.7071067811865474,0.0,1.0,0,weekday,42.405
2025-03-25,2025,3,25,84,21,1,114.83,2025-03-25 21:00:00+00:00,2025-03-25 22:00:00+00:00,54183.445,5012.6825,9256.66,0.0,47707.3275,14269.3425,0.9897936029670716,0.1425083279161708,-0.7071067811865477,0.7071067811865474,0.7818314824680298,0.6234898018587336,0,weekday,42.05
2025-03-26,2025,3,26,85,21,2,120.27,2025-03-26 21:00:00+00:00,2025-03-26 22:00:00+00:00,53587.5325,1847.8475,6657.8775000000005,0.0,43743.755,8505.725,0.992098522791769,0.1254612333527364,-0.7071067811865477,0.7071067811865474,0.9749279121818236,-0.2225209339563143,0,weekday,40.555
2025-03-27,2025,3,27,86,21,3,113.1,2025-03-27 21:00:00+00:00,2025-03-27 22:00:00+00:00,53473.3675,4542.855,4454.672500000001,0.0,44333.7325,8997.5275,0.9941098647022418,0.108377012791876,-0.7071067811865477,0.7071067811865474,0.4338837391175582,-0.900968867902419,0,weekday,41.1
2025-03-28,2025,3,28,87,21,4,117.94,2025-03-28 21:00:00+00:00,2025-03-28 22:00:00+00:00,51217.6675,1069.5225,5195.01,0.0,41045.8375,6264.5325,0.9958270335100596,0.0912607217293118,-0.7071067811865477,0.7071067811865474,-0.433883739117558,-0.9009688679024191,0,weekday,40.9
2025-03-29,2025,3,29,88,21,5,82.75,2025-03-29 21:00:00+00:00,2025-03-29 22:00:00+00:00,49165.6225,3939.3675,9573.07,0.0,40248.765,13512.4375,0.9972495210773452,0.0741174251509443,-0.7071067811865477,0.7071067811865474,-0.9749279121818236,-0.2225209339563146,0,weekend,40.587
2025-03-30,2025,3,30,89,21,6,61.71,2025-03-30 21:00:00+00:00,2025-03-30 22:00:00+00:00,46590.0075,4831.5725,28322.2775,0.0,53462.1425,33153.85,0.998376906467142,0.0569521960340397,-0.7071067811865477,0.7071067811865474,-0.7818314824680299,0.6234898018587334,0,weekend,40.706
2025-03-31,2025,3,31,90,21,0,115.25,2025-03-31 21:00:00+00:00,2025-03-31 22:00:00+00:00,51266.0175,898.475,8084.74,0.0,41592.5425,8983.215,0.9992088560679752,0.0397701138460557,-0.7071067811865477,0.7071067811865474,0.0,1.0,0,weekday,40.825
2025-04-01,2025,4,1,91,21,1,95.64,2025-04-01 21:00:00+00:00,2025-04-01 22:00:00+00:00,50315.195,2009.9075,20076.3825,0.0,49735.9625,22086.29,0.9997451236925734,0.0225762630415454,-0.7071067811865477,0.7071067811865474,0.7818314824680298,0.6234898018587336,0,weekday,40.875
2025-04-02,2025,4,2,92,21,2,82.63,2025-04-02 21:00:00+00:00,2025-04-02 22:00:00+00:00,50483.0525,3800.6475,23402.895,0.0,51814.355,27203.5425,0.9999855506507186,0.0053757315575838,-0.7071067811865477,0.7071067811865474,0.9749279121818236,-0.2225209339563143,0,weekday,42.475
2025-04-03,2025,4,3,93,21,3,113.21,2025-04-03 21:00:00+00:00,2025-04-03 22:00:00+00:00,49527.505000000005,1118.8575,9966.0275,0.0,43122.7525,11084.885,0.9999300657962056,-0.0118263906918325,-0.7071067811865477,0.7071067811865474,0.4338837391175582,-0.900968867902419,0,weekday,39.75
2025-04-04,2025,4,4,94,21,4,106.15,2025-04-04 21:00:00+00:00,2025-04-04 22:00:00+00:00,48286.495,2715.5875,11497.9225,0.0,41801.88,14213.51,0.9995786855478958,-0.0290250133219752,-0.7071067811865477,0.7071067811865474,-0.433883739117558,-0.9009688679024191,0,weekday,39.25
2025-04-05,2025,4,5,95,21,5,78.99,2025-04-05 21:00:00+00:00,2025-04-05 22:00:00+00:00,44734.145,4121.13,21779.135,0.0,45681.1175,25900.265,0.9989315138848576,-0.0462150469837083,-0.7071067811865477,0.7071067811865474,-0.9749279121818236,-0.2225209339563146,0,weekend,36.401
2025-04-06,2025,4,6,96,21,6,111.84,2025-04-06 21:00:00+00:00,2025-04-06 22:00:00+00:00,46668.665,1049.865,8272.45,0.0,37873.35,9322.315,0.9979887423155984,-0.0633914048695103,-0.7071067811865477,0.7071067811865474,-0.7818314824680299,0.6234898018587334,0,weekend,35.523
2025-04-07,2025,4,7,97,21,0,121.02,2025-04-07 21:00:00+00:00,2025-04-07 22:00:00+00:00,50354.11,444.135,5441.7125,0.0,40994.33,5885.8475,0.9967506498213928,-0.0805490042187416,-0.7071067811865477,0.7071067811865474,0.0,1.0,0,weekday,34.645
2025-04-08,2025,4,8,98,21,1,120.47,2025-04-08 21:00:00+00:00,2025-04-08 22:00:00+00:00,51237.905,399.385,4209.469999999999,0.0,40050.6225,4608.855,0.9952176027737294,-0.0976827678217159,-0.7071067811865477,0.7071067811865474,0.7818314824680298,0.6234898018587336,0,weekday,36.335
2025-04-09,2025,4,9,99,21,2,101.94,2025-04-09 21:00:00+00:00,2025-04-09 22:00:00+00:00,49767.9775,3931.7975,11871.0625,0.0,44659.645,15802.86,0.9933900548258936,-0.114787625522127,-0.7071067811865477,0.7071067811865474,0.9749279121818236,-0.2225209339563143,0,weekday,34.6
2025-04-10,2025,4,10,100,21,3,92.05,2025-04-10 21:00:00+00:00,2025-04-10 22:00:00+00:00,49988.18,4933.8975,20678.8675,0.0,50020.1575,25612.765,0.9912685467787256,-0.1318585157173911,-0.7071067811865477,0.7071067811865474,0.4338837391175582,-0.900968867902419,0,weekday,34.65
2025-04-11,2025,4,11,101,21,4,119.1,2025-04-11 21:00:00+00:00,2025-04-11 22:00:00+00:00,47786.9425,1941.6025,8574.2575,0.0,38829.255,10515.86,0.9888537064205885,-0.1488903868564548,-0.7071067811865477,0.7071067811865474,-0.433883739117558,-0.9009688679024191,0,weekday,33.725
2025-04-12,2025,4,12,102,21,5,86.27,2025-04-12 21:00:00+00:00,2025-04-12 22:00:00+00:00,45249.16,4718.47,18762.295,0.0,45706.665,23480.765,0.986146248341595,-0.1658781989346314,-0.7071067811865477,0.7071067811865474,-0.9749279121818236,-0.2225209339563146,0,weekend,33.463
2025-04-13,2025,4,13,103,21,6,103.35,2025-04-13 21:00:00+00:00,2025-04-13 22:00:00+00:00,44195.215,1512.595,5569.5525,0.0,34270.994999999995,7082.1475,0.98314697372215,-0.1828169249850199,-0.7071067811865477,0.7071067811865474,-0.7818314824680299,0.6234898018587334,0,weekend,33.869
2025-04-14,2025,4,14,104,21,0,82.59,2025-04-14 21:00:00+00:00,2025-04-14 22:00:00+00:00,48864.1075,3131.215,18716.0125,0.0,48107.4575,21847.2275,0.9798567700958664,-0.1997015525660636,-0.7071067811865477,0.7071067811865474,0.0,1.0,0,weekday,34.275
2025-04-15,2025,4,15,105,21,1,102.21,2025-04-15 21:00:00+00:00,2025-04-15 22:00:00+00:00,50269.1425,1989.955,12890.635,0.0,40749.7825,14880.59,0.976276611086932,-0.2165270852448143,-0.7071067811865477,0.7071067811865474,0.7818314824680298,0.6234898018587336,0,weekday,34.5
2025-04-16,2025,4,16,106,21,2,109.69,2025-04-16 21:00:00+00:00,2025-04-16 22:00:00+00:00,48983.515,733.435,17350.7025,0.0,44586.2475,18084.1375,0.9724075561219968,-0.2332885440754551,-0.7071067811865477,0.7071067811865474,0.9749279121818236,-0.2225209339563143,0,weekday,33.905
2025-04-17,2025,4,17,107,21,3,98.9,2025-04-17 21:00:00+00:00,2025-04-17 22:00:00+00:00,49181.47,1352.385,18261.95,0.0,45039.8725,19614.335,0.9682507501166718,-0.2499809690726521,-0.7071067811865477,0.7071067811865474,0.4338837391175582,-0.900968867902419,0,weekday,35.6
2025-04-18,2025,4,18,108,21,4,106.35,2025-04-18 21:00:00+00:00,2025-04-18 22:00:00+00:00,43507.715,1103.62,4073.4325,0.0,31280.120000000003,5177.0525,0.9638074231367308,-0.2665994206792935,-0.7071067811865477,0.7071067811865474,-0.433883739117558,-0.9009688679024191,1,holiday,35.657
2025-04-19,2025,4,19,109,21,5,109.55,2025-04-19 21:00:00+00:00,2025-04-19 22:00:00+00:00,44717.7525,1018.895,5445.2075,0.0,30572.5225,6464.102500000001,0.9590788900341132,-0.2831389812281835,-0.7071067811865477,0.7071067811865474,-0.9749279121818236,-0.2225209339563146,0,weekend,35.657
2025-04-20,2025,4,20,110,21,6,121.82,2025-04-20 21:00:00+00:00,2025-04-20 22:00:00+00:00,41675.495,105.39,3058.15,0.0,27334.6025,3163.54,0.9540665500578388,-0.2995947563972602,-0.7071067811865477,0.7071067811865474,-0.7818314824680299,0.6234898018587334,0,weekend,35.657
2025-04-21,2025,4,21,111,21,0,122.77,2025-04-21 21:00:00+00:00,2025-04-21 22:00:00+00:00,43344.54,100.4125,4428.39,0.0,32939.65,4528.802500000001,0.9487718864399473,-0.3159618766579029,-0.7071067811865477,0.7071067811865474,0.0,1.0,1,holiday,35.657
2025-04-22,2025,4,22,112,21,1,122.28,2025-04-22 21:00:00+00:00,2025-04-22 22:00:00+00:00,48403.04,82.85,725.5225,0.0,35070.0925,808.3725000000001,0.9431964659565866,-0.3322354987159043,-0.7071067811865477,0.7071067811865474,0.7818314824680298,0.6234898018587336,0,weekday,35.85
2025-04-23,2025,4,23,113,21,2,108.2,2025-04-23 21:00:00+00:00,2025-04-23 22:00:00+00:00,48867.9025,1697.2175,8399.2875,0.0,41860.905,10096.505,0.9373419384643772,-0.3484108069446808,-0.7071067811865477,0.7071067811865474,0.9749279121818236,-0.2225209339563143,0,weekday,34.675
2025-04-24,2025,4,24,114,21,3,106.53,2025-04-24 21:00:00+00:00,2025-04-24 22:00:00+00:00,48988.565,1397.36,10344.425,0.0,40079.3775,11741.785,0.9312100364121948,-0.3644830148102912,-0.7071067811865477,0.7071067811865474,0.4338837391175582,-0.900968867902419,0,weekday,34.05
2025-04-25,2025,4,25,115,21,4,100.37,2025-04-25 21:00:00+00:00,2025-04-25 22:00:00+00:00,48013.8625,201.835,8940.455,0.0,35426.3875,9142.29,0.9248025743285088,-0.3804473662878516,-0.7071067811865477,0.7071067811865474,-0.433883739117558,-0.9009688679024191,0,weekday,33.445
2025-04-26,2025,4,26,116,21,5,85.26,2025-04-26 21:00:00+00:00,2025-04-26 22:00:00+00:00,43886.3925,2294.9,19882.1775,0.0,42745.6625,22177.077500000003,0.9181214482844364,-0.3962991372689181,-0.7071067811865477,0.7071067811865474,-0.9749279121818236,-0.2225209339563146,0,weekend,32.432
2025-04-27,2025,4,27,117,21,6,99.0,2025-04-27 21:00:00+00:00,2025-04-27 22:00:00+00:00,43545.56,222.195,7307.0725,0.0,32998.4875,7529.2675,0.9111686353326632,-0.4120336369594263,-0.7071067811865477,0.7071067811865474,-0.7818314824680299,0.6234898018587334,0,weekend,32.566
2025-04-28,2025,4,28,118,21,0,106.24,2025-04-28 21:00:00+00:00,2025-04-28 22:00:00+00:00,48704.9625,1605.8275,4510.7425,0.0,37560.5775,6116.570000000001,0.9039461929224012,-0.4276462092677746,-0.7071067811865477,0.7071067811865474,0.0,1.0,0,weekday,32.7
2025-04-29,2025,4,29,119,21,1,108.83,2025-04-29 21:00:00+00:00,2025-04-29 22:00:00+00:00,49666.3825,455.3250000000001,6211.935,0.0,37574.3425,6667.26,0.8964562582905575,-0.4431322341826345,-0.7071067811865477,0.7071067811865474,0.7818314824680298,0.6234898018587336,0,weekday,30.9
2025-04-30,2025,4,30,120,21,2,108.33,2025-04-30 21:00:00+00:00,2025-04-30 22:00:00+00:00,48028.1325,260.5675,3243.6425,0.0,34941.1375,3504.21,0.8887010478292915,-0.4584871291400876,-0.7071067811865477,0.7071067811865474,0.9749279121818236,-0.2225209339563143,0,weekday,31.875
2025-05-01,2025,5,1,121,21,3,100.73,2025-05-01 21:00:00+00:00,2025-05-01 22:00:00+00:00,43301.0325,1238.2975,8306.06,0.0,30135.285,9544.3575,0.8806828564301475,-0.47370635037968,-0.7071067811865477,0.7071067811865474,0.4338837391175582,-0.900968867902419,1,holiday,32.03
2025-05-02,2025,5,2,122,21,4,106.72,2025-05-02 21:00:00+00:00,2025-05-02 22:00:00+00:00,46808.105,1480.905,7464.8525,0.0,33255.75,8945.7575,0.8724040568049612,-0.4887853942889926,-0.7071067811865477,0.7071067811865474,-0.433883739117558,-0.9009688679024191,0,weekday,32.095
2025-05-03,2025,5,3,123,21,5,78.63,2025-05-03 21:00:00+00:00,2025-05-03 22:00:00+00:00,43553.1025,5118.7325,18381.4925,0.0,42100.4,23500.225,0.8638670987837349,-0.503719798736334,-0.7071067811865477,0.7071067811865474,-0.9749279121818236,-0.2225209339563146,0,weekend,33.078
2025-05-04,2025,5,4,124,21,6,101.79,2025-05-04 21:00:00+00:00,2025-05-04 22:00:00+00:00,43224.6075,3822.0,10172.135,0.0,36154.0625,13994.135,0.8550745085896932,-0.518505144391157,-0.7071067811865477,0.7071067811865474,-0.7818314824680299,0.6234898018587334,0,weekend,32.934
2025-05-05,2025,5,5,125,21,0,101.52,2025-05-05 21:00:00+00:00,2025-05-05 22:00:00+00:00,48076.1125,2283.375,11109.695,0.0,40500.2425,13393.07,0.8460288880917339,-0.533137056031809,-0.7071067811865477,0.7071067811865474,0.0,1.0,0,weekday,32.79
2025-05-06,2025,5,6,126,21,1,118.28,2025-05-06 21:00:00+00:00,2025-05-06 22:00:00+00:00,48325.695,3161.36,7418.57,0.0,38720.425,10579.93,0.8367329140344921,-0.5476112038402312,-0.7071067811865477,0.7071067811865474,0.7818314824680298,0.6234898018587336,0,weekday,33.34
2025-05-07,2025,5,7,127,21,2,108.49,2025-05-07 21:00:00+00:00,2025-05-07 22:00:00+00:00,48459.2,1391.425,11677.6775,0.0,41792.98,13069.1025,0.8271893372462497,-0.5619233046832195,-0.7071067811865477,0.7071067811865474,0.9749279121818236,-0.2225209339563143,0,weekday,34.615
2025-05-08,2025,5,8,128,21,3,114.77,2025-05-08 21:00:00+00:00,2025-05-08 22:00:00+00:00,49420.1125,383.5925,8618.3675,0.0,39543.435,9001.960000000001,0.8174009818249189,-0.5760691233798758,-0.7071067811865477,0.7071067811865474,0.4338837391175582,-0.900968867902419,0,weekday,34.22
2025-05-09,2025,5,9,129,21,4,107.32,2025-05-09 21:00:00+00:00,2025-05-09 22:00:00+00:00,46933.945,466.645,8187.85,0.0,37485.62,8654.495,0.8073707443023492,-0.5900444739548627,-0.7071067811865477,0.7071067811865474,-0.433883739117558,-0.9009688679024191,0,weekday,35.7
2025-05-10,2025,5,10,130,21,5,107.72,2025-05-10 21:00:00+00:00,2025-05-10 22:00:00+00:00,43045.9825,1116.74,12498.345,0.0,35792.8775,13615.085,0.7971015927871943,-0.6038452208771035,-0.7071067811865477,0.7071067811865474,-0.9749279121818236,-0.2225209339563146,0,weekend,34.618
2025-05-11,2025,5,11,131,21,6,98.45,2025-05-11 21:00:00+00:00,2025-05-11 22:00:00+00:00,44646.5775,3959.5525,20935.0725,0.0,46054.79,24894.625,0.7865965660866021,-0.6174672802835514,-0.7071067811865477,0.7071067811865474,-0.7818314824680299,0.6234898018587334,0,weekend,34.5865
2025-05-12,2025,5,12,132,21,0,100.11,2025-05-12 21:00:00+00:00,2025-05-12 22:00:00+00:00,49087.825,3223.5125,17741.465,0.0,46739.835,20964.9775,0.7758587728069828,-0.6309066211876704,-0.7071067811865477,0.7071067811865474,0.0,1.0,0,weekday,34.555
2025-05-13,2025,5,13,133,21,1,111.97,2025-05-13 21:00:00+00:00,2025-05-13 22:00:00+00:00,48745.2275,1667.3625000000002,7037.8175,0.0,37892.915,8705.18,0.7648913904341225,-0.6441592666722685,-0.7071067811865477,0.7071067811865474,0.7818314824680298,0.6234898018587336,0,weekday,35.015
2025-05-14,2025,5,14,134,21,2,109.08,2025-05-14 21:00:00+00:00,2025-05-14 22:00:00+00:00,48478.8475,3729.8225,13477.75,0.0,41318.155,17207.572500000002,0.753697664392914,-0.6572212950663319,-0.7071067811865477,0.7071067811865474,0.9749279121818236,-0.2225209339563143,0,weekday,35.65
2025-05-15,2025,5,15,135,21,3,110.49,2025-05-15 21:00:00+00:00,2025-05-15 22:00:00+00:00,48960.455,3061.02,11901.225,0.0,40234.5925,14962.245,0.742280907086982,-0.6700888411055113,-0.7071067811865477,0.7071067811865474,0.4338837391175582,-0.900968867902419,0,weekday,35.345
2025-05-16,2025,5,16,136,21,4,116.08,2025-05-16 21:00:00+00:00,2025-05-16 22:00:00+00:00,47015.6625,2877.135,8981.695,0.0,35826.685,11858.83,0.7306444969184916,-0.6827580970759147,-0.7071067811865477,0.7071067811865474,-0.433883739117558,-0.9009688679024191,0,weekday,35.35
2025-05-17,2025,5,17,137,21,5,129.9,2025-05-17 21:00:00+00:00,2025-05-17 22:00:00+00:00,43029.8925,2040.4425,8597.74,0.0,35588.4875,10638.1825,0.7187918772884232,-0.6952253139408722,-0.7071067811865477,0.7071067811865474,-0.9749279121818236,-0.2225209339563146,0,weekend,35.156
2025-05-18,2025,5,18,138,21,6,118.41,2025-05-18 21:00:00+00:00,2025-05-18 22:00:00+00:00,43585.48,1803.44,8250.8575,0.0,35851.4625,10054.2975,0.7067265555776158,-0.7074868024503348,-0.7071067811865477,0.7071067811865474,-0.7818314824680299,0.6234898018587334,0,weekend,35.078
2025-05-19,2025,5,19,139,21,0,126.81,2025-05-19 21:00:00+00:00,2025-05-19 22:00:00+00:00,48088.7825,1095.92,5279.12,0.0,36376.55,6375.04,0.6944521021088763,-0.719538934232584,-0.7071067811865477,0.7071067811865474,0.0,1.0,0,weekday,35.0
2025-05-20,2025,5,20,140,21,1,120.0,2025-05-20 21:00:00+00:00,2025-05-20 22:00:00+00:00,48500.225,3547.8475,7219.2825,0.0,41390.75,10767.13,0.6819721490904629,-0.7313781428679254,-0.7071067811865477,0.7071067811865474,0.7818314824680298,0.6234898018587336,0,weekday,35.26
2025-05-21,2025,5,21,141,21,2,100.72,2025-05-21 21:00:00+00:00,2025-05-21 22:00:00+00:00,48177.865,5026.745,19189.0925,0.0,46173.8025,24215.8375,0.6692903895412567,-0.7430009249440493,-0.7071067811865477,0.7071067811865474,0.9749279121818236,-0.2225209339563143,0,weekday,37.25
2025-05-22,2025,5,22,142,21,3,117.48,2025-05-22 21:00:00+00:00,2025-05-22 22:00:00+00:00,48452.625,5376.0975,16023.765,0.0,43036.8475,21399.8625,0.6564105761979381,-0.7544038410927472,-0.7071067811865477,0.7071067811865474,0.4338837391175582,-0.900968867902419,0,weekday,36.54
2025-05-23,2025,5,23,143,21,4,126.93,2025-05-23 21:00:00+00:00,2025-05-23 22:00:00+00:00,46174.6575,4467.327499999999,11500.085,0.0,40692.0525,15967.4125,0.6433365204044917,-0.765583517007675,-0.7071067811865477,0.7071067811865474,-0.433883739117558,-0.9009688679024191,0,weekday,36.4
2025-05-24,2025,5,24,144,21,5,92.06,2025-05-24 21:00:00+00:00,2025-05-24 22:00:00+00:00,43140.1125,3835.4025,17284.2725,0.0,40068.37,21119.675,0.6300720909843687,-0.7765366444428655,-0.7071067811865477,0.7071067811865474,-0.9749279121818236,-0.2225209339563146,0,weekend,36.45
2025-05-25,2025,5,25,145,21,6,102.23,2025-05-25 21:00:00+00:00,2025-05-25 22:00:00+00:00,43350.735,4010.005,13164.6025,0.0,38301.36,17174.607500000002,0.6166212130956382,-0.7872599821916922,-0.7071067811865477,0.7071067811865474,-0.7818314824680299,0.6234898018587334,0,weekend,36.625
2025-05-26,2025,5,26,146,21,0,119.38,2025-05-26 21:00:00+00:00,2025-05-26 22:00:00+00:00,48277.6825,5234.4075,7054.135,0.0,35921.072499999995,12288.5425,0.6029878670694714,-0.7977503570459932,-0.7071067811865477,0.7071067811865474,0.0,1.0,0,weekday,36.800000000000004
2025-05-27,2025,5,27,147,21,1,100.34,2025-05-27 21:00:00+00:00,2025-05-27 22:00:00+00:00,48636.94,2460.1575,20097.8575,0.0,42860.155,22558.015,0.5891760872322963,-0.8080046647350754,-0.7071067811865477,0.7071067811865474,0.7818314824680298,0.6234898018587336,0,weekday,36.975
2025-05-28,2025,5,28,148,21,2,124.29,2025-05-28 21:00:00+00:00,2025-05-28 22:00:00+00:00,47373.71,2289.5475,13501.9525,0.0,41130.0025,15791.5,0.5751899607119775,-0.8180198708443174,-0.7071067811865477,0.7071067811865474,0.9749279121818236,-0.2225209339563143,0,weekday,36.8
2025-05-29,2025,5,29,149,21,3,76.66,2025-05-29 21:00:00+00:00,2025-05-29 22:00:00+00:00,42598.9225,4704.6275000000005,17956.33,0.0,42627.7175,22660.957500000004,0.5610336262283677,-0.8277930117131022,-0.7071067811865477,0.7071067811865474,0.4338837391175582,-0.900968867902419,1,holiday,35.158
2025-05-30,2025,5,30,150,21,4,130.19,2025-05-30 21:00:00+00:00,2025-05-30 22:00:00+00:00,43970.655,4054.27,5651.465,0.0,34902.05,9705.735,0.5467112728685939,-0.8373211953118121,-0.7071067811865477,0.7071067811865474,-0.433883739117558,-0.9009688679024191,0,weekday,34.955
2025-05-31,2025,5,31,151,21,5,133.49,2025-05-31 21:00:00+00:00,2025-05-31 22:00:00+00:00,41573.2325,504.38,5425.9925,0.0,31885.085,5930.3725,0.5322271388474397,-0.8466016020976267,-0.7071067811865477,0.7071067811865474,-0.9749279121818236,-0.2225209339563146,0,weekend,34.228
2025-06-01,2025,6,1,152,21,6,105.93,2025-06-01 21:00:00+00:00,2025-06-01 22:00:00+00:00,41999.335,4824.2375,6364.715,0.0,32166.56,11188.9525,0.5175855102531889,-0.8556314858488706,-0.7071067811865477,0.7071067811865474,-0.7818314824680299,0.6234898018587334,0,weekend,34.164
2025-06-02,2025,6,2,153,21,0,141.66,2025-06-02 21:00:00+00:00,2025-06-02 22:00:00+00:00,46524.99,960.35,3896.7325,0.0,34980.4225,4857.0825,0.5027907197793043,-0.8644081744776648,-0.7071067811865477,0.7071067811865474,0.0,1.0,0,weekday,34.1
2025-06-03,2025,6,3,154,21,1,106.12,2025-06-03 21:00:00+00:00,2025-06-03 22:00:00+00:00,47466.1525,5324.8475,11781.8475,0.0,41092.03,17106.695,0.4878471454423119,-0.8729290708206411,-0.7071067811865477,0.7071067811865474,0.7818314824680298,0.6234898018587336,0,weekday,35.265
2025-06-04,2025,6,4,155,21,2,112.43,2025-06-04 21:00:00+00:00,2025-06-04 22:00:00+00:00,46471.5925,1637.23,7706.285,0.0,34610.41,9343.515,0.4727592092862775,-0.881191653407483,-0.7071067811865477,0.7071067811865474,0.9749279121818236,-0.2225209339563143,0,weekday,36.005
2025-06-05,2025,6,5,156,21,3,96.37,2025-06-05 21:00:00+00:00,2025-06-05 22:00:00+00:00,48175.45,5188.9225,17884.825,0.0,45732.955,23073.7475,0.4575313760742512,-0.8891934772070711,-0.7071067811865477,0.7071067811865474,0.4338837391175582,-0.900968867902419,0,weekday,35.705
2025-06-06,2025,6,6,157,21,4,125.72,2025-06-06 21:00:00+00:00,2025-06-06 22:00:00+00:00,46556.4375,3191.6,13741.9525,0.0,39017.57,16933.552499999998,0.442168151967072,-0.8969321743510065,-0.7071067811865477,0.7071067811865474,-0.433883739117558,-0.9009688679024191,0,weekday,36.55
2025-06-07,2025,6,7,158,21,5,98.01,2025-06-07 21:00:00+00:00,2025-06-07 22:00:00+00:00,43497.6675,1401.0225,17073.3725,0.0,38001.6125,18474.395,0.4266740831899246,-0.9044054548343,-0.7071067811865477,0.7071067811865474,-0.9749279121818236,-0.2225209339563146,0,weekend,36.251
2025-06-08,2025,6,8,159,21,6,65.07,2025-06-08 21:00:00+00:00,2025-06-08 22:00:00+00:00,41470.8575,3849.1375,21577.225,0.0,40682.2225,25426.3625,0.4110537546870351,-0.911611107193024,-0.7071067811865477,0.7071067811865474,-0.7818314824680299,0.6234898018587334,0,weekend,36.198
2025-06-09,2025,6,9,160,21,0,126.52,2025-06-09 21:00:00+00:00,2025-06-09 22:00:00+00:00,42306.395,1394.2925,4133.9575,0.0,31188.355,5528.25,0.3953117887649151,-0.9185469991587164,-0.7071067811865477,0.7071067811865474,0.0,1.0,1,holiday,36.145
2025-06-10,2025,6,10,161,21,1,97.94,2025-06-10 21:00:00+00:00,2025-06-10 22:00:00+00:00,46425.2325,4215.685,22013.45,0.0,44310.645,26229.135,0.3794528437245443,-0.925211078289358,-0.7071067811865477,0.7071067811865474,0.7818314824680298,0.6234898018587336,0,weekday,35.555
2025-06-11,2025,6,11,162,21,2,119.34,2025-06-11 21:00:00+00:00,2025-06-11 22:00:00+00:00,46230.12,732.3225,9125.0,0.0,36308.5225,9857.3225,0.3634816124829063,-0.9316013725767188,-0.7071067811865477,0.7071067811865474,0.9749279121818236,-0.2225209339563143,0,weekday,35.165
2025-06-12,2025,6,12,163,21,3,105.0,2025-06-12 21:00:00+00:00,2025-06-12 22:00:00+00:00,46881.0125,4564.0825,23200.825,0.0,49783.825,27764.9075,0.3474028211842774,-0.9377159910299092,-0.7071067811865477,0.7071067811865474,0.4338837391175582,-0.900968867902419,0,weekday,36.405
2025-06-13,2025,6,13,164,21,4,90.0,2025-06-13 21:00:00+00:00,2025-06-13 22:00:00+00:00,44452.09,5359.2875,24339.42,0.0,47773.65,29698.7075,0.3312212278016865,-0.9435531242349544,-0.7071067811865477,0.7071067811865474,-0.433883739117558,-0.9009688679024191,0,weekday,37.595
2025-06-14,2025,6,14,165,21,5,121.39,2025-06-14 21:00:00+00:00,2025-06-14 22:00:00+00:00,42122.7225,2832.9675,13475.45,0.0,35860.26,16308.4175,0.3149416207289519,-0.9491110448902284,-0.7071067811865477,0.7071067811865474,-0.9749279121818236,-0.2225209339563146,0,weekend,37.894
2025-06-15,2025,6,15,166,21,6,127.63,2025-06-15 21:00:00+00:00,2025-06-15 22:00:00+00:00,43217.2675,2580.135,13666.3525,0.0,34313.37,16246.4875,0.2985688173637202,-0.9543881083175908,-0.7071067811865477,0.7071067811865474,-0.7818314824680299,0.6234898018587334,0,weekend,38.282
2025-06-16,2025,6,16,167,21,0,129.18,2025-06-16 21:00:00+00:00,2025-06-16 22:00:00+00:00,47475.9625,1957.7425,6906.3225,0.0,37967.8425,8864.065,0.2821076626819194,-0.9593827529490744,-0.7071067811865477,0.7071067811865474,0.0,1.0,0,weekday,38.67
2025-06-17,2025,6,17,168,21,1,138.19,2025-06-17 21:00:00+00:00,2025-06-17 22:00:00+00:00,47821.915,1872.89,4076.28,0.0,37784.705,5949.17,0.2655630278040559,-0.9640935007889756,-0.7071067811865477,0.7071067811865474,0.7818314824680298,0.6234898018587336,0,weekday,38.18
2025-06-18,2025,6,18,169,21,2,133.06,2025-06-18 21:00:00+00:00,2025-06-18 22:00:00+00:00,46734.1275,2807.9575,11788.645,0.0,39971.825,14596.6025,0.2489398085537665,-0.9685189578512204,-0.7071067811865477,0.7071067811865474,0.9749279121818236,-0.2225209339563143,0,weekday,39.55
2025-06-19,2025,6,19,170,21,3,129.66,2025-06-19 21:00:00+00:00,2025-06-19 22:00:00+00:00,43867.3575,1283.105,11275.67,0.0,37488.3475,12558.775,0.2322429240090701,-0.9726578145718654,-0.7071067811865477,0.7071067811865474,0.4338837391175582,-0.900968867902419,0,weekday,41.485
2025-06-20,2025,6,20,171,21,4,137.05,2025-06-20 21:00:00+00:00,2025-06-20 22:00:00+00:00,44600.3575,450.125,5505.25,0.0,35585.5475,5955.375,0.2154773150467301,-0.976508846196619,-0.7071067811865477,0.7071067811865474,-0.433883739117558,-0.9009688679024191,0,weekday,39.955
2025-06-21,2025,6,21,172,21,5,140.78,2025-06-21 21:00:00+00:00,2025-06-21 22:00:00+00:00,41332.785,1872.2975,5516.6375,0.0,34716.9325,7388.934999999999,0.1986479428801711,-0.9800709131432666,-0.7071067811865477,0.7071067811865474,-0.9749279121818236,-0.2225209339563146,0,weekend,40.929
2025-06-22,2025,6,22,173,21,6,126.32,2025-06-22 21:00:00+00:00,2025-06-22 22:00:00+00:00,43480.625,3806.37,13412.6775,0.0,37462.005,17219.0475,0.1817597875913753,-0.9833429613388902,-0.7071067811865477,0.7071067811865474,-0.7818314824680299,0.6234898018587334,0,weekend,41.2645
2025-06-23,2025,6,23,174,21,0,97.78,2025-06-23 21:00:00+00:00,2025-06-23 22:00:00+00:00,47499.26,5269.1175,22567.0,0.0,48578.3375,27836.1175,0.1648178466571979,-0.9863240225317866,-0.7071067811865477,0.7071067811865474,0.0,1.0,0,weekday,41.6
2025-06-24,2025,6,24,175,21,1,97.41,2025-06-24 21:00:00+00:00,2025-06-24 22:00:00+00:00,47666.2525,5600.41,21825.3125,0.0,52025.5825,27425.7225,0.1478271334705304,-0.9890132145779884,-0.7071067811865477,0.7071067811865474,0.7818314824680298,0.6234898018587336,0,weekday,36.485
2025-06-25,2025,6,25,176,21,2,173.62,2025-06-25 21:00:00+00:00,2025-06-25 22:00:00+00:00,48067.6125,465.4375,2494.565,0.0,35989.462499999994,2960.0025,0.1307926758567592,-0.9914097417023038,-0.7071067811865477,0.7071067811865474,0.9749279121818236,-0.2225209339563143,0,weekday,35.45
2025-06-26,2025,6,26,177,21,3,108.64,2025-06-26 21:00:00+00:00,2025-06-26 22:00:00+00:00,48496.84,3792.6675,21366.3725,0.0,46855.73,25159.04,0.1137195145859496,-0.9935128947338008,-0.7071067811865477,0.7071067811865474,0.4338837391175582,-0.900968867902419,0,weekday,35.305
2025-06-27,2025,6,27,178,21,4,126.24,2025-06-27 21:00:00+00:00,2025-06-27 22:00:00+00:00,46203.3625,4357.615,5774.3475,0.0,34623.0,10131.9625,0.0966127018812031,-0.9953220513156602,-0.7071067811865477,0.7071067811865474,-0.433883739117558,-0.9009688679024191,0,weekday,33.087
2025-06-28,2025,6,28,179,21,5,119.84,2025-06-28 21:00:00+00:00,2025-06-28 22:00:00+00:00,41041.7775,4737.9975,9523.47,0.0,35285.3925,14261.4675,0.0794772999236209,-0.9968366760893436,-0.7071067811865477,0.7071067811865474,-0.9749279121818236,-0.2225209339563146,0,weekend,33.087
2025-06-29,2025,6,29,180,21,6,113.73,2025-06-29 21:00:00+00:00,2025-06-29 22:00:00+00:00,43089.875,1631.5225,10047.32,0.0,35109.0275,11678.8425,0.062318379354325,-0.998056320853012,-0.7071067811865477,0.7071067811865474,-0.7818314824680299,0.6234898018587334,0,weekend,33.218500000000006
2025-06-30,2025,6,30,181,21,0,157.0,2025-06-30 21:00:00+00:00,2025-06-30 22:00:00+00:00,47639.575,1577.5875,9175.2075,0.0,42304.84,10752.795,0.0451410177739719,-0.998980624694158,-0.7071067811865477,0.7071067811865474,0.0,1.0,0,weekday,33.35
2025-07-01,2025,7,1,182,21,1,250.01,2025-07-01 21:00:00+00:00,2025-07-01 22:00:00+00:00,48579.015,1282.985,9790.91,0.0,41587.6725,11073.895,0.0279502982402103,-0.999609314096404,-0.7071067811865477,0.7071067811865474,0.7818314824680298,0.6234898018587336,0,weekday,33.1
2025-07-02,2025,7,2,183,21,2,134.93,2025-07-02 21:00:00+00:00,2025-07-02 22:00:00+00:00,48193.835,2039.67,14963.8125,0.0,43204.6825,17003.4825,0.0107513077635219,-0.9999422030204416,-0.7071067811865477,0.7071067811865474,0.9749279121818236,-0.2225209339563143,0,weekday,33.98
2025-07-03,2025,7,3,184,21,3,133.3,2025-07-03 21:00:00+00:00,2025-07-03 22:00:00+00:00,48382.615000000005,1851.86,7654.2575,0.0,38553.92,9506.1175,-0.0064508641981051,-0.9999791929590824,-0.7071067811865477,0.7071067811865474,0.4338837391175582,-0.900968867902419,0,weekday,33.65
2025-07-04,2025,7,4,185,21,4,129.68,2025-07-04 21:00:00+00:00,2025-07-04 22:00:00+00:00,47338.1225,4618.2825,3385.585,0.0,35977.105,8003.8675,-0.0236511272452315,-0.9997202729664084,-0.7071067811865477,0.7071067811865474,-0.433883739117558,-0.9009688679024191,0,weekday,33.95
2025-07-05,2025,7,5,186,21,5,117.14,2025-07-05 21:00:00+00:00,2025-07-05 22:00:00+00:00,42857.205,4837.655000000001,9177.6475,0.0,35209.2,14015.3025,-0.0408443915432961,-0.9991655196610107,-0.7071067811865477,0.7071067811865474,-0.9749279121818236,-0.2225209339563146,0,weekend,33.43
2025-07-06,2025,7,6,187,21,6,122.21,2025-07-06 21:00:00+00:00,2025-07-06 22:00:00+00:00,44901.8575,286.7825,9803.9175,0.0,35496.64,10090.7,-0.0580255693287803,-0.9983150972033183,-0.7071067811865477,0.7071067811865474,-0.7818314824680299,0.6234898018587334,0,weekend,33.32
2025-07-07,2025,7,7,188,21,0,110.09,2025-07-07 21:00:00+00:00,2025-07-07 22:00:00+00:00,48608.05,4429.4425,14195.5225,0.0,45649.04,18624.965,-0.0751895764147585,-0.9971692572470178,-0.7071067811865477,0.7071067811865474,0.0,1.0,0,weekday,33.21
2025-07-08,2025,7,8,189,21,1,116.65,2025-07-08 21:00:00+00:00,2025-07-08 22:00:00+00:00,49886.4925,2245.96,12293.09,0.0,39734.6325,14539.05,-0.0923313336953912,-0.9957283388645872,-0.7071067811865477,0.7071067811865474,0.7818314824680298,0.6234898018587336,0,weekday,34.005
2025-07-09,2025,7,9,190,21,2,119.79,2025-07-09 21:00:00+00:00,2025-07-09 22:00:00+00:00,47455.8675,537.8725,7105.0675,0.0,37044.025,7642.94,-0.1094457686489155,-0.993992768446958,-0.7071067811865477,0.7071067811865474,0.9749279121818236,-0.2225209339563143,0,weekday,34.32
2025-07-10,2025,7,10,191,21,3,120.88,2025-07-10 21:00:00+00:00,2025-07-10 22:00:00+00:00,47261.06,1049.4325,6076.5075,0.0,38023.72,7125.94,-0.1265278168386831,-0.9919630595773395,-0.7071067811865477,0.7071067811865474,0.4338837391175582,-0.900968867902419,0,weekday,34.655
2025-07-11,2025,7,11,192,21,4,113.8,2025-07-11 21:00:00+00:00,2025-07-11 22:00:00+00:00,45934.9525,2856.99,11570.94,0.0,39326.55,14427.93,-0.1435724234118113,-0.9896398128792412,-0.7071067811865477,0.7071067811865474,-0.433883739117558,-0.9009688679024191,0,weekday,34.93
2025-07-12,2025,7,12,193,21,5,125.0,2025-07-12 21:00:00+00:00,2025-07-12 22:00:00+00:00,43282.1975,3052.2,5898.6775,0.0,31978.0725,8950.877499999999,-0.1605745445949937,-0.9870237158387384,-0.7071067811865477,0.7071067811865474,-0.9749279121818236,-0.2225209339563146,0,weekend,35.561
2025-07-13,2025,7,13,194,21,6,126.94,2025-07-13 21:00:00+00:00,2025-07-13 22:00:00+00:00,43669.475000000006,1045.5,1837.67,0.0,30983.36,2883.17,-0.1775291491870349,-0.984115542601034,-0.7071067811865477,0.7071067811865474,-0.7818314824680299,0.6234898018587334,0,weekend,35.5505
2025-07-14,2025,7,14,195,21,0,126.14,2025-07-14 21:00:00+00:00,2025-07-14 22:00:00+00:00,47430.7375,181.755,4115.8875,0.0,33607.8125,4297.6425,-0.1944312200476619,-0.9809161537413774,-0.7071067811865477,0.7071067811865474,0.0,1.0,0,weekday,35.54
2025-07-15,2025,7,15,196,21,1,121.28,2025-07-15 21:00:00+00:00,2025-07-15 22:00:00+00:00,47392.0,893.0325,3586.56,0.0,34783.45,4479.5925,-0.2112757555821793,-0.9774264960104057,-0.7071067811865477,0.7071067811865474,0.7818314824680298,0.6234898018587336,0,weekday,35.105
2025-07-16,2025,7,16,197,21,2,120.71,2025-07-16 21:00:00+00:00,2025-07-16 22:00:00+00:00,46702.09,1810.4425,8465.855,0.0,40694.225,10276.2975,-0.2280577712215198,-0.9736476020539838,-0.7071067811865477,0.7071067811865474,0.9749279121818236,-0.2225209339563143,0,weekday,34.655
2025-07-17,2025,7,17,198,21,3,125.07,2025-07-17 21:00:00+00:00,2025-07-17 22:00:00+00:00,46037.5175,758.7875,6922.1625,0.0,38827.2875,7680.950000000001,-0.2447723008972595,-0.9695805901076308,-0.7071067811865477,0.7071067811865474,0.4338837391175582,-0.900968867902419,0,weekday,35.14
2025-07-18,2025,7,18,199,21,4,125.88,2025-07-18 21:00:00+00:00,2025-07-18 22:00:00+00:00,44977.3475,65.945,1708.4425,0.0,35275.9475,1774.3875,-0.2614143985111562,-0.965226663665613,-0.7071067811865477,0.7071067811865474,-0.433883739117558,-0.9009688679024191,0,weekday,34.6
2025-07-19,2025,7,19,200,21,5,105.63,2025-07-19 21:00:00+00:00,2025-07-19 22:00:00+00:00,41376.1775,3702.7225,12213.98,0.0,38497.6075,15916.7025,-0.2779791393987801,-0.9605871111248128,-0.7071067811865477,0.7071067811865474,-0.9749279121818236,-0.2225209339563146,0,weekend,33.595
2025-07-20,2025,7,20,201,21,6,114.85,2025-07-20 21:00:00+00:00,2025-07-20 22:00:00+00:00,43649.37,1125.4275,7911.86,0.0,34374.56,9037.2875,-0.2944616217868012,-0.9556633054034704,-0.7071067811865477,0.7071067811865474,-0.7818314824680299,0.6234898018587334,0,weekend,33.7125
2025-07-21,2025,7,21,202,21,0,108.76,2025-07-21 21:00:00+00:00,2025-07-21 22:00:00+00:00,47746.73,1244.0775,10838.46,0.0,42230.6375,12082.5375,-0.3108569682435036,-0.9504567035349152,-0.7071067811865477,0.7071067811865474,0.0,1.0,0,weekday,33.83
2025-07-22,2025,7,22,203,21,1,108.48,2025-07-22 21:00:00+00:00,2025-07-22 22:00:00+00:00,47026.94,1990.7825,15823.3525,0.0,42101.8425,17814.135000000002,-0.3271603271220951,-0.9449688462364056,-0.7071067811865477,0.7071067811865474,0.7818314824680298,0.6234898018587336,0,weekday,33.215
2025-07-23,2025,7,23,204,21,2,110.54,2025-07-23 21:00:00+00:00,2025-07-23 22:00:00+00:00,46416.2575,2043.2825,7533.24,0.0,37557.3,9576.5225,-0.343366873996388,-0.939201357453208,-0.7071067811865477,0.7071067811865474,0.9749279121818236,-0.2225209339563143,0,weekday,33.505
2025-07-24,2025,7,24,205,21,3,118.38,2025-07-24 21:00:00+00:00,2025-07-24 22:00:00+00:00,46808.08,1721.14,2562.235,0.0,36957.4025,4283.375,-0.3594718130884232,-0.9331559438780432,-0.7071067811865477,0.7071067811865474,0.4338837391175582,-0.900968867902419,0,weekday,32.385
2025-07-25,2025,7,25,206,21,4,112.6,2025-07-25 21:00:00+00:00,2025-07-25 22:00:00+00:00,44830.915,607.7875,4887.895,0.0,36327.2,5495.682500000001,-0.3754703786876202,-0.9268343944460494,-0.7071067811865477,0.7071067811865474,-0.433883739117558,-0.9009688679024191,0,weekday,32.1
2025-07-26,2025,7,26,207,21,5,116.72,2025-07-26 21:00:00+00:00,2025-07-26 22:00:00+00:00,41287.43,683.9625,1431.4275,0.0,29171.955,2115.39,-0.3913578365610259,-0.9202385798054076,-0.7071067811865477,0.7071067811865474,-0.9749279121818236,-0.2225209339563146,0,weekend,32.499
2025-07-27,2025,7,27,208,21,6,107.33,2025-07-27 21:00:00+00:00,2025-07-27 22:00:00+00:00,43345.255000000005,1118.4075,6334.795,0.0,30980.69,7453.2025,-0.4071294853542516,-0.9133704517637858,-0.7071067811865477,0.7071067811865474,-0.7818314824680299,0.6234898018587334,0,weekend,32.397000000000006
2025-07-28,2025,7,28,209,21,0,105.26,2025-07-28 21:00:00+00:00,2025-07-28 22:00:00+00:00,47417.88,3141.6800000000003,12152.1025,0.0,37572.995,15293.7825,-0.4227806579826773,-0.9062320427107696,-0.7071067811865477,0.7071067811865474,0.0,1.0,0,weekday,32.295
2025-07-29,2025,7,29,210,21,1,111.94,2025-07-29 21:00:00+00:00,2025-07-29 22:00:00+00:00,46875.35,4209.7225,6833.61,0.0,38051.945,11043.3325,-0.4383067230125192,-0.898825465016444,-0.7071067811865477,0.7071067811865474,0.7818314824680298,0.6234898018587336,0,weekday,34.103
2025-07-30,2025,7,30,211,21,2,104.0,2025-07-30 21:00:00+00:00,2025-07-30 22:00:00+00:00,46079.2625,4588.85,13590.84,0.0,42824.5825,18179.69,-0.4537030860313442,-0.8911529104063088,-0.7071067811865477,0.7071067811865474,0.9749279121818236,-0.2225209339563143,0,weekday,33.65
2025-07-31,2025,7,31,212,21,3,114.16,2025-07-31 21:00:00+00:00,2025-07-31 22:00:00+00:00,46584.7475,1664.9525,10529.38,0.0,38361.3,12194.3325,-0.4689651910076318,-0.8832166493127127,-0.7071067811865477,0.7071067811865474,0.4338837391175582,-0.900968867902419,0,weekday,34.685
2025-08-01,2025,8,1,213,21,4,110.72,2025-08-01 21:00:00+00:00,2025-08-01 22:00:00+00:00,44502.5825,1021.2125,7494.950000000001,0.0,35471.9225,8516.1625,-0.4840885216389758,-0.8750190302029955,-0.7071067811865477,0.7071067811865474,-0.433883739117558,-0.9009688679024191,0,weekday,35.15
2025-08-02,2025,8,2,214,21,5,104.34,2025-08-02 21:00:00+00:00,2025-08-02 22:00:00+00:00,41200.165,4526.2425,9989.6525,0.0,38825.09,14515.895,-0.4990686026885319,-0.8665624788845385,-0.7071067811865477,0.7071067811865474,-0.9749279121818236,-0.2225209339563146,0,weekend,33.972
2025-08-03,2025,8,3,215,21,6,97.3,2025-08-03 21:00:00+00:00,2025-08-03 22:00:00+00:00,42558.965,4794.047500000001,14249.375,0.0,41445.155,19043.4225,-0.5139010013093103,-0.8578494977869301,-0.7071067811865477,0.7071067811865474,-0.7818314824680299,0.6234898018587334,0,weekend,34.0185
2025-08-04,2025,8,4,216,21,0,66.63,2025-08-04 21:00:00+00:00,2025-08-04 22:00:00+00:00,46493.4375,4498.9325,23978.54,0.0,49629.9725,28477.4725,-0.5285813283559292,-0.8488826652214553,-0.7071067811865477,0.7071067811865474,0.0,1.0,0,weekday,34.065
2025-08-05,2025,8,5,217,21,1,87.18,2025-08-05 21:00:00+00:00,2025-08-05 22:00:00+00:00,45879.1125,5950.325,18578.7775,0.0,46688.5475,24529.1025,-0.5431052396834317,-0.8396646346181327,-0.7071067811865477,0.7071067811865474,0.7818314824680298,0.6234898018587336,0,weekday,34.19
2025-08-06,2025,8,6,218,21,2,110.0,2025-08-06 21:00:00+00:00,2025-08-06 22:00:00+00:00,44845.39,2369.9225,3160.3775,0.0,32790.285,5530.3,-0.5574684374327892,-0.8301981337405212,-0.7071067811865477,0.7071067811865474,0.9749279121818236,-0.2225209339563143,0,weekday,33.995
2025-08-07,2025,8,7,219,21,3,110.0,2025-08-07 21:00:00+00:00,2025-08-07 22:00:00+00:00,45649.1825,2909.815,5318.96,0.0,35071.08,8228.775,-0.5716666713027052,-0.8204859638785327,-0.7071067811865477,0.7071067811865474,0.4338837391175582,-0.900968867902419,0,weekday,32.95
2025-08-08,2025,8,8,220,21,4,121.59,2025-08-08 21:00:00+00:00,2025-08-08 22:00:00+00:00,43484.34,1009.09,2152.54,0.0,30923.682500000003,3161.63,-0.5856957398073508,-0.8105309990194823,-0.7071067811865477,0.7071067811865474,-0.433883739117558,-0.9009688679024191,0,weekday,32.78
2025-08-09,2025,8,9,221,21,5,107.89,2025-08-09 21:00:00+00:00,2025-08-09 22:00:00+00:00,40168.6875,2229.2675,10599.785,0.0,35608.6625,12829.0525,-0.5995514915196489,-0.8003361849976323,-0.7071067811865477,0.7071067811865474,-0.9749279121818236,-0.2225209339563146,0,weekend,32.446
2025-08-10,2025,8,10,222,21,6,106.98,2025-08-10 21:00:00+00:00,2025-08-10 22:00:00+00:00,41874.5375,527.0875,5669.01,0.0,30169.745,6196.0975,-0.6132298262997502,-0.7899045386224707,-0.7071067811865477,0.7071067811865474,-0.7818314824680299,0.6234898018587334,0,weekend,32.468
2025-08-11,2025,8,11,223,21,0,108.87,2025-08-11 21:00:00+00:00,2025-08-11 22:00:00+00:00,46081.2025,222.06,5972.995,0.0,38836.7375,6195.055,-0.6267266965083301,-0.7792391467859886,-0.7071067811865477,0.7071067811865474,0.0,1.0,0,weekday,32.49
2025-08-12,2025,8,12,224,21,1,114.07,2025-08-12 21:00:00+00:00,2025-08-12 22:00:00+00:00,46210.4225,2581.0625,13770.075,0.0,48532.8975,16351.1375,-0.6400381082043503,-0.7683431655492202,-0.7071067811865477,0.7071067811865474,0.7818314824680298,0.6234898018587336,0,weekday,33.065
2025-08-13,2025,8,13,225,21,2,123.21,2025-08-13 21:00:00+00:00,2025-08-13 22:00:00+00:00,45302.0825,1713.7025,7596.565,0.0,39854.9025,9310.2675,-0.65316012232693,-0.7572198192083127,-0.7071067811865477,0.7071067811865474,0.9749279121818236,-0.2225209339563143,0,weekday,32.615
2025-08-14,2025,8,14,226,21,3,120.71,2025-08-14 21:00:00+00:00,2025-08-14 22:00:00+00:00,46148.35,730.8475000000001,5021.3425,0.0,37720.880000000005,5752.19,-0.666088855860977,-0.7458723993404063,-0.7071067811865477,0.7071067811865474,0.4338837391175582,-0.900968867902419,0,weekday,32.86
2025-08-15,2025,8,15,227,21,4,105.94,2025-08-15 21:00:00+00:00,2025-08-15 22:00:00+00:00,44271.505000000005,3866.105,13041.965,0.0,37584.692500000005,16908.07,-0.6788204829862355,-0.734304263829602,-0.7071067811865477,0.7071067811865474,-0.433883739117558,-0.9009688679024191,0,weekday,31.975
2025-08-16,2025,8,16,228,21,5,95.0,2025-08-16 21:00:00+00:00,2025-08-16 22:00:00+00:00,41650.275,4664.85,13315.745,0.0,38765.1375,17980.595,-0.6913512362094071,-0.722518835873311,-0.7071067811865477,0.7071067811865474,-0.9749279121818236,-0.2225209339563146,0,weekend,31.031
2025-08-17,2025,8,17,229,21,6,105.1,2025-08-17 21:00:00+00:00,2025-08-17 22:00:00+00:00,42152.165,607.2,5020.2375,0.0,32863.590000000004,5627.4375,-0.7036774074790128,-0.7105196029692745,-0.7071067811865477,0.7071067811865474,-0.7818314824680299,0.6234898018587334,0,weekend,30.8405
2025-08-18,2025,8,18,230,21,0,107.49,2025-08-18 21:00:00+00:00,2025-08-18 22:00:00+00:00,46344.39,274.35,5217.455,0.0,38418.0625,5491.805,-0.7157953492826642,-0.6983101158835584,-0.7071067811865477,0.7071067811865474,0.0,1.0,0,weekday,30.65
2025-08-19,2025,8,19,231,21,1,104.41,2025-08-19 21:00:00+00:00,2025-08-19 22:00:00+00:00,46859.5225,2380.7075,5865.485000000001,0.0,38910.1725,8246.192500000001,-0.7277014757264236,-0.6858939875998223,-0.7071067811865477,0.7071067811865474,0.7818314824680298,0.6234898018587336,0,weekday,30.725
2025-08-20,2025,8,20,232,21,2,103.49,2025-08-20 21:00:00+00:00,2025-08-20 22:00:00+00:00,46379.9725,1457.8025,10651.28,0.0,41474.32,12109.0825,-0.7393922635959241,-0.673274892250183,-0.7071067811865477,0.7071067811865474,0.9749279121818236,-0.2225209339563143,0,weekday,31.375
2025-08-21,2025,8,21,233,21,3,105.0,2025-08-21 21:00:00+00:00,2025-08-21 22:00:00+00:00,46245.68,3621.3625,15054.265,0.0,43827.62,18675.6275,-0.7508642533989489,-0.6604565640279754,-0.7071067811865477,0.7071067811865474,0.4338837391175582,-0.900968867902419,0,weekday,32.245
2025-08-22,2025,8,22,234,21,4,103.09,2025-08-22 21:00:00+00:00,2025-08-22 22:00:00+00:00,44432.155,4043.3525,10014.815,0.0,37725.31,14058.1675,-0.7621140503891487,-0.6474427960827475,-0.7071067811865477,0.7071067811865474,-0.433883739117558,-0.9009688679024191,0,weekday,33.4
2025-08-23,2025,8,23,235,21,5,111.16,2025-08-23 21:00:00+00:00,2025-08-23 22:00:00+00:00,41024.7875,1797.0625,4698.94,0.0,32284.0275,6496.0025,-0.7731383255706026,-0.6342374393978054,-0.7071067811865477,0.7071067811865474,-0.9749279121818236,-0.2225209339563146,0,weekend,33.573
2025-08-24,2025,8,24,236,21,6,107.5,2025-08-24 21:00:00+00:00,2025-08-24 22:00:00+00:00,41783.92,1697.3575,6585.13,0.0,33394.9325,8282.4875,-0.7839338166829201,-0.620844401650647,-0.7071067811865477,0.7071067811865474,-0.7818314824680299,0.6234898018587334,0,weekend,33.424
2025-08-25,2025,8,25,237,21,0,115.04,2025-08-25 21:00:00+00:00,2025-08-25 22:00:00+00:00,46872.165,431.575,2228.945,0.0,36491.335,2660.52,-0.7944973291665992,-0.6072676460566135,-0.7071067811865477,0.7071067811865474,0.0,1.0,0,weekday,33.275
2025-08-26,2025,8,26,238,21,1,109.47,2025-08-26 21:00:00+00:00,2025-08-26 22:00:00+00:00,46751.2675,2353.405,11603.175,0.0,45549.4675,13956.58,-0.8048257371083452,-0.593511190196115,-0.7071067811865477,0.7071067811865474,0.7818314824680298,0.6234898018587336,0,weekday,33.6
2025-08-27,2025,8,27,239,21,2,113.63,2025-08-27 21:00:00+00:00,2025-08-27 22:00:00+00:00,46395.32,676.2375,4619.9525,0.0,37868.6825,5296.1900000000005,-0.8149159841660791,-0.5795791048257612,-0.7071067811865477,0.7071067811865474,0.9749279121818236,-0.2225209339563143,0,weekday,32.7
2025-08-28,2025,8,28,240,21,3,107.11,2025-08-28 21:00:00+00:00,2025-08-28 22:00:00+00:00,46263.32,1296.475,6197.125,0.0,36883.38,7493.6,-0.8247650844733614,-0.5654755126737576,-0.7071067811865477,0.7071067811865474,0.4338837391175582,-0.900968867902419,0,weekday,31.275
2025-08-29,2025,8,29,241,21,4,95.7,2025-08-29 21:00:00+00:00,2025-08-29 22:00:00+00:00,45182.1875,2255.4675,11568.535,0.0,43453.255000000005,13824.0025,-0.8343701235229538,-0.5512045872199277,-0.7071067811865477,0.7071067811865474,-0.433883739117558,-0.9009688679024191,0,weekday,31.75
2025-08-30,2025,8,30,242,21,5,104.94,2025-08-30 21:00:00+00:00,2025-08-30 22:00:00+00:00,41532.27,1837.0925,6974.4275,0.0,33450.785,8811.52,-0.8437282590292712,-0.5367705514607103,-0.7071067811865477,0.7071067811865474,-0.9749279121818236,-0.2225209339563146,0,weekend,31.622
2025-08-31,2025,8,31,243,21,6,102.63,2025-08-31 21:00:00+00:00,2025-08-31 22:00:00+00:00,42723.335,1916.115,8909.96,0.0,36634.3225,10826.075,-0.8528367217694595,-0.522177676659508,-0.7071067811865477,0.7071067811865474,-0.7818314824680299,0.6234898018587334,0,weekend,31.9485
2025-09-01,2025,9,1,244,21,0,112.4,2025-09-01 21:00:00+00:00,2025-09-01 22:00:00+00:00,47065.5525,1847.3325,4610.17,0.0,38850.2875,6457.5025000000005,-0.8616928164028522,-0.5074302810827518,-0.7071067811865477,0.7071067811865474,0.0,1.0,0,weekday,32.275
2025-09-02,2025,9,2,245,21,1,110.47,2025-09-02 21:00:00+00:00,2025-09-02 22:00:00+00:00,46954.95,1217.3275,9278.335,0.0,42284.6675,10495.6625,-0.8702939222685674,-0.4925327287220543,-0.7071067811865477,0.7071067811865474,0.7818314824680298,0.6234898018587336,0,weekday,32.2
2025-09-03,2025,9,3,246,21,2,80.68,2025-09-03 21:00:00+00:00,2025-09-03 22:00:00+00:00,46510.245,5123.745,25196.0775,0.0,50514.3175,30319.8225,-0.8786374941610001,-0.4774894280028391,-0.7071067811865477,0.7071067811865474,0.9749279121818236,-0.2225209339563143,0,weekday,31.525
2025-09-04,2025,9,4,247,21,3,112.14,2025-09-04 21:00:00+00:00,2025-09-04 22:00:00+00:00,46940.31,1855.9025,6534.6075,0.0,40048.865,8390.51,-0.886721063082993,-0.4623048304798108,-0.7071067811865477,0.7071067811865474,0.4338837391175582,-0.900968867902419,0,weekday,31.84
2025-09-05,2025,9,5,248,21,4,107.71,2025-09-05 21:00:00+00:00,2025-09-05 22:00:00+00:00,45521.825,879.6625,4566.13,0.0,35948.6525,5445.7925000000005,-0.8945422369764496,-0.4469834295196741,-0.7071067811865477,0.7071067811865474,-0.433883739117558,-0.9009688679024191,0,weekday,32.52
2025-09-06,2025,9,6,249,21,5,92.95,2025-09-06 21:00:00+00:00,2025-09-06 22:00:00+00:00,40930.39,1712.8675,10146.51,0.0,37517.4125,11859.3775,-0.9020987014301836,-0.4315297589714714,-0.7071067811865477,0.7071067811865474,-0.9749279121818236,-0.2225209339563146,0,weekend,31.969
2025-09-07,2025,9,7,250,21,6,85.01,2025-09-07 21:00:00+00:00,2025-09-07 22:00:00+00:00,43051.4175,5544.0825,17367.7125,0.0,44704.39,22911.795,-0.9093882203647924,-0.4159483918249421,-0.7071067811865477,0.7071067811865474,-0.7818314824680299,0.6234898018587334,0,weekend,32.084500000000006
2025-09-08,2025,9,8,251,21,0,123.93,2025-09-08 21:00:00+00:00,2025-09-08 22:00:00+00:00,47814.095,422.2175,3530.51,0.0,36262.9675,3952.7275,-0.9164086366943458,-0.4002439388573056,-0.7071067811865477,0.7071067811865474,0.0,1.0,0,weekday,32.2
2025-09-09,2025,9,9,252,21,1,115.79,2025-09-09 21:00:00+00:00,2025-09-09 22:00:00+00:00,47859.61,1823.7875,4427.7825,0.0,36551.9675,6251.57,-0.923157872964704,-0.3844210472688554,-0.7071067811865477,0.7071067811865474,0.7818314824680298,0.6234898018587336,0,weekday,33.085
2025-09-10,2025,9,10,253,21,2,101.58,2025-09-10 21:00:00+00:00,2025-09-10 22:00:00+00:00,47368.7225,3506.8775,7033.8075,0.0,41469.880000000005,10540.685,-0.9296339319682696,-0.3684843993077793,-0.7071067811865477,0.7071067811865474,0.9749279121818236,-0.2225209339563143,0,weekday,33.24
2025-09-11,2025,9,11,254,21,3,84.81,2025-09-11 21:00:00+00:00,2025-09-11 22:00:00+00:00,48022.0825,5638.245,20310.4575,0.0,47057.5125,25948.7025,-0.935834897334994,-0.3524387108846032,-0.7071067811865477,0.7071067811865474,0.4338837391175582,-0.900968867902419,0,weekday,32.51
2025-09-12,2025,9,12,255,21,4,102.85,2025-09-12 21:00:00+00:00,2025-09-12 22:00:00+00:00,45757.655,5138.7,13849.005,0.0,40437.1225,18987.705,-0.9417589340994617,-0.3362887301766828,-0.7071067811865477,0.7071067811865474,-0.433883739117558,-0.9009688679024191,0,weekday,32.395
2025-09-13,2025,9,13,256,21,5,100.0,2025-09-13 21:00:00+00:00,2025-09-13 22:00:00+00:00,42176.0775,3717.7975,12729.405,0.0,37858.0275,16447.2025,-0.9474042892438844,-0.3200392362231385,-0.7071067811865477,0.7071067811865474,-0.9749279121818236,-0.2225209339563146,0,weekend,32.662
2025-09-14,2025,9,14,257,21,6,77.02,2025-09-14 21:00:00+00:00,2025-09-14 22:00:00+00:00,43573.4925,5455.675,17322.495,0.0,44928.72,22778.17,-0.9527692922168512,-0.3036950375106588,-0.7071067811865477,0.7071067811865474,-0.7818314824680299,0.6234898018587334,0,weekend,32.431
2025-09-15,2025,9,15,258,21,0,2.91,2025-09-15 21:00:00+00:00,2025-09-15 22:00:00+00:00,48297.69,5108.0975,39736.11,0.0,59874.655,44844.2075,-0.9578523554276668,-0.2872609705505963,-0.7071067811865477,0.7071067811865474,0.0,1.0,0,weekday,32.2
2025-09-16,2025,9,16,259,21,1,80.55,2025-09-16 21:00:00+00:00,2025-09-16 22:00:00+00:00,47710.6975,6430.725,28702.5025,0.0,53929.34,35133.2275,-0.9626519747161488,-0.2707418984477642,-0.7071067811865477,0.7071067811865474,0.7818314824680298,0.6234898018587336,0,weekday,31.91
2025-09-17,2025,9,17,260,21,2,86.1,2025-09-17 21:00:00+00:00,2025-09-17 22:00:00+00:00,47010.23,6517.5875,20921.995,0.0,47853.59,27439.5825,-0.9671667297977312,-0.2541427094613622,-0.7071067811865477,0.7071067811865474,0.9749279121818236,-0.2225209339563143,0,weekday,32.605
2025-09-18,2025,9,18,261,21,3,98.94,2025-09-18 21:00:00+00:00,2025-09-18 22:00:00+00:00,47962.395,6371.4825,17965.04,0.0,46063.055,24336.5225,-0.97139528468375,-0.2374683155584684,-0.7071067811865477,0.7071067811865474,0.4338837391175582,-0.900968867902419,0,weekday,32.555
2025-09-19,2025,9,19,262,21,4,86.04,2025-09-19 21:00:00+00:00,2025-09-19 22:00:00+00:00,45927.58,3435.815,15872.9525,0.0,45531.495,19308.7675,-0.9753363880767836,-0.2207236509605022,-0.7071067811865477,0.7071067811865474,-0.433883739117558,-0.9009688679024191,0,weekday,32.66
2025-09-20,2025,9,20,263,21,5,74.5,2025-09-20 21:00:00+00:00,2025-09-20 22:00:00+00:00,42199.3225,5578.755,17782.62,0.0,40404.37,23361.375,-0.978988873740932,-0.2039136706831147,-0.7071067811865477,0.7071067811865474,-0.9749279121818236,-0.2225209339563146,0,weekend,32.308
2025-09-21,2025,9,21,264,21,6,96.35,2025-09-21 21:00:00+00:00,2025-09-21 22:00:00+00:00,43423.28,5597.8525,11155.8225,0.0,35260.345,16753.675,-0.9823516608469236,-0.1870433490699165,-0.7071067811865477,0.7071067811865474,-0.7818314824680299,0.6234898018587334,0,weekend,32.204
2025-09-22,2025,9,22,265,21,0,97.72,2025-09-22 21:00:00+00:00,2025-09-22 22:00:00+00:00,47287.8575,3470.0925,11091.36,0.0,43082.915,14561.4525,-0.9854237542919524,-0.1701176783204905,-0.7071067811865477,0.7071067811865474,0.0,1.0,0,weekday,32.1
2025-09-23,2025,9,23,266,21,1,84.91,2025-09-23 21:00:00+00:00,2025-09-23 22:00:00+00:00,47914.51,1680.355,18180.1375,0.0,47765.4675,19860.4925,-0.9882042449941422,-0.15314166701312,-0.7071067811865477,0.7071067811865474,0.7818314824680298,0.6234898018587336,0,weekday,32.03
2025-09-24,2025,9,24,267,21,2,85.5,2025-09-24 21:00:00+00:00,2025-09-24 22:00:00+00:00,47156.565,4748.3975,27790.47,0.0,51365.275,32538.8675,-0.9906923101615608,-0.136120338622667,-0.7071067811865477,0.7071067811865474,0.9749279121818236,-0.2225209339563143,0,weekday,32.16
2025-09-25,2025,9,25,268,21,3,94.77,2025-09-25 21:00:00+00:00,2025-09-25 22:00:00+00:00,47857.43,6053.495,20567.705,0.0,48331.685,26621.2,-0.9928872135356962,-0.1190587300340498,-0.7071067811865477,0.7071067811865474,0.4338837391175582,-0.900968867902419,0,weekday,32.405
2025-09-26,2025,9,26,269,21,4,96.9,2025-09-26 21:00:00+00:00,2025-09-26 22:00:00+00:00,45595.5225,4617.955,14341.2625,0.0,40578.36,18959.2175,-0.994788305609327,-0.1019618900517457,-0.7071067811865477,0.7071067811865474,-0.433883739117558,-0.9009688679024191,0,weekday,32.655
2025-09-27,2025,9,27,270,21,5,107.56,2025-09-27 21:00:00+00:00,2025-09-27 22:00:00+00:00,41650.77,2186.605,6151.8875,0.0,33544.590000000004,8338.4925,-0.9963950238187232,-0.0848348779057653,-0.7071067811865477,0.7071067811865474,-0.9749279121818236,-0.2225209339563146,0,weekend,32.697
2025-09-28,2025,9,28,271,21,6,102.29,2025-09-28 21:00:00+00:00,2025-09-28 22:00:00+00:00,43782.9575,1185.6875,7041.5075,0.0,37523.2425,8227.195,-0.9977068927101168,-0.0676827617545516,-0.7071067811865477,0.7071067811865474,-0.7818314824680299,0.6234898018587334,0,weekend,32.4885
2025-09-29,2025,9,29,272,21,0,108.3,2025-09-29 21:00:00+00:00,2025-09-29 22:00:00+00:00,48958.22,1124.285,7139.9825,0.0,41259.2275,8264.2675,-0.9987235240803972,-0.0505106171852228,-0.7071067811865477,0.7071067811865474,0.0,1.0,0,weekday,32.28
2025-09-30,2025,9,30,273,21,1,101.63,2025-09-30 21:00:00+00:00,2025-09-30 22:00:00+00:00,48434.3325,1753.515,8169.4725,0.0,44194.33,9922.9875,-0.9994446170919858,-0.0333235257116313,-0.7071067811865477,0.7071067811865474,0.7818314824680298,0.6234898018587336,0,weekday,32.255
2025-10-01,2025,10,1,274,21,2,92.085,2025-10-01 21:00:00+00:00,2025-10-01 22:00:00+00:00,48813.74,1528.71,6189.77,0.0,42018.0425,7718.48,-0.9998699583618592,-0.0161265732706577,-0.7071067811865477,0.7071067811865474,0.9749279121818236,-0.2225209339563143,0,weekday,31.275
2025-10-02,2025,10,2,275,21,3,87.095,2025-10-02 21:00:00+00:00,2025-10-02 22:00:00+00:00,48950.385,5276.04,12085.6625,0.0,44338.5225,17361.7025,-0.9999994220246924,0.0010751512827982,-0.7071067811865477,0.7071067811865474,0.4338837391175582,-0.900968867902419,0,weekday,31.445
2025-10-03,2025,10,3,276,21,4,12.3325,2025-10-03 21:00:00+00:00,2025-10-03 22:00:00+00:00,44755.83,4904.01,29798.63,0.0,49099.675,34702.64,-0.999832969770105,0.0182765576816912,-0.7071067811865477,0.7071067811865474,-0.433883739117558,-0.9009688679024191,1,holiday,31.105
2025-10-04,2025,10,4,277,21,5,-0.05,2025-10-04 21:00:00+00:00,2025-10-04 22:00:00+00:00,44205.665,5771.99,43373.3675,0.0,58168.125,49145.3575,-0.9993706508539968,0.0354725557531255,-0.7071067811865477,0.7071067811865474,-0.9749279121818236,-0.2225209339563146,0,weekend,31.438
2025-10-05,2025,10,5,278,21,6,4.225,2025-10-05 21:00:00+00:00,2025-10-05 22:00:00+00:00,45386.18,4693.9525,37075.56,0.0,58915.32,41769.5125,-0.9986126020839734,0.052658056924614,-0.7071067811865477,0.7071067811865474,-0.7818314824680299,0.6234898018587334,0,weekend,31.944000000000003
2025-10-06,2025,10,6,279,21,0,106.1775,2025-10-06 21:00:00+00:00,2025-10-06 22:00:00+00:00,49423.1375,1317.1225,11680.27,0.0,42573.942500000005,12997.3925,-0.9975590477788612,0.0698279757298708,-0.7071067811865477,0.7071067811865474,0.0,1.0,0,weekday,32.45
2025-10-07,2025,10,7,280,21,1,98.3475,2025-10-07 21:00:00+00:00,2025-10-07 22:00:00+00:00,49193.85,3020.245,5532.19,0.0,41027.45,8552.435,-0.9962102997023295,0.0869772313136861,-0.7071067811865477,0.7071067811865474,0.7818314824680298,0.6234898018587336,0,weekday,33.5
2025-10-08,2025,10,8,281,21,2,99.2025,2025-10-08 21:00:00+00:00,2025-10-08 22:00:00+00:00,48970.9,1730.2375,5193.935,0.0,41884.2625,6924.172500000001,-0.9945667569706336,0.1041007489354256,-0.7071067811865477,0.7071067811865474,0.9749279121818236,-0.2225209339563143,0,weekday,33.57
2025-10-09,2025,10,9,282,21,3,91.2075,2025-10-09 21:00:00+00:00,2025-10-09 22:00:00+00:00,49139.995,5462.8375,17359.335,0.0,48482.4875,22822.1725,-0.9926289059345096,0.121193461470736,-0.7071067811865477,0.7071067811865474,0.4338837391175582,-0.900968867902419,0,weekday,32.195
2025-10-10,2025,10,10,283,21,4,95.1975,2025-10-10 21:00:00+00:00,2025-10-10 22:00:00+00:00,47966.6225,4336.8425,13920.3525,0.0,44180.7375,18257.195,-0.9903973200352558,0.1382503109109819,-0.7071067811865477,0.7071067811865474,-0.433883739117558,-0.9009688679024191,0,weekday,32.08
2025-10-11,2025,10,11,284,21,5,96.6175,2025-10-11 21:00:00+00:00,2025-10-11 22:00:00+00:00,43561.9275,2614.7275,7262.1675,0.0,36146.3625,9876.895,-0.9878726596350428,0.1552662498599956,-0.7071067811865477,0.7071067811865474,-0.9749279121818236,-0.2225209339563146,0,weekend,32.17
2025-10-12,2025,10,12,285,21,6,95.0225,2025-10-12 21:00:00+00:00,2025-10-12 22:00:00+00:00,46073.415,1778.38,4773.93,0.0,37551.195,6552.31,-0.9850556718215012,0.172236243027682,-0.7071067811865477,0.7071067811865474,-0.7818314824680299,0.6234898018587334,0,weekend,31.997500000000002
2025-10-13,2025,10,13,286,21,0,111.905,2025-10-13 21:00:00+00:00,2025-10-13 22:00:00+00:00,49613.8925,1406.3325,2685.6075,0.0,40362.57,4091.94,-0.981947190186646,0.1891552687200409,-0.7071067811865477,0.7071067811865474,0.0,1.0,0,weekday,31.825
2025-10-14,2025,10,14,287,21,1,115.805,2025-10-14 21:00:00+00:00,2025-10-14 22:00:00+00:00,49346.7425,1174.095,1919.21,0.0,38273.36,3093.3050000000003,-0.9785481345802032,0.2060183203251708,-0.7071067811865477,0.7071067811865474,0.7818314824680298,0.6234898018587336,0,weekday,31.46
2025-10-15,2025,10,15,288,21,2,89.19,2025-10-15 21:00:00+00:00,2025-10-15 22:00:00+00:00,49377.302500000005,4463.3775,5973.8325,0.0,44728.34,10437.21,-0.9748595108374124,0.2228204077947995,-0.7071067811865477,0.7071067811865474,0.9749279121818236,-0.2225209339563143,0,weekday,31.75
2025-10-16,2025,10,16,289,21,3,95.685,2025-10-16 21:00:00+00:00,2025-10-16 22:00:00+00:00,49429.185,4326.21,10253.005,0.0,44040.285,14579.215,-0.9708824104813836,0.239556559120927,-0.7071067811865477,0.7071067811865474,0.4338837391175582,-0.900968867902419,0,weekday,32.265
2025-10-17,2025,10,17,290,21,4,94.1125,2025-10-17 21:00:00+00:00,2025-10-17 22:00:00+00:00,47801.6225,2773.46,9414.55,0.0,40984.355,12188.009999999998,-0.9666180104000972,0.2562218218071163,-0.7071067811865477,0.7071067811865474,-0.433883739117558,-0.9009688679024191,0,weekday,32.195
2025-10-18,2025,10,18,291,21,5,95.21,2025-10-18 21:00:00+00:00,2025-10-18 22:00:00+00:00,44388.005,2044.0525,10237.4925,0.0,40094.855,12281.545,-0.9620675724981452,0.2728112643340191,-0.7071067811865477,0.7071067811865474,-0.9749279121818236,-0.2225209339563146,0,weekend,31.816
2025-10-19,2025,10,19,292,21,6,62.3175,2025-10-19 21:00:00+00:00,2025-10-19 22:00:00+00:00,46333.4025,6126.9275,22854.685,0.0,48519.905,28981.612500000003,-0.957232443323312,0.2893199776186952,-0.7071067811865477,0.7071067811865474,-0.7818314824680299,0.6234898018587334,0,weekend,31.795499999999997
2025-10-20,2025,10,20,293,21,0,54.64,2025-10-20 21:00:00+00:00,2025-10-20 22:00:00+00:00,49644.3025,6469.6050000000005,29695.185,0.0,53427.6075,36164.79,-0.9521140536681102,0.3057430764672831,-0.7071067811865477,0.7071067811865474,0.0,1.0,0,weekday,31.775
2025-10-21,2025,10,21,294,21,1,77.14500000000001,2025-10-21 21:00:00+00:00,2025-10-21 22:00:00+00:00,48903.2225,6229.155,24467.285,0.0,50654.8625,30696.44,-0.9467139181463862,0.3220757010206104,-0.7071067811865477,0.7071067811865474,0.7818314824680298,0.6234898018587336,0,weekday,31.435
2025-10-22,2025,10,22,295,21,2,110.17,2025-10-22 21:00:00+00:00,2025-10-22 22:00:00+00:00,48574.005,614.76,5495.35,0.0,43289.9375,6110.110000000001,-0.9410336347451196,0.3383130181923076,-0.7071067811865477,0.7071067811865474,0.9749279121818236,-0.2225209339563143,0,weekday,32.05
2025-10-23,2025,10,23,296,21,3,61.84,2025-10-23 21:00:00+00:00,2025-10-23 22:00:00+00:00,51064.4775,2724.5325000000003,37675.1075,0.0,53845.7625,40399.64,-0.9350748843515574,0.3544502230989869,-0.7071067811865477,0.7071067811865474,0.4338837391175582,-0.900968867902419,0,weekday,32.25
2025-10-24,2025,10,24,297,21,4,10.3125,2025-10-24 21:00:00+00:00,2025-10-24 22:00:00+00:00,48811.745,5185.139999999999,40494.6625,0.0,60453.39,45679.8025,-0.9288394302558068,0.3704825404820963,-0.7071067811865477,0.7071067811865474,-0.433883739117558,-0.9009688679024191,0,weekday,32.2
2025-10-25,2025,10,25,298,21,5,8.85,2025-10-25 21:00:00+00:00,2025-10-25 22:00:00+00:00,44420.7775,5591.702499999999,36544.69,0.0,57935.475,42136.3925,-0.9223291176290545,0.3864052261209853,-0.7071067811865477,0.7071067811865474,-0.9749279121818236,-0.2225209339563146,0,weekend,32.016
2025-10-26,2025,10,26,299,21,6,14.9075,2025-10-26 21:00:00+00:00,2025-10-26 22:00:00+00:00,47917.675,5792.0825,41160.31,0.0,64313.1675,46952.3925,-0.9155458729775467,0.4022135682368036,-0.7071067811865477,0.7071067811865474,-0.7818314824680299,0.6234898018587334,0,weekend,31.698
2025-10-27,2025,10,27,300,21,0,74.48,2025-10-27 21:00:00+00:00,2025-10-27 22:00:00+00:00,54964.15,5715.5225,36200.0175,0.0,62543.567500000005,41915.54,-0.9084917035725082,0.4179028888867866,-0.7071067811865477,0.7071067811865474,0.0,1.0,0,weekday,31.38
2025-10-28,2025,10,28,301,21,1,79.58,2025-10-28 21:00:00+00:00,2025-10-28 22:00:00+00:00,54092.14,5473.405,33212.8025,0.0,60130.535,38686.2075,-0.9011686968561567,0.4334685453485363,-0.7071067811865477,0.7071067811865474,0.7818314824680298,0.6234898018587336,0,weekday,31.315
2025-10-29,2025,10,29,302,21,2,94.4225,2025-10-29 21:00:00+00:00,2025-10-29 22:00:00+00:00,53875.905,2632.4475,21427.0725,0.0,50510.8675,24059.52,-0.8935790198239952,0.4489059314938798,-0.7071067811865477,0.7071067811865474,0.9749279121818236,-0.2225209339563143,0,weekday,31.869
2025-10-30,2025,10,30,303,21,3,98.44,2025-10-30 21:00:00+00:00,2025-10-30 22:00:00+00:00,54247.3575,3026.4575,15191.7525,0.0,43290.6975,18218.21,-0.8857249183835637,0.4642104791518923,-0.7071067811865477,0.7071067811865474,0.4338837391175582,-0.900968867902419,0,weekday,36.0
2025-10-31,2025,10,31,304,21,4,81.845,2025-10-31 21:00:00+00:00,2025-10-31 22:00:00+00:00,50317.9075,5517.7,20001.78,0.0,45493.0925,25519.48,-0.8776087166898392,0.4793776594606945,-0.7071067811865477,0.7071067811865474,-0.433883739117558,-0.9009688679024191,0,weekday,31.185
2025-11-01,2025,11,1,305,21,5,82.93,2025-11-01 21:00:00+00:00,2025-11-01 22:00:00+00:00,45645.425,5620.5675,20246.0575,0.0,45331.2675,25866.625,-0.8692328164574792,0.4944029842076181,-0.7071067811865477,0.7071067811865474,-0.9749279121818236,-0.2225209339563146,0,weekend,31.122
2025-11-02,2025,11,2,306,21,6,93.1775,2025-11-02 21:00:00+00:00,2025-11-02 22:00:00+00:00,49621.4175,2880.1325,14749.905,0.0,42398.3125,17630.037500000002,-0.8605996962501181,0.5092820071573356,-0.7071067811865477,0.7071067811865474,-0.7818314824680299,0.6234898018587334,0,weekend,31.3385
2025-11-03,2025,11,3,307,21,0,52.7125,2025-11-03 21:00:00+00:00,2025-11-03 22:00:00+00:00,53535.06,5978.115,27401.855,0.0,55874.295,33379.97,-0.8517119107469189,0.5240103253675756,-0.7071067811865477,0.7071067811865474,0.0,1.0,0,weekday,31.555
2025-11-04,2025,11,4,308,21,1,86.2375,2025-11-04 21:00:00+00:00,2025-11-04 22:00:00+00:00,52638.2375,5763.262500000001,19809.1825,0.0,52045.7375,25572.445,-0.8425720899866032,0.5385835804920232,-0.7071067811865477,0.7071067811865474,0.7818314824680298,0.6234898018587336,0,weekday,31.94
2025-11-05,2025,11,5,309,21,2,88.8475,2025-11-05 21:00:00+00:00,2025-11-05 22:00:00+00:00,52894.26,3164.435,15044.2575,0.0,49051.4275,18208.6925,-0.8331829385891785,0.5529974600700271,-0.7071067811865477,0.7071067811865474,0.9749279121818236,-0.2225209339563143,0,weekday,32.1
2025-11-06,2025,11,6,310,21,3,97.485,2025-11-06 21:00:00+00:00,2025-11-06 22:00:00+00:00,53686.43,1590.33,9911.23,0.0,45492.6175,11501.56,-0.8235472349556007,0.5672476988027229,-0.7071067811865477,0.7071067811865474,0.4338837391175582,-0.900968867902419,0,weekday,31.445
2025-11-07,2025,11,7,311,21,4,98.275,2025-11-07 21:00:00+00:00,2025-11-07 22:00:00+00:00,53380.4275,433.75,3149.5025,0.0,40777.54,3583.2525,-0.8136678304455991,0.5813300798152042,-0.7071067811865477,0.7071067811865474,-0.433883739117558,-0.9009688679024191,0,weekday,31.49
2025-11-08,2025,11,8,312,21,5,106.26,2025-11-08 21:00:00+00:00,2025-11-08 22:00:00+00:00,49305.2875,90.045,1262.2825,0.0,38656.15,1352.3275,-0.8035476485339116,0.5952404359043674,-0.7071067811865477,0.7071067811865474,-0.9749279121818236,-0.2225209339563146,0,weekend,31.201
2025-11-09,2025,11,9,313,21,6,92.315,2025-11-09 21:00:00+00:00,2025-11-09 22:00:00+00:00,49802.94,494.4925,3217.41,0.0,40069.2825,3711.9025,-0.7931896839451843,0.6089746507720486,-0.7071067811865477,0.7071067811865474,-0.7818314824680299,0.6234898018587334,0,weekend,31.250500000000002
2025-11-10,2025,11,10,314,21,0,88.39250000000001,2025-11-10 21:00:00+00:00,2025-11-10 22:00:00+00:00,56058.8725,4543.9725,12024.705,0.0,49704.4475,16568.677499999998,-0.7825970017677834,0.6225286602431057,-0.7071067811865477,0.7071067811865474,0.0,1.0,0,weekday,31.3
2025-11-11,2025,11,11,315,21,1,92.06,2025-11-11 21:00:00+00:00,2025-11-11 22:00:00+00:00,54659.3475,5378.405,13377.585,0.0,48605.6725,18755.99,-0.7717727365467836,0.6358984534680745,-0.7071067811865477,0.7071067811865474,0.7818314824680298,0.6234898018587336,0,weekday,31.04
2025-11-12,2025,11,12,316,21,2,75.545,2025-11-12 21:00:00+00:00,2025-11-12 22:00:00+00:00,54341.855,6151.9425,29100.78,0.0,56762.3625,35252.7225,-0.7607200913564104,0.6490800741100398,-0.7071067811865477,0.7071067811865474,0.9749279121818236,-0.2225209339563143,0,weekday,31.365
2025-11-13,2025,11,13,317,21,3,110.585,2025-11-13 21:00:00+00:00,2025-11-13 22:00:00+00:00,53914.735,1676.0075,14441.5525,0.0,46903.0625,16117.56,-0.7494423368521954,0.6620696215153815,-0.7071067811865477,0.7071067811865474,0.4338837391175582,-0.900968867902419,0,weekday,31.01
2025-11-14,2025,11,14,318,21,4,97.015,2025-11-14 21:00:00+00:00,2025-11-14 22:00:00+00:00,53025.76,5043.435,14551.1375,0.0,46597.095,19594.5725,-0.7379428103031386,0.6748632518680403,-0.7071067811865477,0.7071067811865474,-0.433883739117558,-0.9009688679024191,0,weekday,30.745
2025-11-15,2025,11,15,319,21,5,101.7175,2025-11-15 21:00:00+00:00,2025-11-15 22:00:00+00:00,49273.3,4311.3,11422.8975,0.0,43167.815,15734.197499999998,-0.7262249146041543,0.6874571793269664,-0.7071067811865477,0.7071067811865474,-0.9749279121818236,-0.2225209339563146,0,weekend,31.25
2025-11-16,2025,11,16,320,21,6,94.385,2025-11-16 21:00:00+00:00,2025-11-16 22:00:00+00:00,50717.74,5496.5275,10250.4425,0.0,45015.4875,15746.97,-0.7142921172691032,0.699847677146407,-0.7071067811865477,0.7071067811865474,-0.7818314824680299,0.6234898018587334,0,weekend,31.3625
2025-11-17,2025,11,17,321,21,0,89.7075,2025-11-17 21:00:00+00:00,2025-11-17 22:00:00+00:00,55923.445,5317.2975,18248.0,0.0,51275.805,23565.2975,-0.7021479494046978,0.7120310787787131,-0.7071067811865477,0.7071067811865474,0.0,1.0,0,weekday,31.475
2025-11-18,2025,11,18,322,21,1,97.4825,2025-11-18 21:00:00+00:00,2025-11-18 22:00:00+00:00,56007.55,800.95,18335.64,0.0,53305.5725,19136.59,-0.6897960046655887,0.7240037789593305,-0.7071067811865477,0.7071067811865474,0.7818314824680298,0.6234898018587336,0,weekday,31.74
2025-11-19,2025,11,19,323,21,2,99.17,2025-11-19 21:00:00+00:00,2025-11-19 22:00:00+00:00,54720.125,3200.5075,14727.9575,0.0,50641.8375,17928.465,-0.6772399381909491,0.7357622347736527,-0.7071067811865477,0.7071067811865474,0.9749279121818236,-0.2225209339563143,0,weekday,31.155
2025-11-20,2025,11,20,324,21,3,108.235,2025-11-20 21:00:00+00:00,2025-11-20 22:00:00+00:00,57673.0025,2302.3050000000003,7706.9875,0.0,46743.7475,10009.2925,-0.6644834655228552,0.7473029667054296,-0.7071067811865477,0.7071067811865474,0.4338837391175582,-0.900968867902419,0,weekday,31.035
2025-11-21,2025,11,21,325,21,4,104.9,2025-11-21 21:00:00+00:00,2025-11-21 22:00:00+00:00,55946.4275,1189.9675,7994.139999999999,0.0,47005.7525,9184.1075,-0.6515303615068021,0.75862255966641,-0.7071067811865477,0.7071067811865474,-0.433883739117558,-0.9009688679024191,0,weekday,30.62
2025-11-22,2025,11,22,326,21,5,89.4275,2025-11-22 21:00:00+00:00,2025-11-22 22:00:00+00:00,52327.895,5922.84,20368.595,0.0,51897.4225,26291.435,-0.6383844591746642,0.7697176640069211,-0.7071067811865477,0.7071067811865474,-0.9749279121818236,-0.2225209339563146,0,weekend,30.198
2025-11-23,2025,11,23,327,21,6,75.1675,2025-11-23 21:00:00+00:00,2025-11-23 22:00:00+00:00,52772.1025,5906.7175,28153.2225,0.0,55631.9075,34059.94,-0.6250496486104377,0.7805849965070866,-0.7071067811865477,0.7071067811865474,-0.7818314824680299,0.6234898018587334,0,weekend,30.1115
2025-11-24,2025,11,24,328,21,0,123.035,2025-11-24 21:00:00+00:00,2025-11-24 22:00:00+00:00,59507.3475,841.885,7263.91,0.0,48043.9925,8105.795,-0.6115298757991053,0.7912213413483807,-0.7071067811865477,0.7071067811865474,0.0,1.0,0,weekday,30.025
2025-11-25,2025,11,25,329,21,1,119.155,2025-11-25 21:00:00+00:00,2025-11-25 22:00:00+00:00,59626.8425,1630.33,4454.445,0.0,46563.192500000005,6084.775,-0.5978291414589552,0.801623551065242,-0.7071067811865477,0.7071067811865474,0.7818314824680298,0.6234898018587336,0,weekday,29.65
2025-11-26,2025,11,26,330,21,2,101.9925,2025-11-26 21:00:00+00:00,2025-11-26 22:00:00+00:00,58630.8125,1875.6025,5903.1325,0.0,45583.8975,7778.735,-0.5839514998576998,0.8117885474764613,-0.7071067811865477,0.7071067811865474,0.9749279121818236,-0.2225209339563143,0,weekday,29.37
2025-11-27,2025,11,27,331,21,3,85.105,2025-11-27 21:00:00+00:00,2025-11-27 22:00:00+00:00,58127.575,5855.615,27097.8625,0.0,58119.3425,32953.4775,-0.5699010576127624,0.8217133225960589,-0.7071067811865477,0.7071067811865474,0.4338837391175582,-0.900968867902419,0,weekday,29.368
2025-11-28,2025,11,28,332,21,4,85.545,2025-11-28 21:00:00+00:00,2025-11-28 22:00:00+00:00,57312.335,5534.535,24712.5075,0.0,56012.65,30247.0425,-0.5556819724760489,0.8313949395234058,-0.7071067811865477,0.7071067811865474,-0.433883739117558,-0.9009688679024191,0,weekday,29.07
2025-11-29,2025,11,29,333,21,5,83.49000000000001,2025-11-29 21:00:00+00:00,2025-11-29 22:00:00+00:00,52724.7225,5263.395,21830.565,0.0,51184.0475,27093.96,-0.5412984521036173,0.8408305333122887,-0.7071067811865477,0.7071067811865474,-0.9749279121818236,-0.2225209339563146,0,weekend,28.817
2025-11-30,2025,11,30,334,21,6,92.5975,2025-11-30 21:00:00+00:00,2025-11-30 22:00:00+00:00,53997.0925,5048.71,17099.0775,0.0,49963.085,22147.7875,-0.5267547528105542,0.8500173118187018,-0.7071067811865477,0.7071067811865474,-0.7818314824680299,0.6234898018587334,0,weekend,28.546
2025-12-01,2025,12,1,335,21,0,76.43,2025-12-01 21:00:00+00:00,2025-12-01 22:00:00+00:00,58702.8575,5856.225,27873.985,0.0,58692.6725,33730.21,-0.5120551783114646,0.8589525565270845,-0.7071067811865477,0.7071067811865474,0.0,1.0,0,weekday,28.275
2025-12-02,2025,12,2,336,21,1,119.2225,2025-12-02 21:00:00+00:00,2025-12-02 22:00:00+00:00,58594.8475,1941.62,7455.215,0.0,48446.3825,9396.835,-0.4972040784469378,0.8676336233547726,-0.7071067811865477,0.7071067811865474,0.7818314824680298,0.6234898018587336,0,weekday,27.715
2025-12-03,2025,12,3,337,21,2,113.405,2025-12-03 21:00:00+00:00,2025-12-03 22:00:00+00:00,57819.785,1670.4775,4642.0425,0.0,46697.4475,6312.52,-0.4822058478963526,0.8760579434344281,-0.7071067811865477,0.7071067811865474,0.9749279121818236,-0.2225209339563143,0,weekday,27.995
2025-12-04,2025,12,4,338,21,3,109.0375,2025-12-04 21:00:00+00:00,2025-12-04 22:00:00+00:00,58945.415,2511.4375,7159.08,0.0,48876.06,9670.5175,-0.4670649248774303,0.8842230238742036,-0.7071067811865477,0.7071067811865474,0.4338837391175582,-0.900968867902419,0,weekday,27.575
2025-12-05,2025,12,5,339,21,4,93.08,2025-12-05 21:00:00+00:00,2025-12-05 22:00:00+00:00,57136.205,2885.655,8396.05,0.0,45978.66,11281.705,-0.451785789832884,0.8921264484954345,-0.7071067811865477,0.7071067811865474,-0.433883739117558,-0.9009688679024191,0,weekday,27.36
2025-12-06,2025,12,6,340,21,5,76.495,2025-12-06 21:00:00+00:00,2025-12-06 22:00:00+00:00,53144.2675,4963.08,26325.9875,0.0,51736.0325,31289.0675,-0.4363729641045924,0.8997658785476209,-0.7071067811865477,0.7071067811865474,-0.9749279121818236,-0.2225209339563146,0,weekend,27.266
2025-12-07,2025,12,7,341,21,6,65.5975,2025-12-07 21:00:00+00:00,2025-12-07 22:00:00+00:00,53699.855,5576.3325,28034.2575,0.0,52371.035,33610.59,-0.4208310085956556,0.9071390534005044,-0.7071067811865477,0.7071067811865474,-0.7818314824680299,0.6234898018587334,0,weekend,27.408
2025-12-08,2025,12,8,342,21,0,80.21,2025-12-08 21:00:00+00:00,2025-12-08 22:00:00+00:00,55739.96,5724.5925,25713.6325,0.0,56857.745,31438.225,-0.4051645224207563,0.9142437912130223,-0.7071067811865477,0.7071067811865474,0.0,1.0,0,weekday,27.55
2025-12-09,2025,12,9,343,21,1,73.3325,2025-12-09 21:00:00+00:00,2025-12-09 22:00:00+00:00,55843.7,5575.5875,28415.4775,0.0,58110.5725,33991.065,-0.3893781415452015,0.9210779895789526,-0.7071067811865477,0.7071067811865474,0.7818314824680298,0.6234898018587336,0,weekday,27.4
2025-12-10,2025,12,10,344,21,2,82.485,2025-12-10 21:00:00+00:00,2025-12-10 22:00:00+00:00,56361.76,5922.0475,23308.6975,0.0,56384.02,29230.745,-0.3734765374130707,0.9276396261490468,-0.7071067811865477,0.7071067811865474,0.9749279121818236,-0.2225209339563143,0,weekday,27.015
2025-12-11,2025,12,11,345,21,3,93.585,2025-12-11 21:00:00+00:00,2025-12-11 22:00:00+00:00,56077.5975,4337.465,10277.7275,0.0,50411.2275,14615.1925,-0.3574644155648614,0.9339267592294762,-0.7071067811865477,0.7071067811865474,0.4338837391175582,-0.900968867902419,0,weekday,26.715
2025-12-12,2025,12,12,346,21,4,103.82,2025-12-12 21:00:00+00:00,2025-12-12 22:00:00+00:00,54794.315,2127.9525,4484.4475,0.0,46287.96,6612.4,-0.3413465142450361,0.9399375283564132,-0.7071067811865477,0.7071067811865474,-0.433883739117558,-0.9009688679024191,0,weekday,27.355
2025-12-13,2025,12,13,347,21,5,93.685,2025-12-13 21:00:00+00:00,2025-12-13 22:00:00+00:00,52061.59,5772.695,9165.5025,0.0,43886.5225,14938.1975,-0.3251276029999093,0.9456701548465688,-0.7071067811865477,0.7071067811865474,-0.9749279121818236,-0.2225209339563146,0,weekend,27.684
2025-12-14,2025,12,14,348,21,6,82.65,2025-12-14 21:00:00+00:00,2025-12-14 22:00:00+00:00,52157.44,6147.35,18806.8575,0.0,49582.45,24954.2075,-0.3088124812662537,0.9511229423235356,-0.7071067811865477,0.7071067811865474,-0.7818314824680299,0.6234898018587334,0,weekend,27.707
2025-12-15,2025,12,15,349,21,0,84.9775,2025-12-15 21:00:00+00:00,2025-12-15 22:00:00+00:00,57923.725,4864.3975,22020.465,0.0,53769.985,26884.8625,-0.2924059769510773,0.956294277219772,-0.7071067811865477,0.7071067811865474,0.0,1.0,0,weekday,27.73
2025-12-16,2025,12,16,350,21,1,115.575,2025-12-16 21:00:00+00:00,2025-12-16 22:00:00+00:00,57529.805,1701.28,6225.5375,0.0,46218.95,7926.8175,-0.2759129450029604,0.9611826292540836,-0.7071067811865477,0.7071067811865474,0.7818314824680298,0.6234898018587336,0,weekday,26.97
2025-12-17,2025,12,17,351,21,2,93.2175,2025-12-17 21:00:00+00:00,2025-12-17 22:00:00+00:00,55722.59,5739.5975,13416.3675,0.0,49723.325,19155.965,-0.2593382659754056,0.9657865518844574,-0.7071067811865477,0.7071067811865474,0.9749279121818236,-0.2225209339563143,0,weekday,27.085
2025-12-18,2025,12,18,352,21,3,51.8,2025-12-18 21:00:00+00:00,2025-12-18 22:00:00+00:00,55172.8825,5665.215,36349.17,0.0,60831.385,42014.385,-0.2426868445825954,0.9701046827361176,-0.7071067811865477,0.7071067811865474,0.4338837391175582,-0.900968867902419,0,weekday,27.55
2025-12-19,2025,12,19,353,21,4,96.2775,2025-12-19 21:00:00+00:00,2025-12-19 22:00:00+00:00,52813.7775,5491.665,12316.1225,0.0,46629.0975,17807.7875,-0.225963608248019,0.974135744004672,-0.7071067811865477,0.7071067811865474,-0.433883739117558,-0.9009688679024191,0,weekday,27.95
2025-12-20,2025,12,20,354,21,5,92.245,2025-12-20 21:00:00+00:00,2025-12-20 22:00:00+00:00,49664.677500000005,3542.945,11804.2325,0.0,46299.25,15347.1775,-0.2091735056463563,0.9778785428342386,-0.7071067811865477,0.7071067811865474,-0.9749279121818236,-0.2225209339563146,0,weekend,28.161
2025-12-21,2025,12,21,355,21,6,77.495,2025-12-21 21:00:00+00:00,2025-12-21 22:00:00+00:00,51461.6,5509.66,24292.542500000003,0.0,54695.93,29802.202500000003,-0.1923215052390948,0.9813319716704276,-0.7071067811865477,0.7071067811865474,-0.7818314824680299,0.6234898018587334,0,weekend,27.924
2025-12-22,2025,12,22,356,21,0,84.8225,2025-12-22 21:00:00+00:00,2025-12-22 22:00:00+00:00,56183.380000000005,6180.0425,19214.6,0.0,53106.05,25394.6425,-0.1754125938042784,0.9844950085880858,-0.7071067811865477,0.7071067811865474,0.0,1.0,0,weekday,27.687
2025-12-23,2025,12,23,357,21,1,71.83500000000001,2025-12-23 21:00:00+00:00,2025-12-23 22:00:00+00:00,54900.26,6445.965,28221.09,0.0,57966.885,34667.055,-0.1584517749608363,0.9873667175937016,-0.7071067811865477,0.7071067811865474,0.7818314824680298,0.6234898018587336,0,weekday,27.79
2025-12-24,2025,12,24,358,21,2,69.0075,2025-12-24 21:00:00+00:00,2025-12-24 22:00:00+00:00,50967.2425,4401.6125,30088.19,0.0,56325.34,34489.8025,-0.141444067687942,0.989946248902378,-0.7071067811865477,0.7071067811865474,0.9749279121818236,-0.2225209339563143,0,weekday,28.22
2025-12-25,2025,12,25,359,21,3,96.1525,2025-12-25 21:00:00+00:00,2025-12-25 22:00:00+00:00,46305.52,1783.4575,16296.4275,0.0,43069.6075,18079.885,-0.1243945048397999,0.9922328391893008,-0.7071067811865477,0.7071067811865474,0.4338837391175582,-0.900968867902419,1,holiday,28.095
2025-12-26,2025,12,26,360,21,4,108.255,2025-12-26 21:00:00+00:00,2025-12-26 22:00:00+00:00,46516.28,260.0125,8642.3675,0.0,36814.2875,8902.380000000001,-0.1073081316563624,0.994225811815616,-0.7071067811865477,0.7071067811865474,-0.433883739117558,-0.9009688679024191,1,holiday,28.095
2025-12-27,2025,12,27,361,21,5,95.4175,2025-12-27 21:00:00+00:00,2025-12-27 22:00:00+00:00,47505.9975,3431.6475,12805.6075,0.0,40248.125,16237.255,-0.0901900042703451,0.99592457702866,-0.7071067811865477,0.7071067811865474,-0.9749279121818236,-0.2225209339563146,0,weekend,28.095
2025-12-28,2025,12,28,362,21,6,98.2825,2025-12-28 21:00:00+00:00,2025-12-28 22:00:00+00:00,50872.115,3765.6625,17861.0025,0.0,46147.4375,21626.665,-0.0730451882110474,0.9973286321364752,-0.7071067811865477,0.7071067811865474,-0.7818314824680299,0.6234898018587334,0,weekend,28.2725
2025-12-29,2025,12,29,363,21,0,87.91499999999999,2025-12-29 21:00:00+00:00,2025-12-29 22:00:00+00:00,56349.515,6282.1075,19997.4425,0.0,50358.6175,26279.550000000003,-0.0558787569053731,0.9984375616565666,-0.7071067811865477,0.7071067811865474,0.0,1.0,0,weekday,28.45
2025-12-30,2025,12,30,364,21,1,92.045,2025-12-30 21:00:00+00:00,2025-12-30 22:00:00+00:00,55855.7625,5473.68,14409.62,0.0,46501.5,19883.300000000003,-0.0386957901765268,0.999251037438848,-0.7071067811865477,0.7071067811865474,0.7818314824680298,0.6234898018587336,0,weekday,27.766
2025-12-31,2025,12,31,365,21,2,81.39,2025-12-31 21:00:00+00:00,2025-12-31 22:00:00+00:00,53693.2025,5389.08,27876.285,0.0,56819.4225,33265.365,-0.0215013727408137,0.999768818762748,-0.7071067811865477,0.7071067811865474,0.9749279121818236,-0.2225209339563143,0,weekday,27.755
