date,year,month,day,dayofyear,hour,dayofweek,price,period_start_utc,period_end_utc,load_forecast_da,off_wind_da,on_wind_da,solar_da,gen_forecast_da,res_sum_da,dayofyear_sin1,dayofyear_cos1,hour_sin1,hour_cos1,dayofweek_sin1,dayofweek_cos1,is_holiday,day_type,price_gas
2019-01-01,2019,1,1,1,8,1,-6.33,2019-01-01 08:00:00+00:00,2019-01-01 09:00:00+00:00,49197.145,4922.595,29853.9475,655.275,60219.25,35431.8175,0.0,1.0,0.8660254037844387,-0.4999999999999998,0.7818314824680298,0.6234898018587336,1,holiday,22.28
2019-01-02,2019,1,2,2,8,2,50.74,2019-01-02 08:00:00+00:00,2019-01-02 09:00:00+00:00,61472.015,4876.75,28210.36,1499.77,73554.13,34586.88,0.0172015754182605,0.9998520419557736,0.8660254037844387,-0.4999999999999998,0.9749279121818236,-0.2225209339563143,0,weekday,22.28
2019-01-03,2019,1,3,3,8,3,60.03,2019-01-03 08:00:00+00:00,2019-01-03 09:00:00+00:00,63572.9725,3500.34,11845.105,1637.225,70801.23,16982.67,0.034398060613608,0.9994082116062598,0.8660254037844387,-0.4999999999999998,0.4338837391175582,-0.900968867902419,0,weekday,22.215
2019-01-04,2019,1,4,4,8,4,55.52,2019-01-04 08:00:00+00:00,2019-01-04 09:00:00+00:00,61216.6,4596.49,16890.122499999998,697.1,74344.54,22183.7125,0.0515843668694083,0.9986686402879996,0.8660254037844387,-0.4999999999999998,-0.433883739117558,-0.9009688679024191,0,weekday,22.845
2019-01-05,2019,1,5,5,8,5,40.46,2019-01-05 08:00:00+00:00,2019-01-05 09:00:00+00:00,57948.9175,3978.0725,24859.855,456.9425,68889.99,29294.87,0.0687554084811394,0.9976335468520452,0.8660254037844387,-0.4999999999999998,-0.9749279121818236,-0.2225209339563146,0,weekend,22.93
2019-01-06,2019,1,6,6,8,6,53.4,2019-01-06 08:00:00+00:00,2019-01-06 09:00:00+00:00,50110.8575,2213.7125,6512.4875,740.095,54335.36,9466.295,0.0859061042613327,0.9963032375991964,0.8660254037844387,-0.4999999999999998,-0.7818314824680299,0.6234898018587334,0,weekend,22.42
2019-01-07,2019,1,7,7,8,0,74.93,2019-01-07 08:00:00+00:00,2019-01-07 09:00:00+00:00,64563.0975,1095.6625,8058.81,628.5775,69640.32,9783.05,0.1030313790431787,0.9946781061893646,0.8660254037844387,-0.4999999999999998,0.0,1.0,0,weekday,21.91
2019-01-08,2019,1,8,8,8,1,43.88,2019-01-08 08:00:00+00:00,2019-01-08 09:00:00+00:00,68215.2475,3955.3375,38669.645,635.255,83579.83,43260.2375,0.1201261651823505,0.9927586335250792,0.8660254037844387,-0.4999999999999998,0.7818314824680298,0.6234898018587336,0,weekday,22.165
2019-01-09,2019,1,9,9,8,2,50.3,2019-01-09 08:00:00+00:00,2019-01-09 09:00:00+00:00,67877.21,4989.5975,30423.825,814.9350000000001,81329.45,36228.3575,0.1371854040566005,0.9905453876091832,0.8660254037844387,-0.4999999999999998,0.9749279121818236,-0.2225209339563143,0,weekday,22.515
2019-01-10,2019,1,10,10,8,3,81.79,2019-01-10 08:00:00+00:00,2019-01-10 09:00:00+00:00,68985.2525,439.5125,8078.4375,853.7475,70890.35,9371.6975,0.1542040475626894,0.988039023376751,0.8660254037844387,-0.4999999999999998,0.4338837391175582,-0.900968867902419,0,weekday,21.705
2019-01-11,2019,1,11,11,8,4,62.92,2019-01-11 08:00:00+00:00,2019-01-11 09:00:00+00:00,68205.0525,4779.6975,15286.4975,548.315,79915.91,20614.51,0.1711770596101998,0.985240282501282,0.8660254037844387,-0.4999999999999998,-0.433883739117558,-0.9009688679024191,0,weekday,22.39
2019-01-12,2019,1,12,12,8,5,45.1,2019-01-12 08:00:00+00:00,2019-01-12 09:00:00+00:00,57935.2775,4485.7425,21038.5025,491.6525,68059.73,26015.8975,0.1880994176117975,0.9821499931752292,0.8660254037844387,-0.4999999999999998,-0.9749279121818236,-0.2225209339563146,0,weekend,22.255
2019-01-13,2019,1,13,13,8,6,25.05,2019-01-13 08:00:00+00:00,2019-01-13 09:00:00+00:00,53219.1625,4634.797500000001,28562.6875,390.0875,64061.11,33587.5725,0.2049661139694953,0.9787690698649216,0.8660254037844387,-0.4999999999999998,-0.7818314824680299,0.6234898018587334,0,weekend,22.0825
2019-01-14,2019,1,14,14,8,0,46.09,2019-01-14 08:00:00+00:00,2019-01-14 09:00:00+00:00,68788.85250000001,4481.54,32222.375,1879.0725,82037.94,38582.9875,0.2217721575564818,0.975098513039961,0.8660254037844387,-0.4999999999999998,0.0,1.0,0,weekday,21.91
2019-01-15,2019,1,15,15,8,1,58.38,2019-01-15 08:00:00+00:00,2019-01-15 09:00:00+00:00,71106.395,4516.8525,27664.3775,1035.0549999999998,83295.81,33216.285,0.2385125751940764,0.9711394088771652,0.8660254037844387,-0.4999999999999998,0.7818314824680298,0.6234898018587336,0,weekday,22.035
2019-01-16,2019,1,16,16,8,2,53.83,2019-01-16 08:00:00+00:00,2019-01-16 09:00:00+00:00,71943.8275,4608.455,21648.47,1488.1875,81607.41,27745.112500000003,0.2551824131233728,0.966892928939152,0.8660254037844387,-0.4999999999999998,0.9749279121818236,-0.2225209339563143,0,weekday,22.3
2019-01-17,2019,1,17,17,8,3,50.56,2019-01-17 08:00:00+00:00,2019-01-17 09:00:00+00:00,71847.345,4747.27,27032.285,1550.155,81433.19,33329.71,0.2717767384711357,0.9623603298276544,0.8660254037844387,-0.4999999999999998,0.4338837391175582,-0.900968867902419,0,weekday,22.64
2019-01-18,2019,1,18,18,8,4,74.32,2019-01-18 08:00:00+00:00,2019-01-18 09:00:00+00:00,70926.73000000001,1732.3375,9304.665,3588.3275000000003,77608.93,14625.330000000002,0.2882906407095177,0.957542952811672,0.8660254037844387,-0.4999999999999998,-0.433883739117558,-0.9009688679024191,0,weekday,22.84
2019-01-19,2019,1,19,19,8,5,56.62,2019-01-19 08:00:00+00:00,2019-01-19 09:00:00+00:00,60804.7975,1319.1775,3899.3775,3937.0125,62899.05,9155.5675,0.3047192331091634,0.9524422234305676,0.8660254037844387,-0.4999999999999998,-0.9749279121818236,-0.2225209339563146,0,weekend,22.605
2019-01-20,2019,1,20,20,8,6,52.38,2019-01-20 08:00:00+00:00,2019-01-20 09:00:00+00:00,54838.175,133.9575,1481.7275,4213.15,57207.18,5828.834999999999,0.321057654185271,0.9470596510722284,0.8660254037844387,-0.4999999999999998,-0.7818314824680299,0.6234898018587334,0,weekend,22.338333333333335
2019-01-21,2019,1,21,21,8,0,86.01,2019-01-21 08:00:00+00:00,2019-01-21 09:00:00+00:00,70908.7,1739.3075,4591.1575,3515.58,75319.17,9846.045,0.3373010691361842,0.9413968285264122,0.8660254037844387,-0.4999999999999998,0.0,1.0,0,weekday,22.071666666666665
2019-01-22,2019,1,22,22,8,1,76.6,2019-01-22 08:00:00+00:00,2019-01-22 09:00:00+00:00,72045.3325,4296.3075,8021.7575,3192.865,80149.84,15510.929999999998,0.3534446712740877,0.9354554315134164,0.8660254037844387,-0.4999999999999998,0.7818314824680298,0.6234898018587336,0,weekday,21.805
2019-01-23,2019,1,23,23,8,2,93.65,2019-01-23 08:00:00+00:00,2019-01-23 09:00:00+00:00,70439.9,1524.2575,6450.67,2251.0675,75383.7,10225.995,0.3694836834473831,0.9292372181882051,0.8660254037844387,-0.4999999999999998,0.9749279121818236,-0.2225209339563143,0,weekday,22.225
2019-01-24,2019,1,24,24,8,3,111.23,2019-01-24 08:00:00+00:00,2019-01-24 09:00:00+00:00,71670.4825,576.635,2290.4300000000003,2199.3975,70434.21,5066.462500000001,0.3854133594543256,0.9227440286201428,0.8660254037844387,-0.4999999999999998,0.4338837391175582,-0.900968867902419,0,weekday,21.72
2019-01-25,2019,1,25,25,8,4,93.64,2019-01-25 08:00:00+00:00,2019-01-25 09:00:00+00:00,71557.7025,1426.46,1370.2675,1525.59,68396.68,4322.3175,0.4012289854475009,0.9159777842484876,0.8660254037844387,-0.4999999999999998,-0.433883739117558,-0.9009688679024191,0,weekday,20.735
2019-01-26,2019,1,26,26,8,5,56.28,2019-01-26 08:00:00+00:00,2019-01-26 09:00:00+00:00,60799.9175,884.2875,17537.7775,558.885,67073.08,18980.95,0.4169258813287287,0.908940487313808,0.8660254037844387,-0.4999999999999998,-0.9749279121818236,-0.2225209339563146,0,weekend,20.89
2019-01-27,2019,1,27,27,8,6,32.97,2019-01-27 08:00:00+00:00,2019-01-27 09:00:00+00:00,53912.435,4045.4725,23124.9875,1010.76,61316.35,28181.22,0.4324994021339788,0.901634220265486,0.8660254037844387,-0.4999999999999998,-0.7818314824680299,0.6234898018587334,0,weekend,20.705
2019-01-28,2019,1,28,28,8,0,62.2,2019-01-28 08:00:00+00:00,2019-01-28 09:00:00+00:00,70446.0125,3961.15,15501.88,1616.7675,80965.06,21079.7975,0.4479449394078911,0.8940611451454876,0.8660254037844387,-0.4999999999999998,0.0,1.0,0,weekday,20.52
2019-01-29,2019,1,29,29,8,1,70.63,2019-01-29 08:00:00+00:00,2019-01-29 09:00:00+00:00,70045.5975,3155.3375,11405.1225,2019.175,77842.41,16579.635,0.4632579225674917,0.88622350294858,0.8660254037844387,-0.4999999999999998,0.7818314824680298,0.6234898018587336,0,weekday,20.6
2019-01-30,2019,1,30,30,8,2,66.76,2019-01-30 08:00:00+00:00,2019-01-30 09:00:00+00:00,71057.87,3768.0475,16429.4575,2323.7875,82119.7,22521.2925,0.4784338202547012,0.8781236129591848,0.8660254037844387,-0.4999999999999998,0.9749279121818236,-0.2225209339563143,0,weekday,20.18
2019-01-31,2019,1,31,31,8,3,69.08,2019-01-31 08:00:00+00:00,2019-01-31 09:00:00+00:00,71117.8125,2203.8525,7731.6275,3310.9725000000003,78689.8,13246.4525,0.4934681416772373,0.8697638720650646,0.8660254037844387,-0.4999999999999998,0.4338837391175582,-0.900968867902419,0,weekday,19.665
2019-02-01,2019,2,1,32,8,4,55.93,2019-02-01 08:00:00+00:00,2019-02-01 09:00:00+00:00,70628.7175,4945.1175,14394.1225,1594.71,80635.32,20933.95,0.5083564379375122,0.8611467540480452,0.8660254037844387,-0.4999999999999998,-0.433883739117558,-0.9009688679024191,0,weekday,19.3
2019-02-02,2019,2,2,33,8,5,55.79,2019-02-02 08:00:00+00:00,2019-02-02 09:00:00+00:00,60632.905,2076.65,3216.3425,1365.56,58933.75,6658.5525,0.5230943033491326,0.8522748088519838,0.8660254037844387,-0.4999999999999998,-0.9749279121818236,-0.2225209339563146,0,weekend,19.3
2019-02-03,2019,2,3,34,8,6,47.05,2019-02-03 08:00:00+00:00,2019-02-03 09:00:00+00:00,54220.365,1630.9125,9589.23,1182.4625,59004.96,12402.605,0.5376773767406141,0.8431506618282,0.8660254037844387,-0.4999999999999998,-0.7818314824680299,0.6234898018587334,0,weekend,19.3275
2019-02-04,2019,2,4,35,8,0,55.47,2019-02-04 08:00:00+00:00,2019-02-04 09:00:00+00:00,70263.22,4285.3625,12770.9925,3734.55,78212.11,20790.905,0.5521013427459208,0.8337770129585915,0.8660254037844387,-0.4999999999999998,0.0,1.0,0,weekday,19.355
2019-02-05,2019,2,5,36,8,1,62.31,2019-02-05 08:00:00+00:00,2019-02-05 09:00:00+00:00,71449.8125,3804.96,11305.9275,3037.2175,77898.67,18148.105,0.5663619330814524,0.8241566360566663,0.8660254037844387,-0.4999999999999998,0.7818314824680298,0.6234898018587336,0,weekday,19.14
2019-02-06,2019,2,6,37,8,2,53.34,2019-02-06 08:00:00+00:00,2019-02-06 09:00:00+00:00,71733.3775,4379.415,12735.8525,3668.9925,79001.42,20784.26,0.580454927809098,0.8142923779467267,0.8660254037844387,-0.4999999999999998,0.9749279121818236,-0.2225209339563143,0,weekday,19.075
2019-02-07,2019,2,7,38,8,3,51.98,2019-02-07 08:00:00+00:00,2019-02-07 09:00:00+00:00,72678.6075,4405.6775,24534.165,1581.665,78979.47,30521.5075,0.5943761565849831,0.804187157621448,0.8660254037844387,-0.4999999999999998,0.4338837391175582,-0.900968867902419,0,weekday,19.185
2019-02-08,2019,2,8,39,8,4,54.91,2019-02-08 08:00:00+00:00,2019-02-08 09:00:00+00:00,71379.72750000001,4782.795,23613.375,3188.0925,78932.54,31584.2625,0.6081214998935418,0.7938439653781019,0.8660254037844387,-0.4999999999999998,-0.433883739117558,-0.9009688679024191,0,weekday,18.515
2019-02-09,2019,2,9,40,8,5,11.18,2019-02-09 08:00:00+00:00,2019-02-09 09:00:00+00:00,61183.7575,4550.4875,35330.4825,3674.5375,70020.17,43555.5075,0.6216868902665479,0.7832658619336791,0.8660254037844387,-0.4999999999999998,-0.9749279121818236,-0.2225209339563146,0,weekend,18.265
2019-02-10,2019,2,10,41,8,6,32.95,2019-02-10 08:00:00+00:00,2019-02-10 09:00:00+00:00,52475.785,2013.6425,26957.8625,1466.4575,60234.19,30437.9625,0.6350683134867438,0.7724559775191742,0.8660254037844387,-0.4999999999999998,-0.7818314824680299,0.6234898018587334,0,weekend,18.045
2019-02-11,2019,2,11,42,8,0,44.99,2019-02-11 08:00:00+00:00,2019-02-11 09:00:00+00:00,69755.52249999999,4687.6075,31515.635,2353.955,80964.5,38557.1975,0.6482618097757122,0.7614175109532997,0.8660254037844387,-0.4999999999999998,0.0,1.0,0,weekday,17.825
2019-02-12,2019,2,12,43,8,1,57.33,2019-02-12 08:00:00+00:00,2019-02-12 09:00:00+00:00,70240.7775,1509.795,14275.7975,3219.3825,77061.3,19004.975,0.6612634749656386,0.7501537286959042,0.8660254037844387,-0.4999999999999998,0.7818314824680298,0.6234898018587336,0,weekday,18.0
2019-02-13,2019,2,13,44,8,2,47.33,2019-02-13 08:00:00+00:00,2019-02-13 09:00:00+00:00,71585.035,3583.145,15494.905,4637.1675,78374.9,23715.2175,0.6740694616546161,0.7386679638813748,0.8660254037844387,-0.4999999999999998,0.9749279121818236,-0.2225209339563143,0,weekday,17.8
2019-02-14,2019,2,14,45,8,3,56.99,2019-02-14 08:00:00+00:00,2019-02-14 09:00:00+00:00,70274.14749999999,2504.0675,3274.9700000000003,6557.935,70335.47,12336.9725,0.6866759803451553,0.726963615332308,0.8660254037844387,-0.4999999999999998,0.4338837391175582,-0.900968867902419,0,weekday,18.165
2019-02-15,2019,2,15,46,8,4,55.41,2019-02-15 08:00:00+00:00,2019-02-15 09:00:00+00:00,69818.20999999999,1862.5775,3753.8175,9492.6375,71376.39,15109.0325,0.6990793005655562,0.7150441465537444,0.8660254037844387,-0.4999999999999998,-0.433883739117558,-0.9009688679024191,0,weekday,18.1
2019-02-16,2019,2,16,47,8,5,36.08,2019-02-16 08:00:00+00:00,2019-02-16 09:00:00+00:00,59347.7025,4726.905,13926.16,10549.785,69214.0,29202.85,0.7112757519738152,0.7029130847082615,0.8660254037844387,-0.4999999999999998,-0.9749279121818236,-0.2225209339563146,0,weekend,18.1
2019-02-17,2019,2,17,48,8,6,38.88,2019-02-17 08:00:00+00:00,2019-02-17 09:00:00+00:00,52531.165,2197.3625,3674.25,10098.4675,57592.29,15970.080000000002,0.7232617254437388,0.6905740195722293,0.8660254037844387,-0.4999999999999998,-0.7818314824680299,0.6234898018587334,0,weekend,17.983333333333334
2019-02-18,2019,2,18,49,8,0,52.61,2019-02-18 08:00:00+00:00,2019-02-18 09:00:00+00:00,69810.1925,3334.5525,4897.7925,11363.3075,74952.01,19595.6525,0.7350336741329413,0.6780306024735382,0.8660254037844387,-0.4999999999999998,0.0,1.0,0,weekday,17.866666666666667
2019-02-19,2019,2,19,50,8,1,44.22,2019-02-19 08:00:00+00:00,2019-02-19 09:00:00+00:00,70499.0325,4763.82,18280.2075,6675.797500000001,79491.04,29719.825,0.746588114532413,0.6652865452111116,0.8660254037844387,-0.4999999999999998,0.7818314824680298,0.6234898018587336,0,weekday,17.75
2019-02-20,2019,2,20,51,8,2,53.08,2019-02-20 08:00:00+00:00,2019-02-20 09:00:00+00:00,68552.2675,3620.51,11314.52,5095.685,74110.05,20030.715,0.7579216274973472,0.6523456189565257,0.8660254037844387,-0.4999999999999998,0.9749279121818236,-0.2225209339563143,0,weekday,18.145
2019-02-21,2019,2,21,52,8,3,46.7,2019-02-21 08:00:00+00:00,2019-02-21 09:00:00+00:00,69781.685,4779.9725,13738.655,5623.15,77037.67,24141.777500000004,0.7690308592589181,0.6392116531380588,0.8660254037844387,-0.4999999999999998,0.4338837391175582,-0.900968867902419,0,weekday,17.52
2019-02-22,2019,2,22,53,8,4,55.62,2019-02-22 08:00:00+00:00,2019-02-22 09:00:00+00:00,68462.005,1521.3125,7990.63,3058.3875,69615.89,12570.330000000002,0.7799125224167177,0.6258885343075018,0.8660254037844387,-0.4999999999999998,-0.433883739117558,-0.9009688679024191,0,weekday,17.23
2019-02-23,2019,2,23,54,8,5,41.72,2019-02-23 08:00:00+00:00,2019-02-23 09:00:00+00:00,57497.8225,2091.805,6029.8675,12984.95,64052.55,21106.6225,0.7905633969115482,0.612380204990065,0.8660254037844387,-0.4999999999999998,-0.9749279121818236,-0.2225209339563146,0,weekend,17.23
2019-02-24,2019,2,24,55,8,6,39.79,2019-02-24 08:00:00+00:00,2019-02-24 09:00:00+00:00,50881.18,588.4100000000001,2446.09,12709.3325,56597.96,15743.8325,0.8009803309782905,0.5986906625177214,0.8660254037844387,-0.4999999999999998,-0.7818314824680299,0.6234898018587334,0,weekend,17.115000000000002
2019-02-25,2019,2,25,56,8,0,50.72,2019-02-25 08:00:00+00:00,2019-02-25 09:00:00+00:00,67172.855,568.785,2781.34,12839.905,69827.42,16190.03,0.8111602420785621,0.5848239578463322,0.8660254037844387,-0.4999999999999998,0.0,1.0,0,weekday,17.0
2019-02-26,2019,2,26,57,8,1,49.92,2019-02-26 08:00:00+00:00,2019-02-26 09:00:00+00:00,67584.5,688.87,4343.4925,12316.48,70028.26,17348.8425,0.8211001178128892,0.5707841943569036,0.8660254037844387,-0.4999999999999998,0.7818314824680298,0.6234898018587336,0,weekday,17.045
2019-02-27,2019,2,27,58,8,2,49.95,2019-02-27 08:00:00+00:00,2019-02-27 09:00:00+00:00,65891.0925,1557.925,3704.6725,13584.6425,70378.32,18847.24,0.8307970168121247,0.5565755266413303,0.8660254037844387,-0.4999999999999998,0.9749279121818236,-0.2225209339563143,0,weekday,17.325
2019-02-28,2019,2,28,59,8,3,42.7,2019-02-28 08:00:00+00:00,2019-02-28 09:00:00+00:00,66977.405,1517.965,14395.1675,11924.21,75842.14,27837.3425,0.8402480696078469,0.5422021592729844,0.8660254037844387,-0.4999999999999998,0.4338837391175582,-0.900968867902419,0,weekday,17.815
2019-03-01,2019,3,1,60,8,4,50.28,2019-03-01 08:00:00+00:00,2019-03-01 09:00:00+00:00,66510.0025,2336.1075,6880.4825,2810.34,65810.1,12026.93,0.8494504794814806,0.527668345562516,0.8660254037844387,-0.4999999999999998,-0.433883739117558,-0.9009688679024191,0,weekday,17.32
2019-03-02,2019,3,2,61,8,5,48.6,2019-03-02 08:00:00+00:00,2019-03-02 09:00:00+00:00,55513.0125,1178.48,5350.9425,3805.3575,53824.07,10334.78,0.8584015232918917,0.512978386299228,0.8660254037844387,-0.4999999999999998,-0.9749279121818236,-0.2225209339563146,0,weekend,17.32
2019-03-03,2019,3,3,62,8,6,0.08,2019-03-03 08:00:00+00:00,2019-03-03 09:00:00+00:00,48592.335,4763.16,30010.64,4318.5875,63259.59,39092.3875,0.8670985522812081,0.4981366284784055,0.8660254037844387,-0.4999999999999998,-0.7818314824680299,0.6234898018587334,0,weekend,17.3475
2019-03-04,2019,3,4,63,8,0,20.69,2019-03-04 08:00:00+00:00,2019-03-04 09:00:00+00:00,65196.095,4741.9275,35488.0625,7082.315,80183.35,47312.305,0.8755389928586302,0.4831474640149687,0.8660254037844387,-0.4999999999999998,0.0,1.0,0,weekday,17.375
2019-03-05,2019,3,5,64,8,1,34.59,2019-03-05 08:00:00+00:00,2019-03-05 09:00:00+00:00,66488.25,4621.6175,34568.145000000004,7594.205,83547.22,46783.967500000006,0.8837203473619977,0.4680153284438345,0.8660254037844387,-0.4999999999999998,0.7818314824680298,0.6234898018587336,0,weekday,17.475
2019-03-06,2019,3,6,65,8,2,40.04,2019-03-06 08:00:00+00:00,2019-03-06 09:00:00+00:00,69023.65,4263.1475,17683.775,9933.195,73388.91,31880.1175,0.8916401947968874,0.452744699607371,0.8660254037844387,-0.4999999999999998,0.9749279121818236,-0.2225209339563143,0,weekday,17.025
2019-03-07,2019,3,7,66,8,3,32.39,2019-03-07 08:00:00+00:00,2019-03-07 09:00:00+00:00,68594.55,4515.85,31608.68,5741.0025000000005,79312.21,41865.5325,0.8992961915530253,0.4373400963303323,0.8660254037844387,-0.4999999999999998,0.4338837391175582,-0.900968867902419,0,weekday,16.95
2019-03-08,2019,3,8,67,8,4,25.06,2019-03-08 08:00:00+00:00,2019-03-08 09:00:00+00:00,66961.4375,4779.0175,35399.645000000004,7169.5775,81317.99,47348.240000000005,0.9066860720977984,0.4218060770826634,0.8660254037844387,-0.4999999999999998,-0.433883739117558,-0.9009688679024191,0,weekday,16.85
2019-03-09,2019,3,9,68,8,5,8.54,2019-03-09 08:00:00+00:00,2019-03-09 09:00:00+00:00,57100.4975,4367.1675,36303.4825,3608.3975,70734.69,44279.04749999999,0.9138076496466616,0.4061472386305789,0.8660254037844387,-0.4999999999999998,-0.9749279121818236,-0.2225209339563146,0,weekend,16.73
2019-03-10,2019,3,10,69,8,6,28.97,2019-03-10 08:00:00+00:00,2019-03-10 09:00:00+00:00,49997.3425,1585.6575,14888.135,3142.24,50953.42,19616.0325,0.9206588168102428,0.3903682146763026,0.8660254037844387,-0.4999999999999998,-0.7818314824680299,0.6234898018587334,0,weekend,16.715
2019-03-11,2019,3,11,70,8,0,46.84,2019-03-11 08:00:00+00:00,2019-03-11 09:00:00+00:00,68377.04250000001,2587.665,27430.975,5776.615,75069.52,35795.255,0.9272375462179536,0.374473674486883,0.8660254037844387,-0.4999999999999998,0.0,1.0,0,weekday,16.7
2019-03-12,2019,3,12,71,8,1,48.02,2019-03-12 08:00:00+00:00,2019-03-12 09:00:00+00:00,69147.025,4586.5725,16850.915,9085.7475,71278.77,30523.235,0.9335418911179212,0.3584683215124808,0.8660254037844387,-0.4999999999999998,0.7818314824680298,0.6234898018587336,0,weekday,16.425
2019-03-13,2019,3,13,72,8,2,18.5,2019-03-13 08:00:00+00:00,2019-03-13 09:00:00+00:00,68696.645,4630.0675,36556.81,8110.535,84125.01,49297.41249999999,0.9395699859530622,0.342356891994542,0.8660254037844387,-0.4999999999999998,0.9749279121818236,-0.2225209339563143,0,weekday,15.725
2019-03-14,2019,3,14,73,8,3,38.56,2019-03-14 08:00:00+00:00,2019-03-14 09:00:00+00:00,68856.52249999999,4572.7575,30625.695,3747.3225,78477.77,38945.775,0.945320046913132,0.3261441535642696,0.8660254037844387,-0.4999999999999998,0.4338837391175582,-0.900968867902419,0,weekday,15.825
2019-03-15,2019,3,15,74,8,4,42.59,2019-03-15 08:00:00+00:00,2019-03-15 09:00:00+00:00,70035.865,4927.46,24974.2275,3522.2925,74322.65,33423.98,0.9507903724625832,0.3098349038318025,0.8660254037844387,-0.4999999999999998,-0.433883739117558,-0.9009688679024191,0,weekday,15.485
2019-03-16,2019,3,16,75,8,5,34.18,2019-03-16 08:00:00+00:00,2019-03-16 09:00:00+00:00,57593.72,3127.0175,21469.415,3649.0625,62704.94,28245.495000000003,0.9559793438440766,0.2934339689665273,0.8660254037844387,-0.4999999999999998,-0.9749279121818236,-0.2225209339563146,0,weekend,15.25
2019-03-17,2019,3,17,76,8,6,-8.53,2019-03-17 08:00:00+00:00,2019-03-17 09:00:00+00:00,50776.465,5466.95,30949.2,11589.5775,68181.67,48005.7275,0.9608854255574976,0.2769462022689364,0.8660254037844387,-0.4999999999999998,-0.7818314824680299,0.6234898018587334,0,weekend,15.075
2019-03-18,2019,3,18,77,8,0,41.2,2019-03-18 08:00:00+00:00,2019-03-18 09:00:00+00:00,67976.24,4637.05,27520.2325,8758.3575,80729.48,40915.64,0.9655071658143364,0.2603764827344581,0.8660254037844387,-0.4999999999999998,0.0,1.0,0,weekday,14.9
2019-03-19,2019,3,19,78,8,1,49.69,2019-03-19 08:00:00+00:00,2019-03-19 09:00:00+00:00,67862.80500000001,1043.5525,7560.345,13252.265,74994.01,21856.1625,0.969843196967294,0.2437297136096838,0.8660254037844387,-0.4999999999999998,0.7818314824680298,0.6234898018587336,0,weekday,15.2
2019-03-20,2019,3,20,79,8,2,42.88,2019-03-20 08:00:00+00:00,2019-03-20 09:00:00+00:00,68336.175,3553.35,7698.5725,15789.525,78550.86,27041.4475,0.9738922359149924,0.2270108209414184,0.8660254037844387,-0.4999999999999998,0.9749279121818236,-0.2225209339563143,0,weekday,15.075
2019-03-21,2019,3,21,80,8,3,41.28,2019-03-21 08:00:00+00:00,2019-03-21 09:00:00+00:00,65995.61,4774.465,6863.36,14428.3525,74999.29,26066.1775,0.977653084481664,0.2102247521189836,0.8660254037844387,-0.4999999999999998,0.4338837391175582,-0.900968867902419,0,weekday,14.92
2019-03-22,2019,3,22,81,8,4,44.97,2019-03-22 08:00:00+00:00,2019-03-22 09:00:00+00:00,65536.245,1146.1575,1180.835,15884.405,69526.27,18211.3975,0.981124629771712,0.1933764744102058,0.8660254037844387,-0.4999999999999998,-0.433883739117558,-0.9009688679024191,0,weekday,14.425
2019-03-23,2019,3,23,82,8,5,37.38,2019-03-23 08:00:00+00:00,2019-03-23 09:00:00+00:00,54581.4575,2533.34,3480.655,15998.59,61918.14,22012.585,0.984305844499033,0.1764709734915216,0.8660254037844387,-0.4999999999999998,-0.9749279121818236,-0.2225209339563146,0,weekend,14.455
2019-03-24,2019,3,24,83,8,6,35.81,2019-03-24 08:00:00+00:00,2019-03-24 09:00:00+00:00,50019.465,775.7049999999999,589.605,12447.8525,49951.16,13813.1625,0.9871957872910084,0.1595132519726365,0.8660254037844387,-0.4999999999999998,-0.7818314824680299,0.6234898018587334,0,weekend,14.32
2019-03-25,2019,3,25,84,8,0,29.93,2019-03-25 08:00:00+00:00,2019-03-25 09:00:00+00:00,67509.64,4824.155,24229.945,9815.575,78033.42,38869.675,0.9897936029670716,0.1425083279161708,0.8660254037844387,-0.4999999999999998,0.0,1.0,0,weekday,14.185
2019-03-26,2019,3,26,85,8,1,35.9,2019-03-26 08:00:00+00:00,2019-03-26 09:00:00+00:00,66586.43,4747.79,17711.0975,8447.9025,75864.71,30906.79,0.992098522791769,0.1254612333527364,0.8660254037844387,-0.4999999999999998,0.7818314824680298,0.6234898018587336,0,weekday,14.2
2019-03-27,2019,3,27,86,8,2,43.94,2019-03-27 08:00:00+00:00,2019-03-27 09:00:00+00:00,66291.535,3407.545,8254.0975,7312.1175,66862.23,18973.76,0.9941098647022418,0.108377012791876,0.8660254037844387,-0.4999999999999998,0.9749279121818236,-0.2225209339563143,0,weekday,14.5
2019-03-28,2019,3,28,87,8,3,46.78,2019-03-28 08:00:00+00:00,2019-03-28 09:00:00+00:00,65782.565,767.075,3802.005,8999.8375,63705.06,13568.9175,0.9958270335100596,0.0912607217293118,0.8660254037844387,-0.4999999999999998,0.4338837391175582,-0.900968867902419,0,weekday,14.8
2019-03-29,2019,3,29,88,8,4,43.07,2019-03-29 08:00:00+00:00,2019-03-29 09:00:00+00:00,64725.63,3281.4825,2830.205,16295.88,67813.51,22407.5675,0.9972495210773452,0.0741174251509443,0.8660254037844387,-0.4999999999999998,-0.433883739117558,-0.9009688679024191,0,weekday,14.225
2019-03-30,2019,3,30,89,8,5,33.17,2019-03-30 08:00:00+00:00,2019-03-30 09:00:00+00:00,53850.195,2260.955,2766.195,20590.475,59260.11,25617.625,0.998376906467142,0.0569521960340397,0.8660254037844387,-0.4999999999999998,-0.9749279121818236,-0.2225209339563146,0,weekend,14.215
2019-03-31,2019,3,31,90,8,6,28.82,2019-03-31 08:00:00+00:00,2019-03-31 09:00:00+00:00,48753.7375,2965.495,6689.43,16732.0475,54375.7,26386.9725,0.9992088560679752,0.0397701138460557,0.8660254037844387,-0.4999999999999998,-0.7818314824680299,0.6234898018587334,0,weekend,14.030000000000001
2019-04-01,2019,4,1,91,8,0,42.2,2019-04-01 08:00:00+00:00,2019-04-01 09:00:00+00:00,65931.5025,463.1125,6106.2175,20153.5225,68503.81,26722.8525,0.9997451236925734,0.0225762630415454,0.8660254037844387,-0.4999999999999998,0.0,1.0,0,weekday,13.845
2019-04-02,2019,4,2,92,8,1,36.68,2019-04-02 08:00:00+00:00,2019-04-02 09:00:00+00:00,66671.2775,4143.03,10478.6675,19568.5175,75968.91,34190.215,0.9999855506507186,0.0053757315575838,0.8660254037844387,-0.4999999999999998,0.7818314824680298,0.6234898018587336,0,weekday,13.455
2019-04-03,2019,4,3,93,8,2,49.47,2019-04-03 08:00:00+00:00,2019-04-03 09:00:00+00:00,64730.805,779.1325,3384.105,10322.8975,66541.44,14486.134999999998,0.9999300657962056,-0.0118263906918325,0.8660254037844387,-0.4999999999999998,0.9749279121818236,-0.2225209339563143,0,weekday,13.7
2019-04-04,2019,4,4,94,8,3,48.0,2019-04-04 08:00:00+00:00,2019-04-04 09:00:00+00:00,64239.0325,1073.7725,4406.825,12382.575,69860.87,17863.1725,0.9995786855478958,-0.0290250133219752,0.8660254037844387,-0.4999999999999998,0.4338837391175582,-0.900968867902419,0,weekday,14.6
2019-04-05,2019,4,5,95,8,4,46.58,2019-04-05 08:00:00+00:00,2019-04-05 09:00:00+00:00,63762.42,2433.935,4053.6375,8773.945,67795.35,15261.5175,0.9989315138848576,-0.0462150469837083,0.8660254037844387,-0.4999999999999998,-0.433883739117558,-0.9009688679024191,0,weekday,16.635
2019-04-06,2019,4,6,96,8,5,42.72,2019-04-06 08:00:00+00:00,2019-04-06 09:00:00+00:00,53711.1475,956.3775,3530.3275,17963.2725,62829.03,22449.9775,0.9979887423155984,-0.0633914048695103,0.8660254037844387,-0.4999999999999998,-0.9749279121818236,-0.2225209339563146,0,weekend,16.635
2019-04-07,2019,4,7,97,8,6,36.63,2019-04-07 08:00:00+00:00,2019-04-07 09:00:00+00:00,48642.7725,667.5575,2964.3625,19516.1225,58463.75,23148.042500000003,0.9967506498213928,-0.0805490042187416,0.8660254037844387,-0.4999999999999998,-0.7818314824680299,0.6234898018587334,0,weekend,16.605
2019-04-08,2019,4,8,98,8,0,49.1,2019-04-08 08:00:00+00:00,2019-04-08 09:00:00+00:00,63303.015,3335.0325000000003,3295.645,14584.615,71386.7,21215.2925,0.9952176027737294,-0.0976827678217159,0.8660254037844387,-0.4999999999999998,0.0,1.0,0,weekday,16.575
2019-04-09,2019,4,9,99,8,1,46.73,2019-04-09 08:00:00+00:00,2019-04-09 09:00:00+00:00,64449.9725,3062.36,8399.9525,13030.275,72421.23,24492.5875,0.9933900548258936,-0.114787625522127,0.8660254037844387,-0.4999999999999998,0.7818314824680298,0.6234898018587336,0,weekday,16.755
2019-04-10,2019,4,10,100,8,2,46.21,2019-04-10 08:00:00+00:00,2019-04-10 09:00:00+00:00,65178.715,2183.2,8334.025,15157.3875,72044.8,25674.6125,0.9912685467787256,-0.1318585157173911,0.8660254037844387,-0.4999999999999998,0.9749279121818236,-0.2225209339563143,0,weekday,15.73
2019-04-11,2019,4,11,101,8,3,48.55,2019-04-11 08:00:00+00:00,2019-04-11 09:00:00+00:00,65445.915,475.155,5643.4025,17310.08,72610.64,23428.6375,0.9888537064205885,-0.1488903868564548,0.8660254037844387,-0.4999999999999998,0.4338837391175582,-0.900968867902419,0,weekday,15.55
2019-04-12,2019,4,12,102,8,4,48.97,2019-04-12 08:00:00+00:00,2019-04-12 09:00:00+00:00,65236.0425,1147.855,5178.7175,14832.67,68739.7,21159.2425,0.986146248341595,-0.1658781989346314,0.8660254037844387,-0.4999999999999998,-0.433883739117558,-0.9009688679024191,0,weekday,15.895
2019-04-13,2019,4,13,103,8,5,42.45,2019-04-13 08:00:00+00:00,2019-04-13 09:00:00+00:00,55660.375,2981.6725,6259.485,11820.2725,61731.74,21061.43,0.98314697372215,-0.1828169249850199,0.8660254037844387,-0.4999999999999998,-0.9749279121818236,-0.2225209339563146,0,weekend,15.855
2019-04-14,2019,4,14,104,8,6,37.1,2019-04-14 08:00:00+00:00,2019-04-14 09:00:00+00:00,49864.4075,3831.5925,8769.630000000001,10883.8025,60056.17,23485.025,0.9798567700958664,-0.1997015525660636,0.8660254037844387,-0.4999999999999998,-0.7818314824680299,0.6234898018587334,0,weekend,15.7475
2019-04-15,2019,4,15,105,8,0,43.02,2019-04-15 08:00:00+00:00,2019-04-15 09:00:00+00:00,64536.525,4128.0425000000005,7307.8625,20336.555,75531.73,31772.46,0.976276611086932,-0.2165270852448143,0.8660254037844387,-0.4999999999999998,0.0,1.0,0,weekday,15.64
2019-04-16,2019,4,16,106,8,1,40.72,2019-04-16 08:00:00+00:00,2019-04-16 09:00:00+00:00,64937.85,4621.645,7776.5625,22698.78,74885.52,35096.9875,0.9724075561219968,-0.2332885440754551,0.8660254037844387,-0.4999999999999998,0.7818314824680298,0.6234898018587336,0,weekday,14.85
2019-04-17,2019,4,17,107,8,2,48.01,2019-04-17 08:00:00+00:00,2019-04-17 09:00:00+00:00,65182.9675,4308.37,7925.805,18131.565,72317.22,30365.74,0.9682507501166718,-0.2499809690726521,0.8660254037844387,-0.4999999999999998,0.9749279121818236,-0.2225209339563143,0,weekday,15.195
2019-04-18,2019,4,18,108,8,3,44.57,2019-04-18 08:00:00+00:00,2019-04-18 09:00:00+00:00,64191.4025,3499.9875,6759.6075,23849.425,71174.71,34109.020000000004,0.9638074231367308,-0.2665994206792935,0.8660254037844387,-0.4999999999999998,0.4338837391175582,-0.900968867902419,0,weekday,15.0
2019-04-19,2019,4,19,109,8,4,37.96,2019-04-19 08:00:00+00:00,2019-04-19 09:00:00+00:00,49952.98,2041.685,5144.8375,24354.7575,59305.82,31541.28,0.9590788900341132,-0.2831389812281835,0.8660254037844387,-0.4999999999999998,-0.433883739117558,-0.9009688679024191,1,holiday,14.46
2019-04-20,2019,4,20,110,8,5,31.03,2019-04-20 08:00:00+00:00,2019-04-20 09:00:00+00:00,50761.3875,657.9200000000001,1412.2325,24623.0325,54206.65,26693.185,0.9540665500578388,-0.2995947563972602,0.8660254037844387,-0.4999999999999998,-0.9749279121818236,-0.2225209339563146,0,weekend,14.46
2019-04-21,2019,4,21,111,8,6,29.1,2019-04-21 08:00:00+00:00,2019-04-21 09:00:00+00:00,47113.8075,186.8625,1064.1225,24798.4225,47592.19,26049.4075,0.9487718864399473,-0.3159618766579029,0.8660254037844387,-0.4999999999999998,-0.7818314824680299,0.6234898018587334,0,weekend,14.46
2019-04-22,2019,4,22,112,8,0,-5.26,2019-04-22 08:00:00+00:00,2019-04-22 09:00:00+00:00,48064.7025,3900.6175,8592.2925,23989.4725,56289.08,36482.3825,0.9431964659565866,-0.3322354987159043,0.8660254037844387,-0.4999999999999998,0.0,1.0,1,holiday,14.46
2019-04-23,2019,4,23,113,8,1,16.47,2019-04-23 08:00:00+00:00,2019-04-23 09:00:00+00:00,62588.835,4674.7275,25765.215,22270.9675,76982.17,52710.91,0.9373419384643772,-0.3484108069446808,0.8660254037844387,-0.4999999999999998,0.7818314824680298,0.6234898018587336,0,weekday,14.105
2019-04-24,2019,4,24,114,8,2,38.85,2019-04-24 08:00:00+00:00,2019-04-24 09:00:00+00:00,63505.085,5008.135,11333.265,19764.6725,65487.14,36106.0725,0.9312100364121948,-0.3644830148102912,0.8660254037844387,-0.4999999999999998,0.9749279121818236,-0.2225209339563143,0,weekday,14.425
2019-04-25,2019,4,25,115,8,3,41.26,2019-04-25 08:00:00+00:00,2019-04-25 09:00:00+00:00,64224.695,2302.8675,7332.0825,21899.395,64798.59,31534.345,0.9248025743285088,-0.3804473662878516,0.8660254037844387,-0.4999999999999998,0.4338837391175582,-0.900968867902419,0,weekday,14.535
2019-04-26,2019,4,26,116,8,4,49.93,2019-04-26 08:00:00+00:00,2019-04-26 09:00:00+00:00,64516.685,890.5025,6563.842500000001,13305.44,56005.02,20759.785000000003,0.9181214482844364,-0.3962991372689181,0.8660254037844387,-0.4999999999999998,-0.433883739117558,-0.9009688679024191,0,weekday,14.725
2019-04-27,2019,4,27,117,8,5,32.69,2019-04-27 08:00:00+00:00,2019-04-27 09:00:00+00:00,53543.91,3461.1975,9366.77,14338.505,56205.52,27166.4725,0.9111686353326632,-0.4120336369594263,0.8660254037844387,-0.4999999999999998,-0.9749279121818236,-0.2225209339563146,0,weekend,14.425
2019-04-28,2019,4,28,118,8,6,34.48,2019-04-28 08:00:00+00:00,2019-04-28 09:00:00+00:00,47664.005000000005,217.705,3489.7375,12149.965,44746.27,15857.4075,0.9039461929224012,-0.4276462092677746,0.8660254037844387,-0.4999999999999998,-0.7818314824680299,0.6234898018587334,0,weekend,14.475000000000001
2019-04-29,2019,4,29,119,8,0,46.99,2019-04-29 08:00:00+00:00,2019-04-29 09:00:00+00:00,62351.8675,1446.73,8433.4275,11459.9075,62240.28,21340.065,0.8964562582905575,-0.4431322341826345,0.8660254037844387,-0.4999999999999998,0.0,1.0,0,weekday,14.525
2019-04-30,2019,4,30,120,8,1,47.43,2019-04-30 08:00:00+00:00,2019-04-30 09:00:00+00:00,62012.7225,398.6975,2835.1325,18103.8875,61837.87,21337.7175,0.8887010478292915,-0.4584871291400876,0.8660254037844387,-0.4999999999999998,0.7818314824680298,0.6234898018587336,0,weekday,14.425
2019-05-01,2019,5,1,121,8,2,28.88,2019-05-01 08:00:00+00:00,2019-05-01 09:00:00+00:00,49611.625,1824.7675,6291.5125,16731.614999999998,50548.3,24847.895,0.8806828564301475,-0.47370635037968,0.8660254037844387,-0.4999999999999998,0.9749279121818236,-0.2225209339563143,1,holiday,14.1
2019-05-02,2019,5,2,122,8,3,39.7,2019-05-02 08:00:00+00:00,2019-05-02 09:00:00+00:00,60447.245,3344.525,15962.37,18805.370000000003,70903.45,38112.265,0.8724040568049612,-0.4887853942889926,0.8660254037844387,-0.4999999999999998,0.4338837391175582,-0.900968867902419,0,weekday,14.365
2019-05-03,2019,5,3,123,8,4,46.9,2019-05-03 08:00:00+00:00,2019-05-03 09:00:00+00:00,64828.475,3877.7075,15035.3175,12967.325,68600.34,31880.35,0.8638670987837349,-0.503719798736334,0.8660254037844387,-0.4999999999999998,-0.433883739117558,-0.9009688679024191,0,weekday,14.565
2019-05-04,2019,5,4,124,8,5,43.62,2019-05-04 08:00:00+00:00,2019-05-04 09:00:00+00:00,55265.81,2256.025,7443.1825,11329.4125,50268.13,21028.620000000003,0.8550745085896932,-0.518505144391157,0.8660254037844387,-0.4999999999999998,-0.9749279121818236,-0.2225209339563146,0,weekend,14.565
2019-05-05,2019,5,5,125,8,6,28.46,2019-05-05 08:00:00+00:00,2019-05-05 09:00:00+00:00,48545.83,3453.6925,5289.34,16676.395,51179.23,25419.4275,0.8460288880917339,-0.533137056031809,0.8660254037844387,-0.4999999999999998,-0.7818314824680299,0.6234898018587334,0,weekend,14.45
2019-05-06,2019,5,6,126,8,0,44.75,2019-05-06 08:00:00+00:00,2019-05-06 09:00:00+00:00,63162.5975,3606.4325,10425.9675,16558.71,68730.94,30591.11,0.8367329140344921,-0.5476112038402312,0.8660254037844387,-0.4999999999999998,0.0,1.0,0,weekday,14.335
2019-05-07,2019,5,7,127,8,1,50.61,2019-05-07 08:00:00+00:00,2019-05-07 09:00:00+00:00,63707.7625,1589.04,3453.2075,17501.9,65817.36,22544.1475,0.8271893372462497,-0.5619233046832195,0.8660254037844387,-0.4999999999999998,0.7818314824680298,0.6234898018587336,0,weekday,14.325
2019-05-08,2019,5,8,128,8,2,44.66,2019-05-08 08:00:00+00:00,2019-05-08 09:00:00+00:00,64945.0,1826.265,8362.3625,11799.6925,63103.93,21988.32,0.8174009818249189,-0.5760691233798758,0.8660254037844387,-0.4999999999999998,0.9749279121818236,-0.2225209339563143,0,weekday,14.175
2019-05-09,2019,5,9,129,8,3,49.95,2019-05-09 08:00:00+00:00,2019-05-09 09:00:00+00:00,63390.155,2709.3475,8028.934999999999,14196.0475,66429.73,24934.33,0.8073707443023492,-0.5900444739548627,0.8660254037844387,-0.4999999999999998,0.4338837391175582,-0.900968867902419,0,weekday,14.455
2019-05-10,2019,5,10,130,8,4,49.82,2019-05-10 08:00:00+00:00,2019-05-10 09:00:00+00:00,63980.0025,2303.4625,10331.9425,14054.9325,69276.52,26690.3375,0.7971015927871943,-0.6038452208771035,0.8660254037844387,-0.4999999999999998,-0.433883739117558,-0.9009688679024191,0,weekday,13.995
2019-05-11,2019,5,11,131,8,5,39.2,2019-05-11 08:00:00+00:00,2019-05-11 09:00:00+00:00,54209.7875,488.1775,6985.83,10521.8775,50814.17,17995.885000000002,0.7865965660866021,-0.6174672802835514,0.8660254037844387,-0.4999999999999998,-0.9749279121818236,-0.2225209339563146,0,weekend,13.995
2019-05-12,2019,5,12,132,8,6,9.93,2019-05-12 08:00:00+00:00,2019-05-12 09:00:00+00:00,48852.45,2646.13,12351.7125,16839.4075,55660.94,31837.25,0.7758587728069828,-0.6309066211876704,0.8660254037844387,-0.4999999999999998,-0.7818314824680299,0.6234898018587334,0,weekend,13.8775
2019-05-13,2019,5,13,133,8,0,40.0,2019-05-13 08:00:00+00:00,2019-05-13 09:00:00+00:00,63681.625,1209.06,7007.985000000001,22434.375,66718.41,30651.42,0.7648913904341225,-0.6441592666722685,0.8660254037844387,-0.4999999999999998,0.0,1.0,0,weekday,13.76
2019-05-14,2019,5,14,134,8,1,40.71,2019-05-14 08:00:00+00:00,2019-05-14 09:00:00+00:00,63939.83,175.6975,6960.8825,20956.5625,64334.14,28093.1425,0.753697664392914,-0.6572212950663319,0.8660254037844387,-0.4999999999999998,0.7818314824680298,0.6234898018587336,0,weekday,13.785
2019-05-15,2019,5,15,135,8,2,44.84,2019-05-15 08:00:00+00:00,2019-05-15 09:00:00+00:00,64389.5325,214.6975,7588.5825,17424.079999999998,64531.22,25227.36,0.742280907086982,-0.6700888411055113,0.8660254037844387,-0.4999999999999998,0.9749279121818236,-0.2225209339563143,0,weekday,13.855
2019-05-16,2019,5,16,136,8,3,44.23,2019-05-16 08:00:00+00:00,2019-05-16 09:00:00+00:00,63916.885,2693.1925,10000.305,8437.405,60839.34,21130.902500000004,0.7306444969184916,-0.6827580970759147,0.8660254037844387,-0.4999999999999998,0.4338837391175582,-0.900968867902419,0,weekday,13.385
2019-05-17,2019,5,17,137,8,4,46.27,2019-05-17 08:00:00+00:00,2019-05-17 09:00:00+00:00,63056.2725,3350.8125,3561.8050000000003,16235.5725,63457.31,23148.19,0.7187918772884232,-0.6952253139408722,0.8660254037844387,-0.4999999999999998,-0.433883739117558,-0.9009688679024191,0,weekday,12.935
2019-05-18,2019,5,18,138,8,5,35.12,2019-05-18 08:00:00+00:00,2019-05-18 09:00:00+00:00,55092.1825,2113.45,4266.495,20951.7875,58667.66,27331.7325,0.7067265555776158,-0.7074868024503348,0.8660254037844387,-0.4999999999999998,-0.9749279121818236,-0.2225209339563146,0,weekend,12.855
2019-05-19,2019,5,19,139,8,6,34.08,2019-05-19 08:00:00+00:00,2019-05-19 09:00:00+00:00,48337.64,721.6475,2368.88,19854.4275,50759.38,22944.955,0.6944521021088763,-0.719538934232584,0.8660254037844387,-0.4999999999999998,-0.7818314824680299,0.6234898018587334,0,weekend,12.879999999999999
2019-05-20,2019,5,20,140,8,0,56.63,2019-05-20 08:00:00+00:00,2019-05-20 09:00:00+00:00,63236.3475,389.21,2327.995,11146.325,57009.38,13863.53,0.6819721490904629,-0.7313781428679254,0.8660254037844387,-0.4999999999999998,0.0,1.0,0,weekday,12.905
2019-05-21,2019,5,21,141,8,1,52.52,2019-05-21 08:00:00+00:00,2019-05-21 09:00:00+00:00,64122.4,2852.4625,10806.355,6941.295,61815.05,20600.1125,0.6692903895412567,-0.7430009249440493,0.8660254037844387,-0.4999999999999998,0.7818314824680298,0.6234898018587336,0,weekday,12.6
2019-05-22,2019,5,22,142,8,2,45.77,2019-05-22 08:00:00+00:00,2019-05-22 09:00:00+00:00,63269.575,2287.225,17306.14,7620.385,64162.1,27213.75,0.6564105761979381,-0.7544038410927472,0.8660254037844387,-0.4999999999999998,0.9749279121818236,-0.2225209339563143,0,weekday,12.885
2019-05-23,2019,5,23,143,8,3,35.85,2019-05-23 08:00:00+00:00,2019-05-23 09:00:00+00:00,63875.615,3040.6375,3444.0575,22567.93,63512.84,29052.625,0.6433365204044917,-0.765583517007675,0.8660254037844387,-0.4999999999999998,0.4338837391175582,-0.900968867902419,0,weekday,12.595
2019-05-24,2019,5,24,144,8,4,43.78,2019-05-24 08:00:00+00:00,2019-05-24 09:00:00+00:00,62347.9725,1691.54,4016.945,21544.4275,61269.57,27252.9125,0.6300720909843687,-0.7765366444428655,0.8660254037844387,-0.4999999999999998,-0.433883739117558,-0.9009688679024191,0,weekday,12.435
2019-05-25,2019,5,25,145,8,5,36.32,2019-05-25 08:00:00+00:00,2019-05-25 09:00:00+00:00,52819.7725,1091.2525,4547.7375,17100.42,51734.21,22739.41,0.6166212130956382,-0.7872599821916922,0.8660254037844387,-0.4999999999999998,-0.9749279121818236,-0.2225209339563146,0,weekend,12.25
2019-05-26,2019,5,26,146,8,6,18.69,2019-05-26 08:00:00+00:00,2019-05-26 09:00:00+00:00,48619.59,3372.375,12072.8,17047.1425,52887.59,32492.3175,0.6029878670694714,-0.7977503570459932,0.8660254037844387,-0.4999999999999998,-0.7818314824680299,0.6234898018587334,0,weekend,12.34
2019-05-27,2019,5,27,147,8,0,39.74,2019-05-27 08:00:00+00:00,2019-05-27 09:00:00+00:00,63811.5525,3814.435,11275.455,15105.4,62782.82,30195.29,0.5891760872322963,-0.8080046647350754,0.8660254037844387,-0.4999999999999998,0.0,1.0,0,weekday,12.43
2019-05-28,2019,5,28,148,8,1,51.72,2019-05-28 08:00:00+00:00,2019-05-28 09:00:00+00:00,63913.8775,557.475,2847.9225,9576.4,53365.55,12981.7975,0.5751899607119775,-0.8180198708443174,0.8660254037844387,-0.4999999999999998,0.7818314824680298,0.6234898018587336,0,weekday,12.52
2019-05-29,2019,5,29,149,8,2,46.41,2019-05-29 08:00:00+00:00,2019-05-29 09:00:00+00:00,61870.2,338.2925,2258.485,15306.1,56487.37,17902.877500000002,0.5610336262283677,-0.8277930117131022,0.8660254037844387,-0.4999999999999998,0.9749279121818236,-0.2225209339563143,0,weekday,12.225
2019-05-30,2019,5,30,150,8,3,0.24,2019-05-30 08:00:00+00:00,2019-05-30 09:00:00+00:00,49951.175,4541.625,12275.1775,18284.0275,59039.38,35100.83,0.5467112728685939,-0.8373211953118121,0.8660254037844387,-0.4999999999999998,0.4338837391175582,-0.900968867902419,1,holiday,11.475
2019-05-31,2019,5,31,151,8,4,37.0,2019-05-31 08:00:00+00:00,2019-05-31 09:00:00+00:00,56957.965,2547.7025000000003,7165.885,15844.265,55056.34,25557.8525,0.5322271388474397,-0.8466016020976267,0.8660254037844387,-0.4999999999999998,-0.433883739117558,-0.9009688679024191,0,weekday,11.205
2019-06-01,2019,6,1,152,8,5,26.42,2019-06-01 08:00:00+00:00,2019-06-01 09:00:00+00:00,51997.3325,2884.5475,6104.6475,22002.23,56363.98,30991.425,0.5175855102531889,-0.8556314858488706,0.8660254037844387,-0.4999999999999998,-0.9749279121818236,-0.2225209339563146,0,weekend,11.205
2019-06-02,2019,6,2,153,8,6,11.76,2019-06-02 08:00:00+00:00,2019-06-02 09:00:00+00:00,47933.985,2313.4575,2576.0,24236.6275,51613.49,29126.085,0.5027907197793043,-0.8644081744776648,0.8660254037844387,-0.4999999999999998,-0.7818314824680299,0.6234898018587334,0,weekend,11.1525
2019-06-03,2019,6,3,154,8,0,39.36,2019-06-03 08:00:00+00:00,2019-06-03 09:00:00+00:00,63359.2975,1952.71,4098.9175,21936.33,64751.4,27987.9575,0.4878471454423119,-0.8729290708206411,0.8660254037844387,-0.4999999999999998,0.0,1.0,0,weekday,11.1
2019-06-04,2019,6,4,155,8,1,42.24,2019-06-04 08:00:00+00:00,2019-06-04 09:00:00+00:00,62946.4525,867.9649999999999,1279.53,21406.9575,61431.39,23554.4525,0.4727592092862775,-0.881191653407483,0.8660254037844387,-0.4999999999999998,0.7818314824680298,0.6234898018587336,0,weekday,11.91
2019-06-05,2019,6,5,156,8,2,41.38,2019-06-05 08:00:00+00:00,2019-06-05 09:00:00+00:00,64883.065,1257.2225,2523.8,22862.8975,62641.74,26643.92,0.4575313760742512,-0.8891934772070711,0.8660254037844387,-0.4999999999999998,0.9749279121818236,-0.2225209339563143,0,weekday,11.6
2019-06-06,2019,6,6,157,8,3,34.11,2019-06-06 08:00:00+00:00,2019-06-06 09:00:00+00:00,66541.745,3504.0275,14398.2575,14358.395,64825.49,32260.68,0.442168151967072,-0.8969321743510065,0.8660254037844387,-0.4999999999999998,0.4338837391175582,-0.900968867902419,0,weekday,11.32
2019-06-07,2019,6,7,158,8,4,37.21,2019-06-07 08:00:00+00:00,2019-06-07 09:00:00+00:00,64570.0575,601.2675,5712.93,23284.285,62563.82,29598.4825,0.4266740831899246,-0.9044054548343,0.8660254037844387,-0.4999999999999998,-0.433883739117558,-0.9009688679024191,0,weekday,11.245
2019-06-08,2019,6,8,159,8,5,-68.26,2019-06-08 08:00:00+00:00,2019-06-08 09:00:00+00:00,53477.1375,4451.12,28111.29,16546.2075,66773.42,49108.6175,0.4110537546870351,-0.911611107193024,0.8660254037844387,-0.4999999999999998,-0.9749279121818236,-0.2225209339563146,0,weekend,11.52
2019-06-09,2019,6,9,160,8,6,5.28,2019-06-09 08:00:00+00:00,2019-06-09 09:00:00+00:00,46531.62,2965.585,4548.7425,23219.9575,49792.7,30734.285,0.3953117887649151,-0.9185469991587164,0.8660254037844387,-0.4999999999999998,-0.7818314824680299,0.6234898018587334,0,weekend,11.585
2019-06-10,2019,6,10,161,8,0,30.06,2019-06-10 08:00:00+00:00,2019-06-10 09:00:00+00:00,48103.905,3314.11,5338.2525000000005,14458.5775,46132.43,23110.94,0.3794528437245443,-0.925211078289358,0.8660254037844387,-0.4999999999999998,0.0,1.0,1,holiday,11.65
2019-06-11,2019,6,11,162,8,1,52.73,2019-06-11 08:00:00+00:00,2019-06-11 09:00:00+00:00,62401.2625,2996.045,2313.685,11149.655,57718.34,16459.385000000002,0.3634816124829063,-0.9316013725767188,0.8660254037844387,-0.4999999999999998,0.7818314824680298,0.6234898018587336,0,weekday,11.48
2019-06-12,2019,6,12,163,8,2,51.91,2019-06-12 08:00:00+00:00,2019-06-12 09:00:00+00:00,64670.02,1375.62,4200.8475,12946.2925,59967.8,18522.76,0.3474028211842774,-0.9377159910299092,0.8660254037844387,-0.4999999999999998,0.9749279121818236,-0.2225209339563143,0,weekday,11.205
2019-06-13,2019,6,13,164,8,3,32.9,2019-06-13 08:00:00+00:00,2019-06-13 09:00:00+00:00,63980.7125,3644.09,9245.885,20901.5925,67607.75,33791.5675,0.3312212278016865,-0.9435531242349544,0.8660254037844387,-0.4999999999999998,0.4338837391175582,-0.900968867902419,0,weekday,11.52
2019-06-14,2019,6,14,165,8,4,42.91,2019-06-14 08:00:00+00:00,2019-06-14 09:00:00+00:00,63485.9075,1409.63,4885.93,21698.335,64568.42,27993.895,0.3149416207289519,-0.9491110448902284,0.8660254037844387,-0.4999999999999998,-0.433883739117558,-0.9009688679024191,0,weekday,11.35
2019-06-15,2019,6,15,166,8,5,30.13,2019-06-15 08:00:00+00:00,2019-06-15 09:00:00+00:00,53469.8725,1891.8375,12208.665,16748.12,56768.68,30848.6225,0.2985688173637202,-0.9543881083175908,0.8660254037844387,-0.4999999999999998,-0.9749279121818236,-0.2225209339563146,0,weekend,11.32
2019-06-16,2019,6,16,167,8,6,27.44,2019-06-16 08:00:00+00:00,2019-06-16 09:00:00+00:00,47881.9025,2260.705,3033.285,14846.5875,41755.01,20140.5775,0.2821076626819194,-0.9593827529490744,0.8660254037844387,-0.4999999999999998,-0.7818314824680299,0.6234898018587334,0,weekend,11.3375
2019-06-17,2019,6,17,168,8,0,34.64,2019-06-17 08:00:00+00:00,2019-06-17 09:00:00+00:00,63159.3225,1479.37,1106.4275,23529.745000000003,61812.91,26115.542500000003,0.2655630278040559,-0.9640935007889756,0.8660254037844387,-0.4999999999999998,0.0,1.0,0,weekday,11.355
2019-06-18,2019,6,18,169,8,1,39.92,2019-06-18 08:00:00+00:00,2019-06-18 09:00:00+00:00,63641.035,524.6775,3050.8075,23268.82,66420.42,26844.305,0.2489398085537665,-0.9685189578512204,0.8660254037844387,-0.4999999999999998,0.7818314824680298,0.6234898018587336,0,weekday,11.4
2019-06-19,2019,6,19,170,8,2,42.98,2019-06-19 08:00:00+00:00,2019-06-19 09:00:00+00:00,63142.785,1359.47,1863.93,21095.9575,63727.94,24319.3575,0.2322429240090701,-0.9726578145718654,0.8660254037844387,-0.4999999999999998,0.9749279121818236,-0.2225209339563143,0,weekday,10.485
2019-06-20,2019,6,20,171,8,3,35.69,2019-06-20 08:00:00+00:00,2019-06-20 09:00:00+00:00,52848.3125,660.345,4894.985,15644.6425,55621.07,21199.9725,0.2154773150467301,-0.976508846196619,0.8660254037844387,-0.4999999999999998,0.4338837391175582,-0.900968867902419,0,weekday,10.15
2019-06-21,2019,6,21,172,8,4,43.93,2019-06-21 08:00:00+00:00,2019-06-21 09:00:00+00:00,59362.2425,592.115,2955.39,17667.225,55897.73,21214.73,0.1986479428801711,-0.9800709131432666,0.8660254037844387,-0.4999999999999998,-0.433883739117558,-0.9009688679024191,0,weekday,9.8
2019-06-22,2019,6,22,173,8,5,31.06,2019-06-22 08:00:00+00:00,2019-06-22 09:00:00+00:00,53526.0,52.695,3499.78,17052.6125,48755.14,20605.0875,0.1817597875913753,-0.9833429613388902,0.8660254037844387,-0.4999999999999998,-0.9749279121818236,-0.2225209339563146,0,weekend,10.355
2019-06-23,2019,6,23,174,8,6,19.03,2019-06-23 08:00:00+00:00,2019-06-23 09:00:00+00:00,48555.5325,1240.4125,5492.6475,19880.4825,50174.12,26613.5425,0.1648178466571979,-0.9863240225317866,0.8660254037844387,-0.4999999999999998,-0.7818314824680299,0.6234898018587334,0,weekend,10.2775
2019-06-24,2019,6,24,175,8,0,32.67,2019-06-24 08:00:00+00:00,2019-06-24 09:00:00+00:00,62753.2225,4130.0175,7402.5025,24006.55,68219.92,35539.07,0.1478271334705304,-0.9890132145779884,0.8660254037844387,-0.4999999999999998,0.0,1.0,0,weekday,10.2
2019-06-25,2019,6,25,176,8,1,37.77,2019-06-25 08:00:00+00:00,2019-06-25 09:00:00+00:00,63739.4875,2780.8050000000003,4976.0975,23592.6,68645.65,31349.5025,0.1307926758567592,-0.9914097417023038,0.8660254037844387,-0.4999999999999998,0.7818314824680298,0.6234898018587336,0,weekday,9.875
2019-06-26,2019,6,26,177,8,2,38.09,2019-06-26 08:00:00+00:00,2019-06-26 09:00:00+00:00,65508.8475,3244.0225,4413.98,23262.09,68763.16,30920.0925,0.1137195145859496,-0.9935128947338008,0.8660254037844387,-0.4999999999999998,0.9749279121818236,-0.2225209339563143,0,weekday,9.62
2019-06-27,2019,6,27,178,8,3,34.56,2019-06-27 08:00:00+00:00,2019-06-27 09:00:00+00:00,64917.3975,3742.4875,10252.4575,22877.8325,69535.17,36872.7775,0.0966127018812031,-0.9953220513156602,0.8660254037844387,-0.4999999999999998,0.4338837391175582,-0.900968867902419,0,weekday,9.375
2019-06-28,2019,6,28,179,8,4,43.99,2019-06-28 08:00:00+00:00,2019-06-28 09:00:00+00:00,64846.675,547.2725,1490.8675,23073.32,62137.32,25111.46,0.0794772999236209,-0.9968366760893436,0.8660254037844387,-0.4999999999999998,-0.433883739117558,-0.9009688679024191,0,weekday,9.75
2019-06-29,2019,6,29,180,8,5,28.07,2019-06-29 08:00:00+00:00,2019-06-29 09:00:00+00:00,54295.5325,481.5225,1009.895,24617.3475,53510.13,26108.765,0.062318379354325,-0.998056320853012,0.8660254037844387,-0.4999999999999998,-0.9749279121818236,-0.2225209339563146,0,weekend,10.115
2019-06-30,2019,6,30,181,8,6,11.78,2019-06-30 08:00:00+00:00,2019-06-30 09:00:00+00:00,49861.875,4155.985000000001,7866.4425,24169.370000000003,56887.88,36191.7975,0.0451410177739719,-0.998980624694158,0.8660254037844387,-0.4999999999999998,-0.7818314824680299,0.6234898018587334,0,weekend,10.342500000000001
2019-07-01,2019,7,1,182,8,0,37.57,2019-07-01 08:00:00+00:00,2019-07-01 09:00:00+00:00,66609.02249999999,4508.375,9362.6175,18746.2875,64777.79,32617.28,0.0279502982402103,-0.999609314096404,0.8660254037844387,-0.4999999999999998,0.0,1.0,0,weekday,10.57
2019-07-02,2019,7,2,183,8,1,32.75,2019-07-02 08:00:00+00:00,2019-07-02 09:00:00+00:00,67270.78,4960.07,15792.54,17767.6,71727.78,38520.21,0.0107513077635219,-0.9999422030204416,0.8660254037844387,-0.4999999999999998,0.7818314824680298,0.6234898018587336,0,weekday,10.65
2019-07-03,2019,7,3,184,8,2,33.68,2019-07-03 08:00:00+00:00,2019-07-03 09:00:00+00:00,68550.945,3052.17,6011.69,21157.6525,64704.21,30221.5125,-0.0064508641981051,-0.9999791929590824,0.8660254037844387,-0.4999999999999998,0.9749279121818236,-0.2225209339563143,0,weekday,10.375
2019-07-04,2019,7,4,185,8,3,31.88,2019-07-04 08:00:00+00:00,2019-07-04 09:00:00+00:00,67434.905,4447.8525,6435.32,23192.6775,66325.32,34075.850000000006,-0.0236511272452315,-0.9997202729664084,0.8660254037844387,-0.4999999999999998,0.4338837391175582,-0.900968867902419,0,weekday,10.295
2019-07-05,2019,7,5,186,8,4,38.0,2019-07-05 08:00:00+00:00,2019-07-05 09:00:00+00:00,67296.3675,2609.585,9323.715,16241.27,63501.64,28174.57,-0.0408443915432961,-0.9991655196610107,0.8660254037844387,-0.4999999999999998,-0.433883739117558,-0.9009688679024191,0,weekday,10.575
2019-07-06,2019,7,6,187,8,5,29.7,2019-07-06 08:00:00+00:00,2019-07-06 09:00:00+00:00,57660.4,3589.1850000000004,9611.745,18715.91,58041.02,31916.84,-0.0580255693287803,-0.9983150972033183,0.8660254037844387,-0.4999999999999998,-0.9749279121818236,-0.2225209339563146,0,weekend,11.215
2019-07-07,2019,7,7,188,8,6,25.99,2019-07-07 08:00:00+00:00,2019-07-07 09:00:00+00:00,50510.77,4086.5375,12439.4625,13490.85,51026.16,30016.85,-0.0751895764147585,-0.9971692572470178,0.8660254037844387,-0.4999999999999998,-0.7818314824680299,0.6234898018587334,0,weekend,11.16
2019-07-08,2019,7,8,189,8,0,37.29,2019-07-08 08:00:00+00:00,2019-07-08 09:00:00+00:00,66813.3375,2948.2025,9844.7275,15784.6225,65238.31,28577.5525,-0.0923313336953912,-0.9957283388645872,0.8660254037844387,-0.4999999999999998,0.0,1.0,0,weekday,11.105
2019-07-09,2019,7,9,190,8,1,38.17,2019-07-09 08:00:00+00:00,2019-07-09 09:00:00+00:00,67475.1525,2804.47,8010.297500000001,17719.335,63399.58,28534.1025,-0.1094457686489155,-0.993992768446958,0.8660254037844387,-0.4999999999999998,0.7818314824680298,0.6234898018587336,0,weekday,12.225
2019-07-10,2019,7,10,191,8,2,41.34,2019-07-10 08:00:00+00:00,2019-07-10 09:00:00+00:00,66222.54,408.9575,2847.6825,20600.11,64011.21,23856.75,-0.1265278168386831,-0.9919630595773395,0.8660254037844387,-0.4999999999999998,0.9749279121818236,-0.2225209339563143,0,weekday,11.35
2019-07-11,2019,7,11,192,8,3,51.78,2019-07-11 08:00:00+00:00,2019-07-11 09:00:00+00:00,66248.7125,493.405,1012.8475,10464.6225,58741.14,11970.875,-0.1435724234118113,-0.9896398128792412,0.8660254037844387,-0.4999999999999998,0.4338837391175582,-0.900968867902419,0,weekday,12.725
2019-07-12,2019,7,12,193,8,4,52.4,2019-07-12 08:00:00+00:00,2019-07-12 09:00:00+00:00,66277.975,85.03999999999999,1758.0700000000002,13022.5675,59235.3,14865.6775,-0.1605745445949937,-0.9870237158387384,0.8660254037844387,-0.4999999999999998,-0.433883739117558,-0.9009688679024191,0,weekday,12.65
2019-07-13,2019,7,13,194,8,5,39.82,2019-07-13 08:00:00+00:00,2019-07-13 09:00:00+00:00,56417.625,1348.335,5195.34,11277.5875,49255.57,17821.2625,-0.1775291491870349,-0.984115542601034,0.8660254037844387,-0.4999999999999998,-0.9749279121818236,-0.2225209339563146,0,weekend,13.28
2019-07-14,2019,7,14,195,8,6,37.0,2019-07-14 08:00:00+00:00,2019-07-14 09:00:00+00:00,50387.565,1437.7,2877.655,11637.035,45556.98,15952.39,-0.1944312200476619,-0.9809161537413774,0.8660254037844387,-0.4999999999999998,-0.7818314824680299,0.6234898018587334,0,weekend,13.5025
2019-07-15,2019,7,15,196,8,0,46.2,2019-07-15 08:00:00+00:00,2019-07-15 09:00:00+00:00,65954.0175,2273.5925,4101.4575,14781.245,58920.19,21156.295,-0.2112757555821793,-0.9774264960104057,0.8660254037844387,-0.4999999999999998,0.0,1.0,0,weekday,13.725
2019-07-16,2019,7,16,197,8,1,47.13,2019-07-16 08:00:00+00:00,2019-07-16 09:00:00+00:00,65934.9325,2467.6575000000003,8531.665,15245.675,64021.63,26244.9975,-0.2280577712215198,-0.9736476020539838,0.8660254037844387,-0.4999999999999998,0.7818314824680298,0.6234898018587336,0,weekday,12.13
2019-07-17,2019,7,17,198,8,2,48.78,2019-07-17 08:00:00+00:00,2019-07-17 09:00:00+00:00,65234.165,53.9525,620.6724999999999,17491.52,60015.49,18166.145,-0.2447723008972595,-0.9695805901076308,0.8660254037844387,-0.4999999999999998,0.9749279121818236,-0.2225209339563143,0,weekday,11.0
2019-07-18,2019,7,18,199,8,3,44.91,2019-07-18 08:00:00+00:00,2019-07-18 09:00:00+00:00,65312.4975,1390.7175,514.1575,19899.085,62535.01,21803.96,-0.2614143985111562,-0.965226663665613,0.8660254037844387,-0.4999999999999998,0.4338837391175582,-0.900968867902419,0,weekday,11.075
2019-07-19,2019,7,19,200,8,4,47.86,2019-07-19 08:00:00+00:00,2019-07-19 09:00:00+00:00,65556.3175,226.005,2212.3975,15125.84,58937.84,17564.2425,-0.2779791393987801,-0.9605871111248128,0.8660254037844387,-0.4999999999999998,-0.433883739117558,-0.9009688679024191,0,weekday,10.9
2019-07-20,2019,7,20,201,8,5,35.04,2019-07-20 08:00:00+00:00,2019-07-20 09:00:00+00:00,54836.01,2922.39,5068.655,20785.55,57524.95,28776.595,-0.2944616217868012,-0.9556633054034704,0.8660254037844387,-0.4999999999999998,-0.9749279121818236,-0.2225209339563146,0,weekend,10.815
2019-07-21,2019,7,21,202,8,6,29.69,2019-07-21 08:00:00+00:00,2019-07-21 09:00:00+00:00,49352.875,3840.28,12104.2225,16421.9975,55892.21,32366.5,-0.3108569682435036,-0.9504567035349152,0.8660254037844387,-0.4999999999999998,-0.7818314824680299,0.6234898018587334,0,weekend,10.8575
2019-07-22,2019,7,22,203,8,0,44.45,2019-07-22 08:00:00+00:00,2019-07-22 09:00:00+00:00,64585.2675,3727.9625,2961.5,17233.5325,61388.34,23922.995000000003,-0.3271603271220951,-0.9449688462364056,0.8660254037844387,-0.4999999999999998,0.0,1.0,0,weekday,10.9
2019-07-23,2019,7,23,204,8,1,46.47,2019-07-23 08:00:00+00:00,2019-07-23 09:00:00+00:00,64912.6325,470.8325,1571.28,22674.0075,66557.41,24716.12,-0.343366873996388,-0.939201357453208,0.8660254037844387,-0.4999999999999998,0.7818314824680298,0.6234898018587336,0,weekday,10.125
2019-07-24,2019,7,24,205,8,2,51.44,2019-07-24 08:00:00+00:00,2019-07-24 09:00:00+00:00,65566.8575,1599.7725,1203.8025,23171.915,68506.96,25975.49,-0.3594718130884232,-0.9331559438780432,0.8660254037844387,-0.4999999999999998,0.9749279121818236,-0.2225209339563143,0,weekday,10.375
2019-07-25,2019,7,25,206,8,3,52.78,2019-07-25 08:00:00+00:00,2019-07-25 09:00:00+00:00,65811.78,421.7825,865.8275,22577.4675,66169.22,23865.0775,-0.3754703786876202,-0.9268343944460494,0.8660254037844387,-0.4999999999999998,0.4338837391175582,-0.900968867902419,0,weekday,10.25
2019-07-26,2019,7,26,207,8,4,53.66,2019-07-26 08:00:00+00:00,2019-07-26 09:00:00+00:00,66799.2975,4076.9525,6315.3925,22388.9175,70109.66,32781.2625,-0.3913578365610259,-0.9202385798054076,0.8660254037844387,-0.4999999999999998,-0.433883739117558,-0.9009688679024191,0,weekday,10.0
2019-07-27,2019,7,27,208,8,5,38.16,2019-07-27 08:00:00+00:00,2019-07-27 09:00:00+00:00,56465.7975,4716.8625,12498.4525,16892.3025,61434.44,34107.6175,-0.4071294853542516,-0.9133704517637858,0.8660254037844387,-0.4999999999999998,-0.9749279121818236,-0.2225209339563146,0,weekend,9.965
2019-07-28,2019,7,28,209,8,6,32.06,2019-07-28 08:00:00+00:00,2019-07-28 09:00:00+00:00,48537.18,3479.9025,5201.9475,12137.455,47877.99,20819.305,-0.4227806579826773,-0.9062320427107696,0.8660254037844387,-0.4999999999999998,-0.7818314824680299,0.6234898018587334,0,weekend,10.02
2019-07-29,2019,7,29,210,8,0,48.84,2019-07-29 08:00:00+00:00,2019-07-29 09:00:00+00:00,64841.035,820.415,3242.3975,11434.76,55454.35,15497.5725,-0.4383067230125192,-0.898825465016444,0.8660254037844387,-0.4999999999999998,0.0,1.0,0,weekday,10.075
2019-07-30,2019,7,30,211,8,1,49.9,2019-07-30 08:00:00+00:00,2019-07-30 09:00:00+00:00,65473.655,106.605,1714.33,14550.6,56837.9,16371.535,-0.4537030860313442,-0.8911529104063088,0.8660254037844387,-0.4999999999999998,0.7818314824680298,0.6234898018587336,0,weekday,9.85
2019-07-31,2019,7,31,212,8,2,51.47,2019-07-31 08:00:00+00:00,2019-07-31 09:00:00+00:00,65241.1175,1235.3825,3450.8075,12669.6475,58633.12,17355.837499999998,-0.4689651910076318,-0.8832166493127127,0.8660254037844387,-0.4999999999999998,0.9749279121818236,-0.2225209339563143,0,weekday,11.0
2019-08-01,2019,8,1,213,8,3,40.76,2019-08-01 08:00:00+00:00,2019-08-01 09:00:00+00:00,64788.1875,1662.605,2008.675,18931.065,62412.77,22602.345,-0.4840885216389758,-0.8750190302029955,0.8660254037844387,-0.4999999999999998,0.4338837391175582,-0.900968867902419,0,weekday,11.675
2019-08-02,2019,8,2,214,8,4,47.95,2019-08-02 08:00:00+00:00,2019-08-02 09:00:00+00:00,64808.225,253.92,515.3050000000001,17182.747499999998,58953.96,17951.972499999996,-0.4990686026885319,-0.8665624788845385,0.8660254037844387,-0.4999999999999998,-0.433883739117558,-0.9009688679024191,0,weekday,11.96
2019-08-03,2019,8,3,215,8,5,37.04,2019-08-03 08:00:00+00:00,2019-08-03 09:00:00+00:00,54453.725,607.8050000000001,1702.69,14229.2425,50180.66,16539.7375,-0.5139010013093103,-0.8578494977869301,0.8660254037844387,-0.4999999999999998,-0.9749279121818236,-0.2225209339563146,0,weekend,12.015
2019-08-04,2019,8,4,216,8,6,28.26,2019-08-04 08:00:00+00:00,2019-08-04 09:00:00+00:00,48317.305,279.7325,1186.7575,18805.8625,44736.71,20272.3525,-0.5285813283559292,-0.8488826652214553,0.8660254037844387,-0.4999999999999998,-0.7818314824680299,0.6234898018587334,0,weekend,11.995000000000001
2019-08-05,2019,8,5,217,8,0,55.73,2019-08-05 08:00:00+00:00,2019-08-05 09:00:00+00:00,64346.4175,415.005,1812.94,11203.09,55523.48,13431.035,-0.5431052396834317,-0.8396646346181327,0.8660254037844387,-0.4999999999999998,0.0,1.0,0,weekday,11.975
2019-08-06,2019,8,6,218,8,1,41.96,2019-08-06 08:00:00+00:00,2019-08-06 09:00:00+00:00,64971.5775,1857.665,5426.547500000001,15770.115,64661.75,23054.3275,-0.5574684374327892,-0.8301981337405212,0.8660254037844387,-0.4999999999999998,0.7818314824680298,0.6234898018587336,0,weekday,11.175
2019-08-07,2019,8,7,219,8,2,44.34,2019-08-07 08:00:00+00:00,2019-08-07 09:00:00+00:00,64375.4575,2119.7025,3997.8575,10494.0075,60700.09,16611.567499999997,-0.5716666713027052,-0.8204859638785327,0.8660254037844387,-0.4999999999999998,0.9749279121818236,-0.2225209339563143,0,weekday,11.0
2019-08-08,2019,8,8,220,8,3,32.56,2019-08-08 08:00:00+00:00,2019-08-08 09:00:00+00:00,64335.1475,3725.165,12149.43,18681.9825,68254.3,34556.5775,-0.5856957398073508,-0.8105309990194823,0.8660254037844387,-0.4999999999999998,0.4338837391175582,-0.900968867902419,0,weekday,11.25
2019-08-09,2019,8,9,221,8,4,39.84,2019-08-09 08:00:00+00:00,2019-08-09 09:00:00+00:00,64714.817500000005,862.425,2317.5150000000003,19295.35,62165.52,22475.29,-0.5995514915196489,-0.8003361849976323,0.8660254037844387,-0.4999999999999998,-0.433883739117558,-0.9009688679024191,0,weekday,12.05
2019-08-10,2019,8,10,222,8,5,12.59,2019-08-10 08:00:00+00:00,2019-08-10 09:00:00+00:00,54682.1625,4383.3675,24975.54,13049.4125,62220.34,42408.32,-0.6132298262997502,-0.7899045386224707,0.8660254037844387,-0.4999999999999998,-0.9749279121818236,-0.2225209339563146,0,weekend,12.025
2019-08-11,2019,8,11,223,8,6,-0.09,2019-08-11 08:00:00+00:00,2019-08-11 09:00:00+00:00,48296.4775,4699.44,14886.835,20991.795,56310.57,40578.06999999999,-0.6267266965083301,-0.7792391467859886,0.8660254037844387,-0.4999999999999998,-0.7818314824680299,0.6234898018587334,0,weekend,11.9875
2019-08-12,2019,8,12,224,8,0,36.7,2019-08-12 08:00:00+00:00,2019-08-12 09:00:00+00:00,63252.425,4107.58,7546.7925,14491.8075,60918.56,26146.18,-0.6400381082043503,-0.7683431655492202,0.8660254037844387,-0.4999999999999998,0.0,1.0,0,weekday,11.95
2019-08-13,2019,8,13,225,8,1,37.26,2019-08-13 08:00:00+00:00,2019-08-13 09:00:00+00:00,63859.07,580.8275,10362.855,15873.805,59728.52,26817.4875,-0.65316012232693,-0.7572198192083127,0.8660254037844387,-0.4999999999999998,0.7818314824680298,0.6234898018587336,0,weekday,11.45
2019-08-14,2019,8,14,226,8,2,35.67,2019-08-14 08:00:00+00:00,2019-08-14 09:00:00+00:00,63139.105,1505.4225,5025.625,18961.0975,58576.07,25492.145,-0.666088855860977,-0.7458723993404063,0.8660254037844387,-0.4999999999999998,0.9749279121818236,-0.2225209339563143,0,weekday,11.5
2019-08-15,2019,8,15,227,8,3,30.89,2019-08-15 08:00:00+00:00,2019-08-15 09:00:00+00:00,62720.365,3514.74,14276.655,9138.8525,55383.76,26930.2475,-0.6788204829862355,-0.734304263829602,0.8660254037844387,-0.4999999999999998,0.4338837391175582,-0.900968867902419,0,weekday,11.15
2019-08-16,2019,8,16,228,8,4,36.91,2019-08-16 08:00:00+00:00,2019-08-16 09:00:00+00:00,63513.7925,839.7425000000001,6919.135,16484.940000000002,58649.45,24243.817500000005,-0.6913512362094071,-0.722518835873311,0.8660254037844387,-0.4999999999999998,-0.433883739117558,-0.9009688679024191,0,weekday,11.175
2019-08-17,2019,8,17,229,8,5,26.97,2019-08-17 08:00:00+00:00,2019-08-17 09:00:00+00:00,54405.2175,4372.7625,16042.97,8560.567500000001,53183.13,28976.3,-0.7036774074790128,-0.7105196029692745,0.8660254037844387,-0.4999999999999998,-0.9749279121818236,-0.2225209339563146,0,weekend,10.955
2019-08-18,2019,8,18,230,8,6,28.87,2019-08-18 08:00:00+00:00,2019-08-18 09:00:00+00:00,49974.6725,1965.845,8748.17,12500.3475,48085.63,23214.3625,-0.7157953492826642,-0.6983101158835584,0.8660254037844387,-0.4999999999999998,-0.7818314824680299,0.6234898018587334,0,weekend,10.877500000000001
2019-08-19,2019,8,19,231,8,0,34.32,2019-08-19 08:00:00+00:00,2019-08-19 09:00:00+00:00,62677.5125,3864.9025,11001.95,13438.5525,62454.68,28305.405,-0.7277014757264236,-0.6858939875998223,0.8660254037844387,-0.4999999999999998,0.0,1.0,0,weekday,10.8
2019-08-20,2019,8,20,232,8,1,39.51,2019-08-20 08:00:00+00:00,2019-08-20 09:00:00+00:00,61084.39,1886.495,3204.18,11564.505,57721.12,16655.18,-0.7393922635959241,-0.673274892250183,0.8660254037844387,-0.4999999999999998,0.7818314824680298,0.6234898018587336,0,weekday,11.3
2019-08-21,2019,8,21,233,8,2,38.0,2019-08-21 08:00:00+00:00,2019-08-21 09:00:00+00:00,63381.5125,427.7675,1924.2,19837.3625,61579.01,22189.33,-0.7508642533989489,-0.6604565640279754,0.8660254037844387,-0.4999999999999998,0.9749279121818236,-0.2225209339563143,0,weekday,11.2
2019-08-22,2019,8,22,234,8,3,34.91,2019-08-22 08:00:00+00:00,2019-08-22 09:00:00+00:00,62464.0575,2398.025,2295.0075,21530.255,63598.0,26223.2875,-0.7621140503891487,-0.6474427960827475,0.8660254037844387,-0.4999999999999998,0.4338837391175582,-0.900968867902419,0,weekday,11.275
2019-08-23,2019,8,23,235,8,4,34.8,2019-08-23 08:00:00+00:00,2019-08-23 09:00:00+00:00,62652.145,1257.87,1165.5375,21618.5225,61553.39,24041.93,-0.7731383255706026,-0.6342374393978054,0.8660254037844387,-0.4999999999999998,-0.433883739117558,-0.9009688679024191,0,weekday,10.825
2019-08-24,2019,8,24,236,8,5,29.51,2019-08-24 08:00:00+00:00,2019-08-24 09:00:00+00:00,52899.7475,906.79,2218.9125,20591.315,53692.81,23717.0175,-0.7839338166829201,-0.620844401650647,0.8660254037844387,-0.4999999999999998,-0.9749279121818236,-0.2225209339563146,0,weekend,10.585
2019-08-25,2019,8,25,237,8,6,25.89,2019-08-25 08:00:00+00:00,2019-08-25 09:00:00+00:00,48475.3,792.2125,1810.5575,19584.25,48885.93,22187.02,-0.7944973291665992,-0.6072676460566135,0.8660254037844387,-0.4999999999999998,-0.7818314824680299,0.6234898018587334,0,weekend,10.45
2019-08-26,2019,8,26,238,8,0,45.7,2019-08-26 08:00:00+00:00,2019-08-26 09:00:00+00:00,63426.6975,215.93,552.4825,19124.0075,63236.96,19892.42,-0.8048257371083452,-0.593511190196115,0.8660254037844387,-0.4999999999999998,0.0,1.0,0,weekday,10.315
2019-08-27,2019,8,27,239,8,1,50.95,2019-08-27 08:00:00+00:00,2019-08-27 09:00:00+00:00,64151.09,1042.555,864.0375,19965.4125,66858.89,21872.005,-0.8149159841660791,-0.5795791048257612,0.8660254037844387,-0.4999999999999998,0.7818314824680298,0.6234898018587336,0,weekday,10.15
2019-08-28,2019,8,28,240,8,2,52.79,2019-08-28 08:00:00+00:00,2019-08-28 09:00:00+00:00,63982.29,863.5325,1263.1475,16551.190000000002,64976.83,18677.870000000003,-0.8247650844733614,-0.5654755126737576,0.8660254037844387,-0.4999999999999998,0.9749279121818236,-0.2225209339563143,0,weekday,10.35
2019-08-29,2019,8,29,241,8,3,51.9,2019-08-29 08:00:00+00:00,2019-08-29 09:00:00+00:00,64894.715,1826.06,3032.4025,12994.66,64528.82,17853.122499999998,-0.8343701235229538,-0.5512045872199277,0.8660254037844387,-0.4999999999999998,0.4338837391175582,-0.900968867902419,0,weekday,10.425
2019-08-30,2019,8,30,242,8,4,41.36,2019-08-30 08:00:00+00:00,2019-08-30 09:00:00+00:00,64089.745,1918.075,601.8325,17641.2,65851.46,20161.1075,-0.8437282590292712,-0.5367705514607103,0.8660254037844387,-0.4999999999999998,-0.433883739117558,-0.9009688679024191,0,weekday,12.795
2019-08-31,2019,8,31,243,8,5,31.29,2019-08-31 08:00:00+00:00,2019-08-31 09:00:00+00:00,54285.26,1839.945,1209.645,21027.6025,55529.32,24077.1925,-0.8528367217694595,-0.522177676659508,0.8660254037844387,-0.4999999999999998,-0.9749279121818236,-0.2225209339563146,0,weekend,12.795
2019-09-01,2019,9,1,244,8,6,29.7,2019-09-01 08:00:00+00:00,2019-09-01 09:00:00+00:00,49161.9225,2021.4825,7381.1275,14653.9975,51471.51,24056.6075,-0.8616928164028522,-0.5074302810827518,0.8660254037844387,-0.4999999999999998,-0.7818314824680299,0.6234898018587334,0,weekend,12.513333333333334
2019-09-02,2019,9,2,245,8,0,44.07,2019-09-02 08:00:00+00:00,2019-09-02 09:00:00+00:00,63964.2725,2083.5725,6063.5025,15723.765,65404.48,23870.84,-0.8702939222685674,-0.4925327287220543,0.8660254037844387,-0.4999999999999998,0.0,1.0,0,weekday,12.231666666666666
2019-09-03,2019,9,3,246,8,1,32.95,2019-09-03 08:00:00+00:00,2019-09-03 09:00:00+00:00,65175.5625,4771.125,9886.86,17059.6675,69900.37,31717.6525,-0.8786374941610001,-0.4774894280028391,0.8660254037844387,-0.4999999999999998,0.7818314824680298,0.6234898018587336,0,weekday,11.95
2019-09-04,2019,9,4,247,8,2,37.73,2019-09-04 08:00:00+00:00,2019-09-04 09:00:00+00:00,65023.515,4199.83,7054.26,18513.7775,68115.5,29767.8675,-0.886721063082993,-0.4623048304798108,0.8660254037844387,-0.4999999999999998,0.9749279121818236,-0.2225209339563143,0,weekday,12.15
2019-09-05,2019,9,5,248,8,3,33.27,2019-09-05 08:00:00+00:00,2019-09-05 09:00:00+00:00,66228.315,4340.2725,15901.475,13231.3075,70496.58,33473.055,-0.8945422369764496,-0.4469834295196741,0.8660254037844387,-0.4999999999999998,0.4338837391175582,-0.900968867902419,0,weekday,11.8
2019-09-06,2019,9,6,249,8,4,37.45,2019-09-06 08:00:00+00:00,2019-09-06 09:00:00+00:00,65219.1675,4510.42,7536.6875,17145.615,65375.8,29192.722500000003,-0.9020987014301836,-0.4315297589714714,0.8660254037844387,-0.4999999999999998,-0.433883739117558,-0.9009688679024191,0,weekday,12.175
2019-09-07,2019,9,7,250,8,5,39.98,2019-09-07 08:00:00+00:00,2019-09-07 09:00:00+00:00,55577.99,812.6375,2346.3125,8248.455,45311.1,11407.405,-0.9093882203647924,-0.4159483918249421,0.8660254037844387,-0.4999999999999998,-0.9749279121818236,-0.2225209339563146,0,weekend,12.35
2019-09-08,2019,9,8,251,8,6,36.31,2019-09-08 08:00:00+00:00,2019-09-08 09:00:00+00:00,49401.795,160.065,443.5225,9803.1625,42241.3,10406.75,-0.9164086366943458,-0.4002439388573056,0.8660254037844387,-0.4999999999999998,-0.7818314824680299,0.6234898018587334,0,weekend,12.5125
2019-09-09,2019,9,9,252,8,0,48.71,2019-09-09 08:00:00+00:00,2019-09-09 09:00:00+00:00,63701.765,279.6675,4178.405000000001,6660.389999999999,54935.21,11118.4625,-0.923157872964704,-0.3844210472688554,0.8660254037844387,-0.4999999999999998,0.0,1.0,0,weekday,12.675
2019-09-10,2019,9,10,253,8,1,36.0,2019-09-10 08:00:00+00:00,2019-09-10 09:00:00+00:00,63891.485,3157.4575,11346.3575,16720.475,69611.69,31224.29,-0.9296339319682696,-0.3684843993077793,0.8660254037844387,-0.4999999999999998,0.7818314824680298,0.6234898018587336,0,weekday,12.35
2019-09-11,2019,9,11,254,8,2,36.29,2019-09-11 08:00:00+00:00,2019-09-11 09:00:00+00:00,63727.3025,3924.7825,6423.005,18292.9375,67257.67,28640.725,-0.935834897334994,-0.3524387108846032,0.8660254037844387,-0.4999999999999998,0.9749279121818236,-0.2225209339563143,0,weekday,14.05
2019-09-12,2019,9,12,255,8,3,43.93,2019-09-12 08:00:00+00:00,2019-09-12 09:00:00+00:00,65377.095,2843.525,7137.9025,9663.065,61177.34,19644.4925,-0.9417589340994617,-0.3362887301766828,0.8660254037844387,-0.4999999999999998,0.4338837391175582,-0.900968867902419,0,weekday,14.545
2019-09-13,2019,9,13,256,8,4,43.65,2019-09-13 08:00:00+00:00,2019-09-13 09:00:00+00:00,65875.28,3336.1,10863.9075,12089.3575,64597.21,26289.365,-0.9474042892438844,-0.3200392362231385,0.8660254037844387,-0.4999999999999998,-0.433883739117558,-0.9009688679024191,0,weekday,15.65
2019-09-14,2019,9,14,257,8,5,36.49,2019-09-14 08:00:00+00:00,2019-09-14 09:00:00+00:00,52745.6725,829.2574999999999,1070.9075,16966.5725,52636.4,18866.7375,-0.9527692922168512,-0.3036950375106588,0.8660254037844387,-0.4999999999999998,-0.9749279121818236,-0.2225209339563146,0,weekend,14.71
2019-09-15,2019,9,15,258,8,6,20.99,2019-09-15 08:00:00+00:00,2019-09-15 09:00:00+00:00,47105.935,5505.04,10464.74,19886.545,59460.18,35856.325,-0.9578523554276668,-0.2872609705505963,0.8660254037844387,-0.4999999999999998,-0.7818314824680299,0.6234898018587334,0,weekend,14.932500000000001
2019-09-16,2019,9,16,259,8,0,50.79,2019-09-16 08:00:00+00:00,2019-09-16 09:00:00+00:00,63432.185,2293.25,4501.295,10836.4675,61454.49,17631.0125,-0.9626519747161488,-0.2707418984477642,0.8660254037844387,-0.4999999999999998,0.0,1.0,0,weekday,15.155
2019-09-17,2019,9,17,260,8,1,36.32,2019-09-17 08:00:00+00:00,2019-09-17 09:00:00+00:00,63808.64,5263.5775,17107.12,10271.6475,72169.18,32642.345,-0.9671667297977312,-0.2541427094613622,0.8660254037844387,-0.4999999999999998,0.7818314824680298,0.6234898018587336,0,weekday,14.175
2019-09-18,2019,9,18,261,8,2,32.66,2019-09-18 08:00:00+00:00,2019-09-18 09:00:00+00:00,64629.9075,4309.5125,12583.61,18448.4325,73501.06,35341.555,-0.97139528468375,-0.2374683155584684,0.8660254037844387,-0.4999999999999998,0.9749279121818236,-0.2225209339563143,0,weekday,12.8
2019-09-19,2019,9,19,262,8,3,50.19,2019-09-19 08:00:00+00:00,2019-09-19 09:00:00+00:00,65262.165,1219.715,4552.1625,18928.245000000003,70172.38,24700.122500000005,-0.9753363880767836,-0.2207236509605022,0.8660254037844387,-0.4999999999999998,0.4338837391175582,-0.900968867902419,0,weekday,12.255
2019-09-20,2019,9,20,263,8,4,49.48,2019-09-20 08:00:00+00:00,2019-09-20 09:00:00+00:00,64831.2325,1089.9725,2783.8025,17104.7775,66835.96,20978.5525,-0.978988873740932,-0.2039136706831147,0.8660254037844387,-0.4999999999999998,-0.433883739117558,-0.9009688679024191,0,weekday,12.575
2019-09-21,2019,9,21,264,8,5,31.49,2019-09-21 08:00:00+00:00,2019-09-21 09:00:00+00:00,53885.83,249.465,2957.16,19701.3175,54432.41,22907.9425,-0.9823516608469236,-0.1870433490699165,0.8660254037844387,-0.4999999999999998,-0.9749279121818236,-0.2225209339563146,0,weekend,12.71
2019-09-22,2019,9,22,265,8,6,26.24,2019-09-22 08:00:00+00:00,2019-09-22 09:00:00+00:00,49203.8075,1573.2925,3602.1775,18534.85,52712.11,23710.32,-0.9854237542919524,-0.1701176783204905,0.8660254037844387,-0.4999999999999998,-0.7818314824680299,0.6234898018587334,0,weekend,12.4775
2019-09-23,2019,9,23,266,8,0,49.99,2019-09-23 08:00:00+00:00,2019-09-23 09:00:00+00:00,64775.16,1828.6375,6018.445,7697.19,62110.15,15544.2725,-0.9882042449941422,-0.15314166701312,0.8660254037844387,-0.4999999999999998,0.0,1.0,0,weekday,12.245
2019-09-24,2019,9,24,267,8,1,52.95,2019-09-24 08:00:00+00:00,2019-09-24 09:00:00+00:00,65612.2825,1546.0,2420.5625,12156.32,62698.04,16122.8825,-0.9906923101615608,-0.136120338622667,0.8660254037844387,-0.4999999999999998,0.7818314824680298,0.6234898018587336,0,weekday,12.175
2019-09-25,2019,9,25,268,8,2,51.67,2019-09-25 08:00:00+00:00,2019-09-25 09:00:00+00:00,65033.6475,1159.8725,5758.0075,6907.815,62208.44,13825.695,-0.9928872135356962,-0.1190587300340498,0.8660254037844387,-0.4999999999999998,0.9749279121818236,-0.2225209339563143,0,weekday,11.935
2019-09-26,2019,9,26,269,8,3,49.84,2019-09-26 08:00:00+00:00,2019-09-26 09:00:00+00:00,64718.375,2426.8675,6527.9975,6863.205,63438.82,15818.07,-0.994788305609327,-0.1019618900517457,0.8660254037844387,-0.4999999999999998,0.4338837391175582,-0.900968867902419,0,weekday,12.045
2019-09-27,2019,9,27,270,8,4,47.27,2019-09-27 08:00:00+00:00,2019-09-27 09:00:00+00:00,65394.645,3674.365,10922.295,7091.8875,66338.05,21688.5475,-0.9963950238187232,-0.0848348779057653,0.8660254037844387,-0.4999999999999998,-0.433883739117558,-0.9009688679024191,0,weekday,11.94
2019-09-28,2019,9,28,271,8,5,30.11,2019-09-28 08:00:00+00:00,2019-09-28 09:00:00+00:00,56109.3875,5123.5625,22213.6975,10741.4525,63247.51,38078.7125,-0.9977068927101168,-0.0676827617545516,0.8660254037844387,-0.4999999999999998,-0.9749279121818236,-0.2225209339563146,0,weekend,11.94
2019-09-29,2019,9,29,272,8,6,18.13,2019-09-29 08:00:00+00:00,2019-09-29 09:00:00+00:00,50302.1625,4392.3775,19794.917500000003,9447.7975,54137.95,33635.0925,-0.9987235240803972,-0.0505106171852228,0.8660254037844387,-0.4999999999999998,-0.7818314824680299,0.6234898018587334,0,weekend,14.309999999999999
2019-09-30,2019,9,30,273,8,0,28.21,2019-09-30 08:00:00+00:00,2019-09-30 09:00:00+00:00,66637.45,4829.860000000001,35719.5975,8989.6225,76136.66,49539.08,-0.9994446170919858,-0.0333235257116313,0.8660254037844387,-0.4999999999999998,0.0,1.0,0,weekday,16.68
2019-10-01,2019,10,1,274,8,1,46.86,2019-10-01 08:00:00+00:00,2019-10-01 09:00:00+00:00,65707.965,2418.5825,16937.5125,8404.785,67189.59,27760.88,-0.9998699583618592,-0.0161265732706577,0.8660254037844387,-0.4999999999999998,0.7818314824680298,0.6234898018587336,0,weekday,16.25
2019-10-02,2019,10,2,275,8,2,50.0,2019-10-02 08:00:00+00:00,2019-10-02 09:00:00+00:00,67202.8175,4369.7275,9351.335,6571.925,62441.84,20292.9875,-0.9999994220246924,0.0010751512827982,0.8660254037844387,-0.4999999999999998,0.9749279121818236,-0.2225209339563143,0,weekday,16.3
2019-10-03,2019,10,3,276,8,3,46.8,2019-10-03 08:00:00+00:00,2019-10-03 09:00:00+00:00,51665.445,680.2850000000001,9773.7525,9508.8425,59050.19,19962.88,-0.999832969770105,0.0182765576816912,0.8660254037844387,-0.4999999999999998,0.4338837391175582,-0.900968867902419,1,holiday,16.0
2019-10-04,2019,10,4,277,8,4,48.71,2019-10-04 08:00:00+00:00,2019-10-04 09:00:00+00:00,61883.215,1867.525,5720.26,5530.465,58609.69,13118.25,-0.9993706508539968,0.0354725557531255,0.8660254037844387,-0.4999999999999998,-0.433883739117558,-0.9009688679024191,0,weekday,16.35
2019-10-05,2019,10,5,278,8,5,39.96,2019-10-05 08:00:00+00:00,2019-10-05 09:00:00+00:00,56217.0625,3413.1325,12849.2675,6418.4175,59349.01,22680.8175,-0.9986126020839734,0.052658056924614,0.8660254037844387,-0.4999999999999998,-0.9749279121818236,-0.2225209339563146,0,weekend,15.77
2019-10-06,2019,10,6,279,8,6,33.93,2019-10-06 08:00:00+00:00,2019-10-06 09:00:00+00:00,50993.2125,4455.785,6669.915,9758.8,55298.12,20884.5,-0.9975590477788612,0.0698279757298708,0.8660254037844387,-0.4999999999999998,-0.7818314824680299,0.6234898018587334,0,weekend,15.485
2019-10-07,2019,10,7,280,8,0,53.08,2019-10-07 08:00:00+00:00,2019-10-07 09:00:00+00:00,66835.5675,1927.9125,2052.0275,12146.6675,67910.64,16126.6075,-0.9962102997023295,0.0869772313136861,0.8660254037844387,-0.4999999999999998,0.0,1.0,0,weekday,15.2
2019-10-08,2019,10,8,281,8,1,40.16,2019-10-08 08:00:00+00:00,2019-10-08 09:00:00+00:00,68009.5775,3880.9125,21949.46,3370.76,74469.97,29201.1325,-0.9945667569706336,0.1041007489354256,0.8660254037844387,-0.4999999999999998,0.7818314824680298,0.6234898018587336,0,weekday,15.65
2019-10-09,2019,10,9,282,8,2,42.62,2019-10-09 08:00:00+00:00,2019-10-09 09:00:00+00:00,65767.8825,5662.4575,18997.0125,7370.7975,74997.2,32030.2675,-0.9926289059345096,0.121193461470736,0.8660254037844387,-0.4999999999999998,0.9749279121818236,-0.2225209339563143,0,weekday,15.3
2019-10-10,2019,10,10,283,8,3,29.95,2019-10-10 08:00:00+00:00,2019-10-10 09:00:00+00:00,67317.0375,5136.23,23414.9875,8652.24,75956.2,37203.4575,-0.9903973200352558,0.1382503109109819,0.8660254037844387,-0.4999999999999998,0.4338837391175582,-0.900968867902419,0,weekday,15.825
2019-10-11,2019,10,11,284,8,4,33.9,2019-10-11 08:00:00+00:00,2019-10-11 09:00:00+00:00,66564.85500000001,5500.235,26778.7975,9126.5275,76236.64,41405.56,-0.9878726596350428,0.1552662498599956,0.8660254037844387,-0.4999999999999998,-0.433883739117558,-0.9009688679024191,0,weekday,16.125
2019-10-12,2019,10,12,285,8,5,12.75,2019-10-12 08:00:00+00:00,2019-10-12 09:00:00+00:00,56484.9,5102.86,20133.4225,14148.6425,64448.79,39384.925,-0.9850556718215012,0.172236243027682,0.8660254037844387,-0.4999999999999998,-0.9749279121818236,-0.2225209339563146,0,weekend,16.135
2019-10-13,2019,10,13,286,8,6,25.1,2019-10-13 08:00:00+00:00,2019-10-13 09:00:00+00:00,49682.7525,1453.485,12206.1775,11665.885,53449.87,25325.5475,-0.981947190186646,0.1891552687200409,0.8660254037844387,-0.4999999999999998,-0.7818314824680299,0.6234898018587334,0,weekend,16.0425
2019-10-14,2019,10,14,287,8,0,48.34,2019-10-14 08:00:00+00:00,2019-10-14 09:00:00+00:00,65018.99,1653.2175,3991.9175,11902.805,66927.58,17547.940000000002,-0.9785481345802032,0.2060183203251708,0.8660254037844387,-0.4999999999999998,0.0,1.0,0,weekday,15.95
2019-10-15,2019,10,15,288,8,1,51.76,2019-10-15 08:00:00+00:00,2019-10-15 09:00:00+00:00,65948.7125,3221.125,4533.54,12973.65,70121.29,20728.315,-0.9748595108374124,0.2228204077947995,0.8660254037844387,-0.4999999999999998,0.7818314824680298,0.6234898018587336,0,weekday,16.05
2019-10-16,2019,10,16,289,8,2,46.99,2019-10-16 08:00:00+00:00,2019-10-16 09:00:00+00:00,66678.8775,2163.0225,18041.5875,8561.157500000001,72334.08,28765.7675,-0.9708824104813836,0.239556559120927,0.8660254037844387,-0.4999999999999998,0.9749279121818236,-0.2225209339563143,0,weekday,16.225
2019-10-17,2019,10,17,290,8,3,51.97,2019-10-17 08:00:00+00:00,2019-10-17 09:00:00+00:00,65731.1725,2649.7975,10748.61,5659.4425,71225.94,19057.85,-0.9666180104000972,0.2562218218071163,0.8660254037844387,-0.4999999999999998,0.4338837391175582,-0.900968867902419,0,weekday,15.825
2019-10-18,2019,10,18,291,8,4,41.79,2019-10-18 08:00:00+00:00,2019-10-18 09:00:00+00:00,66648.575,4681.7975,14763.3425,7696.46,70987.95,27141.6,-0.9620675724981452,0.2728112643340191,0.8660254037844387,-0.4999999999999998,-0.433883739117558,-0.9009688679024191,0,weekday,16.245
2019-10-19,2019,10,19,292,8,5,36.0,2019-10-19 08:00:00+00:00,2019-10-19 09:00:00+00:00,56940.98,5051.675,12629.8575,4572.7075,59527.92,22254.24,-0.957232443323312,0.2893199776186952,0.8660254037844387,-0.4999999999999998,-0.9749279121818236,-0.2225209339563146,0,weekend,15.965
2019-10-20,2019,10,20,293,8,6,37.47,2019-10-20 08:00:00+00:00,2019-10-20 09:00:00+00:00,49870.665,1024.255,3138.6475,8845.8325,48689.53,13008.735,-0.9521140536681102,0.3057430764672831,0.8660254037844387,-0.4999999999999998,-0.7818314824680299,0.6234898018587334,0,weekend,16.0875
2019-10-21,2019,10,21,294,8,0,50.32,2019-10-21 08:00:00+00:00,2019-10-21 09:00:00+00:00,66231.39,4369.172500000001,9550.76,7591.4625,71876.96,21511.395,-0.9467139181463862,0.3220757010206104,0.8660254037844387,-0.4999999999999998,0.0,1.0,0,weekday,16.21
2019-10-22,2019,10,22,295,8,1,55.49,2019-10-22 08:00:00+00:00,2019-10-22 09:00:00+00:00,66092.8275,1391.13,5190.2375,9006.33,70037.57,15587.6975,-0.9410336347451196,0.3383130181923076,0.8660254037844387,-0.4999999999999998,0.7818314824680298,0.6234898018587336,0,weekday,15.75
2019-10-23,2019,10,23,296,8,2,54.11,2019-10-23 08:00:00+00:00,2019-10-23 09:00:00+00:00,65574.2925,807.9425,3000.1525,7555.5325,65684.01,11363.6275,-0.9350748843515574,0.3544502230989869,0.8660254037844387,-0.4999999999999998,0.9749279121818236,-0.2225209339563143,0,weekday,15.3
2019-10-24,2019,10,24,297,8,3,51.08,2019-10-24 08:00:00+00:00,2019-10-24 09:00:00+00:00,66247.87,2275.8325,5466.715,8084.6875,65501.28,15827.235,-0.9288394302558068,0.3704825404820963,0.8660254037844387,-0.4999999999999998,0.4338837391175582,-0.900968867902419,0,weekday,15.15
2019-10-25,2019,10,25,298,8,4,44.49,2019-10-25 08:00:00+00:00,2019-10-25 09:00:00+00:00,65818.1225,5154.925,14841.0425,7653.5525,71467.57,27649.52,-0.9223291176290545,0.3864052261209853,0.8660254037844387,-0.4999999999999998,-0.433883739117558,-0.9009688679024191,0,weekday,15.55
2019-10-26,2019,10,26,299,8,5,22.9,2019-10-26 08:00:00+00:00,2019-10-26 09:00:00+00:00,57601.8275,5194.969999999999,22930.5,10864.5225,69026.05,38989.9925,-0.9155458729775467,0.4022135682368036,0.8660254037844387,-0.4999999999999998,-0.9749279121818236,-0.2225209339563146,0,weekend,15.235
2019-10-27,2019,10,27,300,8,6,28.91,2019-10-27 08:00:00+00:00,2019-10-27 09:00:00+00:00,48489.0925,5767.37,16800.829999999998,7882.065,57324.14,30450.265,-0.9084917035725082,0.4179028888867866,0.8660254037844387,-0.4999999999999998,-0.7818314824680299,0.6234898018587334,0,weekend,14.905
2019-10-28,2019,10,28,301,8,0,44.01,2019-10-28 08:00:00+00:00,2019-10-28 09:00:00+00:00,64413.7875,4119.3325,8025.7075,8577.715,73175.3,20722.755,-0.9011686968561567,0.4334685453485363,0.8660254037844387,-0.4999999999999998,0.0,1.0,0,weekday,14.575
2019-10-29,2019,10,29,302,8,1,55.01,2019-10-29 08:00:00+00:00,2019-10-29 09:00:00+00:00,65073.16499999999,1111.8375,3390.5675,6920.77,67982.07,11423.175,-0.8935790198239952,0.4489059314938798,0.8660254037844387,-0.4999999999999998,0.7818314824680298,0.6234898018587336,0,weekday,14.5
2019-10-30,2019,10,30,303,8,2,54.37,2019-10-30 08:00:00+00:00,2019-10-30 09:00:00+00:00,66026.3275,135.09,2799.3425,8779.655,68010.73,11714.0875,-0.8857249183835637,0.4642104791518923,0.8660254037844387,-0.4999999999999998,0.9749279121818236,-0.2225209339563143,0,weekday,13.625
2019-10-31,2019,10,31,304,8,3,45.21,2019-10-31 08:00:00+00:00,2019-10-31 09:00:00+00:00,61700.97,616.6524999999999,3883.915,10710.65,65679.17,15211.2175,-0.8776087166898392,0.4793776594606945,0.8660254037844387,-0.4999999999999998,0.4338837391175582,-0.900968867902419,0,weekday,16.05
2019-11-01,2019,11,1,305,8,4,35.07,2019-11-01 08:00:00+00:00,2019-11-01 09:00:00+00:00,55718.775,3776.4,11342.64,6027.5275,58080.15,21146.5675,-0.8692328164574792,0.4944029842076181,0.8660254037844387,-0.4999999999999998,-0.433883739117558,-0.9009688679024191,0,weekday,16.35
2019-11-02,2019,11,2,306,8,5,30.28,2019-11-02 08:00:00+00:00,2019-11-02 09:00:00+00:00,55343.165,4675.1125,22276.7225,3012.75,61318.32,29964.585,-0.8605996962501181,0.5092820071573356,0.8660254037844387,-0.4999999999999998,-0.9749279121818236,-0.2225209339563146,0,weekend,16.175
2019-11-03,2019,11,3,307,8,6,29.11,2019-11-03 08:00:00+00:00,2019-11-03 09:00:00+00:00,50359.085,3685.0725,9678.46,3541.1975,48289.83,16904.73,-0.8517119107469189,0.5240103253675756,0.8660254037844387,-0.4999999999999998,-0.7818314824680299,0.6234898018587334,0,weekend,16.2375
2019-11-04,2019,11,4,308,8,0,45.07,2019-11-04 08:00:00+00:00,2019-11-04 09:00:00+00:00,66633.3375,1896.64,12339.175,5222.0775,64741.69,19457.8925,-0.8425720899866032,0.5385835804920232,0.8660254037844387,-0.4999999999999998,0.0,1.0,0,weekday,16.3
2019-11-05,2019,11,5,309,8,1,47.43,2019-11-05 08:00:00+00:00,2019-11-05 09:00:00+00:00,65707.82250000001,2784.73,7763.65,4766.1875,68771.53,15314.5675,-0.8331829385891785,0.5529974600700271,0.8660254037844387,-0.4999999999999998,0.7818314824680298,0.6234898018587336,0,weekday,16.75
2019-11-06,2019,11,6,310,8,2,56.92,2019-11-06 08:00:00+00:00,2019-11-06 09:00:00+00:00,65781.4325,811.3175,3691.4725,3420.83,65966.7,7923.62,-0.8235472349556007,0.5672476988027229,0.8660254037844387,-0.4999999999999998,0.9749279121818236,-0.2225209339563143,0,weekday,16.575
2019-11-07,2019,11,7,311,8,3,48.56,2019-11-07 08:00:00+00:00,2019-11-07 09:00:00+00:00,66461.26000000001,1724.955,6965.2375,6552.71,68649.05,15242.9025,-0.8136678304455991,0.5813300798152042,0.8660254037844387,-0.4999999999999998,0.4338837391175582,-0.900968867902419,0,weekday,16.225
2019-11-08,2019,11,8,312,8,4,55.62,2019-11-08 08:00:00+00:00,2019-11-08 09:00:00+00:00,65184.08,3432.2825000000003,4186.125,3973.5375,66465.91,11591.945,-0.8035476485339116,0.5952404359043674,0.8660254037844387,-0.4999999999999998,-0.433883739117558,-0.9009688679024191,0,weekday,16.175
2019-11-09,2019,11,9,313,8,5,44.57,2019-11-09 08:00:00+00:00,2019-11-09 09:00:00+00:00,54695.4825,1971.69,6728.8125,3242.255,56271.81,11942.7575,-0.7931896839451843,0.6089746507720486,0.8660254037844387,-0.4999999999999998,-0.9749279121818236,-0.2225209339563146,0,weekend,15.94
2019-11-10,2019,11,10,314,8,6,39.12,2019-11-10 08:00:00+00:00,2019-11-10 09:00:00+00:00,48440.245,2083.57,2220.865,7349.5675,53314.27,11654.0025,-0.7825970017677834,0.6225286602431057,0.8660254037844387,-0.4999999999999998,-0.7818314824680299,0.6234898018587334,0,weekend,15.907499999999999
2019-11-11,2019,11,11,315,8,0,49.85,2019-11-11 08:00:00+00:00,2019-11-11 09:00:00+00:00,65718.35,4087.4125,10779.7775,6016.745,70197.49,20883.935,-0.7717727365467836,0.6358984534680745,0.8660254037844387,-0.4999999999999998,0.0,1.0,0,weekday,15.875
2019-11-12,2019,11,12,316,8,1,43.0,2019-11-12 08:00:00+00:00,2019-11-12 09:00:00+00:00,66822.55,4600.555,18713.09,3578.7125,75406.37,26892.3575,-0.7607200913564104,0.6490800741100398,0.8660254037844387,-0.4999999999999998,0.7818314824680298,0.6234898018587336,0,weekday,15.6
2019-11-13,2019,11,13,317,8,2,51.56,2019-11-13 08:00:00+00:00,2019-11-13 09:00:00+00:00,68212.91750000001,3617.6925,12659.9975,3069.5925,74181.06,19347.2825,-0.7494423368521954,0.6620696215153815,0.8660254037844387,-0.4999999999999998,0.9749279121818236,-0.2225209339563143,0,weekday,15.275
2019-11-14,2019,11,14,318,8,3,49.1,2019-11-14 08:00:00+00:00,2019-11-14 09:00:00+00:00,68103.2025,1197.0775,8323.7375,7381.325,75696.59,16902.14,-0.7379428103031386,0.6748632518680403,0.8660254037844387,-0.4999999999999998,0.4338837391175582,-0.900968867902419,0,weekday,15.45
2019-11-15,2019,11,15,319,8,4,35.4,2019-11-15 08:00:00+00:00,2019-11-15 09:00:00+00:00,67038.3775,4974.9400000000005,22009.0675,3567.5525,78290.78,30551.56,-0.7262249146041543,0.6874571793269664,0.8660254037844387,-0.4999999999999998,-0.433883739117558,-0.9009688679024191,0,weekday,15.4
2019-11-16,2019,11,16,320,8,5,43.13,2019-11-16 08:00:00+00:00,2019-11-16 09:00:00+00:00,55932.54,1345.4925,6677.1025,3621.9175,56306.97,11644.5125,-0.7142921172691032,0.699847677146407,0.8660254037844387,-0.4999999999999998,-0.9749279121818236,-0.2225209339563146,0,weekend,15.715
2019-11-17,2019,11,17,321,8,6,38.81,2019-11-17 08:00:00+00:00,2019-11-17 09:00:00+00:00,48765.32,2180.44,6013.4925,2130.945,52665.21,10324.8775,-0.7021479494046978,0.7120310787787131,0.8660254037844387,-0.4999999999999998,-0.7818314824680299,0.6234898018587334,0,weekend,15.545
2019-11-18,2019,11,18,322,8,0,49.79,2019-11-18 08:00:00+00:00,2019-11-18 09:00:00+00:00,67340.755,4538.8975,8811.485,2767.7575,71109.56,16118.14,-0.6897960046655887,0.7240037789593305,0.8660254037844387,-0.4999999999999998,0.0,1.0,0,weekday,15.375
2019-11-19,2019,11,19,323,8,1,41.99,2019-11-19 08:00:00+00:00,2019-11-19 09:00:00+00:00,69050.0,4917.925,17851.1,4636.7425,78231.54,27405.7675,-0.6772399381909491,0.7357622347736527,0.8660254037844387,-0.4999999999999998,0.7818314824680298,0.6234898018587336,0,weekday,15.15
2019-11-20,2019,11,20,324,8,2,65.93,2019-11-20 08:00:00+00:00,2019-11-20 09:00:00+00:00,67393.6425,225.575,1211.975,2680.5325,65598.53,4118.0825,-0.6644834655228552,0.7473029667054296,0.8660254037844387,-0.4999999999999998,0.9749279121818236,-0.2225209339563143,0,weekday,15.3
2019-11-21,2019,11,21,325,8,3,58.93,2019-11-21 08:00:00+00:00,2019-11-21 09:00:00+00:00,68130.7025,1410.4924999999998,3494.1325,1423.375,67857.39,6328.0,-0.6515303615068021,0.75862255966641,0.8660254037844387,-0.4999999999999998,0.4338837391175582,-0.900968867902419,0,weekday,15.675
2019-11-22,2019,11,22,326,8,4,51.44,2019-11-22 08:00:00+00:00,2019-11-22 09:00:00+00:00,67987.0975,2494.105,6128.2125,2876.8075,68841.69,11499.125,-0.6383844591746642,0.7697176640069211,0.8660254037844387,-0.4999999999999998,-0.433883739117558,-0.9009688679024191,0,weekday,16.0
2019-11-23,2019,11,23,327,8,5,30.44,2019-11-23 08:00:00+00:00,2019-11-23 09:00:00+00:00,57224.555,5735.59,19193.1825,4455.09,64326.34,29383.8625,-0.6250496486104377,0.7805849965070866,0.8660254037844387,-0.4999999999999998,-0.9749279121818236,-0.2225209339563146,0,weekend,16.05
2019-11-24,2019,11,24,328,8,6,34.31,2019-11-24 08:00:00+00:00,2019-11-24 09:00:00+00:00,49995.195,5413.547500000001,9606.08,4859.995,57736.19,19879.6225,-0.6115298757991053,0.7912213413483807,0.8660254037844387,-0.4999999999999998,-0.7818314824680299,0.6234898018587334,0,weekend,16.262500000000003
2019-11-25,2019,11,25,329,8,0,58.42,2019-11-25 08:00:00+00:00,2019-11-25 09:00:00+00:00,67248.3225,845.215,2205.445,1700.01,62879.51,4750.67,-0.5978291414589552,0.801623551065242,0.8660254037844387,-0.4999999999999998,0.0,1.0,0,weekday,16.475
2019-11-26,2019,11,26,330,8,1,54.58,2019-11-26 08:00:00+00:00,2019-11-26 09:00:00+00:00,69554.155,2594.49,6957.7775,1445.4825,71071.76,10997.75,-0.5839514998576998,0.8117885474764613,0.8660254037844387,-0.4999999999999998,0.7818314824680298,0.6234898018587336,0,weekday,16.0
2019-11-27,2019,11,27,331,8,2,46.32,2019-11-27 08:00:00+00:00,2019-11-27 09:00:00+00:00,69156.095,3793.97,18045.3275,1180.1275,73861.38,23019.425,-0.5699010576127624,0.8217133225960589,0.8660254037844387,-0.4999999999999998,0.9749279121818236,-0.2225209339563143,0,weekday,15.95
2019-11-28,2019,11,28,332,8,3,39.34,2019-11-28 08:00:00+00:00,2019-11-28 09:00:00+00:00,69524.9375,2886.835,33097.0,2172.7225,79921.89,38156.5575,-0.5556819724760489,0.8313949395234058,0.8660254037844387,-0.4999999999999998,0.4338837391175582,-0.900968867902419,0,weekday,15.98
2019-11-29,2019,11,29,333,8,4,42.69,2019-11-29 08:00:00+00:00,2019-11-29 09:00:00+00:00,69996.49,5873.1675,21869.4975,2172.2375,75461.76,29914.9025,-0.5412984521036173,0.8408305333122887,0.8660254037844387,-0.4999999999999998,-0.433883739117558,-0.9009688679024191,0,weekday,16.33
2019-11-30,2019,11,30,334,8,5,45.35,2019-11-30 08:00:00+00:00,2019-11-30 09:00:00+00:00,58913.105,2353.9375,7511.4775,3676.6,57614.34,13542.015,-0.5267547528105542,0.8500173118187018,0.8660254037844387,-0.4999999999999998,-0.9749279121818236,-0.2225209339563146,0,weekend,16.33
2019-12-01,2019,12,1,335,8,6,42.12,2019-12-01 08:00:00+00:00,2019-12-01 09:00:00+00:00,51462.36,730.325,4499.705,2309.5375,50326.56,7539.567499999999,-0.5120551783114646,0.8589525565270845,0.8660254037844387,-0.4999999999999998,-0.7818314824680299,0.6234898018587334,0,weekend,16.1425
2019-12-02,2019,12,2,336,8,0,54.09,2019-12-02 08:00:00+00:00,2019-12-02 09:00:00+00:00,67686.5275,5717.305,11890.4225,2354.7475,76290.89,19962.475,-0.4972040784469378,0.8676336233547726,0.8660254037844387,-0.4999999999999998,0.0,1.0,0,weekday,15.955
2019-12-03,2019,12,3,337,8,1,71.0,2019-12-03 08:00:00+00:00,2019-12-03 09:00:00+00:00,68308.51,2585.42,5020.8125,2126.025,68274.78,9732.2575,-0.4822058478963526,0.8760579434344281,0.8660254037844387,-0.4999999999999998,0.7818314824680298,0.6234898018587336,0,weekday,15.675
2019-12-04,2019,12,4,338,8,2,51.47,2019-12-04 08:00:00+00:00,2019-12-04 09:00:00+00:00,68459.255,4153.35,6976.875,4361.045,73591.86,15491.27,-0.4670649248774303,0.8842230238742036,0.8660254037844387,-0.4999999999999998,0.9749279121818236,-0.2225209339563143,0,weekday,15.6
2019-12-05,2019,12,5,339,8,3,51.23,2019-12-05 08:00:00+00:00,2019-12-05 09:00:00+00:00,69595.2075,5212.3675,6751.6825,4881.2175,73014.5,16845.267499999998,-0.451785789832884,0.8921264484954345,0.8660254037844387,-0.4999999999999998,0.4338837391175582,-0.900968867902419,0,weekday,15.6
2019-12-06,2019,12,6,340,8,4,37.96,2019-12-06 08:00:00+00:00,2019-12-06 09:00:00+00:00,70447.2975,6346.185,29788.74,3423.1275,81563.75,39558.052500000005,-0.4363729641045924,0.8997658785476209,0.8660254037844387,-0.4999999999999998,-0.433883739117558,-0.9009688679024191,0,weekday,15.175
2019-12-07,2019,12,7,341,8,5,34.18,2019-12-07 08:00:00+00:00,2019-12-07 09:00:00+00:00,59865.17,5733.9625,29179.99,1117.07,67652.89,36031.0225,-0.4208310085956556,0.9071390534005044,0.8660254037844387,-0.4999999999999998,-0.9749279121818236,-0.2225209339563146,0,weekend,15.14
2019-12-08,2019,12,8,342,8,6,-49.92,2019-12-08 08:00:00+00:00,2019-12-08 09:00:00+00:00,51420.61,5721.4275,36010.015,2071.54,64651.87,43802.9825,-0.4051645224207563,0.9142437912130223,0.8660254037844387,-0.4999999999999998,-0.7818314824680299,0.6234898018587334,0,weekend,14.9575
2019-12-09,2019,12,9,343,8,0,39.77,2019-12-09 08:00:00+00:00,2019-12-09 09:00:00+00:00,70017.875,5598.985000000001,29504.9475,2192.545,77581.0,37296.47749999999,-0.3893781415452015,0.9210779895789526,0.8660254037844387,-0.4999999999999998,0.0,1.0,0,weekday,14.775
2019-12-10,2019,12,10,344,8,1,54.93,2019-12-10 08:00:00+00:00,2019-12-10 09:00:00+00:00,69518.745,2061.6725,10985.5525,3787.895,71863.66,16835.12,-0.3734765374130707,0.9276396261490468,0.8660254037844387,-0.4999999999999998,0.7818314824680298,0.6234898018587336,0,weekday,14.37
2019-12-11,2019,12,11,345,8,2,41.9,2019-12-11 08:00:00+00:00,2019-12-11 09:00:00+00:00,71839.7825,4393.5975,18148.9675,1927.5625,76673.62,24470.1275,-0.3574644155648614,0.9339267592294762,0.8660254037844387,-0.4999999999999998,0.9749279121818236,-0.2225209339563143,0,weekday,14.17
2019-12-12,2019,12,12,346,8,3,60.1,2019-12-12 08:00:00+00:00,2019-12-12 09:00:00+00:00,71742.4125,2415.66,11324.43,1076.78,69465.82,14816.87,-0.3413465142450361,0.9399375283564132,0.8660254037844387,-0.4999999999999998,0.4338837391175582,-0.900968867902419,0,weekday,14.15
2019-12-13,2019,12,13,347,8,4,43.9,2019-12-13 08:00:00+00:00,2019-12-13 09:00:00+00:00,70890.215,5476.99,24549.1025,1288.1,74610.54,31314.1925,-0.3251276029999093,0.9456701548465688,0.8660254037844387,-0.4999999999999998,-0.433883739117558,-0.9009688679024191,0,weekday,14.23
2019-12-14,2019,12,14,348,8,5,30.65,2019-12-14 08:00:00+00:00,2019-12-14 09:00:00+00:00,60891.3675,4661.68,27037.3175,1218.245,64124.31,32917.2425,-0.3088124812662537,0.9511229423235356,0.8660254037844387,-0.4999999999999998,-0.9749279121818236,-0.2225209339563146,0,weekend,13.805
2019-12-15,2019,12,15,349,8,6,0.1,2019-12-15 08:00:00+00:00,2019-12-15 09:00:00+00:00,54148.315,5107.28,35517.082500000004,1662.7225,64014.11,42287.08500000001,-0.2924059769510773,0.956294277219772,0.8660254037844387,-0.4999999999999998,-0.7818314824680299,0.6234898018587334,0,weekend,13.8775
2019-12-16,2019,12,16,350,8,0,42.0,2019-12-16 08:00:00+00:00,2019-12-16 09:00:00+00:00,70340.7975,6092.5775,15188.6375,2130.6325,71239.33,23411.8475,-0.2759129450029604,0.9611826292540836,0.8660254037844387,-0.4999999999999998,0.0,1.0,0,weekday,13.95
2019-12-17,2019,12,17,351,8,1,42.35,2019-12-17 08:00:00+00:00,2019-12-17 09:00:00+00:00,71318.55,2105.7525,19044.5675,2762.02,75057.25,23912.34,-0.2593382659754056,0.9657865518844574,0.8660254037844387,-0.4999999999999998,0.7818314824680298,0.6234898018587336,0,weekday,14.47
2019-12-18,2019,12,18,352,8,2,45.71,2019-12-18 08:00:00+00:00,2019-12-18 09:00:00+00:00,68433.33499999999,4674.5225,10965.8975,1786.34,71121.74,17426.76,-0.2426868445825954,0.9701046827361176,0.8660254037844387,-0.4999999999999998,0.9749279121818236,-0.2225209339563143,0,weekday,14.35
2019-12-19,2019,12,19,353,8,3,39.62,2019-12-19 08:00:00+00:00,2019-12-19 09:00:00+00:00,69037.48,5856.2275,17461.23,2851.3050000000003,69264.28,26168.7625,-0.225963608248019,0.974135744004672,0.8660254037844387,-0.4999999999999998,0.4338837391175582,-0.900968867902419,0,weekday,14.4
2019-12-20,2019,12,20,354,8,4,33.01,2019-12-20 08:00:00+00:00,2019-12-20 09:00:00+00:00,67966.395,5574.3575,22392.1,2702.595,69673.61,30669.0525,-0.2091735056463563,0.9778785428342386,0.8660254037844387,-0.4999999999999998,-0.433883739117558,-0.9009688679024191,0,weekday,14.075
2019-12-21,2019,12,21,355,8,5,35.9,2019-12-21 08:00:00+00:00,2019-12-21 09:00:00+00:00,55555.97,4757.6900000000005,11921.9925,2001.655,55541.93,18681.3375,-0.1923215052390948,0.9813319716704276,0.8660254037844387,-0.4999999999999998,-0.9749279121818236,-0.2225209339563146,0,weekend,14.235
2019-12-22,2019,12,22,356,8,6,33.04,2019-12-22 08:00:00+00:00,2019-12-22 09:00:00+00:00,50794.895,3109.3625,12164.3975,1123.5925,49809.6,16397.352499999997,-0.1754125938042784,0.9844950085880858,0.8660254037844387,-0.4999999999999998,-0.7818314824680299,0.6234898018587334,0,weekend,13.7225
2019-12-23,2019,12,23,357,8,0,37.0,2019-12-23 08:00:00+00:00,2019-12-23 09:00:00+00:00,59793.2575,4149.6325,20664.615,937.25,61470.22,25751.4975,-0.1584517749608363,0.9873667175937016,0.8660254037844387,-0.4999999999999998,0.0,1.0,0,weekday,13.21
2019-12-24,2019,12,24,358,8,1,29.47,2019-12-24 08:00:00+00:00,2019-12-24 09:00:00+00:00,54202.26,3938.7575,15256.3225,1240.395,53406.2,20435.475,-0.141444067687942,0.989946248902378,0.8660254037844387,-0.4999999999999998,0.7818314824680298,0.6234898018587336,0,weekday,12.61
2019-12-25,2019,12,25,359,8,2,33.1,2019-12-25 08:00:00+00:00,2019-12-25 09:00:00+00:00,46403.6425,1778.815,11970.52,881.98,45360.22,14631.315,-0.1243945048397999,0.9922328391893008,0.8660254037844387,-0.4999999999999998,0.9749279121818236,-0.2225209339563143,1,holiday,12.605
2019-12-26,2019,12,26,360,8,3,34.47,2019-12-26 08:00:00+00:00,2019-12-26 09:00:00+00:00,45240.765,454.9525,5382.2275,1312.7625,39300.35,7149.9425,-0.1073081316563624,0.994225811815616,0.8660254037844387,-0.4999999999999998,0.4338837391175582,-0.900968867902419,1,holiday,12.605
2019-12-27,2019,12,27,361,8,4,40.0,2019-12-27 08:00:00+00:00,2019-12-27 09:00:00+00:00,57669.19,1543.33,4383.7775,1008.63,45824.54,6935.7375,-0.0901900042703451,0.99592457702866,0.8660254037844387,-0.4999999999999998,-0.433883739117558,-0.9009688679024191,0,weekday,12.765
2019-12-28,2019,12,28,362,8,5,36.82,2019-12-28 08:00:00+00:00,2019-12-28 09:00:00+00:00,51080.985,1868.6325,2690.5725,1883.6525,42217.0,6442.8575,-0.0730451882110474,0.9973286321364752,0.8660254037844387,-0.4999999999999998,-0.9749279121818236,-0.2225209339563146,0,weekend,12.765
2019-12-29,2019,12,29,363,8,6,30.04,2019-12-29 08:00:00+00:00,2019-12-29 09:00:00+00:00,45452.125,4365.2525000000005,7170.585,3142.6025,45686.66,14678.440000000002,-0.0558787569053731,0.9984375616565666,0.8660254037844387,-0.4999999999999998,-0.7818314824680299,0.6234898018587334,0,weekend,12.530000000000001
2019-12-30,2019,12,30,364,8,0,31.9,2019-12-30 08:00:00+00:00,2019-12-30 09:00:00+00:00,57729.22,6196.4775,20691.1875,3524.3775,63282.18,30412.0425,-0.0386957901765268,0.999251037438848,0.8660254037844387,-0.4999999999999998,0.0,1.0,0,weekday,12.295
2019-12-31,2019,12,31,365,8,1,40.43,2019-12-31 08:00:00+00:00,2019-12-31 09:00:00+00:00,54610.9225,4780.93,17776.64,2320.3275,75329.19,24877.8975,-0.0215013727408137,0.999768818762748,0.8660254037844387,-0.4999999999999998,0.7818314824680298,0.6234898018587336,0,weekday,12.05
2020-01-01,2020,1,1,1,8,2,30.65,2020-01-01 08:00:00+00:00,2020-01-01 09:00:00+00:00,47804.64,2270.0225,5011.6175,2703.3725,42805.72,9985.0125,0.0,1.0,0.8660254037844387,-0.4999999999999998,0.9749279121818236,-0.2225209339563143,1,holiday,12.05
2020-01-02,2020,1,2,2,8,3,45.26,2020-01-02 08:00:00+00:00,2020-01-02 09:00:00+00:00,62710.01,5735.882500000001,9847.28,2876.34,58581.16,18459.5025,0.0172015754182605,0.9998520419557736,0.8660254037844387,-0.4999999999999998,0.4338837391175582,-0.900968867902419,0,weekday,12.435
2020-01-03,2020,1,3,3,8,4,29.28,2020-01-03 08:00:00+00:00,2020-01-03 09:00:00+00:00,64599.8725,5997.2225,27739.895,1513.365,70424.74,35250.4825,0.034398060613608,0.9994082116062598,0.8660254037844387,-0.4999999999999998,-0.433883739117558,-0.9009688679024191,0,weekday,12.405
2020-01-04,2020,1,4,4,8,5,23.98,2020-01-04 08:00:00+00:00,2020-01-04 09:00:00+00:00,56519.22,6413.514999999999,30217.5875,1086.1775,68026.52,37717.28,0.0515843668694083,0.9986686402879996,0.8660254037844387,-0.4999999999999998,-0.9749279121818236,-0.2225209339563146,0,weekend,12.985
2020-01-05,2020,1,5,5,8,6,34.27,2020-01-05 08:00:00+00:00,2020-01-05 09:00:00+00:00,46919.685,3602.2775,6607.855,2083.785,45788.04,12293.9175,0.0687554084811394,0.9976335468520452,0.8660254037844387,-0.4999999999999998,-0.7818314824680299,0.6234898018587334,0,weekend,12.84
2020-01-06,2020,1,6,6,8,0,44.96,2020-01-06 08:00:00+00:00,2020-01-06 09:00:00+00:00,58626.57,5269.92,9362.3575,2031.7,60676.98,16663.9775,0.0859061042613327,0.9963032375991964,0.8660254037844387,-0.4999999999999998,0.0,1.0,0,weekday,12.695
2020-01-07,2020,1,7,7,8,1,51.12,2020-01-07 08:00:00+00:00,2020-01-07 09:00:00+00:00,64367.240000000005,2581.6475,13548.1025,891.75,68957.36,17021.5,0.1030313790431787,0.9946781061893646,0.8660254037844387,-0.4999999999999998,0.7818314824680298,0.6234898018587336,0,weekday,11.95
2020-01-08,2020,1,8,8,8,2,33.05,2020-01-08 08:00:00+00:00,2020-01-08 09:00:00+00:00,66453.225,5825.1125,23675.73,776.9875,77034.82,30277.83,0.1201261651823505,0.9927586335250792,0.8660254037844387,-0.4999999999999998,0.9749279121818236,-0.2225209339563143,0,weekday,11.835
2020-01-09,2020,1,9,9,8,3,45.68,2020-01-09 08:00:00+00:00,2020-01-09 09:00:00+00:00,67004.7375,4462.9125,16373.4975,887.0325,69983.88,21723.4425,0.1371854040566005,0.9905453876091832,0.8660254037844387,-0.4999999999999998,0.4338837391175582,-0.900968867902419,0,weekday,11.925
2020-01-10,2020,1,10,10,8,4,40.63,2020-01-10 08:00:00+00:00,2020-01-10 09:00:00+00:00,66873.31999999999,5322.315,24497.9775,2280.4700000000003,76615.07,32100.7625,0.1542040475626894,0.988039023376751,0.8660254037844387,-0.4999999999999998,-0.433883739117558,-0.9009688679024191,0,weekday,12.2
2020-01-11,2020,1,11,11,8,5,40.0,2020-01-11 08:00:00+00:00,2020-01-11 09:00:00+00:00,58531.405,5712.2325,10152.44,2230.8075,57860.76,18095.48,0.1711770596101998,0.985240282501282,0.8660254037844387,-0.4999999999999998,-0.9749279121818236,-0.2225209339563146,0,weekend,11.94
2020-01-12,2020,1,12,12,8,6,23.93,2020-01-12 08:00:00+00:00,2020-01-12 09:00:00+00:00,51193.740000000005,5850.42,26038.0225,2318.1375,63035.59,34206.579999999994,0.1880994176117975,0.9821499931752292,0.8660254037844387,-0.4999999999999998,-0.7818314824680299,0.6234898018587334,0,weekend,12.045
2020-01-13,2020,1,13,13,8,0,49.89,2020-01-13 08:00:00+00:00,2020-01-13 09:00:00+00:00,67274.91,3762.58,11113.0925,1280.7375,66249.51,16156.41,0.2049661139694953,0.9787690698649216,0.8660254037844387,-0.4999999999999998,0.0,1.0,0,weekday,12.15
2020-01-14,2020,1,14,14,8,1,27.68,2020-01-14 08:00:00+00:00,2020-01-14 09:00:00+00:00,70843.6175,5232.53,34319.595,2261.5950000000003,78731.31,41813.72,0.2217721575564818,0.975098513039961,0.8660254037844387,-0.4999999999999998,0.7818314824680298,0.6234898018587336,0,weekday,12.025
2020-01-15,2020,1,15,15,8,2,33.33,2020-01-15 08:00:00+00:00,2020-01-15 09:00:00+00:00,72363.38,4718.9025,32463.4225,4393.6925,78358.73,41576.0175,0.2385125751940764,0.9711394088771652,0.8660254037844387,-0.4999999999999998,0.9749279121818236,-0.2225209339563143,0,weekday,11.275
2020-01-16,2020,1,16,16,8,3,47.0,2020-01-16 08:00:00+00:00,2020-01-16 09:00:00+00:00,71881.2725,5497.4,9617.995,3807.2975,69971.7,18922.6925,0.2551824131233728,0.966892928939152,0.8660254037844387,-0.4999999999999998,0.4338837391175582,-0.900968867902419,0,weekday,11.425
2020-01-17,2020,1,17,17,8,4,42.94,2020-01-17 08:00:00+00:00,2020-01-17 09:00:00+00:00,71069.1975,5687.56,18473.4625,3444.0225,74616.99,27605.045,0.2717767384711357,0.9623603298276544,0.8660254037844387,-0.4999999999999998,-0.433883739117558,-0.9009688679024191,0,weekday,11.05
2020-01-18,2020,1,18,18,8,5,37.73,2020-01-18 08:00:00+00:00,2020-01-18 09:00:00+00:00,60406.3225,5159.3,20870.23,1748.9175,66007.1,27778.4475,0.2882906407095177,0.957542952811672,0.8660254037844387,-0.4999999999999998,-0.9749279121818236,-0.2225209339563146,0,weekend,10.93
2020-01-19,2020,1,19,19,8,6,35.2,2020-01-19 08:00:00+00:00,2020-01-19 09:00:00+00:00,54726.47,5131.6225,8645.4625,1965.8775,53585.87,15742.9625,0.3047192331091634,0.9524422234305676,0.8660254037844387,-0.4999999999999998,-0.7818314824680299,0.6234898018587334,0,weekend,10.841666666666667
2020-01-20,2020,1,20,20,8,0,57.01,2020-01-20 08:00:00+00:00,2020-01-20 09:00:00+00:00,70848.2175,2030.0225,4012.145,2719.27,68133.68,8761.4375,0.321057654185271,0.9470596510722284,0.8660254037844387,-0.4999999999999998,0.0,1.0,0,weekday,10.753333333333332
2020-01-21,2020,1,21,21,8,1,48.07,2020-01-21 08:00:00+00:00,2020-01-21 09:00:00+00:00,71603.545,4186.202499999999,11728.235,4579.0425,79340.05,20493.48,0.3373010691361842,0.9413968285264122,0.8660254037844387,-0.4999999999999998,0.7818314824680298,0.6234898018587336,0,weekday,10.665
2020-01-22,2020,1,22,22,8,2,50.5,2020-01-22 08:00:00+00:00,2020-01-22 09:00:00+00:00,70554.355,3317.75,11117.77,2646.0775000000003,77375.27,17081.5975,0.3534446712740877,0.9354554315134164,0.8660254037844387,-0.4999999999999998,0.9749279121818236,-0.2225209339563143,0,weekday,10.66
2020-01-23,2020,1,23,23,8,3,64.86,2020-01-23 08:00:00+00:00,2020-01-23 09:00:00+00:00,70657.9875,1707.12,3499.6325,2727.205,69043.94,7933.9575,0.3694836834473831,0.9292372181882051,0.8660254037844387,-0.4999999999999998,0.4338837391175582,-0.900968867902419,0,weekday,10.375
2020-01-24,2020,1,24,24,8,4,65.0,2020-01-24 08:00:00+00:00,2020-01-24 09:00:00+00:00,70166.8275,3324.05,4686.360000000001,3359.2875,73667.6,11369.6975,0.3854133594543256,0.9227440286201428,0.8660254037844387,-0.4999999999999998,-0.433883739117558,-0.9009688679024191,0,weekday,10.63
2020-01-25,2020,1,25,25,8,5,44.97,2020-01-25 08:00:00+00:00,2020-01-25 09:00:00+00:00,58980.215,2619.1375,4722.4400000000005,2574.5475,57983.47,9916.125,0.4012289854475009,0.9159777842484876,0.8660254037844387,-0.4999999999999998,-0.9749279121818236,-0.2225209339563146,0,weekend,10.455
2020-01-26,2020,1,26,26,8,6,34.61,2020-01-26 08:00:00+00:00,2020-01-26 09:00:00+00:00,52111.205,3829.775,5307.045,2003.84,50637.54,11140.66,0.4169258813287287,0.908940487313808,0.8660254037844387,-0.4999999999999998,-0.7818314824680299,0.6234898018587334,0,weekend,10.48
2020-01-27,2020,1,27,27,8,0,40.29,2020-01-27 08:00:00+00:00,2020-01-27 09:00:00+00:00,69201.835,4440.8175,22948.0825,2135.4925,75011.67,29524.3925,0.4324994021339788,0.901634220265486,0.8660254037844387,-0.4999999999999998,0.0,1.0,0,weekday,10.505
2020-01-28,2020,1,28,28,8,1,44.33,2020-01-28 08:00:00+00:00,2020-01-28 09:00:00+00:00,71533.7575,3100.0175,26711.5975,1695.7,71298.45,31507.315,0.4479449394078911,0.8940611451454876,0.8660254037844387,-0.4999999999999998,0.7818314824680298,0.6234898018587336,0,weekday,10.8
2020-01-29,2020,1,29,29,8,2,41.85,2020-01-29 08:00:00+00:00,2020-01-29 09:00:00+00:00,72244.17749999999,5484.3075,32209.93,2022.42,79372.78,39716.6575,0.4632579225674917,0.88622350294858,0.8660254037844387,-0.4999999999999998,0.9749279121818236,-0.2225209339563143,0,weekday,10.675
2020-01-30,2020,1,30,30,8,3,37.28,2020-01-30 08:00:00+00:00,2020-01-30 09:00:00+00:00,73081.43,5370.1175,31855.9825,2383.035,78412.74,39609.135,0.4784338202547012,0.8781236129591848,0.8660254037844387,-0.4999999999999998,0.4338837391175582,-0.900968867902419,0,weekday,10.0
2020-01-31,2020,1,31,31,8,4,37.39,2020-01-31 08:00:00+00:00,2020-01-31 09:00:00+00:00,72921.5075,5385.24,30399.315,1584.24,76990.98,37368.795,0.4934681416772373,0.8697638720650646,0.8660254037844387,-0.4999999999999998,-0.433883739117558,-0.9009688679024191,0,weekday,9.975
2020-02-01,2020,2,1,32,8,5,14.7,2020-02-01 08:00:00+00:00,2020-02-01 09:00:00+00:00,60699.6125,5641.245,27143.575,2374.1375,64143.25,35158.9575,0.5083564379375122,0.8611467540480452,0.8660254037844387,-0.4999999999999998,-0.9749279121818236,-0.2225209339563146,0,weekend,9.755
2020-02-02,2020,2,2,33,8,6,24.5,2020-02-02 08:00:00+00:00,2020-02-02 09:00:00+00:00,52999.817500000005,2476.57,22594.76,1479.6925,51626.86,26551.0225,0.5230943033491326,0.8522748088519838,0.8660254037844387,-0.4999999999999998,-0.7818314824680299,0.6234898018587334,0,weekend,9.6775
2020-02-03,2020,2,3,34,8,0,39.26,2020-02-03 08:00:00+00:00,2020-02-03 09:00:00+00:00,70294.375,4449.7125,24873.8375,1510.155,70073.07,30833.705,0.5376773767406141,0.8431506618282,0.8660254037844387,-0.4999999999999998,0.0,1.0,0,weekday,9.6
2020-02-04,2020,2,4,35,8,1,33.48,2020-02-04 08:00:00+00:00,2020-02-04 09:00:00+00:00,71651.44,5106.285,28322.115,3390.01,75398.17,36818.41,0.5521013427459208,0.8337770129585915,0.8660254037844387,-0.4999999999999998,0.7818314824680298,0.6234898018587336,0,weekday,9.285
2020-02-05,2020,2,5,36,8,2,44.78,2020-02-05 08:00:00+00:00,2020-02-05 09:00:00+00:00,71334.8,1033.7,9726.21,6423.6775,71310.1,17183.5875,0.5663619330814524,0.8241566360566663,0.8660254037844387,-0.4999999999999998,0.9749279121818236,-0.2225209339563143,0,weekday,9.435
2020-02-06,2020,2,6,37,8,3,42.9,2020-02-06 08:00:00+00:00,2020-02-06 09:00:00+00:00,71621.39,2720.6825,10704.055,5713.6175,72562.92,19138.355,0.580454927809098,0.8142923779467267,0.8660254037844387,-0.4999999999999998,0.4338837391175582,-0.900968867902419,0,weekday,8.925
2020-02-07,2020,2,7,38,8,4,47.0,2020-02-07 08:00:00+00:00,2020-02-07 09:00:00+00:00,70391.895,450.495,2312.0075,6112.3625,64174.93,8874.865,0.5943761565849831,0.804187157621448,0.8660254037844387,-0.4999999999999998,-0.433883739117558,-0.9009688679024191,0,weekday,9.22
2020-02-08,2020,2,8,39,8,5,29.07,2020-02-08 08:00:00+00:00,2020-02-08 09:00:00+00:00,59254.7475,5052.79,13009.3675,7105.4275,61422.88,25167.585,0.6081214998935418,0.7938439653781019,0.8660254037844387,-0.4999999999999998,-0.9749279121818236,-0.2225209339563146,0,weekend,9.07
2020-02-09,2020,2,9,40,8,6,-0.07,2020-02-09 08:00:00+00:00,2020-02-09 09:00:00+00:00,54608.0,4959.327499999999,30820.0125,7033.2125,63051.1,42812.5525,0.6216868902665479,0.7832658619336791,0.8660254037844387,-0.4999999999999998,-0.7818314824680299,0.6234898018587334,0,weekend,8.9225
2020-02-10,2020,2,10,41,8,0,13.2,2020-02-10 08:00:00+00:00,2020-02-10 09:00:00+00:00,72184.3775,5212.68,40965.9825,3427.1375,78734.42,49605.8,0.6350683134867438,0.7724559775191742,0.8660254037844387,-0.4999999999999998,0.0,1.0,0,weekday,8.775
2020-02-11,2020,2,11,42,8,1,13.24,2020-02-11 08:00:00+00:00,2020-02-11 09:00:00+00:00,72471.86,5150.305,41208.17,4678.1225,81738.49,51036.5975,0.6482618097757122,0.7614175109532997,0.8660254037844387,-0.4999999999999998,0.7818314824680298,0.6234898018587336,0,weekday,8.5
2020-02-12,2020,2,12,43,8,2,24.17,2020-02-12 08:00:00+00:00,2020-02-12 09:00:00+00:00,72874.34,5144.2725,38866.73,4728.565,78247.24,48739.567500000005,0.6612634749656386,0.7501537286959042,0.8660254037844387,-0.4999999999999998,0.9749279121818236,-0.2225209339563143,0,weekday,8.575
2020-02-13,2020,2,13,44,8,3,48.17,2020-02-13 08:00:00+00:00,2020-02-13 09:00:00+00:00,72441.6075,4032.5675,16339.4575,4278.3225,69426.35,24650.347500000003,0.6740694616546161,0.7386679638813748,0.8660254037844387,-0.4999999999999998,0.4338837391175582,-0.900968867902419,0,weekday,8.575
2020-02-14,2020,2,14,45,8,4,49.39,2020-02-14 08:00:00+00:00,2020-02-14 09:00:00+00:00,71748.23,163.145,9742.31,2767.1475,63304.01,12672.6025,0.6866759803451553,0.726963615332308,0.8660254037844387,-0.4999999999999998,-0.433883739117558,-0.9009688679024191,0,weekday,8.925
2020-02-15,2020,2,15,46,8,5,31.49,2020-02-15 08:00:00+00:00,2020-02-15 09:00:00+00:00,59152.435,5619.1075,17557.9025,5870.935,61387.5,29047.945000000003,0.6990793005655562,0.7150441465537444,0.8660254037844387,-0.4999999999999998,-0.9749279121818236,-0.2225209339563146,0,weekend,8.88
2020-02-16,2020,2,16,47,8,6,-1.36,2020-02-16 08:00:00+00:00,2020-02-16 09:00:00+00:00,53870.135,3472.205,37404.2475,3306.985,63609.36,44183.4375,0.7112757519738152,0.7029130847082615,0.8660254037844387,-0.4999999999999998,-0.7818314824680299,0.6234898018587334,0,weekend,8.986666666666666
2020-02-17,2020,2,17,48,8,0,33.57,2020-02-17 08:00:00+00:00,2020-02-17 09:00:00+00:00,70875.5175,5041.305,28127.31,3542.3525,73206.08,36710.967500000006,0.7232617254437388,0.6905740195722293,0.8660254037844387,-0.4999999999999998,0.0,1.0,0,weekday,9.093333333333334
2020-02-18,2020,2,18,49,8,1,26.62,2020-02-18 08:00:00+00:00,2020-02-18 09:00:00+00:00,71862.0125,5856.8575,34069.4975,7326.825,78249.97,47253.17999999999,0.7350336741329413,0.6780306024735382,0.8660254037844387,-0.4999999999999998,0.7818314824680298,0.6234898018587336,0,weekday,9.2
2020-02-19,2020,2,19,50,8,2,38.99,2020-02-19 08:00:00+00:00,2020-02-19 09:00:00+00:00,71400.0325,5658.8425,28047.0075,3744.6925,75770.38,37450.5425,0.746588114532413,0.6652865452111116,0.8660254037844387,-0.4999999999999998,0.9749279121818236,-0.2225209339563143,0,weekday,9.225
2020-02-20,2020,2,20,51,8,3,36.97,2020-02-20 08:00:00+00:00,2020-02-20 09:00:00+00:00,71832.895,5457.0675,19435.862500000003,2957.6025,66836.49,27850.532500000005,0.7579216274973472,0.6523456189565257,0.8660254037844387,-0.4999999999999998,0.4338837391175582,-0.900968867902419,0,weekday,9.575
2020-02-21,2020,2,21,52,8,4,33.1,2020-02-21 08:00:00+00:00,2020-02-21 09:00:00+00:00,71326.705,5946.1475,28909.6475,8405.11,77197.87,43260.905,0.7690308592589181,0.6392116531380588,0.8660254037844387,-0.4999999999999998,-0.433883739117558,-0.9009688679024191,0,weekday,9.3
2020-02-22,2020,2,22,53,8,5,-0.57,2020-02-22 08:00:00+00:00,2020-02-22 09:00:00+00:00,60029.055,5138.6125,35532.2625,7978.54,70986.02,48649.415,0.7799125224167177,0.6258885343075018,0.8660254037844387,-0.4999999999999998,-0.9749279121818236,-0.2225209339563146,0,weekend,9.41
2020-02-23,2020,2,23,54,8,6,14.14,2020-02-23 08:00:00+00:00,2020-02-23 09:00:00+00:00,53973.775,5137.8725,25210.715,1584.765,57670.65,31933.3525,0.7905633969115482,0.612380204990065,0.8660254037844387,-0.4999999999999998,-0.7818314824680299,0.6234898018587334,0,weekend,9.31
2020-02-24,2020,2,24,55,8,0,46.42,2020-02-24 08:00:00+00:00,2020-02-24 09:00:00+00:00,68910.66,1868.8,11155.2575,3030.84,57061.78,16054.8975,0.8009803309782905,0.5986906625177214,0.8660254037844387,-0.4999999999999998,0.0,1.0,0,weekday,9.21
2020-02-25,2020,2,25,56,8,1,30.69,2020-02-25 08:00:00+00:00,2020-02-25 09:00:00+00:00,71216.2275,5349.63,31746.3875,4689.967500000001,78106.78,41785.985,0.8111602420785621,0.5848239578463322,0.8660254037844387,-0.4999999999999998,0.7818314824680298,0.6234898018587336,0,weekday,9.0
2020-02-26,2020,2,26,57,8,2,37.01,2020-02-26 08:00:00+00:00,2020-02-26 09:00:00+00:00,71526.15,2205.79,18353.5325,5748.7,69179.84,26308.022500000003,0.8211001178128892,0.5707841943569036,0.8660254037844387,-0.4999999999999998,0.9749279121818236,-0.2225209339563143,0,weekday,8.875
2020-02-27,2020,2,27,58,8,3,42.41,2020-02-27 08:00:00+00:00,2020-02-27 09:00:00+00:00,69927.0425,1850.275,12718.615,5833.5625,68211.63,20402.4525,0.8307970168121247,0.5565755266413303,0.8660254037844387,-0.4999999999999998,0.4338837391175582,-0.900968867902419,0,weekday,8.87
2020-02-28,2020,2,28,59,8,4,40.12,2020-02-28 08:00:00+00:00,2020-02-28 09:00:00+00:00,70112.5675,4600.28,18816.0325,5975.29,72687.47,29391.6025,0.8402480696078469,0.5422021592729844,0.8660254037844387,-0.4999999999999998,-0.433883739117558,-0.9009688679024191,0,weekday,8.65
2020-02-29,2020,2,29,60,8,5,14.01,2020-02-29 08:00:00+00:00,2020-02-29 09:00:00+00:00,59433.59,6095.25,25971.4775,5224.1175,64820.63,37290.845,0.8494504794814806,0.527668345562516,0.8660254037844387,-0.4999999999999998,-0.9749279121818236,-0.2225209339563146,0,weekend,8.875
2020-03-01,2020,3,1,61,8,6,-0.23,2020-03-01 08:00:00+00:00,2020-03-01 09:00:00+00:00,52645.2,6089.8925,31368.9625,7788.1675,67175.14,45247.02250000001,0.8584015232918917,0.512978386299228,0.8660254037844387,-0.4999999999999998,-0.7818314824680299,0.6234898018587334,0,weekend,8.9375
2020-03-02,2020,3,2,62,8,0,36.94,2020-03-02 08:00:00+00:00,2020-03-02 09:00:00+00:00,69114.7925,3391.86,10653.96,9605.9875,69901.88,23651.8075,0.8670985522812081,0.4981366284784055,0.8660254037844387,-0.4999999999999998,0.0,1.0,0,weekday,9.0
2020-03-03,2020,3,3,63,8,1,41.68,2020-03-03 08:00:00+00:00,2020-03-03 09:00:00+00:00,69780.255,1799.855,13743.765,5894.17,72366.02,21437.79,0.8755389928586302,0.4831474640149687,0.8660254037844387,-0.4999999999999998,0.7818314824680298,0.6234898018587336,0,weekday,9.02
2020-03-04,2020,3,4,64,8,2,50.32,2020-03-04 08:00:00+00:00,2020-03-04 09:00:00+00:00,68129.54000000001,1872.6175,8578.807499999999,8084.21,72809.55,18535.635,0.8837203473619977,0.4680153284438345,0.8660254037844387,-0.4999999999999998,0.9749279121818236,-0.2225209339563143,0,weekday,8.975
2020-03-05,2020,3,5,65,8,3,49.78,2020-03-05 08:00:00+00:00,2020-03-05 09:00:00+00:00,68781.3725,346.3675,5980.9425,6163.86,66806.17,12491.17,0.8916401947968874,0.452744699607371,0.8660254037844387,-0.4999999999999998,0.4338837391175582,-0.900968867902419,0,weekday,8.9
2020-03-06,2020,3,6,66,8,4,35.1,2020-03-06 08:00:00+00:00,2020-03-06 09:00:00+00:00,68447.34,5382.5725,18716.675,3967.5725,71965.84,28066.82,0.8992961915530253,0.4373400963303323,0.8660254037844387,-0.4999999999999998,-0.433883739117558,-0.9009688679024191,0,weekday,8.775
2020-03-07,2020,3,7,67,8,5,35.0,2020-03-07 08:00:00+00:00,2020-03-07 09:00:00+00:00,58802.08,1186.595,14691.8325,6396.6875,57555.37,22275.115,0.9066860720977984,0.4218060770826634,0.8660254037844387,-0.4999999999999998,-0.9749279121818236,-0.2225209339563146,0,weekend,8.645
2020-03-08,2020,3,8,68,8,6,9.38,2020-03-08 08:00:00+00:00,2020-03-08 09:00:00+00:00,52238.0625,5690.6425,19294.8575,9391.82,58987.05,34377.32,0.9138076496466616,0.4061472386305789,0.8660254037844387,-0.4999999999999998,-0.7818314824680299,0.6234898018587334,0,weekend,8.46
2020-03-09,2020,3,9,69,8,0,45.65,2020-03-09 08:00:00+00:00,2020-03-09 09:00:00+00:00,67272.5425,2335.9725,8912.7875,5037.2225,60465.69,16285.9825,0.9206588168102428,0.3903682146763026,0.8660254037844387,-0.4999999999999998,0.0,1.0,0,weekday,8.275
2020-03-10,2020,3,10,70,8,1,31.08,2020-03-10 08:00:00+00:00,2020-03-10 09:00:00+00:00,68219.1125,5918.92,29411.9125,3606.54,75792.63,38937.3725,0.9272375462179536,0.374473674486883,0.8660254037844387,-0.4999999999999998,0.7818314824680298,0.6234898018587336,0,weekday,8.875
2020-03-11,2020,3,11,71,8,2,34.27,2020-03-11 08:00:00+00:00,2020-03-11 09:00:00+00:00,69475.0775,5081.845,21513.515,5567.7875,69979.39,32163.1475,0.9335418911179212,0.3584683215124808,0.8660254037844387,-0.4999999999999998,0.9749279121818236,-0.2225209339563143,0,weekday,8.975
2020-03-12,2020,3,12,72,8,3,9.18,2020-03-12 08:00:00+00:00,2020-03-12 09:00:00+00:00,70936.2125,5455.355,38631.835,7741.84,80075.27,51829.03,0.9395699859530622,0.342356891994542,0.8660254037844387,-0.4999999999999998,0.4338837391175582,-0.900968867902419,0,weekday,9.1
2020-03-13,2020,3,13,73,8,4,4.02,2020-03-13 08:00:00+00:00,2020-03-13 09:00:00+00:00,69757.8175,5813.2525000000005,35911.4625,10793.8575,79892.34,52518.5725,0.945320046913132,0.3261441535642696,0.8660254037844387,-0.4999999999999998,-0.433883739117558,-0.9009688679024191,0,weekday,9.36
2020-03-14,2020,3,14,74,8,5,34.94,2020-03-14 08:00:00+00:00,2020-03-14 09:00:00+00:00,57598.6425,1269.2725,1103.62,14439.62,47587.72,16812.5125,0.9507903724625832,0.3098349038318025,0.8660254037844387,-0.4999999999999998,-0.9749279121818236,-0.2225209339563146,0,weekend,9.285
2020-03-15,2020,3,15,75,8,6,-0.01,2020-03-15 08:00:00+00:00,2020-03-15 09:00:00+00:00,51881.8775,6337.905,19339.7925,16154.9075,64521.05,41832.605,0.9559793438440766,0.2934339689665273,0.8660254037844387,-0.4999999999999998,-0.7818314824680299,0.6234898018587334,0,weekend,8.9925
2020-03-16,2020,3,16,76,8,0,32.13,2020-03-16 08:00:00+00:00,2020-03-16 09:00:00+00:00,67016.7025,2502.1575,6416.905,16519.155,66735.77,25438.2175,0.9608854255574976,0.2769462022689364,0.8660254037844387,-0.4999999999999998,0.0,1.0,0,weekday,8.7
2020-03-17,2020,3,17,77,8,1,31.37,2020-03-17 08:00:00+00:00,2020-03-17 09:00:00+00:00,68503.145,5295.6925,5718.5575,9828.9,63882.55,20843.15,0.9655071658143364,0.2603764827344581,0.8660254037844387,-0.4999999999999998,0.7818314824680298,0.6234898018587336,0,weekday,8.775
2020-03-18,2020,3,18,78,8,2,22.99,2020-03-18 08:00:00+00:00,2020-03-18 09:00:00+00:00,67572.6275,5993.5175,14228.2025,15780.759999999998,73042.42,36002.48,0.969843196967294,0.2437297136096838,0.8660254037844387,-0.4999999999999998,0.9749279121818236,-0.2225209339563143,0,weekday,8.3
2020-03-19,2020,3,19,79,8,3,28.75,2020-03-19 08:00:00+00:00,2020-03-19 09:00:00+00:00,68496.795,385.77,1433.5225,12114.8775,56493.56,13934.17,0.9738922359149924,0.2270108209414184,0.8660254037844387,-0.4999999999999998,0.4338837391175582,-0.900968867902419,0,weekday,8.425
2020-03-20,2020,3,20,80,8,4,28.08,2020-03-20 08:00:00+00:00,2020-03-20 09:00:00+00:00,68048.655,1887.3975,3365.495,10806.1025,53749.64,16058.995,0.977653084481664,0.2102247521189836,0.8660254037844387,-0.4999999999999998,-0.433883739117558,-0.9009688679024191,0,weekday,8.295
2020-03-21,2020,3,21,81,8,5,8.64,2020-03-21 08:00:00+00:00,2020-03-21 09:00:00+00:00,56651.9875,4823.1875,21253.9125,8275.717499999999,59165.27,34352.8175,0.981124629771712,0.1933764744102058,0.8660254037844387,-0.4999999999999998,-0.9749279121818236,-0.2225209339563146,0,weekend,8.295
2020-03-22,2020,3,22,82,8,6,-3.63,2020-03-22 08:00:00+00:00,2020-03-22 09:00:00+00:00,51395.385,4121.46,17510.3925,21103.745,60083.54,42735.5975,0.984305844499033,0.1764709734915216,0.8660254037844387,-0.4999999999999998,-0.7818314824680299,0.6234898018587334,0,weekend,8.157499999999999
2020-03-23,2020,3,23,83,8,0,15.84,2020-03-23 08:00:00+00:00,2020-03-23 09:00:00+00:00,67715.285,4744.8625,12803.92,22944.8525,66950.47,40493.635,0.9871957872910084,0.1595132519726365,0.8660254037844387,-0.4999999999999998,0.0,1.0,0,weekday,8.02
2020-03-24,2020,3,24,84,8,1,17.5,2020-03-24 08:00:00+00:00,2020-03-24 09:00:00+00:00,68255.7875,4136.505,8819.342499999999,22859.8525,65938.92,35815.7,0.9897936029670716,0.1425083279161708,0.8660254037844387,-0.4999999999999998,0.7818314824680298,0.6234898018587336,0,weekday,8.05
2020-03-25,2020,3,25,85,8,2,23.62,2020-03-25 08:00:00+00:00,2020-03-25 09:00:00+00:00,66635.5625,2200.2125,7899.3075,23105.8125,63365.75,33205.332500000004,0.992098522791769,0.1254612333527364,0.8660254037844387,-0.4999999999999998,0.9749279121818236,-0.2225209339563143,0,weekday,7.765
2020-03-26,2020,3,26,86,8,3,21.32,2020-03-26 08:00:00+00:00,2020-03-26 09:00:00+00:00,66240.58249999999,1731.795,10472.67,22341.785,66869.0,34546.25,0.9941098647022418,0.108377012791876,0.8660254037844387,-0.4999999999999998,0.4338837391175582,-0.900968867902419,0,weekday,7.58
2020-03-27,2020,3,27,87,8,4,22.67,2020-03-27 08:00:00+00:00,2020-03-27 09:00:00+00:00,64793.865,1839.13,7170.2325,22014.04,62694.93,31023.4025,0.9958270335100596,0.0912607217293118,0.8660254037844387,-0.4999999999999998,-0.433883739117558,-0.9009688679024191,0,weekday,7.25
2020-03-28,2020,3,28,88,8,5,13.08,2020-03-28 08:00:00+00:00,2020-03-28 09:00:00+00:00,54944.625,4109.0275,4419.1975,21606.3875,53916.6,30134.612500000003,0.9972495210773452,0.0741174251509443,0.8660254037844387,-0.4999999999999998,-0.9749279121818236,-0.2225209339563146,0,weekend,7.22
2020-03-29,2020,3,29,89,8,6,-0.03,2020-03-29 08:00:00+00:00,2020-03-29 09:00:00+00:00,52659.5975,6152.925,24383.935,8820.58,61363.03,39357.44,0.998376906467142,0.0569521960340397,0.8660254037844387,-0.4999999999999998,-0.7818314824680299,0.6234898018587334,0,weekend,7.057499999999999
2020-03-30,2020,3,30,90,8,0,22.4,2020-03-30 08:00:00+00:00,2020-03-30 09:00:00+00:00,65477.0175,4240.0975,5688.34,17551.1075,60281.74,27479.545,0.9992088560679752,0.0397701138460557,0.8660254037844387,-0.4999999999999998,0.0,1.0,0,weekday,6.895
2020-03-31,2020,3,31,91,8,1,23.94,2020-03-31 08:00:00+00:00,2020-03-31 09:00:00+00:00,66455.645,142.835,3265.7525,19086.4725,56628.66,22495.06,0.9997451236925734,0.0225762630415454,0.8660254037844387,-0.4999999999999998,0.7818314824680298,0.6234898018587336,0,weekday,7.1
2020-04-01,2020,4,1,92,8,2,21.97,2020-04-01 08:00:00+00:00,2020-04-01 09:00:00+00:00,65490.89,4037.3025,7376.79,21058.9375,65450.11,32473.03,0.9999855506507186,0.0053757315575838,0.8660254037844387,-0.4999999999999998,0.9749279121818236,-0.2225209339563143,0,weekday,6.725
2020-04-02,2020,4,2,93,8,3,21.1,2020-04-02 08:00:00+00:00,2020-04-02 09:00:00+00:00,64849.885,6151.76,11161.7875,19325.925,68216.44,36639.4725,0.9999300657962056,-0.0118263906918325,0.8660254037844387,-0.4999999999999998,0.4338837391175582,-0.900968867902419,0,weekday,7.275
2020-04-03,2020,4,3,94,8,4,23.03,2020-04-03 08:00:00+00:00,2020-04-03 09:00:00+00:00,65105.98,4870.4,14812.175,13685.905,64679.73,33368.48,0.9995786855478958,-0.0290250133219752,0.8660254037844387,-0.4999999999999998,-0.433883739117558,-0.9009688679024191,0,weekday,6.825
2020-04-04,2020,4,4,95,8,5,14.98,2020-04-04 08:00:00+00:00,2020-04-04 09:00:00+00:00,54391.1225,3052.045,1342.055,19666.125,47927.61,24060.225,0.9989315138848576,-0.0462150469837083,0.8660254037844387,-0.4999999999999998,-0.9749279121818236,-0.2225209339563146,0,weekend,6.92
2020-04-05,2020,4,5,96,8,6,4.55,2020-04-05 08:00:00+00:00,2020-04-05 09:00:00+00:00,49856.85,3436.0225,7618.559999999999,23996.7525,55922.84,35051.335,0.9979887423155984,-0.0633914048695103,0.8660254037844387,-0.4999999999999998,-0.7818314824680299,0.6234898018587334,0,weekend,6.859999999999999
2020-04-06,2020,4,6,97,8,0,14.54,2020-04-06 08:00:00+00:00,2020-04-06 09:00:00+00:00,64533.9675,5427.4275,8340.2125,24097.1575,61228.49,37864.7975,0.9967506498213928,-0.0805490042187416,0.8660254037844387,-0.4999999999999998,0.0,1.0,0,weekday,6.8
2020-04-07,2020,4,7,98,8,1,19.19,2020-04-07 08:00:00+00:00,2020-04-07 09:00:00+00:00,63974.98,838.9525,1615.375,22052.97,53427.6,24507.2975,0.9952176027737294,-0.0976827678217159,0.8660254037844387,-0.4999999999999998,0.7818314824680298,0.6234898018587336,0,weekday,7.4
2020-04-08,2020,4,8,99,8,2,21.95,2020-04-08 08:00:00+00:00,2020-04-08 09:00:00+00:00,63453.505,958.2975,2203.1275,23062.635,57071.19,26224.06,0.9933900548258936,-0.114787625522127,0.8660254037844387,-0.4999999999999998,0.9749279121818236,-0.2225209339563143,0,weekday,7.3
2020-04-09,2020,4,9,100,8,3,22.43,2020-04-09 08:00:00+00:00,2020-04-09 09:00:00+00:00,62802.315,1523.11,2959.1025,20575.475,55406.12,25057.6875,0.9912685467787256,-0.1318585157173911,0.8660254037844387,-0.4999999999999998,0.4338837391175582,-0.900968867902419,0,weekday,7.475
2020-04-10,2020,4,10,101,8,4,18.04,2020-04-10 08:00:00+00:00,2020-04-10 09:00:00+00:00,49497.16,159.9075,946.855,22575.1725,49957.85,23681.935,0.9888537064205885,-0.1488903868564548,0.8660254037844387,-0.4999999999999998,-0.433883739117558,-0.9009688679024191,1,holiday,7.28
2020-04-11,2020,4,11,102,8,5,14.3,2020-04-11 08:00:00+00:00,2020-04-11 09:00:00+00:00,49234.85,1074.8875,638.865,23317.3725,51686.27,25031.125,0.986146248341595,-0.1658781989346314,0.8660254037844387,-0.4999999999999998,-0.9749279121818236,-0.2225209339563146,0,weekend,7.28
2020-04-12,2020,4,12,103,8,6,5.18,2020-04-12 08:00:00+00:00,2020-04-12 09:00:00+00:00,43405.565,1463.3125,2219.4825,22750.855,50906.64,26433.65,0.98314697372215,-0.1828169249850199,0.8660254037844387,-0.4999999999999998,-0.7818314824680299,0.6234898018587334,0,weekend,7.28
2020-04-13,2020,4,13,104,8,0,-5.09,2020-04-13 08:00:00+00:00,2020-04-13 09:00:00+00:00,48417.2,6219.9725,18375.14,15172.745,61250.37,39767.8575,0.9798567700958664,-0.1997015525660636,0.8660254037844387,-0.4999999999999998,0.0,1.0,1,holiday,7.28
2020-04-14,2020,4,14,105,8,1,21.86,2020-04-14 08:00:00+00:00,2020-04-14 09:00:00+00:00,63198.4875,4021.755,9494.495,19940.285,57009.81,33456.535,0.976276611086932,-0.2165270852448143,0.8660254037844387,-0.4999999999999998,0.7818314824680298,0.6234898018587336,0,weekday,7.175
2020-04-15,2020,4,15,106,8,2,14.29,2020-04-15 08:00:00+00:00,2020-04-15 09:00:00+00:00,62591.95,4399.78,12343.4475,23372.85,60618.36,40116.0775,0.9724075561219968,-0.2332885440754551,0.8660254037844387,-0.4999999999999998,0.9749279121818236,-0.2225209339563143,0,weekday,6.825
2020-04-16,2020,4,16,107,8,3,21.5,2020-04-16 08:00:00+00:00,2020-04-16 09:00:00+00:00,61594.4225,1437.4825,2850.1975,23010.6325,53176.33,27298.3125,0.9682507501166718,-0.2499809690726521,0.8660254037844387,-0.4999999999999998,0.4338837391175582,-0.900968867902419,0,weekday,6.98
2020-04-17,2020,4,17,108,8,4,24.9,2020-04-17 08:00:00+00:00,2020-04-17 09:00:00+00:00,61075.005000000005,440.8175,742.1525,22791.265,52565.31,23974.235,0.9638074231367308,-0.2665994206792935,0.8660254037844387,-0.4999999999999998,-0.433883739117558,-0.9009688679024191,0,weekday,7.18
2020-04-18,2020,4,18,109,8,5,17.3,2020-04-18 08:00:00+00:00,2020-04-18 09:00:00+00:00,50859.9025,2543.5,2629.45,19163.985,46407.94,24336.935,0.9590788900341132,-0.2831389812281835,0.8660254037844387,-0.4999999999999998,-0.9749279121818236,-0.2225209339563146,0,weekend,6.995
2020-04-19,2020,4,19,110,8,6,10.88,2020-04-19 08:00:00+00:00,2020-04-19 09:00:00+00:00,45649.8325,2289.565,7591.4925,19695.057500000003,50545.05,29576.115000000005,0.9540665500578388,-0.2995947563972602,0.8660254037844387,-0.4999999999999998,-0.7818314824680299,0.6234898018587334,0,weekend,6.865
2020-04-20,2020,4,20,111,8,0,11.72,2020-04-20 08:00:00+00:00,2020-04-20 09:00:00+00:00,61269.7725,2978.145,17517.8925,24928.635,67542.2,45424.6725,0.9487718864399473,-0.3159618766579029,0.8660254037844387,-0.4999999999999998,0.0,1.0,0,weekday,6.735
2020-04-21,2020,4,21,112,8,1,-19.21,2020-04-21 08:00:00+00:00,2020-04-21 09:00:00+00:00,62187.19,4824.41,23454.1925,25485.795,74777.11,53764.3975,0.9431964659565866,-0.3322354987159043,0.8660254037844387,-0.4999999999999998,0.7818314824680298,0.6234898018587336,0,weekday,6.6
2020-04-22,2020,4,22,113,8,2,6.77,2020-04-22 08:00:00+00:00,2020-04-22 09:00:00+00:00,62506.7625,4210.45,17269.05,25897.415,68749.5,47376.915,0.9373419384643772,-0.3484108069446808,0.8660254037844387,-0.4999999999999998,0.9749279121818236,-0.2225209339563143,0,weekday,6.125
2020-04-23,2020,4,23,114,8,3,18.18,2020-04-23 08:00:00+00:00,2020-04-23 09:00:00+00:00,63153.54,734.635,3384.5975,26028.16,55324.69,30147.3925,0.9312100364121948,-0.3644830148102912,0.8660254037844387,-0.4999999999999998,0.4338837391175582,-0.900968867902419,0,weekday,6.15
2020-04-24,2020,4,24,115,8,4,20.0,2020-04-24 08:00:00+00:00,2020-04-24 09:00:00+00:00,61768.7375,2990.64,5295.79,21919.005,53551.96,30205.435,0.9248025743285088,-0.3804473662878516,0.8660254037844387,-0.4999999999999998,-0.433883739117558,-0.9009688679024191,0,weekday,5.83
2020-04-25,2020,4,25,116,8,5,16.03,2020-04-25 08:00:00+00:00,2020-04-25 09:00:00+00:00,52316.2475,520.1225,3851.445,21064.7225,45202.76,25436.29,0.9181214482844364,-0.3962991372689181,0.8660254037844387,-0.4999999999999998,-0.9749279121818236,-0.2225209339563146,0,weekend,5.77
2020-04-26,2020,4,26,117,8,6,13.0,2020-04-26 08:00:00+00:00,2020-04-26 09:00:00+00:00,46969.2875,212.0275,809.1,23899.775,43821.84,24920.9025,0.9111686353326632,-0.4120336369594263,0.8660254037844387,-0.4999999999999998,-0.7818314824680299,0.6234898018587334,0,weekend,5.797499999999999
2020-04-27,2020,4,27,118,8,0,21.17,2020-04-27 08:00:00+00:00,2020-04-27 09:00:00+00:00,61549.9425,1591.725,1235.235,23049.3,55263.87,25876.26,0.9039461929224012,-0.4276462092677746,0.8660254037844387,-0.4999999999999998,0.0,1.0,0,weekday,5.825
2020-04-28,2020,4,28,119,8,1,26.16,2020-04-28 08:00:00+00:00,2020-04-28 09:00:00+00:00,63183.9825,349.345,2382.87,17563.1325,55794.78,20295.3475,0.8964562582905575,-0.4431322341826345,0.8660254037844387,-0.4999999999999998,0.7818314824680298,0.6234898018587336,0,weekday,5.975
2020-04-29,2020,4,29,120,8,2,27.98,2020-04-29 08:00:00+00:00,2020-04-29 09:00:00+00:00,63416.1125,1449.7475,9143.005,10679.57,56331.96,21272.3225,0.8887010478292915,-0.4584871291400876,0.8660254037844387,-0.4999999999999998,0.9749279121818236,-0.2225209339563143,0,weekday,6.015
2020-04-30,2020,4,30,121,8,3,21.89,2020-04-30 08:00:00+00:00,2020-04-30 09:00:00+00:00,63129.7125,4388.435,14788.8725,10785.3325,58463.15,29962.64,0.8806828564301475,-0.47370635037968,0.8660254037844387,-0.4999999999999998,0.4338837391175582,-0.900968867902419,0,weekday,6.325
2020-05-01,2020,5,1,122,8,4,-2.89,2020-05-01 08:00:00+00:00,2020-05-01 09:00:00+00:00,50717.4075,4384.6675,17241.5925,17399.84,55759.41,39026.1,0.8724040568049612,-0.4887853942889926,0.8660254037844387,-0.4999999999999998,-0.433883739117558,-0.9009688679024191,1,holiday,6.2
2020-05-02,2020,5,2,123,8,5,10.7,2020-05-02 08:00:00+00:00,2020-05-02 09:00:00+00:00,52851.7525,699.1775,13597.9325,16307.1075,50138.58,30604.2175,0.8638670987837349,-0.503719798736334,0.8660254037844387,-0.4999999999999998,-0.9749279121818236,-0.2225209339563146,0,weekend,5.845
2020-05-03,2020,5,3,124,8,6,9.7,2020-05-03 08:00:00+00:00,2020-05-03 09:00:00+00:00,47486.2225,895.755,6188.44,19423.39,44024.3,26507.585,0.8550745085896932,-0.518505144391157,0.8660254037844387,-0.4999999999999998,-0.7818314824680299,0.6234898018587334,0,weekend,5.8725000000000005
2020-05-04,2020,5,4,125,8,0,27.86,2020-05-04 08:00:00+00:00,2020-05-04 09:00:00+00:00,62948.1675,971.1875,2431.4625,13412.9825,50545.11,16815.6325,0.8460288880917339,-0.533137056031809,0.8660254037844387,-0.4999999999999998,0.0,1.0,0,weekday,5.9
2020-05-05,2020,5,5,126,8,1,19.92,2020-05-05 08:00:00+00:00,2020-05-05 09:00:00+00:00,63172.145,1588.81,6340.325,21323.7375,58312.37,29252.8725,0.8367329140344921,-0.5476112038402312,0.8660254037844387,-0.4999999999999998,0.7818314824680298,0.6234898018587336,0,weekday,5.85
2020-05-06,2020,5,6,127,8,2,21.16,2020-05-06 08:00:00+00:00,2020-05-06 09:00:00+00:00,62518.0,1007.9575,4526.422500000001,25207.0025,59352.52,30741.3825,0.8271893372462497,-0.5619233046832195,0.8660254037844387,-0.4999999999999998,0.9749279121818236,-0.2225209339563143,0,weekday,5.74
2020-05-07,2020,5,7,128,8,3,19.7,2020-05-07 08:00:00+00:00,2020-05-07 09:00:00+00:00,61721.56,1003.53,4081.9675,23607.8975,57465.39,28693.395,0.8174009818249189,-0.5760691233798758,0.8660254037844387,-0.4999999999999998,0.4338837391175582,-0.900968867902419,0,weekday,5.84
2020-05-08,2020,5,8,129,8,4,20.35,2020-05-08 08:00:00+00:00,2020-05-08 09:00:00+00:00,60197.6375,1288.365,1346.415,22827.3975,54668.55,25462.1775,0.8073707443023492,-0.5900444739548627,0.8660254037844387,-0.4999999999999998,-0.433883739117558,-0.9009688679024191,0,weekday,5.83
2020-05-09,2020,5,9,130,8,5,18.79,2020-05-09 08:00:00+00:00,2020-05-09 09:00:00+00:00,51479.5575,81.89750000000001,795.5899999999999,17822.89,41799.59,18700.3775,0.7971015927871943,-0.6038452208771035,0.8660254037844387,-0.4999999999999998,-0.9749279121818236,-0.2225209339563146,0,weekend,5.83
2020-05-10,2020,5,10,131,8,6,12.64,2020-05-10 08:00:00+00:00,2020-05-10 09:00:00+00:00,45945.5275,2670.8325,1345.695,15376.8,39757.09,19393.3275,0.7865965660866021,-0.6174672802835514,0.8660254037844387,-0.4999999999999998,-0.7818314824680299,0.6234898018587334,0,weekend,5.765000000000001
2020-05-11,2020,5,11,132,8,0,20.14,2020-05-11 08:00:00+00:00,2020-05-11 09:00:00+00:00,61577.4875,4803.135,20104.6425,8000.7875,56754.04,32908.565,0.7758587728069828,-0.6309066211876704,0.8660254037844387,-0.4999999999999998,0.0,1.0,0,weekday,5.7
2020-05-12,2020,5,12,133,8,1,22.54,2020-05-12 08:00:00+00:00,2020-05-12 09:00:00+00:00,62775.8625,4216.22,8162.122499999999,21640.2325,61074.47,34018.575,0.7648913904341225,-0.6441592666722685,0.8660254037844387,-0.4999999999999998,0.7818314824680298,0.6234898018587336,0,weekday,5.575
2020-05-13,2020,5,13,134,8,2,35.79,2020-05-13 08:00:00+00:00,2020-05-13 09:00:00+00:00,62366.6225,2023.4025,1619.12,17502.8975,56926.08,21145.42,0.753697664392914,-0.6572212950663319,0.8660254037844387,-0.4999999999999998,0.9749279121818236,-0.2225209339563143,0,weekday,5.375
2020-05-14,2020,5,14,135,8,3,24.28,2020-05-14 08:00:00+00:00,2020-05-14 09:00:00+00:00,62138.465,974.1875,4892.405,17210.03,56923.67,23076.6225,0.742280907086982,-0.6700888411055113,0.8660254037844387,-0.4999999999999998,0.4338837391175582,-0.900968867902419,0,weekday,5.175
2020-05-15,2020,5,15,136,8,4,22.65,2020-05-15 08:00:00+00:00,2020-05-15 09:00:00+00:00,60049.92,2973.7925,5782.375,18857.5775,58318.3,27613.745,0.7306444969184916,-0.6827580970759147,0.8660254037844387,-0.4999999999999998,-0.433883739117558,-0.9009688679024191,0,weekday,5.4
2020-05-16,2020,5,16,137,8,5,10.08,2020-05-16 08:00:00+00:00,2020-05-16 09:00:00+00:00,51716.5025,3718.0525,9072.8575,22215.8025,56005.78,35006.7125,0.7187918772884232,-0.6952253139408722,0.8660254037844387,-0.4999999999999998,-0.9749279121818236,-0.2225209339563146,0,weekend,5.22
2020-05-17,2020,5,17,138,8,6,1.97,2020-05-17 08:00:00+00:00,2020-05-17 09:00:00+00:00,45915.69,4600.015,8942.247500000001,24522.05,57583.33,38064.3125,0.7067265555776158,-0.7074868024503348,0.8660254037844387,-0.4999999999999998,-0.7818314824680299,0.6234898018587334,0,weekend,5.25
2020-05-18,2020,5,18,139,8,0,18.91,2020-05-18 08:00:00+00:00,2020-05-18 09:00:00+00:00,62335.025,3166.5075,5523.7325,22382.365,60229.28,31072.605000000003,0.6944521021088763,-0.719538934232584,0.8660254037844387,-0.4999999999999998,0.0,1.0,0,weekday,5.28
2020-05-19,2020,5,19,140,8,1,20.07,2020-05-19 08:00:00+00:00,2020-05-19 09:00:00+00:00,62416.71,2045.1925,5339.2225,19831.395,57531.47,27215.81,0.6819721490904629,-0.7313781428679254,0.8660254037844387,-0.4999999999999998,0.7818314824680298,0.6234898018587336,0,weekday,4.775
2020-05-20,2020,5,20,141,8,2,28.72,2020-05-20 08:00:00+00:00,2020-05-20 09:00:00+00:00,61258.6325,89.9525,734.1700000000001,18194.9775,52667.66,19019.1,0.6692903895412567,-0.7430009249440493,0.8660254037844387,-0.4999999999999998,0.9749279121818236,-0.2225209339563143,0,weekday,4.75
2020-05-21,2020,5,21,142,8,3,14.82,2020-05-21 08:00:00+00:00,2020-05-21 09:00:00+00:00,47304.9525,497.3275,768.1175000000001,24821.4675,50170.65,26086.9125,0.6564105761979381,-0.7544038410927472,0.8660254037844387,-0.4999999999999998,0.4338837391175582,-0.900968867902419,1,holiday,3.965
2020-05-22,2020,5,22,143,8,4,16.49,2020-05-22 08:00:00+00:00,2020-05-22 09:00:00+00:00,59278.11,3954.835,4842.705,18497.2525,54677.27,27294.7925,0.6433365204044917,-0.765583517007675,0.8660254037844387,-0.4999999999999998,-0.433883739117558,-0.9009688679024191,0,weekday,3.75
2020-05-23,2020,5,23,144,8,5,15.53,2020-05-23 08:00:00+00:00,2020-05-23 09:00:00+00:00,53076.22,4705.2925,8864.8025,9634.4025,45233.34,23204.4975,0.6300720909843687,-0.7765366444428655,0.8660254037844387,-0.4999999999999998,-0.9749279121818236,-0.2225209339563146,0,weekend,3.89
2020-05-24,2020,5,24,145,8,6,-63.04,2020-05-24 08:00:00+00:00,2020-05-24 09:00:00+00:00,46472.6375,6062.3975,21357.8375,19479.89,60071.93,46900.125,0.6166212130956382,-0.7872599821916922,0.8660254037844387,-0.4999999999999998,-0.7818314824680299,0.6234898018587334,0,weekend,4.043333333333333
2020-05-25,2020,5,25,146,8,0,20.0,2020-05-25 08:00:00+00:00,2020-05-25 09:00:00+00:00,62426.635,3789.9425,16016.185,14297.01,62297.16,34103.1375,0.6029878670694714,-0.7977503570459932,0.8660254037844387,-0.4999999999999998,0.0,1.0,0,weekday,4.196666666666666
2020-05-26,2020,5,26,147,8,1,22.59,2020-05-26 08:00:00+00:00,2020-05-26 09:00:00+00:00,62124.4075,159.33249999999998,972.35,23071.475,59205.3,24203.1575,0.5891760872322963,-0.8080046647350754,0.8660254037844387,-0.4999999999999998,0.7818314824680298,0.6234898018587336,0,weekday,4.35
2020-05-27,2020,5,27,148,8,2,21.16,2020-05-27 08:00:00+00:00,2020-05-27 09:00:00+00:00,60909.755,875.3975,1362.4275,25358.0675,58746.78,27595.8925,0.5751899607119775,-0.8180198708443174,0.8660254037844387,-0.4999999999999998,0.9749279121818236,-0.2225209339563143,0,weekday,3.8
2020-05-28,2020,5,28,149,8,3,20.15,2020-05-28 08:00:00+00:00,2020-05-28 09:00:00+00:00,60821.335,1152.365,7810.2025,22836.6325,61792.3,31799.2,0.5610336262283677,-0.8277930117131022,0.8660254037844387,-0.4999999999999998,0.4338837391175582,-0.900968867902419,0,weekday,3.7
2020-05-29,2020,5,29,150,8,4,22.35,2020-05-29 08:00:00+00:00,2020-05-29 09:00:00+00:00,59066.2875,180.49,1824.55,25069.5575,58419.47,27074.5975,0.5467112728685939,-0.8373211953118121,0.8660254037844387,-0.4999999999999998,-0.433883739117558,-0.9009688679024191,0,weekday,4.425
2020-05-30,2020,5,30,151,8,5,9.33,2020-05-30 08:00:00+00:00,2020-05-30 09:00:00+00:00,50999.045,787.3975,5137.91,24124.15,50892.29,30049.4575,0.5322271388474397,-0.8466016020976267,0.8660254037844387,-0.4999999999999998,-0.9749279121818236,-0.2225209339563146,0,weekend,4.385
2020-05-31,2020,5,31,152,8,6,0.1,2020-05-31 08:00:00+00:00,2020-05-31 09:00:00+00:00,43701.27,1541.125,9243.1975,20680.92,49690.65,31465.2425,0.5175855102531889,-0.8556314858488706,0.8660254037844387,-0.4999999999999998,-0.7818314824680299,0.6234898018587334,0,weekend,4.2425
2020-06-01,2020,6,1,153,8,0,4.01,2020-06-01 08:00:00+00:00,2020-06-01 09:00:00+00:00,46028.675,1883.4625,4347.735,26829.185,55915.03,33060.3825,0.5027907197793043,-0.8644081744776648,0.8660254037844387,-0.4999999999999998,0.0,1.0,1,holiday,4.1
2020-06-02,2020,6,2,154,8,1,21.86,2020-06-02 08:00:00+00:00,2020-06-02 09:00:00+00:00,60611.64,454.345,1396.9975,26593.835,59372.71,28445.1775,0.4878471454423119,-0.8729290708206411,0.8660254037844387,-0.4999999999999998,0.7818314824680298,0.6234898018587336,0,weekday,4.37
2020-06-03,2020,6,3,155,8,2,28.72,2020-06-03 08:00:00+00:00,2020-06-03 09:00:00+00:00,60679.225,2942.215,1115.4125,22844.425,60075.12,26902.0525,0.4727592092862775,-0.881191653407483,0.8660254037844387,-0.4999999999999998,0.9749279121818236,-0.2225209339563143,0,weekday,5.15
2020-06-04,2020,6,4,156,8,3,31.82,2020-06-04 08:00:00+00:00,2020-06-04 09:00:00+00:00,62342.035,3345.245,5612.18,11889.2875,56200.13,20846.7125,0.4575313760742512,-0.8891934772070711,0.8660254037844387,-0.4999999999999998,0.4338837391175582,-0.900968867902419,0,weekday,4.975
2020-06-05,2020,6,5,157,8,4,28.4,2020-06-05 08:00:00+00:00,2020-06-05 09:00:00+00:00,62906.275,1846.7925,9269.88,14703.9675,58057.46,25820.64,0.442168151967072,-0.8969321743510065,0.8660254037844387,-0.4999999999999998,-0.433883739117558,-0.9009688679024191,0,weekday,5.35
2020-06-06,2020,6,6,158,8,5,4.22,2020-06-06 08:00:00+00:00,2020-06-06 09:00:00+00:00,52711.6775,5737.0375,21724.2025,14079.3775,61387.05,41540.6175,0.4266740831899246,-0.9044054548343,0.8660254037844387,-0.4999999999999998,-0.9749279121818236,-0.2225209339563146,0,weekend,5.71
2020-06-07,2020,6,7,159,8,6,15.7,2020-06-07 08:00:00+00:00,2020-06-07 09:00:00+00:00,46573.7775,1252.895,12846.0375,14765.3975,48857.94,28864.33,0.4110537546870351,-0.911611107193024,0.8660254037844387,-0.4999999999999998,-0.7818314824680299,0.6234898018587334,0,weekend,5.654999999999999
2020-06-08,2020,6,8,160,8,0,33.95,2020-06-08 08:00:00+00:00,2020-06-08 09:00:00+00:00,62142.015,1008.305,829.4325,19144.13,58191.99,20981.8675,0.3953117887649151,-0.9185469991587164,0.8660254037844387,-0.4999999999999998,0.0,1.0,0,weekday,5.6
2020-06-09,2020,6,9,161,8,1,46.62,2020-06-09 08:00:00+00:00,2020-06-09 09:00:00+00:00,62130.5525,83.525,1552.5325,13784.6025,57629.3,15420.660000000002,0.3794528437245443,-0.925211078289358,0.8660254037844387,-0.4999999999999998,0.7818314824680298,0.6234898018587336,0,weekday,5.275
2020-06-10,2020,6,10,162,8,2,40.4,2020-06-10 08:00:00+00:00,2020-06-10 09:00:00+00:00,62298.5075,371.2675,2715.8325,10447.96,54391.67,13535.06,0.3634816124829063,-0.9316013725767188,0.8660254037844387,-0.4999999999999998,0.9749279121818236,-0.2225209339563143,0,weekday,4.7
2020-06-11,2020,6,11,163,8,3,26.06,2020-06-11 08:00:00+00:00,2020-06-11 09:00:00+00:00,52273.235,4421.2525000000005,3857.8225,10476.4075,50735.31,18755.4825,0.3474028211842774,-0.9377159910299092,0.8660254037844387,-0.4999999999999998,0.4338837391175582,-0.900968867902419,0,weekday,4.775
2020-06-12,2020,6,12,164,8,4,21.07,2020-06-12 08:00:00+00:00,2020-06-12 09:00:00+00:00,58443.92,2460.2875,3706.8,23276.3725,57613.28,29443.46,0.3312212278016865,-0.9435531242349544,0.8660254037844387,-0.4999999999999998,-0.433883739117558,-0.9009688679024191,0,weekday,5.15
2020-06-13,2020,6,13,165,8,5,18.5,2020-06-13 08:00:00+00:00,2020-06-13 09:00:00+00:00,52528.385,4145.075,3369.735,21276.77,49860.57,28791.58,0.3149416207289519,-0.9491110448902284,0.8660254037844387,-0.4999999999999998,-0.9749279121818236,-0.2225209339563146,0,weekend,5.275
2020-06-14,2020,6,14,166,8,6,19.07,2020-06-14 08:00:00+00:00,2020-06-14 09:00:00+00:00,47223.3025,3490.8525,8992.36,9294.58,43596.15,21777.792500000003,0.2985688173637202,-0.9543881083175908,0.8660254037844387,-0.4999999999999998,-0.7818314824680299,0.6234898018587334,0,weekend,5.362500000000001
2020-06-15,2020,6,15,167,8,0,34.09,2020-06-15 08:00:00+00:00,2020-06-15 09:00:00+00:00,61873.2225,1839.215,4564.8625,13025.45,58259.52,19429.5275,0.2821076626819194,-0.9593827529490744,0.8660254037844387,-0.4999999999999998,0.0,1.0,0,weekday,5.45
2020-06-16,2020,6,16,168,8,1,39.32,2020-06-16 08:00:00+00:00,2020-06-16 09:00:00+00:00,62745.09,265.61,647.075,12604.3575,53102.11,13517.0425,0.2655630278040559,-0.9640935007889756,0.8660254037844387,-0.4999999999999998,0.7818314824680298,0.6234898018587336,0,weekday,5.55
2020-06-17,2020,6,17,169,8,2,38.99,2020-06-17 08:00:00+00:00,2020-06-17 09:00:00+00:00,62247.3225,182.4775,345.64750000000004,16509.2075,57702.25,17037.3325,0.2489398085537665,-0.9685189578512204,0.8660254037844387,-0.4999999999999998,0.9749279121818236,-0.2225209339563143,0,weekday,5.2
2020-06-18,2020,6,18,170,8,3,36.73,2020-06-18 08:00:00+00:00,2020-06-18 09:00:00+00:00,63338.58,1558.7775,3587.64,12468.335,59098.51,17614.7525,0.2322429240090701,-0.9726578145718654,0.8660254037844387,-0.4999999999999998,0.4338837391175582,-0.900968867902419,0,weekday,5.425
2020-06-19,2020,6,19,171,8,4,34.56,2020-06-19 08:00:00+00:00,2020-06-19 09:00:00+00:00,64116.3625,620.1424999999999,5927.4625,13929.5225,55592.39,20477.1275,0.2154773150467301,-0.976508846196619,0.8660254037844387,-0.4999999999999998,-0.433883739117558,-0.9009688679024191,0,weekday,5.55
2020-06-20,2020,6,20,172,8,5,22.06,2020-06-20 08:00:00+00:00,2020-06-20 09:00:00+00:00,53386.8775,860.2375,10581.005,16507.8975,49290.78,27949.14,0.1986479428801711,-0.9800709131432666,0.8660254037844387,-0.4999999999999998,-0.9749279121818236,-0.2225209339563146,0,weekend,5.615
2020-06-21,2020,6,21,173,8,6,15.6,2020-06-21 08:00:00+00:00,2020-06-21 09:00:00+00:00,47672.4825,1001.155,3906.42,21424.11,44768.32,26331.685,0.1817597875913753,-0.9833429613388902,0.8660254037844387,-0.4999999999999998,-0.7818314824680299,0.6234898018587334,0,weekend,5.532500000000001
2020-06-22,2020,6,22,174,8,0,33.08,2020-06-22 08:00:00+00:00,2020-06-22 09:00:00+00:00,62689.4275,1092.1,6304.08,20130.905,60264.17,27527.085,0.1648178466571979,-0.9863240225317866,0.8660254037844387,-0.4999999999999998,0.0,1.0,0,weekday,5.45
2020-06-23,2020,6,23,175,8,1,31.92,2020-06-23 08:00:00+00:00,2020-06-23 09:00:00+00:00,61868.855,798.73,1659.26,25761.8575,62966.09,28219.8475,0.1478271334705304,-0.9890132145779884,0.8660254037844387,-0.4999999999999998,0.7818314824680298,0.6234898018587336,0,weekday,5.7
2020-06-24,2020,6,24,176,8,2,36.12,2020-06-24 08:00:00+00:00,2020-06-24 09:00:00+00:00,62712.052500000005,292.905,1517.4525,26571.7625,63091.92,28382.120000000003,0.1307926758567592,-0.9914097417023038,0.8660254037844387,-0.4999999999999998,0.9749279121818236,-0.2225209339563143,0,weekday,5.825
2020-06-25,2020,6,25,177,8,3,38.83,2020-06-25 08:00:00+00:00,2020-06-25 09:00:00+00:00,63615.3175,1442.335,5060.4575,20845.85,63488.96,27348.6425,0.1137195145859496,-0.9935128947338008,0.8660254037844387,-0.4999999999999998,0.4338837391175582,-0.900968867902419,0,weekday,5.425
2020-06-26,2020,6,26,178,8,4,36.93,2020-06-26 08:00:00+00:00,2020-06-26 09:00:00+00:00,62656.195,1991.775,3590.735,25069.35,65656.38,30651.86,0.0966127018812031,-0.9953220513156602,0.8660254037844387,-0.4999999999999998,-0.433883739117558,-0.9009688679024191,0,weekday,5.065
2020-06-27,2020,6,27,179,8,5,27.01,2020-06-27 08:00:00+00:00,2020-06-27 09:00:00+00:00,52366.81,902.585,3549.28,20512.8875,49563.2,24964.7525,0.0794772999236209,-0.9968366760893436,0.8660254037844387,-0.4999999999999998,-0.9749279121818236,-0.2225209339563146,0,weekend,5.105
2020-06-28,2020,6,28,180,8,6,14.17,2020-06-28 08:00:00+00:00,2020-06-28 09:00:00+00:00,46619.2075,3550.465,10482.5775,15587.69,49493.69,29620.7325,0.062318379354325,-0.998056320853012,0.8660254037844387,-0.4999999999999998,-0.7818314824680299,0.6234898018587334,0,weekend,5.2525
2020-06-29,2020,6,29,181,8,0,35.4,2020-06-29 08:00:00+00:00,2020-06-29 09:00:00+00:00,62172.23,3655.6325,8415.6175,14481.2025,57893.18,26552.4525,0.0451410177739719,-0.998980624694158,0.8660254037844387,-0.4999999999999998,0.0,1.0,0,weekday,5.4
2020-06-30,2020,6,30,182,8,1,2.58,2020-06-30 08:00:00+00:00,2020-06-30 09:00:00+00:00,64078.6625,4956.3775000000005,27161.1225,18192.807500000003,74129.48,50310.3075,0.0279502982402103,-0.999609314096404,0.8660254037844387,-0.4999999999999998,0.7818314824680298,0.6234898018587336,0,weekday,6.105
2020-07-01,2020,7,1,183,8,2,37.06,2020-07-01 08:00:00+00:00,2020-07-01 09:00:00+00:00,63407.1575,1781.0,12489.01,17213.8625,62399.3,31483.8725,0.0107513077635219,-0.9999422030204416,0.8660254037844387,-0.4999999999999998,0.9749279121818236,-0.2225209339563143,0,weekday,5.95
2020-07-02,2020,7,2,184,8,3,42.14,2020-07-02 08:00:00+00:00,2020-07-02 09:00:00+00:00,63329.0875,756.0024999999999,6695.77,16144.8175,57046.67,23596.59,-0.0064508641981051,-0.9999791929590824,0.8660254037844387,-0.4999999999999998,0.4338837391175582,-0.900968867902419,0,weekday,5.765
2020-07-03,2020,7,3,185,8,4,38.95,2020-07-03 08:00:00+00:00,2020-07-03 09:00:00+00:00,62547.2975,548.9075,5800.950000000001,19894.66,58657.01,26244.5175,-0.0236511272452315,-0.9997202729664084,0.8660254037844387,-0.4999999999999998,-0.433883739117558,-0.9009688679024191,0,weekday,5.945
2020-07-04,2020,7,4,186,8,5,1.47,2020-07-04 08:00:00+00:00,2020-07-04 09:00:00+00:00,53406.905,4958.5575,19893.3375,18465.35,60108.4,43317.245,-0.0408443915432961,-0.9991655196610107,0.8660254037844387,-0.4999999999999998,-0.9749279121818236,-0.2225209339563146,0,weekend,6.011666666666667
2020-07-05,2020,7,5,187,8,6,-17.01,2020-07-05 08:00:00+00:00,2020-07-05 09:00:00+00:00,47409.39,3118.89,28048.825,11609.16,61207.11,42776.875,-0.0580255693287803,-0.9983150972033183,0.8660254037844387,-0.4999999999999998,-0.7818314824680299,0.6234898018587334,0,weekend,6.078333333333333
2020-07-06,2020,7,6,188,8,0,1.49,2020-07-06 08:00:00+00:00,2020-07-06 09:00:00+00:00,62667.0875,5662.202499999999,26539.285,18098.865,71147.5,50300.3525,-0.0751895764147585,-0.9971692572470178,0.8660254037844387,-0.4999999999999998,0.0,1.0,0,weekday,6.145
2020-07-07,2020,7,7,189,8,1,30.82,2020-07-07 08:00:00+00:00,2020-07-07 09:00:00+00:00,62882.365,3758.9275,6723.31,22980.695,62118.27,33462.932499999995,-0.0923313336953912,-0.9957283388645872,0.8660254037844387,-0.4999999999999998,0.7818314824680298,0.6234898018587336,0,weekday,6.13
2020-07-08,2020,7,8,190,8,2,44.44,2020-07-08 08:00:00+00:00,2020-07-08 09:00:00+00:00,64021.195,1056.9775,5064.495,15136.3175,54093.36,21257.79,-0.1094457686489155,-0.993992768446958,0.8660254037844387,-0.4999999999999998,0.9749279121818236,-0.2225209339563143,0,weekday,6.09
2020-07-09,2020,7,9,191,8,3,47.08,2020-07-09 08:00:00+00:00,2020-07-09 09:00:00+00:00,63095.8575,363.24,5185.8825,12372.3575,53356.82,17921.48,-0.1265278168386831,-0.9919630595773395,0.8660254037844387,-0.4999999999999998,0.4338837391175582,-0.900968867902419,0,weekday,5.855
2020-07-10,2020,7,10,192,8,4,41.76,2020-07-10 08:00:00+00:00,2020-07-10 09:00:00+00:00,64025.0075,1294.9325,8623.775,16400.495,60263.68,26319.2025,-0.1435724234118113,-0.9896398128792412,0.8660254037844387,-0.4999999999999998,-0.433883739117558,-0.9009688679024191,0,weekday,5.57
2020-07-11,2020,7,11,193,8,5,26.53,2020-07-11 08:00:00+00:00,2020-07-11 09:00:00+00:00,52557.515,2402.015,4826.6925,18002.43,47123.88,25231.1375,-0.1605745445949937,-0.9870237158387384,0.8660254037844387,-0.4999999999999998,-0.9749279121818236,-0.2225209339563146,0,weekend,5.475
2020-07-12,2020,7,12,194,8,6,16.97,2020-07-12 08:00:00+00:00,2020-07-12 09:00:00+00:00,46969.7025,1225.6075,2697.415,24029.37,47009.37,27952.3925,-0.1775291491870349,-0.984115542601034,0.8660254037844387,-0.4999999999999998,-0.7818314824680299,0.6234898018587334,0,weekend,5.4975
2020-07-13,2020,7,13,195,8,0,34.05,2020-07-13 08:00:00+00:00,2020-07-13 09:00:00+00:00,62001.3575,695.145,1568.96,25819.7925,58423.27,28083.8975,-0.1944312200476619,-0.9809161537413774,0.8660254037844387,-0.4999999999999998,0.0,1.0,0,weekday,5.52
2020-07-14,2020,7,14,196,8,1,36.15,2020-07-14 08:00:00+00:00,2020-07-14 09:00:00+00:00,63212.0075,1298.9775,2121.34,21467.5175,57027.0,24887.835000000003,-0.2112757555821793,-0.9774264960104057,0.8660254037844387,-0.4999999999999998,0.7818314824680298,0.6234898018587336,0,weekday,5.16
2020-07-15,2020,7,15,197,8,2,46.07,2020-07-15 08:00:00+00:00,2020-07-15 09:00:00+00:00,63889.03,316.09000000000003,1393.64,9340.19,47052.47,11049.92,-0.2280577712215198,-0.9736476020539838,0.8660254037844387,-0.4999999999999998,0.9749279121818236,-0.2225209339563143,0,weekday,5.35
2020-07-16,2020,7,16,198,8,3,58.7,2020-07-16 08:00:00+00:00,2020-07-16 09:00:00+00:00,64361.65,351.33,1532.2375,10788.79,48692.82,12672.3575,-0.2447723008972595,-0.9695805901076308,0.8660254037844387,-0.4999999999999998,0.4338837391175582,-0.900968867902419,0,weekday,5.09
2020-07-17,2020,7,17,199,8,4,41.25,2020-07-17 08:00:00+00:00,2020-07-17 09:00:00+00:00,62931.305,203.96,1664.46,17252.5475,54698.13,19120.9675,-0.2614143985111562,-0.965226663665613,0.8660254037844387,-0.4999999999999998,-0.433883739117558,-0.9009688679024191,0,weekday,5.16
2020-07-18,2020,7,18,200,8,5,24.35,2020-07-18 08:00:00+00:00,2020-07-18 09:00:00+00:00,51838.4975,1172.7925,420.41,21523.115,48567.14,23116.3175,-0.2779791393987801,-0.9605871111248128,0.8660254037844387,-0.4999999999999998,-0.9749279121818236,-0.2225209339563146,0,weekend,5.115
2020-07-19,2020,7,19,201,8,6,24.72,2020-07-19 08:00:00+00:00,2020-07-19 09:00:00+00:00,45934.405,160.1375,774.6725,21705.1025,46066.78,22639.9125,-0.2944616217868012,-0.9556633054034704,0.8660254037844387,-0.4999999999999998,-0.7818314824680299,0.6234898018587334,0,weekend,5.032500000000001
2020-07-20,2020,7,20,202,8,0,36.35,2020-07-20 08:00:00+00:00,2020-07-20 09:00:00+00:00,62863.442500000005,916.395,4174.315,19414.0575,57048.96,24504.7675,-0.3108569682435036,-0.9504567035349152,0.8660254037844387,-0.4999999999999998,0.0,1.0,0,weekday,4.95
2020-07-21,2020,7,21,203,8,1,27.79,2020-07-21 08:00:00+00:00,2020-07-21 09:00:00+00:00,63238.0575,1396.8175,3112.3,22579.09,59235.44,27088.2075,-0.3271603271220951,-0.9449688462364056,0.8660254037844387,-0.4999999999999998,0.7818314824680298,0.6234898018587336,0,weekday,4.9
2020-07-22,2020,7,22,204,8,2,34.44,2020-07-22 08:00:00+00:00,2020-07-22 09:00:00+00:00,62726.245,1015.4225,1581.81,23155.2525,60126.06,25752.485,-0.343366873996388,-0.939201357453208,0.8660254037844387,-0.4999999999999998,0.9749279121818236,-0.2225209339563143,0,weekday,4.82
2020-07-23,2020,7,23,205,8,3,33.92,2020-07-23 08:00:00+00:00,2020-07-23 09:00:00+00:00,62281.51,2706.135,1307.1475,22025.5425,59081.33,26038.825,-0.3594718130884232,-0.9331559438780432,0.8660254037844387,-0.4999999999999998,0.4338837391175582,-0.900968867902419,0,weekday,4.925
2020-07-24,2020,7,24,206,8,4,40.02,2020-07-24 08:00:00+00:00,2020-07-24 09:00:00+00:00,61754.07,2138.9875,5591.342500000001,15829.2825,57508.92,23559.6125,-0.3754703786876202,-0.9268343944460494,0.8660254037844387,-0.4999999999999998,-0.433883739117558,-0.9009688679024191,0,weekday,5.025
2020-07-25,2020,7,25,207,8,5,20.82,2020-07-25 08:00:00+00:00,2020-07-25 09:00:00+00:00,51555.0225,2377.705,3574.7175,20115.835,50155.91,26068.2575,-0.3913578365610259,-0.9202385798054076,0.8660254037844387,-0.4999999999999998,-0.9749279121818236,-0.2225209339563146,0,weekend,5.01
2020-07-26,2020,7,26,208,8,6,9.9,2020-07-26 08:00:00+00:00,2020-07-26 09:00:00+00:00,46870.38,3862.525,14979.7075,11106.25,50109.11,29948.4825,-0.4071294853542516,-0.9133704517637858,0.8660254037844387,-0.4999999999999998,-0.7818314824680299,0.6234898018587334,0,weekend,4.98
2020-07-27,2020,7,27,209,8,0,36.87,2020-07-27 08:00:00+00:00,2020-07-27 09:00:00+00:00,61594.325,2859.6825,2748.475,19080.1825,57778.19,24688.34,-0.4227806579826773,-0.9062320427107696,0.8660254037844387,-0.4999999999999998,0.0,1.0,0,weekday,4.95
2020-07-28,2020,7,28,210,8,1,23.58,2020-07-28 08:00:00+00:00,2020-07-28 09:00:00+00:00,63315.2325,5250.5825,13864.845,19391.2575,65476.49,38506.685,-0.4383067230125192,-0.898825465016444,0.8660254037844387,-0.4999999999999998,0.7818314824680298,0.6234898018587336,0,weekday,4.775
2020-07-29,2020,7,29,211,8,2,10.65,2020-07-29 08:00:00+00:00,2020-07-29 09:00:00+00:00,62099.9775,5750.0325,17472.5375,21403.53,68122.82,44626.1,-0.4537030860313442,-0.8911529104063088,0.8660254037844387,-0.4999999999999998,0.9749279121818236,-0.2225209339563143,0,weekday,5.15
2020-07-30,2020,7,30,212,8,3,28.14,2020-07-30 08:00:00+00:00,2020-07-30 09:00:00+00:00,62062.74,1884.2775,4695.1875,24077.0925,60661.3,30656.5575,-0.4689651910076318,-0.8832166493127127,0.8660254037844387,-0.4999999999999998,0.4338837391175582,-0.900968867902419,0,weekday,5.19
2020-07-31,2020,7,31,213,8,4,38.25,2020-07-31 08:00:00+00:00,2020-07-31 09:00:00+00:00,61713.195,664.525,1391.1825,25106.595,58134.38,27162.3025,-0.4840885216389758,-0.8750190302029955,0.8660254037844387,-0.4999999999999998,-0.433883739117558,-0.9009688679024191,0,weekday,6.0
2020-08-01,2020,8,1,214,8,5,23.22,2020-08-01 08:00:00+00:00,2020-08-01 09:00:00+00:00,51560.005,2538.3525,3118.295,23083.13,51551.96,28739.7775,-0.4990686026885319,-0.8665624788845385,0.8660254037844387,-0.4999999999999998,-0.9749279121818236,-0.2225209339563146,0,weekend,6.025
2020-08-02,2020,8,2,215,8,6,27.63,2020-08-02 08:00:00+00:00,2020-08-02 09:00:00+00:00,46049.78,1125.505,2517.9275,12819.62,38249.8,16463.0525,-0.5139010013093103,-0.8578494977869301,0.8660254037844387,-0.4999999999999998,-0.7818314824680299,0.6234898018587334,0,weekend,6.1775
2020-08-03,2020,8,3,216,8,0,41.2,2020-08-03 08:00:00+00:00,2020-08-03 09:00:00+00:00,60896.1625,270.2425,2095.795,13255.32,48272.71,15621.3575,-0.5285813283559292,-0.8488826652214553,0.8660254037844387,-0.4999999999999998,0.0,1.0,0,weekday,6.33
2020-08-04,2020,8,4,217,8,1,41.35,2020-08-04 08:00:00+00:00,2020-08-04 09:00:00+00:00,61770.585,297.05,2148.1625,13929.175,50992.96,16374.3875,-0.5431052396834317,-0.8396646346181327,0.8660254037844387,-0.4999999999999998,0.7818314824680298,0.6234898018587336,0,weekday,7.185
2020-08-05,2020,8,5,218,8,2,24.58,2020-08-05 08:00:00+00:00,2020-08-05 09:00:00+00:00,60706.4925,4890.0875,6086.105,23745.065,64063.12,34721.2575,-0.5574684374327892,-0.8301981337405212,0.8660254037844387,-0.4999999999999998,0.9749279121818236,-0.2225209339563143,0,weekday,7.37
2020-08-06,2020,8,6,219,8,3,28.75,2020-08-06 08:00:00+00:00,2020-08-06 09:00:00+00:00,60864.775,1328.3525,2068.4125,25011.535,60470.53,28408.3,-0.5716666713027052,-0.8204859638785327,0.8660254037844387,-0.4999999999999998,0.4338837391175582,-0.900968867902419,0,weekday,7.75
2020-08-07,2020,8,7,220,8,4,36.45,2020-08-07 08:00:00+00:00,2020-08-07 09:00:00+00:00,59891.89,632.985,1353.29,24574.765,58115.43,26561.04,-0.5856957398073508,-0.8105309990194823,0.8660254037844387,-0.4999999999999998,-0.433883739117558,-0.9009688679024191,0,weekday,7.55
2020-08-08,2020,8,8,221,8,5,29.6,2020-08-08 08:00:00+00:00,2020-08-08 09:00:00+00:00,50644.5975,130.45749999999998,323.6225,24267.8225,50425.93,24721.9025,-0.5995514915196489,-0.8003361849976323,0.8660254037844387,-0.4999999999999998,-0.9749279121818236,-0.2225209339563146,0,weekend,7.93
2020-08-09,2020,8,9,222,8,6,26.42,2020-08-09 08:00:00+00:00,2020-08-09 09:00:00+00:00,46017.125,1709.6975,1126.885,22490.8175,46117.62,25327.4,-0.6132298262997502,-0.7899045386224707,0.8660254037844387,-0.4999999999999998,-0.7818314824680299,0.6234898018587334,0,weekend,8.105
2020-08-10,2020,8,10,223,8,0,40.52,2020-08-10 08:00:00+00:00,2020-08-10 09:00:00+00:00,61350.745,2379.66,2428.4725,21269.83,58851.24,26077.9625,-0.6267266965083301,-0.7792391467859886,0.8660254037844387,-0.4999999999999998,0.0,1.0,0,weekday,8.28
2020-08-11,2020,8,11,224,8,1,39.99,2020-08-11 08:00:00+00:00,2020-08-11 09:00:00+00:00,62603.375,2601.2875,4361.4475,21975.1825,61304.92,28937.9175,-0.6400381082043503,-0.7683431655492202,0.8660254037844387,-0.4999999999999998,0.7818314824680298,0.6234898018587336,0,weekday,7.495
2020-08-12,2020,8,12,225,8,2,38.01,2020-08-12 08:00:00+00:00,2020-08-12 09:00:00+00:00,64903.48,3669.6875,5005.3475,22607.9875,64162.97,31283.0225,-0.65316012232693,-0.7572198192083127,0.8660254037844387,-0.4999999999999998,0.9749279121818236,-0.2225209339563143,0,weekday,7.175
2020-08-13,2020,8,13,226,8,3,41.76,2020-08-13 08:00:00+00:00,2020-08-13 09:00:00+00:00,64548.7,2663.175,3029.4875,17749.555,58707.22,23442.2175,-0.666088855860977,-0.7458723993404063,0.8660254037844387,-0.4999999999999998,0.4338837391175582,-0.900968867902419,0,weekday,7.4
2020-08-14,2020,8,14,227,8,4,53.28,2020-08-14 08:00:00+00:00,2020-08-14 09:00:00+00:00,64109.67,891.8399999999999,1710.6,12494.6975,50451.76,15097.1375,-0.6788204829862355,-0.734304263829602,0.8660254037844387,-0.4999999999999998,-0.433883739117558,-0.9009688679024191,0,weekday,7.45
2020-08-15,2020,8,15,228,8,5,30.14,2020-08-15 08:00:00+00:00,2020-08-15 09:00:00+00:00,52935.33,1071.6225,780.6925,13849.1875,42486.21,15701.5025,-0.6913512362094071,-0.722518835873311,0.8660254037844387,-0.4999999999999998,-0.9749279121818236,-0.2225209339563146,0,weekend,8.02
2020-08-16,2020,8,16,229,8,6,25.51,2020-08-16 08:00:00+00:00,2020-08-16 09:00:00+00:00,45732.445,507.305,2251.76,20855.4875,46905.66,23614.5525,-0.7036774074790128,-0.7105196029692745,0.8660254037844387,-0.4999999999999998,-0.7818314824680299,0.6234898018587334,0,weekend,8.14
2020-08-17,2020,8,17,230,8,0,42.11,2020-08-17 08:00:00+00:00,2020-08-17 09:00:00+00:00,62206.7825,801.9325,2612.3875,13992.24,53847.46,17406.559999999998,-0.7157953492826642,-0.6983101158835584,0.8660254037844387,-0.4999999999999998,0.0,1.0,0,weekday,8.26
2020-08-18,2020,8,18,231,8,1,44.03,2020-08-18 08:00:00+00:00,2020-08-18 09:00:00+00:00,64036.415,613.1275,2665.2575,15953.775,54096.04,19232.16,-0.7277014757264236,-0.6858939875998223,0.8660254037844387,-0.4999999999999998,0.7818314824680298,0.6234898018587336,0,weekday,8.225
2020-08-19,2020,8,19,232,8,2,38.42,2020-08-19 08:00:00+00:00,2020-08-19 09:00:00+00:00,63422.2875,752.65,1155.2,20597.595,56751.86,22505.445,-0.7393922635959241,-0.673274892250183,0.8660254037844387,-0.4999999999999998,0.9749279121818236,-0.2225209339563143,0,weekday,8.815
2020-08-20,2020,8,20,233,8,3,39.82,2020-08-20 08:00:00+00:00,2020-08-20 09:00:00+00:00,63633.7825,3288.1025,4970.5525,16449.475,57263.46,24708.13,-0.7508642533989489,-0.6604565640279754,0.8660254037844387,-0.4999999999999998,0.4338837391175582,-0.900968867902419,0,weekday,8.325
2020-08-21,2020,8,21,234,8,4,33.9,2020-08-21 08:00:00+00:00,2020-08-21 09:00:00+00:00,63298.32,4323.1875,9357.0725,18912.7125,62051.84,32592.972500000003,-0.7621140503891487,-0.6474427960827475,0.8660254037844387,-0.4999999999999998,-0.433883739117558,-0.9009688679024191,0,weekday,7.975
2020-08-22,2020,8,22,235,8,5,27.14,2020-08-22 08:00:00+00:00,2020-08-22 09:00:00+00:00,53520.4325,4655.219999999999,12357.8025,10976.605,50708.71,27989.6275,-0.7731383255706026,-0.6342374393978054,0.8660254037844387,-0.4999999999999998,-0.9749279121818236,-0.2225209339563146,0,weekend,7.62
2020-08-23,2020,8,23,236,8,6,4.44,2020-08-23 08:00:00+00:00,2020-08-23 09:00:00+00:00,46860.5675,3411.85,19502.98,16092.36,57435.67,39007.19,-0.7839338166829201,-0.620844401650647,0.8660254037844387,-0.4999999999999998,-0.7818314824680299,0.6234898018587334,0,weekend,7.8725000000000005
2020-08-24,2020,8,24,237,8,0,47.1,2020-08-24 08:00:00+00:00,2020-08-24 09:00:00+00:00,63123.6275,682.4975000000001,7745.3825,14976.49,57869.78,23404.37,-0.7944973291665992,-0.6072676460566135,0.8660254037844387,-0.4999999999999998,0.0,1.0,0,weekday,8.125
2020-08-25,2020,8,25,238,8,1,43.07,2020-08-25 08:00:00+00:00,2020-08-25 09:00:00+00:00,63601.9475,1253.9975,3075.8975,18287.375,57616.53,22617.27,-0.8048257371083452,-0.593511190196115,0.8660254037844387,-0.4999999999999998,0.7818314824680298,0.6234898018587336,0,weekday,8.36
2020-08-26,2020,8,26,239,8,2,21.7,2020-08-26 08:00:00+00:00,2020-08-26 09:00:00+00:00,64576.9525,4668.4225,35771.8,13225.8875,72477.98,53666.11,-0.8149159841660791,-0.5795791048257612,0.8660254037844387,-0.4999999999999998,0.9749279121818236,-0.2225209339563143,0,weekday,9.34
2020-08-27,2020,8,27,240,8,3,38.41,2020-08-27 08:00:00+00:00,2020-08-27 09:00:00+00:00,63718.4275,2645.29,14105.95,15885.25,64704.68,32636.49,-0.8247650844733614,-0.5654755126737576,0.8660254037844387,-0.4999999999999998,0.4338837391175582,-0.900968867902419,0,weekday,9.25
2020-08-28,2020,8,28,241,8,4,46.49,2020-08-28 08:00:00+00:00,2020-08-28 09:00:00+00:00,64811.5725,3329.8050000000003,13104.9425,12584.9025,60357.99,29019.65,-0.8343701235229538,-0.5512045872199277,0.8660254037844387,-0.4999999999999998,-0.433883739117558,-0.9009688679024191,0,weekday,11.125
2020-08-29,2020,8,29,242,8,5,36.84,2020-08-29 08:00:00+00:00,2020-08-29 09:00:00+00:00,51866.6,1183.8775,8943.5775,13132.635,47734.01,23260.09,-0.8437282590292712,-0.5367705514607103,0.8660254037844387,-0.4999999999999998,-0.9749279121818236,-0.2225209339563146,0,weekend,11.17
2020-08-30,2020,8,30,243,8,6,32.39,2020-08-30 08:00:00+00:00,2020-08-30 09:00:00+00:00,46530.7625,1874.0725,721.0575,9255.39,37397.6,11850.52,-0.8528367217694595,-0.522177676659508,0.8660254037844387,-0.4999999999999998,-0.7818314824680299,0.6234898018587334,0,weekend,11.205
2020-08-31,2020,8,31,244,8,0,66.53,2020-08-31 08:00:00+00:00,2020-08-31 09:00:00+00:00,62538.8875,888.655,2639.87,10415.1575,51992.71,13943.6825,-0.8616928164028522,-0.5074302810827518,0.8660254037844387,-0.4999999999999998,0.0,1.0,0,weekday,11.24
2020-09-01,2020,9,1,245,8,1,55.36,2020-09-01 08:00:00+00:00,2020-09-01 09:00:00+00:00,63125.6225,499.6,1806.665,11515.93,52075.6,13822.195,-0.8702939222685674,-0.4925327287220543,0.8660254037844387,-0.4999999999999998,0.7818314824680298,0.6234898018587336,0,weekday,11.2
2020-09-02,2020,9,2,246,8,2,54.51,2020-09-02 08:00:00+00:00,2020-09-02 09:00:00+00:00,62678.86,401.2025,1551.6825,15943.9225,55060.93,17896.8075,-0.8786374941610001,-0.4774894280028391,0.8660254037844387,-0.4999999999999998,0.9749279121818236,-0.2225209339563143,0,weekday,11.4
2020-09-03,2020,9,3,247,8,3,48.17,2020-09-03 08:00:00+00:00,2020-09-03 09:00:00+00:00,63098.01,3702.9825,4038.845,19172.7275,63127.89,26914.555,-0.886721063082993,-0.4623048304798108,0.8660254037844387,-0.4999999999999998,0.4338837391175582,-0.900968867902419,0,weekday,11.515
2020-09-04,2020,9,4,248,8,4,42.03,2020-09-04 08:00:00+00:00,2020-09-04 09:00:00+00:00,62875.17,3086.3225,9799.96,14996.4675,60387.77,27882.75,-0.8945422369764496,-0.4469834295196741,0.8660254037844387,-0.4999999999999998,-0.433883739117558,-0.9009688679024191,0,weekday,12.105
2020-09-05,2020,9,5,249,8,5,32.26,2020-09-05 08:00:00+00:00,2020-09-05 09:00:00+00:00,52844.5775,4987.79,9161.2875,13523.9825,50524.74,27673.06,-0.9020987014301836,-0.4315297589714714,0.8660254037844387,-0.4999999999999998,-0.9749279121818236,-0.2225209339563146,0,weekend,11.68
2020-09-06,2020,9,6,250,8,6,32.19,2020-09-06 08:00:00+00:00,2020-09-06 09:00:00+00:00,45969.19,1191.365,5500.015,15034.61,43886.48,21725.99,-0.9093882203647924,-0.4159483918249421,0.8660254037844387,-0.4999999999999998,-0.7818314824680299,0.6234898018587334,0,weekend,11.586666666666666
2020-09-07,2020,9,7,251,8,0,47.97,2020-09-07 08:00:00+00:00,2020-09-07 09:00:00+00:00,61773.3225,1033.205,2099.315,19682.705,55968.92,22815.225,-0.9164086366943458,-0.4002439388573056,0.8660254037844387,-0.4999999999999998,0.0,1.0,0,weekday,11.493333333333334
2020-09-08,2020,9,8,252,8,1,31.65,2020-09-08 08:00:00+00:00,2020-09-08 09:00:00+00:00,63022.6025,4110.5525,15014.39,17506.535,67296.26,36631.47749999999,-0.923157872964704,-0.3844210472688554,0.8660254037844387,-0.4999999999999998,0.7818314824680298,0.6234898018587336,0,weekday,11.4
2020-09-09,2020,9,9,253,8,2,33.08,2020-09-09 08:00:00+00:00,2020-09-09 09:00:00+00:00,62457.68,5069.64,11328.1525,16328.59,63685.93,32726.3825,-0.9296339319682696,-0.3684843993077793,0.8660254037844387,-0.4999999999999998,0.9749279121818236,-0.2225209339563143,0,weekday,10.6
2020-09-10,2020,9,10,254,8,3,48.5,2020-09-10 08:00:00+00:00,2020-09-10 09:00:00+00:00,62823.555,1891.42,4402.4525,14977.0175,60252.51,21270.89,-0.935834897334994,-0.3524387108846032,0.8660254037844387,-0.4999999999999998,0.4338837391175582,-0.900968867902419,0,weekday,10.85
2020-09-11,2020,9,11,255,8,4,49.94,2020-09-11 08:00:00+00:00,2020-09-11 09:00:00+00:00,61762.130000000005,1600.14,1621.5725,17913.1675,59342.24,21134.88,-0.9417589340994617,-0.3362887301766828,0.8660254037844387,-0.4999999999999998,-0.433883739117558,-0.9009688679024191,0,weekday,10.4
2020-09-12,2020,9,12,256,8,5,30.78,2020-09-12 08:00:00+00:00,2020-09-12 09:00:00+00:00,51463.2475,5083.6275000000005,6046.8125,20811.47,54171.16,31941.910000000003,-0.9474042892438844,-0.3200392362231385,0.8660254037844387,-0.4999999999999998,-0.9749279121818236,-0.2225209339563146,0,weekend,10.495
2020-09-13,2020,9,13,257,8,6,15.07,2020-09-13 08:00:00+00:00,2020-09-13 09:00:00+00:00,46469.275,5889.38,8228.05,20833.0725,54319.77,34950.5025,-0.9527692922168512,-0.3036950375106588,0.8660254037844387,-0.4999999999999998,-0.7818314824680299,0.6234898018587334,0,weekend,10.61
2020-09-14,2020,9,14,258,8,0,50.49,2020-09-14 08:00:00+00:00,2020-09-14 09:00:00+00:00,61687.6575,1081.66,1562.755,21250.5125,60634.09,23894.9275,-0.9578523554276668,-0.2872609705505963,0.8660254037844387,-0.4999999999999998,0.0,1.0,0,weekday,10.725
2020-09-15,2020,9,15,259,8,1,67.29,2020-09-15 08:00:00+00:00,2020-09-15 09:00:00+00:00,63068.1125,196.8225,1469.6425,20362.4925,59780.96,22028.9575,-0.9626519747161488,-0.2707418984477642,0.8660254037844387,-0.4999999999999998,0.7818314824680298,0.6234898018587336,0,weekday,10.85
2020-09-16,2020,9,16,260,8,2,63.32,2020-09-16 08:00:00+00:00,2020-09-16 09:00:00+00:00,63270.525,1607.9625,2105.1,17954.8475,60373.03,21667.91,-0.9671667297977312,-0.2541427094613622,0.8660254037844387,-0.4999999999999998,0.9749279121818236,-0.2225209339563143,0,weekday,11.2
2020-09-17,2020,9,17,261,8,3,45.8,2020-09-17 08:00:00+00:00,2020-09-17 09:00:00+00:00,64247.195,1016.6875,6457.23,17725.954999999998,60995.65,25199.8725,-0.97139528468375,-0.2374683155584684,0.8660254037844387,-0.4999999999999998,0.4338837391175582,-0.900968867902419,0,weekday,11.515
2020-09-18,2020,9,18,262,8,4,44.67,2020-09-18 08:00:00+00:00,2020-09-18 09:00:00+00:00,63518.5175,406.2025,4391.8575,22340.7125,60052.54,27138.772500000003,-0.9753363880767836,-0.2207236509605022,0.8660254037844387,-0.4999999999999998,-0.433883739117558,-0.9009688679024191,0,weekday,11.105
2020-09-19,2020,9,19,263,8,5,33.58,2020-09-19 08:00:00+00:00,2020-09-19 09:00:00+00:00,53371.33,1597.47,3663.685,20701.86,51670.76,25963.015,-0.978988873740932,-0.2039136706831147,0.8660254037844387,-0.4999999999999998,-0.9749279121818236,-0.2225209339563146,0,weekend,11.475
2020-09-20,2020,9,20,264,8,6,34.2,2020-09-20 08:00:00+00:00,2020-09-20 09:00:00+00:00,47335.005,851.605,1950.2075,19790.9425,46315.13,22592.755,-0.9823516608469236,-0.1870433490699165,0.8660254037844387,-0.4999999999999998,-0.7818314824680299,0.6234898018587334,0,weekend,11.4875
2020-09-21,2020,9,21,265,8,0,54.4,2020-09-21 08:00:00+00:00,2020-09-21 09:00:00+00:00,62061.0075,63.7375,788.2825,20602.15,57323.68,21454.17,-0.9854237542919524,-0.1701176783204905,0.8660254037844387,-0.4999999999999998,0.0,1.0,0,weekday,11.5
2020-09-22,2020,9,22,266,8,1,52.05,2020-09-22 08:00:00+00:00,2020-09-22 09:00:00+00:00,63051.84,135.6225,565.9025,19653.705,57713.49,20355.230000000003,-0.9882042449941422,-0.15314166701312,0.8660254037844387,-0.4999999999999998,0.7818314824680298,0.6234898018587336,0,weekday,11.33
2020-09-23,2020,9,23,267,8,2,48.94,2020-09-23 08:00:00+00:00,2020-09-23 09:00:00+00:00,64347.24,2840.37,4118.3075,14582.0,56797.85,21540.6775,-0.9906923101615608,-0.136120338622667,0.8660254037844387,-0.4999999999999998,0.9749279121818236,-0.2225209339563143,0,weekday,11.77
2020-09-24,2020,9,24,268,8,3,33.01,2020-09-24 08:00:00+00:00,2020-09-24 09:00:00+00:00,65443.7025,5655.87,20310.8025,13565.48,65559.64,39532.1525,-0.9928872135356962,-0.1190587300340498,0.8660254037844387,-0.4999999999999998,0.4338837391175582,-0.900968867902419,0,weekday,11.95
2020-09-25,2020,9,25,269,8,4,48.17,2020-09-25 08:00:00+00:00,2020-09-25 09:00:00+00:00,64753.59,2630.76,10483.355,6762.2625,52916.41,19876.3775,-0.994788305609327,-0.1019618900517457,0.8660254037844387,-0.4999999999999998,-0.433883739117558,-0.9009688679024191,0,weekday,11.5
2020-09-26,2020,9,26,270,8,5,39.4,2020-09-26 08:00:00+00:00,2020-09-26 09:00:00+00:00,55073.445,1137.785,7980.7575,4807.0425,37715.99,13925.585,-0.9963950238187232,-0.0848348779057653,0.8660254037844387,-0.4999999999999998,-0.9749279121818236,-0.2225209339563146,0,weekend,11.665
2020-09-27,2020,9,27,271,8,6,32.99,2020-09-27 08:00:00+00:00,2020-09-27 09:00:00+00:00,48990.385,3372.945,4332.35,9776.9625,38449.29,17482.2575,-0.9977068927101168,-0.0676827617545516,0.8660254037844387,-0.4999999999999998,-0.7818314824680299,0.6234898018587334,0,weekend,11.8625
2020-09-28,2020,9,28,272,8,0,53.0,2020-09-28 08:00:00+00:00,2020-09-28 09:00:00+00:00,64537.817500000005,1478.955,3525.29,12599.3575,55384.56,17603.6025,-0.9987235240803972,-0.0505106171852228,0.8660254037844387,-0.4999999999999998,0.0,1.0,0,weekday,12.06
2020-09-29,2020,9,29,273,8,1,69.4,2020-09-29 08:00:00+00:00,2020-09-29 09:00:00+00:00,65175.35,1256.0375,2350.69,10271.765,54135.16,13878.4925,-0.9994446170919858,-0.0333235257116313,0.8660254037844387,-0.4999999999999998,0.7818314824680298,0.6234898018587336,0,weekday,12.4
2020-09-30,2020,9,30,274,8,2,55.16,2020-09-30 08:00:00+00:00,2020-09-30 09:00:00+00:00,65679.10500000001,2294.915,1600.2375,10089.055,55749.9,13984.2075,-0.9998699583618592,-0.0161265732706577,0.8660254037844387,-0.4999999999999998,0.9749279121818236,-0.2225209339563143,0,weekday,13.31
2020-10-01,2020,10,1,275,8,3,48.68,2020-10-01 08:00:00+00:00,2020-10-01 09:00:00+00:00,65827.725,5201.887500000001,6790.5025000000005,13824.26,61460.7,25816.65,-0.9999994220246924,0.0010751512827982,0.8660254037844387,-0.4999999999999998,0.4338837391175582,-0.900968867902419,0,weekday,13.35
2020-10-02,2020,10,2,276,8,4,49.21,2020-10-02 08:00:00+00:00,2020-10-02 09:00:00+00:00,66212.755,2110.395,9158.925,9015.275,56634.56,20284.595,-0.999832969770105,0.0182765576816912,0.8660254037844387,-0.4999999999999998,-0.433883739117558,-0.9009688679024191,0,weekday,12.875
2020-10-03,2020,10,3,277,8,5,16.65,2020-10-03 08:00:00+00:00,2020-10-03 09:00:00+00:00,48678.9825,6058.155,17885.635,9874.9025,54785.32,33818.6925,-0.9993706508539968,0.0354725557531255,0.8660254037844387,-0.4999999999999998,-0.9749279121818236,-0.2225209339563146,1,holiday,13.025
2020-10-04,2020,10,4,278,8,6,-0.98,2020-10-04 08:00:00+00:00,2020-10-04 09:00:00+00:00,48085.44,2893.9675,21954.9525,13520.2825,56782.1,38369.2025,-0.9986126020839734,0.052658056924614,0.8660254037844387,-0.4999999999999998,-0.7818314824680299,0.6234898018587334,0,weekend,13.205
2020-10-05,2020,10,5,279,8,0,41.6,2020-10-05 08:00:00+00:00,2020-10-05 09:00:00+00:00,65379.345,5413.445,13481.3975,9329.73,61543.12,28224.5725,-0.9975590477788612,0.0698279757298708,0.8660254037844387,-0.4999999999999998,0.0,1.0,0,weekday,13.385
2020-10-06,2020,10,6,280,8,1,37.73,2020-10-06 08:00:00+00:00,2020-10-06 09:00:00+00:00,67211.94,4404.42,23446.775,7531.455,65974.11,35382.65,-0.9962102997023295,0.0869772313136861,0.8660254037844387,-0.4999999999999998,0.7818314824680298,0.6234898018587336,0,weekday,13.225
2020-10-07,2020,10,7,281,8,2,46.75,2020-10-07 08:00:00+00:00,2020-10-07 09:00:00+00:00,68148.6625,2893.25,15460.21,7391.1475,62001.95,25744.6075,-0.9945667569706336,0.1041007489354256,0.8660254037844387,-0.4999999999999998,0.9749279121818236,-0.2225209339563143,0,weekday,13.425
2020-10-08,2020,10,8,282,8,3,38.84,2020-10-08 08:00:00+00:00,2020-10-08 09:00:00+00:00,67428.6225,4842.9075,17901.92,7630.099999999999,64606.01,30374.9275,-0.9926289059345096,0.121193461470736,0.8660254037844387,-0.4999999999999998,0.4338837391175582,-0.900968867902419,0,weekday,13.75
2020-10-09,2020,10,9,283,8,4,51.1,2020-10-09 08:00:00+00:00,2020-10-09 09:00:00+00:00,67309.315,3218.03,3418.1275,8811.4275,55290.86,15447.585,-0.9903973200352558,0.1382503109109819,0.8660254037844387,-0.4999999999999998,-0.433883739117558,-0.9009688679024191,0,weekday,13.73
2020-10-10,2020,10,10,284,8,5,30.07,2020-10-10 08:00:00+00:00,2020-10-10 09:00:00+00:00,57408.1625,3198.4875,15183.3775,7421.7575,52892.38,25803.6225,-0.9878726596350428,0.1552662498599956,0.8660254037844387,-0.4999999999999998,-0.9749279121818236,-0.2225209339563146,0,weekend,13.755
2020-10-11,2020,10,11,285,8,6,31.52,2020-10-11 08:00:00+00:00,2020-10-11 09:00:00+00:00,50362.567500000005,3219.0550000000003,7438.06,10597.3725,46924.66,21254.487500000003,-0.9850556718215012,0.172236243027682,0.8660254037844387,-0.4999999999999998,-0.7818314824680299,0.6234898018587334,0,weekend,13.682500000000001
2020-10-12,2020,10,12,286,8,0,55.05,2020-10-12 08:00:00+00:00,2020-10-12 09:00:00+00:00,66458.16,1357.515,2455.855,7777.6825,57124.7,11591.0525,-0.981947190186646,0.1891552687200409,0.8660254037844387,-0.4999999999999998,0.0,1.0,0,weekday,13.61
2020-10-13,2020,10,13,287,8,1,54.71,2020-10-13 08:00:00+00:00,2020-10-13 09:00:00+00:00,67918.195,1333.7025,988.78,9273.755,57147.13,11596.2375,-0.9785481345802032,0.2060183203251708,0.8660254037844387,-0.4999999999999998,0.7818314824680298,0.6234898018587336,0,weekday,13.69
2020-10-14,2020,10,14,288,8,2,36.73,2020-10-14 08:00:00+00:00,2020-10-14 09:00:00+00:00,68111.425,5863.702499999999,21368.0425,5321.005,67041.49,32552.75,-0.9748595108374124,0.2228204077947995,0.8660254037844387,-0.4999999999999998,0.9749279121818236,-0.2225209339563143,0,weekday,13.74
2020-10-15,2020,10,15,289,8,3,45.67,2020-10-15 08:00:00+00:00,2020-10-15 09:00:00+00:00,69322.8275,4605.66,14061.27,3282.93,62024.93,21949.86,-0.9708824104813836,0.239556559120927,0.8660254037844387,-0.4999999999999998,0.4338837391175582,-0.900968867902419,0,weekday,14.175
2020-10-16,2020,10,16,290,8,4,56.59,2020-10-16 08:00:00+00:00,2020-10-16 09:00:00+00:00,68128.885,730.9475,5643.995,5145.2625,55267.98,11520.205,-0.9666180104000972,0.2562218218071163,0.8660254037844387,-0.4999999999999998,-0.433883739117558,-0.9009688679024191,0,weekday,14.525
2020-10-17,2020,10,17,291,8,5,45.92,2020-10-17 08:00:00+00:00,2020-10-17 09:00:00+00:00,58348.275,349.9775,704.0275,5468.407499999999,43230.34,6522.412499999999,-0.9620675724981452,0.2728112643340191,0.8660254037844387,-0.4999999999999998,-0.9749279121818236,-0.2225209339563146,0,weekend,14.5
2020-10-18,2020,10,18,292,8,6,24.08,2020-10-18 08:00:00+00:00,2020-10-18 09:00:00+00:00,51881.625,3971.39,13982.37,7267.7125,48752.55,25221.472500000003,-0.957232443323312,0.2893199776186952,0.8660254037844387,-0.4999999999999998,-0.7818314824680299,0.6234898018587334,0,weekend,14.575
2020-10-19,2020,10,19,293,8,0,52.74,2020-10-19 08:00:00+00:00,2020-10-19 09:00:00+00:00,66748.7225,1611.405,3098.0675,8196.4375,59623.46,12905.91,-0.9521140536681102,0.3057430764672831,0.8660254037844387,-0.4999999999999998,0.0,1.0,0,weekday,14.65
2020-10-20,2020,10,20,294,8,1,35.18,2020-10-20 08:00:00+00:00,2020-10-20 09:00:00+00:00,66814.225,4874.485,16972.2725,10805.9325,66175.57,32652.69,-0.9467139181463862,0.3220757010206104,0.8660254037844387,-0.4999999999999998,0.7818314824680298,0.6234898018587336,0,weekday,14.56
2020-10-21,2020,10,21,295,8,2,44.05,2020-10-21 08:00:00+00:00,2020-10-21 09:00:00+00:00,67327.835,2753.6075,17095.11,6070.83,63048.2,25919.5475,-0.9410336347451196,0.3383130181923076,0.8660254037844387,-0.4999999999999998,0.9749279121818236,-0.2225209339563143,0,weekday,14.81
2020-10-22,2020,10,22,296,8,3,42.23,2020-10-22 08:00:00+00:00,2020-10-22 09:00:00+00:00,68805.065,5653.2425,19824.5975,10388.34,69363.34,35866.18,-0.9350748843515574,0.3544502230989869,0.8660254037844387,-0.4999999999999998,0.4338837391175582,-0.900968867902419,0,weekday,14.825
2020-10-23,2020,10,23,297,8,4,57.0,2020-10-23 08:00:00+00:00,2020-10-23 09:00:00+00:00,68828.08,3262.6925,5573.0075,4084.425,58517.03,12920.125,-0.9288394302558068,0.3704825404820963,0.8660254037844387,-0.4999999999999998,-0.433883739117558,-0.9009688679024191,0,weekday,15.245
2020-10-24,2020,10,24,298,8,5,40.55,2020-10-24 08:00:00+00:00,2020-10-24 09:00:00+00:00,57664.6875,4506.665,16010.3675,6643.860000000001,54055.57,27160.8925,-0.9223291176290545,0.3864052261209853,0.8660254037844387,-0.4999999999999998,-0.9749279121818236,-0.2225209339563146,0,weekend,15.41
2020-10-25,2020,10,25,299,8,6,-0.07,2020-10-25 08:00:00+00:00,2020-10-25 09:00:00+00:00,50369.335,5090.295,23183.6575,9586.3775,58455.59,37860.33,-0.9155458729775467,0.4022135682368036,0.8660254037844387,-0.4999999999999998,-0.7818314824680299,0.6234898018587334,0,weekend,15.280000000000001
2020-10-26,2020,10,26,300,8,0,49.09,2020-10-26 08:00:00+00:00,2020-10-26 09:00:00+00:00,66981.60250000001,4428.452499999999,7767.1,4288.635,56663.67,16484.1875,-0.9084917035725082,0.4179028888867866,0.8660254037844387,-0.4999999999999998,0.0,1.0,0,weekday,15.15
2020-10-27,2020,10,27,301,8,1,43.29,2020-10-27 08:00:00+00:00,2020-10-27 09:00:00+00:00,68390.525,5390.1625,16316.5875,6342.6025,64984.05,28049.3525,-0.9011686968561567,0.4334685453485363,0.8660254037844387,-0.4999999999999998,0.7818314824680298,0.6234898018587336,0,weekday,14.7
2020-10-28,2020,10,28,302,8,2,44.59,2020-10-28 08:00:00+00:00,2020-10-28 09:00:00+00:00,67299.13,5594.967500000001,19512.74,4442.865,64195.99,29550.5725,-0.8935790198239952,0.4489059314938798,0.8660254037844387,-0.4999999999999998,0.9749279121818236,-0.2225209339563143,0,weekday,14.525
2020-10-29,2020,10,29,303,8,3,41.31,2020-10-29 08:00:00+00:00,2020-10-29 09:00:00+00:00,68941.0375,4998.6325,25200.525,5346.15,69718.99,35545.3075,-0.8857249183835637,0.4642104791518923,0.8660254037844387,-0.4999999999999998,0.4338837391175582,-0.900968867902419,0,weekday,14.4
2020-10-30,2020,10,30,304,8,4,34.97,2020-10-30 08:00:00+00:00,2020-10-30 09:00:00+00:00,68471.8,4730.865,25297.7575,1947.645,65627.52,31976.2675,-0.8776087166898392,0.4793776594606945,0.8660254037844387,-0.4999999999999998,-0.433883739117558,-0.9009688679024191,0,weekday,14.335
2020-10-31,2020,10,31,305,8,5,38.74,2020-10-31 08:00:00+00:00,2020-10-31 09:00:00+00:00,52176.19,2270.6675,3828.9825,6473.110000000001,41449.54,12572.76,-0.8692328164574792,0.4944029842076181,0.8660254037844387,-0.4999999999999998,-0.9749279121818236,-0.2225209339563146,0,weekend,14.06
2020-11-01,2020,11,1,306,8,6,18.01,2020-11-01 08:00:00+00:00,2020-11-01 09:00:00+00:00,50141.85,4924.355,13392.9475,2150.15,41995.67,20467.4525,-0.8605996962501181,0.5092820071573356,0.8660254037844387,-0.4999999999999998,-0.7818314824680299,0.6234898018587334,0,weekend,13.787500000000001
2020-11-02,2020,11,2,307,8,0,29.97,2020-11-02 08:00:00+00:00,2020-11-02 09:00:00+00:00,66586.815,5053.3475,30869.2775,3526.9125,66782.78,39449.5375,-0.8517119107469189,0.5240103253675756,0.8660254037844387,-0.4999999999999998,0.0,1.0,0,weekday,13.515
2020-11-03,2020,11,3,308,8,1,39.38,2020-11-03 08:00:00+00:00,2020-11-03 09:00:00+00:00,67691.17,5540.3225,12118.5625,6514.235000000001,62433.27,24173.120000000003,-0.8425720899866032,0.5385835804920232,0.8660254037844387,-0.4999999999999998,0.7818314824680298,0.6234898018587336,0,weekday,13.73
2020-11-04,2020,11,4,309,8,2,45.87,2020-11-04 08:00:00+00:00,2020-11-04 09:00:00+00:00,68292.4925,4953.865,10128.0175,7790.6675,64349.08,22872.55,-0.8331829385891785,0.5529974600700271,0.8660254037844387,-0.4999999999999998,0.9749279121818236,-0.2225209339563143,0,weekday,13.725
2020-11-05,2020,11,5,310,8,3,44.18,2020-11-05 08:00:00+00:00,2020-11-05 09:00:00+00:00,67775.4525,4933.465,7514.0875,8478.57,62812.26,20926.1225,-0.8235472349556007,0.5672476988027229,0.8660254037844387,-0.4999999999999998,0.4338837391175582,-0.900968867902419,0,weekday,14.3
2020-11-06,2020,11,6,311,8,4,47.93,2020-11-06 08:00:00+00:00,2020-11-06 09:00:00+00:00,67219.0075,970.8575,4427.1875,8058.5275,56439.8,13456.5725,-0.8136678304455991,0.5813300798152042,0.8660254037844387,-0.4999999999999998,-0.433883739117558,-0.9009688679024191,0,weekday,14.115
2020-11-07,2020,11,7,312,8,5,34.58,2020-11-07 08:00:00+00:00,2020-11-07 09:00:00+00:00,55647.205,686.86,6113.23,10743.225,47903.77,17543.315,-0.8035476485339116,0.5952404359043674,0.8660254037844387,-0.4999999999999998,-0.9749279121818236,-0.2225209339563146,0,weekend,13.9
2020-11-08,2020,11,8,313,8,6,33.66,2020-11-08 08:00:00+00:00,2020-11-08 09:00:00+00:00,49457.835,995.74,2616.505,8937.4575,41476.57,12549.7025,-0.7931896839451843,0.6089746507720486,0.8660254037844387,-0.4999999999999998,-0.7818314824680299,0.6234898018587334,0,weekend,13.8375
2020-11-09,2020,11,9,314,8,0,48.0,2020-11-09 08:00:00+00:00,2020-11-09 09:00:00+00:00,66632.7675,783.5675,2187.75,5881.7675,56992.17,8853.085,-0.7825970017677834,0.6225286602431057,0.8660254037844387,-0.4999999999999998,0.0,1.0,0,weekday,13.775
2020-11-10,2020,11,10,315,8,1,52.8,2020-11-10 08:00:00+00:00,2020-11-10 09:00:00+00:00,68313.3475,845.905,2091.1975,4285.78,56579.47,7222.8825,-0.7717727365467836,0.6358984534680745,0.8660254037844387,-0.4999999999999998,0.7818314824680298,0.6234898018587336,0,weekday,13.8
2020-11-11,2020,11,11,316,8,2,50.0,2020-11-11 08:00:00+00:00,2020-11-11 09:00:00+00:00,67603.37,894.11,1043.985,2656.415,53117.55,4594.51,-0.7607200913564104,0.6490800741100398,0.8660254037844387,-0.4999999999999998,0.9749279121818236,-0.2225209339563143,0,weekday,14.05
2020-11-12,2020,11,12,317,8,3,45.94,2020-11-12 08:00:00+00:00,2020-11-12 09:00:00+00:00,68124.44,4657.71,12773.1725,4012.0575,62120.72,21442.94,-0.7494423368521954,0.6620696215153815,0.8660254037844387,-0.4999999999999998,0.4338837391175582,-0.900968867902419,0,weekday,14.05
2020-11-13,2020,11,13,318,8,4,46.49,2020-11-13 08:00:00+00:00,2020-11-13 09:00:00+00:00,67185.6875,4528.63,8598.99,6298.7325,62367.71,19426.3525,-0.7379428103031386,0.6748632518680403,0.8660254037844387,-0.4999999999999998,-0.433883739117558,-0.9009688679024191,0,weekday,14.2
2020-11-14,2020,11,14,319,8,5,41.97,2020-11-14 08:00:00+00:00,2020-11-14 09:00:00+00:00,56052.8275,2841.7375,7319.974999999999,5563.29,47210.1,15725.0025,-0.7262249146041543,0.6874571793269664,0.8660254037844387,-0.4999999999999998,-0.9749279121818236,-0.2225209339563146,0,weekend,14.24
2020-11-15,2020,11,15,320,8,6,14.72,2020-11-15 08:00:00+00:00,2020-11-15 09:00:00+00:00,50023.6125,6084.53,20680.5075,6605.5,53127.64,33370.5375,-0.7142921172691032,0.699847677146407,0.8660254037844387,-0.4999999999999998,-0.7818314824680299,0.6234898018587334,0,weekend,14.3325
2020-11-16,2020,11,16,321,8,0,41.04,2020-11-16 08:00:00+00:00,2020-11-16 09:00:00+00:00,67394.3225,6303.365,27016.112500000003,4044.8525,66669.07,37364.33,-0.7021479494046978,0.7120310787787131,0.8660254037844387,-0.4999999999999998,0.0,1.0,0,weekday,14.425
2020-11-17,2020,11,17,322,8,1,44.7,2020-11-17 08:00:00+00:00,2020-11-17 09:00:00+00:00,68092.4525,6229.2475,18920.4725,3436.875,66183.44,28586.595,-0.6897960046655887,0.7240037789593305,0.8660254037844387,-0.4999999999999998,0.7818314824680298,0.6234898018587336,0,weekday,14.35
2020-11-18,2020,11,18,323,8,2,45.98,2020-11-18 08:00:00+00:00,2020-11-18 09:00:00+00:00,69130.775,6307.32,13240.5475,6366.5525,62523.22,25914.42,-0.6772399381909491,0.7357622347736527,0.8660254037844387,-0.4999999999999998,0.9749279121818236,-0.2225209339563143,0,weekday,13.85
2020-11-19,2020,11,19,324,8,3,35.89,2020-11-19 08:00:00+00:00,2020-11-19 09:00:00+00:00,69283.6725,6150.467500000001,31464.255,2502.0625,70605.61,40116.785,-0.6644834655228552,0.7473029667054296,0.8660254037844387,-0.4999999999999998,0.4338837391175582,-0.900968867902419,0,weekday,13.475
2020-11-20,2020,11,20,325,8,4,50.01,2020-11-20 08:00:00+00:00,2020-11-20 09:00:00+00:00,68558.69499999999,3845.93,10962.9625,6758.1375,63641.58,21567.03,-0.6515303615068021,0.75862255966641,0.8660254037844387,-0.4999999999999998,-0.433883739117558,-0.9009688679024191,0,weekday,12.7
2020-11-21,2020,11,21,326,8,5,28.62,2020-11-21 08:00:00+00:00,2020-11-21 09:00:00+00:00,56983.3825,6326.54,22863.87,4393.795,57666.19,33584.205,-0.6383844591746642,0.7697176640069211,0.8660254037844387,-0.4999999999999998,-0.9749279121818236,-0.2225209339563146,0,weekend,12.895
2020-11-22,2020,11,22,327,8,6,25.42,2020-11-22 08:00:00+00:00,2020-11-22 09:00:00+00:00,50597.9175,6322.09,22229.3125,3586.205,54667.9,32137.6075,-0.6250496486104377,0.7805849965070866,0.8660254037844387,-0.4999999999999998,-0.7818314824680299,0.6234898018587334,0,weekend,13.0975
2020-11-23,2020,11,23,328,8,0,40.07,2020-11-23 08:00:00+00:00,2020-11-23 09:00:00+00:00,67875.9025,5416.4375,13426.2625,4430.71,67269.59,23273.41,-0.6115298757991053,0.7912213413483807,0.8660254037844387,-0.4999999999999998,0.0,1.0,0,weekday,13.3
2020-11-24,2020,11,24,329,8,1,45.24,2020-11-24 08:00:00+00:00,2020-11-24 09:00:00+00:00,68443.465,6233.3775000000005,11800.405,4054.6875,66118.46,22088.47,-0.5978291414589552,0.801623551065242,0.8660254037844387,-0.4999999999999998,0.7818314824680298,0.6234898018587336,0,weekday,13.45
2020-11-25,2020,11,25,330,8,2,53.03,2020-11-25 08:00:00+00:00,2020-11-25 09:00:00+00:00,68851.1325,3650.6675,9154.4475,4919.0175,63821.29,17724.1325,-0.5839514998576998,0.8117885474764613,0.8660254037844387,-0.4999999999999998,0.9749279121818236,-0.2225209339563143,0,weekday,14.15
2020-11-26,2020,11,26,331,8,3,64.26,2020-11-26 08:00:00+00:00,2020-11-26 09:00:00+00:00,68522.7375,1495.795,7024.965,4035.225,62286.58,12555.985,-0.5699010576127624,0.8217133225960589,0.8660254037844387,-0.4999999999999998,0.4338837391175582,-0.900968867902419,0,weekday,13.93
2020-11-27,2020,11,27,332,8,4,80.34,2020-11-27 08:00:00+00:00,2020-11-27 09:00:00+00:00,68282.1625,133.7275,971.5125,3103.69,53999.14,4208.93,-0.5556819724760489,0.8313949395234058,0.8660254037844387,-0.4999999999999998,-0.433883739117558,-0.9009688679024191,0,weekday,13.835
2020-11-28,2020,11,28,333,8,5,49.26,2020-11-28 08:00:00+00:00,2020-11-28 09:00:00+00:00,56879.7975,1430.1,4190.200000000001,3716.79,49930.78,9337.09,-0.5412984521036173,0.8408305333122887,0.8660254037844387,-0.4999999999999998,-0.9749279121818236,-0.2225209339563146,0,weekend,14.485
2020-11-29,2020,11,29,334,8,6,45.23,2020-11-29 08:00:00+00:00,2020-11-29 09:00:00+00:00,50810.295,737.01,4512.22,3966.205,44050.85,9215.435,-0.5267547528105542,0.8500173118187018,0.8660254037844387,-0.4999999999999998,-0.7818314824680299,0.6234898018587334,0,weekend,14.735
2020-11-30,2020,11,30,335,8,0,67.07,2020-11-30 08:00:00+00:00,2020-11-30 09:00:00+00:00,67723.255,3188.135,2890.6725,4298.6875,60358.78,10377.495,-0.5120551783114646,0.8589525565270845,0.8660254037844387,-0.4999999999999998,0.0,1.0,0,weekday,14.985
2020-12-01,2020,12,1,336,8,1,61.28,2020-12-01 08:00:00+00:00,2020-12-01 09:00:00+00:00,68570.3475,4249.96,5814.065,921.3725,60070.47,10985.3975,-0.4972040784469378,0.8676336233547726,0.8660254037844387,-0.4999999999999998,0.7818314824680298,0.6234898018587336,0,weekday,15.475
2020-12-02,2020,12,2,337,8,2,105.42,2020-12-02 08:00:00+00:00,2020-12-02 09:00:00+00:00,68648.0975,635.6775,1723.5275,3058.575,57460.08,5417.78,-0.4822058478963526,0.8760579434344281,0.8660254037844387,-0.4999999999999998,0.9749279121818236,-0.2225209339563143,0,weekday,14.45
2020-12-03,2020,12,3,338,8,3,66.01,2020-12-03 08:00:00+00:00,2020-12-03 09:00:00+00:00,70382.12,3736.005,11577.2125,1578.155,65847.76,16891.372499999998,-0.4670649248774303,0.8842230238742036,0.8660254037844387,-0.4999999999999998,0.4338837391175582,-0.900968867902419,0,weekday,14.6
2020-12-04,2020,12,4,339,8,4,39.6,2020-12-04 08:00:00+00:00,2020-12-04 09:00:00+00:00,71008.07,6511.0825,22828.9725,1855.09,69600.16,31195.145,-0.451785789832884,0.8921264484954345,0.8660254037844387,-0.4999999999999998,-0.433883739117558,-0.9009688679024191,0,weekday,14.55
2020-12-05,2020,12,5,340,8,5,49.11,2020-12-05 08:00:00+00:00,2020-12-05 09:00:00+00:00,58974.1575,1630.855,9452.1525,2342.9575,53593.03,13425.965,-0.4363729641045924,0.8997658785476209,0.8660254037844387,-0.4999999999999998,-0.9749279121818236,-0.2225209339563146,0,weekend,14.645
2020-12-06,2020,12,6,341,8,6,45.11,2020-12-06 08:00:00+00:00,2020-12-06 09:00:00+00:00,51169.4425,1075.8325,6229.9425,1409.5,46433.42,8715.275,-0.4208310085956556,0.9071390534005044,0.8660254037844387,-0.4999999999999998,-0.7818314824680299,0.6234898018587334,0,weekend,14.372499999999999
2020-12-07,2020,12,7,342,8,0,40.69,2020-12-07 08:00:00+00:00,2020-12-07 09:00:00+00:00,69068.5925,3616.8475,17985.03,1774.43,70782.18,23376.3075,-0.4051645224207563,0.9142437912130223,0.8660254037844387,-0.4999999999999998,0.0,1.0,0,weekday,14.1
2020-12-08,2020,12,8,343,8,1,71.86,2020-12-08 08:00:00+00:00,2020-12-08 09:00:00+00:00,69893.0975,1221.8075,4254.6575,2759.875,58789.73,8236.34,-0.3893781415452015,0.9210779895789526,0.8660254037844387,-0.4999999999999998,0.7818314824680298,0.6234898018587336,0,weekday,14.3
2020-12-09,2020,12,9,344,8,2,105.39,2020-12-09 08:00:00+00:00,2020-12-09 09:00:00+00:00,70636.595,1820.21,4158.36,835.305,59272.78,6813.875,-0.3734765374130707,0.9276396261490468,0.8660254037844387,-0.4999999999999998,0.9749279121818236,-0.2225209339563143,0,weekday,14.35
2020-12-10,2020,12,10,345,8,3,93.94,2020-12-10 08:00:00+00:00,2020-12-10 09:00:00+00:00,69894.7125,1361.9,1643.74,1077.8425,56721.6,4083.4825,-0.3574644155648614,0.9339267592294762,0.8660254037844387,-0.4999999999999998,0.4338837391175582,-0.900968867902419,0,weekday,15.3
2020-12-11,2020,12,11,346,8,4,57.1,2020-12-11 08:00:00+00:00,2020-12-11 09:00:00+00:00,69359.5675,5346.9475,12935.33,1510.3375,64939.27,19792.615,-0.3413465142450361,0.9399375283564132,0.8660254037844387,-0.4999999999999998,-0.433883739117558,-0.9009688679024191,0,weekday,15.525
2020-12-12,2020,12,12,347,8,5,46.2,2020-12-12 08:00:00+00:00,2020-12-12 09:00:00+00:00,57691.6075,3806.76,7859.035,953.565,50636.14,12619.36,-0.3251276029999093,0.9456701548465688,0.8660254037844387,-0.4999999999999998,-0.9749279121818236,-0.2225209339563146,0,weekend,15.96
2020-12-13,2020,12,13,348,8,6,45.16,2020-12-13 08:00:00+00:00,2020-12-13 09:00:00+00:00,51064.067500000005,566.59,4134.5075,693.455,42184.85,5394.5525,-0.3088124812662537,0.9511229423235356,0.8660254037844387,-0.4999999999999998,-0.7818314824680299,0.6234898018587334,0,weekend,16.205
2020-12-14,2020,12,14,349,8,0,45.59,2020-12-14 08:00:00+00:00,2020-12-14 09:00:00+00:00,69078.825,5574.315,18631.7525,1860.31,66839.01,26066.3775,-0.2924059769510773,0.956294277219772,0.8660254037844387,-0.4999999999999998,0.0,1.0,0,weekday,16.45
2020-12-15,2020,12,15,350,8,1,57.88,2020-12-15 08:00:00+00:00,2020-12-15 09:00:00+00:00,70053.11,3300.065,12335.6225,965.22,63382.5,16600.9075,-0.2759129450029604,0.9611826292540836,0.8660254037844387,-0.4999999999999998,0.7818314824680298,0.6234898018587336,0,weekday,17.1
2020-12-16,2020,12,16,351,8,2,59.71,2020-12-16 08:00:00+00:00,2020-12-16 09:00:00+00:00,70210.0025,2982.78,3993.3075,1166.5075,55849.97,8142.594999999999,-0.2593382659754056,0.9657865518844574,0.8660254037844387,-0.4999999999999998,0.9749279121818236,-0.2225209339563143,0,weekday,17.05
2020-12-17,2020,12,17,352,8,3,48.04,2020-12-17 08:00:00+00:00,2020-12-17 09:00:00+00:00,68584.1925,4643.77,17579.29,1612.9075,64813.35,23835.9675,-0.2426868445825954,0.9701046827361176,0.8660254037844387,-0.4999999999999998,0.4338837391175582,-0.900968867902419,0,weekday,16.175
2020-12-18,2020,12,18,353,8,4,51.63,2020-12-18 08:00:00+00:00,2020-12-18 09:00:00+00:00,67606.1425,5992.2725,12283.475,2391.7525,61897.74,20667.5,-0.225963608248019,0.974135744004672,0.8660254037844387,-0.4999999999999998,-0.433883739117558,-0.9009688679024191,0,weekday,15.75
2020-12-19,2020,12,19,354,8,5,34.31,2020-12-19 08:00:00+00:00,2020-12-19 09:00:00+00:00,57190.28,5729.6,18335.275,2747.11,55797.88,26811.985,-0.2091735056463563,0.9778785428342386,0.8660254037844387,-0.4999999999999998,-0.9749279121818236,-0.2225209339563146,0,weekend,15.885
2020-12-20,2020,12,20,355,8,6,45.19,2020-12-20 08:00:00+00:00,2020-12-20 09:00:00+00:00,49851.32,5397.4375,11170.0825,1698.12,46768.24,18265.64,-0.1923215052390948,0.9813319716704276,0.8660254037844387,-0.4999999999999998,-0.7818314824680299,0.6234898018587334,0,weekend,16.1425
2020-12-21,2020,12,21,356,8,0,53.68,2020-12-21 08:00:00+00:00,2020-12-21 09:00:00+00:00,64981.875,5085.995,12686.445,2037.31,54748.16,19809.75,-0.1754125938042784,0.9844950085880858,0.8660254037844387,-0.4999999999999998,0.0,1.0,0,weekday,16.4
2020-12-22,2020,12,22,357,8,1,32.27,2020-12-22 08:00:00+00:00,2020-12-22 09:00:00+00:00,64636.33,4462.9925,30877.7925,719.7625,63984.5,36060.5475,-0.1584517749608363,0.9873667175937016,0.8660254037844387,-0.4999999999999998,0.7818314824680298,0.6234898018587336,0,weekday,17.2
2020-12-23,2020,12,23,358,8,2,53.14,2020-12-23 08:00:00+00:00,2020-12-23 09:00:00+00:00,61348.2825,429.82,6650.34,827.3725,45326.77,7907.532499999999,-0.141444067687942,0.989946248902378,0.8660254037844387,-0.4999999999999998,0.9749279121818236,-0.2225209339563143,0,weekday,17.65
2020-12-24,2020,12,24,359,8,3,30.28,2020-12-24 08:00:00+00:00,2020-12-24 09:00:00+00:00,53519.8775,5600.455,19431.3425,1096.095,51205.36,26127.8925,-0.1243945048397999,0.9922328391893008,0.8660254037844387,-0.4999999999999998,0.4338837391175582,-0.900968867902419,0,weekday,17.65
2020-12-25,2020,12,25,360,8,4,34.06,2020-12-25 08:00:00+00:00,2020-12-25 09:00:00+00:00,45868.9675,2672.085,7880.815,1439.2075,37790.52,11992.1075,-0.1073081316563624,0.994225811815616,0.8660254037844387,-0.4999999999999998,-0.433883739117558,-0.9009688679024191,1,holiday,17.65
2020-12-26,2020,12,26,361,8,5,30.9,2020-12-26 08:00:00+00:00,2020-12-26 09:00:00+00:00,43871.630000000005,5564.365,13827.66,1834.72,45090.46,21226.745000000003,-0.0901900042703451,0.99592457702866,0.8660254037844387,-0.4999999999999998,-0.9749279121818236,-0.2225209339563146,1,holiday,18.15
2020-12-27,2020,12,27,362,8,6,-13.3,2020-12-27 08:00:00+00:00,2020-12-27 09:00:00+00:00,46675.0425,2234.075,36424.995,2482.6175,58009.29,41141.6875,-0.0730451882110474,0.9973286321364752,0.8660254037844387,-0.4999999999999998,-0.7818314824680299,0.6234898018587334,0,weekend,18.65
2020-12-28,2020,12,28,363,8,0,49.59,2020-12-28 08:00:00+00:00,2020-12-28 09:00:00+00:00,57149.3925,1717.69,11286.215,1038.105,46053.13,14042.01,-0.0558787569053731,0.9984375616565666,0.8660254037844387,-0.4999999999999998,0.0,1.0,0,weekday,19.15
2020-12-29,2020,12,29,364,8,1,55.34,2020-12-29 08:00:00+00:00,2020-12-29 09:00:00+00:00,57731.54,823.265,10764.1,1434.555,47432.2,13021.92,-0.0386957901765268,0.999251037438848,0.8660254037844387,-0.4999999999999998,0.7818314824680298,0.6234898018587336,0,weekday,19.0
2020-12-30,2020,12,30,365,8,2,54.0,2020-12-30 08:00:00+00:00,2020-12-30 09:00:00+00:00,55274.7075,3333.79,15726.495,2169.6175,52465.57,21229.9025,-0.0215013727408137,0.999768818762748,0.8660254037844387,-0.4999999999999998,0.9749279121818236,-0.2225209339563143,0,weekday,19.15
2020-12-31,2020,12,31,366,8,3,48.19,2020-12-31 08:00:00+00:00,2020-12-31 09:00:00+00:00,48239.1625,2202.2125,11477.2525,2284.785,48952.84,15964.25,-0.0043005927029819,0.9999907524084426,0.8660254037844387,-0.4999999999999998,0.4338837391175582,-0.900968867902419,0,weekday,19.125
2021-01-01,2021,1,1,1,8,4,44.88,2021-01-01 08:00:00+00:00,2021-01-01 09:00:00+00:00,42488.89,509.195,2356.9075000000003,1264.9075,47742.94,4131.01,0.0,1.0,0.8660254037844387,-0.4999999999999998,-0.433883739117558,-0.9009688679024191,1,holiday,19.125
2021-01-02,2021,1,2,2,8,5,52.0,2021-01-02 08:00:00+00:00,2021-01-02 09:00:00+00:00,51333.8975,508.2475,2221.0875,1512.4025,49061.13,4241.7375,0.0172015754182605,0.9998520419557736,0.8660254037844387,-0.4999999999999998,-0.9749279121818236,-0.2225209339563146,0,weekend,19.233333333333334
2021-01-03,2021,1,3,3,8,6,36.96,2021-01-03 08:00:00+00:00,2021-01-03 09:00:00+00:00,44811.5675,4800.83,13402.855,705.4025,53221.97,18909.0875,0.034398060613608,0.9994082116062598,0.8660254037844387,-0.4999999999999998,-0.7818314824680299,0.6234898018587334,0,weekend,19.341666666666665
2021-01-04,2021,1,4,4,8,0,57.06,2021-01-04 08:00:00+00:00,2021-01-04 09:00:00+00:00,59375.475,6103.31,13406.715,792.0825,73375.66,20302.1075,0.0515843668694083,0.9986686402879996,0.8660254037844387,-0.4999999999999998,0.0,1.0,0,weekday,19.45
2021-01-05,2021,1,5,5,8,1,64.73,2021-01-05 08:00:00+00:00,2021-01-05 09:00:00+00:00,60115.695,5940.637500000001,10610.225,575.96,73028.38,17126.822500000002,0.0687554084811394,0.9976335468520452,0.8660254037844387,-0.4999999999999998,0.7818314824680298,0.6234898018587336,0,weekday,18.905
2021-01-06,2021,1,6,6,8,2,54.8,2021-01-06 08:00:00+00:00,2021-01-06 09:00:00+00:00,57581.585,4497.555,8052.407499999999,517.14,67137.59,13067.1025,0.0859061042613327,0.9963032375991964,0.8660254037844387,-0.4999999999999998,0.9749279121818236,-0.2225209339563143,0,weekday,17.875
2021-01-07,2021,1,7,7,8,3,86.54,2021-01-07 08:00:00+00:00,2021-01-07 09:00:00+00:00,63772.945,1401.685,6460.9475,760.12,69934.63,8622.7525,0.1030313790431787,0.9946781061893646,0.8660254037844387,-0.4999999999999998,0.4338837391175582,-0.900968867902419,0,weekday,18.275
2021-01-08,2021,1,8,8,8,4,110.45,2021-01-08 08:00:00+00:00,2021-01-08 09:00:00+00:00,62742.2375,1662.775,5074.8775000000005,711.8824999999999,70579.83,7449.535,0.1201261651823505,0.9927586335250792,0.8660254037844387,-0.4999999999999998,-0.433883739117558,-0.9009688679024191,0,weekday,20.4
2021-01-09,2021,1,9,9,8,5,66.92,2021-01-09 08:00:00+00:00,2021-01-09 09:00:00+00:00,53198.9625,248.4025,3114.535,1024.16,57908.09,4387.0975,0.1371854040566005,0.9905453876091832,0.8660254037844387,-0.4999999999999998,-0.9749279121818236,-0.2225209339563146,0,weekend,20.12
2021-01-10,2021,1,10,10,8,6,54.96,2021-01-10 08:00:00+00:00,2021-01-10 09:00:00+00:00,48488.6725,3872.8475,5248.97,1605.1525,57335.87,10726.97,0.1542040475626894,0.988039023376751,0.8660254037844387,-0.4999999999999998,-0.7818314824680299,0.6234898018587334,0,weekend,20.735
2021-01-11,2021,1,11,11,8,0,58.32,2021-01-11 08:00:00+00:00,2021-01-11 09:00:00+00:00,65412.9575,5778.297500000001,17200.6225,1551.02,76292.12,24529.94,0.1711770596101998,0.985240282501282,0.8660254037844387,-0.4999999999999998,0.0,1.0,0,weekday,21.35
2021-01-12,2021,1,12,12,8,1,54.96,2021-01-12 08:00:00+00:00,2021-01-12 09:00:00+00:00,66251.85500000001,5274.505,24684.34,639.4375,77385.52,30598.2825,0.1880994176117975,0.9821499931752292,0.8660254037844387,-0.4999999999999998,0.7818314824680298,0.6234898018587336,0,weekday,23.24
2021-01-13,2021,1,13,13,8,2,47.71,2021-01-13 08:00:00+00:00,2021-01-13 09:00:00+00:00,69024.465,5624.645,31308.4175,1274.015,81538.27,38207.0775,0.2049661139694953,0.9787690698649216,0.8660254037844387,-0.4999999999999998,0.9749279121818236,-0.2225209339563143,0,weekday,23.475
2021-01-14,2021,1,14,14,8,3,89.27,2021-01-14 08:00:00+00:00,2021-01-14 09:00:00+00:00,69720.2375,2425.325,8227.835,960.7475,72027.44,11613.9075,0.2217721575564818,0.975098513039961,0.8660254037844387,-0.4999999999999998,0.4338837391175582,-0.900968867902419,0,weekday,21.25
2021-01-15,2021,1,15,15,8,4,97.76,2021-01-15 08:00:00+00:00,2021-01-15 09:00:00+00:00,69946.6525,1568.3,5739.6875,1393.65,71337.75,8701.6375,0.2385125751940764,0.9711394088771652,0.8660254037844387,-0.4999999999999998,-0.433883739117558,-0.9009688679024191,0,weekday,20.1
2021-01-16,2021,1,16,16,8,5,64.75,2021-01-16 08:00:00+00:00,2021-01-16 09:00:00+00:00,57791.3275,1386.77,3482.755,1415.88,58120.4,6285.405,0.2551824131233728,0.966892928939152,0.8660254037844387,-0.4999999999999998,-0.9749279121818236,-0.2225209339563146,0,weekend,20.2
2021-01-17,2021,1,17,17,8,6,51.13,2021-01-17 08:00:00+00:00,2021-01-17 09:00:00+00:00,49116.25,2082.4225,4049.72,929.315,53049.53,7061.4575,0.2717767384711357,0.9623603298276544,0.8660254037844387,-0.4999999999999998,-0.7818314824680299,0.6234898018587334,0,weekend,19.833333333333332
2021-01-18,2021,1,18,18,8,0,75.65,2021-01-18 08:00:00+00:00,2021-01-18 09:00:00+00:00,68846.8075,5132.2575,12727.2025,622.5999999999999,76736.64,18482.06,0.2882906407095177,0.957542952811672,0.8660254037844387,-0.4999999999999998,0.0,1.0,0,weekday,19.46666666666667
2021-01-19,2021,1,19,19,8,1,54.5,2021-01-19 08:00:00+00:00,2021-01-19 09:00:00+00:00,71312.055,4043.3075,28665.045,656.63,80323.37,33364.9825,0.3047192331091634,0.9524422234305676,0.8660254037844387,-0.4999999999999998,0.7818314824680298,0.6234898018587336,0,weekday,19.1
2021-01-20,2021,1,20,20,8,2,38.9,2021-01-20 08:00:00+00:00,2021-01-20 09:00:00+00:00,70595.3125,5864.1425,30493.5075,2493.5825,79649.1,38851.2325,0.321057654185271,0.9470596510722284,0.8660254037844387,-0.4999999999999998,0.9749279121818236,-0.2225209339563143,0,weekday,21.4
2021-01-21,2021,1,21,21,8,3,35.29,2021-01-21 08:00:00+00:00,2021-01-21 09:00:00+00:00,72349.29,4449.0650000000005,37935.9175,3073.93,82688.36,45458.912500000006,0.3373010691361842,0.9413968285264122,0.8660254037844387,-0.4999999999999998,0.4338837391175582,-0.900968867902419,0,weekday,19.825
2021-01-22,2021,1,22,22,8,4,45.42,2021-01-22 08:00:00+00:00,2021-01-22 09:00:00+00:00,70952.15,6048.3775,27026.485,2720.8175,77085.63,35795.68,0.3534446712740877,0.9354554315134164,0.8660254037844387,-0.4999999999999998,-0.433883739117558,-0.9009688679024191,0,weekday,20.75
2021-01-23,2021,1,23,23,8,5,56.92,2021-01-23 08:00:00+00:00,2021-01-23 09:00:00+00:00,59156.1725,2374.5275,8584.795,1272.9225,58563.64,12232.245,0.3694836834473831,0.9292372181882051,0.8660254037844387,-0.4999999999999998,-0.9749279121818236,-0.2225209339563146,0,weekend,21.485
2021-01-24,2021,1,24,24,8,6,50.54,2021-01-24 08:00:00+00:00,2021-01-24 09:00:00+00:00,51101.1625,326.0425,10608.08,1826.13,55145.09,12760.2525,0.3854133594543256,0.9227440286201428,0.8660254037844387,-0.4999999999999998,-0.7818314824680299,0.6234898018587334,0,weekend,21.8175
2021-01-25,2021,1,25,25,8,0,79.67,2021-01-25 08:00:00+00:00,2021-01-25 09:00:00+00:00,68941.4675,798.79,2115.5025,1484.59,66145.62,4398.8825,0.4012289854475009,0.9159777842484876,0.8660254037844387,-0.4999999999999998,0.0,1.0,0,weekday,22.15
2021-01-26,2021,1,26,26,8,1,71.73,2021-01-26 08:00:00+00:00,2021-01-26 09:00:00+00:00,71069.20999999999,1108.08,12972.755,1332.185,77382.85,15413.02,0.4169258813287287,0.908940487313808,0.8660254037844387,-0.4999999999999998,0.7818314824680298,0.6234898018587336,0,weekday,19.8
2021-01-27,2021,1,27,27,8,2,66.12,2021-01-27 08:00:00+00:00,2021-01-27 09:00:00+00:00,70735.58,3618.4775,10306.67,1425.77,76002.05,15350.9175,0.4324994021339788,0.901634220265486,0.8660254037844387,-0.4999999999999998,0.9749279121818236,-0.2225209339563143,0,weekday,19.0
2021-01-28,2021,1,28,28,8,3,66.7,2021-01-28 08:00:00+00:00,2021-01-28 09:00:00+00:00,70513.66500000001,1241.6325000000002,5739.465,790.5425,69509.22,7771.639999999999,0.4479449394078911,0.8940611451454876,0.8660254037844387,-0.4999999999999998,0.4338837391175582,-0.900968867902419,0,weekday,20.6
2021-01-29,2021,1,29,29,8,4,58.88,2021-01-29 08:00:00+00:00,2021-01-29 09:00:00+00:00,69794.4775,5484.27,20658.72,1170.8,80029.56,27313.79,0.4632579225674917,0.88622350294858,0.8660254037844387,-0.4999999999999998,-0.433883739117558,-0.9009688679024191,0,weekday,20.6
2021-01-30,2021,1,30,30,8,5,57.73,2021-01-30 08:00:00+00:00,2021-01-30 09:00:00+00:00,57567.067500000005,1023.0875,7517.8625,1487.5975,56630.19,10028.5475,0.4784338202547012,0.8781236129591848,0.8660254037844387,-0.4999999999999998,-0.9749279121818236,-0.2225209339563146,0,weekend,19.82
2021-01-31,2021,1,31,31,8,6,49.15,2021-01-31 08:00:00+00:00,2021-01-31 09:00:00+00:00,49763.3725,1477.6925,6750.7475,3903.32,50067.78,12131.76,0.4934681416772373,0.8697638720650646,0.8660254037844387,-0.4999999999999998,-0.7818314824680299,0.6234898018587334,0,weekend,19.435000000000002
2021-02-01,2021,2,1,32,8,0,65.1,2021-02-01 08:00:00+00:00,2021-02-01 09:00:00+00:00,68565.37,2735.7775,11297.5025,1829.4,72032.94,15862.68,0.5083564379375122,0.8611467540480452,0.8660254037844387,-0.4999999999999998,0.0,1.0,0,weekday,19.05
2021-02-02,2021,2,2,33,8,1,69.46,2021-02-02 08:00:00+00:00,2021-02-02 09:00:00+00:00,69747.8775,220.395,4935.675,1651.0275,65536.56,6807.097500000001,0.5230943033491326,0.8522748088519838,0.8660254037844387,-0.4999999999999998,0.7818314824680298,0.6234898018587336,0,weekday,18.2
2021-02-03,2021,2,3,34,8,2,56.08,2021-02-03 08:00:00+00:00,2021-02-03 09:00:00+00:00,70728.05,5362.955,13947.0075,1423.29,73065.97,20733.2525,0.5376773767406141,0.8431506618282,0.8660254037844387,-0.4999999999999998,0.9749279121818236,-0.2225209339563143,0,weekday,17.65
2021-02-04,2021,2,4,35,8,3,57.7,2021-02-04 08:00:00+00:00,2021-02-04 09:00:00+00:00,71059.4875,5282.06,11352.17,4333.62,72516.31,20967.85,0.5521013427459208,0.8337770129585915,0.8660254037844387,-0.4999999999999998,0.4338837391175582,-0.900968867902419,0,weekday,17.85
2021-02-05,2021,2,5,36,8,4,61.03,2021-02-05 08:00:00+00:00,2021-02-05 09:00:00+00:00,69298.3575,5895.32,9733.7025,2231.2225,72127.35,17860.245,0.5663619330814524,0.8241566360566663,0.8660254037844387,-0.4999999999999998,-0.433883739117558,-0.9009688679024191,0,weekday,18.55
2021-02-06,2021,2,6,37,8,5,43.15,2021-02-06 08:00:00+00:00,2021-02-06 09:00:00+00:00,56620.645,6289.675,21360.86,2173.4975,63108.62,29824.0325,0.580454927809098,0.8142923779467267,0.8660254037844387,-0.4999999999999998,-0.9749279121818236,-0.2225209339563146,0,weekend,18.38
2021-02-07,2021,2,7,38,8,6,12.03,2021-02-07 08:00:00+00:00,2021-02-07 09:00:00+00:00,51682.84,5147.2025,31090.2825,1656.6575,64635.97,37894.1425,0.5943761565849831,0.804187157621448,0.8660254037844387,-0.4999999999999998,-0.7818314824680299,0.6234898018587334,0,weekend,19.377499999999998
2021-02-08,2021,2,8,39,8,0,56.75,2021-02-08 08:00:00+00:00,2021-02-08 09:00:00+00:00,70168.45749999999,5411.2075,22944.4225,2073.75,79582.44,30429.38,0.6081214998935418,0.7938439653781019,0.8660254037844387,-0.4999999999999998,0.0,1.0,0,weekday,20.375
2021-02-09,2021,2,9,40,8,1,80.85,2021-02-09 08:00:00+00:00,2021-02-09 09:00:00+00:00,70836.0775,5348.935,4740.0225,1530.785,72648.43,11619.7425,0.6216868902665479,0.7832658619336791,0.8660254037844387,-0.4999999999999998,0.7818314824680298,0.6234898018587336,0,weekday,18.855
2021-02-10,2021,2,10,41,8,2,98.62,2021-02-10 08:00:00+00:00,2021-02-10 09:00:00+00:00,71117.345,3578.295,6898.0025,1897.5075,71735.93,12373.805,0.6350683134867438,0.7724559775191742,0.8660254037844387,-0.4999999999999998,0.9749279121818236,-0.2225209339563143,0,weekday,18.85
2021-02-11,2021,2,11,42,8,3,133.19,2021-02-11 08:00:00+00:00,2021-02-11 09:00:00+00:00,69664.7475,1128.345,3700.8625,2806.855,67407.83,7636.0625,0.6482618097757122,0.7614175109532997,0.8660254037844387,-0.4999999999999998,0.4338837391175582,-0.900968867902419,0,weekday,18.15
2021-02-12,2021,2,12,43,8,4,80.81,2021-02-12 08:00:00+00:00,2021-02-12 09:00:00+00:00,70451.0125,2952.27,9364.03,4148.89,73008.23,16465.190000000002,0.6612634749656386,0.7501537286959042,0.8660254037844387,-0.4999999999999998,-0.433883739117558,-0.9009688679024191,0,weekday,17.07
2021-02-13,2021,2,13,44,8,5,64.54,2021-02-13 08:00:00+00:00,2021-02-13 09:00:00+00:00,59473.1175,321.545,6582.139999999999,5375.094999999999,60596.75,12278.78,0.6740694616546161,0.7386679638813748,0.8660254037844387,-0.4999999999999998,-0.9749279121818236,-0.2225209339563146,0,weekend,17.62
2021-02-14,2021,2,14,45,8,6,46.4,2021-02-14 08:00:00+00:00,2021-02-14 09:00:00+00:00,54910.7525,3322.395,8826.4575,7109.34,58487.87,19258.1925,0.6866759803451553,0.726963615332308,0.8660254037844387,-0.4999999999999998,-0.7818314824680299,0.6234898018587334,0,weekend,17.330000000000002
2021-02-15,2021,2,15,46,8,0,61.0,2021-02-15 08:00:00+00:00,2021-02-15 09:00:00+00:00,70899.45999999999,5699.9775,22093.885,3052.3725,80874.24,30846.235,0.6990793005655562,0.7150441465537444,0.8660254037844387,-0.4999999999999998,0.0,1.0,0,weekday,17.04
2021-02-16,2021,2,16,47,8,1,68.85,2021-02-16 08:00:00+00:00,2021-02-16 09:00:00+00:00,69790.37,3970.665,8872.4725,1931.535,69520.1,14774.6725,0.7112757519738152,0.7029130847082615,0.8660254037844387,-0.4999999999999998,0.7818314824680298,0.6234898018587336,0,weekday,16.75
2021-02-17,2021,2,17,48,8,2,61.19,2021-02-17 08:00:00+00:00,2021-02-17 09:00:00+00:00,69860.38750000001,4363.9225,22724.6525,3091.37,77343.53,30179.945,0.7232617254437388,0.6905740195722293,0.8660254037844387,-0.4999999999999998,0.9749279121818236,-0.2225209339563143,0,weekday,17.15
2021-02-18,2021,2,18,49,8,3,59.15,2021-02-18 08:00:00+00:00,2021-02-18 09:00:00+00:00,69382.8825,5618.9575,12832.1375,6809.71,72739.85,25260.805,0.7350336741329413,0.6780306024735382,0.8660254037844387,-0.4999999999999998,0.4338837391175582,-0.900968867902419,0,weekday,16.9
2021-02-19,2021,2,19,50,8,4,58.0,2021-02-19 08:00:00+00:00,2021-02-19 09:00:00+00:00,68074.98,5463.805,14332.5675,7254.7275,73062.54,27051.1,0.746588114532413,0.6652865452111116,0.8660254037844387,-0.4999999999999998,-0.433883739117558,-0.9009688679024191,0,weekday,17.325
2021-02-20,2021,2,20,51,8,5,38.25,2021-02-20 08:00:00+00:00,2021-02-20 09:00:00+00:00,59046.885,5848.375,13969.5225,10148.9575,62687.93,29966.855,0.7579216274973472,0.6523456189565257,0.8660254037844387,-0.4999999999999998,-0.9749279121818236,-0.2225209339563146,0,weekend,16.555
2021-02-21,2021,2,21,52,8,6,34.58,2021-02-21 08:00:00+00:00,2021-02-21 09:00:00+00:00,51023.36,4780.52,11955.3925,11544.5725,59208.17,28280.485,0.7690308592589181,0.6392116531380588,0.8660254037844387,-0.4999999999999998,-0.7818314824680299,0.6234898018587334,0,weekend,16.4025
2021-02-22,2021,2,22,53,8,0,55.04,2021-02-22 08:00:00+00:00,2021-02-22 09:00:00+00:00,67442.3625,4033.715,8567.9675,11093.8425,69694.43,23695.525,0.7799125224167177,0.6258885343075018,0.8660254037844387,-0.4999999999999998,0.0,1.0,0,weekday,16.25
2021-02-23,2021,2,23,54,8,1,56.2,2021-02-23 08:00:00+00:00,2021-02-23 09:00:00+00:00,68572.95,4290.5525,11853.4825,9376.1925,69111.88,25520.2275,0.7905633969115482,0.612380204990065,0.8660254037844387,-0.4999999999999998,0.7818314824680298,0.6234898018587336,0,weekday,16.1
2021-02-24,2021,2,24,55,8,2,43.89,2021-02-24 08:00:00+00:00,2021-02-24 09:00:00+00:00,66965.785,6170.7525000000005,14551.76,12789.76,74108.43,33512.2725,0.8009803309782905,0.5986906625177214,0.8660254037844387,-0.4999999999999998,0.9749279121818236,-0.2225209339563143,0,weekday,16.125
2021-02-25,2021,2,25,56,8,3,49.81,2021-02-25 08:00:00+00:00,2021-02-25 09:00:00+00:00,66916.6075,5633.54,12407.395,14519.9175,75166.35,32560.8525,0.8111602420785621,0.5848239578463322,0.8660254037844387,-0.4999999999999998,0.4338837391175582,-0.900968867902419,0,weekday,16.4
2021-02-26,2021,2,26,57,8,4,55.51,2021-02-26 08:00:00+00:00,2021-02-26 09:00:00+00:00,66933.14,3627.735,7328.1,8786.775,64248.42,19742.61,0.8211001178128892,0.5707841943569036,0.8660254037844387,-0.4999999999999998,-0.433883739117558,-0.9009688679024191,0,weekday,15.95
2021-02-27,2021,2,27,58,8,5,52.37,2021-02-27 08:00:00+00:00,2021-02-27 09:00:00+00:00,56001.2525,949.53,4921.8075,8182.8775,52641.39,14054.215,0.8307970168121247,0.5565755266413303,0.8660254037844387,-0.4999999999999998,-0.9749279121818236,-0.2225209339563146,0,weekend,15.695
2021-02-28,2021,2,28,59,8,6,40.43,2021-02-28 08:00:00+00:00,2021-02-28 09:00:00+00:00,51238.025,803.075,3386.5675,12171.6825,49804.1,16361.325,0.8402480696078469,0.5422021592729844,0.8660254037844387,-0.4999999999999998,-0.7818314824680299,0.6234898018587334,0,weekend,15.8475
2021-03-01,2021,3,1,60,8,0,59.16,2021-03-01 08:00:00+00:00,2021-03-01 09:00:00+00:00,65596.58249999999,389.8475,2345.185,11186.0875,63744.52,13921.12,0.8494504794814806,0.527668345562516,0.8660254037844387,-0.4999999999999998,0.0,1.0,0,weekday,16.0
2021-03-02,2021,3,2,61,8,1,58.73,2021-03-02 08:00:00+00:00,2021-03-02 09:00:00+00:00,66762.595,909.365,1577.5625,11511.6325,67227.69,13998.56,0.8584015232918917,0.512978386299228,0.8660254037844387,-0.4999999999999998,0.7818314824680298,0.6234898018587336,0,weekday,16.005
2021-03-03,2021,3,3,62,8,2,58.2,2021-03-03 08:00:00+00:00,2021-03-03 09:00:00+00:00,65341.105,119.4375,3021.51,13845.15,70426.75,16986.0975,0.8670985522812081,0.4981366284784055,0.8660254037844387,-0.4999999999999998,0.9749279121818236,-0.2225209339563143,0,weekday,15.6
2021-03-04,2021,3,4,63,8,3,64.93,2021-03-04 08:00:00+00:00,2021-03-04 09:00:00+00:00,64766.9575,2974.035,5507.485000000001,6981.09,67366.34,15462.61,0.8755389928586302,0.4831474640149687,0.8660254037844387,-0.4999999999999998,0.4338837391175582,-0.900968867902419,0,weekday,15.59
2021-03-05,2021,3,5,64,8,4,65.18,2021-03-05 08:00:00+00:00,2021-03-05 09:00:00+00:00,64434.4825,1155.6425,4041.8725,9753.7725,66771.86,14951.2875,0.8837203473619977,0.4680153284438345,0.8660254037844387,-0.4999999999999998,-0.433883739117558,-0.9009688679024191,0,weekday,15.85
2021-03-06,2021,3,6,65,8,5,45.61,2021-03-06 08:00:00+00:00,2021-03-06 09:00:00+00:00,53598.46,2283.6025,6014.945,16800.684999999998,64033.68,25099.2325,0.8916401947968874,0.452744699607371,0.8660254037844387,-0.4999999999999998,-0.9749279121818236,-0.2225209339563146,0,weekend,16.365
2021-03-07,2021,3,7,66,8,6,37.58,2021-03-07 08:00:00+00:00,2021-03-07 09:00:00+00:00,48087.6925,3262.9975,9745.5975,13485.545,57986.7,26494.14,0.8992961915530253,0.4373400963303323,0.8660254037844387,-0.4999999999999998,-0.7818314824680299,0.6234898018587334,0,weekend,16.4575
2021-03-08,2021,3,8,67,8,0,67.9,2021-03-08 08:00:00+00:00,2021-03-08 09:00:00+00:00,63481.755,658.2775,819.345,13878.64,70454.73,15356.2625,0.9066860720977984,0.4218060770826634,0.8660254037844387,-0.4999999999999998,0.0,1.0,0,weekday,16.55
2021-03-09,2021,3,9,68,8,1,72.55,2021-03-09 08:00:00+00:00,2021-03-09 09:00:00+00:00,65500.9625,1261.7725,4443.41,9018.48,71062.85,14723.6625,0.9138076496466616,0.4061472386305789,0.8660254037844387,-0.4999999999999998,0.7818314824680298,0.6234898018587336,0,weekday,16.375
2021-03-10,2021,3,10,69,8,2,58.48,2021-03-10 08:00:00+00:00,2021-03-10 09:00:00+00:00,65874.515,4569.135,3458.11,9703.6525,70131.07,17730.8975,0.9206588168102428,0.3903682146763026,0.8660254037844387,-0.4999999999999998,0.9749279121818236,-0.2225209339563143,0,weekday,17.15
2021-03-11,2021,3,11,70,8,3,38.28,2021-03-11 08:00:00+00:00,2021-03-11 09:00:00+00:00,67542.565,5291.5275,37378.605,3217.8975,77246.58,45888.030000000006,0.9272375462179536,0.374473674486883,0.8660254037844387,-0.4999999999999998,0.4338837391175582,-0.900968867902419,0,weekday,17.475
2021-03-12,2021,3,12,71,8,4,24.12,2021-03-12 08:00:00+00:00,2021-03-12 09:00:00+00:00,67325.11,5712.7275,35397.67,12537.9625,81931.23,53648.36,0.9335418911179212,0.3584683215124808,0.8660254037844387,-0.4999999999999998,-0.433883739117558,-0.9009688679024191,0,weekday,17.97
2021-03-13,2021,3,13,72,8,5,2.95,2021-03-13 08:00:00+00:00,2021-03-13 09:00:00+00:00,58407.2975,6155.725,35451.3625,5882.1075,71320.2,47489.195,0.9395699859530622,0.342356891994542,0.8660254037844387,-0.4999999999999998,-0.9749279121818236,-0.2225209339563146,0,weekend,18.45
2021-03-14,2021,3,14,73,8,6,19.91,2021-03-14 08:00:00+00:00,2021-03-14 09:00:00+00:00,50013.9325,4711.185,27439.5325,6913.5275,61609.69,39064.245,0.945320046913132,0.3261441535642696,0.8660254037844387,-0.4999999999999998,-0.7818314824680299,0.6234898018587334,0,weekend,18.310000000000002
2021-03-15,2021,3,15,74,8,0,61.55,2021-03-15 08:00:00+00:00,2021-03-15 09:00:00+00:00,65623.975,5759.82,19508.8375,5934.54,70602.43,31203.1975,0.9507903724625832,0.3098349038318025,0.8660254037844387,-0.4999999999999998,0.0,1.0,0,weekday,18.17
2021-03-16,2021,3,16,75,8,1,62.49,2021-03-16 08:00:00+00:00,2021-03-16 09:00:00+00:00,66572.3775,3477.775,17363.4325,8527.002499999999,73387.6,29368.21,0.9559793438440766,0.2934339689665273,0.8660254037844387,-0.4999999999999998,0.7818314824680298,0.6234898018587336,0,weekday,17.83
2021-03-17,2021,3,17,76,8,2,62.55,2021-03-17 08:00:00+00:00,2021-03-17 09:00:00+00:00,67575.22,2620.0975,4474.5375,9121.5875,66276.17,16216.2225,0.9608854255574976,0.2769462022689364,0.8660254037844387,-0.4999999999999998,0.9749279121818236,-0.2225209339563143,0,weekday,17.45
2021-03-18,2021,3,18,77,8,3,75.0,2021-03-18 08:00:00+00:00,2021-03-18 09:00:00+00:00,66175.58499999999,304.695,1063.965,10224.68,65667.32,11593.34,0.9655071658143364,0.2603764827344581,0.8660254037844387,-0.4999999999999998,0.4338837391175582,-0.900968867902419,0,weekday,18.16
2021-03-19,2021,3,19,78,8,4,64.1,2021-03-19 08:00:00+00:00,2021-03-19 09:00:00+00:00,66609.215,1924.015,8262.0375,11453.1875,69970.23,21639.24,0.969843196967294,0.2437297136096838,0.8660254037844387,-0.4999999999999998,-0.433883739117558,-0.9009688679024191,0,weekday,17.35
2021-03-20,2021,3,20,79,8,5,51.29,2021-03-20 08:00:00+00:00,2021-03-20 09:00:00+00:00,57365.1375,2206.57,4231.975,16244.02,59850.71,22682.565,0.9738922359149924,0.2270108209414184,0.8660254037844387,-0.4999999999999998,-0.9749279121818236,-0.2225209339563146,0,weekend,17.265
2021-03-21,2021,3,21,80,8,6,31.21,2021-03-21 08:00:00+00:00,2021-03-21 09:00:00+00:00,54042.005,5452.8075,25669.4375,5906.675,63271.46,37028.92,0.977653084481664,0.2102247521189836,0.8660254037844387,-0.4999999999999998,-0.7818314824680299,0.6234898018587334,0,weekend,17.2675
2021-03-22,2021,3,22,81,8,0,71.6,2021-03-22 08:00:00+00:00,2021-03-22 09:00:00+00:00,65688.36,1582.8775,6194.4825,10071.74,69126.98,17849.1,0.981124629771712,0.1933764744102058,0.8660254037844387,-0.4999999999999998,0.0,1.0,0,weekday,17.27
2021-03-23,2021,3,23,82,8,1,69.2,2021-03-23 08:00:00+00:00,2021-03-23 09:00:00+00:00,67011.355,1360.5025,4812.055,8337.9225,66925.86,14510.48,0.984305844499033,0.1764709734915216,0.8660254037844387,-0.4999999999999998,0.7818314824680298,0.6234898018587336,0,weekday,17.85
2021-03-24,2021,3,24,83,8,2,50.87,2021-03-24 08:00:00+00:00,2021-03-24 09:00:00+00:00,65584.64,4276.3725,5430.045,16251.6575,73602.55,25958.075,0.9871957872910084,0.1595132519726365,0.8660254037844387,-0.4999999999999998,0.9749279121818236,-0.2225209339563143,0,weekday,18.65
2021-03-25,2021,3,25,84,8,3,67.04,2021-03-25 08:00:00+00:00,2021-03-25 09:00:00+00:00,65477.53,2276.2575,1915.6725,15233.8675,71108.46,19425.7975,0.9897936029670716,0.1425083279161708,0.8660254037844387,-0.4999999999999998,0.4338837391175582,-0.900968867902419,0,weekday,18.6
2021-03-26,2021,3,26,85,8,4,48.01,2021-03-26 08:00:00+00:00,2021-03-26 09:00:00+00:00,64700.3125,5383.25,7562.44,17872.510000000002,72861.68,30818.2,0.992098522791769,0.1254612333527364,0.8660254037844387,-0.4999999999999998,-0.433883739117558,-0.9009688679024191,0,weekday,18.6
2021-03-27,2021,3,27,86,8,5,13.0,2021-03-27 08:00:00+00:00,2021-03-27 09:00:00+00:00,55169.025,3946.71,29912.365,10821.1125,69426.87,44680.1875,0.9941098647022418,0.108377012791876,0.8660254037844387,-0.4999999999999998,-0.9749279121818236,-0.2225209339563146,0,weekend,18.7
2021-03-28,2021,3,28,87,8,6,21.22,2021-03-28 08:00:00+00:00,2021-03-28 09:00:00+00:00,51323.72,5998.7025,18211.8,14479.315,64087.15,38689.8175,0.9958270335100596,0.0912607217293118,0.8660254037844387,-0.4999999999999998,-0.7818314824680299,0.6234898018587334,0,weekend,18.48
2021-03-29,2021,3,29,88,8,0,42.29,2021-03-29 08:00:00+00:00,2021-03-29 09:00:00+00:00,66325.1,5986.3575,18375.3225,16617.655,73846.73,40979.335,0.9972495210773452,0.0741174251509443,0.8660254037844387,-0.4999999999999998,0.0,1.0,0,weekday,18.26
2021-03-30,2021,3,30,89,8,1,52.94,2021-03-30 08:00:00+00:00,2021-03-30 09:00:00+00:00,65418.28,3835.545,3419.715,22906.18,69384.85,30161.44,0.998376906467142,0.0569521960340397,0.8660254037844387,-0.4999999999999998,0.7818314824680298,0.6234898018587336,0,weekday,18.2
2021-03-31,2021,3,31,90,8,2,56.81,2021-03-31 08:00:00+00:00,2021-03-31 09:00:00+00:00,64740.8,811.8299999999999,1613.0875,23525.4875,67955.43,25950.405,0.9992088560679752,0.0397701138460557,0.8660254037844387,-0.4999999999999998,0.9749279121818236,-0.2225209339563143,0,weekday,19.05
2021-04-01,2021,4,1,91,8,3,54.39,2021-04-01 08:00:00+00:00,2021-04-01 09:00:00+00:00,63693.8,4171.8525,6403.3925,19429.6225,64713.45,30004.8675,0.9997451236925734,0.0225762630415454,0.8660254037844387,-0.4999999999999998,0.4338837391175582,-0.900968867902419,0,weekday,19.0
2021-04-02,2021,4,2,92,8,4,45.56,2021-04-02 08:00:00+00:00,2021-04-02 09:00:00+00:00,49230.4925,4673.3325,9126.21,17222.065,59609.0,31021.6075,0.9999855506507186,0.0053757315575838,0.8660254037844387,-0.4999999999999998,-0.433883739117558,-0.9009688679024191,1,holiday,19.17
2021-04-03,2021,4,3,93,8,5,41.08,2021-04-03 08:00:00+00:00,2021-04-03 09:00:00+00:00,54785.925,2190.85,7562.415,17087.8575,51140.99,26841.1225,0.9999300657962056,-0.0118263906918325,0.8660254037844387,-0.4999999999999998,-0.9749279121818236,-0.2225209339563146,0,weekend,19.17
2021-04-04,2021,4,4,94,8,6,20.37,2021-04-04 08:00:00+00:00,2021-04-04 09:00:00+00:00,47539.9275,2924.4575,5938.0225,19585.9225,53321.81,28448.4025,0.9995786855478958,-0.0290250133219752,0.8660254037844387,-0.4999999999999998,-0.7818314824680299,0.6234898018587334,0,weekend,19.17
2021-04-05,2021,4,5,95,8,0,-19.19,2021-04-05 08:00:00+00:00,2021-04-05 09:00:00+00:00,51493.4675,3879.575,31276.63,11468.8375,65054.63,46625.0425,0.9989315138848576,-0.0462150469837083,0.8660254037844387,-0.4999999999999998,0.0,1.0,1,holiday,19.17
2021-04-06,2021,4,6,96,8,1,33.94,2021-04-06 08:00:00+00:00,2021-04-06 09:00:00+00:00,65061.845,5959.275,26291.505,15061.38,75811.48,47312.16,0.9979887423155984,-0.0633914048695103,0.8660254037844387,-0.4999999999999998,0.7818314824680298,0.6234898018587336,0,weekday,19.745
2021-04-07,2021,4,7,97,8,2,55.94,2021-04-07 08:00:00+00:00,2021-04-07 09:00:00+00:00,66077.88,5704.4275,24781.7275,11331.28,72938.61,41817.435,0.9967506498213928,-0.0805490042187416,0.8660254037844387,-0.4999999999999998,0.9749279121818236,-0.2225209339563143,0,weekday,19.65
2021-04-08,2021,4,8,98,8,3,59.71,2021-04-08 08:00:00+00:00,2021-04-08 09:00:00+00:00,66283.0525,3449.8325,17765.235,13399.4575,70909.35,34614.525,0.9952176027737294,-0.0976827678217159,0.8660254037844387,-0.4999999999999998,0.4338837391175582,-0.900968867902419,0,weekday,19.325
2021-04-09,2021,4,9,99,8,4,44.01,2021-04-09 08:00:00+00:00,2021-04-09 09:00:00+00:00,67709.9575,4007.51,19532.4725,17021.1875,72341.82,40561.17,0.9933900548258936,-0.114787625522127,0.8660254037844387,-0.4999999999999998,-0.433883739117558,-0.9009688679024191,0,weekday,19.35
2021-04-10,2021,4,10,100,8,5,64.51,2021-04-10 08:00:00+00:00,2021-04-10 09:00:00+00:00,55587.0975,304.315,4439.6925,10087.0025,49086.76,14831.01,0.9912685467787256,-0.1318585157173911,0.8660254037844387,-0.4999999999999998,-0.9749279121818236,-0.2225209339563146,0,weekend,18.94
2021-04-11,2021,4,11,101,8,6,45.92,2021-04-11 08:00:00+00:00,2021-04-11 09:00:00+00:00,50274.34,4731.952499999999,9721.0275,13742.705,55366.32,28195.685,0.9888537064205885,-0.1488903868564548,0.8660254037844387,-0.4999999999999998,-0.7818314824680299,0.6234898018587334,0,weekend,19.1675
2021-04-12,2021,4,12,102,8,0,65.79,2021-04-12 08:00:00+00:00,2021-04-12 09:00:00+00:00,66746.595,2172.175,8430.94,9965.7725,64988.55,20568.8875,0.986146248341595,-0.1658781989346314,0.8660254037844387,-0.4999999999999998,0.0,1.0,0,weekday,19.395
2021-04-13,2021,4,13,103,8,1,45.77,2021-04-13 08:00:00+00:00,2021-04-13 09:00:00+00:00,65746.49,4772.26,10543.045,19140.91,74263.87,34456.215,0.98314697372215,-0.1828169249850199,0.8660254037844387,-0.4999999999999998,0.7818314824680298,0.6234898018587336,0,weekday,19.72
2021-04-14,2021,4,14,104,8,2,62.62,2021-04-14 08:00:00+00:00,2021-04-14 09:00:00+00:00,63777.3375,991.1275,3650.44,20771.38,71446.7,25412.9475,0.9798567700958664,-0.1997015525660636,0.8660254037844387,-0.4999999999999998,0.9749279121818236,-0.2225209339563143,0,weekday,19.6
2021-04-15,2021,4,15,105,8,3,65.93,2021-04-15 08:00:00+00:00,2021-04-15 09:00:00+00:00,65177.677500000005,452.6875,3203.6675,19510.575,70579.5,23166.93,0.976276611086932,-0.2165270852448143,0.8660254037844387,-0.4999999999999998,0.4338837391175582,-0.900968867902419,0,weekday,19.9
2021-04-16,2021,4,16,106,8,4,63.64,2021-04-16 08:00:00+00:00,2021-04-16 09:00:00+00:00,64365.2925,1523.3875,7630.0425,14574.4625,67938.55,23727.8925,0.9724075561219968,-0.2332885440754551,0.8660254037844387,-0.4999999999999998,-0.433883739117558,-0.9009688679024191,0,weekday,20.625
2021-04-17,2021,4,17,107,8,5,58.76,2021-04-17 08:00:00+00:00,2021-04-17 09:00:00+00:00,54133.745,1723.0725,4258.9425,13874.25,57111.15,19856.265,0.9682507501166718,-0.2499809690726521,0.8660254037844387,-0.4999999999999998,-0.9749279121818236,-0.2225209339563146,0,weekend,20.54
2021-04-18,2021,4,18,108,8,6,59.93,2021-04-18 08:00:00+00:00,2021-04-18 09:00:00+00:00,49891.1875,704.585,1324.74,11079.4975,50576.01,13108.8225,0.9638074231367308,-0.2665994206792935,0.8660254037844387,-0.4999999999999998,-0.7818314824680299,0.6234898018587334,0,weekend,20.7075
2021-04-19,2021,4,19,109,8,0,89.19,2021-04-19 08:00:00+00:00,2021-04-19 09:00:00+00:00,63940.6775,1121.0575,1221.0775,13289.44,64516.82,15631.575,0.9590788900341132,-0.2831389812281835,0.8660254037844387,-0.4999999999999998,0.0,1.0,0,weekday,20.875
2021-04-20,2021,4,20,110,8,1,69.53,2021-04-20 08:00:00+00:00,2021-04-20 09:00:00+00:00,64356.5125,338.5125,273.9475,20601.225,67074.05,21213.685,0.9540665500578388,-0.2995947563972602,0.8660254037844387,-0.4999999999999998,0.7818314824680298,0.6234898018587336,0,weekday,20.85
2021-04-21,2021,4,21,111,8,2,51.68,2021-04-21 08:00:00+00:00,2021-04-21 09:00:00+00:00,64479.4375,3859.865,3609.4,22933.6475,69911.47,30402.9125,0.9487718864399473,-0.3159618766579029,0.8660254037844387,-0.4999999999999998,0.9749279121818236,-0.2225209339563143,0,weekday,21.015
2021-04-22,2021,4,22,112,8,3,35.63,2021-04-22 08:00:00+00:00,2021-04-22 09:00:00+00:00,65037.59,5014.9125,21104.68,19573.2425,76345.94,45692.835,0.9431964659565866,-0.3322354987159043,0.8660254037844387,-0.4999999999999998,0.4338837391175582,-0.900968867902419,0,weekday,21.3
2021-04-23,2021,4,23,113,8,4,54.38,2021-04-23 08:00:00+00:00,2021-04-23 09:00:00+00:00,65503.835,2568.7375,11885.61,23240.94,71181.87,37695.2875,0.9373419384643772,-0.3484108069446808,0.8660254037844387,-0.4999999999999998,-0.433883739117558,-0.9009688679024191,0,weekday,20.8
2021-04-24,2021,4,24,114,8,5,50.0,2021-04-24 08:00:00+00:00,2021-04-24 09:00:00+00:00,54245.46,1649.91,2880.05,23543.435,56327.14,28073.395,0.9312100364121948,-0.3644830148102912,0.8660254037844387,-0.4999999999999998,-0.9749279121818236,-0.2225209339563146,0,weekend,20.045
2021-04-25,2021,4,25,115,8,6,17.8,2021-04-25 08:00:00+00:00,2021-04-25 09:00:00+00:00,47003.4675,1463.7875,4012.5675,24434.06,54336.53,29910.415,0.9248025743285088,-0.3804473662878516,0.8660254037844387,-0.4999999999999998,-0.7818314824680299,0.6234898018587334,0,weekend,20.122500000000002
2021-04-26,2021,4,26,116,8,0,52.55,2021-04-26 08:00:00+00:00,2021-04-26 09:00:00+00:00,62848.8875,463.74,2473.425,27422.6225,68591.1,30359.7875,0.9181214482844364,-0.3962991372689181,0.8660254037844387,-0.4999999999999998,0.0,1.0,0,weekday,20.2
2021-04-27,2021,4,27,117,8,1,50.93,2021-04-27 08:00:00+00:00,2021-04-27 09:00:00+00:00,64321.935,1353.755,6008.0375,27704.9,72589.45,35066.692500000005,0.9111686353326632,-0.4120336369594263,0.8660254037844387,-0.4999999999999998,0.7818314824680298,0.6234898018587336,0,weekday,19.93
2021-04-28,2021,4,28,118,8,2,54.47,2021-04-28 08:00:00+00:00,2021-04-28 09:00:00+00:00,64699.3925,827.9375,3401.6425,26961.6925,70539.25,31191.2725,0.9039461929224012,-0.4276462092677746,0.8660254037844387,-0.4999999999999998,0.9749279121818236,-0.2225209339563143,0,weekday,21.79
2021-04-29,2021,4,29,119,8,3,63.97,2021-04-29 08:00:00+00:00,2021-04-29 09:00:00+00:00,66944.4875,3284.3050000000003,9428.92,13592.245,68494.12,26305.47,0.8964562582905575,-0.4431322341826345,0.8660254037844387,-0.4999999999999998,0.4338837391175582,-0.900968867902419,0,weekday,21.665
2021-04-30,2021,4,30,120,8,4,76.51,2021-04-30 08:00:00+00:00,2021-04-30 09:00:00+00:00,65501.5325,577.8775,3032.005,13210.6825,63324.76,16820.565000000002,0.8887010478292915,-0.4584871291400876,0.8660254037844387,-0.4999999999999998,-0.433883739117558,-0.9009688679024191,0,weekday,22.965
2021-05-01,2021,5,1,121,8,5,54.7,2021-05-01 08:00:00+00:00,2021-05-01 09:00:00+00:00,48909.9825,533.895,1524.59,14792.6,43090.58,16851.085,0.8806828564301475,-0.47370635037968,0.8660254037844387,-0.4999999999999998,-0.9749279121818236,-0.2225209339563146,1,holiday,23.285
2021-05-02,2021,5,2,122,8,6,46.18,2021-05-02 08:00:00+00:00,2021-05-02 09:00:00+00:00,52120.375,2666.9225,9333.2625,12035.4825,46528.26,24035.667500000003,0.8724040568049612,-0.4887853942889926,0.8660254037844387,-0.4999999999999998,-0.7818314824680299,0.6234898018587334,0,weekend,23.55
2021-05-03,2021,5,3,123,8,0,60.98,2021-05-03 08:00:00+00:00,2021-05-03 09:00:00+00:00,65115.9825,985.645,12918.9975,21533.7725,65510.41,35438.415,0.8638670987837349,-0.503719798736334,0.8660254037844387,-0.4999999999999998,0.0,1.0,0,weekday,23.815
2021-05-04,2021,5,4,124,8,1,35.67,2021-05-04 08:00:00+00:00,2021-05-04 09:00:00+00:00,68707.505,4236.5825,38034.7125,12330.265,76269.97,54601.56,0.8550745085896932,-0.518505144391157,0.8660254037844387,-0.4999999999999998,0.7818314824680298,0.6234898018587336,0,weekday,24.105
2021-05-05,2021,5,5,125,8,2,45.18,2021-05-05 08:00:00+00:00,2021-05-05 09:00:00+00:00,68179.2325,4066.435,35318.095,15531.015,80195.6,54915.545,0.8460288880917339,-0.533137056031809,0.8660254037844387,-0.4999999999999998,0.9749279121818236,-0.2225209339563143,0,weekday,23.4
2021-05-06,2021,5,6,126,8,3,54.93,2021-05-06 08:00:00+00:00,2021-05-06 09:00:00+00:00,72006.355,2666.2525,19131.7125,17195.175,71289.74,38993.14,0.8367329140344921,-0.5476112038402312,0.8660254037844387,-0.4999999999999998,0.4338837391175582,-0.900968867902419,0,weekday,24.13
2021-05-07,2021,5,7,127,8,4,78.75,2021-05-07 08:00:00+00:00,2021-05-07 09:00:00+00:00,70652.565,1642.6025,10204.635,13762.235,63014.44,25609.4725,0.8271893372462497,-0.5619233046832195,0.8660254037844387,-0.4999999999999998,-0.433883739117558,-0.9009688679024191,0,weekday,24.225
2021-05-08,2021,5,8,128,8,5,45.14,2021-05-08 08:00:00+00:00,2021-05-08 09:00:00+00:00,57505.9475,1252.36,4733.805,26390.98,55754.66,32377.145,0.8174009818249189,-0.5760691233798758,0.8660254037844387,-0.4999999999999998,-0.9749279121818236,-0.2225209339563146,0,weekend,23.94
2021-05-09,2021,5,9,129,8,6,-4.91,2021-05-09 08:00:00+00:00,2021-05-09 09:00:00+00:00,50704.405,2865.205,12806.2425,27404.82,62373.24,43076.2675,0.8073707443023492,-0.5900444739548627,0.8660254037844387,-0.4999999999999998,-0.7818314824680299,0.6234898018587334,0,weekend,24.5575
2021-05-10,2021,5,10,130,8,0,50.89,2021-05-10 08:00:00+00:00,2021-05-10 09:00:00+00:00,66922.23,4108.7525000000005,16281.84,22858.9375,73048.97,43249.53,0.7971015927871943,-0.6038452208771035,0.8660254037844387,-0.4999999999999998,0.0,1.0,0,weekday,25.175
2021-05-11,2021,5,11,131,8,1,79.48,2021-05-11 08:00:00+00:00,2021-05-11 09:00:00+00:00,68118.38,1239.06,3891.405,14858.61,59550.34,19989.075,0.7865965660866021,-0.6174672802835514,0.8660254037844387,-0.4999999999999998,0.7818314824680298,0.6234898018587336,0,weekday,24.8
2021-05-12,2021,5,12,132,8,2,75.78,2021-05-12 08:00:00+00:00,2021-05-12 09:00:00+00:00,68749.0575,588.4075,7859.96,8346.630000000001,56173.04,16794.9975,0.7758587728069828,-0.6309066211876704,0.8660254037844387,-0.4999999999999998,0.9749279121818236,-0.2225209339563143,0,weekday,26.44
2021-05-13,2021,5,13,133,8,3,60.69,2021-05-13 08:00:00+00:00,2021-05-13 09:00:00+00:00,51439.880000000005,343.61249999999995,5511.1175,10669.62,42380.28,16524.350000000002,0.7648913904341225,-0.6441592666722685,0.8660254037844387,-0.4999999999999998,0.4338837391175582,-0.900968867902419,1,holiday,25.75
2021-05-14,2021,5,14,134,8,4,70.0,2021-05-14 08:00:00+00:00,2021-05-14 09:00:00+00:00,63109.942500000005,542.835,4089.9125,16907.0575,50868.23,21539.805,0.753697664392914,-0.6572212950663319,0.8660254037844387,-0.4999999999999998,-0.433883739117558,-0.9009688679024191,0,weekday,26.35
2021-05-15,2021,5,15,135,8,5,55.73,2021-05-15 08:00:00+00:00,2021-05-15 09:00:00+00:00,57310.365,488.1675,5211.5075,18337.945,49735.14,24037.62,0.742280907086982,-0.6700888411055113,0.8660254037844387,-0.4999999999999998,-0.9749279121818236,-0.2225209339563146,0,weekend,26.83
2021-05-16,2021,5,16,136,8,6,24.22,2021-05-16 08:00:00+00:00,2021-05-16 09:00:00+00:00,52472.985,285.355,8277.6775,17345.8725,47273.46,25908.905,0.7306444969184916,-0.6827580970759147,0.8660254037844387,-0.4999999999999998,-0.7818314824680299,0.6234898018587334,0,weekend,26.465
2021-05-17,2021,5,17,137,8,0,82.0,2021-05-17 08:00:00+00:00,2021-05-17 09:00:00+00:00,67945.0275,64.5925,7415.0925,15421.7825,56862.55,22901.4675,0.7187918772884232,-0.6952253139408722,0.8660254037844387,-0.4999999999999998,0.0,1.0,0,weekday,26.1
2021-05-18,2021,5,18,138,8,1,82.42,2021-05-18 08:00:00+00:00,2021-05-18 09:00:00+00:00,68471.625,207.195,7787.2075,14491.7525,57949.64,22486.155,0.7067265555776158,-0.7074868024503348,0.8660254037844387,-0.4999999999999998,0.7818314824680298,0.6234898018587336,0,weekday,25.4
2021-05-19,2021,5,19,139,8,2,84.65,2021-05-19 08:00:00+00:00,2021-05-19 09:00:00+00:00,66897.935,184.1425,3141.865,17237.03,59023.83,20563.0375,0.6944521021088763,-0.719538934232584,0.8660254037844387,-0.4999999999999998,0.9749279121818236,-0.2225209339563143,0,weekday,24.05
2021-05-20,2021,5,20,140,8,3,73.05,2021-05-20 08:00:00+00:00,2021-05-20 09:00:00+00:00,66856.4225,614.09,3685.4525,18417.8275,60850.69,22717.37,0.6819721490904629,-0.7313781428679254,0.8660254037844387,-0.4999999999999998,0.4338837391175582,-0.900968867902419,0,weekday,23.1
2021-05-21,2021,5,21,141,8,4,37.57,2021-05-21 08:00:00+00:00,2021-05-21 09:00:00+00:00,66428.6225,5232.4125,23616.665,16228.0225,72510.25,45077.1,0.6692903895412567,-0.7430009249440493,0.8660254037844387,-0.4999999999999998,-0.433883739117558,-0.9009688679024191,0,weekday,25.3
2021-05-22,2021,5,22,142,8,5,-33.57,2021-05-22 08:00:00+00:00,2021-05-22 09:00:00+00:00,56158.19,3104.99,30338.3475,19355.89,69413.43,52799.2275,0.6564105761979381,-0.7544038410927472,0.8660254037844387,-0.4999999999999998,-0.9749279121818236,-0.2225209339563146,0,weekend,24.795
2021-05-23,2021,5,23,143,8,6,6.58,2021-05-23 08:00:00+00:00,2021-05-23 09:00:00+00:00,47495.9325,3046.19,16522.395,17436.9325,57744.71,37005.5175,0.6433365204044917,-0.765583517007675,0.8660254037844387,-0.4999999999999998,-0.7818314824680299,0.6234898018587334,0,weekend,24.635
2021-05-24,2021,5,24,144,8,0,0.35,2021-05-24 08:00:00+00:00,2021-05-24 09:00:00+00:00,48844.0675,4265.91,14049.9475,23353.5225,66186.79,41669.38,0.6300720909843687,-0.7765366444428655,0.8660254037844387,-0.4999999999999998,0.0,1.0,1,holiday,24.475
2021-05-25,2021,5,25,145,8,1,66.0,2021-05-25 08:00:00+00:00,2021-05-25 09:00:00+00:00,65699.6125,584.7725,20235.6775,15789.2525,66214.54,36609.7025,0.6166212130956382,-0.7872599821916922,0.8660254037844387,-0.4999999999999998,0.7818314824680298,0.6234898018587336,0,weekday,25.25
2021-05-26,2021,5,26,146,8,2,68.87,2021-05-26 08:00:00+00:00,2021-05-26 09:00:00+00:00,67083.6925,3373.8050000000003,18282.285,12812.5475,66667.67,34468.6375,0.6029878670694714,-0.7977503570459932,0.8660254037844387,-0.4999999999999998,0.9749279121818236,-0.2225209339563143,0,weekday,26.775
2021-05-27,2021,5,27,147,8,3,79.13,2021-05-27 08:00:00+00:00,2021-05-27 09:00:00+00:00,68262.45,2659.5225,16539.247499999998,12532.295,69370.18,31731.064999999995,0.5891760872322963,-0.8080046647350754,0.8660254037844387,-0.4999999999999998,0.4338837391175582,-0.900968867902419,0,weekday,25.645
2021-05-28,2021,5,28,148,8,4,80.09,2021-05-28 08:00:00+00:00,2021-05-28 09:00:00+00:00,67337.505,708.9425,3491.4125,20511.775,63355.48,24712.13,0.5751899607119775,-0.8180198708443174,0.8660254037844387,-0.4999999999999998,-0.433883739117558,-0.9009688679024191,0,weekday,25.1
2021-05-29,2021,5,29,149,8,5,58.47,2021-05-29 08:00:00+00:00,2021-05-29 09:00:00+00:00,56697.175,899.02,2299.1025,23964.525,52955.13,27162.647500000003,0.5610336262283677,-0.8277930117131022,0.8660254037844387,-0.4999999999999998,-0.9749279121818236,-0.2225209339563146,0,weekend,24.93
2021-05-30,2021,5,30,150,8,6,17.59,2021-05-30 08:00:00+00:00,2021-05-30 09:00:00+00:00,51398.43,213.9425,2476.03,28809.5375,53852.93,31499.51,0.5467112728685939,-0.8373211953118121,0.8660254037844387,-0.4999999999999998,-0.7818314824680299,0.6234898018587334,0,weekend,25.013333333333332
2021-05-31,2021,5,31,151,8,0,63.38,2021-05-31 08:00:00+00:00,2021-05-31 09:00:00+00:00,62760.7125,177.225,1604.7075,29248.14,65564.27,31030.0725,0.5322271388474397,-0.8466016020976267,0.8660254037844387,-0.4999999999999998,0.0,1.0,0,weekday,25.096666666666668
2021-06-01,2021,6,1,152,8,1,64.95,2021-06-01 08:00:00+00:00,2021-06-01 09:00:00+00:00,64647.275,289.9875,2264.6975,28590.935,63031.23,31145.620000000003,0.5175855102531889,-0.8556314858488706,0.8660254037844387,-0.4999999999999998,0.7818314824680298,0.6234898018587336,0,weekday,25.18
2021-06-02,2021,6,2,153,8,2,62.44,2021-06-02 08:00:00+00:00,2021-06-02 09:00:00+00:00,63791.567500000005,2542.8575,4292.635,28012.8175,63366.75,34848.31,0.5027907197793043,-0.8644081744776648,0.8660254037844387,-0.4999999999999998,0.9749279121818236,-0.2225209339563143,0,weekday,25.7
2021-06-03,2021,6,3,154,8,3,53.94,2021-06-03 08:00:00+00:00,2021-06-03 09:00:00+00:00,53300.04,2716.15,5772.74,25476.4475,61766.79,33965.337499999994,0.4878471454423119,-0.8729290708206411,0.8660254037844387,-0.4999999999999998,0.4338837391175582,-0.900968867902419,0,weekday,26.25
2021-06-04,2021,6,4,155,8,4,75.58,2021-06-04 08:00:00+00:00,2021-06-04 09:00:00+00:00,61125.16,272.1075,1851.6425,19553.4575,57015.5,21677.2075,0.4727592092862775,-0.881191653407483,0.8660254037844387,-0.4999999999999998,-0.433883739117558,-0.9009688679024191,0,weekday,25.75
2021-06-05,2021,6,5,156,8,5,57.73,2021-06-05 08:00:00+00:00,2021-06-05 09:00:00+00:00,54970.725,1105.38,1889.415,19496.55,49846.9,22491.345,0.4575313760742512,-0.8891934772070711,0.8660254037844387,-0.4999999999999998,-0.9749279121818236,-0.2225209339563146,0,weekend,25.795
2021-06-06,2021,6,6,157,8,6,57.76,2021-06-06 08:00:00+00:00,2021-06-06 09:00:00+00:00,50812.555,2110.4125,2623.9875,11295.945,39522.1,16030.345,0.442168151967072,-0.8969321743510065,0.8660254037844387,-0.4999999999999998,-0.7818314824680299,0.6234898018587334,0,weekend,25.8475
2021-06-07,2021,6,7,158,8,0,82.55,2021-06-07 08:00:00+00:00,2021-06-07 09:00:00+00:00,62637.6175,572.895,1316.8275,15257.21,58956.11,17146.9325,0.4266740831899246,-0.9044054548343,0.8660254037844387,-0.4999999999999998,0.0,1.0,0,weekday,25.9
2021-06-08,2021,6,8,159,8,1,80.02,2021-06-08 08:00:00+00:00,2021-06-08 09:00:00+00:00,63393.1,77.8575,745.4825,21510.395,62274.1,22333.735,0.4110537546870351,-0.911611107193024,0.8660254037844387,-0.4999999999999998,0.7818314824680298,0.6234898018587336,0,weekday,27.475
2021-06-09,2021,6,9,160,8,2,76.81,2021-06-09 08:00:00+00:00,2021-06-09 09:00:00+00:00,65575.1775,129.95999999999998,240.465,22789.1025,63790.53,23159.5275,0.3953117887649151,-0.9185469991587164,0.8660254037844387,-0.4999999999999998,0.9749279121818236,-0.2225209339563143,0,weekday,27.9
2021-06-10,2021,6,10,161,8,3,74.44,2021-06-10 08:00:00+00:00,2021-06-10 09:00:00+00:00,65170.6175,246.435,389.115,25276.16,64993.03,25911.71,0.3794528437245443,-0.925211078289358,0.8660254037844387,-0.4999999999999998,0.4338837391175582,-0.900968867902419,0,weekday,28.275
2021-06-11,2021,6,11,162,8,4,76.92,2021-06-11 08:00:00+00:00,2021-06-11 09:00:00+00:00,65837.3675,1983.21,1173.42,27001.0,65482.57,30157.63,0.3634816124829063,-0.9316013725767188,0.8660254037844387,-0.4999999999999998,-0.433883739117558,-0.9009688679024191,0,weekday,28.5
2021-06-12,2021,6,12,163,8,5,48.91,2021-06-12 08:00:00+00:00,2021-06-12 09:00:00+00:00,55703.005,3305.7975,12436.515,19148.4075,54623.23,34890.72,0.3474028211842774,-0.9377159910299092,0.8660254037844387,-0.4999999999999998,-0.9749279121818236,-0.2225209339563146,0,weekend,27.845
2021-06-13,2021,6,13,164,8,6,0.01,2021-06-13 08:00:00+00:00,2021-06-13 09:00:00+00:00,50381.31,2529.525,12906.3075,25101.2625,55726.45,40537.095,0.3312212278016865,-0.9435531242349544,0.8660254037844387,-0.4999999999999998,-0.7818314824680299,0.6234898018587334,0,weekend,28.4725
2021-06-14,2021,6,14,165,8,0,68.79,2021-06-14 08:00:00+00:00,2021-06-14 09:00:00+00:00,64990.345,3535.5475,2806.5825,30307.9375,66188.04,36650.0675,0.3149416207289519,-0.9491110448902284,0.8660254037844387,-0.4999999999999998,0.0,1.0,0,weekday,29.1
2021-06-15,2021,6,15,166,8,1,83.99,2021-06-15 08:00:00+00:00,2021-06-15 09:00:00+00:00,66860.15,310.675,954.6275,25397.9775,63298.39,26663.28,0.2985688173637202,-0.9543881083175908,0.8660254037844387,-0.4999999999999998,0.7818314824680298,0.6234898018587336,0,weekday,28.3
2021-06-16,2021,6,16,167,8,2,83.99,2021-06-16 08:00:00+00:00,2021-06-16 09:00:00+00:00,66633.025,582.22,960.9975,28682.385,69365.7,30225.6025,0.2821076626819194,-0.9593827529490744,0.8660254037844387,-0.4999999999999998,0.9749279121818236,-0.2225209339563143,0,weekday,28.0
2021-06-17,2021,6,17,168,8,3,78.17,2021-06-17 08:00:00+00:00,2021-06-17 09:00:00+00:00,66365.00749999999,1999.185,4289.3375,29572.1725,71653.86,35860.695,0.2655630278040559,-0.9640935007889756,0.8660254037844387,-0.4999999999999998,0.4338837391175582,-0.900968867902419,0,weekday,27.8
2021-06-18,2021,6,18,169,8,4,84.1,2021-06-18 08:00:00+00:00,2021-06-18 09:00:00+00:00,66583.8975,1117.2425,3103.9175,27878.575,69110.79,32099.735,0.2489398085537665,-0.9685189578512204,0.8660254037844387,-0.4999999999999998,-0.433883739117558,-0.9009688679024191,0,weekday,28.935
2021-06-19,2021,6,19,170,8,5,58.38,2021-06-19 08:00:00+00:00,2021-06-19 09:00:00+00:00,57599.105,3581.6025,6534.512500000001,26712.94,58691.51,36829.055,0.2322429240090701,-0.9726578145718654,0.8660254037844387,-0.4999999999999998,-0.9749279121818236,-0.2225209339563146,0,weekend,29.405
2021-06-20,2021,6,20,171,8,6,50.2,2021-06-20 08:00:00+00:00,2021-06-20 09:00:00+00:00,53140.52,3634.685,10866.9175,22924.255,56617.23,37425.8575,0.2154773150467301,-0.976508846196619,0.8660254037844387,-0.4999999999999998,-0.7818314824680299,0.6234898018587334,0,weekend,29.6875
2021-06-21,2021,6,21,172,8,0,86.28,2021-06-21 08:00:00+00:00,2021-06-21 09:00:00+00:00,67646.9225,3218.45,10167.1175,18523.9175,67463.73,31909.485,0.1986479428801711,-0.9800709131432666,0.8660254037844387,-0.4999999999999998,0.0,1.0,0,weekday,29.97
2021-06-22,2021,6,22,173,8,1,90.97,2021-06-22 08:00:00+00:00,2021-06-22 09:00:00+00:00,67607.4075,2204.575,4346.679999999999,16747.7575,62112.92,23299.0125,0.1817597875913753,-0.9833429613388902,0.8660254037844387,-0.4999999999999998,0.7818314824680298,0.6234898018587336,0,weekday,30.05
2021-06-23,2021,6,23,174,8,2,93.35,2021-06-23 08:00:00+00:00,2021-06-23 09:00:00+00:00,67947.7525,875.5125,781.6675,17712.05,61808.49,19369.23,0.1648178466571979,-0.9863240225317866,0.8660254037844387,-0.4999999999999998,0.9749279121818236,-0.2225209339563143,0,weekday,31.35
2021-06-24,2021,6,24,175,8,3,99.99,2021-06-24 08:00:00+00:00,2021-06-24 09:00:00+00:00,66681.30249999999,64.7375,980.815,15353.9175,57716.75,16399.47,0.1478271334705304,-0.9890132145779884,0.8660254037844387,-0.4999999999999998,0.4338837391175582,-0.900968867902419,0,weekday,31.55
2021-06-25,2021,6,25,176,8,4,93.07,2021-06-25 08:00:00+00:00,2021-06-25 09:00:00+00:00,65263.475,430.82,1162.2175,15359.265,58025.2,16952.302499999998,0.1307926758567592,-0.9914097417023038,0.8660254037844387,-0.4999999999999998,-0.433883739117558,-0.9009688679024191,0,weekday,31.95
2021-06-26,2021,6,26,177,8,5,75.24,2021-06-26 08:00:00+00:00,2021-06-26 09:00:00+00:00,55801.9375,76.9975,180.1825,23960.0975,52124.73,24217.2775,0.1137195145859496,-0.9935128947338008,0.8660254037844387,-0.4999999999999998,-0.9749279121818236,-0.2225209339563146,0,weekend,32.385
2021-06-27,2021,6,27,178,8,6,52.89,2021-06-27 08:00:00+00:00,2021-06-27 09:00:00+00:00,50789.6375,173.275,1035.0825,26218.055,48536.56,27426.4125,0.0966127018812031,-0.9953220513156602,0.8660254037844387,-0.4999999999999998,-0.7818314824680299,0.6234898018587334,0,weekend,32.2425
2021-06-28,2021,6,28,179,8,0,89.7,2021-06-28 08:00:00+00:00,2021-06-28 09:00:00+00:00,66445.735,1007.48,1306.955,25576.1175,65021.09,27890.5525,0.0794772999236209,-0.9968366760893436,0.8660254037844387,-0.4999999999999998,0.0,1.0,0,weekday,32.1
2021-06-29,2021,6,29,180,8,1,99.14,2021-06-29 08:00:00+00:00,2021-06-29 09:00:00+00:00,67967.5025,2987.6875,1577.185,17007.32,60682.39,21572.1925,0.062318379354325,-0.998056320853012,0.8660254037844387,-0.4999999999999998,0.7818314824680298,0.6234898018587336,0,weekday,32.855
2021-06-30,2021,6,30,181,8,2,107.56,2021-06-30 08:00:00+00:00,2021-06-30 09:00:00+00:00,67450.6,1161.0075,6504.8975,13042.58,58865.52,20708.485,0.0451410177739719,-0.998980624694158,0.8660254037844387,-0.4999999999999998,0.9749279121818236,-0.2225209339563143,0,weekday,33.875
2021-07-01,2021,7,1,182,8,3,94.96,2021-07-01 08:00:00+00:00,2021-07-01 09:00:00+00:00,68124.915,2492.245,13949.42,8479.7925,57684.29,24921.4575,0.0279502982402103,-0.999609314096404,0.8660254037844387,-0.4999999999999998,0.4338837391175582,-0.900968867902419,0,weekday,35.5
2021-07-02,2021,7,2,183,8,4,102.54,2021-07-02 08:00:00+00:00,2021-07-02 09:00:00+00:00,67226.7975,615.485,4210.7025,16660.975000000002,57023.01,21487.1625,0.0107513077635219,-0.9999422030204416,0.8660254037844387,-0.4999999999999998,-0.433883739117558,-0.9009688679024191,0,weekday,34.925
2021-07-03,2021,7,3,184,8,5,74.06,2021-07-03 08:00:00+00:00,2021-07-03 09:00:00+00:00,54099.28,206.125,2315.4375,25830.405,53524.47,28351.9675,-0.0064508641981051,-0.9999791929590824,0.8660254037844387,-0.4999999999999998,-0.9749279121818236,-0.2225209339563146,0,weekend,35.827
2021-07-04,2021,7,4,185,8,6,75.24,2021-07-04 08:00:00+00:00,2021-07-04 09:00:00+00:00,49625.9875,303.1,490.2175,20870.625,45705.73,21663.9425,-0.0236511272452315,-0.9997202729664084,0.8660254037844387,-0.4999999999999998,-0.7818314824680299,0.6234898018587334,0,weekend,36.30133333333333
2021-07-05,2021,7,5,186,8,0,101.0,2021-07-05 08:00:00+00:00,2021-07-05 09:00:00+00:00,65271.4625,1454.0425,3743.44,15581.8025,56958.11,20779.285,-0.0408443915432961,-0.9991655196610107,0.8660254037844387,-0.4999999999999998,0.0,1.0,0,weekday,36.775666666666666
2021-07-06,2021,7,6,187,8,1,76.8,2021-07-06 08:00:00+00:00,2021-07-06 09:00:00+00:00,66718.13,4343.0575,12477.4875,21634.64,67359.41,38455.185,-0.0580255693287803,-0.9983150972033183,0.8660254037844387,-0.4999999999999998,0.7818314824680298,0.6234898018587336,0,weekday,37.25
2021-07-07,2021,7,7,188,8,2,100.23,2021-07-07 08:00:00+00:00,2021-07-07 09:00:00+00:00,65539.875,2921.49,3315.6800000000003,14362.56,56974.75,20599.73,-0.0751895764147585,-0.9971692572470178,0.8660254037844387,-0.4999999999999998,0.9749279121818236,-0.2225209339563143,0,weekday,34.315
2021-07-08,2021,7,8,189,8,3,110.01,2021-07-08 08:00:00+00:00,2021-07-08 09:00:00+00:00,66958.4625,544.1975,508.655,13924.9325,53671.46,14977.785,-0.0923313336953912,-0.9957283388645872,0.8660254037844387,-0.4999999999999998,0.4338837391175582,-0.900968867902419,0,weekday,32.29
2021-07-09,2021,7,9,190,8,4,105.46,2021-07-09 08:00:00+00:00,2021-07-09 09:00:00+00:00,65801.075,441.7875,4051.225,9991.8525,52993.52,14484.865000000002,-0.1094457686489155,-0.993992768446958,0.8660254037844387,-0.4999999999999998,-0.433883739117558,-0.9009688679024191,0,weekday,35.84
2021-07-10,2021,7,10,191,8,5,74.73,2021-07-10 08:00:00+00:00,2021-07-10 09:00:00+00:00,53912.6525,1012.645,3929.2025,23631.43,54198.41,28573.2775,-0.1265278168386831,-0.9919630595773395,0.8660254037844387,-0.4999999999999998,-0.9749279121818236,-0.2225209339563146,0,weekend,36.632
2021-07-11,2021,7,11,192,8,6,71.28,2021-07-11 08:00:00+00:00,2021-07-11 09:00:00+00:00,48277.6625,208.8275,1581.4975,16566.8775,45254.1,18357.2025,-0.1435724234118113,-0.9896398128792412,0.8660254037844387,-0.4999999999999998,-0.7818314824680299,0.6234898018587334,0,weekend,35.933499999999995
2021-07-12,2021,7,12,193,8,0,95.94,2021-07-12 08:00:00+00:00,2021-07-12 09:00:00+00:00,63993.7175,1058.2925,2537.6375,24026.1875,63860.91,27622.1175,-0.1605745445949937,-0.9870237158387384,0.8660254037844387,-0.4999999999999998,0.0,1.0,0,weekday,35.235
2021-07-13,2021,7,13,194,8,1,102.51,2021-07-13 08:00:00+00:00,2021-07-13 09:00:00+00:00,64603.3175,365.8025,1901.4125,16983.3475,59219.48,19250.5625,-0.1775291491870349,-0.984115542601034,0.8660254037844387,-0.4999999999999998,0.7818314824680298,0.6234898018587336,0,weekday,34.305
2021-07-14,2021,7,14,195,8,2,103.32,2021-07-14 08:00:00+00:00,2021-07-14 09:00:00+00:00,66108.27249999999,1156.4375,5857.67,11180.9975,55877.19,18195.105,-0.1944312200476619,-0.9809161537413774,0.8660254037844387,-0.4999999999999998,0.9749279121818236,-0.2225209339563143,0,weekday,34.835
2021-07-15,2021,7,15,196,8,3,101.23,2021-07-15 08:00:00+00:00,2021-07-15 09:00:00+00:00,65998.255,3997.3025,1736.435,16051.395,56564.56,21785.1325,-0.2112757555821793,-0.9774264960104057,0.8660254037844387,-0.4999999999999998,0.4338837391175582,-0.900968867902419,0,weekday,34.2
2021-07-16,2021,7,16,197,8,4,93.37,2021-07-16 08:00:00+00:00,2021-07-16 09:00:00+00:00,66420.5775,2857.785,1942.605,17220.65,57426.69,22021.04,-0.2280577712215198,-0.9736476020539838,0.8660254037844387,-0.4999999999999998,-0.433883739117558,-0.9009688679024191,0,weekday,35.1
2021-07-17,2021,7,17,198,8,5,70.1,2021-07-17 08:00:00+00:00,2021-07-17 09:00:00+00:00,54946.5025,2444.445,8504.585,15530.625,46906.34,26479.655,-0.2447723008972595,-0.9695805901076308,0.8660254037844387,-0.4999999999999998,-0.9749279121818236,-0.2225209339563146,0,weekend,34.84
2021-07-18,2021,7,18,199,8,6,35.33,2021-07-18 08:00:00+00:00,2021-07-18 09:00:00+00:00,48965.185,1382.715,6179.285,22785.0325,48032.1,30347.0325,-0.2614143985111562,-0.965226663665613,0.8660254037844387,-0.4999999999999998,-0.7818314824680299,0.6234898018587334,0,weekend,35.645
2021-07-19,2021,7,19,200,8,0,95.0,2021-07-19 08:00:00+00:00,2021-07-19 09:00:00+00:00,64966.8375,1648.7775,5090.905,21860.505,59673.64,28600.1875,-0.2779791393987801,-0.9605871111248128,0.8660254037844387,-0.4999999999999998,0.0,1.0,0,weekday,36.45
2021-07-20,2021,7,20,201,8,1,93.01,2021-07-20 08:00:00+00:00,2021-07-20 09:00:00+00:00,65976.75,1825.05,2995.12,22737.3375,60315.72,27557.5075,-0.2944616217868012,-0.9556633054034704,0.8660254037844387,-0.4999999999999998,0.7818314824680298,0.6234898018587336,0,weekday,35.095
2021-07-21,2021,7,21,202,8,2,87.07,2021-07-21 08:00:00+00:00,2021-07-21 09:00:00+00:00,65877.64749999999,767.925,2789.0125,23478.2625,60708.27,27035.2,-0.3108569682435036,-0.9504567035349152,0.8660254037844387,-0.4999999999999998,0.9749279121818236,-0.2225209339563143,0,weekday,35.5
2021-07-22,2021,7,22,203,8,3,88.08,2021-07-22 08:00:00+00:00,2021-07-22 09:00:00+00:00,65515.4175,487.095,782.37,23467.295,58402.65,24736.76,-0.3271603271220951,-0.9449688462364056,0.8660254037844387,-0.4999999999999998,0.4338837391175582,-0.900968867902419,0,weekday,35.675
2021-07-23,2021,7,23,204,8,4,93.01,2021-07-23 08:00:00+00:00,2021-07-23 09:00:00+00:00,64837.4075,145.26,219.53,24004.4425,58955.49,24369.2325,-0.343366873996388,-0.939201357453208,0.8660254037844387,-0.4999999999999998,-0.433883739117558,-0.9009688679024191,0,weekday,35.815
2021-07-24,2021,7,24,205,8,5,75.53,2021-07-24 08:00:00+00:00,2021-07-24 09:00:00+00:00,54155.8525,869.0475,3288.275,22022.68,49907.83,26180.0025,-0.3594718130884232,-0.9331559438780432,0.8660254037844387,-0.4999999999999998,-0.9749279121818236,-0.2225209339563146,0,weekend,35.525
2021-07-25,2021,7,25,206,8,6,49.23,2021-07-25 08:00:00+00:00,2021-07-25 09:00:00+00:00,50262.41,4037.7725,4907.16,18179.3925,47055.59,27124.325,-0.3754703786876202,-0.9268343944460494,0.8660254037844387,-0.4999999999999998,-0.7818314824680299,0.6234898018587334,0,weekend,35.832499999999996
2021-07-26,2021,7,26,207,8,0,91.68,2021-07-26 08:00:00+00:00,2021-07-26 09:00:00+00:00,65277.8425,287.39,1287.2125,19231.4325,56665.65,20806.035,-0.3913578365610259,-0.9202385798054076,0.8660254037844387,-0.4999999999999998,0.0,1.0,0,weekday,36.14
2021-07-27,2021,7,27,208,8,1,84.08,2021-07-27 08:00:00+00:00,2021-07-27 09:00:00+00:00,66155.7975,926.9525,5491.395,20863.1475,62404.12,27281.495,-0.4071294853542516,-0.9133704517637858,0.8660254037844387,-0.4999999999999998,0.7818314824680298,0.6234898018587336,0,weekday,37.695
2021-07-28,2021,7,28,209,8,2,85.08,2021-07-28 08:00:00+00:00,2021-07-28 09:00:00+00:00,66070.63,3675.11,9568.5625,15369.36,57708.49,28613.0325,-0.4227806579826773,-0.9062320427107696,0.8660254037844387,-0.4999999999999998,0.9749279121818236,-0.2225209339563143,0,weekday,38.465
2021-07-29,2021,7,29,210,8,3,9.83,2021-07-29 08:00:00+00:00,2021-07-29 09:00:00+00:00,65887.3725,5198.6325,24265.7325,21910.975,74100.15,51375.34,-0.4383067230125192,-0.898825465016444,0.8660254037844387,-0.4999999999999998,0.4338837391175582,-0.900968867902419,0,weekday,40.35
2021-07-30,2021,7,30,211,8,4,56.18,2021-07-30 08:00:00+00:00,2021-07-30 09:00:00+00:00,65098.935,3907.2875,11407.0925,25426.4875,65011.35,40740.8675,-0.4537030860313442,-0.8911529104063088,0.8660254037844387,-0.4999999999999998,-0.433883739117558,-0.9009688679024191,0,weekday,40.51
2021-07-31,2021,7,31,212,8,5,0.01,2021-07-31 08:00:00+00:00,2021-07-31 09:00:00+00:00,53934.975,2782.52,27396.1175,20043.9075,69593.64,50222.545,-0.4689651910076318,-0.8832166493127127,0.8660254037844387,-0.4999999999999998,-0.9749279121818236,-0.2225209339563146,0,weekend,40.755
2021-08-01,2021,8,1,213,8,6,59.16,2021-08-01 08:00:00+00:00,2021-08-01 09:00:00+00:00,49124.08,1317.48,3634.2575,12137.6775,38977.31,17089.415,-0.4840885216389758,-0.8750190302029955,0.8660254037844387,-0.4999999999999998,-0.7818314824680299,0.6234898018587334,0,weekend,41.4275
2021-08-02,2021,8,2,214,8,0,82.8,2021-08-02 08:00:00+00:00,2021-08-02 09:00:00+00:00,63452.8075,2817.8075,8595.8925,18302.0525,57081.76,29715.7525,-0.4990686026885319,-0.8665624788845385,0.8660254037844387,-0.4999999999999998,0.0,1.0,0,weekday,42.1
2021-08-03,2021,8,3,215,8,1,96.23,2021-08-03 08:00:00+00:00,2021-08-03 09:00:00+00:00,63724.5375,190.1375,867.1725,17438.07,53243.05,18495.38,-0.5139010013093103,-0.8578494977869301,0.8660254037844387,-0.4999999999999998,0.7818314824680298,0.6234898018587336,0,weekday,41.59
2021-08-04,2021,8,4,216,8,2,110.77,2021-08-04 08:00:00+00:00,2021-08-04 09:00:00+00:00,63982.4825,40.545,497.265,15303.5975,52949.04,15841.4075,-0.5285813283559292,-0.8488826652214553,0.8660254037844387,-0.4999999999999998,0.9749279121818236,-0.2225209339563143,0,weekday,41.54
2021-08-05,2021,8,5,217,8,3,108.14,2021-08-05 08:00:00+00:00,2021-08-05 09:00:00+00:00,63179.085,484.475,1247.61,14783.3225,52915.65,16515.4075,-0.5431052396834317,-0.8396646346181327,0.8660254037844387,-0.4999999999999998,0.4338837391175582,-0.900968867902419,0,weekday,41.57
2021-08-06,2021,8,6,218,8,4,77.52,2021-08-06 08:00:00+00:00,2021-08-06 09:00:00+00:00,62492.51,3366.795,8017.3625,14914.37,56008.99,26298.527500000004,-0.5574684374327892,-0.8301981337405212,0.8660254037844387,-0.4999999999999998,-0.433883739117558,-0.9009688679024191,0,weekday,43.9
2021-08-07,2021,8,7,219,8,5,56.14,2021-08-07 08:00:00+00:00,2021-08-07 09:00:00+00:00,55854.3725,2632.465,4569.3975,18625.0925,47527.56,25826.955,-0.5716666713027052,-0.8204859638785327,0.8660254037844387,-0.4999999999999998,-0.9749279121818236,-0.2225209339563146,0,weekend,43.12
2021-08-08,2021,8,8,220,8,6,-9.96,2021-08-08 08:00:00+00:00,2021-08-08 09:00:00+00:00,48633.275,2311.595,20527.755,18712.13,58479.8,41551.48,-0.5856957398073508,-0.8105309990194823,0.8660254037844387,-0.4999999999999998,-0.7818314824680299,0.6234898018587334,0,weekend,43.1075
2021-08-09,2021,8,9,221,8,0,65.49,2021-08-09 08:00:00+00:00,2021-08-09 09:00:00+00:00,63617.8825,4276.745,11147.085,22969.1475,62455.69,38392.97749999999,-0.5995514915196489,-0.8003361849976323,0.8660254037844387,-0.4999999999999998,0.0,1.0,0,weekday,43.095
2021-08-10,2021,8,10,222,8,1,97.28,2021-08-10 08:00:00+00:00,2021-08-10 09:00:00+00:00,64443.7,1247.16,6062.7625,18231.795,53789.94,25541.7175,-0.6132298262997502,-0.7899045386224707,0.8660254037844387,-0.4999999999999998,0.7818314824680298,0.6234898018587336,0,weekday,44.39
2021-08-11,2021,8,11,223,8,2,92.97,2021-08-11 08:00:00+00:00,2021-08-11 09:00:00+00:00,63024.95,368.04,1631.275,22451.385,54085.42,24450.7,-0.6267266965083301,-0.7792391467859886,0.8660254037844387,-0.4999999999999998,0.9749279121818236,-0.2225209339563143,0,weekday,44.975
2021-08-12,2021,8,12,224,8,3,102.72,2021-08-12 08:00:00+00:00,2021-08-12 09:00:00+00:00,61964.7525,1119.88,538.2375,25730.2075,57270.66,27388.325,-0.6400381082043503,-0.7683431655492202,0.8660254037844387,-0.4999999999999998,0.4338837391175582,-0.900968867902419,0,weekday,46.15
2021-08-13,2021,8,13,225,8,4,99.98,2021-08-13 08:00:00+00:00,2021-08-13 09:00:00+00:00,61776.115,2264.98,1592.815,22914.46,58058.58,26772.255,-0.65316012232693,-0.7572198192083127,0.8660254037844387,-0.4999999999999998,-0.433883739117558,-0.9009688679024191,0,weekday,44.415
2021-08-14,2021,8,14,226,8,5,63.26,2021-08-14 08:00:00+00:00,2021-08-14 09:00:00+00:00,53822.0225,3598.18,6605.9675,23482.135,55101.27,33686.2825,-0.666088855860977,-0.7458723993404063,0.8660254037844387,-0.4999999999999998,-0.9749279121818236,-0.2225209339563146,0,weekend,44.63
2021-08-15,2021,8,15,227,8,6,53.67,2021-08-15 08:00:00+00:00,2021-08-15 09:00:00+00:00,49251.0275,1503.88,3471.22,22500.8375,47183.72,27475.9375,-0.6788204829862355,-0.734304263829602,0.8660254037844387,-0.4999999999999998,-0.7818314824680299,0.6234898018587334,0,weekend,45.44
2021-08-16,2021,8,16,228,8,0,69.84,2021-08-16 08:00:00+00:00,2021-08-16 09:00:00+00:00,63519.89,4698.7875,19557.135,15037.6575,64550.49,39293.58,-0.6913512362094071,-0.722518835873311,0.8660254037844387,-0.4999999999999998,0.0,1.0,0,weekday,46.25
2021-08-17,2021,8,17,229,8,1,46.62,2021-08-17 08:00:00+00:00,2021-08-17 09:00:00+00:00,64599.5325,5507.265,26595.7825,16522.3275,71390.75,48625.375,-0.7036774074790128,-0.7105196029692745,0.8660254037844387,-0.4999999999999998,0.7818314824680298,0.6234898018587336,0,weekday,46.855
2021-08-18,2021,8,18,230,8,2,97.2,2021-08-18 08:00:00+00:00,2021-08-18 09:00:00+00:00,65944.23000000001,5734.41,16555.3675,9753.4675,58918.83,32043.245000000003,-0.7157953492826642,-0.6983101158835584,0.8660254037844387,-0.4999999999999998,0.9749279121818236,-0.2225209339563143,0,weekday,46.395
2021-08-19,2021,8,19,231,8,3,89.91,2021-08-19 08:00:00+00:00,2021-08-19 09:00:00+00:00,66819.0975,2395.955,12144.98,11459.185,56047.04,26000.12,-0.7277014757264236,-0.6858939875998223,0.8660254037844387,-0.4999999999999998,0.4338837391175582,-0.900968867902419,0,weekday,44.375
2021-08-20,2021,8,20,232,8,4,106.99,2021-08-20 08:00:00+00:00,2021-08-20 09:00:00+00:00,64467.4325,350.695,3100.7325,15083.9375,51667.08,18535.365,-0.7393922635959241,-0.673274892250183,0.8660254037844387,-0.4999999999999998,-0.433883739117558,-0.9009688679024191,0,weekday,41.57
2021-08-21,2021,8,21,233,8,5,81.95,2021-08-21 08:00:00+00:00,2021-08-21 09:00:00+00:00,54292.985,147.9775,219.56,22048.9375,49042.18,22416.475,-0.7508642533989489,-0.6604565640279754,0.8660254037844387,-0.4999999999999998,-0.9749279121818236,-0.2225209339563146,0,weekend,41.944
2021-08-22,2021,8,22,234,8,6,76.16,2021-08-22 08:00:00+00:00,2021-08-22 09:00:00+00:00,50130.4075,2247.7650000000003,7929.29,9589.8525,43981.57,19766.9075,-0.7621140503891487,-0.6474427960827475,0.8660254037844387,-0.4999999999999998,-0.7818314824680299,0.6234898018587334,0,weekend,42.1095
2021-08-23,2021,8,23,235,8,0,106.98,2021-08-23 08:00:00+00:00,2021-08-23 09:00:00+00:00,65688.8175,1641.915,9766.535,11619.2975,54911.62,23027.7475,-0.7731383255706026,-0.6342374393978054,0.8660254037844387,-0.4999999999999998,0.0,1.0,0,weekday,42.275
2021-08-24,2021,8,24,236,8,1,101.0,2021-08-24 08:00:00+00:00,2021-08-24 09:00:00+00:00,65389.3625,238.275,5798.735,18588.6975,56811.93,24625.7075,-0.7839338166829201,-0.620844401650647,0.8660254037844387,-0.4999999999999998,0.7818314824680298,0.6234898018587336,0,weekday,43.625
2021-08-25,2021,8,25,237,8,2,84.46,2021-08-25 08:00:00+00:00,2021-08-25 09:00:00+00:00,63669.8975,4133.165,6623.3075,23239.0875,63697.34,33995.56,-0.7944973291665992,-0.6072676460566135,0.8660254037844387,-0.4999999999999998,0.9749279121818236,-0.2225209339563143,0,weekday,45.83
2021-08-26,2021,8,26,238,8,3,104.23,2021-08-26 08:00:00+00:00,2021-08-26 09:00:00+00:00,64179.405,2769.08,9907.4675,12474.565,55712.4,25151.112500000003,-0.8048257371083452,-0.593511190196115,0.8660254037844387,-0.4999999999999998,0.4338837391175582,-0.900968867902419,0,weekday,44.215
2021-08-27,2021,8,27,239,8,4,104.82,2021-08-27 08:00:00+00:00,2021-08-27 09:00:00+00:00,64884.21,5095.47,10905.6925,11965.805,59250.68,27966.9675,-0.8149159841660791,-0.5795791048257612,0.8660254037844387,-0.4999999999999998,-0.433883739117558,-0.9009688679024191,0,weekday,47.806
2021-08-28,2021,8,28,240,8,5,87.98,2021-08-28 08:00:00+00:00,2021-08-28 09:00:00+00:00,53853.5375,4440.3475,4999.412499999999,10979.3125,45901.73,20419.0725,-0.8247650844733614,-0.5654755126737576,0.8660254037844387,-0.4999999999999998,-0.9749279121818236,-0.2225209339563146,0,weekend,47.806
2021-08-29,2021,8,29,241,8,6,80.65,2021-08-29 08:00:00+00:00,2021-08-29 09:00:00+00:00,49301.985,4355.3625,6850.5875,6184.5575,41966.18,17390.5075,-0.8343701235229538,-0.5512045872199277,0.8660254037844387,-0.4999999999999998,-0.7818314824680299,0.6234898018587334,0,weekend,48.328
2021-08-30,2021,8,30,242,8,0,128.53,2021-08-30 08:00:00+00:00,2021-08-30 09:00:00+00:00,64386.8175,2092.7725,11108.9475,8077.7275,55410.39,21279.4475,-0.8437282590292712,-0.5367705514607103,0.8660254037844387,-0.4999999999999998,0.0,1.0,0,weekday,48.85
2021-08-31,2021,8,31,243,8,1,125.13,2021-08-31 08:00:00+00:00,2021-08-31 09:00:00+00:00,64868.6225,1814.9675,6600.025,13064.94,55800.01,21479.932500000003,-0.8528367217694595,-0.522177676659508,0.8660254037844387,-0.4999999999999998,0.7818314824680298,0.6234898018587336,0,weekday,48.58
2021-09-01,2021,9,1,244,8,2,116.99,2021-09-01 08:00:00+00:00,2021-09-01 09:00:00+00:00,63745.8325,165.08499999999998,1457.2575,20752.9225,57410.8,22375.265,-0.8616928164028522,-0.5074302810827518,0.8660254037844387,-0.4999999999999998,0.9749279121818236,-0.2225209339563143,0,weekday,52.25
2021-09-02,2021,9,2,245,8,3,118.92,2021-09-02 08:00:00+00:00,2021-09-02 09:00:00+00:00,64770.64,76.405,578.6625,23742.26,59368.04,24397.3275,-0.8702939222685674,-0.4925327287220543,0.8660254037844387,-0.4999999999999998,0.4338837391175582,-0.900968867902419,0,weekday,50.985
2021-09-03,2021,9,3,246,8,4,109.03,2021-09-03 08:00:00+00:00,2021-09-03 09:00:00+00:00,64245.945,1425.4025,4406.03,25192.2975,63799.48,31023.73,-0.8786374941610001,-0.4774894280028391,0.8660254037844387,-0.4999999999999998,-0.433883739117558,-0.9009688679024191,0,weekday,51.8
2021-09-04,2021,9,4,247,8,5,95.66,2021-09-04 08:00:00+00:00,2021-09-04 09:00:00+00:00,54087.385,613.9925,541.1949999999999,21628.185,51505.52,22783.3725,-0.886721063082993,-0.4623048304798108,0.8660254037844387,-0.4999999999999998,-0.9749279121818236,-0.2225209339563146,0,weekend,51.505
2021-09-05,2021,9,5,248,8,6,88.68,2021-09-05 08:00:00+00:00,2021-09-05 09:00:00+00:00,49162.0275,1117.355,2049.26,23769.855,48987.16,26936.47,-0.8945422369764496,-0.4469834295196741,0.8660254037844387,-0.4999999999999998,-0.7818314824680299,0.6234898018587334,0,weekend,52.028333333333336
2021-09-06,2021,9,6,249,8,0,128.04,2021-09-06 08:00:00+00:00,2021-09-06 09:00:00+00:00,63683.62,78.63499999999999,292.1075,24188.4025,59490.08,24559.145,-0.9020987014301836,-0.4315297589714714,0.8660254037844387,-0.4999999999999998,0.0,1.0,0,weekday,52.55166666666667
2021-09-07,2021,9,7,250,8,1,134.51,2021-09-07 08:00:00+00:00,2021-09-07 09:00:00+00:00,64582.445,338.5625,252.7,20333.932500000003,58047.4,20925.195000000003,-0.9093882203647924,-0.4159483918249421,0.8660254037844387,-0.4999999999999998,0.7818314824680298,0.6234898018587336,0,weekday,53.075
2021-09-08,2021,9,8,251,8,2,124.17,2021-09-08 08:00:00+00:00,2021-09-08 09:00:00+00:00,64796.1925,307.9925,1329.3175,24658.1175,63219.63,26295.4275,-0.9164086366943458,-0.4002439388573056,0.8660254037844387,-0.4999999999999998,0.9749279121818236,-0.2225209339563143,0,weekday,54.175
2021-09-09,2021,9,9,252,8,3,137.64,2021-09-09 08:00:00+00:00,2021-09-09 09:00:00+00:00,64905.5075,953.305,2713.02,21954.2825,63857.0,25620.6075,-0.923157872964704,-0.3844210472688554,0.8660254037844387,-0.4999999999999998,0.4338837391175582,-0.900968867902419,0,weekday,55.6
2021-09-10,2021,9,10,253,8,4,149.22,2021-09-10 08:00:00+00:00,2021-09-10 09:00:00+00:00,66181.48,477.895,2206.9075,16312.18,57307.15,18996.9825,-0.9296339319682696,-0.3684843993077793,0.8660254037844387,-0.4999999999999998,-0.433883739117558,-0.9009688679024191,0,weekday,56.0
2021-09-11,2021,9,11,254,8,5,141.32,2021-09-11 08:00:00+00:00,2021-09-11 09:00:00+00:00,54618.55,1415.31,5151.26,10662.85,49084.51,17229.42,-0.935834897334994,-0.3524387108846032,0.8660254037844387,-0.4999999999999998,-0.9749279121818236,-0.2225209339563146,0,weekend,57.916
2021-09-12,2021,9,12,255,8,6,101.92,2021-09-12 08:00:00+00:00,2021-09-12 09:00:00+00:00,50377.075,2510.8575,5028.38,15422.8075,48070.84,22962.045,-0.9417589340994617,-0.3362887301766828,0.8660254037844387,-0.4999999999999998,-0.7818314824680299,0.6234898018587334,0,weekend,58.632999999999996
2021-09-13,2021,9,13,256,8,0,147.93,2021-09-13 08:00:00+00:00,2021-09-13 09:00:00+00:00,64794.8375,1055.6125,2050.065,18328.105,60789.84,21433.7825,-0.9474042892438844,-0.3200392362231385,0.8660254037844387,-0.4999999999999998,0.0,1.0,0,weekday,59.35
2021-09-14,2021,9,14,257,8,1,152.15,2021-09-14 08:00:00+00:00,2021-09-14 09:00:00+00:00,65304.915,95.705,917.49,22675.9275,60385.36,23689.1225,-0.9527692922168512,-0.3036950375106588,0.8660254037844387,-0.4999999999999998,0.7818314824680298,0.6234898018587336,0,weekday,64.55
2021-09-15,2021,9,15,258,8,2,187.42,2021-09-15 08:00:00+00:00,2021-09-15 09:00:00+00:00,67036.7875,1500.51,4367.6825,9049.59,51889.52,14917.7825,-0.9578523554276668,-0.2872609705505963,0.8660254037844387,-0.4999999999999998,0.9749279121818236,-0.2225209339563143,0,weekday,71.925
2021-09-16,2021,9,16,259,8,3,186.68,2021-09-16 08:00:00+00:00,2021-09-16 09:00:00+00:00,66609.82,4694.3075,11044.885,8703.7575,64769.85,24442.95,-0.9626519747161488,-0.2707418984477642,0.8660254037844387,-0.4999999999999998,0.4338837391175582,-0.900968867902419,0,weekday,68.535
2021-09-17,2021,9,17,260,8,4,175.33,2021-09-17 08:00:00+00:00,2021-09-17 09:00:00+00:00,67082.265,583.3175,6811.18,13056.54,58889.44,20451.0375,-0.9671667297977312,-0.2541427094613622,0.8660254037844387,-0.4999999999999998,-0.433883739117558,-0.9009688679024191,0,weekday,66.75
2021-09-18,2021,9,18,261,8,5,132.88,2021-09-18 08:00:00+00:00,2021-09-18 09:00:00+00:00,54658.6325,907.77,2558.27,15632.7125,49534.66,19098.7525,-0.97139528468375,-0.2374683155584684,0.8660254037844387,-0.4999999999999998,-0.9749279121818236,-0.2225209339563146,0,weekend,65.103
2021-09-19,2021,9,19,262,8,6,80.17,2021-09-19 08:00:00+00:00,2021-09-19 09:00:00+00:00,50447.115000000005,3706.9225,4851.395,16526.0525,50906.81,25084.370000000003,-0.9753363880767836,-0.2207236509605022,0.8660254037844387,-0.4999999999999998,-0.7818314824680299,0.6234898018587334,0,weekend,65.41399999999999
2021-09-20,2021,9,20,263,8,0,172.67,2021-09-20 08:00:00+00:00,2021-09-20 09:00:00+00:00,65682.93,922.46,1519.505,12673.6175,53478.97,15115.5825,-0.978988873740932,-0.2039136706831147,0.8660254037844387,-0.4999999999999998,0.0,1.0,0,weekday,65.725
2021-09-21,2021,9,21,264,8,1,160.1,2021-09-21 08:00:00+00:00,2021-09-21 09:00:00+00:00,66509.63500000001,2030.6025,1833.9675,14277.6625,54891.68,18142.2325,-0.9823516608469236,-0.1870433490699165,0.8660254037844387,-0.4999999999999998,0.7818314824680298,0.6234898018587336,0,weekday,72.525
2021-09-22,2021,9,22,265,8,2,170.15,2021-09-22 08:00:00+00:00,2021-09-22 09:00:00+00:00,67085.47,1575.37,3666.49,14058.9275,57176.88,19300.7875,-0.9854237542919524,-0.1701176783204905,0.8660254037844387,-0.4999999999999998,0.9749279121818236,-0.2225209339563143,0,weekday,70.1
2021-09-23,2021,9,23,266,8,3,68.35,2021-09-23 08:00:00+00:00,2021-09-23 09:00:00+00:00,68355.81,6027.75,18860.6025,20097.5375,71367.91,44985.89,-0.9882042449941422,-0.15314166701312,0.8660254037844387,-0.4999999999999998,0.4338837391175582,-0.900968867902419,0,weekday,68.0
2021-09-24,2021,9,24,267,8,4,137.54,2021-09-24 08:00:00+00:00,2021-09-24 09:00:00+00:00,66492.5,5581.5175,12651.76,12947.9725,62433.05,31181.25,-0.9906923101615608,-0.136120338622667,0.8660254037844387,-0.4999999999999998,-0.433883739117558,-0.9009688679024191,0,weekday,68.3
2021-09-25,2021,9,25,268,8,5,109.42,2021-09-25 08:00:00+00:00,2021-09-25 09:00:00+00:00,54410.1125,1104.9725,4820.305,17034.1175,49538.36,22959.395,-0.9928872135356962,-0.1190587300340498,0.8660254037844387,-0.4999999999999998,-0.9749279121818236,-0.2225209339563146,0,weekend,70.24
2021-09-26,2021,9,26,269,8,6,112.11,2021-09-26 08:00:00+00:00,2021-09-26 09:00:00+00:00,51180.795,1442.275,2482.35,15890.955,46800.98,19815.58,-0.994788305609327,-0.1019618900517457,0.8660254037844387,-0.4999999999999998,-0.7818314824680299,0.6234898018587334,0,weekend,72.62
2021-09-27,2021,9,27,270,8,0,172.15,2021-09-27 08:00:00+00:00,2021-09-27 09:00:00+00:00,66876.04000000001,3052.04,4216.3975,12797.1425,55070.87,20065.58,-0.9963950238187232,-0.0848348779057653,0.8660254037844387,-0.4999999999999998,0.0,1.0,0,weekday,75.0
2021-09-28,2021,9,28,271,8,1,174.21,2021-09-28 08:00:00+00:00,2021-09-28 09:00:00+00:00,67488.47,1976.725,2192.2375,13402.745,55124.45,17571.7075,-0.9977068927101168,-0.0676827617545516,0.8660254037844387,-0.4999999999999998,0.7818314824680298,0.6234898018587336,0,weekday,83.0
2021-09-29,2021,9,29,272,8,2,183.59,2021-09-29 08:00:00+00:00,2021-09-29 09:00:00+00:00,67370.22,4220.047500000001,9678.7975,8277.34,58820.58,22176.185,-0.9987235240803972,-0.0505106171852228,0.8660254037844387,-0.4999999999999998,0.9749279121818236,-0.2225209339563143,0,weekday,86.5
2021-09-30,2021,9,30,273,8,3,102.05,2021-09-30 08:00:00+00:00,2021-09-30 09:00:00+00:00,67263.0675,5656.965,21161.6975,17992.502500000002,73015.08,44811.165,-0.9994446170919858,-0.0333235257116313,0.8660254037844387,-0.4999999999999998,0.4338837391175582,-0.900968867902419,0,weekday,94.92
2021-10-01,2021,10,1,274,8,4,82.57,2021-10-01 08:00:00+00:00,2021-10-01 09:00:00+00:00,67668.94,5889.3425,15067.1725,18766.8625,66524.47,39723.3775,-0.9998699583618592,-0.0161265732706577,0.8660254037844387,-0.4999999999999998,-0.433883739117558,-0.9009688679024191,0,weekday,94.665
2021-10-02,2021,10,2,275,8,5,135.58,2021-10-02 08:00:00+00:00,2021-10-02 09:00:00+00:00,57077.8325,1377.55,5929.445,12210.5725,46545.39,19517.5675,-0.9999994220246924,0.0010751512827982,0.8660254037844387,-0.4999999999999998,-0.9749279121818236,-0.2225209339563146,0,weekend,93.625
2021-10-03,2021,10,3,276,8,6,2.33,2021-10-03 08:00:00+00:00,2021-10-03 09:00:00+00:00,50103.1125,3504.525,30676.5675,10376.305,60247.87,44557.3975,-0.999832969770105,0.0182765576816912,0.8660254037844387,-0.4999999999999998,-0.7818314824680299,0.6234898018587334,1,holiday,95.0125
2021-10-04,2021,10,4,277,8,0,199.17,2021-10-04 08:00:00+00:00,2021-10-04 09:00:00+00:00,66520.30249999999,4598.785,6603.935,5743.115,52167.72,16945.835,-0.9993706508539968,0.0354725557531255,0.8660254037844387,-0.4999999999999998,0.0,1.0,0,weekday,96.4
2021-10-05,2021,10,5,278,8,1,204.04,2021-10-05 08:00:00+00:00,2021-10-05 09:00:00+00:00,67425.455,4796.2325,6118.637500000001,6011.282499999999,50072.29,16926.1525,-0.9986126020839734,0.052658056924614,0.8660254037844387,-0.4999999999999998,0.7818314824680298,0.6234898018587336,0,weekday,95.0
2021-10-06,2021,10,6,279,8,2,212.02,2021-10-06 08:00:00+00:00,2021-10-06 09:00:00+00:00,69484.30249999999,2239.12,17789.5325,9593.7975,61064.19,29622.45,-0.9975590477788612,0.0698279757298708,0.8660254037844387,-0.4999999999999998,0.9749279121818236,-0.2225209339563143,0,weekday,131.025
2021-10-07,2021,10,7,280,8,3,300.0,2021-10-07 08:00:00+00:00,2021-10-07 09:00:00+00:00,67843.58499999999,267.2825,189.46,12754.905,52479.05,13211.6475,-0.9962102997023295,0.0869772313136861,0.8660254037844387,-0.4999999999999998,0.4338837391175582,-0.900968867902419,0,weekday,89.26
2021-10-08,2021,10,8,281,8,4,230.24,2021-10-08 08:00:00+00:00,2021-10-08 09:00:00+00:00,67701.47,269.7225,2359.68,12458.3925,52865.74,15087.795,-0.9945667569706336,0.1041007489354256,0.8660254037844387,-0.4999999999999998,-0.433883739117558,-0.9009688679024191,0,weekday,95.0
2021-10-09,2021,10,9,282,8,5,124.0,2021-10-09 08:00:00+00:00,2021-10-09 09:00:00+00:00,54645.935,1008.63,4199.1325,20377.0225,51940.46,25584.785,-0.9926289059345096,0.121193461470736,0.8660254037844387,-0.4999999999999998,-0.9749279121818236,-0.2225209339563146,0,weekend,87.605
2021-10-10,2021,10,10,283,8,6,127.69,2021-10-10 08:00:00+00:00,2021-10-10 09:00:00+00:00,54807.085,362.7025,1625.9525,20048.7725,47655.21,22037.4275,-0.9903973200352558,0.1382503109109819,0.8660254037844387,-0.4999999999999998,-0.7818314824680299,0.6234898018587334,0,weekend,89.80250000000001
2021-10-11,2021,10,11,284,8,0,213.94,2021-10-11 08:00:00+00:00,2021-10-11 09:00:00+00:00,68545.2325,4853.03,6356.375,12919.3875,59246.35,24128.7925,-0.9878726596350428,0.1552662498599956,0.8660254037844387,-0.4999999999999998,0.0,1.0,0,weekday,92.0
2021-10-12,2021,10,12,285,8,1,220.0,2021-10-12 08:00:00+00:00,2021-10-12 09:00:00+00:00,69372.8925,4846.8975,11563.4125,6837.7075,62861.63,23248.0175,-0.9850556718215012,0.172236243027682,0.8660254037844387,-0.4999999999999998,0.7818314824680298,0.6234898018587336,0,weekday,86.31
2021-10-13,2021,10,13,286,8,2,211.31,2021-10-13 08:00:00+00:00,2021-10-13 09:00:00+00:00,68076.2075,2820.215,3810.2075,11220.0725,58976.75,17850.495000000003,-0.981947190186646,0.1891552687200409,0.8660254037844387,-0.4999999999999998,0.9749279121818236,-0.2225209339563143,0,weekday,91.375
2021-10-14,2021,10,14,287,8,3,222.55,2021-10-14 08:00:00+00:00,2021-10-14 09:00:00+00:00,69529.0425,4447.7,10643.93,4186.2475,60244.92,19277.8775,-0.9785481345802032,0.2060183203251708,0.8660254037844387,-0.4999999999999998,0.4338837391175582,-0.900968867902419,0,weekday,102.15
2021-10-15,2021,10,15,288,8,4,84.06,2021-10-15 08:00:00+00:00,2021-10-15 09:00:00+00:00,69353.88,6072.35,19819.9025,10088.705,66141.15,35980.957500000004,-0.9748595108374124,0.2228204077947995,0.8660254037844387,-0.4999999999999998,-0.433883739117558,-0.9009688679024191,0,weekday,104.0
2021-10-16,2021,10,16,289,8,5,194.95,2021-10-16 08:00:00+00:00,2021-10-16 09:00:00+00:00,56615.0125,2444.605,3573.8875,11668.2825,49826.11,17686.775,-0.9708824104813836,0.239556559120927,0.8660254037844387,-0.4999999999999998,-0.9749279121818236,-0.2225209339563146,0,weekend,93.65
2021-10-17,2021,10,17,290,8,6,166.76,2021-10-17 08:00:00+00:00,2021-10-17 09:00:00+00:00,52071.015,1498.075,4651.5175,9800.3275,46804.06,15949.919999999998,-0.9666180104000972,0.2562218218071163,0.8660254037844387,-0.4999999999999998,-0.7818314824680299,0.6234898018587334,0,weekend,91.5
2021-10-18,2021,10,18,291,8,0,216.0,2021-10-18 08:00:00+00:00,2021-10-18 09:00:00+00:00,68366.6675,1794.2275,5594.74,12006.945,58597.19,19395.9125,-0.9620675724981452,0.2728112643340191,0.8660254037844387,-0.4999999999999998,0.0,1.0,0,weekday,89.35
2021-10-19,2021,10,19,292,8,1,214.55,2021-10-19 08:00:00+00:00,2021-10-19 09:00:00+00:00,69900.85500000001,3991.1475,13443.78,4642.665,61786.77,22077.5925,-0.957232443323312,0.2893199776186952,0.8660254037844387,-0.4999999999999998,0.7818314824680298,0.6234898018587336,0,weekday,92.15
2021-10-20,2021,10,20,293,8,2,61.32,2021-10-20 08:00:00+00:00,2021-10-20 09:00:00+00:00,69772.4175,5733.1925,31854.565,11526.82,74995.88,49114.5775,-0.9521140536681102,0.3057430764672831,0.8660254037844387,-0.4999999999999998,0.9749279121818236,-0.2225209339563143,0,weekday,94.395
2021-10-21,2021,10,21,294,8,3,89.66,2021-10-21 08:00:00+00:00,2021-10-21 09:00:00+00:00,71784.8775,5970.1425,40358.7,6560.2475,76957.58,52889.09,-0.9467139181463862,0.3220757010206104,0.8660254037844387,-0.4999999999999998,0.4338837391175582,-0.900968867902419,0,weekday,90.645
2021-10-22,2021,10,22,295,8,4,68.56,2021-10-22 08:00:00+00:00,2021-10-22 09:00:00+00:00,73523.2,5934.2375,34379.884999999995,10086.495,76434.52,50400.6175,-0.9410336347451196,0.3383130181923076,0.8660254037844387,-0.4999999999999998,-0.433883739117558,-0.9009688679024191,0,weekday,88.61
2021-10-23,2021,10,23,296,8,5,149.99,2021-10-23 08:00:00+00:00,2021-10-23 09:00:00+00:00,56970.95,2599.3775,11329.16,11385.455,56189.97,25313.9925,-0.9350748843515574,0.3544502230989869,0.8660254037844387,-0.4999999999999998,-0.9749279121818236,-0.2225209339563146,0,weekend,87.34
2021-10-24,2021,10,24,297,8,6,82.9,2021-10-24 08:00:00+00:00,2021-10-24 09:00:00+00:00,52056.4175,4546.8825,9089.925,16023.8675,54420.9,29660.675,-0.9288394302558068,0.3704825404820963,0.8660254037844387,-0.4999999999999998,-0.7818314824680299,0.6234898018587334,0,weekend,89.17
2021-10-25,2021,10,25,298,8,0,176.08,2021-10-25 08:00:00+00:00,2021-10-25 09:00:00+00:00,68303.545,4338.2225,9327.17,12931.65,64753.11,26597.0425,-0.9223291176290545,0.3864052261209853,0.8660254037844387,-0.4999999999999998,0.0,1.0,0,weekday,91.0
2021-10-26,2021,10,26,299,8,1,219.9,2021-10-26 08:00:00+00:00,2021-10-26 09:00:00+00:00,69755.825,2663.31,11402.185,6578.9,61042.57,20644.395,-0.9155458729775467,0.4022135682368036,0.8660254037844387,-0.4999999999999998,0.7818314824680298,0.6234898018587336,0,weekday,90.15
2021-10-27,2021,10,27,300,8,2,180.0,2021-10-27 08:00:00+00:00,2021-10-27 09:00:00+00:00,70774.68,6036.665,16720.075,7723.2325,65867.95,30479.972500000003,-0.9084917035725082,0.4179028888867866,0.8660254037844387,-0.4999999999999998,0.9749279121818236,-0.2225209339563143,0,weekday,86.3
2021-10-28,2021,10,28,301,8,3,171.4,2021-10-28 08:00:00+00:00,2021-10-28 09:00:00+00:00,69690.83,5380.3975,8903.869999999999,11735.4125,62277.62,26019.68,-0.9011686968561567,0.4334685453485363,0.8660254037844387,-0.4999999999999998,0.4338837391175582,-0.900968867902419,0,weekday,78.0
2021-10-29,2021,10,29,302,8,4,106.16,2021-10-29 08:00:00+00:00,2021-10-29 09:00:00+00:00,70337.3375,5053.42,13771.7525,13049.0,63598.13,31874.1725,-0.8935790198239952,0.4489059314938798,0.8660254037844387,-0.4999999999999998,-0.433883739117558,-0.9009688679024191,0,weekday,72.62
2021-10-30,2021,10,30,303,8,5,109.03,2021-10-30 08:00:00+00:00,2021-10-30 09:00:00+00:00,58333.7075,3560.135,14720.7625,10634.19,55216.05,28915.0875,-0.8857249183835637,0.4642104791518923,0.8660254037844387,-0.4999999999999998,-0.9749279121818236,-0.2225209339563146,0,weekend,64.865
2021-10-31,2021,10,31,304,8,6,71.71,2021-10-31 08:00:00+00:00,2021-10-31 09:00:00+00:00,49509.5675,3339.505,10238.1625,10307.5825,45706.49,23885.25,-0.8776087166898392,0.4793776594606945,0.8660254037844387,-0.4999999999999998,-0.7818314824680299,0.6234898018587334,0,weekend,64.22749999999999
2021-11-01,2021,11,1,305,8,0,87.97,2021-11-01 08:00:00+00:00,2021-11-01 09:00:00+00:00,53374.3875,5278.415,18137.9275,4175.615,50793.84,27591.957500000004,-0.8692328164574792,0.4944029842076181,0.8660254037844387,-0.4999999999999998,0.0,1.0,0,weekday,63.59
2021-11-02,2021,11,2,306,8,1,228.04,2021-11-02 08:00:00+00:00,2021-11-02 09:00:00+00:00,68539.2575,1382.0225,3071.7125,6335.655000000001,53732.95,10789.39,-0.8605996962501181,0.5092820071573356,0.8660254037844387,-0.4999999999999998,0.7818314824680298,0.6234898018587336,0,weekday,65.175
2021-11-03,2021,11,3,307,8,2,219.09,2021-11-03 08:00:00+00:00,2021-11-03 09:00:00+00:00,69092.7175,747.2325000000001,3004.92,6921.525,65495.31,10673.6775,-0.8517119107469189,0.5240103253675756,0.8660254037844387,-0.4999999999999998,0.9749279121818236,-0.2225209339563143,0,weekday,73.52
2021-11-04,2021,11,4,308,8,3,203.33,2021-11-04 08:00:00+00:00,2021-11-04 09:00:00+00:00,68524.63750000001,747.9825,5757.4425,1796.7775,64100.71,8302.2025,-0.8425720899866032,0.5385835804920232,0.8660254037844387,-0.4999999999999998,0.4338837391175582,-0.900968867902419,0,weekday,77.525
2021-11-05,2021,11,5,309,8,4,200.0,2021-11-05 08:00:00+00:00,2021-11-05 09:00:00+00:00,67335.5375,3498.815,8236.03,4841.06,68631.27,16575.905000000002,-0.8331829385891785,0.5529974600700271,0.8660254037844387,-0.4999999999999998,-0.433883739117558,-0.9009688679024191,0,weekday,73.16
2021-11-06,2021,11,6,310,8,5,88.2,2021-11-06 08:00:00+00:00,2021-11-06 09:00:00+00:00,57566.4675,5542.16,17012.1875,5498.4725,64522.05,28052.82,-0.8235472349556007,0.5672476988027229,0.8660254037844387,-0.4999999999999998,-0.9749279121818236,-0.2225209339563146,0,weekend,74.025
2021-11-07,2021,11,7,311,8,6,14.43,2021-11-07 08:00:00+00:00,2021-11-07 09:00:00+00:00,52968.25,5737.6475,30215.5825,4570.695,64191.05,40523.925,-0.8136678304455991,0.5813300798152042,0.8660254037844387,-0.4999999999999998,-0.7818314824680299,0.6234898018587334,0,weekend,77.39750000000001
2021-11-08,2021,11,8,312,8,0,199.95,2021-11-08 08:00:00+00:00,2021-11-08 09:00:00+00:00,69088.5,2926.1575,9719.4025,4910.9675,69143.23,17556.5275,-0.8035476485339116,0.5952404359043674,0.8660254037844387,-0.4999999999999998,0.0,1.0,0,weekday,80.77
2021-11-09,2021,11,9,313,8,1,190.09,2021-11-09 08:00:00+00:00,2021-11-09 09:00:00+00:00,69312.0975,5420.9875,6553.4025,7311.0675,73721.18,19285.4575,-0.7931896839451843,0.6089746507720486,0.8660254037844387,-0.4999999999999998,0.7818314824680298,0.6234898018587336,0,weekday,76.5
2021-11-10,2021,11,10,314,8,2,156.06,2021-11-10 08:00:00+00:00,2021-11-10 09:00:00+00:00,69075.2875,4117.385,5027.2825,9653.6425,69239.58,18798.31,-0.7825970017677834,0.6225286602431057,0.8660254037844387,-0.4999999999999998,0.9749279121818236,-0.2225209339563143,0,weekday,66.71
2021-11-11,2021,11,11,315,8,3,215.95,2021-11-11 08:00:00+00:00,2021-11-11 09:00:00+00:00,69826.85250000001,1282.8200000000002,3499.72,7494.225,65616.35,12276.765,-0.7717727365467836,0.6358984534680745,0.8660254037844387,-0.4999999999999998,0.4338837391175582,-0.900968867902419,0,weekday,72.0
2021-11-12,2021,11,12,316,8,4,207.67,2021-11-12 08:00:00+00:00,2021-11-12 09:00:00+00:00,69177.95999999999,3643.19,3617.1525,4864.52,65327.1,12124.8625,-0.7607200913564104,0.6490800741100398,0.8660254037844387,-0.4999999999999998,-0.433883739117558,-0.9009688679024191,0,weekday,77.77
2021-11-13,2021,11,13,317,8,5,161.75,2021-11-13 08:00:00+00:00,2021-11-13 09:00:00+00:00,58179.195,586.5525,8840.85,2956.145,59596.57,12383.5475,-0.7494423368521954,0.6620696215153815,0.8660254037844387,-0.4999999999999998,-0.9749279121818236,-0.2225209339563146,0,weekend,75.675
2021-11-14,2021,11,14,318,8,6,170.07,2021-11-14 08:00:00+00:00,2021-11-14 09:00:00+00:00,54069.47,2105.7125,3213.52,3430.2225,51360.63,8749.455,-0.7379428103031386,0.6748632518680403,0.8660254037844387,-0.4999999999999998,-0.7818314824680299,0.6234898018587334,0,weekend,76.985
2021-11-15,2021,11,15,319,8,0,265.0,2021-11-15 08:00:00+00:00,2021-11-15 09:00:00+00:00,68629.95999999999,608.355,4555.52,2918.315,63588.76,8082.19,-0.7262249146041543,0.6874571793269664,0.8660254037844387,-0.4999999999999998,0.0,1.0,0,weekday,78.295
2021-11-16,2021,11,16,320,8,1,280.03,2021-11-16 08:00:00+00:00,2021-11-16 09:00:00+00:00,69057.9825,205.79,1015.69,2444.435,59341.88,3665.915,-0.7142921172691032,0.699847677146407,0.8660254037844387,-0.4999999999999998,0.7818314824680298,0.6234898018587336,0,weekday,84.38
2021-11-17,2021,11,17,321,8,2,238.8,2021-11-17 08:00:00+00:00,2021-11-17 09:00:00+00:00,67931.07250000001,4849.705,10268.62,1200.7975,71772.97,16319.1225,-0.7021479494046978,0.7120310787787131,0.8660254037844387,-0.4999999999999998,0.9749279121818236,-0.2225209339563143,0,weekday,97.99
2021-11-18,2021,11,18,322,8,3,210.02,2021-11-18 08:00:00+00:00,2021-11-18 09:00:00+00:00,69863.8,6181.055,17571.3625,3314.755,76104.96,27067.1725,-0.6897960046655887,0.7240037789593305,0.8660254037844387,-0.4999999999999998,0.4338837391175582,-0.900968867902419,0,weekday,93.6
2021-11-19,2021,11,19,323,8,4,171.0,2021-11-19 08:00:00+00:00,2021-11-19 09:00:00+00:00,70256.6075,5848.1975,23468.5925,1853.95,75986.54,31170.74,-0.6772399381909491,0.7357622347736527,0.8660254037844387,-0.4999999999999998,-0.433883739117558,-0.9009688679024191,0,weekday,91.125
2021-11-20,2021,11,20,324,8,5,144.79,2021-11-20 08:00:00+00:00,2021-11-20 09:00:00+00:00,57000.195,5540.225,14056.31,1972.755,62387.91,21569.29,-0.6644834655228552,0.7473029667054296,0.8660254037844387,-0.4999999999999998,-0.9749279121818236,-0.2225209339563146,0,weekend,87.125
2021-11-21,2021,11,21,325,8,6,124.99,2021-11-21 08:00:00+00:00,2021-11-21 09:00:00+00:00,51417.1025,5061.1325,9377.585,2518.4575,56787.48,16957.175,-0.6515303615068021,0.75862255966641,0.8660254037844387,-0.4999999999999998,-0.7818314824680299,0.6234898018587334,0,weekend,85.6875
2021-11-22,2021,11,22,326,8,0,298.22,2021-11-22 08:00:00+00:00,2021-11-22 09:00:00+00:00,68002.3275,1785.0625,6406.547500000001,3461.3675000000003,68413.82,11652.9775,-0.6383844591746642,0.7697176640069211,0.8660254037844387,-0.4999999999999998,0.0,1.0,0,weekday,84.25
2021-11-23,2021,11,23,327,8,1,278.99,2021-11-23 08:00:00+00:00,2021-11-23 09:00:00+00:00,69067.9425,3572.77,7953.615,4343.035,73728.47,15869.42,-0.6250496486104377,0.7805849965070866,0.8660254037844387,-0.4999999999999998,0.7818314824680298,0.6234898018587336,0,weekday,86.95
2021-11-24,2021,11,24,328,8,2,330.02,2021-11-24 08:00:00+00:00,2021-11-24 09:00:00+00:00,70299.7,2478.495,4214.5525,3196.7775,68293.63,9889.825,-0.6115298757991053,0.7912213413483807,0.8660254037844387,-0.4999999999999998,0.9749279121818236,-0.2225209339563143,0,weekday,93.85
2021-11-25,2021,11,25,329,8,3,310.0,2021-11-25 08:00:00+00:00,2021-11-25 09:00:00+00:00,70864.09,5029.4225,5094.1975,2836.21,71944.11,12959.829999999998,-0.5978291414589552,0.801623551065242,0.8660254037844387,-0.4999999999999998,0.4338837391175582,-0.900968867902419,0,weekday,93.985
2021-11-26,2021,11,26,330,8,4,282.56,2021-11-26 08:00:00+00:00,2021-11-26 09:00:00+00:00,69171.485,4933.1225,8809.3475,2233.7425000000003,74063.77,15976.2125,-0.5839514998576998,0.8117885474764613,0.8660254037844387,-0.4999999999999998,-0.433883739117558,-0.9009688679024191,0,weekday,92.45
2021-11-27,2021,11,27,331,8,5,219.09,2021-11-27 08:00:00+00:00,2021-11-27 09:00:00+00:00,60641.1725,2780.4825,8625.619999999999,1794.9625,63948.62,13201.065,-0.5699010576127624,0.8217133225960589,0.8660254037844387,-0.4999999999999998,-0.9749279121818236,-0.2225209339563146,0,weekend,87.772
2021-11-28,2021,11,28,332,8,6,199.99,2021-11-28 08:00:00+00:00,2021-11-28 09:00:00+00:00,53187.3275,3309.0575,1910.32,2277.905,53835.71,7497.282499999999,-0.5556819724760489,0.8313949395234058,0.8660254037844387,-0.4999999999999998,-0.7818314824680299,0.6234898018587334,0,weekend,91.011
2021-11-29,2021,11,29,333,8,0,320.09,2021-11-29 08:00:00+00:00,2021-11-29 09:00:00+00:00,70593.625,4099.84,6799.075,2086.0725,71425.27,12984.9875,-0.5412984521036173,0.8408305333122887,0.8660254037844387,-0.4999999999999998,0.0,1.0,0,weekday,94.25
2021-11-30,2021,11,30,334,8,1,94.65,2021-11-30 08:00:00+00:00,2021-11-30 09:00:00+00:00,72750.6275,5925.2725,37529.2325,659.9475,82782.8,44114.4525,-0.5267547528105542,0.8500173118187018,0.8660254037844387,-0.4999999999999998,0.7818314824680298,0.6234898018587336,0,weekday,98.0
2021-12-01,2021,12,1,335,8,2,94.3,2021-12-01 08:00:00+00:00,2021-12-01 09:00:00+00:00,72523.1525,5715.6575,38764.79,1337.9675,80710.11,45818.415,-0.5120551783114646,0.8589525565270845,0.8660254037844387,-0.4999999999999998,0.9749279121818236,-0.2225209339563143,0,weekday,92.6
2021-12-02,2021,12,2,336,8,3,233.75,2021-12-02 08:00:00+00:00,2021-12-02 09:00:00+00:00,76182.865,3684.53,16730.26,3150.855,74784.74,23565.645,-0.4972040784469378,0.8676336233547726,0.8660254037844387,-0.4999999999999998,0.4338837391175582,-0.900968867902419,0,weekday,91.6
2021-12-03,2021,12,3,337,8,4,217.52,2021-12-03 08:00:00+00:00,2021-12-03 09:00:00+00:00,75634.6925,5808.08,22637.42,3506.51,77967.18,31952.01,-0.4822058478963526,0.8760579434344281,0.8660254037844387,-0.4999999999999998,-0.433883739117558,-0.9009688679024191,0,weekday,91.59
2021-12-04,2021,12,4,338,8,5,235.01,2021-12-04 08:00:00+00:00,2021-12-04 09:00:00+00:00,60554.1325,845.14,8146.545,674.9675,56550.74,9666.6525,-0.4670649248774303,0.8842230238742036,0.8660254037844387,-0.4999999999999998,-0.9749279121818236,-0.2225209339563146,0,weekend,89.48
2021-12-05,2021,12,5,339,8,6,121.43,2021-12-05 08:00:00+00:00,2021-12-05 09:00:00+00:00,54688.445,6080.175,10274.24,2049.105,59664.01,18403.52,-0.451785789832884,0.8921264484954345,0.8660254037844387,-0.4999999999999998,-0.7818314824680299,0.6234898018587334,0,weekend,88.03999999999999
2021-12-06,2021,12,6,340,8,0,363.67,2021-12-06 08:00:00+00:00,2021-12-06 09:00:00+00:00,71231.5025,4364.625,3187.51,1790.0075,69440.12,9342.1425,-0.4363729641045924,0.8997658785476209,0.8660254037844387,-0.4999999999999998,0.0,1.0,0,weekday,86.6
2021-12-07,2021,12,7,341,8,1,294.99,2021-12-07 08:00:00+00:00,2021-12-07 09:00:00+00:00,73104.675,2483.9875,14027.8675,1710.755,78080.07,18222.61,-0.4208310085956556,0.9071390534005044,0.8660254037844387,-0.4999999999999998,0.7818314824680298,0.6234898018587336,0,weekday,95.0
2021-12-08,2021,12,8,342,8,2,222.92,2021-12-08 08:00:00+00:00,2021-12-08 09:00:00+00:00,73226.4675,6280.0925,20257.95,851.35,76917.33,27389.3925,-0.4051645224207563,0.9142437912130223,0.8660254037844387,-0.4999999999999998,0.9749279121818236,-0.2225209339563143,0,weekday,98.6
2021-12-09,2021,12,9,343,8,3,346.2,2021-12-09 08:00:00+00:00,2021-12-09 09:00:00+00:00,73653.61,3231.12,6205.9925,1004.475,70068.91,10441.5875,-0.3893781415452015,0.9210779895789526,0.8660254037844387,-0.4999999999999998,0.4338837391175582,-0.900968867902419,0,weekday,98.5
2021-12-10,2021,12,10,344,8,4,290.81,2021-12-10 08:00:00+00:00,2021-12-10 09:00:00+00:00,74685.6875,3345.37,9608.6425,1912.3525,70664.56,14866.365000000002,-0.3734765374130707,0.9276396261490468,0.8660254037844387,-0.4999999999999998,-0.433883739117558,-0.9009688679024191,0,weekday,101.605
2021-12-11,2021,12,11,345,8,5,294.98,2021-12-11 08:00:00+00:00,2021-12-11 09:00:00+00:00,59800.47,1276.245,3370.645,1248.3725,56715.74,5895.262499999999,-0.3574644155648614,0.9339267592294762,0.8660254037844387,-0.4999999999999998,-0.9749279121818236,-0.2225209339563146,0,weekend,105.775
2021-12-12,2021,12,12,346,8,6,136.19,2021-12-12 08:00:00+00:00,2021-12-12 09:00:00+00:00,54881.5575,4479.9875,17278.875,1077.3575,58114.96,22836.22,-0.3413465142450361,0.9399375283564132,0.8660254037844387,-0.4999999999999998,-0.7818314824680299,0.6234898018587334,0,weekend,110.5875
2021-12-13,2021,12,13,347,8,0,333.19,2021-12-13 08:00:00+00:00,2021-12-13 09:00:00+00:00,70577.1075,4400.3225,6193.365,630.825,69005.45,11224.5125,-0.3251276029999093,0.9456701548465688,0.8660254037844387,-0.4999999999999998,0.0,1.0,0,weekday,115.4
2021-12-14,2021,12,14,348,8,1,364.12,2021-12-14 08:00:00+00:00,2021-12-14 09:00:00+00:00,71517.87,1389.2775,9416.5225,962.3175,69323.88,11768.117499999998,-0.3088124812662537,0.9511229423235356,0.8660254037844387,-0.4999999999999998,0.7818314824680298,0.6234898018587336,0,weekday,118.95
2021-12-15,2021,12,15,349,8,2,330.09,2021-12-15 08:00:00+00:00,2021-12-15 09:00:00+00:00,70648.85,5486.17,11039.78,1159.115,71335.42,17685.065000000002,-0.2924059769510773,0.956294277219772,0.8660254037844387,-0.4999999999999998,0.9749279121818236,-0.2225209339563143,0,weekday,131.1
2021-12-16,2021,12,16,350,8,3,416.8,2021-12-16 08:00:00+00:00,2021-12-16 09:00:00+00:00,68484.205,1245.8425,5634.2875,941.26,62883.72,7821.39,-0.2759129450029604,0.9611826292540836,0.8660254037844387,-0.4999999999999998,0.4338837391175582,-0.900968867902419,0,weekday,128.71
2021-12-17,2021,12,17,351,8,4,403.92,2021-12-17 08:00:00+00:00,2021-12-17 09:00:00+00:00,69270.6775,1070.9725,5080.005,1598.63,65281.43,7749.6075,-0.2593382659754056,0.9657865518844574,0.8660254037844387,-0.4999999999999998,-0.433883739117558,-0.9009688679024191,0,weekday,124.5
2021-12-18,2021,12,18,352,8,5,335.28,2021-12-18 08:00:00+00:00,2021-12-18 09:00:00+00:00,57096.6175,2551.86,6460.639999999999,1042.6575,57886.48,10055.1575,-0.2426868445825954,0.9701046827361176,0.8660254037844387,-0.4999999999999998,-0.9749279121818236,-0.2225209339563146,0,weekend,136.915
2021-12-19,2021,12,19,353,8,6,86.03,2021-12-19 08:00:00+00:00,2021-12-19 09:00:00+00:00,53639.43,5759.105,25051.605,1022.345,65252.42,31833.055,-0.225963608248019,0.974135744004672,0.8660254037844387,-0.4999999999999998,-0.7818314824680299,0.6234898018587334,0,weekend,138.8675
2021-12-20,2021,12,20,354,8,0,410.03,2021-12-20 08:00:00+00:00,2021-12-20 09:00:00+00:00,67106.285,737.855,6447.8150000000005,3473.8775,66051.78,10659.5475,-0.2091735056463563,0.9778785428342386,0.8660254037844387,-0.4999999999999998,0.0,1.0,0,weekday,140.82
2021-12-21,2021,12,21,355,8,1,513.58,2021-12-21 08:00:00+00:00,2021-12-21 09:00:00+00:00,67821.0975,420.995,1415.27,3422.1275,65916.28,5258.3925,-0.1923215052390948,0.9813319716704276,0.8660254037844387,-0.4999999999999998,0.7818314824680298,0.6234898018587336,0,weekday,157.7
2021-12-22,2021,12,22,356,8,2,506.93,2021-12-22 08:00:00+00:00,2021-12-22 09:00:00+00:00,66907.1075,1173.9325,4041.1525,3888.0925,66610.61,9103.1775,-0.1754125938042784,0.9844950085880858,0.8660254037844387,-0.4999999999999998,0.9749279121818236,-0.2225209339563143,0,weekday,174.3
2021-12-23,2021,12,23,357,8,3,420.4,2021-12-23 08:00:00+00:00,2021-12-23 09:00:00+00:00,65603.17,3167.7875,10437.16,1813.9325,68543.47,15418.88,-0.1584517749608363,0.9873667175937016,0.8660254037844387,-0.4999999999999998,0.4338837391175582,-0.900968867902419,0,weekday,158.3
2021-12-24,2021,12,24,358,8,4,201.81,2021-12-24 08:00:00+00:00,2021-12-24 09:00:00+00:00,56329.1375,1517.02,19386.5175,669.4825,62529.2,21573.02,-0.141444067687942,0.989946248902378,0.8660254037844387,-0.4999999999999998,-0.433883739117558,-0.9009688679024191,0,weekday,132.58
2021-12-25,2021,12,25,359,8,5,206.55,2021-12-25 08:00:00+00:00,2021-12-25 09:00:00+00:00,47731.4475,1633.285,7789.3925,1741.22,47284.39,11163.8975,-0.1243945048397999,0.9922328391893008,0.8660254037844387,-0.4999999999999998,-0.9749279121818236,-0.2225209339563146,1,holiday,121.72000000000001
2021-12-26,2021,12,26,360,8,6,185.94,2021-12-26 08:00:00+00:00,2021-12-26 09:00:00+00:00,46210.1275,3329.765,9892.505,2262.0225,49680.11,15484.2925,-0.1073081316563624,0.994225811815616,0.8660254037844387,-0.4999999999999998,-0.7818314824680299,0.6234898018587334,1,holiday,110.86
2021-12-27,2021,12,27,361,8,0,198.17,2021-12-27 08:00:00+00:00,2021-12-27 09:00:00+00:00,63413.2025,4665.18,15323.8425,1755.5,63279.18,21744.5225,-0.0901900042703451,0.99592457702866,0.8660254037844387,-0.4999999999999998,0.0,1.0,0,weekday,100.0
2021-12-28,2021,12,28,362,8,1,142.96,2021-12-28 08:00:00+00:00,2021-12-28 09:00:00+00:00,64496.36,4431.945,21864.615,862.87,68753.36,27159.43,-0.0730451882110474,0.9973286321364752,0.8660254037844387,-0.4999999999999998,0.7818314824680298,0.6234898018587336,0,weekday,106.59
2021-12-29,2021,12,29,363,8,2,203.45,2021-12-29 08:00:00+00:00,2021-12-29 09:00:00+00:00,63847.8475,233.3425,11213.2125,813.5725,59551.71,12260.1275,-0.0558787569053731,0.9984375616565666,0.8660254037844387,-0.4999999999999998,0.9749279121818236,-0.2225209339563143,0,weekday,99.0
2021-12-30,2021,12,30,364,8,3,93.6,2021-12-30 08:00:00+00:00,2021-12-30 09:00:00+00:00,64057.61,5266.42,24045.3075,703.8175,65345.54,30015.545,-0.0386957901765268,0.999251037438848,0.8660254037844387,-0.4999999999999998,0.4338837391175582,-0.900968867902419,0,weekday,94.35
2021-12-31,2021,12,31,365,8,4,0.91,2021-12-31 08:00:00+00:00,2021-12-31 09:00:00+00:00,54298.4975,6156.43,29031.4425,1966.3675,66936.98,37154.24,-0.0215013727408137,0.999768818762748,0.8660254037844387,-0.4999999999999998,-0.433883739117558,-0.9009688679024191,0,weekday,82.0
2022-01-01,2022,1,1,1,8,5,70.05,2022-01-01 08:00:00+00:00,2022-01-01 09:00:00+00:00,42681.695,3711.5225,15467.2625,2031.7625,44961.41,21210.5475,0.0,1.0,0.8660254037844387,-0.4999999999999998,-0.9749279121818236,-0.2225209339563146,1,holiday,70.345
2022-01-02,2022,1,2,2,8,6,60.01,2022-01-02 08:00:00+00:00,2022-01-02 09:00:00+00:00,50976.6425,5063.4775,21134.0825,1689.0,53243.13,27886.56,0.0172015754182605,0.9998520419557736,0.8660254037844387,-0.4999999999999998,-0.7818314824680299,0.6234898018587334,0,weekend,75.39
2022-01-03,2022,1,3,3,8,0,110.17,2022-01-03 08:00:00+00:00,2022-01-03 09:00:00+00:00,65518.0225,6193.5725,34566.582500000004,1537.7675,77051.06,42297.92250000001,0.034398060613608,0.9994082116062598,0.8660254037844387,-0.4999999999999998,0.0,1.0,0,weekday,80.435
2022-01-04,2022,1,4,4,8,1,190.0,2022-01-04 08:00:00+00:00,2022-01-04 09:00:00+00:00,68162.11,1838.9675,9488.275,602.1975,63286.03,11929.44,0.0515843668694083,0.9986686402879996,0.8660254037844387,-0.4999999999999998,0.7818314824680298,0.6234898018587336,0,weekday,85.0
2022-01-05,2022,1,5,5,8,2,113.37,2022-01-05 08:00:00+00:00,2022-01-05 09:00:00+00:00,70920.3425,6399.9275,33215.4075,1838.3925,78665.95,41453.7275,0.0687554084811394,0.9976335468520452,0.8660254037844387,-0.4999999999999998,0.9749279121818236,-0.2225209339563143,0,weekday,95.7
2022-01-06,2022,1,6,6,8,3,212.9,2022-01-06 08:00:00+00:00,2022-01-06 09:00:00+00:00,65078.97,1801.0775,9930.5975,3192.9275,63357.58,14924.6025,0.0859061042613327,0.9963032375991964,0.8660254037844387,-0.4999999999999998,0.4338837391175582,-0.900968867902419,0,weekday,95.265
2022-01-07,2022,1,7,7,8,4,161.85,2022-01-07 08:00:00+00:00,2022-01-07 09:00:00+00:00,68724.7925,6260.389999999999,25782.1625,1585.8075,78137.5,33628.36,0.1030313790431787,0.9946781061893646,0.8660254037844387,-0.4999999999999998,-0.433883739117558,-0.9009688679024191,0,weekday,95.8
2022-01-08,2022,1,8,8,8,5,231.0,2022-01-08 08:00:00+00:00,2022-01-08 09:00:00+00:00,58811.1025,2985.335,13725.0625,1452.2625,60690.01,18162.66,0.1201261651823505,0.9927586335250792,0.8660254037844387,-0.4999999999999998,-0.9749279121818236,-0.2225209339563146,0,weekend,88.175
2022-01-09,2022,1,9,9,8,6,119.97,2022-01-09 08:00:00+00:00,2022-01-09 09:00:00+00:00,53564.2775,5709.5675,23021.7175,741.55,62056.15,29472.835,0.1371854040566005,0.9905453876091832,0.8660254037844387,-0.4999999999999998,-0.7818314824680299,0.6234898018587334,0,weekend,87.3375
2022-01-10,2022,1,10,10,8,0,315.0,2022-01-10 08:00:00+00:00,2022-01-10 09:00:00+00:00,69863.81,584.9575,2513.85,1560.86,57916.66,4659.6675,0.1542040475626894,0.988039023376751,0.8660254037844387,-0.4999999999999998,0.0,1.0,0,weekday,86.5
2022-01-11,2022,1,11,11,8,1,297.16,2022-01-11 08:00:00+00:00,2022-01-11 09:00:00+00:00,70960.11499999999,4553.675,2840.0425,2266.475,64193.71,9660.1925,0.1711770596101998,0.985240282501282,0.8660254037844387,-0.4999999999999998,0.7818314824680298,0.6234898018587336,0,weekday,81.225
2022-01-12,2022,1,12,12,8,2,292.74,2022-01-12 08:00:00+00:00,2022-01-12 09:00:00+00:00,69801.97,1595.765,3409.0075,2098.54,63260.92,7103.3125,0.1880994176117975,0.9821499931752292,0.8660254037844387,-0.4999999999999998,0.9749279121818236,-0.2225209339563143,0,weekday,82.25
2022-01-13,2022,1,13,13,8,3,219.99,2022-01-13 08:00:00+00:00,2022-01-13 09:00:00+00:00,70594.1425,4947.835,17556.96,2589.4625,76247.9,25094.2575,0.2049661139694953,0.9787690698649216,0.8660254037844387,-0.4999999999999998,0.4338837391175582,-0.900968867902419,0,weekday,72.0
2022-01-14,2022,1,14,14,8,4,196.91,2022-01-14 08:00:00+00:00,2022-01-14 09:00:00+00:00,69208.2025,4769.5025000000005,18499.1475,3626.68,76865.12,26895.33,0.2217721575564818,0.975098513039961,0.8660254037844387,-0.4999999999999998,-0.433883739117558,-0.9009688679024191,0,weekday,89.0
2022-01-15,2022,1,15,15,8,5,230.0,2022-01-15 08:00:00+00:00,2022-01-15 09:00:00+00:00,59106.3725,518.9075,2549.415,2619.735,54205.79,5688.057500000001,0.2385125751940764,0.9711394088771652,0.8660254037844387,-0.4999999999999998,-0.9749279121818236,-0.2225209339563146,0,weekend,86.97
2022-01-16,2022,1,16,16,8,6,129.46,2022-01-16 08:00:00+00:00,2022-01-16 09:00:00+00:00,57515.5925,5381.355,16148.1225,1990.5625,59414.8,23520.04,0.2551824131233728,0.966892928939152,0.8660254037844387,-0.4999999999999998,-0.7818314824680299,0.6234898018587334,0,weekend,85.73833333333333
2022-01-17,2022,1,17,17,8,0,100.9,2022-01-17 08:00:00+00:00,2022-01-17 09:00:00+00:00,69765.505,5909.0575,35443.1675,1188.655,83614.94,42540.880000000005,0.2717767384711357,0.9623603298276544,0.8660254037844387,-0.4999999999999998,0.0,1.0,0,weekday,84.50666666666667
2022-01-18,2022,1,18,18,8,1,290.64,2022-01-18 08:00:00+00:00,2022-01-18 09:00:00+00:00,69595.4825,861.6775,4770.2725,1911.56,65470.84,7543.51,0.2882906407095177,0.957542952811672,0.8660254037844387,-0.4999999999999998,0.7818314824680298,0.6234898018587336,0,weekday,83.275
2022-01-19,2022,1,19,19,8,2,252.67,2022-01-19 08:00:00+00:00,2022-01-19 09:00:00+00:00,74482.18,6607.69,13039.91,3003.36,76405.88,22650.96,0.3047192331091634,0.9524422234305676,0.8660254037844387,-0.4999999999999998,0.9749279121818236,-0.2225209339563143,0,weekday,73.95
2022-01-20,2022,1,20,20,8,3,130.27,2022-01-20 08:00:00+00:00,2022-01-20 09:00:00+00:00,69075.1375,5754.1275,32921.6925,2411.2475,81174.74,41087.0675,0.321057654185271,0.9470596510722284,0.8660254037844387,-0.4999999999999998,0.4338837391175582,-0.900968867902419,0,weekday,71.0
2022-01-21,2022,1,21,21,8,4,215.79,2022-01-21 08:00:00+00:00,2022-01-21 09:00:00+00:00,71287.19,5643.9475,17678.4925,3013.41,75737.2,26335.85,0.3373010691361842,0.9413968285264122,0.8660254037844387,-0.4999999999999998,-0.433883739117558,-0.9009688679024191,0,weekday,74.765
2022-01-22,2022,1,22,22,8,5,207.46,2022-01-22 08:00:00+00:00,2022-01-22 09:00:00+00:00,58786.52,3203.4,10703.0775,884.3,62085.62,14790.777499999998,0.3534446712740877,0.9354554315134164,0.8660254037844387,-0.4999999999999998,-0.9749279121818236,-0.2225209339563146,0,weekend,78.98
2022-01-23,2022,1,23,23,8,6,195.31,2022-01-23 08:00:00+00:00,2022-01-23 09:00:00+00:00,53801.98,1467.4525,5183.9825,1081.075,52207.04,7732.51,0.3694836834473831,0.9292372181882051,0.8660254037844387,-0.4999999999999998,-0.7818314824680299,0.6234898018587334,0,weekend,83.7925
2022-01-24,2022,1,24,24,8,0,299.39,2022-01-24 08:00:00+00:00,2022-01-24 09:00:00+00:00,73591.2075,2396.85,3687.285,2064.965,64179.41,8149.1,0.3854133594543256,0.9227440286201428,0.8660254037844387,-0.4999999999999998,0.0,1.0,0,weekday,88.605
2022-01-25,2022,1,25,25,8,1,399.01,2022-01-25 08:00:00+00:00,2022-01-25 09:00:00+00:00,74597.195,1299.9825,3760.7325,1980.1325,64052.37,7040.8475,0.4012289854475009,0.9159777842484876,0.8660254037844387,-0.4999999999999998,0.7818314824680298,0.6234898018587336,0,weekday,92.385
2022-01-26,2022,1,26,26,8,2,312.69,2022-01-26 08:00:00+00:00,2022-01-26 09:00:00+00:00,69343.305,4682.75,11577.8325,1860.3875,71877.95,18120.97,0.4169258813287287,0.908940487313808,0.8660254037844387,-0.4999999999999998,0.9749279121818236,-0.2225209339563143,0,weekday,89.395
2022-01-27,2022,1,27,27,8,3,128.79,2022-01-27 08:00:00+00:00,2022-01-27 09:00:00+00:00,70512.97,5915.5875,35643.0425,2337.51,80501.68,43896.14000000001,0.4324994021339788,0.901634220265486,0.8660254037844387,-0.4999999999999998,0.4338837391175582,-0.900968867902419,0,weekday,92.25
2022-01-28,2022,1,28,28,8,4,198.05,2022-01-28 08:00:00+00:00,2022-01-28 09:00:00+00:00,70532.8775,5356.7275,27563.76,4083.58,80658.52,37004.0675,0.4479449394078911,0.8940611451454876,0.8660254037844387,-0.4999999999999998,-0.433883739117558,-0.9009688679024191,0,weekday,92.062
2022-01-29,2022,1,29,29,8,5,101.13,2022-01-29 08:00:00+00:00,2022-01-29 09:00:00+00:00,60384.705,6126.5025000000005,35316.7625,1024.6875,71465.44,42467.9525,0.4632579225674917,0.88622350294858,0.8660254037844387,-0.4999999999999998,-0.9749279121818236,-0.2225209339563146,0,weekend,92.062
2022-01-30,2022,1,30,30,8,6,11.98,2022-01-30 08:00:00+00:00,2022-01-30 09:00:00+00:00,52002.9275,5605.6,35530.445,5153.215,66531.73,46289.26,0.4784338202547012,0.8781236129591848,0.8660254037844387,-0.4999999999999998,-0.7818314824680299,0.6234898018587334,0,weekend,88.45599999999999
2022-01-31,2022,1,31,31,8,0,251.92,2022-01-31 08:00:00+00:00,2022-01-31 09:00:00+00:00,68709.7625,1699.775,21236.405,1144.2075,72049.35,24080.3875,0.4934681416772373,0.8697638720650646,0.8660254037844387,-0.4999999999999998,0.0,1.0,0,weekday,84.85
2022-02-01,2022,2,1,32,8,1,213.0,2022-02-01 08:00:00+00:00,2022-02-01 09:00:00+00:00,69424.45749999999,6229.08,26597.8825,1352.405,81462.02,34179.3675,0.5083564379375122,0.8611467540480452,0.8660254037844387,-0.4999999999999998,0.7818314824680298,0.6234898018587336,0,weekday,78.3
2022-02-02,2022,2,2,33,8,2,136.14,2022-02-02 08:00:00+00:00,2022-02-02 09:00:00+00:00,71267.0725,5214.6025,34319.8325,2477.665,82886.87,42012.1,0.5230943033491326,0.8522748088519838,0.8660254037844387,-0.4999999999999998,0.9749279121818236,-0.2225209339563143,0,weekday,77.15
2022-02-03,2022,2,3,34,8,3,223.33,2022-02-03 08:00:00+00:00,2022-02-03 09:00:00+00:00,68499.63249999999,4506.4175,16162.3975,1581.67,73132.05,22250.485,0.5376773767406141,0.8431506618282,0.8660254037844387,-0.4999999999999998,0.4338837391175582,-0.900968867902419,0,weekday,79.6
2022-02-04,2022,2,4,35,8,4,169.66,2022-02-04 08:00:00+00:00,2022-02-04 09:00:00+00:00,70495.5275,5676.19,23835.5075,1936.6575000000005,77665.18,31448.355,0.5521013427459208,0.8337770129585915,0.8660254037844387,-0.4999999999999998,-0.433883739117558,-0.9009688679024191,0,weekday,81.47
2022-02-05,2022,2,5,36,8,5,135.14,2022-02-05 08:00:00+00:00,2022-02-05 09:00:00+00:00,60731.4725,6598.265,28695.345,5619.6925,72120.47,40913.3025,0.5663619330814524,0.8241566360566663,0.8660254037844387,-0.4999999999999998,-0.9749279121818236,-0.2225209339563146,0,weekend,82.65
2022-02-06,2022,2,6,37,8,6,12.36,2022-02-06 08:00:00+00:00,2022-02-06 09:00:00+00:00,56680.0475,5993.9925,37800.76,1560.095,69065.18,45354.8475,0.580454927809098,0.8142923779467267,0.8660254037844387,-0.4999999999999998,-0.7818314824680299,0.6234898018587334,0,weekend,80.725
2022-02-07,2022,2,7,38,8,0,127.26,2022-02-07 08:00:00+00:00,2022-02-07 09:00:00+00:00,70133.3075,5456.1475,34373.65,5669.055,82513.96,45498.8525,0.5943761565849831,0.804187157621448,0.8660254037844387,-0.4999999999999998,0.0,1.0,0,weekday,78.8
2022-02-08,2022,2,8,39,8,1,131.13,2022-02-08 08:00:00+00:00,2022-02-08 09:00:00+00:00,71275.3675,5805.6175,33501.94,1920.1175,81975.69,41227.675,0.6081214998935418,0.7938439653781019,0.8660254037844387,-0.4999999999999998,0.7818314824680298,0.6234898018587336,0,weekday,81.48
2022-02-09,2022,2,9,40,8,2,179.5,2022-02-09 08:00:00+00:00,2022-02-09 09:00:00+00:00,72257.4525,5794.43,26078.23,4480.4475,80698.38,36353.1075,0.6216868902665479,0.7832658619336791,0.8660254037844387,-0.4999999999999998,0.9749279121818236,-0.2225209339563143,0,weekday,76.695
2022-02-10,2022,2,10,41,8,3,225.56,2022-02-10 08:00:00+00:00,2022-02-10 09:00:00+00:00,72443.0125,3212.255,12827.175,6971.0625,73518.17,23010.4925,0.6350683134867438,0.7724559775191742,0.8660254037844387,-0.4999999999999998,0.4338837391175582,-0.900968867902419,0,weekday,74.03
2022-02-11,2022,2,11,42,8,4,179.53,2022-02-11 08:00:00+00:00,2022-02-11 09:00:00+00:00,71371.96,5486.53,16804.09,4278.695,75722.15,26569.315,0.6482618097757122,0.7614175109532997,0.8660254037844387,-0.4999999999999998,-0.433883739117558,-0.9009688679024191,0,weekday,73.415
2022-02-12,2022,2,12,43,8,5,121.8,2022-02-12 08:00:00+00:00,2022-02-12 09:00:00+00:00,60562.235,5777.4775,10505.275,9881.7225,64556.04,26164.475,0.6612634749656386,0.7501537286959042,0.8660254037844387,-0.4999999999999998,-0.9749279121818236,-0.2225209339563146,0,weekend,77.425
2022-02-13,2022,2,13,44,8,6,60.0,2022-02-13 08:00:00+00:00,2022-02-13 09:00:00+00:00,55823.3275,5896.69,20300.535,12903.43,65848.31,39100.655,0.6740694616546161,0.7386679638813748,0.8660254037844387,-0.4999999999999998,-0.7818314824680299,0.6234898018587334,0,weekend,80.51249999999999
2022-02-14,2022,2,14,45,8,0,98.58,2022-02-14 08:00:00+00:00,2022-02-14 09:00:00+00:00,71281.365,5685.67,31987.055,9546.405,82400.72,47219.13,0.6866759803451553,0.726963615332308,0.8660254037844387,-0.4999999999999998,0.0,1.0,0,weekday,83.6
2022-02-15,2022,2,15,46,8,1,240.0,2022-02-15 08:00:00+00:00,2022-02-15 09:00:00+00:00,72058.8175,3565.2275,16240.9075,3587.74,70565.26,23393.875,0.6990793005655562,0.7150441465537444,0.8660254037844387,-0.4999999999999998,0.7818314824680298,0.6234898018587336,0,weekday,76.06
2022-02-16,2022,2,16,47,8,2,174.52,2022-02-16 08:00:00+00:00,2022-02-16 09:00:00+00:00,74183.12,5561.895,30933.385,2011.9275,79092.34,38507.2075,0.7112757519738152,0.7029130847082615,0.8660254037844387,-0.4999999999999998,0.9749279121818236,-0.2225209339563143,0,weekday,69.095
2022-02-17,2022,2,17,48,8,3,102.55,2022-02-17 08:00:00+00:00,2022-02-17 09:00:00+00:00,72016.2075,5102.7625,39585.78,6218.7475,85098.96,50907.28999999999,0.7232617254437388,0.6905740195722293,0.8660254037844387,-0.4999999999999998,0.4338837391175582,-0.900968867902419,0,weekday,73.35
2022-02-18,2022,2,18,49,8,4,173.24,2022-02-18 08:00:00+00:00,2022-02-18 09:00:00+00:00,72318.9025,5364.07,19929.3975,4453.889999999999,72854.46,29747.3575,0.7350336741329413,0.6780306024735382,0.8660254037844387,-0.4999999999999998,-0.433883739117558,-0.9009688679024191,0,weekday,72.975
2022-02-19,2022,2,19,50,8,5,1.94,2022-02-19 08:00:00+00:00,2022-02-19 09:00:00+00:00,60458.23,5427.5825,37343.87,10240.0075,77567.87,53011.46,0.746588114532413,0.6652865452111116,0.8660254037844387,-0.4999999999999998,-0.9749279121818236,-0.2225209339563146,0,weekend,73.76
2022-02-20,2022,2,20,51,8,6,95.06,2022-02-20 08:00:00+00:00,2022-02-20 09:00:00+00:00,56512.8425,5446.827499999999,26882.2675,3113.96,64906.46,35443.055,0.7579216274973472,0.6523456189565257,0.8660254037844387,-0.4999999999999998,-0.7818314824680299,0.6234898018587334,0,weekend,73.015
2022-02-21,2022,2,21,52,8,0,88.28,2022-02-21 08:00:00+00:00,2022-02-21 09:00:00+00:00,73662.07250000001,5392.325,38904.1825,7768.455,85743.2,52064.9625,0.7690308592589181,0.6392116531380588,0.8660254037844387,-0.4999999999999998,0.0,1.0,0,weekday,72.27000000000001
2022-02-22,2022,2,22,53,8,1,180.27,2022-02-22 08:00:00+00:00,2022-02-22 09:00:00+00:00,72522.2,3077.625,22209.95,8034.055,76462.19,33321.630000000005,0.7799125224167177,0.6258885343075018,0.8660254037844387,-0.4999999999999998,0.7818314824680298,0.6234898018587336,0,weekday,71.525
2022-02-23,2022,2,23,54,8,2,126.44,2022-02-23 08:00:00+00:00,2022-02-23 09:00:00+00:00,73621.3625,5262.73,22833.64,12688.125,78466.22,40784.495,0.7905633969115482,0.612380204990065,0.8660254037844387,-0.4999999999999998,0.9749279121818236,-0.2225209339563143,0,weekday,83.175
2022-02-24,2022,2,24,55,8,3,137.34,2022-02-24 08:00:00+00:00,2022-02-24 09:00:00+00:00,70850.51999999999,4835.175,22423.2325,8043.975,77059.09,35302.3825,0.8009803309782905,0.5986906625177214,0.8660254037844387,-0.4999999999999998,0.4338837391175582,-0.900968867902419,0,weekday,106.1
2022-02-25,2022,2,25,56,8,4,107.16,2022-02-25 08:00:00+00:00,2022-02-25 09:00:00+00:00,71824.9125,5504.8475,31232.53,10664.5175,82811.12,47401.895,0.8111602420785621,0.5848239578463322,0.8660254037844387,-0.4999999999999998,-0.433883739117558,-0.9009688679024191,0,weekday,94.422
2022-02-26,2022,2,26,57,8,5,267.37,2022-02-26 08:00:00+00:00,2022-02-26 09:00:00+00:00,62042.6775,292.73,4695.9325,9252.0175,56849.89,14240.68,0.8211001178128892,0.5707841943569036,0.8660254037844387,-0.4999999999999998,-0.9749279121818236,-0.2225209339563146,0,weekend,94.422
2022-02-27,2022,2,27,58,8,6,173.75,2022-02-27 08:00:00+00:00,2022-02-27 09:00:00+00:00,55456.9175,2589.3325,7042.42,14918.5725,59981.0,24550.325,0.8307970168121247,0.5565755266413303,0.8660254037844387,-0.4999999999999998,-0.7818314824680299,0.6234898018587334,0,weekend,105.45599999999999
2022-02-28,2022,2,28,59,8,0,267.3,2022-02-28 08:00:00+00:00,2022-02-28 09:00:00+00:00,73063.785,3454.035,6255.639999999999,17759.01,71866.04,27468.685,0.8402480696078469,0.5422021592729844,0.8660254037844387,-0.4999999999999998,0.0,1.0,0,weekday,116.49
2022-03-01,2022,3,1,60,8,1,217.58,2022-03-01 08:00:00+00:00,2022-03-01 09:00:00+00:00,73798.2525,1350.15,9253.845,17475.5175,72900.68,28079.5125,0.8494504794814806,0.527668345562516,0.8660254037844387,-0.4999999999999998,0.7818314824680298,0.6234898018587336,0,weekday,103.665
2022-03-02,2022,3,2,61,8,2,298.1,2022-03-02 08:00:00+00:00,2022-03-02 09:00:00+00:00,68987.0,869.26,1507.5625,11728.445,65159.15,14105.2675,0.8584015232918917,0.512978386299228,0.8660254037844387,-0.4999999999999998,0.9749279121818236,-0.2225209339563143,0,weekday,165.545
2022-03-03,2022,3,3,62,8,3,359.96,2022-03-03 08:00:00+00:00,2022-03-03 09:00:00+00:00,68908.955,1246.405,2371.2125,17783.1,68455.89,21400.7175,0.8670985522812081,0.4981366284784055,0.8660254037844387,-0.4999999999999998,0.4338837391175582,-0.900968867902419,0,weekday,148.0
2022-03-04,2022,3,4,63,8,4,385.16,2022-03-04 08:00:00+00:00,2022-03-04 09:00:00+00:00,68085.77,1139.8725,3912.945,14934.3925,67393.78,19987.21,0.8755389928586302,0.4831474640149687,0.8660254037844387,-0.4999999999999998,-0.433883739117558,-0.9009688679024191,0,weekday,192.55
2022-03-05,2022,3,5,64,8,5,322.34,2022-03-05 08:00:00+00:00,2022-03-05 09:00:00+00:00,57187.0725,1243.4075,3108.235,16199.235,59823.47,20550.8775,0.8837203473619977,0.4680153284438345,0.8660254037844387,-0.4999999999999998,-0.9749279121818236,-0.2225209339563146,0,weekend,192.55
2022-03-06,2022,3,6,65,8,6,210.01,2022-03-06 08:00:00+00:00,2022-03-06 09:00:00+00:00,52274.785,285.9975,1862.66,15307.6925,53531.82,17456.35,0.8916401947968874,0.452744699607371,0.8660254037844387,-0.4999999999999998,-0.7818314824680299,0.6234898018587334,0,weekend,209.875
2022-03-07,2022,3,7,66,8,0,483.0,2022-03-07 08:00:00+00:00,2022-03-07 09:00:00+00:00,67606.615,375.975,3539.5275,15518.335,67031.95,19433.8375,0.8992961915530253,0.4373400963303323,0.8660254037844387,-0.4999999999999998,0.0,1.0,0,weekday,227.2
2022-03-08,2022,3,8,67,8,1,541.51,2022-03-08 08:00:00+00:00,2022-03-08 09:00:00+00:00,67623.98999999999,1124.48,4812.157499999999,19698.765,69604.01,25635.4025,0.9066860720977984,0.4218060770826634,0.8660254037844387,-0.4999999999999998,0.7818314824680298,0.6234898018587336,0,weekday,214.555
2022-03-09,2022,3,9,68,8,2,449.99,2022-03-09 08:00:00+00:00,2022-03-09 09:00:00+00:00,67956.4725,2230.1725,4323.1425,21036.2425,70106.58,27589.557500000003,0.9138076496466616,0.4061472386305789,0.8660254037844387,-0.4999999999999998,0.9749279121818236,-0.2225209339563143,0,weekday,155.88
2022-03-10,2022,3,10,69,8,3,311.99,2022-03-10 08:00:00+00:00,2022-03-10 09:00:00+00:00,67651.3725,2786.18,9998.775,20956.5275,72999.21,33741.4825,0.9206588168102428,0.3903682146763026,0.8660254037844387,-0.4999999999999998,0.4338837391175582,-0.900968867902419,0,weekday,126.4
2022-03-11,2022,3,11,70,8,4,67.3,2022-03-11 08:00:00+00:00,2022-03-11 09:00:00+00:00,67462.6425,5459.465,24444.9925,22119.2975,80496.7,52023.755000000005,0.9272375462179536,0.374473674486883,0.8660254037844387,-0.4999999999999998,-0.433883739117558,-0.9009688679024191,0,weekday,131.23
2022-03-12,2022,3,12,71,8,5,78.9,2022-03-12 08:00:00+00:00,2022-03-12 09:00:00+00:00,57028.015,4973.3475,15879.545,19354.055,64980.26,40206.9475,0.9335418911179212,0.3584683215124808,0.8660254037844387,-0.4999999999999998,-0.9749279121818236,-0.2225209339563146,0,weekend,131.23
2022-03-13,2022,3,13,72,8,6,72.82,2022-03-13 08:00:00+00:00,2022-03-13 09:00:00+00:00,51039.0125,4149.4675,11932.295,21086.7675,58877.12,37168.53,0.9395699859530622,0.342356891994542,0.8660254037844387,-0.4999999999999998,-0.7818314824680299,0.6234898018587334,0,weekend,122.875
2022-03-14,2022,3,14,73,8,0,300.83,2022-03-14 08:00:00+00:00,2022-03-14 09:00:00+00:00,66562.92,1826.825,6581.16,13287.14,65495.13,21695.125,0.945320046913132,0.3261441535642696,0.8660254037844387,-0.4999999999999998,0.0,1.0,0,weekday,114.52
2022-03-15,2022,3,15,74,8,1,329.45,2022-03-15 08:00:00+00:00,2022-03-15 09:00:00+00:00,67617.41,705.625,2270.1975,7563.065,61080.8,10538.8875,0.9507903724625832,0.3098349038318025,0.8660254037844387,-0.4999999999999998,0.7818314824680298,0.6234898018587336,0,weekday,121.69
2022-03-16,2022,3,16,75,8,2,295.94,2022-03-16 08:00:00+00:00,2022-03-16 09:00:00+00:00,68052.9275,2092.2825,5239.41,13419.7875,68142.23,20751.48,0.9559793438440766,0.2934339689665273,0.8660254037844387,-0.4999999999999998,0.9749279121818236,-0.2225209339563143,0,weekday,102.625
2022-03-17,2022,3,17,76,8,3,254.94,2022-03-17 08:00:00+00:00,2022-03-17 09:00:00+00:00,67130.7,4499.2525000000005,13847.02,11509.86,72090.7,29856.1325,0.9608854255574976,0.2769462022689364,0.8660254037844387,-0.4999999999999998,0.4338837391175582,-0.900968867902419,0,weekday,110.5
2022-03-18,2022,3,18,77,8,4,249.9,2022-03-18 08:00:00+00:00,2022-03-18 09:00:00+00:00,67452.545,614.51,5060.72,15678.125,65513.85,21353.355,0.9655071658143364,0.2603764827344581,0.8660254037844387,-0.4999999999999998,-0.433883739117558,-0.9009688679024191,0,weekday,105.045
2022-03-19,2022,3,19,78,8,5,135.07,2022-03-19 08:00:00+00:00,2022-03-19 09:00:00+00:00,59663.53,1553.9425,8085.23,20500.1575,62739.25,30139.33,0.969843196967294,0.2437297136096838,0.8660254037844387,-0.4999999999999998,-0.9749279121818236,-0.2225209339563146,0,weekend,105.045
2022-03-20,2022,3,20,79,8,6,0.07,2022-03-20 08:00:00+00:00,2022-03-20 09:00:00+00:00,52885.765,4994.9725,22781.5725,21736.86,66614.34,49513.405,0.9738922359149924,0.2270108209414184,0.8660254037844387,-0.4999999999999998,-0.7818314824680299,0.6234898018587334,0,weekend,101.8825
2022-03-21,2022,3,21,80,8,0,196.47,2022-03-21 08:00:00+00:00,2022-03-21 09:00:00+00:00,66646.3075,1519.9325,8152.8825,22802.38,70479.31,32475.195,0.977653084481664,0.2102247521189836,0.8660254037844387,-0.4999999999999998,0.0,1.0,0,weekday,98.72
2022-03-22,2022,3,22,81,8,1,240.15,2022-03-22 08:00:00+00:00,2022-03-22 09:00:00+00:00,66773.4575,352.5675,1819.1725,23978.305,67621.57,26150.045,0.981124629771712,0.1933764744102058,0.8660254037844387,-0.4999999999999998,0.7818314824680298,0.6234898018587336,0,weekday,98.745
2022-03-23,2022,3,23,82,8,2,217.11,2022-03-23 08:00:00+00:00,2022-03-23 09:00:00+00:00,66559.53,128.81,623.7775,23710.0375,67090.82,24462.625,0.984305844499033,0.1764709734915216,0.8660254037844387,-0.4999999999999998,0.9749279121818236,-0.2225209339563143,0,weekday,117.0
2022-03-24,2022,3,24,83,8,3,218.91,2022-03-24 08:00:00+00:00,2022-03-24 09:00:00+00:00,67108.93,67.94,377.565,23713.0075,66443.73,24158.5125,0.9871957872910084,0.1595132519726365,0.8660254037844387,-0.4999999999999998,0.4338837391175582,-0.900968867902419,0,weekday,116.0
2022-03-25,2022,3,25,84,8,4,248.37,2022-03-25 08:00:00+00:00,2022-03-25 09:00:00+00:00,65485.3325,431.1725,1196.125,23465.0125,66069.98,25092.31,0.9897936029670716,0.1425083279161708,0.8660254037844387,-0.4999999999999998,-0.433883739117558,-0.9009688679024191,0,weekday,101.27
2022-03-26,2022,3,26,85,8,5,159.37,2022-03-26 08:00:00+00:00,2022-03-26 09:00:00+00:00,56731.735,2943.11,8344.065,22546.542500000003,64686.02,33833.717500000006,0.992098522791769,0.1254612333527364,0.8660254037844387,-0.4999999999999998,-0.9749279121818236,-0.2225209339563146,0,weekend,101.27
2022-03-27,2022,3,27,86,8,6,205.02,2022-03-27 08:00:00+00:00,2022-03-27 09:00:00+00:00,53826.165,817.4525,1129.3925,20358.1675,55134.2,22305.0125,0.9941098647022418,0.108377012791876,0.8660254037844387,-0.4999999999999998,-0.7818314824680299,0.6234898018587334,0,weekend,99.435
2022-03-28,2022,3,28,87,8,0,224.94,2022-03-28 08:00:00+00:00,2022-03-28 09:00:00+00:00,66508.685,1500.94,3256.15,21520.6925,66895.44,26277.7825,0.9958270335100596,0.0912607217293118,0.8660254037844387,-0.4999999999999998,0.0,1.0,0,weekday,97.6
2022-03-29,2022,3,29,88,8,1,278.48,2022-03-29 08:00:00+00:00,2022-03-29 09:00:00+00:00,67180.3175,943.0625,4659.555,13353.7925,65363.12,18956.41,0.9972495210773452,0.0741174251509443,0.8660254037844387,-0.4999999999999998,0.7818314824680298,0.6234898018587336,0,weekday,108.38
2022-03-30,2022,3,30,89,8,2,302.07,2022-03-30 08:00:00+00:00,2022-03-30 09:00:00+00:00,67109.2875,1024.0675,1865.4825,9321.245,62829.84,12210.795000000002,0.998376906467142,0.0569521960340397,0.8660254037844387,-0.4999999999999998,0.9749279121818236,-0.2225209339563143,0,weekday,118.97
2022-03-31,2022,3,31,90,8,3,250.75,2022-03-31 08:00:00+00:00,2022-03-31 09:00:00+00:00,67338.8525,4584.0925,15509.31,7853.9375,75559.31,27947.34,0.9992088560679752,0.0397701138460557,0.8660254037844387,-0.4999999999999998,0.4338837391175582,-0.900968867902419,0,weekday,125.905
2022-04-01,2022,4,1,91,8,4,193.08,2022-04-01 08:00:00+00:00,2022-04-01 09:00:00+00:00,67224.44,4492.105,25102.145,4895.205,74830.62,34489.455,0.9997451236925734,0.0225762630415454,0.8660254037844387,-0.4999999999999998,-0.433883739117558,-0.9009688679024191,0,weekday,114.75
2022-04-02,2022,4,2,92,8,5,169.77,2022-04-02 08:00:00+00:00,2022-04-02 09:00:00+00:00,59802.2375,2119.825,19888.88,7345.44,64895.76,29354.145,0.9999855506507186,0.0053757315575838,0.8660254037844387,-0.4999999999999998,-0.9749279121818236,-0.2225209339563146,0,weekend,112.15
2022-04-03,2022,4,3,93,8,6,180.76,2022-04-03 08:00:00+00:00,2022-04-03 09:00:00+00:00,52133.67,2216.11,4805.952499999999,14315.16,56285.42,21337.2225,0.9999300657962056,-0.0118263906918325,0.8660254037844387,-0.4999999999999998,-0.7818314824680299,0.6234898018587334,0,weekend,110.8375
2022-04-04,2022,4,4,94,8,0,74.54,2022-04-04 08:00:00+00:00,2022-04-04 09:00:00+00:00,70116.0775,4850.4075,33497.6275,14324.5,84749.2,52672.535,0.9995786855478958,-0.0290250133219752,0.8660254037844387,-0.4999999999999998,0.0,1.0,0,weekday,109.525
2022-04-05,2022,4,5,95,8,1,227.0,2022-04-05 08:00:00+00:00,2022-04-05 09:00:00+00:00,69156.2925,2586.145,21269.8025,5405.6900000000005,72239.32,29261.637500000004,0.9989315138848576,-0.0462150469837083,0.8660254037844387,-0.4999999999999998,0.7818314824680298,0.6234898018587336,0,weekday,108.14
2022-04-06,2022,4,6,96,8,2,95.69,2022-04-06 08:00:00+00:00,2022-04-06 09:00:00+00:00,74643.385,4494.405,32345.525,11565.5575,81966.91,48405.4875,0.9979887423155984,-0.0633914048695103,0.8660254037844387,-0.4999999999999998,0.9749279121818236,-0.2225209339563143,0,weekday,106.79
2022-04-07,2022,4,7,97,8,3,71.93,2022-04-07 08:00:00+00:00,2022-04-07 09:00:00+00:00,71717.1925,4791.6325,38569.4225,10625.2725,84478.89,53986.3275,0.9967506498213928,-0.0805490042187416,0.8660254037844387,-0.4999999999999998,0.4338837391175582,-0.900968867902419,0,weekday,104.565
2022-04-08,2022,4,8,98,8,4,81.85,2022-04-08 08:00:00+00:00,2022-04-08 09:00:00+00:00,70265.28,4632.8875,29286.2425,12479.5275,79044.92,46398.6575,0.9952176027737294,-0.0976827678217159,0.8660254037844387,-0.4999999999999998,-0.433883739117558,-0.9009688679024191,0,weekday,103.88
2022-04-09,2022,4,9,99,8,5,25.14,2022-04-09 08:00:00+00:00,2022-04-09 09:00:00+00:00,58760.34,5079.8825,27147.375,14620.01,74239.41,46847.2675,0.9933900548258936,-0.114787625522127,0.8660254037844387,-0.4999999999999998,-0.9749279121818236,-0.2225209339563146,0,weekend,103.88
2022-04-10,2022,4,10,100,8,6,12.29,2022-04-10 08:00:00+00:00,2022-04-10 09:00:00+00:00,52260.1025,4880.6125,20600.6675,17449.2275,66943.42,42930.5075,0.9912685467787256,-0.1318585157173911,0.8660254037844387,-0.4999999999999998,-0.7818314824680299,0.6234898018587334,0,weekend,102.0075
2022-04-11,2022,4,11,101,8,0,214.92,2022-04-11 08:00:00+00:00,2022-04-11 09:00:00+00:00,68707.195,632.0575,2601.975,22972.75,67117.57,26206.7825,0.9888537064205885,-0.1488903868564548,0.8660254037844387,-0.4999999999999998,0.0,1.0,0,weekday,100.135
2022-04-12,2022,4,12,102,8,1,182.51,2022-04-12 08:00:00+00:00,2022-04-12 09:00:00+00:00,69050.64749999999,4235.84,9112.34,23804.07,75667.21,37152.25,0.986146248341595,-0.1658781989346314,0.8660254037844387,-0.4999999999999998,0.7818314824680298,0.6234898018587336,0,weekday,103.75
2022-04-13,2022,4,13,103,8,2,212.9,2022-04-13 08:00:00+00:00,2022-04-13 09:00:00+00:00,66997.15,2176.3975,3253.865,21575.5625,65721.3,27005.825,0.98314697372215,-0.1828169249850199,0.8660254037844387,-0.4999999999999998,0.9749279121818236,-0.2225209339563143,0,weekday,105.325
2022-04-14,2022,4,14,104,8,3,216.35,2022-04-14 08:00:00+00:00,2022-04-14 09:00:00+00:00,67075.8525,1763.36,2763.61,17839.105,60495.46,22366.075,0.9798567700958664,-0.1997015525660636,0.8660254037844387,-0.4999999999999998,0.4338837391175582,-0.900968867902419,0,weekday,95.62
2022-04-15,2022,4,15,105,8,4,190.62,2022-04-15 08:00:00+00:00,2022-04-15 09:00:00+00:00,54575.51,1631.5975,6490.8625,16128.3675,52939.78,24250.8275,0.976276611086932,-0.2165270852448143,0.8660254037844387,-0.4999999999999998,-0.433883739117558,-0.9009688679024191,1,holiday,95.62
2022-04-16,2022,4,16,106,8,5,146.58,2022-04-16 08:00:00+00:00,2022-04-16 09:00:00+00:00,55571.305,1582.7225,5834.2825,22364.61,59510.88,29781.615,0.9724075561219968,-0.2332885440754551,0.8660254037844387,-0.4999999999999998,-0.9749279121818236,-0.2225209339563146,0,weekend,95.62
2022-04-17,2022,4,17,107,8,6,75.92,2022-04-17 08:00:00+00:00,2022-04-17 09:00:00+00:00,47266.0725,1031.2875,2398.8425,27396.35,53718.11,30826.48,0.9682507501166718,-0.2499809690726521,0.8660254037844387,-0.4999999999999998,-0.7818314824680299,0.6234898018587334,0,weekend,95.62
2022-04-18,2022,4,18,108,8,0,95.51,2022-04-18 08:00:00+00:00,2022-04-18 09:00:00+00:00,52437.4,2251.41,1456.25,28560.3625,57364.88,32268.0225,0.9638074231367308,-0.2665994206792935,0.8660254037844387,-0.4999999999999998,0.0,1.0,1,holiday,95.62
2022-04-19,2022,4,19,109,8,1,232.54,2022-04-19 08:00:00+00:00,2022-04-19 09:00:00+00:00,65127.695,1118.8325,2903.96,24572.4725,65161.39,28595.265,0.9590788900341132,-0.2831389812281835,0.8660254037844387,-0.4999999999999998,0.7818314824680298,0.6234898018587336,0,weekday,93.77
2022-04-20,2022,4,20,110,8,2,193.5,2022-04-20 08:00:00+00:00,2022-04-20 09:00:00+00:00,66388.9975,977.2575,3862.625,26360.9875,68630.82,31200.87,0.9540665500578388,-0.2995947563972602,0.8660254037844387,-0.4999999999999998,0.9749279121818236,-0.2225209339563143,0,weekday,96.75
2022-04-21,2022,4,21,111,8,3,207.93,2022-04-21 08:00:00+00:00,2022-04-21 09:00:00+00:00,65478.6575,1820.265,4972.955,19738.235,64737.45,26531.455,0.9487718864399473,-0.3159618766579029,0.8660254037844387,-0.4999999999999998,0.4338837391175582,-0.900968867902419,0,weekday,100.06
2022-04-22,2022,4,22,112,8,4,196.56,2022-04-22 08:00:00+00:00,2022-04-22 09:00:00+00:00,66084.4225,4545.485000000001,12226.5925,21785.0175,72537.83,38557.095,0.9431964659565866,-0.3322354987159043,0.8660254037844387,-0.4999999999999998,-0.433883739117558,-0.9009688679024191,0,weekday,94.875
2022-04-23,2022,4,23,113,8,5,55.43,2022-04-23 08:00:00+00:00,2022-04-23 09:00:00+00:00,53852.3875,4059.125,14981.3175,22451.870000000003,68713.23,41492.3125,0.9373419384643772,-0.3484108069446808,0.8660254037844387,-0.4999999999999998,-0.9749279121818236,-0.2225209339563146,0,weekend,94.875
2022-04-24,2022,4,24,114,8,6,74.9,2022-04-24 08:00:00+00:00,2022-04-24 09:00:00+00:00,49130.355,4138.365,14348.3625,14699.2425,57502.91,33185.97,0.9312100364121948,-0.3644830148102912,0.8660254037844387,-0.4999999999999998,-0.7818314824680299,0.6234898018587334,0,weekend,93.85499999999999
2022-04-25,2022,4,25,115,8,0,232.59,2022-04-25 08:00:00+00:00,2022-04-25 09:00:00+00:00,65504.0125,952.1825,3900.1675,13806.4475,60904.29,18658.7975,0.9248025743285088,-0.3804473662878516,0.8660254037844387,-0.4999999999999998,0.0,1.0,0,weekday,92.835
2022-04-26,2022,4,26,116,8,1,235.88,2022-04-26 08:00:00+00:00,2022-04-26 09:00:00+00:00,65195.425,432.3475,1812.9575,16101.2525,61489.41,18346.5575,0.9181214482844364,-0.3962991372689181,0.8660254037844387,-0.4999999999999998,0.7818314824680298,0.6234898018587336,0,weekday,103.21
2022-04-27,2022,4,27,117,8,2,225.22,2022-04-27 08:00:00+00:00,2022-04-27 09:00:00+00:00,65059.0075,289.92,920.2575,21659.115,63656.95,22869.292500000003,0.9111686353326632,-0.4120336369594263,0.8660254037844387,-0.4999999999999998,0.9749279121818236,-0.2225209339563143,0,weekday,107.425
2022-04-28,2022,4,28,118,8,3,224.93,2022-04-28 08:00:00+00:00,2022-04-28 09:00:00+00:00,64125.1,713.3375,1484.895,28018.5625,67377.7,30216.795,0.9039461929224012,-0.4276462092677746,0.8660254037844387,-0.4999999999999998,0.4338837391175582,-0.900968867902419,0,weekday,100.142
2022-04-29,2022,4,29,119,8,4,230.33,2022-04-29 08:00:00+00:00,2022-04-29 09:00:00+00:00,63702.2875,424.82,1093.6125,27083.695,66603.15,28602.1275,0.8964562582905575,-0.4431322341826345,0.8660254037844387,-0.4999999999999998,-0.433883739117558,-0.9009688679024191,0,weekday,99.45
2022-04-30,2022,4,30,120,8,5,195.95,2022-04-30 08:00:00+00:00,2022-04-30 09:00:00+00:00,54900.9325,243.145,2342.51,16691.455,53368.68,19277.11,0.8887010478292915,-0.4584871291400876,0.8660254037844387,-0.4999999999999998,-0.9749279121818236,-0.2225209339563146,0,weekend,99.45
2022-05-01,2022,5,1,121,8,6,177.31,2022-05-01 08:00:00+00:00,2022-05-01 09:00:00+00:00,48576.5575,93.995,838.8875,17864.79,47168.94,18797.6725,0.8806828564301475,-0.47370635037968,0.8660254037844387,-0.4999999999999998,-0.7818314824680299,0.6234898018587334,1,holiday,98.25
2022-05-02,2022,5,2,122,8,0,194.27,2022-05-02 08:00:00+00:00,2022-05-02 09:00:00+00:00,64734.4925,86.275,577.1875,23807.635,61389.75,24471.0975,0.8724040568049612,-0.4887853942889926,0.8660254037844387,-0.4999999999999998,0.0,1.0,0,weekday,97.05
2022-05-03,2022,5,3,123,8,1,206.07,2022-05-03 08:00:00+00:00,2022-05-03 09:00:00+00:00,65317.025,1203.0525,2354.505,23776.7075,69430.31,27334.265,0.8638670987837349,-0.503719798736334,0.8660254037844387,-0.4999999999999998,0.7818314824680298,0.6234898018587336,0,weekday,99.425
2022-05-04,2022,5,4,124,8,2,226.01,2022-05-04 08:00:00+00:00,2022-05-04 09:00:00+00:00,63991.0575,149.8525,359.33500000000004,23095.015,64832.49,23604.2025,0.8550745085896932,-0.518505144391157,0.8660254037844387,-0.4999999999999998,0.9749279121818236,-0.2225209339563143,0,weekday,103.82
2022-05-05,2022,5,5,125,8,3,235.03,2022-05-05 08:00:00+00:00,2022-05-05 09:00:00+00:00,63853.4775,348.57500000000005,549.22,20725.605,62251.8,21623.4,0.8460288880917339,-0.533137056031809,0.8660254037844387,-0.4999999999999998,0.4338837391175582,-0.900968867902419,0,weekday,106.51
2022-05-06,2022,5,6,126,8,4,220.0,2022-05-06 08:00:00+00:00,2022-05-06 09:00:00+00:00,63167.83,608.3225,1122.5825,23641.0075,64127.53,25371.9125,0.8367329140344921,-0.5476112038402312,0.8660254037844387,-0.4999999999999998,-0.433883739117558,-0.9009688679024191,0,weekday,101.71
2022-05-07,2022,5,7,127,8,5,194.17,2022-05-07 08:00:00+00:00,2022-05-07 09:00:00+00:00,54568.1425,800.185,1128.8375,22545.91,53744.39,24474.9325,0.8271893372462497,-0.5619233046832195,0.8660254037844387,-0.4999999999999998,-0.9749279121818236,-0.2225209339563146,0,weekend,101.71
2022-05-08,2022,5,8,128,8,6,140.33,2022-05-08 08:00:00+00:00,2022-05-08 09:00:00+00:00,48720.56,1201.2875,2517.1,24582.17,53098.84,28300.5575,0.8174009818249189,-0.5760691233798758,0.8660254037844387,-0.4999999999999998,-0.7818314824680299,0.6234898018587334,0,weekend,99.01249999999999
2022-05-09,2022,5,9,129,8,0,199.95,2022-05-09 08:00:00+00:00,2022-05-09 09:00:00+00:00,62604.8375,324.0575,1066.6775,29319.7925,64002.64,30710.5275,0.8073707443023492,-0.5900444739548627,0.8660254037844387,-0.4999999999999998,0.0,1.0,0,weekday,96.315
2022-05-10,2022,5,10,130,8,1,185.0,2022-05-10 08:00:00+00:00,2022-05-10 09:00:00+00:00,65018.865000000005,4258.3675,5205.34,26651.6175,68043.77,36115.325,0.7971015927871943,-0.6038452208771035,0.8660254037844387,-0.4999999999999998,0.7818314824680298,0.6234898018587336,0,weekday,98.8
2022-05-11,2022,5,11,131,8,2,148.46,2022-05-11 08:00:00+00:00,2022-05-11 09:00:00+00:00,65587.71,3659.6475,9952.9025,25938.21,68729.48,39550.76,0.7865965660866021,-0.6174672802835514,0.8660254037844387,-0.4999999999999998,0.9749279121818236,-0.2225209339563143,0,weekday,94.01
2022-05-12,2022,5,12,132,8,3,144.04,2022-05-12 08:00:00+00:00,2022-05-12 09:00:00+00:00,65709.66500000001,3226.0675,14379.595,25728.0325,71129.41,43333.695,0.7758587728069828,-0.6309066211876704,0.8660254037844387,-0.4999999999999998,0.4338837391175582,-0.900968867902419,0,weekday,106.7
2022-05-13,2022,5,13,133,8,4,180.04,2022-05-13 08:00:00+00:00,2022-05-13 09:00:00+00:00,66652.3475,4520.7875,14880.7475,21239.9225,67697.6,40641.4575,0.7648913904341225,-0.6441592666722685,0.8660254037844387,-0.4999999999999998,-0.433883739117558,-0.9009688679024191,0,weekday,96.88
2022-05-14,2022,5,14,134,8,5,124.05,2022-05-14 08:00:00+00:00,2022-05-14 09:00:00+00:00,54145.8825,2042.8425,8336.48,28068.6,60446.92,38447.9225,0.753697664392914,-0.6572212950663319,0.8660254037844387,-0.4999999999999998,-0.9749279121818236,-0.2225209339563146,0,weekend,96.88
2022-05-15,2022,5,15,135,8,6,95.98,2022-05-15 08:00:00+00:00,2022-05-15 09:00:00+00:00,48238.8,268.08500000000004,816.3199999999999,30047.6775,51375.06,31132.0825,0.742280907086982,-0.6700888411055113,0.8660254037844387,-0.4999999999999998,-0.7818314824680299,0.6234898018587334,0,weekend,94.87
2022-05-16,2022,5,16,136,8,0,210.62,2022-05-16 08:00:00+00:00,2022-05-16 09:00:00+00:00,64305.442500000005,3390.1525,4757.4125,24032.87,62564.28,32180.435,0.7306444969184916,-0.6827580970759147,0.8660254037844387,-0.4999999999999998,0.0,1.0,0,weekday,92.86
2022-05-17,2022,5,17,137,8,1,231.99,2022-05-17 08:00:00+00:00,2022-05-17 09:00:00+00:00,65234.19,517.06,1955.5475,20029.265,58964.85,22501.8725,0.7187918772884232,-0.6952253139408722,0.8660254037844387,-0.4999999999999998,0.7818314824680298,0.6234898018587336,0,weekday,94.175
2022-05-18,2022,5,18,138,8,2,179.17,2022-05-18 08:00:00+00:00,2022-05-18 09:00:00+00:00,65298.56,1957.665,3679.93,27686.62,63824.31,33324.215,0.7067265555776158,-0.7074868024503348,0.8660254037844387,-0.4999999999999998,0.9749279121818236,-0.2225209339563143,0,weekday,96.475
2022-05-19,2022,5,19,139,8,3,198.22,2022-05-19 08:00:00+00:00,2022-05-19 09:00:00+00:00,65631.555,901.715,5193.1875,27436.6075,63912.88,33531.509999999995,0.6944521021088763,-0.719538934232584,0.8660254037844387,-0.4999999999999998,0.4338837391175582,-0.900968867902419,0,weekday,91.025
2022-05-20,2022,5,20,140,8,4,204.97,2022-05-20 08:00:00+00:00,2022-05-20 09:00:00+00:00,65967.66,562.9549999999999,1813.8725,24522.7025,58788.32,26899.53,0.6819721490904629,-0.7313781428679254,0.8660254037844387,-0.4999999999999998,-0.433883739117558,-0.9009688679024191,0,weekday,87.9
2022-05-21,2022,5,21,141,8,5,74.99,2022-05-21 08:00:00+00:00,2022-05-21 09:00:00+00:00,54314.7525,3947.6875,21434.2875,23526.4075,67734.85,48908.3825,0.6692903895412567,-0.7430009249440493,0.8660254037844387,-0.4999999999999998,-0.9749279121818236,-0.2225209339563146,0,weekend,87.9
2022-05-22,2022,5,22,142,8,6,138.29,2022-05-22 08:00:00+00:00,2022-05-22 09:00:00+00:00,48069.255000000005,313.665,1239.5475,26352.4275,52164.3,27905.640000000003,0.6564105761979381,-0.7544038410927472,0.8660254037844387,-0.4999999999999998,-0.7818314824680299,0.6234898018587334,0,weekend,86.56
2022-05-23,2022,5,23,143,8,0,217.19,2022-05-23 08:00:00+00:00,2022-05-23 09:00:00+00:00,64334.49,2718.22,7903.5175,22222.0125,64739.54,32843.75,0.6433365204044917,-0.765583517007675,0.8660254037844387,-0.4999999999999998,0.0,1.0,0,weekday,85.22
2022-05-24,2022,5,24,144,8,1,180.05,2022-05-24 08:00:00+00:00,2022-05-24 09:00:00+00:00,66413.995,4101.155,17125.015,14895.9425,68369.3,36122.1125,0.6300720909843687,-0.7765366444428655,0.8660254037844387,-0.4999999999999998,0.7818314824680298,0.6234898018587336,0,weekday,86.875
2022-05-25,2022,5,25,145,8,2,174.26,2022-05-25 08:00:00+00:00,2022-05-25 09:00:00+00:00,64804.2725,2518.8375,5716.0975,22658.9425,61934.55,30893.8775,0.6166212130956382,-0.7872599821916922,0.8660254037844387,-0.4999999999999998,0.9749279121818236,-0.2225209339563143,0,weekday,85.625
2022-05-26,2022,5,26,146,8,3,1.96,2022-05-26 08:00:00+00:00,2022-05-26 09:00:00+00:00,52351.635,4368.035,21298.7175,20951.04,63627.82,46617.7925,0.6029878670694714,-0.7977503570459932,0.8660254037844387,-0.4999999999999998,0.4338837391175582,-0.900968867902419,1,holiday,85.97
2022-05-27,2022,5,27,147,8,4,3.01,2022-05-27 08:00:00+00:00,2022-05-27 09:00:00+00:00,63174.655,4752.06,25932.0775,19487.38,71565.45,50171.5175,0.5891760872322963,-0.8080046647350754,0.8660254037844387,-0.4999999999999998,-0.433883739117558,-0.9009688679024191,0,weekday,86.25
2022-05-28,2022,5,28,148,8,5,-0.05,2022-05-28 08:00:00+00:00,2022-05-28 09:00:00+00:00,55397.9075,3542.3675000000003,26482.5225,23713.39,69023.13,53738.28,0.5751899607119775,-0.8180198708443174,0.8660254037844387,-0.4999999999999998,-0.9749279121818236,-0.2225209339563146,0,weekend,86.875
2022-05-29,2022,5,29,149,8,6,140.0,2022-05-29 08:00:00+00:00,2022-05-29 09:00:00+00:00,50021.73,3858.62,5202.78,19868.67,54615.54,28930.07,0.5610336262283677,-0.8277930117131022,0.8660254037844387,-0.4999999999999998,-0.7818314824680299,0.6234898018587334,0,weekend,89.25166666666667
2022-05-30,2022,5,30,150,8,0,230.0,2022-05-30 08:00:00+00:00,2022-05-30 09:00:00+00:00,63717.46,104.92,1075.9025,21700.5975,59709.26,22881.42,0.5467112728685939,-0.8373211953118121,0.8660254037844387,-0.4999999999999998,0.0,1.0,0,weekday,91.62833333333333
2022-05-31,2022,5,31,151,8,1,200.63,2022-05-31 08:00:00+00:00,2022-05-31 09:00:00+00:00,64208.57,163.1825,609.9525,25914.56,61602.19,26687.695,0.5322271388474397,-0.8466016020976267,0.8660254037844387,-0.4999999999999998,0.7818314824680298,0.6234898018587336,0,weekday,94.005
2022-06-01,2022,6,1,152,8,2,211.8,2022-06-01 08:00:00+00:00,2022-06-01 09:00:00+00:00,65259.815,61.195,3389.9575,25048.8525,65075.93,28500.005,0.5175855102531889,-0.8556314858488706,0.8660254037844387,-0.4999999999999998,0.9749279121818236,-0.2225209339563143,0,weekday,85.55
2022-06-02,2022,6,2,153,8,3,173.81,2022-06-02 08:00:00+00:00,2022-06-02 09:00:00+00:00,64385.255,3097.795,6178.1075,27494.0475,68498.97,36769.95,0.5027907197793043,-0.8644081744776648,0.8660254037844387,-0.4999999999999998,0.4338837391175582,-0.900968867902419,0,weekday,83.945
2022-06-03,2022,6,3,154,8,4,179.97,2022-06-03 08:00:00+00:00,2022-06-03 09:00:00+00:00,65155.665,163.7125,1952.815,27988.625,62266.24,30105.1525,0.4878471454423119,-0.8729290708206411,0.8660254037844387,-0.4999999999999998,-0.433883739117558,-0.9009688679024191,0,weekday,83.1
2022-06-04,2022,6,4,155,8,5,163.33,2022-06-04 08:00:00+00:00,2022-06-04 09:00:00+00:00,54235.7175,566.34,2180.81,24200.1275,54205.31,26947.2775,0.4727592092862775,-0.881191653407483,0.8660254037844387,-0.4999999999999998,-0.9749279121818236,-0.2225209339563146,0,weekend,83.1
2022-06-05,2022,6,5,156,8,6,141.36,2022-06-05 08:00:00+00:00,2022-06-05 09:00:00+00:00,44988.52,1535.0925,5471.0625,23567.71,53377.87,30573.865,0.4575313760742512,-0.8891934772070711,0.8660254037844387,-0.4999999999999998,-0.7818314824680299,0.6234898018587334,0,weekend,83.0525
2022-06-06,2022,6,6,157,8,0,30.0,2022-06-06 08:00:00+00:00,2022-06-06 09:00:00+00:00,50470.0,3561.2875,14395.2,22050.8825,60037.05,40007.37,0.442168151967072,-0.8969321743510065,0.8660254037844387,-0.4999999999999998,0.0,1.0,1,holiday,83.005
2022-06-07,2022,6,7,158,8,1,191.0,2022-06-07 08:00:00+00:00,2022-06-07 09:00:00+00:00,64834.405,4708.0775,13393.7375,16163.4,68963.76,34265.215,0.4266740831899246,-0.9044054548343,0.8660254037844387,-0.4999999999999998,0.7818314824680298,0.6234898018587336,0,weekday,80.41
2022-06-08,2022,6,8,159,8,2,191.0,2022-06-08 08:00:00+00:00,2022-06-08 09:00:00+00:00,65744.6625,821.0725,2899.725,24148.1375,63760.05,27868.935,0.4110537546870351,-0.911611107193024,0.8660254037844387,-0.4999999999999998,0.9749279121818236,-0.2225209339563143,0,weekday,79.405
2022-06-09,2022,6,9,160,8,3,205.13,2022-06-09 08:00:00+00:00,2022-06-09 09:00:00+00:00,65222.3625,1506.345,6669.702499999999,16478.5775,60250.62,24654.625,0.3953117887649151,-0.9185469991587164,0.8660254037844387,-0.4999999999999998,0.4338837391175582,-0.900968867902419,0,weekday,84.88
2022-06-10,2022,6,10,161,8,4,175.16,2022-06-10 08:00:00+00:00,2022-06-10 09:00:00+00:00,64634.5975,2569.3225,3804.33,25611.915,64459.33,31985.5675,0.3794528437245443,-0.925211078289358,0.8660254037844387,-0.4999999999999998,-0.433883739117558,-0.9009688679024191,0,weekday,82.465
2022-06-11,2022,6,11,162,8,5,80.29,2022-06-11 08:00:00+00:00,2022-06-11 09:00:00+00:00,54072.045,2713.14,5298.907499999999,25924.695,59405.66,33936.7425,0.3634816124829063,-0.9316013725767188,0.8660254037844387,-0.4999999999999998,-0.9749279121818236,-0.2225209339563146,0,weekend,82.465
2022-06-12,2022,6,12,163,8,6,74.37,2022-06-12 08:00:00+00:00,2022-06-12 09:00:00+00:00,47990.345,1780.74,3138.6775,28958.875,54263.14,33878.2925,0.3474028211842774,-0.9377159910299092,0.8660254037844387,-0.4999999999999998,-0.7818314824680299,0.6234898018587334,0,weekend,82.9325
2022-06-13,2022,6,13,164,8,0,165.7,2022-06-13 08:00:00+00:00,2022-06-13 09:00:00+00:00,64239.6575,3067.97,10426.6,23917.4075,68005.94,37411.9775,0.3312212278016865,-0.9435531242349544,0.8660254037844387,-0.4999999999999998,0.0,1.0,0,weekday,83.4
2022-06-14,2022,6,14,165,8,1,164.04,2022-06-14 08:00:00+00:00,2022-06-14 09:00:00+00:00,64731.5775,1503.54,4309.5725,27971.1475,66796.56,33784.26,0.3149416207289519,-0.9491110448902284,0.8660254037844387,-0.4999999999999998,0.7818314824680298,0.6234898018587336,0,weekday,97.04
2022-06-15,2022,6,15,166,8,2,195.78,2022-06-15 08:00:00+00:00,2022-06-15 09:00:00+00:00,62072.9275,117.5275,492.925,30264.1075,66031.46,30874.56,0.2985688173637202,-0.9543881083175908,0.8660254037844387,-0.4999999999999998,0.9749279121818236,-0.2225209339563143,0,weekday,120.33
2022-06-16,2022,6,16,167,8,3,185.73,2022-06-16 08:00:00+00:00,2022-06-16 09:00:00+00:00,55872.0325,193.125,3132.145,25897.6725,59504.72,29222.9425,0.2821076626819194,-0.9593827529490744,0.8660254037844387,-0.4999999999999998,0.4338837391175582,-0.900968867902419,0,weekday,124.365
2022-06-17,2022,6,17,168,8,4,250.43,2022-06-17 08:00:00+00:00,2022-06-17 09:00:00+00:00,61605.935,2795.295,1093.1675,27996.3425,63198.2,31884.805,0.2655630278040559,-0.9640935007889756,0.8660254037844387,-0.4999999999999998,-0.433883739117558,-0.9009688679024191,0,weekday,117.74
2022-06-18,2022,6,18,169,8,5,157.44,2022-06-18 08:00:00+00:00,2022-06-18 09:00:00+00:00,53754.5875,1799.865,5935.5825,30057.135,61309.5,37792.5825,0.2489398085537665,-0.9685189578512204,0.8660254037844387,-0.4999999999999998,-0.9749279121818236,-0.2225209339563146,0,weekend,117.74
2022-06-19,2022,6,19,170,8,6,94.15,2022-06-19 08:00:00+00:00,2022-06-19 09:00:00+00:00,49430.65,309.0425,9640.355,27694.057500000003,59291.77,37643.455,0.2322429240090701,-0.9726578145718654,0.8660254037844387,-0.4999999999999998,-0.7818314824680299,0.6234898018587334,0,weekend,120.34666666666666
2022-06-20,2022,6,20,171,8,0,310.28,2022-06-20 08:00:00+00:00,2022-06-20 09:00:00+00:00,64789.53,1012.06,4714.935,17240.9025,60556.0,22967.8975,0.2154773150467301,-0.976508846196619,0.8660254037844387,-0.4999999999999998,0.0,1.0,0,weekday,122.95333333333333
2022-06-21,2022,6,21,172,8,1,237.03,2022-06-21 08:00:00+00:00,2022-06-21 09:00:00+00:00,63734.25,982.3175,3064.6125,28514.675,65421.56,32561.605,0.1986479428801711,-0.9800709131432666,0.8660254037844387,-0.4999999999999998,0.7818314824680298,0.6234898018587336,0,weekday,125.56
2022-06-22,2022,6,22,173,8,2,301.49,2022-06-22 08:00:00+00:00,2022-06-22 09:00:00+00:00,65451.46000000001,251.4075,788.9375,22580.1625,61403.54,23620.5075,0.1817597875913753,-0.9833429613388902,0.8660254037844387,-0.4999999999999998,0.9749279121818236,-0.2225209339563143,0,weekday,127.17
2022-06-23,2022,6,23,174,8,3,277.83,2022-06-23 08:00:00+00:00,2022-06-23 09:00:00+00:00,65090.7475,327.415,975.345,27912.085,66129.91,29214.845,0.1648178466571979,-0.9863240225317866,0.8660254037844387,-0.4999999999999998,0.4338837391175582,-0.900968867902419,0,weekday,133.345
2022-06-24,2022,6,24,175,8,4,304.03,2022-06-24 08:00:00+00:00,2022-06-24 09:00:00+00:00,65496.3625,1418.8375,6093.825,20121.4525,64655.1,27634.115,0.1478271334705304,-0.9890132145779884,0.8660254037844387,-0.4999999999999998,-0.433883739117558,-0.9009688679024191,0,weekday,128.505
2022-06-25,2022,6,25,176,8,5,185.73,2022-06-25 08:00:00+00:00,2022-06-25 09:00:00+00:00,53940.0725,1094.23,1732.2425,24822.112500000003,56529.75,27648.585000000003,0.1307926758567592,-0.9914097417023038,0.8660254037844387,-0.4999999999999998,-0.9749279121818236,-0.2225209339563146,0,weekend,128.505
2022-06-26,2022,6,26,177,8,6,101.36,2022-06-26 08:00:00+00:00,2022-06-26 09:00:00+00:00,49383.75,1307.0775,1612.3025,25674.9725,52327.58,28594.3525,0.1137195145859496,-0.9935128947338008,0.8660254037844387,-0.4999999999999998,-0.7818314824680299,0.6234898018587334,0,weekend,128.98250000000002
2022-06-27,2022,6,27,178,8,0,332.54,2022-06-27 08:00:00+00:00,2022-06-27 09:00:00+00:00,64498.6225,647.335,2869.15,22744.7825,64724.52,26261.2675,0.0966127018812031,-0.9953220513156602,0.8660254037844387,-0.4999999999999998,0.0,1.0,0,weekday,129.46
2022-06-28,2022,6,28,179,8,1,313.99,2022-06-28 08:00:00+00:00,2022-06-28 09:00:00+00:00,65093.2025,681.45,1603.9,23852.38,63165.14,26137.730000000003,0.0794772999236209,-0.9968366760893436,0.8660254037844387,-0.4999999999999998,0.7818314824680298,0.6234898018587336,0,weekday,129.175
2022-06-29,2022,6,29,180,8,2,329.64,2022-06-29 08:00:00+00:00,2022-06-29 09:00:00+00:00,66055.865,1471.6925,4898.1875,16549.4475,63451.87,22919.3275,0.062318379354325,-0.998056320853012,0.8660254037844387,-0.4999999999999998,0.9749279121818236,-0.2225209339563143,0,weekday,139.588
2022-06-30,2022,6,30,181,8,3,299.02,2022-06-30 08:00:00+00:00,2022-06-30 09:00:00+00:00,64956.9675,2413.5925,1629.0175,25169.325,67630.59,29211.935,0.0451410177739719,-0.998980624694158,0.8660254037844387,-0.4999999999999998,0.4338837391175582,-0.900968867902419,0,weekday,144.515
2022-07-01,2022,7,1,182,8,4,360.06,2022-07-01 08:00:00+00:00,2022-07-01 09:00:00+00:00,65213.58,2229.9375,8214.3,11195.735,62696.62,21639.9725,0.0279502982402103,-0.999609314096404,0.8660254037844387,-0.4999999999999998,-0.433883739117558,-0.9009688679024191,0,weekday,147.785
2022-07-02,2022,7,2,183,8,5,125.0,2022-07-02 08:00:00+00:00,2022-07-02 09:00:00+00:00,53696.4475,3432.815,4074.3025,31367.545,60753.92,38874.6625,0.0107513077635219,-0.9999422030204416,0.8660254037844387,-0.4999999999999998,-0.9749279121818236,-0.2225209339563146,0,weekend,147.785
2022-07-03,2022,7,3,184,8,6,128.2,2022-07-03 08:00:00+00:00,2022-07-03 09:00:00+00:00,48101.7875,910.1675,2299.96,30845.015,56687.68,34055.1425,-0.0064508641981051,-0.9999791929590824,0.8660254037844387,-0.4999999999999998,-0.7818314824680299,0.6234898018587334,0,weekend,153.54833333333332
2022-07-04,2022,7,4,185,8,0,291.7,2022-07-04 08:00:00+00:00,2022-07-04 09:00:00+00:00,65115.4525,2022.83,4198.594999999999,26251.64,66991.64,32473.065,-0.0236511272452315,-0.9997202729664084,0.8660254037844387,-0.4999999999999998,0.0,1.0,0,weekday,159.31166666666667
2022-07-05,2022,7,5,186,8,1,283.72,2022-07-05 08:00:00+00:00,2022-07-05 09:00:00+00:00,65970.23999999999,2348.88,4023.11,27192.9425,67381.74,33564.9325,-0.0408443915432961,-0.9991655196610107,0.8660254037844387,-0.4999999999999998,0.7818314824680298,0.6234898018587336,0,weekday,165.075
2022-07-06,2022,7,6,187,8,2,287.9,2022-07-06 08:00:00+00:00,2022-07-06 09:00:00+00:00,66401.2875,1746.5525,5356.8125,25910.865,66705.83,33014.23,-0.0580255693287803,-0.9983150972033183,0.8660254037844387,-0.4999999999999998,0.9749279121818236,-0.2225209339563143,0,weekday,171.0
2022-07-07,2022,7,7,188,8,3,235.48,2022-07-07 08:00:00+00:00,2022-07-07 09:00:00+00:00,68421.7675,4278.465,17713.54,11908.9275,70394.25,33900.9325,-0.0751895764147585,-0.9971692572470178,0.8660254037844387,-0.4999999999999998,0.4338837391175582,-0.900968867902419,0,weekday,183.185
2022-07-08,2022,7,8,189,8,4,318.59,2022-07-08 08:00:00+00:00,2022-07-08 09:00:00+00:00,65549.815,2637.2125,10839.63,21335.2825,66225.96,34812.125,-0.0923313336953912,-0.9957283388645872,0.8660254037844387,-0.4999999999999998,-0.433883739117558,-0.9009688679024191,0,weekday,175.21
2022-07-09,2022,7,9,190,8,5,154.72,2022-07-09 08:00:00+00:00,2022-07-09 09:00:00+00:00,56337.5225,3812.3875,9677.3825,20870.825,58526.84,34360.595,-0.1094457686489155,-0.993992768446958,0.8660254037844387,-0.4999999999999998,-0.9749279121818236,-0.2225209339563146,0,weekend,175.21
2022-07-10,2022,7,10,191,8,6,30.08,2022-07-10 08:00:00+00:00,2022-07-10 09:00:00+00:00,50263.81,4262.165,18280.6175,20507.5875,61845.14,43050.37,-0.1265278168386831,-0.9919630595773395,0.8660254037844387,-0.4999999999999998,-0.7818314824680299,0.6234898018587334,0,weekend,169.865
2022-07-11,2022,7,11,192,8,0,404.98,2022-07-11 08:00:00+00:00,2022-07-11 09:00:00+00:00,65258.6375,1430.99,2924.4,18937.2575,60571.43,23292.6475,-0.1435724234118113,-0.9896398128792412,0.8660254037844387,-0.4999999999999998,0.0,1.0,0,weekday,164.52
2022-07-12,2022,7,12,193,8,1,328.74,2022-07-12 08:00:00+00:00,2022-07-12 09:00:00+00:00,65741.62,1235.355,1103.0325,28530.355,63308.15,30868.7425,-0.1605745445949937,-0.9870237158387384,0.8660254037844387,-0.4999999999999998,0.7818314824680298,0.6234898018587336,0,weekday,172.61
2022-07-13,2022,7,13,194,8,2,365.76,2022-07-13 08:00:00+00:00,2022-07-13 09:00:00+00:00,65761.315,2473.2975,5448.467500000001,20359.1175,66135.81,28280.8825,-0.1775291491870349,-0.984115542601034,0.8660254037844387,-0.4999999999999998,0.9749279121818236,-0.2225209339563143,0,weekday,180.505
2022-07-14,2022,7,14,195,8,3,379.9,2022-07-14 08:00:00+00:00,2022-07-14 09:00:00+00:00,65592.0375,2435.6575,3361.2,25047.205,63800.72,30844.0625,-0.1944312200476619,-0.9809161537413774,0.8660254037844387,-0.4999999999999998,0.4338837391175582,-0.900968867902419,0,weekday,175.035
2022-07-15,2022,7,15,196,8,4,262.45,2022-07-15 08:00:00+00:00,2022-07-15 09:00:00+00:00,65568.4175,2650.2675,10443.245,25710.3475,69674.6,38803.86,-0.2112757555821793,-0.9774264960104057,0.8660254037844387,-0.4999999999999998,-0.433883739117558,-0.9009688679024191,0,weekday,159.565
2022-07-16,2022,7,16,197,8,5,35.53,2022-07-16 08:00:00+00:00,2022-07-16 09:00:00+00:00,55207.64,3872.2775,16903.04,25797.7925,64543.92,46573.11,-0.2280577712215198,-0.9736476020539838,0.8660254037844387,-0.4999999999999998,-0.9749279121818236,-0.2225209339563146,0,weekend,159.565
2022-07-17,2022,7,17,198,8,6,115.77,2022-07-17 08:00:00+00:00,2022-07-17 09:00:00+00:00,48212.3925,990.0075,3633.42,28910.905,54327.28,33534.3325,-0.2447723008972595,-0.9695805901076308,0.8660254037844387,-0.4999999999999998,-0.7818314824680299,0.6234898018587334,0,weekend,158.4125
2022-07-18,2022,7,18,199,8,0,324.03,2022-07-18 08:00:00+00:00,2022-07-18 09:00:00+00:00,63365.035,2825.505,1234.9425,28995.7575,65380.78,33056.205,-0.2614143985111562,-0.965226663665613,0.8660254037844387,-0.4999999999999998,0.0,1.0,0,weekday,157.26
2022-07-19,2022,7,19,200,8,1,364.07,2022-07-19 08:00:00+00:00,2022-07-19 09:00:00+00:00,64887.41,625.7,791.085,30954.5425,65933.22,32371.3275,-0.2779791393987801,-0.9605871111248128,0.8660254037844387,-0.4999999999999998,0.7818314824680298,0.6234898018587336,0,weekday,154.455
2022-07-20,2022,7,20,201,8,2,299.15,2022-07-20 08:00:00+00:00,2022-07-20 09:00:00+00:00,67189.5775,3364.25,4785.465,29068.4025,67453.08,37218.1175,-0.2944616217868012,-0.9556633054034704,0.8660254037844387,-0.4999999999999998,0.9749279121818236,-0.2225209339563143,0,weekday,155.04
2022-07-21,2022,7,21,202,8,3,431.95,2022-07-21 08:00:00+00:00,2022-07-21 09:00:00+00:00,67372.72,1216.2275,6218.02,20377.9825,64432.54,27812.23,-0.3108569682435036,-0.9504567035349152,0.8660254037844387,-0.4999999999999998,0.4338837391175582,-0.900968867902419,0,weekday,155.6
2022-07-22,2022,7,22,203,8,4,342.65,2022-07-22 08:00:00+00:00,2022-07-22 09:00:00+00:00,66119.5275,2286.8,4282.375,23755.7025,66819.36,30324.8775,-0.3271603271220951,-0.9449688462364056,0.8660254037844387,-0.4999999999999998,-0.433883739117558,-0.9009688679024191,0,weekday,159.865
2022-07-23,2022,7,23,204,8,5,337.02,2022-07-23 08:00:00+00:00,2022-07-23 09:00:00+00:00,54944.0675,1306.5475,3322.135,18424.17,55349.85,23052.8525,-0.343366873996388,-0.939201357453208,0.8660254037844387,-0.4999999999999998,-0.9749279121818236,-0.2225209339563146,0,weekend,159.865
2022-07-24,2022,7,24,205,8,6,149.99,2022-07-24 08:00:00+00:00,2022-07-24 09:00:00+00:00,48440.1275,3389.5325000000003,2077.6875,29200.9975,56048.51,34668.2175,-0.3594718130884232,-0.9331559438780432,0.8660254037844387,-0.4999999999999998,-0.7818314824680299,0.6234898018587334,0,weekend,168.24
2022-07-25,2022,7,25,206,8,0,295.58,2022-07-25 08:00:00+00:00,2022-07-25 09:00:00+00:00,65518.635,2042.315,6620.8775,27603.77,66667.75,36266.9625,-0.3754703786876202,-0.9268343944460494,0.8660254037844387,-0.4999999999999998,0.0,1.0,0,weekday,176.615
2022-07-26,2022,7,26,207,8,1,235.59,2022-07-26 08:00:00+00:00,2022-07-26 09:00:00+00:00,66227.7725,4059.9975,11231.7225,21760.525,69749.34,37052.245,-0.3913578365610259,-0.9202385798054076,0.8660254037844387,-0.4999999999999998,0.7818314824680298,0.6234898018587336,0,weekday,199.92
2022-07-27,2022,7,27,208,8,2,425.61,2022-07-27 08:00:00+00:00,2022-07-27 09:00:00+00:00,66214.485,3084.905,6919.93,21645.72,66075.16,31650.555,-0.4071294853542516,-0.9133704517637858,0.8660254037844387,-0.4999999999999998,0.9749279121818236,-0.2225209339563143,0,weekday,205.225
2022-07-28,2022,7,28,209,8,3,451.16,2022-07-28 08:00:00+00:00,2022-07-28 09:00:00+00:00,64326.2575,152.695,1671.88,26823.84,62292.97,28648.415,-0.4227806579826773,-0.9062320427107696,0.8660254037844387,-0.4999999999999998,0.4338837391175582,-0.900968867902419,0,weekday,198.93
2022-07-29,2022,7,29,210,8,4,463.44,2022-07-29 08:00:00+00:00,2022-07-29 09:00:00+00:00,63569.315,733.1725,1919.925,21389.3175,60146.71,24042.415,-0.4383067230125192,-0.898825465016444,0.8660254037844387,-0.4999999999999998,-0.433883739117558,-0.9009688679024191,0,weekday,190.915
2022-07-30,2022,7,30,211,8,5,335.48,2022-07-30 08:00:00+00:00,2022-07-30 09:00:00+00:00,52710.29,326.6825,1686.9325,21778.11,52369.71,23791.725,-0.4537030860313442,-0.8911529104063088,0.8660254037844387,-0.4999999999999998,-0.9749279121818236,-0.2225209339563146,0,weekend,190.915
2022-07-31,2022,7,31,212,8,6,261.1,2022-07-31 08:00:00+00:00,2022-07-31 09:00:00+00:00,47988.9125,953.605,1437.7975,22797.73,50743.11,25189.1325,-0.4689651910076318,-0.8832166493127127,0.8660254037844387,-0.4999999999999998,-0.7818314824680299,0.6234898018587334,0,weekend,195.855
2022-08-01,2022,8,1,213,8,0,447.89,2022-08-01 08:00:00+00:00,2022-08-01 09:00:00+00:00,65123.6225,1079.83,5432.525,19372.5325,61545.48,25884.8875,-0.4840885216389758,-0.8750190302029955,0.8660254037844387,-0.4999999999999998,0.0,1.0,0,weekday,200.795
2022-08-02,2022,8,2,214,8,1,328.26,2022-08-02 08:00:00+00:00,2022-08-02 09:00:00+00:00,64976.9875,3646.39,1403.2075,26554.9175,65423.65,31604.515,-0.4990686026885319,-0.8665624788845385,0.8660254037844387,-0.4999999999999998,0.7818314824680298,0.6234898018587336,0,weekday,205.175
2022-08-03,2022,8,3,215,8,2,317.82,2022-08-03 08:00:00+00:00,2022-08-03 09:00:00+00:00,63607.345,3355.5525,2730.625,28667.17,67061.45,34753.3475,-0.5139010013093103,-0.8578494977869301,0.8660254037844387,-0.4999999999999998,0.9749279121818236,-0.2225209339563143,0,weekday,199.195
2022-08-04,2022,8,4,216,8,3,408.25,2022-08-04 08:00:00+00:00,2022-08-04 09:00:00+00:00,64505.91,978.555,2315.94,28661.1725,65314.14,31955.6675,-0.5285813283559292,-0.8488826652214553,0.8660254037844387,-0.4999999999999998,0.4338837391175582,-0.900968867902419,0,weekday,199.25
2022-08-05,2022,8,5,217,8,4,428.44,2022-08-05 08:00:00+00:00,2022-08-05 09:00:00+00:00,65607.5175,533.1375,2263.415,19668.6875,61247.59,22465.24,-0.5431052396834317,-0.8396646346181327,0.8660254037844387,-0.4999999999999998,-0.433883739117558,-0.9009688679024191,0,weekday,196.32
2022-08-06,2022,8,6,218,8,5,238.11,2022-08-06 08:00:00+00:00,2022-08-06 09:00:00+00:00,52908.8875,1692.8825,3879.0875,24066.7775,59086.86,29638.7475,-0.5574684374327892,-0.8301981337405212,0.8660254037844387,-0.4999999999999998,-0.9749279121818236,-0.2225209339563146,0,weekend,196.32
2022-08-07,2022,8,7,219,8,6,100.0,2022-08-07 08:00:00+00:00,2022-08-07 09:00:00+00:00,47873.1,746.175,1675.6025,28323.9475,53328.33,30745.725,-0.5716666713027052,-0.8204859638785327,0.8660254037844387,-0.4999999999999998,-0.7818314824680299,0.6234898018587334,0,weekend,194.6875
2022-08-08,2022,8,8,220,8,0,339.44,2022-08-08 08:00:00+00:00,2022-08-08 09:00:00+00:00,62937.035,134.95,708.64,29182.28,62417.29,30025.87,-0.5856957398073508,-0.8105309990194823,0.8660254037844387,-0.4999999999999998,0.0,1.0,0,weekday,193.055
2022-08-09,2022,8,9,221,8,1,310.09,2022-08-09 08:00:00+00:00,2022-08-09 09:00:00+00:00,63579.0025,15.9175,1495.86,29239.0225,63396.06,30750.8,-0.5995514915196489,-0.8003361849976323,0.8660254037844387,-0.4999999999999998,0.7818314824680298,0.6234898018587336,0,weekday,192.185
2022-08-10,2022,8,10,222,8,2,302.9,2022-08-10 08:00:00+00:00,2022-08-10 09:00:00+00:00,63489.215,37.8325,1875.535,29975.5725,63505.79,31888.94,-0.6132298262997502,-0.7899045386224707,0.8660254037844387,-0.4999999999999998,0.9749279121818236,-0.2225209339563143,0,weekday,205.365
2022-08-11,2022,8,11,223,8,3,355.1,2022-08-11 08:00:00+00:00,2022-08-11 09:00:00+00:00,63703.1875,68.65,1698.745,30503.6325,62729.93,32271.0275,-0.6267266965083301,-0.7792391467859886,0.8660254037844387,-0.4999999999999998,0.4338837391175582,-0.900968867902419,0,weekday,208.11
2022-08-12,2022,8,12,224,8,4,419.9,2022-08-12 08:00:00+00:00,2022-08-12 09:00:00+00:00,63876.665,260.9175,2805.685,30341.182500000003,64580.43,33407.785,-0.6400381082043503,-0.7683431655492202,0.8660254037844387,-0.4999999999999998,-0.433883739117558,-0.9009688679024191,0,weekday,206.11
2022-08-13,2022,8,13,225,8,5,333.41,2022-08-13 08:00:00+00:00,2022-08-13 09:00:00+00:00,53292.817500000005,192.0025,1781.5625,28809.81,56974.34,30783.375,-0.65316012232693,-0.7572198192083127,0.8660254037844387,-0.4999999999999998,-0.9749279121818236,-0.2225209339563146,0,weekend,206.11
2022-08-14,2022,8,14,226,8,6,309.0,2022-08-14 08:00:00+00:00,2022-08-14 09:00:00+00:00,48990.54,1523.1725,3306.7725,27486.9825,57065.35,32316.9275,-0.666088855860977,-0.7458723993404063,0.8660254037844387,-0.4999999999999998,-0.7818314824680299,0.6234898018587334,0,weekend,213.11
2022-08-15,2022,8,15,227,8,0,431.41,2022-08-15 08:00:00+00:00,2022-08-15 09:00:00+00:00,59196.0475,1256.2875,2868.1525,20912.13,57789.12,25036.57,-0.6788204829862355,-0.734304263829602,0.8660254037844387,-0.4999999999999998,0.0,1.0,0,weekday,220.11
2022-08-16,2022,8,16,228,8,1,450.0,2022-08-16 08:00:00+00:00,2022-08-16 09:00:00+00:00,64667.1325,708.115,1281.3275,26543.2875,64675.24,28532.73,-0.6913512362094071,-0.722518835873311,0.8660254037844387,-0.4999999999999998,0.7818314824680298,0.6234898018587336,0,weekday,225.915
2022-08-17,2022,8,17,229,8,2,549.97,2022-08-17 08:00:00+00:00,2022-08-17 09:00:00+00:00,64306.92,88.5,465.5125,24001.44,63026.45,24555.4525,-0.7036774074790128,-0.7105196029692745,0.8660254037844387,-0.4999999999999998,0.9749279121818236,-0.2225209339563143,0,weekday,225.835
2022-08-18,2022,8,18,230,8,3,610.19,2022-08-18 08:00:00+00:00,2022-08-18 09:00:00+00:00,64205.105,1667.805,1734.27,17394.2425,58388.05,20796.3175,-0.7157953492826642,-0.6983101158835584,0.8660254037844387,-0.4999999999999998,0.4338837391175582,-0.900968867902419,0,weekday,241.005
2022-08-19,2022,8,19,231,8,4,566.0,2022-08-19 08:00:00+00:00,2022-08-19 09:00:00+00:00,64547.8275,504.7925,2167.7375,14229.865,57258.1,16902.395,-0.7277014757264236,-0.6858939875998223,0.8660254037844387,-0.4999999999999998,-0.433883739117558,-0.9009688679024191,0,weekday,244.55
2022-08-20,2022,8,20,232,8,5,464.5,2022-08-20 08:00:00+00:00,2022-08-20 09:00:00+00:00,53835.0925,703.97,2749.9375,11484.3825,48654.47,14938.29,-0.7393922635959241,-0.673274892250183,0.8660254037844387,-0.4999999999999998,-0.9749279121818236,-0.2225209339563146,0,weekend,244.55
2022-08-21,2022,8,21,233,8,6,254.52,2022-08-21 08:00:00+00:00,2022-08-21 09:00:00+00:00,48161.01,2559.1225,2736.78,25073.3075,57094.82,30369.21,-0.7508642533989489,-0.6604565640279754,0.8660254037844387,-0.4999999999999998,-0.7818314824680299,0.6234898018587334,0,weekend,260.65
2022-08-22,2022,8,22,234,8,0,583.46,2022-08-22 08:00:00+00:00,2022-08-22 09:00:00+00:00,63415.5575,59.36,318.35,23098.295,63498.37,23476.005,-0.7621140503891487,-0.6474427960827475,0.8660254037844387,-0.4999999999999998,0.0,1.0,0,weekday,276.75
2022-08-23,2022,8,23,235,8,1,614.01,2022-08-23 08:00:00+00:00,2022-08-23 09:00:00+00:00,64889.8425,692.2275,2646.7375,25998.71,67337.2,29337.675,-0.7731383255706026,-0.6342374393978054,0.8660254037844387,-0.4999999999999998,0.7818314824680298,0.6234898018587336,0,weekday,269.05
2022-08-24,2022,8,24,236,8,2,588.06,2022-08-24 08:00:00+00:00,2022-08-24 09:00:00+00:00,63872.1675,559.8025,2158.185,25466.7825,67416.75,28184.77,-0.7839338166829201,-0.620844401650647,0.8660254037844387,-0.4999999999999998,0.9749279121818236,-0.2225209339563143,0,weekday,292.15
2022-08-25,2022,8,25,237,8,3,576.99,2022-08-25 08:00:00+00:00,2022-08-25 09:00:00+00:00,63878.315,2940.58,3129.09,24526.0125,69126.78,30595.682500000003,-0.7944973291665992,-0.6072676460566135,0.8660254037844387,-0.4999999999999998,0.4338837391175582,-0.900968867902419,0,weekday,321.415
2022-08-26,2022,8,26,238,8,4,763.2,2022-08-26 08:00:00+00:00,2022-08-26 09:00:00+00:00,64509.4925,1218.0125,1446.135,19584.0025,63114.32,22248.15,-0.8048257371083452,-0.593511190196115,0.8660254037844387,-0.4999999999999998,-0.433883739117558,-0.9009688679024191,0,weekday,339.195
2022-08-27,2022,8,27,239,8,5,660.75,2022-08-27 08:00:00+00:00,2022-08-27 09:00:00+00:00,53731.19,2483.625,5206.7775,9786.7725,51858.06,17477.175,-0.8149159841660791,-0.5795791048257612,0.8660254037844387,-0.4999999999999998,-0.9749279121818236,-0.2225209339563146,0,weekend,339.195
2022-08-28,2022,8,28,240,8,6,275.09,2022-08-28 08:00:00+00:00,2022-08-28 09:00:00+00:00,47890.955,4433.2625,7388.2625,17985.1675,58282.05,29806.6925,-0.8247650844733614,-0.5654755126737576,0.8660254037844387,-0.4999999999999998,-0.7818314824680299,0.6234898018587334,0,weekend,305.9
2022-08-29,2022,8,29,241,8,0,661.36,2022-08-29 08:00:00+00:00,2022-08-29 09:00:00+00:00,64046.1125,1429.7975,3036.6625,21619.16,64247.23,26085.62,-0.8343701235229538,-0.5512045872199277,0.8660254037844387,-0.4999999999999998,0.0,1.0,0,weekday,272.605
2022-08-30,2022,8,30,242,8,1,664.79,2022-08-30 08:00:00+00:00,2022-08-30 09:00:00+00:00,65125.5775,1217.6425,2161.3100000000004,24316.06,68566.0,27695.0125,-0.8437282590292712,-0.5367705514607103,0.8660254037844387,-0.4999999999999998,0.7818314824680298,0.6234898018587336,0,weekday,252.937
2022-08-31,2022,8,31,243,8,2,633.31,2022-08-31 08:00:00+00:00,2022-08-31 09:00:00+00:00,64363.3575,1608.495,4116.82,14404.4325,63550.46,20129.7475,-0.8528367217694595,-0.522177676659508,0.8660254037844387,-0.4999999999999998,0.9749279121818236,-0.2225209339563143,0,weekday,239.905
2022-09-01,2022,9,1,244,8,3,567.93,2022-09-01 08:00:00+00:00,2022-09-01 09:00:00+00:00,64964.73,771.435,3030.675,22956.59,67685.41,26758.7,-0.8616928164028522,-0.5074302810827518,0.8660254037844387,-0.4999999999999998,0.4338837391175582,-0.900968867902419,0,weekday,243.005
2022-09-02,2022,9,2,245,8,4,497.53,2022-09-02 08:00:00+00:00,2022-09-02 09:00:00+00:00,63506.3725,1885.105,5313.52,27287.32,70941.96,34485.945,-0.8702939222685674,-0.4925327287220543,0.8660254037844387,-0.4999999999999998,-0.433883739117558,-0.9009688679024191,0,weekday,214.665
2022-09-03,2022,9,3,246,8,5,206.73,2022-09-03 08:00:00+00:00,2022-09-03 09:00:00+00:00,53593.445,4060.565,8442.945,20439.5075,61966.13,32943.0175,-0.8786374941610001,-0.4774894280028391,0.8660254037844387,-0.4999999999999998,-0.9749279121818236,-0.2225209339563146,0,weekend,214.665
2022-09-04,2022,9,4,247,8,6,125.91,2022-09-04 08:00:00+00:00,2022-09-04 09:00:00+00:00,47568.815,3890.98,3848.6375,23204.5775,57901.28,30944.195,-0.886721063082993,-0.4623048304798108,0.8660254037844387,-0.4999999999999998,-0.7818314824680299,0.6234898018587334,0,weekend,223.05666666666667
2022-09-05,2022,9,5,248,8,0,400.99,2022-09-05 08:00:00+00:00,2022-09-05 09:00:00+00:00,64079.7325,3737.2375,5393.6925,24426.845,69149.45,33557.775,-0.8945422369764496,-0.4469834295196741,0.8660254037844387,-0.4999999999999998,0.0,1.0,0,weekday,231.44833333333332
2022-09-06,2022,9,6,249,8,1,431.07,2022-09-06 08:00:00+00:00,2022-09-06 09:00:00+00:00,64812.82,4497.9225,8186.675,21273.3025,70843.87,33957.9,-0.9020987014301836,-0.4315297589714714,0.8660254037844387,-0.4999999999999998,0.7818314824680298,0.6234898018587336,0,weekday,239.84
2022-09-07,2022,9,7,250,8,2,469.94,2022-09-07 08:00:00+00:00,2022-09-07 09:00:00+00:00,65671.35,1632.3075,4256.9175,15780.3225,63503.81,21669.5475,-0.9093882203647924,-0.4159483918249421,0.8660254037844387,-0.4999999999999998,0.9749279121818236,-0.2225209339563143,0,weekday,213.885
2022-09-08,2022,9,8,251,8,3,483.69,2022-09-08 08:00:00+00:00,2022-09-08 09:00:00+00:00,65328.0425,3361.4875,7967.21,7879.91,61618.45,19208.6075,-0.9164086366943458,-0.4002439388573056,0.8660254037844387,-0.4999999999999998,0.4338837391175582,-0.900968867902419,0,weekday,220.54
2022-09-09,2022,9,9,252,8,4,353.07,2022-09-09 08:00:00+00:00,2022-09-09 09:00:00+00:00,65778.57999999999,1594.425,7076.215,19110.355,64850.43,27780.995,-0.923157872964704,-0.3844210472688554,0.8660254037844387,-0.4999999999999998,-0.433883739117558,-0.9009688679024191,0,weekday,207.09
2022-09-10,2022,9,10,253,8,5,419.9,2022-09-10 08:00:00+00:00,2022-09-10 09:00:00+00:00,54320.55,302.3175,4221.1975,13186.22,51686.49,17709.735,-0.9296339319682696,-0.3684843993077793,0.8660254037844387,-0.4999999999999998,-0.9749279121818236,-0.2225209339563146,0,weekend,207.09
2022-09-11,2022,9,11,254,8,6,388.5,2022-09-11 08:00:00+00:00,2022-09-11 09:00:00+00:00,48800.6475,135.435,1891.04,13576.0175,47868.46,15602.4925,-0.935834897334994,-0.3524387108846032,0.8660254037844387,-0.4999999999999998,-0.7818314824680299,0.6234898018587334,0,weekend,198.84
2022-09-12,2022,9,12,255,8,0,405.02,2022-09-12 08:00:00+00:00,2022-09-12 09:00:00+00:00,64234.9275,1807.2375,838.6575,22415.0875,66838.89,25060.9825,-0.9417589340994617,-0.3362887301766828,0.8660254037844387,-0.4999999999999998,0.0,1.0,0,weekday,190.59
2022-09-13,2022,9,13,256,8,1,422.29,2022-09-13 08:00:00+00:00,2022-09-13 09:00:00+00:00,66039.5925,4444.8150000000005,8426.092499999999,14850.425,68279.22,27721.3325,-0.9474042892438844,-0.3200392362231385,0.8660254037844387,-0.4999999999999998,0.7818314824680298,0.6234898018587336,0,weekday,198.61
2022-09-14,2022,9,14,257,8,2,505.76,2022-09-14 08:00:00+00:00,2022-09-14 09:00:00+00:00,65100.2725,1898.2775,3944.72,8841.9225,59140.43,14684.92,-0.9527692922168512,-0.3036950375106588,0.8660254037844387,-0.4999999999999998,0.9749279121818236,-0.2225209339563143,0,weekday,217.88
2022-09-15,2022,9,15,258,8,3,420.61,2022-09-15 08:00:00+00:00,2022-09-15 09:00:00+00:00,64485.4325,4970.077499999999,10009.31,12143.1975,66779.09,27122.585,-0.9578523554276668,-0.2872609705505963,0.8660254037844387,-0.4999999999999998,0.4338837391175582,-0.900968867902419,0,weekday,214.285
2022-09-16,2022,9,16,259,8,4,190.32,2022-09-16 08:00:00+00:00,2022-09-16 09:00:00+00:00,64281.7275,5792.1,20042.2125,14170.06,73612.73,40004.3725,-0.9626519747161488,-0.2707418984477642,0.8660254037844387,-0.4999999999999998,-0.433883739117558,-0.9009688679024191,0,weekday,187.795
2022-09-17,2022,9,17,260,8,5,79.55,2022-09-17 08:00:00+00:00,2022-09-17 09:00:00+00:00,54869.72,5365.73,20664.7775,11716.7225,63221.03,37747.23,-0.9671667297977312,-0.2541427094613622,0.8660254037844387,-0.4999999999999998,-0.9749279121818236,-0.2225209339563146,0,weekend,187.795
2022-09-18,2022,9,18,261,8,6,72.55,2022-09-18 08:00:00+00:00,2022-09-18 09:00:00+00:00,48776.085,5214.825,23908.795,9863.1875,62185.47,38986.8075,-0.97139528468375,-0.2374683155584684,0.8660254037844387,-0.4999999999999998,-0.7818314824680299,0.6234898018587334,0,weekend,185.02749999999997
2022-09-19,2022,9,19,262,8,0,325.98,2022-09-19 08:00:00+00:00,2022-09-19 09:00:00+00:00,64325.5875,4657.9825,11670.0675,14023.05,66220.64,30351.1,-0.9753363880767836,-0.2207236509605022,0.8660254037844387,-0.4999999999999998,0.0,1.0,0,weekday,182.26
2022-09-20,2022,9,20,263,8,1,364.15,2022-09-20 08:00:00+00:00,2022-09-20 09:00:00+00:00,65011.57,1762.77,3240.435,16336.675,64477.11,21339.88,-0.978988873740932,-0.2039136706831147,0.8660254037844387,-0.4999999999999998,0.7818314824680298,0.6234898018587336,0,weekday,194.26
2022-09-21,2022,9,21,264,8,2,358.15,2022-09-21 08:00:00+00:00,2022-09-21 09:00:00+00:00,65054.42,80.88499999999999,543.3225,22923.9,65791.84,23548.1075,-0.9823516608469236,-0.1870433490699165,0.8660254037844387,-0.4999999999999998,0.9749279121818236,-0.2225209339563143,0,weekday,189.78
2022-09-22,2022,9,22,265,8,3,333.9,2022-09-22 08:00:00+00:00,2022-09-22 09:00:00+00:00,66421.7325,662.6375,627.865,24402.035,65064.38,25692.5375,-0.9854237542919524,-0.1701176783204905,0.8660254037844387,-0.4999999999999998,0.4338837391175582,-0.900968867902419,0,weekday,187.47
2022-09-23,2022,9,23,266,8,4,350.92,2022-09-23 08:00:00+00:00,2022-09-23 09:00:00+00:00,65515.855,1774.1675,2886.575,21766.4525,68224.06,26427.195,-0.9882042449941422,-0.15314166701312,0.8660254037844387,-0.4999999999999998,-0.433883739117558,-0.9009688679024191,0,weekday,185.495
2022-09-24,2022,9,24,267,8,5,369.93,2022-09-24 08:00:00+00:00,2022-09-24 09:00:00+00:00,56613.67,2021.93,1052.2125,10211.9425,51527.64,13286.085,-0.9906923101615608,-0.136120338622667,0.8660254037844387,-0.4999999999999998,-0.9749279121818236,-0.2225209339563146,0,weekend,185.495
2022-09-25,2022,9,25,268,8,6,271.97,2022-09-25 08:00:00+00:00,2022-09-25 09:00:00+00:00,52243.9775,1137.4075,1471.99,11074.105,48263.53,13683.5025,-0.9928872135356962,-0.1190587300340498,0.8660254037844387,-0.4999999999999998,-0.7818314824680299,0.6234898018587334,0,weekend,179.66500000000002
2022-09-26,2022,9,26,269,8,0,259.75,2022-09-26 08:00:00+00:00,2022-09-26 09:00:00+00:00,65925.965,4045.6275,15754.26,14068.9425,72247.98,33868.83,-0.994788305609327,-0.1019618900517457,0.8660254037844387,-0.4999999999999998,0.0,1.0,0,weekday,173.835
2022-09-27,2022,9,27,270,8,1,366.86,2022-09-27 08:00:00+00:00,2022-09-27 09:00:00+00:00,67089.5575,2683.2650000000003,13139.5175,6937.17,67616.98,22759.9525,-0.9963950238187232,-0.0848348779057653,0.8660254037844387,-0.4999999999999998,0.7818314824680298,0.6234898018587336,0,weekday,186.1
2022-09-28,2022,9,28,271,8,2,409.97,2022-09-28 08:00:00+00:00,2022-09-28 09:00:00+00:00,67308.88,185.31,3479.7075,8455.4975,58202.73,12120.515,-0.9977068927101168,-0.0676827617545516,0.8660254037844387,-0.4999999999999998,0.9749279121818236,-0.2225209339563143,0,weekday,207.185
2022-09-29,2022,9,29,272,8,3,443.38,2022-09-29 08:00:00+00:00,2022-09-29 09:00:00+00:00,66947.09,1157.03,885.2275,14601.05,63254.33,16643.3075,-0.9987235240803972,-0.0505106171852228,0.8660254037844387,-0.4999999999999998,0.4338837391175582,-0.900968867902419,0,weekday,187.665
2022-09-30,2022,9,30,273,8,4,376.35,2022-09-30 08:00:00+00:00,2022-09-30 09:00:00+00:00,66528.9075,261.205,1590.7325,18749.53,64047.43,20601.4675,-0.9994446170919858,-0.0333235257116313,0.8660254037844387,-0.4999999999999998,-0.433883739117558,-0.9009688679024191,0,weekday,188.8
2022-10-01,2022,10,1,274,8,5,109.85,2022-10-01 08:00:00+00:00,2022-10-01 09:00:00+00:00,57944.76,3684.965,27840.6375,5222.6,64814.09,36748.2025,-0.9998699583618592,-0.0161265732706577,0.8660254037844387,-0.4999999999999998,-0.9749279121818236,-0.2225209339563146,0,weekend,188.8
2022-10-02,2022,10,2,275,8,6,74.15,2022-10-02 08:00:00+00:00,2022-10-02 09:00:00+00:00,51608.1,5471.215,20913.195,9171.535,61390.94,35555.945,-0.9999994220246924,0.0010751512827982,0.8660254037844387,-0.4999999999999998,-0.7818314824680299,0.6234898018587334,0,weekend,179.35500000000002
2022-10-03,2022,10,3,276,8,0,193.73,2022-10-03 08:00:00+00:00,2022-10-03 09:00:00+00:00,57591.4925,2974.525,12992.9675,13575.035,57492.01,29542.5275,-0.999832969770105,0.0182765576816912,0.8660254037844387,-0.4999999999999998,0.0,1.0,1,holiday,169.91
2022-10-04,2022,10,4,277,8,1,258.9,2022-10-04 08:00:00+00:00,2022-10-04 09:00:00+00:00,67009.88,4066.3225,4203.5925,14650.315,62541.35,22920.230000000003,-0.9993706508539968,0.0354725557531255,0.8660254037844387,-0.4999999999999998,0.7818314824680298,0.6234898018587336,0,weekday,161.95
2022-10-05,2022,10,5,278,8,2,107.23,2022-10-05 08:00:00+00:00,2022-10-05 09:00:00+00:00,68167.1725,5560.365,15280.9375,18392.975,69546.83,39234.2775,-0.9986126020839734,0.052658056924614,0.8660254037844387,-0.4999999999999998,0.9749279121818236,-0.2225209339563143,0,weekday,173.695
2022-10-06,2022,10,6,279,8,3,62.9,2022-10-06 08:00:00+00:00,2022-10-06 09:00:00+00:00,66443.56,6375.84,20503.085,18874.0,71708.29,45752.925,-0.9975590477788612,0.0698279757298708,0.8660254037844387,-0.4999999999999998,0.4338837391175582,-0.900968867902419,0,weekday,175.71
2022-10-07,2022,10,7,280,8,4,160.65,2022-10-07 08:00:00+00:00,2022-10-07 09:00:00+00:00,67022.785,5480.49,10105.2025,19250.1425,68405.57,34835.835,-0.9962102997023295,0.0869772313136861,0.8660254037844387,-0.4999999999999998,-0.433883739117558,-0.9009688679024191,0,weekday,156.205
2022-10-08,2022,10,8,281,8,5,165.29,2022-10-08 08:00:00+00:00,2022-10-08 09:00:00+00:00,58215.235,5184.2425,12768.0825,12619.03,61518.06,30571.355000000003,-0.9945667569706336,0.1041007489354256,0.8660254037844387,-0.4999999999999998,-0.9749279121818236,-0.2225209339563146,0,weekend,156.205
2022-10-09,2022,10,9,282,8,6,116.0,2022-10-09 08:00:00+00:00,2022-10-09 09:00:00+00:00,53184.6575,2135.9425,3584.965,21154.52,54460.65,26875.4275,-0.9926289059345096,0.121193461470736,0.8660254037844387,-0.4999999999999998,-0.7818314824680299,0.6234898018587334,0,weekend,155.16250000000002
2022-10-10,2022,10,10,283,8,0,165.03,2022-10-10 08:00:00+00:00,2022-10-10 09:00:00+00:00,67606.05,5182.41,9635.385,18820.8325,68747.64,33638.6275,-0.9903973200352558,0.1382503109109819,0.8660254037844387,-0.4999999999999998,0.0,1.0,0,weekday,154.12
2022-10-11,2022,10,11,284,8,1,258.72,2022-10-11 08:00:00+00:00,2022-10-11 09:00:00+00:00,67735.5425,2733.025,4238.705,13404.8625,64588.81,20376.5925,-0.9878726596350428,0.1552662498599956,0.8660254037844387,-0.4999999999999998,0.7818314824680298,0.6234898018587336,0,weekday,156.78
2022-10-12,2022,10,12,285,8,2,283.73,2022-10-12 08:00:00+00:00,2022-10-12 09:00:00+00:00,66359.6075,1782.095,1455.765,14783.74,63373.45,18021.6,-0.9850556718215012,0.172236243027682,0.8660254037844387,-0.4999999999999998,0.9749279121818236,-0.2225209339563143,0,weekday,160.19
2022-10-13,2022,10,13,286,8,3,280.05,2022-10-13 08:00:00+00:00,2022-10-13 09:00:00+00:00,66798.2375,2378.6325,6445.7225,9680.42,64209.22,18504.775,-0.981947190186646,0.1891552687200409,0.8660254037844387,-0.4999999999999998,0.4338837391175582,-0.900968867902419,0,weekday,153.81
2022-10-14,2022,10,14,287,8,4,297.26,2022-10-14 08:00:00+00:00,2022-10-14 09:00:00+00:00,67438.525,1531.555,4091.28,8793.5975,59320.11,14416.4325,-0.9785481345802032,0.2060183203251708,0.8660254037844387,-0.4999999999999998,-0.433883739117558,-0.9009688679024191,0,weekday,141.995
2022-10-15,2022,10,15,288,8,5,185.09,2022-10-15 08:00:00+00:00,2022-10-15 09:00:00+00:00,58018.7675,3410.53,8175.67,6410.505,52230.6,17996.705,-0.9748595108374124,0.2228204077947995,0.8660254037844387,-0.4999999999999998,-0.9749279121818236,-0.2225209339563146,0,weekend,141.995
2022-10-16,2022,10,16,289,8,6,75.32,2022-10-16 08:00:00+00:00,2022-10-16 09:00:00+00:00,53758.94,5474.4425,14394.9675,12178.32,59781.97,32047.73,-0.9708824104813836,0.239556559120927,0.8660254037844387,-0.4999999999999998,-0.7818314824680299,0.6234898018587334,0,weekend,134.9875
2022-10-17,2022,10,17,290,8,0,128.32,2022-10-17 08:00:00+00:00,2022-10-17 09:00:00+00:00,67329.9325,5373.389999999999,15987.505,15555.77,71078.4,36916.66499999999,-0.9666180104000972,0.2562218218071163,0.8660254037844387,-0.4999999999999998,0.0,1.0,0,weekday,127.98
2022-10-18,2022,10,18,291,8,1,201.96,2022-10-18 08:00:00+00:00,2022-10-18 09:00:00+00:00,67479.27,3832.4825,3958.055,8442.875,62798.47,16233.4125,-0.9620675724981452,0.2728112643340191,0.8660254037844387,-0.4999999999999998,0.7818314824680298,0.6234898018587336,0,weekday,113.22
2022-10-19,2022,10,19,292,8,2,187.31,2022-10-19 08:00:00+00:00,2022-10-19 09:00:00+00:00,67816.2975,388.24,2125.7375,9750.9375,58290.87,12264.915,-0.957232443323312,0.2893199776186952,0.8660254037844387,-0.4999999999999998,0.9749279121818236,-0.2225209339563143,0,weekday,112.51
2022-10-20,2022,10,20,293,8,3,167.41,2022-10-20 08:00:00+00:00,2022-10-20 09:00:00+00:00,68327.6375,4958.3675,17181.145,13259.1125,69307.03,35398.625,-0.9521140536681102,0.3057430764672831,0.8660254037844387,-0.4999999999999998,0.4338837391175582,-0.900968867902419,0,weekday,127.145
2022-10-21,2022,10,21,294,8,4,181.74,2022-10-21 08:00:00+00:00,2022-10-21 09:00:00+00:00,67819.1575,931.2975,9912.445,5850.2725,58241.58,16694.015,-0.9467139181463862,0.3220757010206104,0.8660254037844387,-0.4999999999999998,-0.433883739117558,-0.9009688679024191,0,weekday,113.575
2022-10-22,2022,10,22,295,8,5,140.45,2022-10-22 08:00:00+00:00,2022-10-22 09:00:00+00:00,58309.455,3159.205,7018.91,7639.219999999999,51323.28,17817.335,-0.9410336347451196,0.3383130181923076,0.8660254037844387,-0.4999999999999998,-0.9749279121818236,-0.2225209339563146,0,weekend,113.575
2022-10-23,2022,10,23,296,8,6,96.0,2022-10-23 08:00:00+00:00,2022-10-23 09:00:00+00:00,54231.9975,1210.2975,7359.1975,12999.235,49707.51,21568.730000000003,-0.9350748843515574,0.3544502230989869,0.8660254037844387,-0.4999999999999998,-0.7818314824680299,0.6234898018587334,0,weekend,106.3725
2022-10-24,2022,10,24,297,8,0,104.75,2022-10-24 08:00:00+00:00,2022-10-24 09:00:00+00:00,68590.14,5257.155000000001,25713.2775,8114.514999999999,71487.89,39084.9475,-0.9288394302558068,0.3704825404820963,0.8660254037844387,-0.4999999999999998,0.0,1.0,0,weekday,99.17
2022-10-25,2022,10,25,298,8,1,102.21,2022-10-25 08:00:00+00:00,2022-10-25 09:00:00+00:00,67583.4175,5486.835,17532.415,12184.0375,68128.34,35203.2875,-0.9223291176290545,0.3864052261209853,0.8660254037844387,-0.4999999999999998,0.7818314824680298,0.6234898018587336,0,weekday,99.795
2022-10-26,2022,10,26,299,8,2,133.31,2022-10-26 08:00:00+00:00,2022-10-26 09:00:00+00:00,68483.44750000001,2445.9525,8441.865,8577.225,57043.69,19465.0425,-0.9155458729775467,0.4022135682368036,0.8660254037844387,-0.4999999999999998,0.9749279121818236,-0.2225209339563143,0,weekday,104.32
2022-10-27,2022,10,27,300,8,3,130.36,2022-10-27 08:00:00+00:00,2022-10-27 09:00:00+00:00,68155.0625,2318.965,8152.612499999999,12897.3825,59056.77,23368.96,-0.9084917035725082,0.4179028888867866,0.8660254037844387,-0.4999999999999998,0.4338837391175582,-0.900968867902419,0,weekday,107.385
2022-10-28,2022,10,28,301,8,4,119.6,2022-10-28 08:00:00+00:00,2022-10-28 09:00:00+00:00,68220.54,1787.4525,13516.32,11447.46,59539.64,26751.2325,-0.9011686968561567,0.4334685453485363,0.8660254037844387,-0.4999999999999998,-0.433883739117558,-0.9009688679024191,0,weekday,112.244
2022-10-29,2022,10,29,302,8,5,95.48,2022-10-29 08:00:00+00:00,2022-10-29 09:00:00+00:00,58525.825,1417.925,4588.1425,10672.5325,46706.92,16678.6,-0.8935790198239952,0.4489059314938798,0.8660254037844387,-0.4999999999999998,-0.9749279121818236,-0.2225209339563146,0,weekend,112.244
2022-10-30,2022,10,30,303,8,6,104.18,2022-10-30 08:00:00+00:00,2022-10-30 09:00:00+00:00,51574.205,690.9525,4741.2275,12424.8425,45280.27,17857.0225,-0.8857249183835637,0.4642104791518923,0.8660254037844387,-0.4999999999999998,-0.7818314824680299,0.6234898018587334,0,weekend,117.797
2022-10-31,2022,10,31,304,8,0,153.3,2022-10-31 08:00:00+00:00,2022-10-31 09:00:00+00:00,62201.645,1224.8675,1736.34,9220.4175,46806.74,12181.625,-0.8776087166898392,0.4793776594606945,0.8660254037844387,-0.4999999999999998,0.0,1.0,0,weekday,123.35
2022-11-01,2022,11,1,305,8,1,67.65,2022-11-01 08:00:00+00:00,2022-11-01 09:00:00+00:00,57299.9725,5698.735000000001,25708.855,6661.225,67357.63,38068.815,-0.8692328164574792,0.4944029842076181,0.8660254037844387,-0.4999999999999998,0.7818314824680298,0.6234898018587336,0,weekday,116.195
2022-11-02,2022,11,2,306,8,2,73.03,2022-11-02 08:00:00+00:00,2022-11-02 09:00:00+00:00,65073.0425,5398.6875,28894.0225,10999.805,74357.9,45292.515,-0.8605996962501181,0.5092820071573356,0.8660254037844387,-0.4999999999999998,0.9749279121818236,-0.2225209339563143,0,weekday,125.865
2022-11-03,2022,11,3,307,8,3,106.7,2022-11-03 08:00:00+00:00,2022-11-03 09:00:00+00:00,68412.04,5873.9425,19378.22,8596.2375,67714.08,33848.4,-0.8517119107469189,0.5240103253675756,0.8660254037844387,-0.4999999999999998,0.4338837391175582,-0.900968867902419,0,weekday,125.445
2022-11-04,2022,11,4,308,8,4,209.9,2022-11-04 08:00:00+00:00,2022-11-04 09:00:00+00:00,69467.7925,4295.505,10171.18,3734.99,62610.13,18201.675000000003,-0.8425720899866032,0.5385835804920232,0.8660254037844387,-0.4999999999999998,-0.433883739117558,-0.9009688679024191,0,weekday,114.785
2022-11-05,2022,11,5,309,8,5,144.35,2022-11-05 08:00:00+00:00,2022-11-05 09:00:00+00:00,56701.98,2506.4425,7867.4825,7610.35,52072.37,17984.275,-0.8331829385891785,0.5529974600700271,0.8660254037844387,-0.4999999999999998,-0.9749279121818236,-0.2225209339563146,0,weekend,114.785
2022-11-06,2022,11,6,310,8,6,44.91,2022-11-06 08:00:00+00:00,2022-11-06 09:00:00+00:00,53181.0125,5905.5675,18062.8375,9989.2825,57662.54,33957.6875,-0.8235472349556007,0.5672476988027229,0.8660254037844387,-0.4999999999999998,-0.7818314824680299,0.6234898018587334,0,weekend,112.235
2022-11-07,2022,11,7,311,8,0,84.4,2022-11-07 08:00:00+00:00,2022-11-07 09:00:00+00:00,69893.28,5748.172500000001,27205.1175,7607.845,71415.08,40561.135,-0.8136678304455991,0.5813300798152042,0.8660254037844387,-0.4999999999999998,0.0,1.0,0,weekday,109.685
2022-11-08,2022,11,8,312,8,1,91.3,2022-11-08 08:00:00+00:00,2022-11-08 09:00:00+00:00,70046.235,5282.07,21988.9625,11743.7925,70894.46,39014.825,-0.8035476485339116,0.5952404359043674,0.8660254037844387,-0.4999999999999998,0.7818314824680298,0.6234898018587336,0,weekday,118.145
2022-11-09,2022,11,9,313,8,2,147.2,2022-11-09 08:00:00+00:00,2022-11-09 09:00:00+00:00,69177.4575,5267.0875,20950.6025,5442.4825,68618.45,31660.1725,-0.7931896839451843,0.6089746507720486,0.8660254037844387,-0.4999999999999998,0.9749279121818236,-0.2225209339563143,0,weekday,113.145
2022-11-10,2022,11,10,314,8,3,167.52,2022-11-10 08:00:00+00:00,2022-11-10 09:00:00+00:00,69306.36499999999,5177.0925,15153.835,8323.445,65189.75,28654.3725,-0.7825970017677834,0.6225286602431057,0.8660254037844387,-0.4999999999999998,0.4338837391175582,-0.900968867902419,0,weekday,113.45
2022-11-11,2022,11,11,315,8,4,125.52,2022-11-11 08:00:00+00:00,2022-11-11 09:00:00+00:00,69227.02,5438.715,16220.46,7311.015,62778.27,28970.19,-0.7717727365467836,0.6358984534680745,0.8660254037844387,-0.4999999999999998,-0.433883739117558,-0.9009688679024191,0,weekday,97.855
2022-11-12,2022,11,12,316,8,5,166.93,2022-11-12 08:00:00+00:00,2022-11-12 09:00:00+00:00,55958.96,1119.245,2151.7825,8137.1925,48520.56,11408.22,-0.7607200913564104,0.6490800741100398,0.8660254037844387,-0.4999999999999998,-0.9749279121818236,-0.2225209339563146,0,weekend,97.855
2022-11-13,2022,11,13,317,8,6,131.57,2022-11-13 08:00:00+00:00,2022-11-13 09:00:00+00:00,52147.94,563.885,7717.6675,9319.3575,51281.51,17600.91,-0.7494423368521954,0.6620696215153815,0.8660254037844387,-0.4999999999999998,-0.7818314824680299,0.6234898018587334,0,weekend,105.78
2022-11-14,2022,11,14,318,8,0,166.45,2022-11-14 08:00:00+00:00,2022-11-14 09:00:00+00:00,68097.2225,3765.685,13278.2975,9676.1275,68613.64,26720.11,-0.7379428103031386,0.6748632518680403,0.8660254037844387,-0.4999999999999998,0.0,1.0,0,weekday,113.705
2022-11-15,2022,11,15,319,8,1,210.0,2022-11-15 08:00:00+00:00,2022-11-15 09:00:00+00:00,68500.39749999999,3449.835,9741.29,7938.955,67219.82,21130.08,-0.7262249146041543,0.6874571793269664,0.8660254037844387,-0.4999999999999998,0.7818314824680298,0.6234898018587336,0,weekday,124.105
2022-11-16,2022,11,16,320,8,2,176.09,2022-11-16 08:00:00+00:00,2022-11-16 09:00:00+00:00,67893.1425,5314.56,18751.5225,2559.25,71697.16,26625.3325,-0.7142921172691032,0.699847677146407,0.8660254037844387,-0.4999999999999998,0.9749279121818236,-0.2225209339563143,0,weekday,113.9
2022-11-17,2022,11,17,321,8,3,89.9,2022-11-17 08:00:00+00:00,2022-11-17 09:00:00+00:00,68231.4625,4719.575,34768.0125,3109.4125,74419.24,42596.99999999999,-0.7021479494046978,0.7120310787787131,0.8660254037844387,-0.4999999999999998,0.4338837391175582,-0.900968867902419,0,weekday,112.555
2022-11-18,2022,11,18,322,8,4,228.56,2022-11-18 08:00:00+00:00,2022-11-18 09:00:00+00:00,67730.79250000001,5657.8675,17075.067499999997,2216.79,70060.97,24949.725,-0.6897960046655887,0.7240037789593305,0.8660254037844387,-0.4999999999999998,-0.433883739117558,-0.9009688679024191,0,weekday,115.51
2022-11-19,2022,11,19,323,8,5,215.07,2022-11-19 08:00:00+00:00,2022-11-19 09:00:00+00:00,55465.1775,2583.02,6487.717500000001,4626.422500000001,56255.2,13697.160000000002,-0.6772399381909491,0.7357622347736527,0.8660254037844387,-0.4999999999999998,-0.9749279121818236,-0.2225209339563146,0,weekend,115.51
2022-11-20,2022,11,20,324,8,6,215.03,2022-11-20 08:00:00+00:00,2022-11-20 09:00:00+00:00,50494.005,607.9525,3658.1375,3888.12,46096.5,8154.21,-0.6644834655228552,0.7473029667054296,0.8660254037844387,-0.4999999999999998,-0.7818314824680299,0.6234898018587334,0,weekend,115.82
2022-11-21,2022,11,21,325,8,0,308.15,2022-11-21 08:00:00+00:00,2022-11-21 09:00:00+00:00,68511.905,635.77,6718.875,3821.2225,60473.85,11175.8675,-0.6515303615068021,0.75862255966641,0.8660254037844387,-0.4999999999999998,0.0,1.0,0,weekday,116.13
2022-11-22,2022,11,22,326,8,1,236.51,2022-11-22 08:00:00+00:00,2022-11-22 09:00:00+00:00,69024.3025,4876.92,17834.7925,2615.26,70452.76,25326.972500000003,-0.6383844591746642,0.7697176640069211,0.8660254037844387,-0.4999999999999998,0.7818314824680298,0.6234898018587336,0,weekday,119.64
2022-11-23,2022,11,23,327,8,2,229.95,2022-11-23 08:00:00+00:00,2022-11-23 09:00:00+00:00,70742.265,4634.435,14214.085,5795.7025,70378.19,24644.2225,-0.6250496486104377,0.7805849965070866,0.8660254037844387,-0.4999999999999998,0.9749279121818236,-0.2225209339563143,0,weekday,129.62
2022-11-24,2022,11,24,328,8,3,294.94,2022-11-24 08:00:00+00:00,2022-11-24 09:00:00+00:00,70116.82,2252.0575,12069.29,2631.0925,67060.07,16952.44,-0.6115298757991053,0.7912213413483807,0.8660254037844387,-0.4999999999999998,0.4338837391175582,-0.900968867902419,0,weekday,129.62
2022-11-25,2022,11,25,329,8,4,289.85,2022-11-25 08:00:00+00:00,2022-11-25 09:00:00+00:00,69580.35,3938.0925,10334.5325,3959.4775,69225.33,18232.1025,-0.5978291414589552,0.801623551065242,0.8660254037844387,-0.4999999999999998,-0.433883739117558,-0.9009688679024191,0,weekday,124.37
2022-11-26,2022,11,26,330,8,5,279.9,2022-11-26 08:00:00+00:00,2022-11-26 09:00:00+00:00,56847.8975,876.7025,6981.48,3212.59,56312.65,11070.7725,-0.5839514998576998,0.8117885474764613,0.8660254037844387,-0.4999999999999998,-0.9749279121818236,-0.2225209339563146,0,weekend,124.37
2022-11-27,2022,11,27,331,8,6,151.77,2022-11-27 08:00:00+00:00,2022-11-27 09:00:00+00:00,53091.035,5126.0075,13544.26,5090.639999999999,57490.27,23760.9075,-0.5699010576127624,0.8217133225960589,0.8660254037844387,-0.4999999999999998,-0.7818314824680299,0.6234898018587334,0,weekend,123.825
2022-11-28,2022,11,28,332,8,0,367.7,2022-11-28 08:00:00+00:00,2022-11-28 09:00:00+00:00,69010.12,3090.73,15890.2575,1700.8425,71666.76,20681.83,-0.5556819724760489,0.8313949395234058,0.8660254037844387,-0.4999999999999998,0.0,1.0,0,weekday,123.28
2022-11-29,2022,11,29,333,8,1,445.32,2022-11-29 08:00:00+00:00,2022-11-29 09:00:00+00:00,69006.475,1500.36,3726.2025,1045.925,63143.1,6272.4875,-0.5412984521036173,0.8408305333122887,0.8660254037844387,-0.4999999999999998,0.7818314824680298,0.6234898018587336,0,weekday,132.286
2022-11-30,2022,11,30,334,8,2,478.6,2022-11-30 08:00:00+00:00,2022-11-30 09:00:00+00:00,66979.6075,805.89,2678.9025,1656.8675,62957.04,5141.66,-0.5267547528105542,0.8500173118187018,0.8660254037844387,-0.4999999999999998,0.9749279121818236,-0.2225209339563143,0,weekday,146.395
2022-12-01,2022,12,1,335,8,3,462.15,2022-12-01 08:00:00+00:00,2022-12-01 09:00:00+00:00,68991.035,1187.25,3103.9425,2208.7025,64381.29,6499.895,-0.5120551783114646,0.8589525565270845,0.8660254037844387,-0.4999999999999998,0.4338837391175582,-0.900968867902419,0,weekday,139.26
2022-12-02,2022,12,2,336,8,4,433.19,2022-12-02 08:00:00+00:00,2022-12-02 09:00:00+00:00,69725.39,3307.855,6461.327499999999,1098.265,67607.16,10867.447499999998,-0.4972040784469378,0.8676336233547726,0.8660254037844387,-0.4999999999999998,-0.433883739117558,-0.9009688679024191,0,weekday,135.56
2022-12-03,2022,12,3,337,8,5,281.67,2022-12-03 08:00:00+00:00,2022-12-03 09:00:00+00:00,57392.34,4919.5025,7539.4025,1527.7625,59819.63,13986.6675,-0.4822058478963526,0.8760579434344281,0.8660254037844387,-0.4999999999999998,-0.9749279121818236,-0.2225209339563146,0,weekend,135.56
2022-12-04,2022,12,4,338,8,6,288.83,2022-12-04 08:00:00+00:00,2022-12-04 09:00:00+00:00,52900.9025,5226.08,9924.415,1845.9975,57486.32,16996.4925,-0.4670649248774303,0.8842230238742036,0.8660254037844387,-0.4999999999999998,-0.7818314824680299,0.6234898018587334,0,weekend,135.13
2022-12-05,2022,12,5,339,8,0,400.49,2022-12-05 08:00:00+00:00,2022-12-05 09:00:00+00:00,68397.95749999999,5198.925,6702.7025,723.955,67084.82,12625.5825,-0.451785789832884,0.8921264484954345,0.8660254037844387,-0.4999999999999998,0.0,1.0,0,weekday,134.7
2022-12-06,2022,12,6,340,8,1,459.95,2022-12-06 08:00:00+00:00,2022-12-06 09:00:00+00:00,68548.84,701.785,3524.08,1512.425,62479.9,5738.29,-0.4363729641045924,0.8997658785476209,0.8660254037844387,-0.4999999999999998,0.7818314824680298,0.6234898018587336,0,weekday,138.49
2022-12-07,2022,12,7,341,8,2,345.7,2022-12-07 08:00:00+00:00,2022-12-07 09:00:00+00:00,69045.935,4897.8125,18287.7475,2255.5725,77226.45,25441.1325,-0.4208310085956556,0.9071390534005044,0.8660254037844387,-0.4999999999999998,0.9749279121818236,-0.2225209339563143,0,weekday,149.245
2022-12-08,2022,12,8,342,8,3,454.09,2022-12-08 08:00:00+00:00,2022-12-08 09:00:00+00:00,68802.7325,1025.1975,9685.46,1926.2475,70985.94,12636.905,-0.4051645224207563,0.9142437912130223,0.8660254037844387,-0.4999999999999998,0.4338837391175582,-0.900968867902419,0,weekday,138.895
2022-12-09,2022,12,9,343,8,4,474.7,2022-12-09 08:00:00+00:00,2022-12-09 09:00:00+00:00,69829.8475,1785.57,2998.5875,2024.845,64414.67,6809.0025000000005,-0.3893781415452015,0.9210779895789526,0.8660254037844387,-0.4999999999999998,-0.433883739117558,-0.9009688679024191,0,weekday,139.115
2022-12-10,2022,12,10,344,8,5,396.61,2022-12-10 08:00:00+00:00,2022-12-10 09:00:00+00:00,56202.9875,1765.81,1480.24,1484.3075,54183.12,4730.3575,-0.3734765374130707,0.9276396261490468,0.8660254037844387,-0.4999999999999998,-0.9749279121818236,-0.2225209339563146,0,weekend,139.115
2022-12-11,2022,12,11,345,8,6,320.09,2022-12-11 08:00:00+00:00,2022-12-11 09:00:00+00:00,51554.36,2092.02,1466.5675,1929.3,50315.32,5487.8875,-0.3574644155648614,0.9339267592294762,0.8660254037844387,-0.4999999999999998,-0.7818314824680299,0.6234898018587334,0,weekend,137.85250000000002
2022-12-12,2022,12,12,346,8,0,513.99,2022-12-12 08:00:00+00:00,2022-12-12 09:00:00+00:00,68527.615,1468.6575,3685.63,2707.8775,63577.0,7862.165000000001,-0.3413465142450361,0.9399375283564132,0.8660254037844387,-0.4999999999999998,0.0,1.0,0,weekday,136.59
2022-12-13,2022,12,13,347,8,1,553.29,2022-12-13 08:00:00+00:00,2022-12-13 09:00:00+00:00,69303.1625,825.75,5290.8125,3997.6525,68034.29,10114.215,-0.3251276029999093,0.9456701548465688,0.8660254037844387,-0.4999999999999998,0.7818314824680298,0.6234898018587336,0,weekday,137.53
2022-12-14,2022,12,14,348,8,2,569.72,2022-12-14 08:00:00+00:00,2022-12-14 09:00:00+00:00,69322.61,1801.805,6686.37,1771.2800000000002,66861.37,10259.455,-0.3088124812662537,0.9511229423235356,0.8660254037844387,-0.4999999999999998,0.9749279121818236,-0.2225209339563143,0,weekday,131.51
2022-12-15,2022,12,15,349,8,3,489.66,2022-12-15 08:00:00+00:00,2022-12-15 09:00:00+00:00,69662.6025,3712.2975,8899.1,2671.85,70778.7,15283.2475,-0.2924059769510773,0.956294277219772,0.8660254037844387,-0.4999999999999998,0.4338837391175582,-0.900968867902419,0,weekday,134.765
2022-12-16,2022,12,16,350,8,4,561.72,2022-12-16 08:00:00+00:00,2022-12-16 09:00:00+00:00,70193.64749999999,471.1075,3606.1675,1917.2175,62143.1,5994.4925,-0.2759129450029604,0.9611826292540836,0.8660254037844387,-0.4999999999999998,-0.433883739117558,-0.9009688679024191,0,weekday,115.45
2022-12-17,2022,12,17,351,8,5,299.81,2022-12-17 08:00:00+00:00,2022-12-17 09:00:00+00:00,56823.6375,4398.030000000001,2748.105,1597.15,56270.34,8743.285,-0.2593382659754056,0.9657865518844574,0.8660254037844387,-0.4999999999999998,-0.9749279121818236,-0.2225209339563146,0,weekend,115.45
2022-12-18,2022,12,18,352,8,6,209.65,2022-12-18 08:00:00+00:00,2022-12-18 09:00:00+00:00,52170.375,3722.255,14217.85,3054.39,59012.73,20994.495,-0.2426868445825954,0.9701046827361176,0.8660254037844387,-0.4999999999999998,-0.7818314824680299,0.6234898018587334,0,weekend,111.9975
2022-12-19,2022,12,19,353,8,0,248.85,2022-12-19 08:00:00+00:00,2022-12-19 09:00:00+00:00,70039.60250000001,6309.1900000000005,25864.2125,766.5975,74568.59,32940.00000000001,-0.225963608248019,0.974135744004672,0.8660254037844387,-0.4999999999999998,0.0,1.0,0,weekday,108.545
2022-12-20,2022,12,20,354,8,1,225.14,2022-12-20 08:00:00+00:00,2022-12-20 09:00:00+00:00,69521.08,5700.57,26333.7875,1193.4625,76338.31,33227.82,-0.2091735056463563,0.9778785428342386,0.8660254037844387,-0.4999999999999998,0.7818314824680298,0.6234898018587336,0,weekday,105.69
2022-12-21,2022,12,21,355,8,2,269.84,2022-12-21 08:00:00+00:00,2022-12-21 09:00:00+00:00,67792.9975,2949.5,11935.17,636.58,61869.63,15521.25,-0.1923215052390948,0.9813319716704276,0.8660254037844387,-0.4999999999999998,0.9749279121818236,-0.2225209339563143,0,weekday,97.75
2022-12-22,2022,12,22,356,8,3,223.72,2022-12-22 08:00:00+00:00,2022-12-22 09:00:00+00:00,65541.125,3783.3625,17838.82,1072.4225,63646.13,22694.605,-0.1754125938042784,0.9844950085880858,0.8660254037844387,-0.4999999999999998,0.4338837391175582,-0.900968867902419,0,weekday,91.94
2022-12-23,2022,12,23,357,8,4,222.2,2022-12-23 08:00:00+00:00,2022-12-23 09:00:00+00:00,63131.7675,823.0075,10042.3075,860.7,55231.5,11726.015,-0.1584517749608363,0.9873667175937016,0.8660254037844387,-0.4999999999999998,-0.433883739117558,-0.9009688679024191,0,weekday,82.975
2022-12-24,2022,12,24,358,8,5,145.87,2022-12-24 08:00:00+00:00,2022-12-24 09:00:00+00:00,49243.3125,2609.915,20123.8775,1743.58,54926.87,24477.3725,-0.141444067687942,0.989946248902378,0.8660254037844387,-0.4999999999999998,-0.9749279121818236,-0.2225209339563146,0,weekend,82.975
2022-12-25,2022,12,25,359,8,6,113.28,2022-12-25 08:00:00+00:00,2022-12-25 09:00:00+00:00,45214.325,4558.77,9757.07,2076.7225,44412.03,16392.5625,-0.1243945048397999,0.9922328391893008,0.8660254037844387,-0.4999999999999998,-0.7818314824680299,0.6234898018587334,1,holiday,81.99833333333333
2022-12-26,2022,12,26,360,8,0,53.57,2022-12-26 08:00:00+00:00,2022-12-26 09:00:00+00:00,45720.41,5467.2225,23931.075,1299.035,56574.52,30697.3325,-0.1073081316563624,0.994225811815616,0.8660254037844387,-0.4999999999999998,0.0,1.0,1,holiday,81.02166666666666
2022-12-27,2022,12,27,361,8,1,100.08,2022-12-27 08:00:00+00:00,2022-12-27 09:00:00+00:00,59775.045,5592.8575,26429.26,2848.0275,66353.89,34870.145000000004,-0.0901900042703451,0.99592457702866,0.8660254037844387,-0.4999999999999998,0.7818314824680298,0.6234898018587336,0,weekday,80.045
2022-12-28,2022,12,28,362,8,2,63.63,2022-12-28 08:00:00+00:00,2022-12-28 09:00:00+00:00,61721.635,5685.045,34908.2175,1719.8625,72336.16,42313.125,-0.0730451882110474,0.9973286321364752,0.8660254037844387,-0.4999999999999998,0.9749279121818236,-0.2225209339563143,0,weekday,81.35
2022-12-29,2022,12,29,363,8,3,5.97,2022-12-29 08:00:00+00:00,2022-12-29 09:00:00+00:00,57161.2925,5825.8875,38622.23,2379.0175,73509.46,46827.135,-0.0558787569053731,0.9984375616565666,0.8660254037844387,-0.4999999999999998,0.4338837391175582,-0.900968867902419,0,weekday,83.83
2022-12-30,2022,12,30,364,8,4,29.08,2022-12-30 08:00:00+00:00,2022-12-30 09:00:00+00:00,56256.552500000005,6217.005,19334.5575,4168.985,64000.69,29720.5475,-0.0386957901765268,0.999251037438848,0.8660254037844387,-0.4999999999999998,-0.433883739117558,-0.9009688679024191,0,weekday,76.315
2022-12-31,2022,12,31,365,8,5,-0.03,2022-12-31 08:00:00+00:00,2022-12-31 09:00:00+00:00,46035.01,3038.1675,30527.4575,2041.6775,59946.73,35607.3025,-0.0215013727408137,0.999768818762748,0.8660254037844387,-0.4999999999999998,-0.9749279121818236,-0.2225209339563146,0,weekend,76.315
2023-01-01,2023,1,1,1,8,6,-1.09,2023-01-01 08:00:00+00:00,2023-01-01 09:00:00+00:00,39560.3875,3486.7775,29675.035,3998.6875,59296.28,37160.5,0.0,1.0,0.8660254037844387,-0.4999999999999998,-0.7818314824680299,0.6234898018587334,1,holiday,74.98166666666667
2023-01-02,2023,1,2,2,8,0,147.05,2023-01-02 08:00:00+00:00,2023-01-02 09:00:00+00:00,62260.3325,1828.675,25556.3675,3587.98,64711.52,30973.0225,0.0172015754182605,0.9998520419557736,0.8660254037844387,-0.4999999999999998,0.0,1.0,0,weekday,73.64833333333333
2023-01-03,2023,1,3,3,8,1,171.18,2023-01-03 08:00:00+00:00,2023-01-03 09:00:00+00:00,64920.6275,2767.2975,9271.2975,2694.7275,56286.87,14733.322500000002,0.034398060613608,0.9994082116062598,0.8660254037844387,-0.4999999999999998,0.7818314824680298,0.6234898018587336,0,weekday,72.315
2023-01-04,2023,1,4,4,8,2,83.32,2023-01-04 08:00:00+00:00,2023-01-04 09:00:00+00:00,65604.41,5626.8175,40395.5725,1194.02,80206.3,47216.41,0.0515843668694083,0.9986686402879996,0.8660254037844387,-0.4999999999999998,0.9749279121818236,-0.2225209339563143,0,weekday,65.02
2023-01-05,2023,1,5,5,8,3,125.55,2023-01-05 08:00:00+00:00,2023-01-05 09:00:00+00:00,66398.8625,5007.34,34121.1275,1535.3825,75323.65,40663.85,0.0687554084811394,0.9976335468520452,0.8660254037844387,-0.4999999999999998,0.4338837391175582,-0.900968867902419,0,weekday,72.42
2023-01-06,2023,1,6,6,8,4,116.86,2023-01-06 08:00:00+00:00,2023-01-06 09:00:00+00:00,62756.16,5321.612499999999,25935.415,1861.995,68972.28,33119.0225,0.0859061042613327,0.9963032375991964,0.8660254037844387,-0.4999999999999998,-0.433883739117558,-0.9009688679024191,0,weekday,72.0
2023-01-07,2023,1,7,7,8,5,112.0,2023-01-07 08:00:00+00:00,2023-01-07 09:00:00+00:00,56414.4575,5162.875,13133.8925,2905.175,53167.64,21201.9425,0.1030313790431787,0.9946781061893646,0.8660254037844387,-0.4999999999999998,-0.9749279121818236,-0.2225209339563146,0,weekend,69.535
2023-01-08,2023,1,8,8,8,6,82.8,2023-01-08 08:00:00+00:00,2023-01-08 09:00:00+00:00,50147.085,5478.5,17170.6075,1636.575,51592.05,24285.6825,0.1201261651823505,0.9927586335250792,0.8660254037844387,-0.4999999999999998,-0.7818314824680299,0.6234898018587334,0,weekend,70.29249999999999
2023-01-09,2023,1,9,9,8,0,177.14,2023-01-09 08:00:00+00:00,2023-01-09 09:00:00+00:00,66316.24,2778.1675,19752.675,1312.68,64011.74,23843.5225,0.1371854040566005,0.9905453876091832,0.8660254037844387,-0.4999999999999998,0.0,1.0,0,weekday,71.05
2023-01-10,2023,1,10,10,8,1,160.42,2023-01-10 08:00:00+00:00,2023-01-10 09:00:00+00:00,67322.7175,3078.615,16041.155,1712.9525,66767.91,20832.7225,0.1542040475626894,0.988039023376751,0.8660254037844387,-0.4999999999999998,0.7818314824680298,0.6234898018587336,0,weekday,73.0
2023-01-11,2023,1,11,11,8,2,129.74,2023-01-11 08:00:00+00:00,2023-01-11 09:00:00+00:00,70132.3725,5623.665,26371.6225,1084.475,71090.1,33079.762500000004,0.1711770596101998,0.985240282501282,0.8660254037844387,-0.4999999999999998,0.9749279121818236,-0.2225209339563143,0,weekday,67.595
2023-01-12,2023,1,12,12,8,3,97.83,2023-01-12 08:00:00+00:00,2023-01-12 09:00:00+00:00,71249.205,4527.05,38783.5875,1438.42,77750.85,44749.0575,0.1880994176117975,0.9821499931752292,0.8660254037844387,-0.4999999999999998,0.4338837391175582,-0.900968867902419,0,weekday,69.6
2023-01-13,2023,1,13,13,8,4,100.64,2023-01-13 08:00:00+00:00,2023-01-13 09:00:00+00:00,70053.955,5225.245,34475.5775,2591.505,77419.88,42292.3275,0.2049661139694953,0.9787690698649216,0.8660254037844387,-0.4999999999999998,-0.433883739117558,-0.9009688679024191,0,weekday,66.3
2023-01-14,2023,1,14,14,8,5,54.16,2023-01-14 08:00:00+00:00,2023-01-14 09:00:00+00:00,58054.192500000005,6096.7075,26199.0775,2695.87,64267.87,34991.655,0.2217721575564818,0.975098513039961,0.8660254037844387,-0.4999999999999998,-0.9749279121818236,-0.2225209339563146,0,weekend,64.81
2023-01-15,2023,1,15,15,8,6,10.31,2023-01-15 08:00:00+00:00,2023-01-15 09:00:00+00:00,54188.4325,4974.525,34514.115000000005,1672.135,65496.55,41160.77500000001,0.2385125751940764,0.9711394088771652,0.8660254037844387,-0.4999999999999998,-0.7818314824680299,0.6234898018587334,0,weekend,64.87333333333333
2023-01-16,2023,1,16,16,8,0,170.0,2023-01-16 08:00:00+00:00,2023-01-16 09:00:00+00:00,70526.15,2978.04,19784.01,3762.3225,71805.19,26524.3725,0.2551824131233728,0.966892928939152,0.8660254037844387,-0.4999999999999998,0.0,1.0,0,weekday,64.93666666666667
2023-01-17,2023,1,17,17,8,1,136.1,2023-01-17 08:00:00+00:00,2023-01-17 09:00:00+00:00,71860.41,5036.825,21804.275,4051.4175,73679.04,30892.5175,0.2717767384711357,0.9623603298276544,0.8660254037844387,-0.4999999999999998,0.7818314824680298,0.6234898018587336,0,weekday,65.0
2023-01-18,2023,1,18,18,8,2,183.11,2023-01-18 08:00:00+00:00,2023-01-18 09:00:00+00:00,71678.79250000001,3015.6625,6427.795,2482.39,64053.8,11925.8475,0.2882906407095177,0.957542952811672,0.8660254037844387,-0.4999999999999998,0.9749279121818236,-0.2225209339563143,0,weekday,60.0
2023-01-19,2023,1,19,19,8,3,155.88,2023-01-19 08:00:00+00:00,2023-01-19 09:00:00+00:00,72770.0275,4413.195,21211.2225,3404.3025,74929.76,29028.72,0.3047192331091634,0.9524422234305676,0.8660254037844387,-0.4999999999999998,0.4338837391175582,-0.900968867902419,0,weekday,60.3
2023-01-20,2023,1,20,20,8,4,221.7,2023-01-20 08:00:00+00:00,2023-01-20 09:00:00+00:00,69881.8325,1604.1775,5141.8925,2701.125,64732.24,9447.195,0.321057654185271,0.9470596510722284,0.8660254037844387,-0.4999999999999998,-0.433883739117558,-0.9009688679024191,0,weekday,66.5
2023-01-21,2023,1,21,21,8,5,171.66,2023-01-21 08:00:00+00:00,2023-01-21 09:00:00+00:00,59156.3675,1410.9925,8047.705,1506.275,56021.75,10964.9725,0.3373010691361842,0.9413968285264122,0.8660254037844387,-0.4999999999999998,-0.9749279121818236,-0.2225209339563146,0,weekend,66.9
2023-01-22,2023,1,22,22,8,6,145.82,2023-01-22 08:00:00+00:00,2023-01-22 09:00:00+00:00,54879.6925,2001.215,11490.1875,778.41,52431.31,14269.8125,0.3534446712740877,0.9354554315134164,0.8660254037844387,-0.4999999999999998,-0.7818314824680299,0.6234898018587334,0,weekend,66.05000000000001
2023-01-23,2023,1,23,23,8,0,270.22,2023-01-23 08:00:00+00:00,2023-01-23 09:00:00+00:00,68746.7975,343.315,4679.6475,871.285,63337.44,5894.2475,0.3694836834473831,0.9292372181882051,0.8660254037844387,-0.4999999999999998,0.0,1.0,0,weekday,65.2
2023-01-24,2023,1,24,24,8,1,256.43,2023-01-24 08:00:00+00:00,2023-01-24 09:00:00+00:00,69431.0875,186.06,4973.865,1367.1625,63265.92,6527.0875,0.3854133594543256,0.9227440286201428,0.8660254037844387,-0.4999999999999998,0.7818314824680298,0.6234898018587336,0,weekday,58.27
2023-01-25,2023,1,25,25,8,2,225.0,2023-01-25 08:00:00+00:00,2023-01-25 09:00:00+00:00,69326.85,2278.94,1819.835,1480.5825,61968.96,5579.3575,0.4012289854475009,0.9159777842484876,0.8660254037844387,-0.4999999999999998,0.9749279121818236,-0.2225209339563143,0,weekday,57.25
2023-01-26,2023,1,26,26,8,3,202.91,2023-01-26 08:00:00+00:00,2023-01-26 09:00:00+00:00,69836.7475,3497.7525,1777.6475,947.215,62926.47,6222.615,0.4169258813287287,0.908940487313808,0.8660254037844387,-0.4999999999999998,0.4338837391175582,-0.900968867902419,0,weekday,56.6
2023-01-27,2023,1,27,27,8,4,199.19,2023-01-27 08:00:00+00:00,2023-01-27 09:00:00+00:00,70405.655,2184.8475,9740.4125,1063.5175,65704.75,12988.7775,0.4324994021339788,0.901634220265486,0.8660254037844387,-0.4999999999999998,-0.433883739117558,-0.9009688679024191,0,weekday,53.5
2023-01-28,2023,1,28,28,8,5,160.16,2023-01-28 08:00:00+00:00,2023-01-28 09:00:00+00:00,57740.335,910.78,2614.7,1965.37,53073.96,5490.849999999999,0.4479449394078911,0.8940611451454876,0.8660254037844387,-0.4999999999999998,-0.9749279121818236,-0.2225209339563146,0,weekend,55.425
2023-01-29,2023,1,29,29,8,6,155.77,2023-01-29 08:00:00+00:00,2023-01-29 09:00:00+00:00,53652.545,4706.2325,12931.415,2754.4875,51402.11,20392.135,0.4632579225674917,0.88622350294858,0.8660254037844387,-0.4999999999999998,-0.7818314824680299,0.6234898018587334,0,weekend,56.1375
2023-01-30,2023,1,30,30,8,0,100.8,2023-01-30 08:00:00+00:00,2023-01-30 09:00:00+00:00,70186.3375,4843.865,40939.045,1998.86,77227.05,47781.77,0.4784338202547012,0.8781236129591848,0.8660254037844387,-0.4999999999999998,0.0,1.0,0,weekday,56.85
2023-01-31,2023,1,31,31,8,1,169.94,2023-01-31 08:00:00+00:00,2023-01-31 09:00:00+00:00,69896.92499999999,4788.6475,30000.04,1733.24,74215.87,36521.9275,0.4934681416772373,0.8697638720650646,0.8660254037844387,-0.4999999999999998,0.7818314824680298,0.6234898018587336,0,weekday,60.2
2023-02-01,2023,2,1,32,8,2,111.29,2023-02-01 08:00:00+00:00,2023-02-01 09:00:00+00:00,72094.63,5063.925,39209.375,1756.065,78953.85,46029.365000000005,0.5083564379375122,0.8611467540480452,0.8660254037844387,-0.4999999999999998,0.9749279121818236,-0.2225209339563143,0,weekday,57.4
2023-02-02,2023,2,2,33,8,3,178.2,2023-02-02 08:00:00+00:00,2023-02-02 09:00:00+00:00,70559.23,2956.535,25800.905,1736.3475,71528.49,30493.7875,0.5230943033491326,0.8522748088519838,0.8660254037844387,-0.4999999999999998,0.4338837391175582,-0.900968867902419,0,weekday,57.1
2023-02-03,2023,2,3,34,8,4,110.01,2023-02-03 08:00:00+00:00,2023-02-03 09:00:00+00:00,71803.2025,4451.77,41341.33,1112.325,79395.98,46905.425,0.5376773767406141,0.8431506618282,0.8660254037844387,-0.4999999999999998,-0.433883739117558,-0.9009688679024191,0,weekday,58.0
2023-02-04,2023,2,4,35,8,5,169.83,2023-02-04 08:00:00+00:00,2023-02-04 09:00:00+00:00,55850.77,728.1800000000001,2662.37,3845.095,49302.76,7235.645,0.5521013427459208,0.8337770129585915,0.8660254037844387,-0.4999999999999998,-0.9749279121818236,-0.2225209339563146,0,weekend,57.89
2023-02-05,2023,2,5,36,8,6,117.68,2023-02-05 08:00:00+00:00,2023-02-05 09:00:00+00:00,51365.9375,4608.385,7426.165,4131.5125,48506.66,16166.0625,0.5663619330814524,0.8241566360566663,0.8660254037844387,-0.4999999999999998,-0.7818314824680299,0.6234898018587334,0,weekend,58.0
2023-02-06,2023,2,6,37,8,0,200.65,2023-02-06 08:00:00+00:00,2023-02-06 09:00:00+00:00,69725.1,527.2125,1928.5175,4927.7925000000005,60412.45,7383.522500000001,0.580454927809098,0.8142923779467267,0.8660254037844387,-0.4999999999999998,0.0,1.0,0,weekday,58.11
2023-02-07,2023,2,7,38,8,1,191.85,2023-02-07 08:00:00+00:00,2023-02-07 09:00:00+00:00,69817.9075,1383.475,3122.995,11378.1925,66482.66,15884.6625,0.5943761565849831,0.804187157621448,0.8660254037844387,-0.4999999999999998,0.7818314824680298,0.6234898018587336,0,weekday,57.4
2023-02-08,2023,2,8,39,8,2,177.75,2023-02-08 08:00:00+00:00,2023-02-08 09:00:00+00:00,68607.92,1194.825,6223.7925,12742.9075,69304.31,20161.525,0.6081214998935418,0.7938439653781019,0.8660254037844387,-0.4999999999999998,0.9749279121818236,-0.2225209339563143,0,weekday,53.685
2023-02-09,2023,2,9,40,8,3,111.36,2023-02-09 08:00:00+00:00,2023-02-09 09:00:00+00:00,69188.1675,4598.8775000000005,13856.6775,11230.7575,72388.57,29686.3125,0.6216868902665479,0.7832658619336791,0.8660254037844387,-0.4999999999999998,0.4338837391175582,-0.900968867902419,0,weekday,52.735
2023-02-10,2023,2,10,41,8,4,158.72,2023-02-10 08:00:00+00:00,2023-02-10 09:00:00+00:00,68465.7925,3149.7675,11172.51,7279.955,68942.11,21602.2325,0.6350683134867438,0.7724559775191742,0.8660254037844387,-0.4999999999999998,-0.433883739117558,-0.9009688679024191,0,weekday,53.25
2023-02-11,2023,2,11,42,8,5,93.95,2023-02-11 08:00:00+00:00,2023-02-11 09:00:00+00:00,56527.515,4633.7075,25543.6825,3183.56,64602.75,33360.95,0.6482618097757122,0.7614175109532997,0.8660254037844387,-0.4999999999999998,-0.9749279121818236,-0.2225209339563146,0,weekend,53.945
2023-02-12,2023,2,12,43,8,6,144.27,2023-02-12 08:00:00+00:00,2023-02-12 09:00:00+00:00,50514.455,1047.6375,2382.935,2890.7775,48951.14,6321.35,0.6612634749656386,0.7501537286959042,0.8660254037844387,-0.4999999999999998,-0.7818314824680299,0.6234898018587334,0,weekend,52.825
2023-02-13,2023,2,13,44,8,0,196.2,2023-02-13 08:00:00+00:00,2023-02-13 09:00:00+00:00,67229.465,1232.0375,3301.6325,5521.8225,62803.88,10055.4925,0.6740694616546161,0.7386679638813748,0.8660254037844387,-0.4999999999999998,0.0,1.0,0,weekday,51.705
2023-02-14,2023,2,14,45,8,1,180.6,2023-02-14 08:00:00+00:00,2023-02-14 09:00:00+00:00,67124.225,770.3625,1420.14,7887.9375,63247.32,10078.44,0.6866759803451553,0.726963615332308,0.8660254037844387,-0.4999999999999998,0.7818314824680298,0.6234898018587336,0,weekday,52.0
2023-02-15,2023,2,15,46,8,2,171.22,2023-02-15 08:00:00+00:00,2023-02-15 09:00:00+00:00,66812.3675,611.48,3342.795,9680.0125,65014.27,13634.2875,0.6990793005655562,0.7150441465537444,0.8660254037844387,-0.4999999999999998,0.9749279121818236,-0.2225209339563143,0,weekday,54.2
2023-02-16,2023,2,16,47,8,3,166.44,2023-02-16 08:00:00+00:00,2023-02-16 09:00:00+00:00,67345.3275,1690.355,14556.3625,10041.53,71250.07,26288.2475,0.7112757519738152,0.7029130847082615,0.8660254037844387,-0.4999999999999998,0.4338837391175582,-0.900968867902419,0,weekday,54.0
2023-02-17,2023,2,17,48,8,4,114.52,2023-02-17 08:00:00+00:00,2023-02-17 09:00:00+00:00,68147.0125,4350.05,34163.0225,1891.735,75866.59,40404.8075,0.7232617254437388,0.6905740195722293,0.8660254037844387,-0.4999999999999998,-0.433883739117558,-0.9009688679024191,0,weekday,49.7
2023-02-18,2023,2,18,49,8,5,114.92,2023-02-18 08:00:00+00:00,2023-02-18 09:00:00+00:00,56880.57,2244.475,27852.35,2783.5675,60782.44,32880.392499999994,0.7350336741329413,0.6780306024735382,0.8660254037844387,-0.4999999999999998,-0.9749279121818236,-0.2225209339563146,0,weekend,49.045
2023-02-19,2023,2,19,50,8,6,118.32,2023-02-19 08:00:00+00:00,2023-02-19 09:00:00+00:00,49824.4725,1441.59,14984.8325,4073.4275,49682.49,20499.85,0.746588114532413,0.6652865452111116,0.8660254037844387,-0.4999999999999998,-0.7818314824680299,0.6234898018587334,0,weekend,49.63
2023-02-20,2023,2,20,51,8,0,49.92,2023-02-20 08:00:00+00:00,2023-02-20 09:00:00+00:00,67157.1275,4534.4375,37572.78,7460.165,80393.74,49567.3825,0.7579216274973472,0.6523456189565257,0.8660254037844387,-0.4999999999999998,0.0,1.0,0,weekday,50.214999999999996
2023-02-21,2023,2,21,52,8,1,130.7,2023-02-21 08:00:00+00:00,2023-02-21 09:00:00+00:00,66748.2225,3639.825,20602.7125,6755.435,67913.39,30997.972500000003,0.7690308592589181,0.6392116531380588,0.8660254037844387,-0.4999999999999998,0.7818314824680298,0.6234898018587336,0,weekday,50.8
2023-02-22,2023,2,22,53,8,2,164.55,2023-02-22 08:00:00+00:00,2023-02-22 09:00:00+00:00,67105.655,1579.1325000000002,4529.4375,8094.0075,63168.12,14202.5775,0.7799125224167177,0.6258885343075018,0.8660254037844387,-0.4999999999999998,0.9749279121818236,-0.2225209339563143,0,weekday,50.57
2023-02-23,2023,2,23,54,8,3,169.6,2023-02-23 08:00:00+00:00,2023-02-23 09:00:00+00:00,65721.2075,2234.575,2708.1225,4076.37,60630.52,9019.0675,0.7905633969115482,0.612380204990065,0.8660254037844387,-0.4999999999999998,0.4338837391175582,-0.900968867902419,0,weekday,50.78
2023-02-24,2023,2,24,55,8,4,150.26,2023-02-24 08:00:00+00:00,2023-02-24 09:00:00+00:00,66644.11,4665.6575,19322.88,4527.2125,70024.82,28515.75,0.8009803309782905,0.5986906625177214,0.8660254037844387,-0.4999999999999998,-0.433883739117558,-0.9009688679024191,0,weekday,51.015
2023-02-25,2023,2,25,56,8,5,87.02,2023-02-25 08:00:00+00:00,2023-02-25 09:00:00+00:00,57922.8275,4582.8525,26990.1575,5248.7675,65719.48,36821.7775,0.8111602420785621,0.5848239578463322,0.8660254037844387,-0.4999999999999998,-0.9749279121818236,-0.2225209339563146,0,weekend,51.015
2023-02-26,2023,2,26,57,8,6,105.54,2023-02-26 08:00:00+00:00,2023-02-26 09:00:00+00:00,51773.795,3295.4425,12938.3525,9813.2275,52517.09,26047.022500000003,0.8211001178128892,0.5707841943569036,0.8660254037844387,-0.4999999999999998,-0.7818314824680299,0.6234898018587334,0,weekend,49.157
2023-02-27,2023,2,27,58,8,0,166.57,2023-02-27 08:00:00+00:00,2023-02-27 09:00:00+00:00,67541.7225,258.51,5889.585,12423.2075,65719.34,18571.3025,0.8307970168121247,0.5565755266413303,0.8660254037844387,-0.4999999999999998,0.0,1.0,0,weekday,47.299
2023-02-28,2023,2,28,59,8,1,160.31,2023-02-28 08:00:00+00:00,2023-02-28 09:00:00+00:00,68413.9325,140.9725,5717.665,13608.2625,68143.92,19466.9,0.8402480696078469,0.5422021592729844,0.8660254037844387,-0.4999999999999998,0.7818314824680298,0.6234898018587336,0,weekday,48.0
2023-03-01,2023,3,1,60,8,2,152.9,2023-03-01 08:00:00+00:00,2023-03-01 09:00:00+00:00,68373.6925,86.2475,4292.6275,15355.9,66275.23,19734.775,0.8494504794814806,0.527668345562516,0.8660254037844387,-0.4999999999999998,0.9749279121818236,-0.2225209339563143,0,weekday,47.25
2023-03-02,2023,3,2,61,8,3,141.44,2023-03-02 08:00:00+00:00,2023-03-02 09:00:00+00:00,68916.3375,311.7625,5790.0775,14178.855,66321.96,20280.695,0.8584015232918917,0.512978386299228,0.8660254037844387,-0.4999999999999998,0.4338837391175582,-0.900968867902419,0,weekday,47.5
2023-03-03,2023,3,3,62,8,4,166.48,2023-03-03 08:00:00+00:00,2023-03-03 09:00:00+00:00,68493.38500000001,1870.42,2199.8,10704.3475,62899.17,14774.5675,0.8670985522812081,0.4981366284784055,0.8660254037844387,-0.4999999999999998,-0.433883739117558,-0.9009688679024191,0,weekday,45.65
2023-03-04,2023,3,4,63,8,5,96.89,2023-03-04 08:00:00+00:00,2023-03-04 09:00:00+00:00,57962.695,3945.23,20501.2975,8386.057499999999,62891.75,32832.585,0.8755389928586302,0.4831474640149687,0.8660254037844387,-0.4999999999999998,-0.9749279121818236,-0.2225209339563146,0,weekend,44.98
2023-03-05,2023,3,5,64,8,6,107.73,2023-03-05 08:00:00+00:00,2023-03-05 09:00:00+00:00,51728.9825,3846.47,14099.2225,6480.1775,52073.42,24425.870000000003,0.8837203473619977,0.4680153284438345,0.8660254037844387,-0.4999999999999998,-0.7818314824680299,0.6234898018587334,0,weekend,44.14
2023-03-06,2023,3,6,65,8,0,188.35,2023-03-06 08:00:00+00:00,2023-03-06 09:00:00+00:00,67873.125,725.65,5416.7775,5504.315,63393.45,11646.7425,0.8916401947968874,0.452744699607371,0.8660254037844387,-0.4999999999999998,0.0,1.0,0,weekday,43.3
2023-03-07,2023,3,7,66,8,1,91.92,2023-03-07 08:00:00+00:00,2023-03-07 09:00:00+00:00,69878.1375,4266.44,32948.07,7608.1375,79682.17,44822.6475,0.8992961915530253,0.4373400963303323,0.8660254037844387,-0.4999999999999998,0.7818314824680298,0.6234898018587336,0,weekday,42.8
2023-03-08,2023,3,8,67,8,2,163.0,2023-03-08 08:00:00+00:00,2023-03-08 09:00:00+00:00,66930.0825,406.6575,6287.8775,5304.4275,60860.13,11998.9625,0.9066860720977984,0.4218060770826634,0.8660254037844387,-0.4999999999999998,0.9749279121818236,-0.2225209339563143,0,weekday,44.6
2023-03-09,2023,3,9,68,8,3,150.93,2023-03-09 08:00:00+00:00,2023-03-09 09:00:00+00:00,70119.1425,465.425,12172.0575,5719.395,65179.1,18356.8775,0.9138076496466616,0.4061472386305789,0.8660254037844387,-0.4999999999999998,0.4338837391175582,-0.900968867902419,0,weekday,41.15
2023-03-10,2023,3,10,69,8,4,136.61,2023-03-10 08:00:00+00:00,2023-03-10 09:00:00+00:00,67996.265,3992.335,19101.335,6654.705,69031.18,29748.375,0.9206588168102428,0.3903682146763026,0.8660254037844387,-0.4999999999999998,-0.433883739117558,-0.9009688679024191,0,weekday,48.0
2023-03-11,2023,3,11,70,8,5,106.37,2023-03-11 08:00:00+00:00,2023-03-11 09:00:00+00:00,57792.495,3749.1275,14763.6275,10455.8075,56967.03,28968.5625,0.9272375462179536,0.374473674486883,0.8660254037844387,-0.4999999999999998,-0.9749279121818236,-0.2225209339563146,0,weekend,52.855
2023-03-12,2023,3,12,71,8,6,93.98,2023-03-12 08:00:00+00:00,2023-03-12 09:00:00+00:00,50884.16,3557.885,9091.7925,6843.2475,43522.99,19492.925,0.9335418911179212,0.3584683215124808,0.8660254037844387,-0.4999999999999998,-0.7818314824680299,0.6234898018587334,0,weekend,51.052499999999995
2023-03-13,2023,3,13,72,8,0,42.46,2023-03-13 08:00:00+00:00,2023-03-13 09:00:00+00:00,67916.7225,4197.3025,41057.7775,5309.6275000000005,81206.27,50564.7075,0.9395699859530622,0.342356891994542,0.8660254037844387,-0.4999999999999998,0.0,1.0,0,weekday,49.25
2023-03-14,2023,3,14,73,8,1,83.37,2023-03-14 08:00:00+00:00,2023-03-14 09:00:00+00:00,67930.41750000001,5047.9775,35949.13,8246.647500000001,76929.42,49243.755,0.945320046913132,0.3261441535642696,0.8660254037844387,-0.4999999999999998,0.7818314824680298,0.6234898018587336,0,weekday,46.75
2023-03-15,2023,3,15,74,8,2,129.99,2023-03-15 08:00:00+00:00,2023-03-15 09:00:00+00:00,69608.41500000001,4918.7775,12475.555,13872.695,64662.36,31267.0275,0.9507903724625832,0.3098349038318025,0.8660254037844387,-0.4999999999999998,0.9749279121818236,-0.2225209339563143,0,weekday,43.85
2023-03-16,2023,3,16,75,8,3,117.12,2023-03-16 08:00:00+00:00,2023-03-16 09:00:00+00:00,67721.905,4719.0575,12064.1875,15047.259999999998,64221.45,31830.505,0.9559793438440766,0.2934339689665273,0.8660254037844387,-0.4999999999999998,0.4338837391175582,-0.900968867902419,0,weekday,42.0
2023-03-17,2023,3,17,76,8,4,90.29,2023-03-17 08:00:00+00:00,2023-03-17 09:00:00+00:00,67534.1375,4776.4625,16999.145,16275.6,68198.77,38051.2075,0.9608854255574976,0.2769462022689364,0.8660254037844387,-0.4999999999999998,-0.433883739117558,-0.9009688679024191,0,weekday,43.8
2023-03-18,2023,3,18,77,8,5,102.65,2023-03-18 08:00:00+00:00,2023-03-18 09:00:00+00:00,54870.1725,1428.885,6530.1825,16115.2725,50718.88,24074.34,0.9655071658143364,0.2603764827344581,0.8660254037844387,-0.4999999999999998,-0.9749279121818236,-0.2225209339563146,0,weekend,42.855
2023-03-19,2023,3,19,78,8,6,102.26,2023-03-19 08:00:00+00:00,2023-03-19 09:00:00+00:00,49349.2675,1661.2125,4373.0625,10130.6075,42855.47,16164.8825,0.969843196967294,0.2437297136096838,0.8660254037844387,-0.4999999999999998,-0.7818314824680299,0.6234898018587334,0,weekend,41.4775
2023-03-20,2023,3,20,79,8,0,137.56,2023-03-20 08:00:00+00:00,2023-03-20 09:00:00+00:00,68435.2675,2863.17,8152.8675,8274.67,58186.39,19290.7075,0.9738922359149924,0.2270108209414184,0.8660254037844387,-0.4999999999999998,0.0,1.0,0,weekday,40.1
2023-03-21,2023,3,21,80,8,1,128.53,2023-03-21 08:00:00+00:00,2023-03-21 09:00:00+00:00,68650.0925,3676.2675,6026.014999999999,9585.72,61697.2,19288.0025,0.977653084481664,0.2102247521189836,0.8660254037844387,-0.4999999999999998,0.7818314824680298,0.6234898018587336,0,weekday,38.985
2023-03-22,2023,3,22,81,8,2,82.37,2023-03-22 08:00:00+00:00,2023-03-22 09:00:00+00:00,66459.0925,4592.7825,24002.7675,16952.4375,74607.54,45547.9875,0.981124629771712,0.1933764744102058,0.8660254037844387,-0.4999999999999998,0.9749279121818236,-0.2225209339563143,0,weekday,41.55
2023-03-23,2023,3,23,82,8,3,72.8,2023-03-23 08:00:00+00:00,2023-03-23 09:00:00+00:00,66567.74,4275.422500000001,32620.7525,8631.192500000001,75961.7,45527.36750000001,0.984305844499033,0.1764709734915216,0.8660254037844387,-0.4999999999999998,0.4338837391175582,-0.900968867902419,0,weekday,42.6
2023-03-24,2023,3,24,83,8,4,62.36,2023-03-24 08:00:00+00:00,2023-03-24 09:00:00+00:00,68619.725,4469.717500000001,35367.259999999995,7435.1875,75544.45,47272.16499999999,0.9871957872910084,0.1595132519726365,0.8660254037844387,-0.4999999999999998,-0.433883739117558,-0.9009688679024191,0,weekday,41.75
2023-03-25,2023,3,25,84,8,5,0.06,2023-03-25 08:00:00+00:00,2023-03-25 09:00:00+00:00,55380.5975,4556.085,33458.884999999995,13433.415,72877.6,51448.385,0.9897936029670716,0.1425083279161708,0.8660254037844387,-0.4999999999999998,-0.9749279121818236,-0.2225209339563146,0,weekend,41.095
2023-03-26,2023,3,26,85,8,6,78.58,2023-03-26 08:00:00+00:00,2023-03-26 09:00:00+00:00,51327.3775,2297.7075,10800.385,8611.98,44313.41,21710.0725,0.992098522791769,0.1254612333527364,0.8660254037844387,-0.4999999999999998,-0.7818314824680299,0.6234898018587334,0,weekend,41.8125
2023-03-27,2023,3,27,86,8,0,94.85,2023-03-27 08:00:00+00:00,2023-03-27 09:00:00+00:00,66883.9175,4512.8675,19844.685,15039.16,66934.21,39396.7125,0.9941098647022418,0.108377012791876,0.8660254037844387,-0.4999999999999998,0.0,1.0,0,weekday,42.53
2023-03-28,2023,3,28,87,8,1,104.28,2023-03-28 08:00:00+00:00,2023-03-28 09:00:00+00:00,66484.3875,1475.8875,9687.0525,20049.2025,62502.34,31212.1425,0.9958270335100596,0.0912607217293118,0.8660254037844387,-0.4999999999999998,0.7818314824680298,0.6234898018587336,0,weekday,42.83
2023-03-29,2023,3,29,88,8,2,130.03,2023-03-29 08:00:00+00:00,2023-03-29 09:00:00+00:00,67184.0275,2622.455,9021.5775,8696.185,58818.32,20340.2175,0.9972495210773452,0.0741174251509443,0.8660254037844387,-0.4999999999999998,0.9749279121818236,-0.2225209339563143,0,weekday,42.805
2023-03-30,2023,3,30,89,8,3,90.66,2023-03-30 08:00:00+00:00,2023-03-30 09:00:00+00:00,66683.2125,4110.995,27500.26,10328.035,73968.62,41939.28999999999,0.998376906467142,0.0569521960340397,0.8660254037844387,-0.4999999999999998,0.4338837391175582,-0.900968867902419,0,weekday,43.609
2023-03-31,2023,3,31,90,8,4,124.2,2023-03-31 08:00:00+00:00,2023-03-31 09:00:00+00:00,65992.195,1069.5975,16928.1,8192.2425,59684.46,26189.94,0.9992088560679752,0.0397701138460557,0.8660254037844387,-0.4999999999999998,-0.433883739117558,-0.9009688679024191,0,weekday,44.95
2023-04-01,2023,4,1,91,8,5,49.57,2023-04-01 08:00:00+00:00,2023-04-01 09:00:00+00:00,57003.595,4494.17,21472.6875,6833.945,61802.65,32800.8025,0.9997451236925734,0.0225762630415454,0.8660254037844387,-0.4999999999999998,-0.9749279121818236,-0.2225209339563146,0,weekend,47.845
2023-04-02,2023,4,2,92,8,6,51.66,2023-04-02 08:00:00+00:00,2023-04-02 09:00:00+00:00,51197.8125,3671.115,18048.8375,9969.495,55448.25,31689.4475,0.9999855506507186,0.0053757315575838,0.8660254037844387,-0.4999999999999998,-0.7818314824680299,0.6234898018587334,0,weekend,48.8725
2023-04-03,2023,4,3,93,8,0,103.8,2023-04-03 08:00:00+00:00,2023-04-03 09:00:00+00:00,65154.3625,366.4675,9334.28,22813.8325,65377.24,32514.58,0.9999300657962056,-0.0118263906918325,0.8660254037844387,-0.4999999999999998,0.0,1.0,0,weekday,49.9
2023-04-04,2023,4,4,94,8,1,118.43,2023-04-04 08:00:00+00:00,2023-04-04 09:00:00+00:00,66227.225,111.38,1929.925,22401.08,63122.51,24442.385,0.9995786855478958,-0.0290250133219752,0.8660254037844387,-0.4999999999999998,0.7818314824680298,0.6234898018587336,0,weekday,48.945
2023-04-05,2023,4,5,95,8,2,119.6,2023-04-05 08:00:00+00:00,2023-04-05 09:00:00+00:00,64668.5725,85.1575,289.275,25321.0925,64099.13,25695.525,0.9989315138848576,-0.0462150469837083,0.8660254037844387,-0.4999999999999998,0.9749279121818236,-0.2225209339563143,0,weekday,46.6
2023-04-06,2023,4,6,96,8,3,114.63,2023-04-06 08:00:00+00:00,2023-04-06 09:00:00+00:00,64792.155,2262.295,3256.8325,27327.795,65772.05,32846.9225,0.9979887423155984,-0.0633914048695103,0.8660254037844387,-0.4999999999999998,0.4338837391175582,-0.900968867902419,0,weekday,43.765
2023-04-07,2023,4,7,97,8,4,101.76,2023-04-07 08:00:00+00:00,2023-04-07 09:00:00+00:00,50215.405,4080.1825,5737.7575,16402.385000000002,54097.1,26220.325,0.9967506498213928,-0.0805490042187416,0.8660254037844387,-0.4999999999999998,-0.433883739117558,-0.9009688679024191,1,holiday,43.125
2023-04-08,2023,4,8,98,8,5,114.74,2023-04-08 08:00:00+00:00,2023-04-08 09:00:00+00:00,54029.5025,1484.5925,3530.2575,11450.755,46079.05,16465.605,0.9952176027737294,-0.0976827678217159,0.8660254037844387,-0.4999999999999998,-0.9749279121818236,-0.2225209339563146,0,weekend,43.125
2023-04-09,2023,4,9,99,8,6,100.0,2023-04-09 08:00:00+00:00,2023-04-09 09:00:00+00:00,46527.9525,495.4275,559.4300000000001,23104.755,45019.56,24159.612500000003,0.9933900548258936,-0.114787625522127,0.8660254037844387,-0.4999999999999998,-0.7818314824680299,0.6234898018587334,0,weekend,43.125
2023-04-10,2023,4,10,100,8,0,22.07,2023-04-10 08:00:00+00:00,2023-04-10 09:00:00+00:00,48144.8925,4452.28,9388.2175,28012.145,63004.99,41852.6425,0.9912685467787256,-0.1318585157173911,0.8660254037844387,-0.4999999999999998,0.0,1.0,1,holiday,43.125
2023-04-11,2023,4,11,101,8,1,54.25,2023-04-11 08:00:00+00:00,2023-04-11 09:00:00+00:00,63320.33,4515.9725,25950.4625,13191.7675,73459.21,43658.2025,0.9888537064205885,-0.1488903868564548,0.8660254037844387,-0.4999999999999998,0.7818314824680298,0.6234898018587336,0,weekday,43.1
2023-04-12,2023,4,12,102,8,2,120.0,2023-04-12 08:00:00+00:00,2023-04-12 09:00:00+00:00,64778.7425,3473.3425,20376.535,9712.055,64768.38,33561.932499999995,0.986146248341595,-0.1658781989346314,0.8660254037844387,-0.4999999999999998,0.9749279121818236,-0.2225209339563143,0,weekday,43.295
2023-04-13,2023,4,13,103,8,3,85.98,2023-04-13 08:00:00+00:00,2023-04-13 09:00:00+00:00,64735.8525,3865.0775,22633.1125,14047.1125,68786.41,40545.3025,0.98314697372215,-0.1828169249850199,0.8660254037844387,-0.4999999999999998,0.4338837391175582,-0.900968867902419,0,weekday,42.6
2023-04-14,2023,4,14,104,8,4,129.86,2023-04-14 08:00:00+00:00,2023-04-14 09:00:00+00:00,65167.75,808.81,1912.785,16372.1725,57804.06,19093.7675,0.9798567700958664,-0.1997015525660636,0.8660254037844387,-0.4999999999999998,-0.433883739117558,-0.9009688679024191,0,weekday,41.05
2023-04-15,2023,4,15,105,8,5,97.96,2023-04-15 08:00:00+00:00,2023-04-15 09:00:00+00:00,52926.21,4316.5425,10451.3175,11698.0425,53094.67,26465.9025,0.976276611086932,-0.2165270852448143,0.8660254037844387,-0.4999999999999998,-0.9749279121818236,-0.2225209339563146,0,weekend,41.15
2023-04-16,2023,4,16,106,8,6,111.04,2023-04-16 08:00:00+00:00,2023-04-16 09:00:00+00:00,47843.405,1101.9125,6486.9075,8197.6375,39767.67,15786.4575,0.9724075561219968,-0.2332885440754551,0.8660254037844387,-0.4999999999999998,-0.7818314824680299,0.6234898018587334,0,weekend,41.667500000000004
2023-04-17,2023,4,17,107,8,0,135.61,2023-04-17 08:00:00+00:00,2023-04-17 09:00:00+00:00,64878.87,648.9525,4384.0525,15357.005,54059.67,20390.01,0.9682507501166718,-0.2499809690726521,0.8660254037844387,-0.4999999999999998,0.0,1.0,0,weekday,42.185
2023-04-18,2023,4,18,108,8,1,106.21,2023-04-18 08:00:00+00:00,2023-04-18 09:00:00+00:00,65393.5325,2732.1525,12155.48,15829.0375,61160.31,30716.67,0.9638074231367308,-0.2665994206792935,0.8660254037844387,-0.4999999999999998,0.7818314824680298,0.6234898018587336,0,weekday,41.505
2023-04-19,2023,4,19,109,8,2,90.39,2023-04-19 08:00:00+00:00,2023-04-19 09:00:00+00:00,64067.6475,2978.6475,16114.05,21055.5625,64209.22,40148.26,0.9590788900341132,-0.2831389812281835,0.8660254037844387,-0.4999999999999998,0.9749279121818236,-0.2225209339563143,0,weekday,42.425
2023-04-20,2023,4,20,110,8,3,107.97,2023-04-20 08:00:00+00:00,2023-04-20 09:00:00+00:00,64455.27,4494.5825,13783.2775,13634.0325,60695.43,31911.8925,0.9540665500578388,-0.2995947563972602,0.8660254037844387,-0.4999999999999998,0.4338837391175582,-0.900968867902419,0,weekday,40.4
2023-04-21,2023,4,21,111,8,4,90.0,2023-04-21 08:00:00+00:00,2023-04-21 09:00:00+00:00,63711.21,4291.8075,13331.555,26876.8025,67932.72,44500.165,0.9487718864399473,-0.3159618766579029,0.8660254037844387,-0.4999999999999998,-0.433883739117558,-0.9009688679024191,0,weekday,40.65
2023-04-22,2023,4,22,112,8,5,76.41,2023-04-22 08:00:00+00:00,2023-04-22 09:00:00+00:00,52529.9225,2557.3375,8180.4975,28856.6025,59009.9,39594.4375,0.9431964659565866,-0.3322354987159043,0.8660254037844387,-0.4999999999999998,-0.9749279121818236,-0.2225209339563146,0,weekend,40.165
2023-04-23,2023,4,23,113,8,6,79.33,2023-04-23 08:00:00+00:00,2023-04-23 09:00:00+00:00,47870.41,2109.83,5757.65,18024.295,46328.94,25891.775,0.9373419384643772,-0.3484108069446808,0.8660254037844387,-0.4999999999999998,-0.7818314824680299,0.6234898018587334,0,weekend,40.045
2023-04-24,2023,4,24,114,8,0,110.81,2023-04-24 08:00:00+00:00,2023-04-24 09:00:00+00:00,63195.275,2519.235,21217.765,16049.395,65270.4,39786.395,0.9312100364121948,-0.3644830148102912,0.8660254037844387,-0.4999999999999998,0.0,1.0,0,weekday,39.925
2023-04-25,2023,4,25,115,8,1,96.24,2023-04-25 08:00:00+00:00,2023-04-25 09:00:00+00:00,64219.775,4227.0225,17622.795,15001.165,65241.86,36850.9825,0.9248025743285088,-0.3804473662878516,0.8660254037844387,-0.4999999999999998,0.7818314824680298,0.6234898018587336,0,weekday,39.835
2023-04-26,2023,4,26,116,8,2,88.23,2023-04-26 08:00:00+00:00,2023-04-26 09:00:00+00:00,64942.4775,3431.735,12535.9425,22322.1875,62841.01,38289.865,0.9181214482844364,-0.3962991372689181,0.8660254037844387,-0.4999999999999998,0.9749279121818236,-0.2225209339563143,0,weekday,38.55
2023-04-27,2023,4,27,117,8,3,94.64,2023-04-27 08:00:00+00:00,2023-04-27 09:00:00+00:00,63465.8875,1123.0325,3671.7075,27505.9125,57799.37,32300.6525,0.9111686353326632,-0.4120336369594263,0.8660254037844387,-0.4999999999999998,0.4338837391175582,-0.900968867902419,0,weekday,39.039
2023-04-28,2023,4,28,118,8,4,113.18,2023-04-28 08:00:00+00:00,2023-04-28 09:00:00+00:00,63819.69,3570.49,9230.775,9474.5325,52220.71,22275.7975,0.9039461929224012,-0.4276462092677746,0.8660254037844387,-0.4999999999999998,-0.433883739117558,-0.9009688679024191,0,weekday,39.8
2023-04-29,2023,4,29,119,8,5,103.59,2023-04-29 08:00:00+00:00,2023-04-29 09:00:00+00:00,52426.525,891.315,5899.8175,15948.695,48109.82,22739.8275,0.8964562582905575,-0.4431322341826345,0.8660254037844387,-0.4999999999999998,-0.9749279121818236,-0.2225209339563146,0,weekend,38.54
2023-04-30,2023,4,30,120,8,6,27.7,2023-04-30 08:00:00+00:00,2023-04-30 09:00:00+00:00,46242.2025,518.5325,2575.875,29133.9725,49573.77,32228.38,0.8887010478292915,-0.4584871291400876,0.8660254037844387,-0.4999999999999998,-0.7818314824680299,0.6234898018587334,0,weekend,38.6875
2023-05-01,2023,5,1,121,8,0,74.29,2023-05-01 08:00:00+00:00,2023-05-01 09:00:00+00:00,48968.1775,891.355,1979.6225,21444.135,41736.31,24315.1125,0.8806828564301475,-0.47370635037968,0.8660254037844387,-0.4999999999999998,0.0,1.0,1,holiday,38.835
2023-05-02,2023,5,2,122,8,1,115.69,2023-05-02 08:00:00+00:00,2023-05-02 09:00:00+00:00,64965.6525,2772.0525,10128.7175,15290.625,56013.47,28191.395,0.8724040568049612,-0.4887853942889926,0.8660254037844387,-0.4999999999999998,0.7818314824680298,0.6234898018587336,0,weekday,37.86
2023-05-03,2023,5,3,123,8,2,91.16,2023-05-03 08:00:00+00:00,2023-05-03 09:00:00+00:00,65053.1825,281.29,1855.96,26715.4575,55242.69,28852.7075,0.8638670987837349,-0.503719798736334,0.8660254037844387,-0.4999999999999998,0.9749279121818236,-0.2225209339563143,0,weekday,37.495
2023-05-04,2023,5,4,124,8,3,90.0,2023-05-04 08:00:00+00:00,2023-05-04 09:00:00+00:00,63439.19,762.475,2434.1775,30952.4975,58908.89,34149.15,0.8550745085896932,-0.518505144391157,0.8660254037844387,-0.4999999999999998,0.4338837391175582,-0.900968867902419,0,weekday,36.95
2023-05-05,2023,5,5,125,8,4,90.12,2023-05-05 08:00:00+00:00,2023-05-05 09:00:00+00:00,64363.495,4084.7175,12116.41,24633.9375,66472.98,40835.065,0.8460288880917339,-0.533137056031809,0.8660254037844387,-0.4999999999999998,-0.433883739117558,-0.9009688679024191,0,weekday,35.925
2023-05-06,2023,5,6,126,8,5,82.53,2023-05-06 08:00:00+00:00,2023-05-06 09:00:00+00:00,52990.35,2640.5550000000003,4365.325,19604.525,50288.3,26610.405,0.8367329140344921,-0.5476112038402312,0.8660254037844387,-0.4999999999999998,-0.9749279121818236,-0.2225209339563146,0,weekend,36.575
2023-05-07,2023,5,7,127,8,6,33.9,2023-05-07 08:00:00+00:00,2023-05-07 09:00:00+00:00,48046.93,4050.07,9578.2225,23254.31,58349.06,36882.6025,0.8271893372462497,-0.5619233046832195,0.8660254037844387,-0.4999999999999998,-0.7818314824680299,0.6234898018587334,0,weekend,36.712500000000006
2023-05-08,2023,5,8,128,8,0,91.83,2023-05-08 08:00:00+00:00,2023-05-08 09:00:00+00:00,62749.95,2408.415,9748.23,23370.49,58835.81,35527.135,0.8174009818249189,-0.5760691233798758,0.8660254037844387,-0.4999999999999998,0.0,1.0,0,weekday,36.85
2023-05-09,2023,5,9,129,8,1,88.84,2023-05-09 08:00:00+00:00,2023-05-09 09:00:00+00:00,63022.7625,3046.7625,12612.905,26281.8725,65702.78,41941.54,0.8073707443023492,-0.5900444739548627,0.8660254037844387,-0.4999999999999998,0.7818314824680298,0.6234898018587336,0,weekday,36.625
2023-05-10,2023,5,10,130,8,2,105.89,2023-05-10 08:00:00+00:00,2023-05-10 09:00:00+00:00,62851.46,1656.4375,9678.1725,13905.6125,53678.55,25240.2225,0.7971015927871943,-0.6038452208771035,0.8660254037844387,-0.4999999999999998,0.9749279121818236,-0.2225209339563143,0,weekday,35.7
2023-05-11,2023,5,11,131,8,3,126.71,2023-05-11 08:00:00+00:00,2023-05-11 09:00:00+00:00,62178.0175,683.0825,2014.57,11549.5725,49962.94,14247.225,0.7865965660866021,-0.6174672802835514,0.8660254037844387,-0.4999999999999998,0.4338837391175582,-0.900968867902419,0,weekday,34.9
2023-05-12,2023,5,12,132,8,4,101.6,2023-05-12 08:00:00+00:00,2023-05-12 09:00:00+00:00,62947.63,1697.5125,4737.7575,20717.4525,55218.23,27152.7225,0.7758587728069828,-0.6309066211876704,0.8660254037844387,-0.4999999999999998,-0.433883739117558,-0.9009688679024191,0,weekday,33.95
2023-05-13,2023,5,13,133,8,5,73.1,2023-05-13 08:00:00+00:00,2023-05-13 09:00:00+00:00,50999.05,1019.5625,4245.5225,24520.81,49942.09,29785.895,0.7648913904341225,-0.6441592666722685,0.8660254037844387,-0.4999999999999998,-0.9749279121818236,-0.2225209339563146,0,weekend,32.765
2023-05-14,2023,5,14,134,8,6,25.09,2023-05-14 08:00:00+00:00,2023-05-14 09:00:00+00:00,46490.0175,343.9425,2495.1125,26060.4825,46976.84,28899.5375,0.753697664392914,-0.6572212950663319,0.8660254037844387,-0.4999999999999998,-0.7818314824680299,0.6234898018587334,0,weekend,32.535
2023-05-15,2023,5,15,135,8,0,105.58,2023-05-15 08:00:00+00:00,2023-05-15 09:00:00+00:00,61306.2925,597.1875,1520.9975,23982.9975,55771.43,26101.182500000003,0.742280907086982,-0.6700888411055113,0.8660254037844387,-0.4999999999999998,0.0,1.0,0,weekday,32.305
2023-05-16,2023,5,16,136,8,1,82.77,2023-05-16 08:00:00+00:00,2023-05-16 09:00:00+00:00,62739.8975,4297.555,16118.635,18300.09,64255.42,38716.28,0.7306444969184916,-0.6827580970759147,0.8660254037844387,-0.4999999999999998,0.7818314824680298,0.6234898018587336,0,weekday,32.35
2023-05-17,2023,5,17,137,8,2,76.08,2023-05-17 08:00:00+00:00,2023-05-17 09:00:00+00:00,62449.1025,4049.465,14426.4475,23268.68,63870.47,41744.5925,0.7187918772884232,-0.6952253139408722,0.8660254037844387,-0.4999999999999998,0.9749279121818236,-0.2225209339563143,0,weekday,32.6
2023-05-18,2023,5,18,138,8,3,72.06,2023-05-18 08:00:00+00:00,2023-05-18 09:00:00+00:00,47972.0175,65.385,1399.1275,29164.31,48356.81,30628.8225,0.7067265555776158,-0.7074868024503348,0.8660254037844387,-0.4999999999999998,0.4338837391175582,-0.900968867902419,1,holiday,29.985
2023-05-19,2023,5,19,139,8,4,70.37,2023-05-19 08:00:00+00:00,2023-05-19 09:00:00+00:00,60563.7825,292.9425,2986.925,29283.245,54853.79,32563.1125,0.6944521021088763,-0.719538934232584,0.8660254037844387,-0.4999999999999998,-0.433883739117558,-0.9009688679024191,0,weekday,30.175
2023-05-20,2023,5,20,140,8,5,4.44,2023-05-20 08:00:00+00:00,2023-05-20 09:00:00+00:00,52053.5925,2522.73,12666.46,23789.7725,59023.37,38978.9625,0.6819721490904629,-0.7313781428679254,0.8660254037844387,-0.4999999999999998,-0.9749279121818236,-0.2225209339563146,0,weekend,30.175
2023-05-21,2023,5,21,141,8,6,0.0,2023-05-21 08:00:00+00:00,2023-05-21 09:00:00+00:00,45692.015,2470.4675,6088.1225,30109.5225,56363.71,38668.1125,0.6692903895412567,-0.7430009249440493,0.8660254037844387,-0.4999999999999998,-0.7818314824680299,0.6234898018587334,0,weekend,30.1875
2023-05-22,2023,5,22,142,8,0,89.97,2023-05-22 08:00:00+00:00,2023-05-22 09:00:00+00:00,60741.045,2430.9750000000004,4619.9325,31363.0325,60404.01,38413.94,0.6564105761979381,-0.7544038410927472,0.8660254037844387,-0.4999999999999998,0.0,1.0,0,weekday,30.2
2023-05-23,2023,5,23,143,8,1,84.6,2023-05-23 08:00:00+00:00,2023-05-23 09:00:00+00:00,62350.965,4200.094999999999,16357.175,13890.09,61386.77,34447.36,0.6433365204044917,-0.765583517007675,0.8660254037844387,-0.4999999999999998,0.7818314824680298,0.6234898018587336,0,weekday,29.125
2023-05-24,2023,5,24,144,8,2,85.92,2023-05-24 08:00:00+00:00,2023-05-24 09:00:00+00:00,62705.5225,2839.01,5475.9925,20316.6225,55559.88,28631.625,0.6300720909843687,-0.7765366444428655,0.8660254037844387,-0.4999999999999998,0.9749279121818236,-0.2225209339563143,0,weekday,28.63
2023-05-25,2023,5,25,145,8,3,70.85,2023-05-25 08:00:00+00:00,2023-05-25 09:00:00+00:00,63100.7975,2749.3675000000003,4575.9275,28683.5225,59414.13,36008.8175,0.6166212130956382,-0.7872599821916922,0.8660254037844387,-0.4999999999999998,0.4338837391175582,-0.900968867902419,0,weekday,26.9
2023-05-26,2023,5,26,146,8,4,56.25,2023-05-26 08:00:00+00:00,2023-05-26 09:00:00+00:00,62162.6375,1851.9775,6321.3225,31901.475,60660.22,40074.775,0.6029878670694714,-0.7977503570459932,0.8660254037844387,-0.4999999999999998,-0.433883739117558,-0.9009688679024191,0,weekday,25.435
2023-05-27,2023,5,27,147,8,5,16.37,2023-05-27 08:00:00+00:00,2023-05-27 09:00:00+00:00,50588.97,76.245,1615.78,32903.457500000004,53022.09,34595.482500000006,0.5891760872322963,-0.8080046647350754,0.8660254037844387,-0.4999999999999998,-0.9749279121818236,-0.2225209339563146,0,weekend,24.52
2023-05-28,2023,5,28,148,8,6,-3.08,2023-05-28 08:00:00+00:00,2023-05-28 09:00:00+00:00,42910.16,266.4475,557.1575,33502.325,50807.53,34325.93,0.5751899607119775,-0.8180198708443174,0.8660254037844387,-0.4999999999999998,-0.7818314824680299,0.6234898018587334,0,weekend,24.573666666666668
2023-05-29,2023,5,29,149,8,0,-2.11,2023-05-29 08:00:00+00:00,2023-05-29 09:00:00+00:00,47114.1975,1977.785,4538.765,33140.9025,55891.2,39657.4525,0.5610336262283677,-0.8277930117131022,0.8660254037844387,-0.4999999999999998,0.0,1.0,1,holiday,24.627333333333333
2023-05-30,2023,5,30,150,8,1,82.37,2023-05-30 08:00:00+00:00,2023-05-30 09:00:00+00:00,61444.775,1897.3575,2727.9375,29937.005,58243.1,34562.3,0.5467112728685939,-0.8373211953118121,0.8660254037844387,-0.4999999999999998,0.7818314824680298,0.6234898018587336,0,weekday,24.681
2023-05-31,2023,5,31,151,8,2,66.92,2023-05-31 08:00:00+00:00,2023-05-31 09:00:00+00:00,61587.11,1366.255,3512.305,34855.57,62328.85,39734.13,0.5322271388474397,-0.8466016020976267,0.8660254037844387,-0.4999999999999998,0.9749279121818236,-0.2225209339563143,0,weekday,25.495
2023-06-01,2023,6,1,152,8,3,68.19,2023-06-01 08:00:00+00:00,2023-06-01 09:00:00+00:00,62439.22,3435.2725,7612.014999999999,31696.355,66046.69,42743.6425,0.5175855102531889,-0.8556314858488706,0.8660254037844387,-0.4999999999999998,0.4338837391175582,-0.900968867902419,0,weekday,25.2
2023-06-02,2023,6,2,153,8,4,72.09,2023-06-02 08:00:00+00:00,2023-06-02 09:00:00+00:00,61185.2025,778.6,3981.545,30746.69,57563.58,35506.835,0.5027907197793043,-0.8644081744776648,0.8660254037844387,-0.4999999999999998,-0.433883739117558,-0.9009688679024191,0,weekday,23.75
2023-06-03,2023,6,3,154,8,5,27.36,2023-06-03 08:00:00+00:00,2023-06-03 09:00:00+00:00,50858.7125,91.755,3128.8475,33717.46,55268.76,36938.0625,0.4878471454423119,-0.8729290708206411,0.8660254037844387,-0.4999999999999998,-0.9749279121818236,-0.2225209339563146,0,weekend,23.69
2023-06-04,2023,6,4,155,8,6,5.11,2023-06-04 08:00:00+00:00,2023-06-04 09:00:00+00:00,45719.895,236.33,1667.255,34838.6975,54591.71,36742.2825,0.4727592092862775,-0.881191653407483,0.8660254037844387,-0.4999999999999998,-0.7818314824680299,0.6234898018587334,0,weekend,23.97
2023-06-05,2023,6,5,156,8,0,75.0,2023-06-05 08:00:00+00:00,2023-06-05 09:00:00+00:00,61380.77,52.322500000000005,1271.95,32498.3525,56853.3,33822.625,0.4575313760742512,-0.8891934772070711,0.8660254037844387,-0.4999999999999998,0.0,1.0,0,weekday,24.25
2023-06-06,2023,6,6,157,8,1,86.73,2023-06-06 08:00:00+00:00,2023-06-06 09:00:00+00:00,62554.3275,624.96,1740.555,25394.225,55477.1,27759.74,0.442168151967072,-0.8969321743510065,0.8660254037844387,-0.4999999999999998,0.7818314824680298,0.6234898018587336,0,weekday,28.3
2023-06-07,2023,6,7,158,8,2,93.13,2023-06-07 08:00:00+00:00,2023-06-07 09:00:00+00:00,61734.085,620.9975,898.0275,24904.595,55027.86,26423.620000000003,0.4266740831899246,-0.9044054548343,0.8660254037844387,-0.4999999999999998,0.9749279121818236,-0.2225209339563143,0,weekday,25.35
2023-06-08,2023,6,8,159,8,3,74.64,2023-06-08 08:00:00+00:00,2023-06-08 09:00:00+00:00,51653.02,927.625,1118.045,29368.975,54586.13,31414.645,0.4110537546870351,-0.911611107193024,0.8660254037844387,-0.4999999999999998,0.4338837391175582,-0.900968867902419,0,weekday,26.55
2023-06-09,2023,6,9,160,8,4,82.26,2023-06-09 08:00:00+00:00,2023-06-09 09:00:00+00:00,60378.6625,841.005,2562.3725,32210.31,58664.16,35613.6875,0.3953117887649151,-0.9185469991587164,0.8660254037844387,-0.4999999999999998,-0.433883739117558,-0.9009688679024191,0,weekday,27.15
2023-06-10,2023,6,10,161,8,5,26.91,2023-06-10 08:00:00+00:00,2023-06-10 09:00:00+00:00,52707.735,2946.6175,6347.264999999999,32476.9225,60767.14,41770.805,0.3794528437245443,-0.925211078289358,0.8660254037844387,-0.4999999999999998,-0.9749279121818236,-0.2225209339563146,0,weekend,32.05
2023-06-11,2023,6,11,162,8,6,0.01,2023-06-11 08:00:00+00:00,2023-06-11 09:00:00+00:00,48736.22,3200.18,6351.4025,33173.53,59080.73,42725.1125,0.3634816124829063,-0.9316013725767188,0.8660254037844387,-0.4999999999999998,-0.7818314824680299,0.6234898018587334,0,weekend,31.8275
2023-06-12,2023,6,12,163,8,0,89.97,2023-06-12 08:00:00+00:00,2023-06-12 09:00:00+00:00,63027.24,1469.8375,5846.445,33735.8325,63294.07,41052.115,0.3474028211842774,-0.9377159910299092,0.8660254037844387,-0.4999999999999998,0.0,1.0,0,weekday,31.605
2023-06-13,2023,6,13,164,8,1,85.08,2023-06-13 08:00:00+00:00,2023-06-13 09:00:00+00:00,63626.8875,2022.9325,6348.195,33224.7175,64805.32,41595.845,0.3312212278016865,-0.9435531242349544,0.8660254037844387,-0.4999999999999998,0.7818314824680298,0.6234898018587336,0,weekday,33.65
2023-06-14,2023,6,14,165,8,2,87.66,2023-06-14 08:00:00+00:00,2023-06-14 09:00:00+00:00,64707.5325,1416.015,6908.38,31816.5325,63892.71,40140.927500000005,0.3149416207289519,-0.9491110448902284,0.8660254037844387,-0.4999999999999998,0.9749279121818236,-0.2225209339563143,0,weekday,34.125
2023-06-15,2023,6,15,166,8,3,103.66,2023-06-15 08:00:00+00:00,2023-06-15 09:00:00+00:00,63622.7325,237.12,1261.4075,29009.7,58358.12,30508.2275,0.2985688173637202,-0.9543881083175908,0.8660254037844387,-0.4999999999999998,0.4338837391175582,-0.900968867902419,0,weekday,37.35
2023-06-16,2023,6,16,167,8,4,112.2,2023-06-16 08:00:00+00:00,2023-06-16 09:00:00+00:00,63432.64,615.9725000000001,1978.8125,27145.78,60893.89,29740.565,0.2821076626819194,-0.9593827529490744,0.8660254037844387,-0.4999999999999998,-0.433883739117558,-0.9009688679024191,0,weekday,34.55
2023-06-17,2023,6,17,168,8,5,85.0,2023-06-17 08:00:00+00:00,2023-06-17 09:00:00+00:00,51663.880000000005,90.94,1004.7625,29863.5775,50671.38,30959.28,0.2655630278040559,-0.9640935007889756,0.8660254037844387,-0.4999999999999998,-0.9749279121818236,-0.2225209339563146,0,weekend,35.01
2023-06-18,2023,6,18,169,8,6,63.36,2023-06-18 08:00:00+00:00,2023-06-18 09:00:00+00:00,48492.2775,230.63,420.66,31859.575,48775.55,32510.865,0.2489398085537665,-0.9685189578512204,0.8660254037844387,-0.4999999999999998,-0.7818314824680299,0.6234898018587334,0,weekend,34.22333333333333
2023-06-19,2023,6,19,170,8,0,104.12,2023-06-19 08:00:00+00:00,2023-06-19 09:00:00+00:00,63374.7825,1788.755,4515.09,22254.545,59222.07,28558.39,0.2322429240090701,-0.9726578145718654,0.8660254037844387,-0.4999999999999998,0.0,1.0,0,weekday,33.43666666666667
2023-06-20,2023,6,20,171,8,1,114.09,2023-06-20 08:00:00+00:00,2023-06-20 09:00:00+00:00,63559.2275,907.1925,2162.775,25623.3675,60764.22,28693.335,0.2154773150467301,-0.976508846196619,0.8660254037844387,-0.4999999999999998,0.7818314824680298,0.6234898018587336,0,weekday,32.65
2023-06-21,2023,6,21,172,8,2,109.94,2023-06-21 08:00:00+00:00,2023-06-21 09:00:00+00:00,64039.455,1708.125,4257.1925,24061.3025,61247.55,30026.620000000003,0.1986479428801711,-0.9800709131432666,0.8660254037844387,-0.4999999999999998,0.9749279121818236,-0.2225209339563143,0,weekday,36.8
2023-06-22,2023,6,22,173,8,3,116.0,2023-06-22 08:00:00+00:00,2023-06-22 09:00:00+00:00,64083.8,59.32,2845.43,24064.73,58515.94,26969.48,0.1817597875913753,-0.9833429613388902,0.8660254037844387,-0.4999999999999998,0.4338837391175582,-0.900968867902419,0,weekday,36.9
2023-06-23,2023,6,23,174,8,4,106.27,2023-06-23 08:00:00+00:00,2023-06-23 09:00:00+00:00,62387.3775,315.2675,14005.9375,14207.4125,57180.81,28528.6175,0.1648178466571979,-0.9863240225317866,0.8660254037844387,-0.4999999999999998,-0.433883739117558,-0.9009688679024191,0,weekday,32.64
2023-06-24,2023,6,24,175,8,5,57.64,2023-06-24 08:00:00+00:00,2023-06-24 09:00:00+00:00,51033.2775,1023.505,1287.1675,30605.5075,51444.27,32916.18,0.1478271334705304,-0.9890132145779884,0.8660254037844387,-0.4999999999999998,-0.9749279121818236,-0.2225209339563146,0,weekend,32.507
2023-06-25,2023,6,25,176,8,6,9.69,2023-06-25 08:00:00+00:00,2023-06-25 09:00:00+00:00,45347.8775,173.8275,229.2575,32009.4325,50225.11,32412.5175,0.1307926758567592,-0.9914097417023038,0.8660254037844387,-0.4999999999999998,-0.7818314824680299,0.6234898018587334,0,weekend,33.406
2023-06-26,2023,6,26,177,8,0,87.9,2023-06-26 08:00:00+00:00,2023-06-26 09:00:00+00:00,63363.2975,3121.0775,8478.8,29672.115,63219.3,41271.9925,0.1137195145859496,-0.9935128947338008,0.8660254037844387,-0.4999999999999998,0.0,1.0,0,weekday,34.305
2023-06-27,2023,6,27,178,8,1,90.0,2023-06-27 08:00:00+00:00,2023-06-27 09:00:00+00:00,63735.715,2904.31,12355.0175,25214.1825,63522.16,40473.51,0.0966127018812031,-0.9953220513156602,0.8660254037844387,-0.4999999999999998,0.7818314824680298,0.6234898018587336,0,weekday,32.905
2023-06-28,2023,6,28,179,8,2,101.89,2023-06-28 08:00:00+00:00,2023-06-28 09:00:00+00:00,61466.89,739.4075,6204.5025,23346.71,58256.47,30290.62,0.0794772999236209,-0.9968366760893436,0.8660254037844387,-0.4999999999999998,0.9749279121818236,-0.2225209339563143,0,weekday,33.8
2023-06-29,2023,6,29,180,8,3,105.95,2023-06-29 08:00:00+00:00,2023-06-29 09:00:00+00:00,59789.88,883.715,856.37,26759.8475,59094.92,28499.9325,0.062318379354325,-0.998056320853012,0.8660254037844387,-0.4999999999999998,0.4338837391175582,-0.900968867902419,0,weekday,32.3
2023-06-30,2023,6,30,181,8,4,109.86,2023-06-30 08:00:00+00:00,2023-06-30 09:00:00+00:00,60684.6725,442.38,3256.07,14707.5975,49008.23,18406.0475,0.0451410177739719,-0.998980624694158,0.8660254037844387,-0.4999999999999998,-0.433883739117558,-0.9009688679024191,0,weekday,35.195
2023-07-01,2023,7,1,182,8,5,43.79,2023-07-01 08:00:00+00:00,2023-07-01 09:00:00+00:00,50235.0775,3065.8975,15381.265,19374.8475,56237.93,37822.01,0.0279502982402103,-0.999609314096404,0.8660254037844387,-0.4999999999999998,-0.9749279121818236,-0.2225209339563146,0,weekend,37.103
2023-07-02,2023,7,2,183,8,6,-37.0,2023-07-02 08:00:00+00:00,2023-07-02 09:00:00+00:00,47459.2275,3212.68,27056.5275,22984.0975,61776.46,53253.305,0.0107513077635219,-0.9999422030204416,0.8660254037844387,-0.4999999999999998,-0.7818314824680299,0.6234898018587334,0,weekend,37.4615
2023-07-03,2023,7,3,184,8,0,1.0,2023-07-03 08:00:00+00:00,2023-07-03 09:00:00+00:00,61134.1225,4166.8575,27204.53,23742.04,75592.22,55113.4275,-0.0064508641981051,-0.9999791929590824,0.8660254037844387,-0.4999999999999998,0.0,1.0,0,weekday,37.82
2023-07-04,2023,7,4,185,8,1,33.64,2023-07-04 08:00:00+00:00,2023-07-04 09:00:00+00:00,62027.3925,4441.045,22089.08,27040.795,73811.79,53570.92,-0.0236511272452315,-0.9997202729664084,0.8660254037844387,-0.4999999999999998,0.7818314824680298,0.6234898018587336,0,weekday,33.93
2023-07-05,2023,7,5,186,8,2,73.44,2023-07-05 08:00:00+00:00,2023-07-05 09:00:00+00:00,60408.545,3720.63,31031.0375,20216.9625,75910.55,54968.63,-0.0408443915432961,-0.9991655196610107,0.8660254037844387,-0.4999999999999998,0.9749279121818236,-0.2225209339563143,0,weekday,33.825
2023-07-06,2023,7,6,187,8,3,95.03,2023-07-06 08:00:00+00:00,2023-07-06 09:00:00+00:00,59764.84,2200.095,7331.19,29991.155,64043.97,39522.44,-0.0580255693287803,-0.9983150972033183,0.8660254037844387,-0.4999999999999998,0.4338837391175582,-0.900968867902419,0,weekday,33.24
2023-07-07,2023,7,7,188,8,4,84.0,2023-07-07 08:00:00+00:00,2023-07-07 09:00:00+00:00,60441.4425,302.375,720.225,33901.1975,57949.18,34923.7975,-0.0751895764147585,-0.9971692572470178,0.8660254037844387,-0.4999999999999998,-0.433883739117558,-0.9009688679024191,0,weekday,33.3
2023-07-08,2023,7,8,189,8,5,60.9,2023-07-08 08:00:00+00:00,2023-07-08 09:00:00+00:00,49188.3275,1829.855,2226.8525,31790.7575,53966.91,35847.465,-0.0923313336953912,-0.9957283388645872,0.8660254037844387,-0.4999999999999998,-0.9749279121818236,-0.2225209339563146,0,weekend,33.478
2023-07-09,2023,7,9,190,8,6,60.15,2023-07-09 08:00:00+00:00,2023-07-09 09:00:00+00:00,44484.625,1257.95,1150.8225,32847.2275,51241.05,35256.0,-0.1094457686489155,-0.993992768446958,0.8660254037844387,-0.4999999999999998,-0.7818314824680299,0.6234898018587334,0,weekend,33.153999999999996
2023-07-10,2023,7,10,191,8,0,105.28,2023-07-10 08:00:00+00:00,2023-07-10 09:00:00+00:00,59680.8175,1098.31,6006.2075,22877.1925,57880.95,29981.71,-0.1265278168386831,-0.9919630595773395,0.8660254037844387,-0.4999999999999998,0.0,1.0,0,weekday,32.83
2023-07-11,2023,7,11,192,8,1,93.82,2023-07-11 08:00:00+00:00,2023-07-11 09:00:00+00:00,60097.7225,3238.4925000000003,5043.0975,31105.9775,62342.56,39387.567500000005,-0.1435724234118113,-0.9896398128792412,0.8660254037844387,-0.4999999999999998,0.7818314824680298,0.6234898018587336,0,weekday,29.93
2023-07-12,2023,7,12,193,8,2,86.36,2023-07-12 08:00:00+00:00,2023-07-12 09:00:00+00:00,62188.9325,3078.73,18712.8025,22910.115,66726.09,44701.64750000001,-0.1605745445949937,-0.9870237158387384,0.8660254037844387,-0.4999999999999998,0.9749279121818236,-0.2225209339563143,0,weekday,28.455
2023-07-13,2023,7,13,194,8,3,91.17,2023-07-13 08:00:00+00:00,2023-07-13 09:00:00+00:00,59825.6575,3109.505,11855.475,24303.645,63137.37,39268.625,-0.1775291491870349,-0.984115542601034,0.8660254037844387,-0.4999999999999998,0.4338837391175582,-0.900968867902419,0,weekday,26.885
2023-07-14,2023,7,14,195,8,4,79.71,2023-07-14 08:00:00+00:00,2023-07-14 09:00:00+00:00,60145.03,819.7275,1965.0175,28408.91,55252.38,31193.655,-0.1944312200476619,-0.9809161537413774,0.8660254037844387,-0.4999999999999998,-0.433883739117558,-0.9009688679024191,0,weekday,27.57
2023-07-15,2023,7,15,196,8,5,4.6,2023-07-15 08:00:00+00:00,2023-07-15 09:00:00+00:00,50583.9075,3608.345,9261.68,29990.2825,59852.34,42860.3075,-0.2112757555821793,-0.9774264960104057,0.8660254037844387,-0.4999999999999998,-0.9749279121818236,-0.2225209339563146,0,weekend,25.957
2023-07-16,2023,7,16,197,8,6,-19.34,2023-07-16 08:00:00+00:00,2023-07-16 09:00:00+00:00,45604.35,2374.4625,21372.3525,24776.0375,63562.75,48522.8525,-0.2280577712215198,-0.9736476020539838,0.8660254037844387,-0.4999999999999998,-0.7818314824680299,0.6234898018587334,0,weekend,25.211
2023-07-17,2023,7,17,198,8,0,77.9,2023-07-17 08:00:00+00:00,2023-07-17 09:00:00+00:00,60152.4775,4053.1,13887.1425,28187.735,67779.02,46127.9775,-0.2447723008972595,-0.9695805901076308,0.8660254037844387,-0.4999999999999998,0.0,1.0,0,weekday,24.465
2023-07-18,2023,7,18,199,8,1,82.74,2023-07-18 08:00:00+00:00,2023-07-18 09:00:00+00:00,60112.1675,1458.4825,4335.25,30546.565,61735.67,36340.2975,-0.2614143985111562,-0.965226663665613,0.8660254037844387,-0.4999999999999998,0.7818314824680298,0.6234898018587336,0,weekday,26.0
2023-07-19,2023,7,19,200,8,2,88.48,2023-07-19 08:00:00+00:00,2023-07-19 09:00:00+00:00,59497.9475,435.8825,2291.6025,24623.1075,55936.19,27350.5925,-0.2779791393987801,-0.9605871111248128,0.8660254037844387,-0.4999999999999998,0.9749279121818236,-0.2225209339563143,0,weekday,27.155
2023-07-20,2023,7,20,201,8,3,86.72,2023-07-20 08:00:00+00:00,2023-07-20 09:00:00+00:00,57711.925,2256.1575000000003,6483.637500000001,25107.7525,59189.72,33847.5475,-0.2944616217868012,-0.9556633054034704,0.8660254037844387,-0.4999999999999998,0.4338837391175582,-0.900968867902419,0,weekday,25.54
2023-07-21,2023,7,21,202,8,4,97.9,2023-07-21 08:00:00+00:00,2023-07-21 09:00:00+00:00,59210.645,306.5125,1134.635,19031.23,50228.84,20472.3775,-0.3108569682435036,-0.9504567035349152,0.8660254037844387,-0.4999999999999998,-0.433883739117558,-0.9009688679024191,0,weekday,30.0
2023-07-22,2023,7,22,203,8,5,59.08,2023-07-22 08:00:00+00:00,2023-07-22 09:00:00+00:00,49012.745,1234.4625,8795.8575,25228.53,53181.04,35258.85,-0.3271603271220951,-0.9449688462364056,0.8660254037844387,-0.4999999999999998,-0.9749279121818236,-0.2225209339563146,0,weekend,28.164
2023-07-23,2023,7,23,204,8,6,0.0,2023-07-23 08:00:00+00:00,2023-07-23 09:00:00+00:00,46341.465,3878.4875,20313.5525,19044.4675,61627.18,43236.5075,-0.343366873996388,-0.939201357453208,0.8660254037844387,-0.4999999999999998,-0.7818314824680299,0.6234898018587334,0,weekend,28.157
2023-07-24,2023,7,24,205,8,0,99.94,2023-07-24 08:00:00+00:00,2023-07-24 09:00:00+00:00,58668.34,818.42,12957.0775,16338.0625,54754.93,30113.56,-0.3594718130884232,-0.9331559438780432,0.8660254037844387,-0.4999999999999998,0.0,1.0,0,weekday,28.15
2023-07-25,2023,7,25,206,8,1,102.65,2023-07-25 08:00:00+00:00,2023-07-25 09:00:00+00:00,58370.27,2564.0950000000003,5584.6925,16501.465,51054.95,24650.2525,-0.3754703786876202,-0.9268343944460494,0.8660254037844387,-0.4999999999999998,0.7818314824680298,0.6234898018587336,0,weekday,30.22
2023-07-26,2023,7,26,207,8,2,95.68,2023-07-26 08:00:00+00:00,2023-07-26 09:00:00+00:00,59171.705,1872.3475,9569.82,20002.8025,54325.94,31444.97,-0.3913578365610259,-0.9202385798054076,0.8660254037844387,-0.4999999999999998,0.9749279121818236,-0.2225209339563143,0,weekday,32.78
2023-07-27,2023,7,27,208,8,3,96.8,2023-07-27 08:00:00+00:00,2023-07-27 09:00:00+00:00,58332.067500000005,1229.2825,11868.6425,12959.7725,49656.93,26057.6975,-0.4071294853542516,-0.9133704517637858,0.8660254037844387,-0.4999999999999998,0.4338837391175582,-0.900968867902419,0,weekday,29.25
2023-07-28,2023,7,28,209,8,4,99.54,2023-07-28 08:00:00+00:00,2023-07-28 09:00:00+00:00,57078.955,316.1975,11447.615,14195.4875,50362.9,25959.3,-0.4227806579826773,-0.9062320427107696,0.8660254037844387,-0.4999999999999998,-0.433883739117558,-0.9009688679024191,0,weekday,27.275
2023-07-29,2023,7,29,210,8,5,75.5,2023-07-29 08:00:00+00:00,2023-07-29 09:00:00+00:00,47470.2725,2125.1775,8486.63,16066.5,48101.23,26678.3075,-0.4383067230125192,-0.898825465016444,0.8660254037844387,-0.4999999999999998,-0.9749279121818236,-0.2225209339563146,0,weekend,25.841
2023-07-30,2023,7,30,211,8,6,-0.01,2023-07-30 08:00:00+00:00,2023-07-30 09:00:00+00:00,46481.8225,2195.41,14186.0125,20367.305,54195.88,36748.7275,-0.4537030860313442,-0.8911529104063088,0.8660254037844387,-0.4999999999999998,-0.7818314824680299,0.6234898018587334,0,weekend,26.823
2023-07-31,2023,7,31,212,8,0,74.16,2023-07-31 08:00:00+00:00,2023-07-31 09:00:00+00:00,58430.7825,1191.6375,22336.7475,14060.845,59397.62,37589.23,-0.4689651910076318,-0.8832166493127127,0.8660254037844387,-0.4999999999999998,0.0,1.0,0,weekday,27.805
2023-08-01,2023,8,1,213,8,1,92.72,2023-08-01 08:00:00+00:00,2023-08-01 09:00:00+00:00,58868.3775,2239.58,18665.2125,9964.665,54970.95,30869.457500000004,-0.4840885216389758,-0.8750190302029955,0.8660254037844387,-0.4999999999999998,0.7818314824680298,0.6234898018587336,0,weekday,29.115
2023-08-02,2023,8,2,214,8,2,79.07,2023-08-02 08:00:00+00:00,2023-08-02 09:00:00+00:00,57522.4225,1969.585,16140.95,12027.0675,51833.49,30137.6025,-0.4990686026885319,-0.8665624788845385,0.8660254037844387,-0.4999999999999998,0.9749279121818236,-0.2225209339563143,0,weekday,27.3
2023-08-03,2023,8,3,215,8,3,45.45,2023-08-03 08:00:00+00:00,2023-08-03 09:00:00+00:00,59383.7625,2667.065,30603.67,17996.195,71160.01,51266.93,-0.5139010013093103,-0.8578494977869301,0.8660254037844387,-0.4999999999999998,0.4338837391175582,-0.900968867902419,0,weekday,29.875
2023-08-04,2023,8,4,216,8,4,95.16,2023-08-04 08:00:00+00:00,2023-08-04 09:00:00+00:00,57236.675,2030.2225,5051.825000000001,17785.864999999998,48467.28,24867.9125,-0.5285813283559292,-0.8488826652214553,0.8660254037844387,-0.4999999999999998,-0.433883739117558,-0.9009688679024191,0,weekday,29.5
2023-08-05,2023,8,5,217,8,5,80.1,2023-08-05 08:00:00+00:00,2023-08-05 09:00:00+00:00,46243.95,209.28,955.0525,18239.4275,40868.36,19403.76,-0.5431052396834317,-0.8396646346181327,0.8660254037844387,-0.4999999999999998,-0.9749279121818236,-0.2225209339563146,0,weekend,28.853
2023-08-06,2023,8,6,218,8,6,49.09,2023-08-06 08:00:00+00:00,2023-08-06 09:00:00+00:00,43540.25,429.61,4782.66,12156.1825,38226.74,17368.4525,-0.5574684374327892,-0.8301981337405212,0.8660254037844387,-0.4999999999999998,-0.7818314824680299,0.6234898018587334,0,weekend,29.326500000000003
2023-08-07,2023,8,7,219,8,0,4.37,2023-08-07 08:00:00+00:00,2023-08-07 09:00:00+00:00,56561.6875,4036.065,32052.975,12386.5325,69785.09,48475.5725,-0.5716666713027052,-0.8204859638785327,0.8660254037844387,-0.4999999999999998,0.0,1.0,0,weekday,29.8
2023-08-08,2023,8,8,220,8,1,-6.77,2023-08-08 08:00:00+00:00,2023-08-08 09:00:00+00:00,57679.625,2624.1425,29539.905,23600.2425,72286.65,55764.29,-0.5856957398073508,-0.8105309990194823,0.8660254037844387,-0.4999999999999998,0.7818314824680298,0.6234898018587336,0,weekday,29.81
2023-08-09,2023,8,9,221,8,2,88.97,2023-08-09 08:00:00+00:00,2023-08-09 09:00:00+00:00,57442.2975,3594.93,12408.1075,17467.7575,55721.41,33470.795,-0.5995514915196489,-0.8003361849976323,0.8660254037844387,-0.4999999999999998,0.9749279121818236,-0.2225209339563143,0,weekday,33.15
2023-08-10,2023,8,10,222,8,3,82.19,2023-08-10 08:00:00+00:00,2023-08-10 09:00:00+00:00,57593.3725,1135.2875,2963.6475,28704.8675,54717.43,32803.8025,-0.6132298262997502,-0.7899045386224707,0.8660254037844387,-0.4999999999999998,0.4338837391175582,-0.900968867902419,0,weekday,37.095
2023-08-11,2023,8,11,223,8,4,84.51,2023-08-11 08:00:00+00:00,2023-08-11 09:00:00+00:00,54681.3225,1767.735,1682.195,30639.76,55149.41,34089.689999999995,-0.6267266965083301,-0.7792391467859886,0.8660254037844387,-0.4999999999999998,-0.433883739117558,-0.9009688679024191,0,weekday,37.0
2023-08-12,2023,8,12,224,8,5,76.25,2023-08-12 08:00:00+00:00,2023-08-12 09:00:00+00:00,47378.0775,1556.3275,4445.6175,19213.34,44548.27,25215.285,-0.6400381082043503,-0.7683431655492202,0.8660254037844387,-0.4999999999999998,-0.9749279121818236,-0.2225209339563146,0,weekend,35.3
2023-08-13,2023,8,13,225,8,6,28.21,2023-08-13 08:00:00+00:00,2023-08-13 09:00:00+00:00,44704.2025,2703.715,3662.1425,22825.5175,47625.26,29191.375,-0.65316012232693,-0.7572198192083127,0.8660254037844387,-0.4999999999999998,-0.7818314824680299,0.6234898018587334,0,weekend,35.974999999999994
2023-08-14,2023,8,14,226,8,0,83.67,2023-08-14 08:00:00+00:00,2023-08-14 09:00:00+00:00,56500.4025,1353.2325,888.425,26032.3075,50273.94,28273.965,-0.666088855860977,-0.7458723993404063,0.8660254037844387,-0.4999999999999998,0.0,1.0,0,weekday,36.65
2023-08-15,2023,8,15,227,8,1,79.97,2023-08-15 08:00:00+00:00,2023-08-15 09:00:00+00:00,59543.6625,2226.7175,3517.17,23716.1325,51162.9,29460.02,-0.6788204829862355,-0.734304263829602,0.8660254037844387,-0.4999999999999998,0.7818314824680298,0.6234898018587336,0,weekday,36.835
2023-08-16,2023,8,16,228,8,2,99.31,2023-08-16 08:00:00+00:00,2023-08-16 09:00:00+00:00,58777.83,226.475,621.47,22943.615,51117.86,23791.56,-0.6913512362094071,-0.722518835873311,0.8660254037844387,-0.4999999999999998,0.9749279121818236,-0.2225209339563143,0,weekday,41.83
2023-08-17,2023,8,17,229,8,3,103.07,2023-08-17 08:00:00+00:00,2023-08-17 09:00:00+00:00,58771.1375,1015.5775,4921.175,18759.855,49955.2,24696.6075,-0.7036774074790128,-0.7105196029692745,0.8660254037844387,-0.4999999999999998,0.4338837391175582,-0.900968867902419,0,weekday,37.15
2023-08-18,2023,8,18,230,8,4,95.85,2023-08-18 08:00:00+00:00,2023-08-18 09:00:00+00:00,57802.8325,2634.6125,2317.6825,25554.63,53917.93,30506.925000000003,-0.7157953492826642,-0.6983101158835584,0.8660254037844387,-0.4999999999999998,-0.433883739117558,-0.9009688679024191,0,weekday,36.265
2023-08-19,2023,8,19,231,8,5,69.4,2023-08-19 08:00:00+00:00,2023-08-19 09:00:00+00:00,48348.27,3047.6225,4533.875,26779.2075,51533.22,34360.705,-0.7277014757264236,-0.6858939875998223,0.8660254037844387,-0.4999999999999998,-0.9749279121818236,-0.2225209339563146,0,weekend,36.41
2023-08-20,2023,8,20,232,8,6,73.31,2023-08-20 08:00:00+00:00,2023-08-20 09:00:00+00:00,42767.8025,982.1675,892.0925,26282.9825,44671.01,28157.2425,-0.7393922635959241,-0.673274892250183,0.8660254037844387,-0.4999999999999998,-0.7818314824680299,0.6234898018587334,0,weekend,37.4925
2023-08-21,2023,8,21,233,8,0,104.04,2023-08-21 08:00:00+00:00,2023-08-21 09:00:00+00:00,58110.2175,775.4525,606.3050000000001,27818.2175,55452.02,29199.975,-0.7508642533989489,-0.6604565640279754,0.8660254037844387,-0.4999999999999998,0.0,1.0,0,weekday,38.575
2023-08-22,2023,8,22,234,8,1,102.4,2023-08-22 08:00:00+00:00,2023-08-22 09:00:00+00:00,58493.36,942.53,864.5225,26376.6075,56912.26,28183.66,-0.7621140503891487,-0.6474427960827475,0.8660254037844387,-0.4999999999999998,0.7818314824680298,0.6234898018587336,0,weekday,39.355
2023-08-23,2023,8,23,235,8,2,119.85,2023-08-23 08:00:00+00:00,2023-08-23 09:00:00+00:00,59485.74,502.3675,984.2,27672.1975,60990.25,29158.765,-0.7731383255706026,-0.6342374393978054,0.8660254037844387,-0.4999999999999998,0.9749279121818236,-0.2225209339563143,0,weekday,41.65
2023-08-24,2023,8,24,236,8,3,113.51,2023-08-24 08:00:00+00:00,2023-08-24 09:00:00+00:00,59988.6975,133.70499999999998,1261.61,26750.59,58448.63,28145.905,-0.7839338166829201,-0.620844401650647,0.8660254037844387,-0.4999999999999998,0.4338837391175582,-0.900968867902419,0,weekday,33.165
2023-08-25,2023,8,25,237,8,4,116.67,2023-08-25 08:00:00+00:00,2023-08-25 09:00:00+00:00,60134.48,700.4525,5452.7075,18639.695,55536.99,24792.855,-0.7944973291665992,-0.6072676460566135,0.8660254037844387,-0.4999999999999998,-0.433883739117558,-0.9009688679024191,0,weekday,34.3
2023-08-26,2023,8,26,238,8,5,85.11,2023-08-26 08:00:00+00:00,2023-08-26 09:00:00+00:00,48887.35,1433.455,9070.31,20020.7125,50854.79,30524.4775,-0.8048257371083452,-0.593511190196115,0.8660254037844387,-0.4999999999999998,-0.9749279121818236,-0.2225209339563146,0,weekend,34.775
2023-08-27,2023,8,27,239,8,6,93.24,2023-08-27 08:00:00+00:00,2023-08-27 09:00:00+00:00,44251.96,1044.3925,1779.6625,11801.0275,33753.14,14625.0825,-0.8149159841660791,-0.5795791048257612,0.8660254037844387,-0.4999999999999998,-0.7818314824680299,0.6234898018587334,0,weekend,35.135
2023-08-28,2023,8,28,240,8,0,116.58,2023-08-28 08:00:00+00:00,2023-08-28 09:00:00+00:00,59251.2225,935.7075,3141.275,12419.8875,51191.83,16496.870000000003,-0.8247650844733614,-0.5654755126737576,0.8660254037844387,-0.4999999999999998,0.0,1.0,0,weekday,35.495
2023-08-29,2023,8,29,241,8,1,131.77,2023-08-29 08:00:00+00:00,2023-08-29 09:00:00+00:00,60130.86,186.135,2588.2,8584.1,49423.41,11358.435,-0.8343701235229538,-0.5512045872199277,0.8660254037844387,-0.4999999999999998,0.7818314824680298,0.6234898018587336,0,weekday,36.885
2023-08-30,2023,8,30,242,8,2,110.29,2023-08-30 08:00:00+00:00,2023-08-30 09:00:00+00:00,57386.8925,1769.7075,2962.075,19664.9725,54762.75,24396.755,-0.8437282590292712,-0.5367705514607103,0.8660254037844387,-0.4999999999999998,0.9749279121818236,-0.2225209339563143,0,weekday,34.425
2023-08-31,2023,8,31,243,8,3,96.87,2023-08-31 08:00:00+00:00,2023-08-31 09:00:00+00:00,60188.9,830.35,10896.3775,20518.345,60067.45,32245.0725,-0.8528367217694595,-0.522177676659508,0.8660254037844387,-0.4999999999999998,0.4338837391175582,-0.900968867902419,0,weekday,39.0
2023-09-01,2023,9,1,244,8,4,102.22,2023-09-01 08:00:00+00:00,2023-09-01 09:00:00+00:00,59111.12,450.1925,5384.02,14521.9475,48807.06,20356.16,-0.8616928164028522,-0.5074302810827518,0.8660254037844387,-0.4999999999999998,-0.433883739117558,-0.9009688679024191,0,weekday,35.75
2023-09-02,2023,9,2,245,8,5,89.77,2023-09-02 08:00:00+00:00,2023-09-02 09:00:00+00:00,46630.6275,234.6625,551.345,21907.0025,44914.08,22693.01,-0.8702939222685674,-0.4925327287220543,0.8660254037844387,-0.4999999999999998,-0.9749279121818236,-0.2225209339563146,0,weekend,35.617
2023-09-03,2023,9,3,246,8,6,60.3,2023-09-03 08:00:00+00:00,2023-09-03 09:00:00+00:00,42194.5475,1008.6275,1707.5225,21695.16,41900.76,24411.31,-0.8786374941610001,-0.4774894280028391,0.8660254037844387,-0.4999999999999998,-0.7818314824680299,0.6234898018587334,0,weekend,35.827999999999996
2023-09-04,2023,9,4,247,8,0,92.88,2023-09-04 08:00:00+00:00,2023-09-04 09:00:00+00:00,56723.4375,507.77,2620.325,29965.8325,55470.21,33093.9275,-0.886721063082993,-0.4623048304798108,0.8660254037844387,-0.4999999999999998,0.0,1.0,0,weekday,36.039
2023-09-05,2023,9,5,248,8,1,88.0,2023-09-05 08:00:00+00:00,2023-09-05 09:00:00+00:00,57590.1975,146.9375,4022.2,29974.3775,56680.64,34143.515,-0.8945422369764496,-0.4469834295196741,0.8660254037844387,-0.4999999999999998,0.7818314824680298,0.6234898018587336,0,weekday,36.25
2023-09-06,2023,9,6,249,8,2,88.65,2023-09-06 08:00:00+00:00,2023-09-06 09:00:00+00:00,58651.4625,960.3025,1425.4525,30349.8275,56609.72,32735.5825,-0.9020987014301836,-0.4315297589714714,0.8660254037844387,-0.4999999999999998,0.9749279121818236,-0.2225209339563143,0,weekday,33.68
2023-09-07,2023,9,7,250,8,3,88.22,2023-09-07 08:00:00+00:00,2023-09-07 09:00:00+00:00,59362.055,2085.2075,4128.389999999999,30105.8775,60148.61,36319.475,-0.9093882203647924,-0.4159483918249421,0.8660254037844387,-0.4999999999999998,0.4338837391175582,-0.900968867902419,0,weekday,30.955
2023-09-08,2023,9,8,251,8,4,89.87,2023-09-08 08:00:00+00:00,2023-09-08 09:00:00+00:00,59049.52,1163.67,2375.5475,30166.24,57367.26,33705.457500000004,-0.9164086366943458,-0.4002439388573056,0.8660254037844387,-0.4999999999999998,-0.433883739117558,-0.9009688679024191,0,weekday,35.09
2023-09-09,2023,9,9,252,8,5,78.79,2023-09-09 08:00:00+00:00,2023-09-09 09:00:00+00:00,47325.335,275.225,733.8475,29462.225,49825.38,30471.2975,-0.923157872964704,-0.3844210472688554,0.8660254037844387,-0.4999999999999998,-0.9749279121818236,-0.2225209339563146,0,weekend,34.51
2023-09-10,2023,9,10,253,8,6,56.08,2023-09-10 08:00:00+00:00,2023-09-10 09:00:00+00:00,42994.6525,40.21,289.765,28361.83,45701.42,28691.805,-0.9296339319682696,-0.3684843993077793,0.8660254037844387,-0.4999999999999998,-0.7818314824680299,0.6234898018587334,0,weekend,35.525
2023-09-11,2023,9,11,254,8,0,95.16,2023-09-11 08:00:00+00:00,2023-09-11 09:00:00+00:00,58387.055,1949.985,1008.3625,27985.4675,56806.55,30943.815,-0.935834897334994,-0.3524387108846032,0.8660254037844387,-0.4999999999999998,0.0,1.0,0,weekday,36.54
2023-09-12,2023,9,12,255,8,1,112.33,2023-09-12 08:00:00+00:00,2023-09-12 09:00:00+00:00,59033.36,620.215,1138.7475,22343.7475,55368.07,24102.710000000003,-0.9417589340994617,-0.3362887301766828,0.8660254037844387,-0.4999999999999998,0.7818314824680298,0.6234898018587336,0,weekday,35.13
2023-09-13,2023,9,13,256,8,2,103.21,2023-09-13 08:00:00+00:00,2023-09-13 09:00:00+00:00,61286.3025,3395.635,8709.029999999999,11867.6675,54390.94,23972.3325,-0.9474042892438844,-0.3200392362231385,0.8660254037844387,-0.4999999999999998,0.9749279121818236,-0.2225209339563143,0,weekday,35.27
2023-09-14,2023,9,14,257,8,3,96.82,2023-09-14 08:00:00+00:00,2023-09-14 09:00:00+00:00,61021.5525,213.58,365.4275,21945.8975,53075.21,22524.905,-0.9527692922168512,-0.3036950375106588,0.8660254037844387,-0.4999999999999998,0.4338837391175582,-0.900968867902419,0,weekday,37.45
2023-09-15,2023,9,15,258,8,4,93.58,2023-09-15 08:00:00+00:00,2023-09-15 09:00:00+00:00,60763.105,1010.465,1735.425,27650.3725,56186.85,30396.2625,-0.9578523554276668,-0.2872609705505963,0.8660254037844387,-0.4999999999999998,-0.433883739117558,-0.9009688679024191,0,weekday,35.13
2023-09-16,2023,9,16,259,8,5,79.0,2023-09-16 08:00:00+00:00,2023-09-16 09:00:00+00:00,50174.895,363.8175,2078.7075,26273.6075,47027.49,28716.1325,-0.9626519747161488,-0.2707418984477642,0.8660254037844387,-0.4999999999999998,-0.9749279121818236,-0.2225209339563146,0,weekend,36.485
2023-09-17,2023,9,17,260,8,6,70.79,2023-09-17 08:00:00+00:00,2023-09-17 09:00:00+00:00,45629.85,1369.9225,2284.3975,22775.5275,43521.08,26429.8475,-0.9671667297977312,-0.2541427094613622,0.8660254037844387,-0.4999999999999998,-0.7818314824680299,0.6234898018587334,0,weekend,35.489999999999995
2023-09-18,2023,9,18,261,8,0,90.65,2023-09-18 08:00:00+00:00,2023-09-18 09:00:00+00:00,61188.9375,4521.400000000001,16311.42,16130.6675,57617.76,36963.4875,-0.97139528468375,-0.2374683155584684,0.8660254037844387,-0.4999999999999998,0.0,1.0,0,weekday,34.495
2023-09-19,2023,9,19,262,8,1,8.5,2023-09-19 08:00:00+00:00,2023-09-19 09:00:00+00:00,61825.6525,4356.764999999999,24734.2325,18110.6175,68183.08,47201.615,-0.9753363880767836,-0.2207236509605022,0.8660254037844387,-0.4999999999999998,0.7818314824680298,0.6234898018587336,0,weekday,34.25
2023-09-20,2023,9,20,263,8,2,7.61,2023-09-20 08:00:00+00:00,2023-09-20 09:00:00+00:00,59835.4875,4274.4125,18626.685,23784.68,66373.94,46685.7775,-0.978988873740932,-0.2039136706831147,0.8660254037844387,-0.4999999999999998,0.9749279121818236,-0.2225209339563143,0,weekday,38.575
2023-09-21,2023,9,21,264,8,3,92.06,2023-09-21 08:00:00+00:00,2023-09-21 09:00:00+00:00,59211.285,3752.6925,14633.7325,19541.792500000003,61483.23,37928.2175,-0.9823516608469236,-0.1870433490699165,0.8660254037844387,-0.4999999999999998,0.4338837391175582,-0.900968867902419,0,weekday,35.695
2023-09-22,2023,9,22,265,8,4,99.64,2023-09-22 08:00:00+00:00,2023-09-22 09:00:00+00:00,58493.6025,1764.74,13502.5975,10987.91,52621.74,26255.2475,-0.9854237542919524,-0.1701176783204905,0.8660254037844387,-0.4999999999999998,-0.433883739117558,-0.9009688679024191,0,weekday,39.915
2023-09-23,2023,9,23,266,8,5,90.75,2023-09-23 08:00:00+00:00,2023-09-23 09:00:00+00:00,49434.905,1048.365,14058.935,16310.080000000002,51134.35,31417.38,-0.9882042449941422,-0.15314166701312,0.8660254037844387,-0.4999999999999998,-0.9749279121818236,-0.2225209339563146,0,weekend,39.791
2023-09-24,2023,9,24,267,8,6,1.06,2023-09-24 08:00:00+00:00,2023-09-24 09:00:00+00:00,44271.235,2983.26,2295.4575,24014.6775,46066.34,29293.395000000004,-0.9906923101615608,-0.136120338622667,0.8660254037844387,-0.4999999999999998,-0.7818314824680299,0.6234898018587334,0,weekend,39.632999999999996
2023-09-25,2023,9,25,268,8,0,93.81,2023-09-25 08:00:00+00:00,2023-09-25 09:00:00+00:00,58427.265,4114.72,7834.85,26954.875,62418.29,38904.445,-0.9928872135356962,-0.1190587300340498,0.8660254037844387,-0.4999999999999998,0.0,1.0,0,weekday,39.475
2023-09-26,2023,9,26,269,8,1,100.41,2023-09-26 08:00:00+00:00,2023-09-26 09:00:00+00:00,59634.9,978.5875,1651.4075,23999.7775,55625.96,26629.7725,-0.994788305609327,-0.1019618900517457,0.8660254037844387,-0.4999999999999998,0.7818314824680298,0.6234898018587336,0,weekday,42.85
2023-09-27,2023,9,27,270,8,2,102.33,2023-09-27 08:00:00+00:00,2023-09-27 09:00:00+00:00,59243.665,196.4225,628.8725,22624.125,52523.44,23449.42,-0.9963950238187232,-0.0848348779057653,0.8660254037844387,-0.4999999999999998,0.9749279121818236,-0.2225209339563143,0,weekday,39.0
2023-09-28,2023,9,28,271,8,3,93.36,2023-09-28 08:00:00+00:00,2023-09-28 09:00:00+00:00,61869.985,3769.8675,6405.61,20262.815,57065.55,30438.2925,-0.9977068927101168,-0.0676827617545516,0.8660254037844387,-0.4999999999999998,0.4338837391175582,-0.900968867902419,0,weekday,40.63
2023-09-29,2023,9,29,272,8,4,92.07,2023-09-29 08:00:00+00:00,2023-09-29 09:00:00+00:00,61288.695,4068.49,9768.875,15773.8825,54683.77,29611.2475,-0.9987235240803972,-0.0505106171852228,0.8660254037844387,-0.4999999999999998,-0.433883739117558,-0.9009688679024191,0,weekday,43.0
2023-09-30,2023,9,30,273,8,5,87.52,2023-09-30 08:00:00+00:00,2023-09-30 09:00:00+00:00,48769.1925,3450.285,6629.8325,18603.72,47402.24,28683.8375,-0.9994446170919858,-0.0333235257116313,0.8660254037844387,-0.4999999999999998,-0.9749279121818236,-0.2225209339563146,0,weekend,41.859
2023-10-01,2023,10,1,274,8,6,40.0,2023-10-01 08:00:00+00:00,2023-10-01 09:00:00+00:00,44707.1025,3451.9525,6432.1775,19382.8325,46969.28,29266.9625,-0.9998699583618592,-0.0161265732706577,0.8660254037844387,-0.4999999999999998,-0.7818314824680299,0.6234898018587334,0,weekend,41.2345
2023-10-02,2023,10,2,275,8,0,105.32,2023-10-02 08:00:00+00:00,2023-10-02 09:00:00+00:00,57402.555,1662.6750000000002,5038.717500000001,21650.4,55426.59,28351.792500000003,-0.9999994220246924,0.0010751512827982,0.8660254037844387,-0.4999999999999998,0.0,1.0,0,weekday,40.61
2023-10-03,2023,10,3,276,8,1,-0.08,2023-10-03 08:00:00+00:00,2023-10-03 09:00:00+00:00,48296.495,2649.085,26575.6775,16649.6125,66323.03,45874.375,-0.999832969770105,0.0182765576816912,0.8660254037844387,-0.4999999999999998,0.7818314824680298,0.6234898018587336,1,holiday,37.89
2023-10-04,2023,10,4,277,8,2,77.66,2023-10-04 08:00:00+00:00,2023-10-04 09:00:00+00:00,60597.1725,4692.1025,19826.9525,18503.1325,66593.54,43022.1875,-0.9993706508539968,0.0354725557531255,0.8660254037844387,-0.4999999999999998,0.9749279121818236,-0.2225209339563143,0,weekday,37.6
2023-10-05,2023,10,5,278,8,3,87.33,2023-10-05 08:00:00+00:00,2023-10-05 09:00:00+00:00,62812.005000000005,3813.14,18957.31,15475.505,62478.93,38245.955,-0.9986126020839734,0.052658056924614,0.8660254037844387,-0.4999999999999998,0.4338837391175582,-0.900968867902419,0,weekday,37.62
2023-10-06,2023,10,6,279,8,4,84.26,2023-10-06 08:00:00+00:00,2023-10-06 09:00:00+00:00,61761.7275,4427.9175,17553.927499999998,18892.38,66471.85,40874.225,-0.9975590477788612,0.0698279757298708,0.8660254037844387,-0.4999999999999998,-0.433883739117558,-0.9009688679024191,0,weekday,36.0
2023-10-07,2023,10,7,280,8,5,46.82,2023-10-07 08:00:00+00:00,2023-10-07 09:00:00+00:00,50445.71,1935.5725,21196.5825,12743.2925,55970.72,35875.447499999995,-0.9962102997023295,0.0869772313136861,0.8660254037844387,-0.4999999999999998,-0.9749279121818236,-0.2225209339563146,0,weekend,38.231
2023-10-08,2023,10,8,281,8,6,86.94,2023-10-08 08:00:00+00:00,2023-10-08 09:00:00+00:00,46669.515,866.7725,2670.1375,13447.3075,36691.92,16984.2175,-0.9945667569706336,0.1041007489354256,0.8660254037844387,-0.4999999999999998,-0.7818314824680299,0.6234898018587334,0,weekend,39.700500000000005
2023-10-09,2023,10,9,282,8,0,111.59,2023-10-09 08:00:00+00:00,2023-10-09 09:00:00+00:00,60612.48,3320.245,12052.085,8370.42,58668.85,23742.75,-0.9926289059345096,0.121193461470736,0.8660254037844387,-0.4999999999999998,0.0,1.0,0,weekday,41.17
2023-10-10,2023,10,10,283,8,1,116.2,2023-10-10 08:00:00+00:00,2023-10-10 09:00:00+00:00,60883.365000000005,3344.545,4145.3725,13993.6375,58098.16,21483.555,-0.9903973200352558,0.1382503109109819,0.8660254037844387,-0.4999999999999998,0.7818314824680298,0.6234898018587336,0,weekday,46.01
2023-10-11,2023,10,11,284,8,2,50.01,2023-10-11 08:00:00+00:00,2023-10-11 09:00:00+00:00,64481.6675,3950.615,23896.26,19176.2525,71379.29,47023.1275,-0.9878726596350428,0.1552662498599956,0.8660254037844387,-0.4999999999999998,0.9749279121818236,-0.2225209339563143,0,weekday,48.685
2023-10-12,2023,10,12,285,8,3,130.9,2023-10-12 08:00:00+00:00,2023-10-12 09:00:00+00:00,65292.4875,2809.56,9372.745,8836.9975,60722.26,21019.3025,-0.9850556718215012,0.172236243027682,0.8660254037844387,-0.4999999999999998,0.4338837391175582,-0.900968867902419,0,weekday,45.795
2023-10-13,2023,10,13,286,8,4,99.0,2023-10-13 08:00:00+00:00,2023-10-13 09:00:00+00:00,63199.835,4850.3775000000005,24168.6975,12385.01,66628.1,41404.085,-0.981947190186646,0.1891552687200409,0.8660254037844387,-0.4999999999999998,-0.433883739117558,-0.9009688679024191,0,weekday,53.31
2023-10-14,2023,10,14,287,8,5,1.08,2023-10-14 08:00:00+00:00,2023-10-14 09:00:00+00:00,52398.8275,4056.1525,26130.295,11853.42,62262.64,42039.8675,-0.9785481345802032,0.2060183203251708,0.8660254037844387,-0.4999999999999998,-0.9749279121818236,-0.2225209339563146,0,weekend,53.982
2023-10-15,2023,10,15,288,8,6,5.07,2023-10-15 08:00:00+00:00,2023-10-15 09:00:00+00:00,46684.3025,4598.8975,23803.7275,13017.935,58524.29,41420.56,-0.9748595108374124,0.2228204077947995,0.8660254037844387,-0.4999999999999998,-0.7818314824680299,0.6234898018587334,0,weekend,53.323499999999996
2023-10-16,2023,10,16,289,8,0,121.96,2023-10-16 08:00:00+00:00,2023-10-16 09:00:00+00:00,64567.83,2859.6575,5570.84,17575.225,60744.75,26005.7225,-0.9708824104813836,0.239556559120927,0.8660254037844387,-0.4999999999999998,0.0,1.0,0,weekday,52.665
2023-10-17,2023,10,17,290,8,1,134.98,2023-10-17 08:00:00+00:00,2023-10-17 09:00:00+00:00,64808.2375,289.21000000000004,3579.9375,12572.7975,57904.85,16441.945,-0.9666180104000972,0.2562218218071163,0.8660254037844387,-0.4999999999999998,0.7818314824680298,0.6234898018587336,0,weekday,48.21
2023-10-18,2023,10,18,291,8,2,90.02,2023-10-18 08:00:00+00:00,2023-10-18 09:00:00+00:00,63598.7975,3092.91,9917.7775,16389.285,58028.5,29399.9725,-0.9620675724981452,0.2728112643340191,0.8660254037844387,-0.4999999999999998,0.9749279121818236,-0.2225209339563143,0,weekday,48.9
2023-10-19,2023,10,19,292,8,3,122.75,2023-10-19 08:00:00+00:00,2023-10-19 09:00:00+00:00,64435.2125,4619.7125,17069.9025,5799.4525,59587.41,27489.0675,-0.957232443323312,0.2893199776186952,0.8660254037844387,-0.4999999999999998,0.4338837391175582,-0.900968867902419,0,weekday,48.93
2023-10-20,2023,10,20,293,8,4,115.22,2023-10-20 08:00:00+00:00,2023-10-20 09:00:00+00:00,64390.9225,2974.455,32340.26,2887.5825,63452.97,38202.29749999999,-0.9521140536681102,0.3057430764672831,0.8660254037844387,-0.4999999999999998,-0.433883739117558,-0.9009688679024191,0,weekday,52.845
2023-10-21,2023,10,21,294,8,5,44.83,2023-10-21 08:00:00+00:00,2023-10-21 09:00:00+00:00,52740.245,3717.2975,18569.9825,11288.3325,51069.09,33575.6125,-0.9467139181463862,0.3220757010206104,0.8660254037844387,-0.4999999999999998,-0.9749279121818236,-0.2225209339563146,0,weekend,51.112
2023-10-22,2023,10,22,295,8,6,51.58,2023-10-22 08:00:00+00:00,2023-10-22 09:00:00+00:00,46882.505000000005,3790.8525,20574.65,13053.29,55708.51,37418.7925,-0.9410336347451196,0.3383130181923076,0.8660254037844387,-0.4999999999999998,-0.7818314824680299,0.6234898018587334,0,weekend,49.671
2023-10-23,2023,10,23,296,8,0,128.07,2023-10-23 08:00:00+00:00,2023-10-23 09:00:00+00:00,62121.5175,729.125,2694.895,15041.435,57474.57,18465.455,-0.9350748843515574,0.3544502230989869,0.8660254037844387,-0.4999999999999998,0.0,1.0,0,weekday,48.23
2023-10-24,2023,10,24,297,8,1,128.37,2023-10-24 08:00:00+00:00,2023-10-24 09:00:00+00:00,63121.985,4632.665,12446.4375,4621.7575,60920.87,21700.86,-0.9288394302558068,0.3704825404820963,0.8660254037844387,-0.4999999999999998,0.7818314824680298,0.6234898018587336,0,weekday,50.6
2023-10-25,2023,10,25,298,8,2,130.02,2023-10-25 08:00:00+00:00,2023-10-25 09:00:00+00:00,62893.385,3039.4225,7595.7,10198.26,61017.31,20833.3825,-0.9223291176290545,0.3864052261209853,0.8660254037844387,-0.4999999999999998,0.9749279121818236,-0.2225209339563143,0,weekday,50.28
2023-10-26,2023,10,26,299,8,3,146.37,2023-10-26 08:00:00+00:00,2023-10-26 09:00:00+00:00,63453.1725,2989.905,7541.1325,4547.93,55416.17,15078.9675,-0.9155458729775467,0.4022135682368036,0.8660254037844387,-0.4999999999999998,0.4338837391175582,-0.900968867902419,0,weekday,51.0
2023-10-27,2023,10,27,300,8,4,145.19,2023-10-27 08:00:00+00:00,2023-10-27 09:00:00+00:00,62201.3425,4765.56,8309.105,3633.4175,55685.11,16708.0825,-0.9084917035725082,0.4179028888867866,0.8660254037844387,-0.4999999999999998,-0.433883739117558,-0.9009688679024191,0,weekday,51.0
2023-10-28,2023,10,28,301,8,5,87.01,2023-10-28 08:00:00+00:00,2023-10-28 09:00:00+00:00,53881.9275,3440.39,13075.28,8125.424999999999,46376.73,24641.095,-0.9011686968561567,0.4334685453485363,0.8660254037844387,-0.4999999999999998,-0.9749279121818236,-0.2225209339563146,0,weekend,50.53
2023-10-29,2023,10,29,302,8,6,0.0,2023-10-29 08:00:00+00:00,2023-10-29 09:00:00+00:00,46359.735,5312.7375,30849.3925,7923.775,61241.69,44085.905000000006,-0.8935790198239952,0.4489059314938798,0.8660254037844387,-0.4999999999999998,-0.7818314824680299,0.6234898018587334,0,weekend,52.4775
2023-10-30,2023,10,30,303,8,0,103.0,2023-10-30 08:00:00+00:00,2023-10-30 09:00:00+00:00,60881.74,5545.03,16526.2425,8844.9225,62627.96,30916.195,-0.8857249183835637,0.4642104791518923,0.8660254037844387,-0.4999999999999998,0.0,1.0,0,weekday,54.425
2023-10-31,2023,10,31,304,8,1,100.5,2023-10-31 08:00:00+00:00,2023-10-31 09:00:00+00:00,58523.795,3101.9625,24739.9525,4737.16,56932.72,32579.075,-0.8776087166898392,0.4793776594606945,0.8660254037844387,-0.4999999999999998,0.7818314824680298,0.6234898018587336,0,weekday,51.49
2023-11-01,2023,11,1,305,8,2,69.23,2023-11-01 08:00:00+00:00,2023-11-01 09:00:00+00:00,51970.295,4023.7725,13211.0175,10423.16,51488.04,27657.95,-0.8692328164574792,0.4944029842076181,0.8660254037844387,-0.4999999999999998,0.9749279121818236,-0.2225209339563143,0,weekday,46.59
2023-11-02,2023,11,2,306,8,3,69.16,2023-11-02 08:00:00+00:00,2023-11-02 09:00:00+00:00,62154.6125,4485.105,34939.49,5705.9375,68745.99,45130.5325,-0.8605996962501181,0.5092820071573356,0.8660254037844387,-0.4999999999999998,0.4338837391175582,-0.900968867902419,0,weekday,48.175
2023-11-03,2023,11,3,307,8,4,89.59,2023-11-03 08:00:00+00:00,2023-11-03 09:00:00+00:00,64083.8925,4594.02,23566.455,6393.8725,62018.01,34554.3475,-0.8517119107469189,0.5240103253675756,0.8660254037844387,-0.4999999999999998,-0.433883739117558,-0.9009688679024191,0,weekday,49.225
2023-11-04,2023,11,4,308,8,5,20.0,2023-11-04 08:00:00+00:00,2023-11-04 09:00:00+00:00,52080.235,5010.3675,23346.58,11766.9875,59324.28,40123.935,-0.8425720899866032,0.5385835804920232,0.8660254037844387,-0.4999999999999998,-0.9749279121818236,-0.2225209339563146,0,weekend,48.057
2023-11-05,2023,11,5,309,8,6,24.02,2023-11-05 08:00:00+00:00,2023-11-05 09:00:00+00:00,49478.7825,2475.465,22359.98,5193.5525,47800.52,30028.9975,-0.8331829385891785,0.5529974600700271,0.8660254037844387,-0.4999999999999998,-0.7818314824680299,0.6234898018587334,0,weekend,47.5285
2023-11-06,2023,11,6,310,8,0,74.93,2023-11-06 08:00:00+00:00,2023-11-06 09:00:00+00:00,61892.0475,4413.285,33881.0275,8724.494999999999,70252.76,47018.8075,-0.8235472349556007,0.5672476988027229,0.8660254037844387,-0.4999999999999998,0.0,1.0,0,weekday,47.0
2023-11-07,2023,11,7,311,8,1,114.93,2023-11-07 08:00:00+00:00,2023-11-07 09:00:00+00:00,62565.9725,4516.7825,23933.0525,7732.7275,64732.96,36182.5625,-0.8136678304455991,0.5813300798152042,0.8660254037844387,-0.4999999999999998,0.7818314824680298,0.6234898018587336,0,weekday,45.24
2023-11-08,2023,11,8,312,8,2,93.57,2023-11-08 08:00:00+00:00,2023-11-08 09:00:00+00:00,63151.925,4839.6675,28069.465,7443.745,68297.47,40352.8775,-0.8035476485339116,0.5952404359043674,0.8660254037844387,-0.4999999999999998,0.9749279121818236,-0.2225209339563143,0,weekday,45.75
2023-11-09,2023,11,9,313,8,3,109.69,2023-11-09 08:00:00+00:00,2023-11-09 09:00:00+00:00,65734.61499999999,1525.3674999999998,24110.6025,5484.950000000001,60306.7,31120.92,-0.7931896839451843,0.6089746507720486,0.8660254037844387,-0.4999999999999998,0.4338837391175582,-0.900968867902419,0,weekday,45.01
2023-11-10,2023,11,10,314,8,4,108.48,2023-11-10 08:00:00+00:00,2023-11-10 09:00:00+00:00,63175.5975,4534.65,21615.095,5617.8775000000005,65381.15,31767.622500000005,-0.7825970017677834,0.6225286602431057,0.8660254037844387,-0.4999999999999998,-0.433883739117558,-0.9009688679024191,0,weekday,47.045
2023-11-11,2023,11,11,315,8,5,94.89,2023-11-11 08:00:00+00:00,2023-11-11 09:00:00+00:00,52871.4475,1478.845,13538.075,4785.487499999999,49735.18,19802.4075,-0.7717727365467836,0.6358984534680745,0.8660254037844387,-0.4999999999999998,-0.9749279121818236,-0.2225209339563146,0,weekend,46.63
2023-11-12,2023,11,12,316,8,6,89.75,2023-11-12 08:00:00+00:00,2023-11-12 09:00:00+00:00,48992.315,369.385,4873.6525,5754.7575,37266.06,10997.795,-0.7607200913564104,0.6490800741100398,0.8660254037844387,-0.4999999999999998,-0.7818314824680299,0.6234898018587334,0,weekend,46.285
2023-11-13,2023,11,13,317,8,0,133.05,2023-11-13 08:00:00+00:00,2023-11-13 09:00:00+00:00,64392.25,2184.2025000000003,10587.85,3217.775,50873.55,15989.8275,-0.7494423368521954,0.6620696215153815,0.8660254037844387,-0.4999999999999998,0.0,1.0,0,weekday,45.94
2023-11-14,2023,11,14,318,8,1,77.86,2023-11-14 08:00:00+00:00,2023-11-14 09:00:00+00:00,65699.97750000001,3719.0925,41692.995,3679.0,75341.82,49091.0875,-0.7379428103031386,0.6748632518680403,0.8660254037844387,-0.4999999999999998,0.7818314824680298,0.6234898018587336,0,weekday,46.895
2023-11-15,2023,11,15,319,8,2,121.29,2023-11-15 08:00:00+00:00,2023-11-15 09:00:00+00:00,66012.7275,558.9000000000001,14924.0725,4684.735000000001,59831.15,20167.7075,-0.7262249146041543,0.6874571793269664,0.8660254037844387,-0.4999999999999998,0.9749279121818236,-0.2225209339563143,0,weekday,48.495
2023-11-16,2023,11,16,320,8,3,128.59,2023-11-16 08:00:00+00:00,2023-11-16 09:00:00+00:00,64868.9675,1777.38,15798.0425,5552.51,64493.23,23127.932500000003,-0.7142921172691032,0.699847677146407,0.8660254037844387,-0.4999999999999998,0.4338837391175582,-0.900968867902419,0,weekday,46.47
2023-11-17,2023,11,17,321,8,4,134.75,2023-11-17 08:00:00+00:00,2023-11-17 09:00:00+00:00,65950.2625,761.2075,11460.8025,3958.7,58777.6,16180.71,-0.7021479494046978,0.7120310787787131,0.8660254037844387,-0.4999999999999998,-0.433883739117558,-0.9009688679024191,0,weekday,46.1
2023-11-18,2023,11,18,322,8,5,97.36,2023-11-18 08:00:00+00:00,2023-11-18 09:00:00+00:00,53819.4225,3255.8275,3938.115,5134.2225,39931.39,12328.165,-0.6897960046655887,0.7240037789593305,0.8660254037844387,-0.4999999999999998,-0.9749279121818236,-0.2225209339563146,0,weekend,45.064
2023-11-19,2023,11,19,323,8,6,18.82,2023-11-19 08:00:00+00:00,2023-11-19 09:00:00+00:00,48775.5425,5116.1175,32121.1975,3709.76,60441.06,40947.075,-0.6772399381909491,0.7357622347736527,0.8660254037844387,-0.4999999999999998,-0.7818314824680299,0.6234898018587334,0,weekend,46.049499999999995
2023-11-20,2023,11,20,324,8,0,118.44,2023-11-20 08:00:00+00:00,2023-11-20 09:00:00+00:00,64918.7775,731.115,21965.34,3299.985,63501.73,25996.44,-0.6644834655228552,0.7473029667054296,0.8660254037844387,-0.4999999999999998,0.0,1.0,0,weekday,47.035
2023-11-21,2023,11,21,325,8,1,137.19,2023-11-21 08:00:00+00:00,2023-11-21 09:00:00+00:00,65681.58,3423.09,6206.2925000000005,2746.83,59394.48,12376.2125,-0.6515303615068021,0.75862255966641,0.8660254037844387,-0.4999999999999998,0.7818314824680298,0.6234898018587336,0,weekday,46.175
2023-11-22,2023,11,22,326,8,2,131.33,2023-11-22 08:00:00+00:00,2023-11-22 09:00:00+00:00,65414.41,3547.45,3544.295,5819.245,56114.81,12910.99,-0.6383844591746642,0.7697176640069211,0.8660254037844387,-0.4999999999999998,0.9749279121818236,-0.2225209339563143,0,weekday,44.05
2023-11-23,2023,11,23,327,8,3,90.0,2023-11-23 08:00:00+00:00,2023-11-23 09:00:00+00:00,68845.04250000001,4586.2075,35035.89,4352.09,75220.24,43974.1875,-0.6250496486104377,0.7805849965070866,0.8660254037844387,-0.4999999999999998,0.4338837391175582,-0.900968867902419,0,weekday,44.615
2023-11-24,2023,11,24,328,8,4,93.99,2023-11-24 08:00:00+00:00,2023-11-24 09:00:00+00:00,66852.33,5207.2825,35465.4975,3738.0625,71642.07,44410.8425,-0.6115298757991053,0.7912213413483807,0.8660254037844387,-0.4999999999999998,-0.433883739117558,-0.9009688679024191,0,weekday,46.25
2023-11-25,2023,11,25,329,8,5,91.74,2023-11-25 08:00:00+00:00,2023-11-25 09:00:00+00:00,55551.2025,5043.8975,17913.655,4832.835,54561.11,27790.3875,-0.5978291414589552,0.801623551065242,0.8660254037844387,-0.4999999999999998,-0.9749279121818236,-0.2225209339563146,0,weekend,46.655
2023-11-26,2023,11,26,330,8,6,117.3,2023-11-26 08:00:00+00:00,2023-11-26 09:00:00+00:00,49976.8875,1891.92,6152.6925,4427.547500000001,43264.56,12472.16,-0.5839514998576998,0.8117885474764613,0.8660254037844387,-0.4999999999999998,-0.7818314824680299,0.6234898018587334,0,weekend,45.85
2023-11-27,2023,11,27,331,8,0,139.41,2023-11-27 08:00:00+00:00,2023-11-27 09:00:00+00:00,68542.0525,2137.1275,10256.26,2334.955,59370.06,14728.3425,-0.5699010576127624,0.8217133225960589,0.8660254037844387,-0.4999999999999998,0.0,1.0,0,weekday,45.045
2023-11-28,2023,11,28,332,8,1,138.08,2023-11-28 08:00:00+00:00,2023-11-28 09:00:00+00:00,69980.8775,2471.7175,18913.557500000003,1861.02,69288.79,23246.295,-0.5556819724760489,0.8313949395234058,0.8660254037844387,-0.4999999999999998,0.7818314824680298,0.6234898018587336,0,weekday,44.095
2023-11-29,2023,11,29,333,8,2,142.55,2023-11-29 08:00:00+00:00,2023-11-29 09:00:00+00:00,70400.985,3312.62,19517.445,3855.16,71619.92,26685.225,-0.5412984521036173,0.8408305333122887,0.8660254037844387,-0.4999999999999998,0.9749279121818236,-0.2225209339563143,0,weekday,41.275
2023-11-30,2023,11,30,334,8,3,237.13,2023-11-30 08:00:00+00:00,2023-11-30 09:00:00+00:00,67560.57,1150.3200000000002,1932.0475,2567.2875000000004,55017.78,5649.655000000001,-0.5267547528105542,0.8500173118187018,0.8660254037844387,-0.4999999999999998,0.4338837391175582,-0.900968867902419,0,weekday,40.44
2023-12-01,2023,12,1,335,8,4,222.63,2023-12-01 08:00:00+00:00,2023-12-01 09:00:00+00:00,69626.1,1336.79,2498.465,1503.6025,55851.61,5338.8575,-0.5120551783114646,0.8589525565270845,0.8660254037844387,-0.4999999999999998,-0.433883739117558,-0.9009688679024191,0,weekday,42.795
2023-12-02,2023,12,2,336,8,5,127.99,2023-12-02 08:00:00+00:00,2023-12-02 09:00:00+00:00,55531.38,428.3425,2757.4825,1246.83,49134.05,4432.655,-0.4972040784469378,0.8676336233547726,0.8660254037844387,-0.4999999999999998,-0.9749279121818236,-0.2225209339563146,0,weekend,43.496
2023-12-03,2023,12,3,337,8,6,100.15,2023-12-03 08:00:00+00:00,2023-12-03 09:00:00+00:00,51299.4475,1141.4025,6343.4400000000005,2267.2125,44933.71,9752.055,-0.4822058478963526,0.8760579434344281,0.8660254037844387,-0.4999999999999998,-0.7818314824680299,0.6234898018587334,0,weekend,42.6555
2023-12-04,2023,12,4,338,8,0,126.12,2023-12-04 08:00:00+00:00,2023-12-04 09:00:00+00:00,68311.3325,3241.2875,17472.517499999998,1032.865,66041.06,21746.67,-0.4670649248774303,0.8842230238742036,0.8660254037844387,-0.4999999999999998,0.0,1.0,0,weekday,41.815
2023-12-05,2023,12,5,339,8,1,122.88,2023-12-05 08:00:00+00:00,2023-12-05 09:00:00+00:00,68329.885,5567.08,20169.19,1021.2025,71071.39,26757.4725,-0.451785789832884,0.8921264484954345,0.8660254037844387,-0.4999999999999998,0.7818314824680298,0.6234898018587336,0,weekday,39.455
2023-12-06,2023,12,6,340,8,2,166.54,2023-12-06 08:00:00+00:00,2023-12-06 09:00:00+00:00,67652.9075,3101.5725,8647.695,583.0450000000001,63010.19,12332.3125,-0.4363729641045924,0.8997658785476209,0.8660254037844387,-0.4999999999999998,0.9749279121818236,-0.2225209339563143,0,weekday,38.995
2023-12-07,2023,12,7,341,8,3,137.7,2023-12-07 08:00:00+00:00,2023-12-07 09:00:00+00:00,70495.44,87.645,2442.2,1813.3075,54204.66,4343.1525,-0.4208310085956556,0.9071390534005044,0.8660254037844387,-0.4999999999999998,0.4338837391175582,-0.900968867902419,0,weekday,39.8
2023-12-08,2023,12,8,342,8,4,118.52,2023-12-08 08:00:00+00:00,2023-12-08 09:00:00+00:00,69848.48,5369.1875,17399.3525,1195.1475,65493.01,23963.6875,-0.4051645224207563,0.9142437912130223,0.8660254037844387,-0.4999999999999998,-0.433883739117558,-0.9009688679024191,0,weekday,41.275
2023-12-09,2023,12,9,343,8,5,91.51,2023-12-09 08:00:00+00:00,2023-12-09 09:00:00+00:00,56566.5075,5408.085,15307.4375,1949.7525,51455.98,22665.275,-0.3893781415452015,0.9210779895789526,0.8660254037844387,-0.4999999999999998,-0.9749279121818236,-0.2225209339563146,0,weekend,38.6
2023-12-10,2023,12,10,344,8,6,65.78,2023-12-10 08:00:00+00:00,2023-12-10 09:00:00+00:00,53226.175,2379.54,31354.91,2473.1125,56247.63,36207.5625,-0.3734765374130707,0.9276396261490468,0.8660254037844387,-0.4999999999999998,-0.7818314824680299,0.6234898018587334,0,weekend,37.4725
2023-12-11,2023,12,11,345,8,0,98.33,2023-12-11 08:00:00+00:00,2023-12-11 09:00:00+00:00,69409.785,1016.9875,27987.5075,2730.55,67000.66,31735.045,-0.3574644155648614,0.9339267592294762,0.8660254037844387,-0.4999999999999998,0.0,1.0,0,weekday,36.345
2023-12-12,2023,12,12,346,8,1,131.94,2023-12-12 08:00:00+00:00,2023-12-12 09:00:00+00:00,69110.3475,930.9425,4559.585,2192.78,57043.23,7683.307500000001,-0.3413465142450361,0.9399375283564132,0.8660254037844387,-0.4999999999999998,0.7818314824680298,0.6234898018587336,0,weekday,36.43
2023-12-13,2023,12,13,347,8,2,103.73,2023-12-13 08:00:00+00:00,2023-12-13 09:00:00+00:00,67733.3975,6300.96,11397.0675,1820.6925,63756.25,19518.72,-0.3251276029999093,0.9456701548465688,0.8660254037844387,-0.4999999999999998,0.9749279121818236,-0.2225209339563143,0,weekday,34.675
2023-12-14,2023,12,14,348,8,3,124.96,2023-12-14 08:00:00+00:00,2023-12-14 09:00:00+00:00,66578.695,406.4075,3048.8825,1237.1925,54383.37,4692.4825,-0.3088124812662537,0.9511229423235356,0.8660254037844387,-0.4999999999999998,0.4338837391175582,-0.900968867902419,0,weekday,36.65
2023-12-15,2023,12,15,349,8,4,117.44,2023-12-15 08:00:00+00:00,2023-12-15 09:00:00+00:00,66131.0875,3139.9425,10562.495,1883.37,58702.18,15585.8075,-0.2924059769510773,0.956294277219772,0.8660254037844387,-0.4999999999999998,-0.433883739117558,-0.9009688679024191,0,weekday,33.895
2023-12-16,2023,12,16,350,8,5,83.66,2023-12-16 08:00:00+00:00,2023-12-16 09:00:00+00:00,53024.765,6100.3625,19321.2575,2560.23,56019.27,27981.85,-0.2759129450029604,0.9611826292540836,0.8660254037844387,-0.4999999999999998,-0.9749279121818236,-0.2225209339563146,0,weekend,33.19
2023-12-17,2023,12,17,351,8,6,59.17,2023-12-17 08:00:00+00:00,2023-12-17 09:00:00+00:00,50564.265,6104.655,21817.315,3115.54,53526.8,31037.51,-0.2593382659754056,0.9657865518844574,0.8660254037844387,-0.4999999999999998,-0.7818314824680299,0.6234898018587334,0,weekend,33.412499999999994
2023-12-18,2023,12,18,352,8,0,101.46,2023-12-18 08:00:00+00:00,2023-12-18 09:00:00+00:00,65396.025,6021.6075,22402.9725,5016.9425,65845.18,33441.5225,-0.2426868445825954,0.9701046827361176,0.8660254037844387,-0.4999999999999998,0.0,1.0,0,weekday,33.635
2023-12-19,2023,12,19,353,8,1,94.28,2023-12-19 08:00:00+00:00,2023-12-19 09:00:00+00:00,66270.5475,2383.2875,24741.265,3460.6675,61583.2,30585.22,-0.225963608248019,0.974135744004672,0.8660254037844387,-0.4999999999999998,0.7818314824680298,0.6234898018587336,0,weekday,34.33
2023-12-20,2023,12,20,354,8,2,70.54,2023-12-20 08:00:00+00:00,2023-12-20 09:00:00+00:00,64816.53,4923.235,36384.655,1611.68,71761.53,42919.57,-0.2091735056463563,0.9778785428342386,0.8660254037844387,-0.4999999999999998,0.9749279121818236,-0.2225209339563143,0,weekday,34.56
2023-12-21,2023,12,21,355,8,3,37.24,2023-12-21 08:00:00+00:00,2023-12-21 09:00:00+00:00,60456.27,3977.375,45329.9825,590.51,75805.67,49897.8675,-0.1923215052390948,0.9813319716704276,0.8660254037844387,-0.4999999999999998,0.4338837391175582,-0.900968867902419,0,weekday,34.27
2023-12-22,2023,12,22,356,8,4,35.64,2023-12-22 08:00:00+00:00,2023-12-22 09:00:00+00:00,63479.1575,4656.87,43686.1225,1517.405,74204.69,49860.3975,-0.1754125938042784,0.9844950085880858,0.8660254037844387,-0.4999999999999998,-0.433883739117558,-0.9009688679024191,0,weekday,34.56
2023-12-23,2023,12,23,357,8,5,42.08,2023-12-23 08:00:00+00:00,2023-12-23 09:00:00+00:00,52017.41,3530.8575,31041.79,765.4225,57769.78,35338.07,-0.1584517749608363,0.9873667175937016,0.8660254037844387,-0.4999999999999998,-0.9749279121818236,-0.2225209339563146,0,weekend,34.174
2023-12-24,2023,12,24,358,8,6,-3.13,2023-12-24 08:00:00+00:00,2023-12-24 09:00:00+00:00,46133.725,3532.685,38507.2025,843.885,60459.64,42883.7725,-0.141444067687942,0.989946248902378,0.8660254037844387,-0.4999999999999998,-0.7818314824680299,0.6234898018587334,0,weekend,34.17433333333333
2023-12-25,2023,12,25,359,8,0,-0.97,2023-12-25 08:00:00+00:00,2023-12-25 09:00:00+00:00,44826.585,3229.18,37202.7825,1908.3175,57967.88,42340.28,-0.1243945048397999,0.9922328391893008,0.8660254037844387,-0.4999999999999998,0.0,1.0,1,holiday,34.17466666666667
2023-12-26,2023,12,26,360,8,1,-0.08,2023-12-26 08:00:00+00:00,2023-12-26 09:00:00+00:00,46164.0575,3616.6675,38931.615,2272.6,62949.32,44820.8825,-0.1073081316563624,0.994225811815616,0.8660254037844387,-0.4999999999999998,0.7818314824680298,0.6234898018587336,1,holiday,34.175
2023-12-27,2023,12,27,361,8,2,80.56,2023-12-27 08:00:00+00:00,2023-12-27 09:00:00+00:00,58928.57,1793.04,8160.86,3764.43,41780.46,13718.33,-0.0901900042703451,0.99592457702866,0.8660254037844387,-0.4999999999999998,0.9749279121818236,-0.2225209339563143,0,weekday,36.875
2023-12-28,2023,12,28,362,8,3,38.75,2023-12-28 08:00:00+00:00,2023-12-28 09:00:00+00:00,61938.605,4568.657499999999,36074.305,3054.62,70163.16,43697.5825,-0.0730451882110474,0.9973286321364752,0.8660254037844387,-0.4999999999999998,0.4338837391175582,-0.900968867902419,0,weekday,34.015
2023-12-29,2023,12,29,363,8,4,1.09,2023-12-29 08:00:00+00:00,2023-12-29 09:00:00+00:00,60472.645,4825.4,42151.83,2595.39,71815.53,49572.62,-0.0558787569053731,0.9984375616565666,0.8660254037844387,-0.4999999999999998,-0.433883739117558,-0.9009688679024191,0,weekday,33.55
2023-12-30,2023,12,30,364,8,5,27.92,2023-12-30 08:00:00+00:00,2023-12-30 09:00:00+00:00,51164.28,5465.415,30869.875,3614.795,62193.9,39950.085,-0.0386957901765268,0.999251037438848,0.8660254037844387,-0.4999999999999998,-0.9749279121818236,-0.2225209339563146,0,weekend,32.35
2023-12-31,2023,12,31,365,8,6,9.1,2023-12-31 08:00:00+00:00,2023-12-31 09:00:00+00:00,47442.32,5222.1225,27095.5475,2634.41,56791.72,34952.08,-0.0215013727408137,0.999768818762748,0.8660254037844387,-0.4999999999999998,-0.7818314824680299,0.6234898018587334,0,weekend,32.69833333333334
2024-01-01,2024,1,1,1,8,0,0.04,2024-01-01 08:00:00+00:00,2024-01-01 09:00:00+00:00,45831.0625,4233.8775000000005,30138.56,3504.695,58252.36,37877.1325,0.0,1.0,0.8660254037844387,-0.4999999999999998,0.0,1.0,1,holiday,33.04666666666667
2024-01-02,2024,1,2,2,8,1,64.73,2024-01-02 08:00:00+00:00,2024-01-02 09:00:00+00:00,61936.6275,4618.21,32042.1075,579.455,65121.06,37239.7725,0.0172015754182605,0.9998520419557736,0.8660254037844387,-0.4999999999999998,0.7818314824680298,0.6234898018587336,0,weekday,33.395
2024-01-03,2024,1,3,3,8,2,60.61,2024-01-03 08:00:00+00:00,2024-01-03 09:00:00+00:00,63053.33,3955.97,42236.725,2216.3275000000003,74948.96,48409.0225,0.034398060613608,0.9994082116062598,0.8660254037844387,-0.4999999999999998,0.9749279121818236,-0.2225209339563143,0,weekday,30.485
2024-01-04,2024,1,4,4,8,3,94.2,2024-01-04 08:00:00+00:00,2024-01-04 09:00:00+00:00,63192.8475,2681.3,31250.59,1455.9225,62148.66,35387.8125,0.0515843668694083,0.9986686402879996,0.8660254037844387,-0.4999999999999998,0.4338837391175582,-0.900968867902419,0,weekday,33.575
2024-01-05,2024,1,5,5,8,4,94.93,2024-01-05 08:00:00+00:00,2024-01-05 09:00:00+00:00,62619.045,4590.5075,21221.42,2209.4175,61871.91,28021.345,0.0687554084811394,0.9976335468520452,0.8660254037844387,-0.4999999999999998,-0.433883739117558,-0.9009688679024191,0,weekday,32.46
2024-01-06,2024,1,6,6,8,5,92.23,2024-01-06 08:00:00+00:00,2024-01-06 09:00:00+00:00,53421.915,5530.75,11691.7375,1031.5975,46995.38,18254.085,0.0859061042613327,0.9963032375991964,0.8660254037844387,-0.4999999999999998,-0.9749279121818236,-0.2225209339563146,0,weekend,34.55
2024-01-07,2024,1,7,7,8,6,84.86,2024-01-07 08:00:00+00:00,2024-01-07 09:00:00+00:00,47850.0025,2780.03,15268.875,1590.385,44704.01,19639.29,0.1030313790431787,0.9946781061893646,0.8660254037844387,-0.4999999999999998,-0.7818314824680299,0.6234898018587334,0,weekend,34.15
2024-01-08,2024,1,8,8,8,0,117.83,2024-01-08 08:00:00+00:00,2024-01-08 09:00:00+00:00,65574.16500000001,4579.827499999999,16130.8325,3478.73,63291.59,24189.39,0.1201261651823505,0.9927586335250792,0.8660254037844387,-0.4999999999999998,0.0,1.0,0,weekday,33.75
2024-01-09,2024,1,9,9,8,1,120.91,2024-01-09 08:00:00+00:00,2024-01-09 09:00:00+00:00,65796.9725,712.635,10382.125,6450.967500000001,62729.27,17545.7275,0.1371854040566005,0.9905453876091832,0.8660254037844387,-0.4999999999999998,0.7818314824680298,0.6234898018587336,0,weekday,30.405
2024-01-10,2024,1,10,10,8,2,130.39,2024-01-10 08:00:00+00:00,2024-01-10 09:00:00+00:00,67027.8625,702.2950000000001,7725.4325,5955.5650000000005,62701.94,14383.2925,0.1542040475626894,0.988039023376751,0.8660254037844387,-0.4999999999999998,0.9749279121818236,-0.2225209339563143,0,weekday,31.145
2024-01-11,2024,1,11,11,8,3,129.16,2024-01-11 08:00:00+00:00,2024-01-11 09:00:00+00:00,67503.42749999999,2053.925,6067.005,5262.405,61923.12,13383.335,0.1711770596101998,0.985240282501282,0.8660254037844387,-0.4999999999999998,0.4338837391175582,-0.900968867902419,0,weekday,30.7
2024-01-12,2024,1,12,12,8,4,134.96,2024-01-12 08:00:00+00:00,2024-01-12 09:00:00+00:00,67000.9825,4408.8125,4665.3625,3003.05,61113.71,12077.225,0.1880994176117975,0.9821499931752292,0.8660254037844387,-0.4999999999999998,-0.433883739117558,-0.9009688679024191,0,weekday,31.46
2024-01-13,2024,1,13,13,8,5,75.11,2024-01-13 08:00:00+00:00,2024-01-13 09:00:00+00:00,55056.2125,5307.0375,23785.3825,1833.23,59996.39,30925.65,0.2049661139694953,0.9787690698649216,0.8660254037844387,-0.4999999999999998,-0.9749279121818236,-0.2225209339563146,0,weekend,31.99
2024-01-14,2024,1,14,14,8,6,81.14,2024-01-14 08:00:00+00:00,2024-01-14 09:00:00+00:00,50491.4375,5211.639999999999,22606.39,2545.5775,55983.83,30363.6075,0.2217721575564818,0.975098513039961,0.8660254037844387,-0.4999999999999998,-0.7818314824680299,0.6234898018587334,0,weekend,31.763333333333332
2024-01-15,2024,1,15,15,8,0,100.29,2024-01-15 08:00:00+00:00,2024-01-15 09:00:00+00:00,68285.53,5317.55,30367.685,2308.66,71546.43,37993.895,0.2385125751940764,0.9711394088771652,0.8660254037844387,-0.4999999999999998,0.0,1.0,0,weekday,31.536666666666665
2024-01-16,2024,1,16,16,8,1,138.6,2024-01-16 08:00:00+00:00,2024-01-16 09:00:00+00:00,69588.8925,2225.25,14269.4375,2568.9775,64236.7,19063.665,0.2551824131233728,0.966892928939152,0.8660254037844387,-0.4999999999999998,0.7818314824680298,0.6234898018587336,0,weekday,31.31
2024-01-17,2024,1,17,17,8,2,106.16,2024-01-17 08:00:00+00:00,2024-01-17 09:00:00+00:00,68802.905,3276.16,16126.395,1392.005,66383.83,20794.56,0.2717767384711357,0.9623603298276544,0.8660254037844387,-0.4999999999999998,0.9749279121818236,-0.2225209339563143,0,weekday,29.135
2024-01-18,2024,1,18,18,8,3,122.17,2024-01-18 08:00:00+00:00,2024-01-18 09:00:00+00:00,69085.775,1917.64,6424.465,1796.125,56843.24,10138.23,0.2882906407095177,0.957542952811672,0.8660254037844387,-0.4999999999999998,0.4338837391175582,-0.900968867902419,0,weekday,27.675
2024-01-19,2024,1,19,19,8,4,103.06,2024-01-19 08:00:00+00:00,2024-01-19 09:00:00+00:00,70595.61499999999,5667.435,20261.89,3608.1975,68231.67,29537.5225,0.3047192331091634,0.9524422234305676,0.8660254037844387,-0.4999999999999998,-0.433883739117558,-0.9009688679024191,0,weekday,28.6
2024-01-20,2024,1,20,20,8,5,77.9,2024-01-20 08:00:00+00:00,2024-01-20 09:00:00+00:00,56950.61,5374.7725,26664.065,4329.055,63974.81,36367.8925,0.321057654185271,0.9470596510722284,0.8660254037844387,-0.4999999999999998,-0.9749279121818236,-0.2225209339563146,0,weekend,28.429
2024-01-21,2024,1,21,21,8,6,54.36,2024-01-21 08:00:00+00:00,2024-01-21 09:00:00+00:00,53421.2025,5816.6175,33212.2,4023.1825,63696.32,43052.0,0.3373010691361842,0.9413968285264122,0.8660254037844387,-0.4999999999999998,-0.7818314824680299,0.6234898018587334,0,weekend,27.767
2024-01-22,2024,1,22,22,8,0,57.58,2024-01-22 08:00:00+00:00,2024-01-22 09:00:00+00:00,69740.33,4258.1375,45385.615000000005,1503.34,76133.26,51147.0925,0.3534446712740877,0.9354554315134164,0.8660254037844387,-0.4999999999999998,0.0,1.0,0,weekday,27.105
2024-01-23,2024,1,23,23,8,1,69.93,2024-01-23 08:00:00+00:00,2024-01-23 09:00:00+00:00,69943.67,4739.175,38109.375,3702.5325,74527.46,46551.0825,0.3694836834473831,0.9292372181882051,0.8660254037844387,-0.4999999999999998,0.7818314824680298,0.6234898018587336,0,weekday,27.375
2024-01-24,2024,1,24,24,8,2,50.76,2024-01-24 08:00:00+00:00,2024-01-24 09:00:00+00:00,70641.395,3791.14,46086.285,2283.795,75444.98,52161.22,0.3854133594543256,0.9227440286201428,0.8660254037844387,-0.4999999999999998,0.9749279121818236,-0.2225209339563143,0,weekday,27.455
2024-01-25,2024,1,25,25,8,3,87.97,2024-01-25 08:00:00+00:00,2024-01-25 09:00:00+00:00,68636.79000000001,3632.685,25483.325,2855.8625,63874.23,31971.8725,0.4012289854475009,0.9159777842484876,0.8660254037844387,-0.4999999999999998,0.4338837391175582,-0.900968867902419,0,weekday,28.8
2024-01-26,2024,1,26,26,8,4,70.58,2024-01-26 08:00:00+00:00,2024-01-26 09:00:00+00:00,68143.135,4587.78,32711.36,1916.2575,69960.99,39215.3975,0.4169258813287287,0.908940487313808,0.8660254037844387,-0.4999999999999998,-0.433883739117558,-0.9009688679024191,0,weekday,27.14
2024-01-27,2024,1,27,27,8,5,72.56,2024-01-27 08:00:00+00:00,2024-01-27 09:00:00+00:00,57382.005000000005,5180.465,19389.225,6339.1975,56166.35,30908.8875,0.4324994021339788,0.901634220265486,0.8660254037844387,-0.4999999999999998,-0.9749279121818236,-0.2225209339563146,0,weekend,28.079
2024-01-28,2024,1,28,28,8,6,55.08,2024-01-28 08:00:00+00:00,2024-01-28 09:00:00+00:00,51340.9475,4298.2725,12223.1825,8551.8025,49382.75,25073.2575,0.4479449394078911,0.8940611451454876,0.8660254037844387,-0.4999999999999998,-0.7818314824680299,0.6234898018587334,0,weekend,28.3095
2024-01-29,2024,1,29,29,8,0,88.39,2024-01-29 08:00:00+00:00,2024-01-29 09:00:00+00:00,68806.295,3712.5325,16504.27,8867.2675,63065.65,29084.07,0.4632579225674917,0.88622350294858,0.8660254037844387,-0.4999999999999998,0.0,1.0,0,weekday,28.54
2024-01-30,2024,1,30,30,8,1,84.93,2024-01-30 08:00:00+00:00,2024-01-30 09:00:00+00:00,71135.01000000001,4934.014999999999,15864.48,6902.7075,63624.23,27701.2025,0.4784338202547012,0.8781236129591848,0.8660254037844387,-0.4999999999999998,0.7818314824680298,0.6234898018587336,0,weekday,28.05
2024-01-31,2024,1,31,31,8,2,93.61,2024-01-31 08:00:00+00:00,2024-01-31 09:00:00+00:00,70698.725,5550.9475,10665.4,4448.23,56472.35,20664.5775,0.4934681416772373,0.8697638720650646,0.8660254037844387,-0.4999999999999998,0.9749279121818236,-0.2225209339563143,0,weekday,29.49
2024-02-01,2024,2,1,32,8,3,86.29,2024-02-01 08:00:00+00:00,2024-02-01 09:00:00+00:00,69634.9175,5120.0825,27278.1525,3738.445,66892.45,36136.68,0.5083564379375122,0.8611467540480452,0.8660254037844387,-0.4999999999999998,0.4338837391175582,-0.900968867902419,0,weekday,30.14
2024-02-02,2024,2,2,33,8,4,85.9,2024-02-02 08:00:00+00:00,2024-02-02 09:00:00+00:00,68156.77249999999,5164.04,25714.28,2014.6575,66691.18,32892.9775,0.5230943033491326,0.8522748088519838,0.8660254037844387,-0.4999999999999998,-0.433883739117558,-0.9009688679024191,0,weekday,28.63
2024-02-03,2024,2,3,34,8,5,45.97,2024-02-03 08:00:00+00:00,2024-02-03 09:00:00+00:00,55751.6675,4762.485,35088.7475,2400.0475,67534.41,42251.28,0.5376773767406141,0.8431506618282,0.8660254037844387,-0.4999999999999998,-0.9749279121818236,-0.2225209339563146,0,weekend,29.305
2024-02-04,2024,2,4,35,8,6,9.83,2024-02-04 08:00:00+00:00,2024-02-04 09:00:00+00:00,49488.39,4878.275,37530.68,2696.7975,65532.86,45105.7525,0.5521013427459208,0.8337770129585915,0.8660254037844387,-0.4999999999999998,-0.7818314824680299,0.6234898018587334,0,weekend,29.5775
2024-02-05,2024,2,5,36,8,0,56.86,2024-02-05 08:00:00+00:00,2024-02-05 09:00:00+00:00,67885.135,4633.3875,42248.435,4733.2325,77643.28,51615.05499999999,0.5663619330814524,0.8241566360566663,0.8660254037844387,-0.4999999999999998,0.0,1.0,0,weekday,29.85
2024-02-06,2024,2,6,37,8,1,61.35,2024-02-06 08:00:00+00:00,2024-02-06 09:00:00+00:00,68190.055,4650.8575,43886.965,4531.64,79034.28,53069.4625,0.580454927809098,0.8142923779467267,0.8660254037844387,-0.4999999999999998,0.7818314824680298,0.6234898018587336,0,weekday,28.42
2024-02-07,2024,2,7,38,8,2,85.53,2024-02-07 08:00:00+00:00,2024-02-07 09:00:00+00:00,67235.28,3653.355,24611.07,3662.1775,65222.94,31926.6025,0.5943761565849831,0.804187157621448,0.8660254037844387,-0.4999999999999998,0.9749279121818236,-0.2225209339563143,0,weekday,28.225
2024-02-08,2024,2,8,39,8,3,113.55,2024-02-08 08:00:00+00:00,2024-02-08 09:00:00+00:00,67443.8,1065.61,5299.77,3691.6175,55436.49,10056.9975,0.6081214998935418,0.7938439653781019,0.8660254037844387,-0.4999999999999998,0.4338837391175582,-0.900968867902419,0,weekday,28.15
2024-02-09,2024,2,9,40,8,4,68.37,2024-02-09 08:00:00+00:00,2024-02-09 09:00:00+00:00,67643.01,5853.8775000000005,28015.9375,1817.7625,67653.02,35687.5775,0.6216868902665479,0.7832658619336791,0.8660254037844387,-0.4999999999999998,-0.433883739117558,-0.9009688679024191,0,weekday,27.255
2024-02-10,2024,2,10,41,8,5,80.38,2024-02-10 08:00:00+00:00,2024-02-10 09:00:00+00:00,56084.1425,3125.485,7522.74,7273.7375,47968.32,17921.9625,0.6350683134867438,0.7724559775191742,0.8660254037844387,-0.4999999999999998,-0.9749279121818236,-0.2225209339563146,0,weekend,27.115
2024-02-11,2024,2,11,42,8,6,57.97,2024-02-11 08:00:00+00:00,2024-02-11 09:00:00+00:00,51164.7275,5699.3325,14718.3875,1847.275,48390.9,22264.995000000003,0.6482618097757122,0.7614175109532997,0.8660254037844387,-0.4999999999999998,-0.7818314824680299,0.6234898018587334,0,weekend,26.6475
2024-02-12,2024,2,12,43,8,0,96.5,2024-02-12 08:00:00+00:00,2024-02-12 09:00:00+00:00,67173.37,2442.84,14730.9575,4253.6475,56416.03,21427.445,0.6612634749656386,0.7501537286959042,0.8660254037844387,-0.4999999999999998,0.0,1.0,0,weekday,26.18
2024-02-13,2024,2,13,44,8,1,75.12,2024-02-13 08:00:00+00:00,2024-02-13 09:00:00+00:00,68039.02,5174.8275,16819.6425,8267.955,63201.79,30262.425000000003,0.6740694616546161,0.7386679638813748,0.8660254037844387,-0.4999999999999998,0.7818314824680298,0.6234898018587336,0,weekday,26.15
2024-02-14,2024,2,14,45,8,2,69.65,2024-02-14 08:00:00+00:00,2024-02-14 09:00:00+00:00,67580.325,2987.975,21950.35,3849.72,63088.88,28788.045,0.6866759803451553,0.726963615332308,0.8660254037844387,-0.4999999999999998,0.9749279121818236,-0.2225209339563143,0,weekday,25.105
2024-02-15,2024,2,15,46,8,3,78.76,2024-02-15 08:00:00+00:00,2024-02-15 09:00:00+00:00,66240.38500000001,3353.81,10316.2975,5466.1675,56960.06,19136.275,0.6990793005655562,0.7150441465537444,0.8660254037844387,-0.4999999999999998,0.4338837391175582,-0.900968867902419,0,weekday,24.85
2024-02-16,2024,2,16,47,8,4,64.84,2024-02-16 08:00:00+00:00,2024-02-16 09:00:00+00:00,65809.535,5652.32,20474.1225,8715.619999999999,64463.51,34842.0625,0.7112757519738152,0.7029130847082615,0.8660254037844387,-0.4999999999999998,-0.433883739117558,-0.9009688679024191,0,weekday,25.2
2024-02-17,2024,2,17,48,8,5,63.29,2024-02-17 08:00:00+00:00,2024-02-17 09:00:00+00:00,53235.8975,3345.9875,15875.11,5563.7225,50933.36,24784.82,0.7232617254437388,0.6905740195722293,0.8660254037844387,-0.4999999999999998,-0.9749279121818236,-0.2225209339563146,0,weekend,24.82
2024-02-18,2024,2,18,49,8,6,43.03,2024-02-18 08:00:00+00:00,2024-02-18 09:00:00+00:00,48687.045,5274.305,17156.7325,7372.5975,52732.58,29803.635,0.7350336741329413,0.6780306024735382,0.8660254037844387,-0.4999999999999998,-0.7818314824680299,0.6234898018587334,0,weekend,24.665
2024-02-19,2024,2,19,50,8,0,75.03,2024-02-19 08:00:00+00:00,2024-02-19 09:00:00+00:00,67140.5575,3889.4325,23542.1575,4153.8425,63260.92,31585.4325,0.746588114532413,0.6652865452111116,0.8660254037844387,-0.4999999999999998,0.0,1.0,0,weekday,24.51
2024-02-20,2024,2,20,51,8,1,78.55,2024-02-20 08:00:00+00:00,2024-02-20 09:00:00+00:00,67695.4525,3820.635,15141.895,6695.25,57373.31,25657.78,0.7579216274973472,0.6523456189565257,0.8660254037844387,-0.4999999999999998,0.7818314824680298,0.6234898018587336,0,weekday,24.355
2024-02-21,2024,2,21,52,8,2,70.34,2024-02-21 08:00:00+00:00,2024-02-21 09:00:00+00:00,67579.175,2964.855,18358.215,9078.4825,60816.47,30401.5525,0.7690308592589181,0.6392116531380588,0.8660254037844387,-0.4999999999999998,0.9749279121818236,-0.2225209339563143,0,weekday,24.1
2024-02-22,2024,2,22,53,8,3,74.09,2024-02-22 08:00:00+00:00,2024-02-22 09:00:00+00:00,68312.685,4166.93,21092.4325,2739.9475,59282.91,27999.31,0.7799125224167177,0.6258885343075018,0.8660254037844387,-0.4999999999999998,0.4338837391175582,-0.900968867902419,0,weekday,23.975
2024-02-23,2024,2,23,54,8,4,51.69,2024-02-23 08:00:00+00:00,2024-02-23 09:00:00+00:00,67642.4675,5811.1875,32128.2275,8538.36,72287.2,46477.775,0.7905633969115482,0.612380204990065,0.8660254037844387,-0.4999999999999998,-0.433883739117558,-0.9009688679024191,0,weekday,22.77
2024-02-24,2024,2,24,55,8,5,57.6,2024-02-24 08:00:00+00:00,2024-02-24 09:00:00+00:00,54758.175,3097.5125,11083.315,13051.5675,52017.78,27232.395,0.8009803309782905,0.5986906625177214,0.8660254037844387,-0.4999999999999998,-0.9749279121818236,-0.2225209339563146,0,weekend,22.934
2024-02-25,2024,2,25,56,8,6,61.82,2024-02-25 08:00:00+00:00,2024-02-25 09:00:00+00:00,49603.62,848.25,14218.0425,13957.5975,51229.7,29023.89,0.8111602420785621,0.5848239578463322,0.8660254037844387,-0.4999999999999998,-0.7818314824680299,0.6234898018587334,0,weekend,23.067
2024-02-26,2024,2,26,57,8,0,73.83,2024-02-26 08:00:00+00:00,2024-02-26 09:00:00+00:00,66940.44,2778.0550000000003,9254.705,9022.7525,54922.55,21055.5125,0.8211001178128892,0.5707841943569036,0.8660254037844387,-0.4999999999999998,0.0,1.0,0,weekday,23.2
2024-02-27,2024,2,27,58,8,1,80.81,2024-02-27 08:00:00+00:00,2024-02-27 09:00:00+00:00,68014.42,239.9425,5036.8875,7412.0525,52183.52,12688.8825,0.8307970168121247,0.5565755266413303,0.8660254037844387,-0.4999999999999998,0.7818314824680298,0.6234898018587336,0,weekday,23.25
2024-02-28,2024,2,28,59,8,2,85.46,2024-02-28 08:00:00+00:00,2024-02-28 09:00:00+00:00,67647.01999999999,903.0475,3128.4525000000003,8761.5475,52674.89,12793.0475,0.8402480696078469,0.5422021592729844,0.8660254037844387,-0.4999999999999998,0.9749279121818236,-0.2225209339563143,0,weekday,25.625
2024-02-29,2024,2,29,60,8,3,70.39,2024-02-29 08:00:00+00:00,2024-02-29 09:00:00+00:00,67185.9625,5791.6025,17630.7525,15337.8,66393.41,38760.155,0.8494504794814806,0.527668345562516,0.8660254037844387,-0.4999999999999998,0.4338837391175582,-0.900968867902419,0,weekday,25.55
2024-03-01,2024,3,1,61,8,4,75.88,2024-03-01 08:00:00+00:00,2024-03-01 09:00:00+00:00,66534.215,3725.5025,11715.4225,10430.75,56142.37,25871.675000000003,0.8584015232918917,0.512978386299228,0.8660254037844387,-0.4999999999999998,-0.433883739117558,-0.9009688679024191,0,weekday,25.275
2024-03-02,2024,3,2,62,8,5,65.75,2024-03-02 08:00:00+00:00,2024-03-02 09:00:00+00:00,53825.685,4050.925,8644.175,10888.33,49205.56,23583.43,0.8670985522812081,0.4981366284784055,0.8660254037844387,-0.4999999999999998,-0.9749279121818236,-0.2225209339563146,0,weekend,25.809
2024-03-03,2024,3,3,63,8,6,53.99,2024-03-03 08:00:00+00:00,2024-03-03 09:00:00+00:00,47681.7175,5118.7375,8521.955,16899.275,51885.62,30539.9675,0.8755389928586302,0.4831474640149687,0.8660254037844387,-0.4999999999999998,-0.7818314824680299,0.6234898018587334,0,weekend,25.5045
2024-03-04,2024,3,4,64,8,0,85.02,2024-03-04 08:00:00+00:00,2024-03-04 09:00:00+00:00,65707.02249999999,1769.2,3712.025,8772.885,54232.32,14254.11,0.8837203473619977,0.4680153284438345,0.8660254037844387,-0.4999999999999998,0.0,1.0,0,weekday,25.2
2024-03-05,2024,3,5,65,8,1,77.0,2024-03-05 08:00:00+00:00,2024-03-05 09:00:00+00:00,67008.225,5829.215,9364.32,6721.4175,59481.2,21914.9525,0.8916401947968874,0.452744699607371,0.8660254037844387,-0.4999999999999998,0.7818314824680298,0.6234898018587336,0,weekday,26.66
2024-03-06,2024,3,6,66,8,2,87.21,2024-03-06 08:00:00+00:00,2024-03-06 09:00:00+00:00,67228.795,1547.92,1690.53,9526.4875,54162.21,12764.9375,0.8992961915530253,0.4373400963303323,0.8660254037844387,-0.4999999999999998,0.9749279121818236,-0.2225209339563143,0,weekday,27.065
2024-03-07,2024,3,7,67,8,3,79.09,2024-03-07 08:00:00+00:00,2024-03-07 09:00:00+00:00,66113.475,2236.6800000000003,6394.2725,13110.97,56446.08,21741.9225,0.9066860720977984,0.4218060770826634,0.8660254037844387,-0.4999999999999998,0.4338837391175582,-0.900968867902419,0,weekday,26.015
2024-03-08,2024,3,8,68,8,4,74.36,2024-03-08 08:00:00+00:00,2024-03-08 09:00:00+00:00,66671.2,4086.4625,12010.6525,21703.0575,65480.99,37800.1725,0.9138076496466616,0.4061472386305789,0.8660254037844387,-0.4999999999999998,-0.433883739117558,-0.9009688679024191,0,weekday,26.335
2024-03-09,2024,3,9,69,8,5,48.12,2024-03-09 08:00:00+00:00,2024-03-09 09:00:00+00:00,53166.240000000005,5808.06,15586.59,19703.6775,60780.71,41098.3275,0.9206588168102428,0.3903682146763026,0.8660254037844387,-0.4999999999999998,-0.9749279121818236,-0.2225209339563146,0,weekend,26.39
2024-03-10,2024,3,10,70,8,6,25.25,2024-03-10 08:00:00+00:00,2024-03-10 09:00:00+00:00,47498.775,6157.815,20327.915,17553.34,62238.74,44039.07,0.9272375462179536,0.374473674486883,0.8660254037844387,-0.4999999999999998,-0.7818314824680299,0.6234898018587334,0,weekend,26.18
2024-03-11,2024,3,11,71,8,0,80.45,2024-03-11 08:00:00+00:00,2024-03-11 09:00:00+00:00,65464.0325,5855.0875,17931.8675,13196.47,68524.09,36983.425,0.9335418911179212,0.3584683215124808,0.8660254037844387,-0.4999999999999998,0.0,1.0,0,weekday,25.97
2024-03-12,2024,3,12,72,8,1,93.81,2024-03-12 08:00:00+00:00,2024-03-12 09:00:00+00:00,66329.69,358.46500000000003,4435.4425,11423.3275,56151.05,16217.235,0.9395699859530622,0.342356891994542,0.8660254037844387,-0.4999999999999998,0.7818314824680298,0.6234898018587336,0,weekday,25.01
2024-03-13,2024,3,13,73,8,2,77.71,2024-03-13 08:00:00+00:00,2024-03-13 09:00:00+00:00,65820.095,3336.7375,6173.4800000000005,11225.245,56076.43,20735.4625,0.945320046913132,0.3261441535642696,0.8660254037844387,-0.4999999999999998,0.9749279121818236,-0.2225209339563143,0,weekday,25.1
2024-03-14,2024,3,14,74,8,3,65.71,2024-03-14 08:00:00+00:00,2024-03-14 09:00:00+00:00,64919.36,5546.96,8628.6325,11914.9625,58054.63,26090.555,0.9507903724625832,0.3098349038318025,0.8660254037844387,-0.4999999999999998,0.4338837391175582,-0.900968867902419,0,weekday,24.675
2024-03-15,2024,3,15,75,8,4,53.8,2024-03-15 08:00:00+00:00,2024-03-15 09:00:00+00:00,64348.0825,5854.12,18426.875,14548.875,65119.66,38829.87,0.9559793438440766,0.2934339689665273,0.8660254037844387,-0.4999999999999998,-0.433883739117558,-0.9009688679024191,0,weekday,26.255
2024-03-16,2024,3,16,76,8,5,47.01,2024-03-16 08:00:00+00:00,2024-03-16 09:00:00+00:00,53027.942500000005,4597.65,23216.895,9949.5825,58551.22,37764.1275,0.9608854255574976,0.2769462022689364,0.8660254037844387,-0.4999999999999998,-0.9749279121818236,-0.2225209339563146,0,weekend,27.026
2024-03-17,2024,3,17,77,8,6,47.15,2024-03-17 08:00:00+00:00,2024-03-17 09:00:00+00:00,47614.175,2708.13,3289.145,18848.36,42596.13,24845.635,0.9655071658143364,0.2603764827344581,0.8660254037844387,-0.4999999999999998,-0.7818314824680299,0.6234898018587334,0,weekend,27.5255
2024-03-18,2024,3,18,78,8,0,82.8,2024-03-18 08:00:00+00:00,2024-03-18 09:00:00+00:00,64031.5025,3456.02,7563.8475,10740.3525,55911.44,21760.22,0.969843196967294,0.2437297136096838,0.8660254037844387,-0.4999999999999998,0.0,1.0,0,weekday,28.025
2024-03-19,2024,3,19,79,8,1,72.02,2024-03-19 08:00:00+00:00,2024-03-19 09:00:00+00:00,64784.3775,3375.995,4451.0175,17583.02,57323.25,25410.0325,0.9738922359149924,0.2270108209414184,0.8660254037844387,-0.4999999999999998,0.7818314824680298,0.6234898018587336,0,weekday,28.9
2024-03-20,2024,3,20,80,8,2,70.63,2024-03-20 08:00:00+00:00,2024-03-20 09:00:00+00:00,65001.9725,473.655,1327.9175,21407.4925,59547.95,23209.065,0.977653084481664,0.2102247521189836,0.8660254037844387,-0.4999999999999998,0.9749279121818236,-0.2225209339563143,0,weekday,28.385
2024-03-21,2024,3,21,81,8,3,80.0,2024-03-21 08:00:00+00:00,2024-03-21 09:00:00+00:00,64789.8425,1300.6575,10079.155,12120.8575,55081.93,23500.67,0.981124629771712,0.1933764744102058,0.8660254037844387,-0.4999999999999998,0.4338837391175582,-0.900968867902419,0,weekday,27.045
2024-03-22,2024,3,22,82,8,4,56.32,2024-03-22 08:00:00+00:00,2024-03-22 09:00:00+00:00,63403.3375,4553.675,18577.395,15046.6325,64901.99,38177.7025,0.984305844499033,0.1764709734915216,0.8660254037844387,-0.4999999999999998,-0.433883739117558,-0.9009688679024191,0,weekday,26.525
2024-03-23,2024,3,23,83,8,5,13.2,2024-03-23 08:00:00+00:00,2024-03-23 09:00:00+00:00,53872.6275,5223.9575,16582.5375,11198.0025,54052.25,33004.4975,0.9871957872910084,0.1595132519726365,0.8660254037844387,-0.4999999999999998,-0.9749279121818236,-0.2225209339563146,0,weekend,27.776
2024-03-24,2024,3,24,84,8,6,0.0,2024-03-24 08:00:00+00:00,2024-03-24 09:00:00+00:00,49055.3675,5121.21,29469.085,11784.715,63103.38,46375.01,0.9897936029670716,0.1425083279161708,0.8660254037844387,-0.4999999999999998,-0.7818314824680299,0.6234898018587334,0,weekend,28.3005
2024-03-25,2024,3,25,85,8,0,77.43,2024-03-25 08:00:00+00:00,2024-03-25 09:00:00+00:00,64264.6825,850.1925,8275.605,17609.0925,58802.12,26734.89,0.992098522791769,0.1254612333527364,0.8660254037844387,-0.4999999999999998,0.0,1.0,0,weekday,28.825
2024-03-26,2024,3,26,86,8,1,62.0,2024-03-26 08:00:00+00:00,2024-03-26 09:00:00+00:00,64741.965,4237.3875,11543.6425,25361.9475,65136.7,41142.97749999999,0.9941098647022418,0.108377012791876,0.8660254037844387,-0.4999999999999998,0.7818314824680298,0.6234898018587336,0,weekday,27.61
2024-03-27,2024,3,27,87,8,2,68.12,2024-03-27 08:00:00+00:00,2024-03-27 09:00:00+00:00,64540.185,3558.98,6432.8325,21374.4925,55452.86,31366.305,0.9958270335100596,0.0912607217293118,0.8660254037844387,-0.4999999999999998,0.9749279121818236,-0.2225209339563143,0,weekday,27.35
2024-03-28,2024,3,28,88,8,3,63.24,2024-03-28 08:00:00+00:00,2024-03-28 09:00:00+00:00,63938.34,1765.455,17549.345,14363.6975,57047.87,33678.497500000005,0.9972495210773452,0.0741174251509443,0.8660254037844387,-0.4999999999999998,0.4338837391175582,-0.900968867902419,0,weekday,27.55
2024-03-29,2024,3,29,89,8,4,13.28,2024-03-29 08:00:00+00:00,2024-03-29 09:00:00+00:00,50773.42,5804.8025,24409.8925,11480.6,56660.22,41695.295,0.998376906467142,0.0569521960340397,0.8660254037844387,-0.4999999999999998,-0.433883739117558,-0.9009688679024191,1,holiday,27.34
2024-03-30,2024,3,30,90,8,5,43.38,2024-03-30 08:00:00+00:00,2024-03-30 09:00:00+00:00,51549.54,1137.015,11031.1325,21683.175000000003,53890.86,33851.3225,0.9992088560679752,0.0397701138460557,0.8660254037844387,-0.4999999999999998,-0.9749279121818236,-0.2225209339563146,0,weekend,27.34
2024-03-31,2024,3,31,91,8,6,41.03,2024-03-31 08:00:00+00:00,2024-03-31 09:00:00+00:00,46720.8525,605.9675,3160.6425,22050.54,37230.66,25817.15,0.9997451236925734,0.0225762630415454,0.8660254037844387,-0.4999999999999998,-0.7818314824680299,0.6234898018587334,0,weekend,27.34
2024-04-01,2024,4,1,92,8,0,54.36,2024-04-01 08:00:00+00:00,2024-04-01 09:00:00+00:00,50913.805,876.325,8752.192500000001,9585.9425,40551.51,19214.46,0.9999855506507186,0.0053757315575838,0.8660254037844387,-0.4999999999999998,0.0,1.0,1,holiday,27.34
2024-04-02,2024,4,2,93,8,1,2.66,2024-04-02 08:00:00+00:00,2024-04-02 09:00:00+00:00,62749.4525,3563.2625,36920.1925,16452.4275,76575.07,56935.88249999999,0.9999300657962056,-0.0118263906918325,0.8660254037844387,-0.4999999999999998,0.7818314824680298,0.6234898018587336,0,weekday,27.35
2024-04-03,2024,4,3,94,8,2,107.35,2024-04-03 08:00:00+00:00,2024-04-03 09:00:00+00:00,63723.82,2913.155,9272.6,10921.7625,54992.74,23107.5175,0.9995786855478958,-0.0290250133219752,0.8660254037844387,-0.4999999999999998,0.9749279121818236,-0.2225209339563143,0,weekday,25.7
2024-04-04,2024,4,4,95,8,3,69.45,2024-04-04 08:00:00+00:00,2024-04-04 09:00:00+00:00,63474.9925,3962.6575,21519.485,13122.24,62267.97,38604.3825,0.9989315138848576,-0.0462150469837083,0.8660254037844387,-0.4999999999999998,0.4338837391175582,-0.900968867902419,0,weekday,25.685
2024-04-05,2024,4,5,96,8,4,50.5,2024-04-05 08:00:00+00:00,2024-04-05 09:00:00+00:00,64469.9675,5513.0825,16905.355,20087.9025,65634.61,42506.34,0.9979887423155984,-0.0633914048695103,0.8660254037844387,-0.4999999999999998,-0.433883739117558,-0.9009688679024191,0,weekday,26.56
2024-04-06,2024,4,6,97,8,5,29.42,2024-04-06 08:00:00+00:00,2024-04-06 09:00:00+00:00,51590.13,4652.2575,7985.6425,26853.38,58789.49,39491.28,0.9967506498213928,-0.0805490042187416,0.8660254037844387,-0.4999999999999998,-0.9749279121818236,-0.2225209339563146,0,weekend,26.605
2024-04-07,2024,4,7,98,8,6,-0.16,2024-04-07 08:00:00+00:00,2024-04-07 09:00:00+00:00,48685.61,5310.215,14834.3,23640.95,59576.93,43785.465,0.9952176027737294,-0.0976827678217159,0.8660254037844387,-0.4999999999999998,-0.7818314824680299,0.6234898018587334,0,weekend,26.55
2024-04-08,2024,4,8,99,8,0,80.6,2024-04-08 08:00:00+00:00,2024-04-08 09:00:00+00:00,62286.2425,1444.1925,1362.8575,23545.2025,56468.79,26352.2525,0.9933900548258936,-0.114787625522127,0.8660254037844387,-0.4999999999999998,0.0,1.0,0,weekday,26.495
2024-04-09,2024,4,9,100,8,1,51.6,2024-04-09 08:00:00+00:00,2024-04-09 09:00:00+00:00,63689.9875,4772.915,18786.8375,18918.875,62470.27,42478.6275,0.9912685467787256,-0.1318585157173911,0.8660254037844387,-0.4999999999999998,0.7818314824680298,0.6234898018587336,0,weekday,27.955
2024-04-10,2024,4,10,101,8,2,67.66,2024-04-10 08:00:00+00:00,2024-04-10 09:00:00+00:00,63771.1825,3291.32,16221.37,16737.36,59568.59,36250.05,0.9888537064205885,-0.1488903868564548,0.8660254037844387,-0.4999999999999998,0.9749279121818236,-0.2225209339563143,0,weekday,27.53
2024-04-11,2024,4,11,102,8,3,10.05,2024-04-11 08:00:00+00:00,2024-04-11 09:00:00+00:00,64117.2825,4915.0375,19116.605,25291.31,70468.01,49322.9525,0.986146248341595,-0.1658781989346314,0.8660254037844387,-0.4999999999999998,0.4338837391175582,-0.900968867902419,0,weekday,27.75
2024-04-12,2024,4,12,103,8,4,42.86,2024-04-12 08:00:00+00:00,2024-04-12 09:00:00+00:00,63731.9925,4556.2025,13797.5875,23216.42,63372.39,41570.21,0.98314697372215,-0.1828169249850199,0.8660254037844387,-0.4999999999999998,-0.433883739117558,-0.9009688679024191,0,weekday,29.565
2024-04-13,2024,4,13,104,8,5,-0.02,2024-04-13 08:00:00+00:00,2024-04-13 09:00:00+00:00,52495.735,2831.5475,13433.985,29053.4375,63176.64,45318.97,0.9798567700958664,-0.1997015525660636,0.8660254037844387,-0.4999999999999998,-0.9749279121818236,-0.2225209339563146,0,weekend,30.732
2024-04-14,2024,4,14,105,8,6,-2.37,2024-04-14 08:00:00+00:00,2024-04-14 09:00:00+00:00,48504.17,3437.5375,19918.39,25663.265,63199.96,49019.1925,0.976276611086932,-0.2165270852448143,0.8660254037844387,-0.4999999999999998,-0.7818314824680299,0.6234898018587334,0,weekend,30.981
2024-04-15,2024,4,15,106,8,0,80.55,2024-04-15 08:00:00+00:00,2024-04-15 09:00:00+00:00,63087.8925,4103.1925,12317.5025,15904.125,55919.22,32324.82,0.9724075561219968,-0.2332885440754551,0.8660254037844387,-0.4999999999999998,0.0,1.0,0,weekday,31.23
2024-04-16,2024,4,16,107,8,1,51.03,2024-04-16 08:00:00+00:00,2024-04-16 09:00:00+00:00,65876.63,3182.675,28621.4625,17143.6125,67554.12,48947.75,0.9682507501166718,-0.2499809690726521,0.8660254037844387,-0.4999999999999998,0.7818314824680298,0.6234898018587336,0,weekday,32.02
2024-04-17,2024,4,17,108,8,2,83.9,2024-04-17 08:00:00+00:00,2024-04-17 09:00:00+00:00,65069.6275,1291.6825,2680.5275,16040.1375,54398.93,20012.3475,0.9638074231367308,-0.2665994206792935,0.8660254037844387,-0.4999999999999998,0.9749279121818236,-0.2225209339563143,0,weekday,33.7
2024-04-18,2024,4,18,109,8,3,90.21,2024-04-18 08:00:00+00:00,2024-04-18 09:00:00+00:00,64422.0125,1365.105,2705.925,20846.9175,57760.48,24917.9475,0.9590788900341132,-0.2831389812281835,0.8660254037844387,-0.4999999999999998,0.4338837391175582,-0.900968867902419,0,weekday,30.98
2024-04-19,2024,4,19,110,8,4,60.2,2024-04-19 08:00:00+00:00,2024-04-19 09:00:00+00:00,65068.17,4105.5825,30459.74,8635.227499999999,66118.22,43200.55,0.9540665500578388,-0.2995947563972602,0.8660254037844387,-0.4999999999999998,-0.433883739117558,-0.9009688679024191,0,weekday,33.615
2024-04-20,2024,4,20,111,8,5,50.05,2024-04-20 08:00:00+00:00,2024-04-20 09:00:00+00:00,54281.7425,1677.2725,11558.675,16487.54,47918.75,29723.4875,0.9487718864399473,-0.3159618766579029,0.8660254037844387,-0.4999999999999998,-0.9749279121818236,-0.2225209339563146,0,weekend,30.758
2024-04-21,2024,4,21,112,8,6,32.99,2024-04-21 08:00:00+00:00,2024-04-21 09:00:00+00:00,49265.76,2024.29,8247.1275,19026.2425,47848.01,29297.66,0.9431964659565866,-0.3322354987159043,0.8660254037844387,-0.4999999999999998,-0.7818314824680299,0.6234898018587334,0,weekend,30.304000000000002
2024-04-22,2024,4,22,113,8,0,81.86,2024-04-22 08:00:00+00:00,2024-04-22 09:00:00+00:00,64584.8175,1503.1125,3614.035,21649.115,57525.08,26766.2625,0.9373419384643772,-0.3484108069446808,0.8660254037844387,-0.4999999999999998,0.0,1.0,0,weekday,29.85
2024-04-23,2024,4,23,114,8,1,82.87,2024-04-23 08:00:00+00:00,2024-04-23 09:00:00+00:00,65233.925,1001.2825,2063.175,26808.77,60003.6,29873.2275,0.9312100364121948,-0.3644830148102912,0.8660254037844387,-0.4999999999999998,0.7818314824680298,0.6234898018587336,0,weekday,28.965
2024-04-24,2024,4,24,115,8,2,90.74,2024-04-24 08:00:00+00:00,2024-04-24 09:00:00+00:00,65187.4,3218.16,6336.285,18032.025,59283.42,27586.47,0.9248025743285088,-0.3804473662878516,0.8660254037844387,-0.4999999999999998,0.9749279121818236,-0.2225209339563143,0,weekday,29.12
2024-04-25,2024,4,25,116,8,3,80.01,2024-04-25 08:00:00+00:00,2024-04-25 09:00:00+00:00,64581.4225,514.015,5241.84,18601.285,57187.27,24357.14,0.9181214482844364,-0.3962991372689181,0.8660254037844387,-0.4999999999999998,0.4338837391175582,-0.900968867902419,0,weekday,29.645
2024-04-26,2024,4,26,117,8,4,77.81,2024-04-26 08:00:00+00:00,2024-04-26 09:00:00+00:00,64092.0375,776.4675,6612.0,24226.96,60627.96,31615.4275,0.9111686353326632,-0.4120336369594263,0.8660254037844387,-0.4999999999999998,-0.433883739117558,-0.9009688679024191,0,weekday,29.865
2024-04-27,2024,4,27,118,8,5,36.02,2024-04-27 08:00:00+00:00,2024-04-27 09:00:00+00:00,52885.8875,643.2225,4709.827499999999,32053.5475,56259.21,37406.5975,0.9039461929224012,-0.4276462092677746,0.8660254037844387,-0.4999999999999998,-0.9749279121818236,-0.2225209339563146,0,weekend,28.885
2024-04-28,2024,4,28,119,8,6,-16.63,2024-04-28 08:00:00+00:00,2024-04-28 09:00:00+00:00,49146.875,4906.2475,16646.247499999998,26626.8775,58204.73,48179.3725,0.8964562582905575,-0.4431322341826345,0.8660254037844387,-0.4999999999999998,-0.7818314824680299,0.6234898018587334,0,weekend,28.439500000000002
2024-04-29,2024,4,29,120,8,0,59.21,2024-04-29 08:00:00+00:00,2024-04-29 09:00:00+00:00,61868.565,2365.0875,1850.075,29335.3425,55509.78,33550.505,0.8887010478292915,-0.4584871291400876,0.8660254037844387,-0.4999999999999998,0.0,1.0,0,weekday,27.994
2024-04-30,2024,4,30,121,8,1,62.06,2024-04-30 08:00:00+00:00,2024-04-30 09:00:00+00:00,61638.81,3314.04,3633.07,33076.95,59206.12,40024.06,0.8806828564301475,-0.47370635037968,0.8660254037844387,-0.4999999999999998,0.7818314824680298,0.6234898018587336,0,weekday,28.45
2024-05-01,2024,5,1,122,8,2,-0.97,2024-05-01 08:00:00+00:00,2024-05-01 09:00:00+00:00,49440.46,3312.2525,9920.255,35330.4775,62062.91,48562.985,0.8724040568049612,-0.4887853942889926,0.8660254037844387,-0.4999999999999998,0.9749279121818236,-0.2225209339563143,1,holiday,28.7
2024-05-02,2024,5,2,123,8,3,5.1,2024-05-02 08:00:00+00:00,2024-05-02 09:00:00+00:00,62317.8975,4958.7675,15731.05,31575.2325,71121.35,52265.05,0.8638670987837349,-0.503719798736334,0.8660254037844387,-0.4999999999999998,0.4338837391175582,-0.900968867902419,0,weekday,28.525
2024-05-03,2024,5,3,124,8,4,77.95,2024-05-03 08:00:00+00:00,2024-05-03 09:00:00+00:00,63913.85,4486.525,14465.3,18453.475,59021.1,37405.3,0.8550745085896932,-0.518505144391157,0.8660254037844387,-0.4999999999999998,-0.433883739117558,-0.9009688679024191,0,weekday,30.71
2024-05-04,2024,5,4,125,8,5,41.17,2024-05-04 08:00:00+00:00,2024-05-04 09:00:00+00:00,51336.975,1509.0675,1053.4625,23500.735,45103.2,26063.265,0.8460288880917339,-0.533137056031809,0.8660254037844387,-0.4999999999999998,-0.9749279121818236,-0.2225209339563146,0,weekend,30.53
2024-05-05,2024,5,5,126,8,6,8.85,2024-05-05 08:00:00+00:00,2024-05-05 09:00:00+00:00,47638.192500000005,2788.5425,13680.5825,18944.9075,50882.23,35414.0325,0.8367329140344921,-0.5476112038402312,0.8660254037844387,-0.4999999999999998,-0.7818314824680299,0.6234898018587334,0,weekend,30.625
2024-05-06,2024,5,6,127,8,0,81.11,2024-05-06 08:00:00+00:00,2024-05-06 09:00:00+00:00,62135.39,967.0625,2713.5075,21424.2075,51887.25,25104.7775,0.8271893372462497,-0.5619233046832195,0.8660254037844387,-0.4999999999999998,0.0,1.0,0,weekday,30.72
2024-05-07,2024,5,7,128,8,1,85.21,2024-05-07 08:00:00+00:00,2024-05-07 09:00:00+00:00,63083.9325,658.0925,3283.2075,18035.5825,50029.0,21976.8825,0.8174009818249189,-0.5760691233798758,0.8660254037844387,-0.4999999999999998,0.7818314824680298,0.6234898018587336,0,weekday,31.6
2024-05-08,2024,5,8,129,8,2,85.4,2024-05-08 08:00:00+00:00,2024-05-08 09:00:00+00:00,63126.1375,119.3225,1505.32,22686.7925,49803.01,24311.435,0.8073707443023492,-0.5900444739548627,0.8660254037844387,-0.4999999999999998,0.9749279121818236,-0.2225209339563143,0,weekday,30.585
2024-05-09,2024,5,9,130,8,3,5.07,2024-05-09 08:00:00+00:00,2024-05-09 09:00:00+00:00,49556.905,356.8075,599.525,34927.2675,50840.21,35883.6,0.7971015927871943,-0.6038452208771035,0.8660254037844387,-0.4999999999999998,0.4338837391175582,-0.900968867902419,1,holiday,30.835
2024-05-10,2024,5,10,131,8,4,20.84,2024-05-10 08:00:00+00:00,2024-05-10 09:00:00+00:00,60816.1325,396.255,1011.6975,33884.8425,55010.4,35292.795,0.7865965660866021,-0.6174672802835514,0.8660254037844387,-0.4999999999999998,-0.433883739117558,-0.9009688679024191,0,weekday,30.74
2024-05-11,2024,5,11,132,8,5,0.0,2024-05-11 08:00:00+00:00,2024-05-11 09:00:00+00:00,51078.567500000005,167.6775,700.3625,33505.21,54037.61,34373.25,0.7758587728069828,-0.6309066211876704,0.8660254037844387,-0.4999999999999998,-0.9749279121818236,-0.2225209339563146,0,weekend,30.03
2024-05-12,2024,5,12,133,8,6,-25.0,2024-05-12 08:00:00+00:00,2024-05-12 09:00:00+00:00,46619.2725,2308.3825,5611.0225,38150.35,58738.49,46069.755,0.7648913904341225,-0.6441592666722685,0.8660254037844387,-0.4999999999999998,-0.7818314824680299,0.6234898018587334,0,weekend,29.8125
2024-05-13,2024,5,13,134,8,0,10.38,2024-05-13 08:00:00+00:00,2024-05-13 09:00:00+00:00,61920.66,4264.6725,7277.0725,34856.7225,65506.03,46398.4675,0.753697664392914,-0.6572212950663319,0.8660254037844387,-0.4999999999999998,0.0,1.0,0,weekday,29.595
2024-05-14,2024,5,14,135,8,1,-2.33,2024-05-14 08:00:00+00:00,2024-05-14 09:00:00+00:00,62353.2375,4342.5475,12123.025,39112.9825,71806.21,55578.55499999999,0.742280907086982,-0.6700888411055113,0.8660254037844387,-0.4999999999999998,0.7818314824680298,0.6234898018587336,0,weekday,29.765
2024-05-15,2024,5,15,136,8,2,7.36,2024-05-15 08:00:00+00:00,2024-05-15 09:00:00+00:00,62786.9825,5222.1275000000005,16829.9575,32210.2675,71172.69,54262.3525,0.7306444969184916,-0.6827580970759147,0.8660254037844387,-0.4999999999999998,0.9749279121818236,-0.2225209339563143,0,weekday,29.585
2024-05-16,2024,5,16,137,8,3,11.5,2024-05-16 08:00:00+00:00,2024-05-16 09:00:00+00:00,63228.845,5069.547500000001,19451.93,28996.8575,71217.42,53518.335,0.7187918772884232,-0.6952253139408722,0.8660254037844387,-0.4999999999999998,0.4338837391175582,-0.900968867902419,0,weekday,29.51
2024-05-17,2024,5,17,138,8,4,64.46,2024-05-17 08:00:00+00:00,2024-05-17 09:00:00+00:00,65017.99,4047.395,17878.3875,18256.307500000003,57729.32,40182.09,0.7067265555776158,-0.7074868024503348,0.8660254037844387,-0.4999999999999998,-0.433883739117558,-0.9009688679024191,0,weekday,30.88
2024-05-18,2024,5,18,139,8,5,9.43,2024-05-18 08:00:00+00:00,2024-05-18 09:00:00+00:00,52001.845,1806.4625,5575.8925,25725.1875,50365.47,33107.5425,0.6944521021088763,-0.719538934232584,0.8660254037844387,-0.4999999999999998,-0.9749279121818236,-0.2225209339563146,0,weekend,30.769
2024-05-19,2024,5,19,140,8,6,-0.03,2024-05-19 08:00:00+00:00,2024-05-19 09:00:00+00:00,45255.0925,855.91,2030.4525,27412.085,44570.46,30298.4475,0.6819721490904629,-0.7313781428679254,0.8660254037844387,-0.4999999999999998,-0.7818314824680299,0.6234898018587334,0,weekend,31.0445
2024-05-20,2024,5,20,141,8,0,12.41,2024-05-20 08:00:00+00:00,2024-05-20 09:00:00+00:00,48806.28,1103.9575,850.0625,32182.115,49334.27,34136.135,0.6692903895412567,-0.7430009249440493,0.8660254037844387,-0.4999999999999998,0.0,1.0,1,holiday,31.32
2024-05-21,2024,5,21,142,8,1,66.98,2024-05-21 08:00:00+00:00,2024-05-21 09:00:00+00:00,62209.32,4099.495,8350.495,26075.22,57544.12,38525.21000000001,0.6564105761979381,-0.7544038410927472,0.8660254037844387,-0.4999999999999998,0.7818314824680298,0.6234898018587336,0,weekday,31.625
2024-05-22,2024,5,22,143,8,2,70.0,2024-05-22 08:00:00+00:00,2024-05-22 09:00:00+00:00,64110.4225,4427.455,11690.72,18885.1,58489.47,35003.274999999994,0.6433365204044917,-0.765583517007675,0.8660254037844387,-0.4999999999999998,0.9749279121818236,-0.2225209339563143,0,weekday,32.88
2024-05-23,2024,5,23,144,8,3,74.89,2024-05-23 08:00:00+00:00,2024-05-23 09:00:00+00:00,63588.955,1341.5125,5847.205,28413.44,58339.04,35602.1575,0.6300720909843687,-0.7765366444428655,0.8660254037844387,-0.4999999999999998,0.4338837391175582,-0.900968867902419,0,weekday,34.62
2024-05-24,2024,5,24,145,8,4,96.16,2024-05-24 08:00:00+00:00,2024-05-24 09:00:00+00:00,63204.37,181.18,1609.0500000000002,23057.8775,51219.87,24848.1075,0.6166212130956382,-0.7872599821916922,0.8660254037844387,-0.4999999999999998,-0.433883739117558,-0.9009688679024191,0,weekday,35.6
2024-05-25,2024,5,25,146,8,5,54.23,2024-05-25 08:00:00+00:00,2024-05-25 09:00:00+00:00,51402.7825,1756.895,2130.9700000000003,26021.8225,49058.72,29909.6875,0.6029878670694714,-0.7977503570459932,0.8660254037844387,-0.4999999999999998,-0.9749279121818236,-0.2225209339563146,0,weekend,34.115
2024-05-26,2024,5,26,147,8,6,0.0,2024-05-26 08:00:00+00:00,2024-05-26 09:00:00+00:00,46805.395,388.15,1109.9924999999998,33431.505,51571.21,34929.6475,0.5891760872322963,-0.8080046647350754,0.8660254037844387,-0.4999999999999998,-0.7818314824680299,0.6234898018587334,0,weekend,34.21333333333333
2024-05-27,2024,5,27,148,8,0,88.44,2024-05-27 08:00:00+00:00,2024-05-27 09:00:00+00:00,62181.105,2164.1625,1607.21,22106.1875,50758.25,25877.56,0.5751899607119775,-0.8180198708443174,0.8660254037844387,-0.4999999999999998,0.0,1.0,0,weekday,34.31166666666667
2024-05-28,2024,5,28,149,8,1,72.52,2024-05-28 08:00:00+00:00,2024-05-28 09:00:00+00:00,63607.2675,518.615,9108.245,23740.9625,58814.9,33367.8225,0.5610336262283677,-0.8277930117131022,0.8660254037844387,-0.4999999999999998,0.7818314824680298,0.6234898018587336,0,weekday,34.41
2024-05-29,2024,5,29,150,8,2,67.85,2024-05-29 08:00:00+00:00,2024-05-29 09:00:00+00:00,63686.0425,2747.19,15093.1725,20044.2025,57793.39,37884.565,0.5467112728685939,-0.8373211953118121,0.8660254037844387,-0.4999999999999998,0.9749279121818236,-0.2225209339563143,0,weekday,34.135
2024-05-30,2024,5,30,151,8,3,85.0,2024-05-30 08:00:00+00:00,2024-05-30 09:00:00+00:00,51623.2625,1048.63,1507.915,19604.3275,44881.44,22160.8725,0.5322271388474397,-0.8466016020976267,0.8660254037844387,-0.4999999999999998,0.4338837391175582,-0.900968867902419,0,weekday,33.875
2024-05-31,2024,5,31,152,8,4,91.97,2024-05-31 08:00:00+00:00,2024-05-31 09:00:00+00:00,59686.2925,2846.8575,3646.5,15622.4025,46954.91,22115.76,0.5175855102531889,-0.8556314858488706,0.8660254037844387,-0.4999999999999998,-0.433883739117558,-0.9009688679024191,0,weekday,35.28
2024-06-01,2024,6,1,153,8,5,47.16,2024-06-01 08:00:00+00:00,2024-06-01 09:00:00+00:00,52185.97,2578.5825,5884.695,15688.095,41538.98,24151.3725,0.5027907197793043,-0.8644081744776648,0.8660254037844387,-0.4999999999999998,-0.9749279121818236,-0.2225209339563146,0,weekend,34.223
2024-06-02,2024,6,2,154,8,6,1.56,2024-06-02 08:00:00+00:00,2024-06-02 09:00:00+00:00,48086.9875,4455.5175,8349.1175,19217.5975,50462.0,32022.2325,0.4878471454423119,-0.8729290708206411,0.8660254037844387,-0.4999999999999998,-0.7818314824680299,0.6234898018587334,0,weekend,35.2265
2024-06-03,2024,6,3,155,8,0,99.05,2024-06-03 08:00:00+00:00,2024-06-03 09:00:00+00:00,63132.3225,1872.2,4553.2925000000005,21785.8475,53747.24,28211.34,0.4727592092862775,-0.881191653407483,0.8660254037844387,-0.4999999999999998,0.0,1.0,0,weekday,36.23
2024-06-04,2024,6,4,156,8,1,91.6,2024-06-04 08:00:00+00:00,2024-06-04 09:00:00+00:00,63702.74,1413.655,1061.3525,28986.7825,55997.92,31461.79,0.4575313760742512,-0.8891934772070711,0.8660254037844387,-0.4999999999999998,0.7818314824680298,0.6234898018587336,0,weekday,36.075
2024-06-05,2024,6,5,157,8,2,69.93,2024-06-05 08:00:00+00:00,2024-06-05 09:00:00+00:00,63535.2325,2631.6025,10947.6925,26030.81,57601.32,39610.105,0.442168151967072,-0.8969321743510065,0.8660254037844387,-0.4999999999999998,0.9749279121818236,-0.2225209339563143,0,weekday,33.75
2024-06-06,2024,6,6,158,8,3,57.8,2024-06-06 08:00:00+00:00,2024-06-06 09:00:00+00:00,63820.4975,2906.8,4261.8875,32573.285,59082.79,39741.9725,0.4266740831899246,-0.9044054548343,0.8660254037844387,-0.4999999999999998,0.4338837391175582,-0.900968867902419,0,weekday,33.225
2024-06-07,2024,6,7,159,8,4,60.66,2024-06-07 08:00:00+00:00,2024-06-07 09:00:00+00:00,63151.4025,2104.3675,2747.6275,34034.3975,56719.22,38886.3925,0.4110537546870351,-0.911611107193024,0.8660254037844387,-0.4999999999999998,-0.433883739117558,-0.9009688679024191,0,weekday,32.885
2024-06-08,2024,6,8,160,8,5,-0.13,2024-06-08 08:00:00+00:00,2024-06-08 09:00:00+00:00,51932.355,2311.0550000000003,6278.83,36631.1475,60112.72,45221.0325,0.3953117887649151,-0.9185469991587164,0.8660254037844387,-0.4999999999999998,-0.9749279121818236,-0.2225209339563146,0,weekend,33.109
2024-06-09,2024,6,9,161,8,6,-7.6,2024-06-09 08:00:00+00:00,2024-06-09 09:00:00+00:00,48351.1275,4249.4375,10634.5775,31086.9125,58594.77,45970.9275,0.3794528437245443,-0.925211078289358,0.8660254037844387,-0.4999999999999998,-0.7818314824680299,0.6234898018587334,0,weekend,33.057
2024-06-10,2024,6,10,162,8,0,89.46,2024-06-10 08:00:00+00:00,2024-06-10 09:00:00+00:00,63248.37,2057.9,5429.875,28985.5625,61540.77,36473.3375,0.3634816124829063,-0.9316013725767188,0.8660254037844387,-0.4999999999999998,0.0,1.0,0,weekday,33.005
2024-06-11,2024,6,11,163,8,1,49.92,2024-06-11 08:00:00+00:00,2024-06-11 09:00:00+00:00,64083.685,3561.6275,20116.6675,25712.5875,68608.61,49390.8825,0.3474028211842774,-0.9377159910299092,0.8660254037844387,-0.4999999999999998,0.7818314824680298,0.6234898018587336,0,weekday,33.675
2024-06-12,2024,6,12,164,8,2,64.19,2024-06-12 08:00:00+00:00,2024-06-12 09:00:00+00:00,63977.86,3303.2925,7095.215,31448.3575,59874.7,41846.865,0.3312212278016865,-0.9435531242349544,0.8660254037844387,-0.4999999999999998,0.9749279121818236,-0.2225209339563143,0,weekday,34.055
2024-06-13,2024,6,13,165,8,3,69.01,2024-06-13 08:00:00+00:00,2024-06-13 09:00:00+00:00,62814.4325,1175.9625,3674.03,31952.3125,56660.25,36802.305,0.3149416207289519,-0.9491110448902284,0.8660254037844387,-0.4999999999999998,0.4338837391175582,-0.900968867902419,0,weekday,35.665
2024-06-14,2024,6,14,166,8,4,82.18,2024-06-14 08:00:00+00:00,2024-06-14 09:00:00+00:00,63604.1625,3966.2375,8755.425,16375.255,51131.84,29096.9175,0.2985688173637202,-0.9543881083175908,0.8660254037844387,-0.4999999999999998,-0.433883739117558,-0.9009688679024191,0,weekday,35.375
2024-06-15,2024,6,15,167,8,5,-10.08,2024-06-15 08:00:00+00:00,2024-06-15 09:00:00+00:00,52292.93,2976.2675,26442.59,19478.675,60682.94,48897.5325,0.2821076626819194,-0.9593827529490744,0.8660254037844387,-0.4999999999999998,-0.9749279121818236,-0.2225209339563146,0,weekend,35.36
2024-06-16,2024,6,16,168,8,6,-10.0,2024-06-16 08:00:00+00:00,2024-06-16 09:00:00+00:00,49255.7375,3326.3975,9193.2775,30842.045,55137.83,43361.72,0.2655630278040559,-0.9640935007889756,0.8660254037844387,-0.4999999999999998,-0.7818314824680299,0.6234898018587334,0,weekend,35.379999999999995
2024-06-17,2024,6,17,169,8,0,62.11,2024-06-17 08:00:00+00:00,2024-06-17 09:00:00+00:00,63581.3875,2003.98,4963.4075,27239.785,51832.62,34207.1725,0.2489398085537665,-0.9685189578512204,0.8660254037844387,-0.4999999999999998,0.0,1.0,0,weekday,35.4
2024-06-18,2024,6,18,170,8,1,69.91,2024-06-18 08:00:00+00:00,2024-06-18 09:00:00+00:00,64037.4925,104.0175,680.9325,34492.3625,56190.65,35277.3125,0.2322429240090701,-0.9726578145718654,0.8660254037844387,-0.4999999999999998,0.7818314824680298,0.6234898018587336,0,weekday,34.28
2024-06-19,2024,6,19,171,8,2,75.1,2024-06-19 08:00:00+00:00,2024-06-19 09:00:00+00:00,63864.44,1222.5,3936.0375,22609.0025,51439.64,27767.54,0.2154773150467301,-0.976508846196619,0.8660254037844387,-0.4999999999999998,0.9749279121818236,-0.2225209339563143,0,weekday,34.7
2024-06-20,2024,6,20,172,8,3,69.13,2024-06-20 08:00:00+00:00,2024-06-20 09:00:00+00:00,61815.6125,532.6125,1908.5325,32237.0225,54689.08,34678.1675,0.1986479428801711,-0.9800709131432666,0.8660254037844387,-0.4999999999999998,0.4338837391175582,-0.900968867902419,0,weekday,34.53
2024-06-21,2024,6,21,173,8,4,100.65,2024-06-21 08:00:00+00:00,2024-06-21 09:00:00+00:00,62985.875,475.3325,3268.1925,21053.3525,49782.65,24796.8775,0.1817597875913753,-0.9833429613388902,0.8660254037844387,-0.4999999999999998,-0.433883739117558,-0.9009688679024191,0,weekday,34.4
2024-06-22,2024,6,22,174,8,5,12.54,2024-06-22 08:00:00+00:00,2024-06-22 09:00:00+00:00,53961.1625,1068.4450000000002,13753.665,26389.86,55748.02,41211.97,0.1648178466571979,-0.9863240225317866,0.8660254037844387,-0.4999999999999998,-0.9749279121818236,-0.2225209339563146,0,weekend,33.936
2024-06-23,2024,6,23,175,8,6,0.0,2024-06-23 08:00:00+00:00,2024-06-23 09:00:00+00:00,47520.9325,1217.5125,3864.715,29107.1875,46729.65,34189.415,0.1478271334705304,-0.9890132145779884,0.8660254037844387,-0.4999999999999998,-0.7818314824680299,0.6234898018587334,0,weekend,33.867999999999995
2024-06-24,2024,6,24,176,8,0,53.88,2024-06-24 08:00:00+00:00,2024-06-24 09:00:00+00:00,61859.2325,29.1125,936.295,37803.01,56293.81,38768.4175,0.1307926758567592,-0.9914097417023038,0.8660254037844387,-0.4999999999999998,0.0,1.0,0,weekday,33.8
2024-06-25,2024,6,25,177,8,1,48.32,2024-06-25 08:00:00+00:00,2024-06-25 09:00:00+00:00,62288.925,121.79,2078.525,40315.685,61356.25,42516.0,0.1137195145859496,-0.9935128947338008,0.8660254037844387,-0.4999999999999998,0.7818314824680298,0.6234898018587336,0,weekday,34.325
2024-06-26,2024,6,26,178,8,2,89.48,2024-06-26 08:00:00+00:00,2024-06-26 09:00:00+00:00,62592.05,381.025,2183.6975,37248.91,60700.29,39813.63250000001,0.0966127018812031,-0.9953220513156602,0.8660254037844387,-0.4999999999999998,0.9749279121818236,-0.2225209339563143,0,weekday,35.15
2024-06-27,2024,6,27,179,8,3,66.74,2024-06-27 08:00:00+00:00,2024-06-27 09:00:00+00:00,62291.32,764.4449999999999,1291.455,31657.505,54627.57,33713.405,0.0794772999236209,-0.9968366760893436,0.8660254037844387,-0.4999999999999998,0.4338837391175582,-0.900968867902419,0,weekday,34.125
2024-06-28,2024,6,28,180,8,4,24.45,2024-06-28 08:00:00+00:00,2024-06-28 09:00:00+00:00,62249.3325,3044.7200000000003,10452.96,32547.22,64303.32,46044.9,0.062318379354325,-0.998056320853012,0.8660254037844387,-0.4999999999999998,-0.433883739117558,-0.9009688679024191,0,weekday,34.675
2024-06-29,2024,6,29,181,8,5,5.04,2024-06-29 08:00:00+00:00,2024-06-29 09:00:00+00:00,51629.6025,594.885,893.9225,37606.1575,53607.51,39094.965,0.0451410177739719,-0.998980624694158,0.8660254037844387,-0.4999999999999998,-0.9749279121818236,-0.2225209339563146,0,weekend,34.48
2024-06-30,2024,6,30,182,8,6,0.0,2024-06-30 08:00:00+00:00,2024-06-30 09:00:00+00:00,47792.7325,2416.7975,11538.0975,20736.7225,49909.61,34691.6175,0.0279502982402103,-0.999609314096404,0.8660254037844387,-0.4999999999999998,-0.7818314824680299,0.6234898018587334,0,weekend,34.489999999999995
2024-07-01,2024,7,1,183,8,0,107.01,2024-07-01 08:00:00+00:00,2024-07-01 09:00:00+00:00,62713.692500000005,1471.8,5492.52,19710.0175,53170.0,26674.3375,0.0107513077635219,-0.9999422030204416,0.8660254037844387,-0.4999999999999998,0.0,1.0,0,weekday,34.5
2024-07-02,2024,7,2,184,8,1,83.11,2024-07-02 08:00:00+00:00,2024-07-02 09:00:00+00:00,64242.5875,3944.365,9772.7925,19312.39,57670.06,33029.5475,-0.0064508641981051,-0.9999791929590824,0.8660254037844387,-0.4999999999999998,0.7818314824680298,0.6234898018587336,0,weekday,33.525
2024-07-03,2024,7,3,185,8,2,76.63,2024-07-03 08:00:00+00:00,2024-07-03 09:00:00+00:00,63907.7,2523.45,6373.195,21322.8325,53960.82,30219.4775,-0.0236511272452315,-0.9997202729664084,0.8660254037844387,-0.4999999999999998,0.9749279121818236,-0.2225209339563143,0,weekday,33.25
2024-07-04,2024,7,4,186,8,3,1.9,2024-07-04 08:00:00+00:00,2024-07-04 09:00:00+00:00,64105.565,4297.0575,22548.8425,21511.4125,66428.45,48357.3125,-0.0408443915432961,-0.9991655196610107,0.8660254037844387,-0.4999999999999998,0.4338837391175582,-0.900968867902419,0,weekday,32.69
2024-07-05,2024,7,5,187,8,4,2.95,2024-07-05 08:00:00+00:00,2024-07-05 09:00:00+00:00,63430.27250000001,4237.8075,18436.5525,32142.65,72220.28,54817.01,-0.0580255693287803,-0.9983150972033183,0.8660254037844387,-0.4999999999999998,-0.433883739117558,-0.9009688679024191,0,weekday,32.505
2024-07-06,2024,7,6,188,8,5,-9.92,2024-07-06 08:00:00+00:00,2024-07-06 09:00:00+00:00,50822.96,3265.3775,16150.91,34272.5975,66513.04,53688.885,-0.0751895764147585,-0.9971692572470178,0.8660254037844387,-0.4999999999999998,-0.9749279121818236,-0.2225209339563146,0,weekend,33.065
2024-07-07,2024,7,7,189,8,6,-9.98,2024-07-07 08:00:00+00:00,2024-07-07 09:00:00+00:00,47361.5075,3483.975,10226.725,28635.5175,54450.33,42346.2175,-0.0923313336953912,-0.9957283388645872,0.8660254037844387,-0.4999999999999998,-0.7818314824680299,0.6234898018587334,0,weekend,33.129999999999995
2024-07-08,2024,7,8,190,8,0,53.93,2024-07-08 08:00:00+00:00,2024-07-08 09:00:00+00:00,62164.6825,903.8975,3394.6,35916.5725,58594.67,40215.07,-0.1094457686489155,-0.993992768446958,0.8660254037844387,-0.4999999999999998,0.0,1.0,0,weekday,33.195
2024-07-09,2024,7,9,191,8,1,46.63,2024-07-09 08:00:00+00:00,2024-07-09 09:00:00+00:00,63025.3125,1991.835,3138.815,37508.8375,61613.23,42639.4875,-0.1265278168386831,-0.9919630595773395,0.8660254037844387,-0.4999999999999998,0.7818314824680298,0.6234898018587336,0,weekday,32.175
2024-07-10,2024,7,10,192,8,2,65.0,2024-07-10 08:00:00+00:00,2024-07-10 09:00:00+00:00,63131.5775,3572.1225,5076.735,24360.79,52096.93,33009.6475,-0.1435724234118113,-0.9896398128792412,0.8660254037844387,-0.4999999999999998,0.9749279121818236,-0.2225209339563143,0,weekday,31.25
2024-07-11,2024,7,11,193,8,3,80.69,2024-07-11 08:00:00+00:00,2024-07-11 09:00:00+00:00,62740.9,1560.39,3374.2875000000004,28164.08,53950.24,33098.7575,-0.1605745445949937,-0.9870237158387384,0.8660254037844387,-0.4999999999999998,0.4338837391175582,-0.900968867902419,0,weekday,30.85
2024-07-12,2024,7,12,194,8,4,95.87,2024-07-12 08:00:00+00:00,2024-07-12 09:00:00+00:00,62857.33,103.4425,6366.3675,20262.775,54038.47,26732.585000000003,-0.1775291491870349,-0.984115542601034,0.8660254037844387,-0.4999999999999998,-0.433883739117558,-0.9009688679024191,0,weekday,31.27
2024-07-13,2024,7,13,195,8,5,5.16,2024-07-13 08:00:00+00:00,2024-07-13 09:00:00+00:00,51662.79,3098.63,16127.58,23655.595,59888.64,42881.805,-0.1944312200476619,-0.9809161537413774,0.8660254037844387,-0.4999999999999998,-0.9749279121818236,-0.2225209339563146,0,weekend,31.72
2024-07-14,2024,7,14,196,8,6,-21.13,2024-07-14 08:00:00+00:00,2024-07-14 09:00:00+00:00,47662.5375,3564.1325,5912.87,36821.990000000005,58119.44,46298.99250000001,-0.2112757555821793,-0.9774264960104057,0.8660254037844387,-0.4999999999999998,-0.7818314824680299,0.6234898018587334,0,weekend,31.79
2024-07-15,2024,7,15,197,8,0,35.52,2024-07-15 08:00:00+00:00,2024-07-15 09:00:00+00:00,61648.76,1880.9625,3538.6625,39549.2625,62732.96,44968.8875,-0.2280577712215198,-0.9736476020539838,0.8660254037844387,-0.4999999999999998,0.0,1.0,0,weekday,31.86
2024-07-16,2024,7,16,198,8,1,21.49,2024-07-16 08:00:00+00:00,2024-07-16 09:00:00+00:00,62737.03,4430.845,13554.6325,24665.66,62041.68,42651.1375,-0.2447723008972595,-0.9695805901076308,0.8660254037844387,-0.4999999999999998,0.7818314824680298,0.6234898018587336,0,weekday,31.495
2024-07-17,2024,7,17,199,8,2,58.19,2024-07-17 08:00:00+00:00,2024-07-17 09:00:00+00:00,62694.8725,3577.5375,12289.24,27190.5425,61679.5,43057.32,-0.2614143985111562,-0.965226663665613,0.8660254037844387,-0.4999999999999998,0.9749279121818236,-0.2225209339563143,0,weekday,32.905
2024-07-18,2024,7,18,200,8,3,63.84,2024-07-18 08:00:00+00:00,2024-07-18 09:00:00+00:00,62217.3225,711.22,815.955,36128.5075,56526.86,37655.6825,-0.2779791393987801,-0.9605871111248128,0.8660254037844387,-0.4999999999999998,0.4338837391175582,-0.900968867902419,0,weekday,31.84
2024-07-19,2024,7,19,201,8,4,70.0,2024-07-19 08:00:00+00:00,2024-07-19 09:00:00+00:00,61595.1875,280.0225,465.6125,35439.5475,57148.5,36185.1825,-0.2944616217868012,-0.9556633054034704,0.8660254037844387,-0.4999999999999998,-0.433883739117558,-0.9009688679024191,0,weekday,32.53
2024-07-20,2024,7,20,202,8,5,5.15,2024-07-20 08:00:00+00:00,2024-07-20 09:00:00+00:00,50737.0025,1236.915,1555.57,35490.09,54452.92,38282.575,-0.3108569682435036,-0.9504567035349152,0.8660254037844387,-0.4999999999999998,-0.9749279121818236,-0.2225209339563146,0,weekend,32.17
2024-07-21,2024,7,21,203,8,6,0.07,2024-07-21 08:00:00+00:00,2024-07-21 09:00:00+00:00,45984.315,608.9975000000001,1893.7525,34002.2675,49878.94,36505.0175,-0.3271603271220951,-0.9449688462364056,0.8660254037844387,-0.4999999999999998,-0.7818314824680299,0.6234898018587334,0,weekend,31.985
2024-07-22,2024,7,22,204,8,0,75.14,2024-07-22 08:00:00+00:00,2024-07-22 09:00:00+00:00,61183.95,1014.505,10523.4425,21126.5025,54677.27,32664.45,-0.343366873996388,-0.939201357453208,0.8660254037844387,-0.4999999999999998,0.0,1.0,0,weekday,31.8
2024-07-23,2024,7,23,205,8,1,68.87,2024-07-23 08:00:00+00:00,2024-07-23 09:00:00+00:00,62146.125,1406.3249999999998,7923.195,26979.2975,56930.21,36308.817500000005,-0.3594718130884232,-0.9331559438780432,0.8660254037844387,-0.4999999999999998,0.7818314824680298,0.6234898018587336,0,weekday,31.62
2024-07-24,2024,7,24,206,8,2,54.9,2024-07-24 08:00:00+00:00,2024-07-24 09:00:00+00:00,61581.3925,2052.19,9597.8825,27019.69,56549.85,38669.7625,-0.3754703786876202,-0.9268343944460494,0.8660254037844387,-0.4999999999999998,0.9749279121818236,-0.2225209339563143,0,weekday,31.525
2024-07-25,2024,7,25,207,8,3,55.08,2024-07-25 08:00:00+00:00,2024-07-25 09:00:00+00:00,61544.925,2369.56,1071.37,35995.145000000004,56527.27,39436.075,-0.3913578365610259,-0.9202385798054076,0.8660254037844387,-0.4999999999999998,0.4338837391175582,-0.900968867902419,0,weekday,32.38
2024-07-26,2024,7,26,208,8,4,90.53,2024-07-26 08:00:00+00:00,2024-07-26 09:00:00+00:00,60832.9475,1078.6875,4925.225,20375.9525,48276.86,26379.865,-0.4071294853542516,-0.9133704517637858,0.8660254037844387,-0.4999999999999998,-0.433883739117558,-0.9009688679024191,0,weekday,32.135
2024-07-27,2024,7,27,209,8,5,60.78,2024-07-27 08:00:00+00:00,2024-07-27 09:00:00+00:00,50132.815,101.305,900.415,24263.6525,42651.44,25265.3725,-0.4227806579826773,-0.9062320427107696,0.8660254037844387,-0.4999999999999998,-0.9749279121818236,-0.2225209339563146,0,weekend,32.475
2024-07-28,2024,7,28,210,8,6,0.0,2024-07-28 08:00:00+00:00,2024-07-28 09:00:00+00:00,46240.9425,1319.565,8166.047500000001,26123.1675,50926.8,35608.78,-0.4383067230125192,-0.898825465016444,0.8660254037844387,-0.4999999999999998,-0.7818314824680299,0.6234898018587334,0,weekend,32.975
2024-07-29,2024,7,29,211,8,0,10.58,2024-07-29 08:00:00+00:00,2024-07-29 09:00:00+00:00,60970.53,935.345,2204.5575,38965.035,59513.39,42104.9375,-0.4537030860313442,-0.8911529104063088,0.8660254037844387,-0.4999999999999998,0.0,1.0,0,weekday,33.475
2024-07-30,2024,7,30,212,8,1,37.52,2024-07-30 08:00:00+00:00,2024-07-30 09:00:00+00:00,61745.9175,59.4225,594.8075,38236.1675,58288.43,38890.39750000001,-0.4689651910076318,-0.8832166493127127,0.8660254037844387,-0.4999999999999998,0.7818314824680298,0.6234898018587336,0,weekday,33.74
2024-07-31,2024,7,31,213,8,2,55.89,2024-07-31 08:00:00+00:00,2024-07-31 09:00:00+00:00,61349.38,450.035,509.1325,36563.4475,56716.9,37522.615000000005,-0.4840885216389758,-0.8750190302029955,0.8660254037844387,-0.4999999999999998,0.9749279121818236,-0.2225209339563143,0,weekday,35.735
2024-08-01,2024,8,1,214,8,3,76.95,2024-08-01 08:00:00+00:00,2024-08-01 09:00:00+00:00,60927.495,184.9375,696.1925,30099.56,54391.78,30980.69,-0.4990686026885319,-0.8665624788845385,0.8660254037844387,-0.4999999999999998,0.4338837391175582,-0.900968867902419,0,weekday,36.14
2024-08-02,2024,8,2,215,8,4,91.68,2024-08-02 08:00:00+00:00,2024-08-02 09:00:00+00:00,60377.18,115.5525,3157.9425,20243.985,49855.12,23517.48,-0.5139010013093103,-0.8578494977869301,0.8660254037844387,-0.4999999999999998,-0.433883739117558,-0.9009688679024191,0,weekday,36.67
2024-08-03,2024,8,3,216,8,5,32.44,2024-08-03 08:00:00+00:00,2024-08-03 09:00:00+00:00,49622.9975,827.91,972.725,27002.7225,45787.74,28803.3575,-0.5285813283559292,-0.8488826652214553,0.8660254037844387,-0.4999999999999998,-0.9749279121818236,-0.2225209339563146,0,weekend,36.65
2024-08-04,2024,8,4,217,8,6,8.05,2024-08-04 08:00:00+00:00,2024-08-04 09:00:00+00:00,45749.51,2268.2225,10013.4025,21473.1325,51606.49,33754.7575,-0.5431052396834317,-0.8396646346181327,0.8660254037844387,-0.4999999999999998,-0.7818314824680299,0.6234898018587334,0,weekend,36.71
2024-08-05,2024,8,5,218,8,0,74.5,2024-08-05 08:00:00+00:00,2024-08-05 09:00:00+00:00,60214.5425,695.755,1345.505,26777.2675,52506.7,28818.527500000004,-0.5574684374327892,-0.8301981337405212,0.8660254037844387,-0.4999999999999998,0.0,1.0,0,weekday,36.77
2024-08-06,2024,8,6,219,8,1,36.04,2024-08-06 08:00:00+00:00,2024-08-06 09:00:00+00:00,60559.9725,486.2,926.2225,38026.06,58961.69,39438.4825,-0.5716666713027052,-0.8204859638785327,0.8660254037844387,-0.4999999999999998,0.7818314824680298,0.6234898018587336,0,weekday,36.25
2024-08-07,2024,8,7,220,8,2,73.56,2024-08-07 08:00:00+00:00,2024-08-07 09:00:00+00:00,60740.735,404.365,1794.8325,29416.84,52096.42,31616.0375,-0.5856957398073508,-0.8105309990194823,0.8660254037844387,-0.4999999999999998,0.9749279121818236,-0.2225209339563143,0,weekday,36.755
2024-08-08,2024,8,8,221,8,3,86.1,2024-08-08 08:00:00+00:00,2024-08-08 09:00:00+00:00,61114.8475,1207.015,3903.08,20952.9,49305.3,26062.995000000003,-0.5995514915196489,-0.8003361849976323,0.8660254037844387,-0.4999999999999998,0.4338837391175582,-0.900968867902419,0,weekday,38.62
2024-08-09,2024,8,9,222,8,4,8.98,2024-08-09 08:00:00+00:00,2024-08-09 09:00:00+00:00,60932.955,3949.165,18276.8925,24846.615,67018.76,47072.6725,-0.6132298262997502,-0.7899045386224707,0.8660254037844387,-0.4999999999999998,-0.433883739117558,-0.9009688679024191,0,weekday,40.035
2024-08-10,2024,8,10,223,8,5,-3.0,2024-08-10 08:00:00+00:00,2024-08-10 09:00:00+00:00,48993.1,3162.7975,7696.047500000001,34022.6325,59962.98,44881.4775,-0.6267266965083301,-0.7792391467859886,0.8660254037844387,-0.4999999999999998,-0.9749279121818236,-0.2225209339563146,0,weekend,40.395
2024-08-11,2024,8,11,224,8,6,-5.01,2024-08-11 08:00:00+00:00,2024-08-11 09:00:00+00:00,45449.6725,1815.33,3334.2200000000003,35295.8925,52450.28,40445.442500000005,-0.6400381082043503,-0.7683431655492202,0.8660254037844387,-0.4999999999999998,-0.7818314824680299,0.6234898018587334,0,weekend,40.010000000000005
2024-08-12,2024,8,12,225,8,0,40.12,2024-08-12 08:00:00+00:00,2024-08-12 09:00:00+00:00,61176.7925,1225.8575,1826.0675,36503.6175,56554.68,39555.5425,-0.65316012232693,-0.7572198192083127,0.8660254037844387,-0.4999999999999998,0.0,1.0,0,weekday,39.625
2024-08-13,2024,8,13,226,8,1,66.67,2024-08-13 08:00:00+00:00,2024-08-13 09:00:00+00:00,61774.68,2005.63,4131.3725,35561.4025,60418.05,41698.405,-0.666088855860977,-0.7458723993404063,0.8660254037844387,-0.4999999999999998,0.7818314824680298,0.6234898018587336,0,weekday,39.395
2024-08-14,2024,8,14,227,8,2,83.08,2024-08-14 08:00:00+00:00,2024-08-14 09:00:00+00:00,62435.9375,869.1125,2661.51,30472.4175,54856.6,34003.04,-0.6788204829862355,-0.734304263829602,0.8660254037844387,-0.4999999999999998,0.9749279121818236,-0.2225209339563143,0,weekday,39.57
2024-08-15,2024,8,15,228,8,3,59.1,2024-08-15 08:00:00+00:00,2024-08-15 09:00:00+00:00,57003.425,607.4100000000001,2127.295,28935.53,50796.03,31670.235,-0.6913512362094071,-0.722518835873311,0.8660254037844387,-0.4999999999999998,0.4338837391175582,-0.900968867902419,0,weekday,39.095
2024-08-16,2024,8,16,229,8,4,76.15,2024-08-16 08:00:00+00:00,2024-08-16 09:00:00+00:00,59446.255000000005,762.4675,8260.5775,29838.6675,58145.12,38861.7125,-0.7036774074790128,-0.7105196029692745,0.8660254037844387,-0.4999999999999998,-0.433883739117558,-0.9009688679024191,0,weekday,39.69
2024-08-17,2024,8,17,230,8,5,69.49,2024-08-17 08:00:00+00:00,2024-08-17 09:00:00+00:00,51027.655,364.5875,803.915,22228.8225,41929.18,23397.325,-0.7157953492826642,-0.6983101158835584,0.8660254037844387,-0.4999999999999998,-0.9749279121818236,-0.2225209339563146,0,weekend,39.645
2024-08-18,2024,8,18,231,8,6,72.12,2024-08-18 08:00:00+00:00,2024-08-18 09:00:00+00:00,45929.66,195.97,1820.3175,11147.96,33398.05,13164.2475,-0.7277014757264236,-0.6858939875998223,0.8660254037844387,-0.4999999999999998,-0.7818314824680299,0.6234898018587334,0,weekend,39.455
2024-08-19,2024,8,19,232,8,0,96.9,2024-08-19 08:00:00+00:00,2024-08-19 09:00:00+00:00,59528.825,229.705,1363.5175,23544.83,52016.76,25138.0525,-0.7393922635959241,-0.673274892250183,0.8660254037844387,-0.4999999999999998,0.0,1.0,0,weekday,39.265
2024-08-20,2024,8,20,233,8,1,75.01,2024-08-20 08:00:00+00:00,2024-08-20 09:00:00+00:00,60231.9,2081.02,3214.06,29673.655,55155.38,34968.735,-0.7508642533989489,-0.6604565640279754,0.8660254037844387,-0.4999999999999998,0.7818314824680298,0.6234898018587336,0,weekday,39.295
2024-08-21,2024,8,21,234,8,2,0.16,2024-08-21 08:00:00+00:00,2024-08-21 09:00:00+00:00,60630.4525,4755.36,21544.8625,27239.335,72606.15,53539.5575,-0.7621140503891487,-0.6474427960827475,0.8660254037844387,-0.4999999999999998,0.9749279121818236,-0.2225209339563143,0,weekday,37.91
2024-08-22,2024,8,22,235,8,3,14.8,2024-08-22 08:00:00+00:00,2024-08-22 09:00:00+00:00,59380.58,5070.7125,10516.15,30068.8125,65547.2,45655.675,-0.7731383255706026,-0.6342374393978054,0.8660254037844387,-0.4999999999999998,0.4338837391175582,-0.900968867902419,0,weekday,37.225
2024-08-23,2024,8,23,236,8,4,-0.01,2024-08-23 08:00:00+00:00,2024-08-23 09:00:00+00:00,61106.2625,4129.655,23219.7925,31151.665,72877.47,58501.1125,-0.7839338166829201,-0.620844401650647,0.8660254037844387,-0.4999999999999998,-0.433883739117558,-0.9009688679024191,0,weekday,36.975
2024-08-24,2024,8,24,237,8,5,-0.03,2024-08-24 08:00:00+00:00,2024-08-24 09:00:00+00:00,49652.0425,2209.7725,8946.615,33449.815,60591.25,44606.2025,-0.7944973291665992,-0.6072676460566135,0.8660254037844387,-0.4999999999999998,-0.9749279121818236,-0.2225209339563146,0,weekend,36.865
2024-08-25,2024,8,25,238,8,6,-6.07,2024-08-25 08:00:00+00:00,2024-08-25 09:00:00+00:00,46409.3825,4037.87,19387.54,19802.0975,56271.5,43227.5075,-0.8048257371083452,-0.593511190196115,0.8660254037844387,-0.4999999999999998,-0.7818314824680299,0.6234898018587334,0,weekend,36.82
2024-08-26,2024,8,26,239,8,0,77.0,2024-08-26 08:00:00+00:00,2024-08-26 09:00:00+00:00,60468.3875,3964.480000000001,5825.775,27701.7825,57979.17,37492.037500000006,-0.8149159841660791,-0.5795791048257612,0.8660254037844387,-0.4999999999999998,0.0,1.0,0,weekday,36.775
2024-08-27,2024,8,27,240,8,1,73.72,2024-08-27 08:00:00+00:00,2024-08-27 09:00:00+00:00,61510.985,2260.8325,2115.0550000000003,33777.5375,57612.41,38153.425,-0.8247650844733614,-0.5654755126737576,0.8660254037844387,-0.4999999999999998,0.7818314824680298,0.6234898018587336,0,weekday,37.475
2024-08-28,2024,8,28,241,8,2,87.56,2024-08-28 08:00:00+00:00,2024-08-28 09:00:00+00:00,61984.4225,1442.79,2994.1975,35065.7525,61247.22,39502.740000000005,-0.8343701235229538,-0.5512045872199277,0.8660254037844387,-0.4999999999999998,0.9749279121818236,-0.2225209339563143,0,weekday,39.3
2024-08-29,2024,8,29,242,8,3,92.19,2024-08-29 08:00:00+00:00,2024-08-29 09:00:00+00:00,60427.0325,1009.9475,1477.335,34287.0725,60882.13,36774.355,-0.8437282590292712,-0.5367705514607103,0.8660254037844387,-0.4999999999999998,0.4338837391175582,-0.900968867902419,0,weekday,38.55
2024-08-30,2024,8,30,243,8,4,98.24,2024-08-30 08:00:00+00:00,2024-08-30 09:00:00+00:00,61016.0975,613.9375,1844.1075,27029.085,56642.33,29487.13,-0.8528367217694595,-0.522177676659508,0.8660254037844387,-0.4999999999999998,-0.433883739117558,-0.9009688679024191,0,weekday,38.985
2024-08-31,2024,8,31,244,8,5,60.13,2024-08-31 08:00:00+00:00,2024-08-31 09:00:00+00:00,49722.9125,566.625,5126.07,28627.932500000003,50770.05,34320.6275,-0.8616928164028522,-0.5074302810827518,0.8660254037844387,-0.4999999999999998,-0.9749279121818236,-0.2225209339563146,0,weekend,39.825
2024-09-01,2024,9,1,245,8,6,12.73,2024-09-01 08:00:00+00:00,2024-09-01 09:00:00+00:00,46925.115,2973.4175,5802.7875,32862.625,56158.22,41638.83,-0.8702939222685674,-0.4925327287220543,0.8660254037844387,-0.4999999999999998,-0.7818314824680299,0.6234898018587334,0,weekend,39.83166666666667
2024-09-02,2024,9,2,246,8,0,102.83,2024-09-02 08:00:00+00:00,2024-09-02 09:00:00+00:00,61278.66,2835.1,2867.84,29422.5825,62690.83,35125.5225,-0.8786374941610001,-0.4774894280028391,0.8660254037844387,-0.4999999999999998,0.0,1.0,0,weekday,39.83833333333333
2024-09-03,2024,9,3,247,8,1,98.88,2024-09-03 08:00:00+00:00,2024-09-03 09:00:00+00:00,61704.89,1041.5975,1305.3175,29155.1075,59326.97,31502.0225,-0.886721063082993,-0.4623048304798108,0.8660254037844387,-0.4999999999999998,0.7818314824680298,0.6234898018587336,0,weekday,39.845
2024-09-04,2024,9,4,248,8,2,107.21,2024-09-04 08:00:00+00:00,2024-09-04 09:00:00+00:00,61938.7975,768.1075,1038.9175,21339.3475,54218.59,23146.3725,-0.8945422369764496,-0.4469834295196741,0.8660254037844387,-0.4999999999999998,0.9749279121818236,-0.2225209339563143,0,weekday,36.815
2024-09-05,2024,9,5,249,8,3,71.04,2024-09-05 08:00:00+00:00,2024-09-05 09:00:00+00:00,62151.35,4585.8875,14843.36,29334.1225,65302.29,48763.37,-0.9020987014301836,-0.4315297589714714,0.8660254037844387,-0.4999999999999998,0.4338837391175582,-0.900968867902419,0,weekday,35.705
2024-09-06,2024,9,6,250,8,4,80.0,2024-09-06 08:00:00+00:00,2024-09-06 09:00:00+00:00,61857.4975,4978.74,12507.475,23652.845,61477.22,41139.06,-0.9093882203647924,-0.4159483918249421,0.8660254037844387,-0.4999999999999998,-0.433883739117558,-0.9009688679024191,0,weekday,37.05
2024-09-07,2024,9,7,251,8,5,51.52,2024-09-07 08:00:00+00:00,2024-09-07 09:00:00+00:00,50558.0025,1739.3775,1052.875,31698.8775,50534.63,34491.13,-0.9164086366943458,-0.4002439388573056,0.8660254037844387,-0.4999999999999998,-0.9749279121818236,-0.2225209339563146,0,weekend,36.48
2024-09-08,2024,9,8,252,8,6,8.29,2024-09-08 08:00:00+00:00,2024-09-08 09:00:00+00:00,46766.6525,1756.38,3405.2225,25472.925,44699.73,30634.5275,-0.923157872964704,-0.3844210472688554,0.8660254037844387,-0.4999999999999998,-0.7818314824680299,0.6234898018587334,0,weekend,36.69
2024-09-09,2024,9,9,253,8,0,110.87,2024-09-09 08:00:00+00:00,2024-09-09 09:00:00+00:00,63804.715,787.8875,9893.9575,12503.4025,55549.01,23185.2475,-0.9296339319682696,-0.3684843993077793,0.8660254037844387,-0.4999999999999998,0.0,1.0,0,weekday,36.9
2024-09-10,2024,9,10,254,8,1,59.92,2024-09-10 08:00:00+00:00,2024-09-10 09:00:00+00:00,64628.5925,5044.21,15874.9275,19054.1725,60906.99,39973.31,-0.935834897334994,-0.3524387108846032,0.8660254037844387,-0.4999999999999998,0.7818314824680298,0.6234898018587336,0,weekday,37.395
2024-09-11,2024,9,11,255,8,2,76.81,2024-09-11 08:00:00+00:00,2024-09-11 09:00:00+00:00,64744.14,3298.225,18321.115,12381.81,55385.24,34001.15,-0.9417589340994617,-0.3362887301766828,0.8660254037844387,-0.4999999999999998,0.9749279121818236,-0.2225209339563143,0,weekday,35.45
2024-09-12,2024,9,12,256,8,3,85.0,2024-09-12 08:00:00+00:00,2024-09-12 09:00:00+00:00,62695.2425,785.81,4943.0875,20895.3825,57249.71,26624.28,-0.9474042892438844,-0.3200392362231385,0.8660254037844387,-0.4999999999999998,0.4338837391175582,-0.900968867902419,0,weekday,35.83
2024-09-13,2024,9,13,257,8,4,102.54,2024-09-13 08:00:00+00:00,2024-09-13 09:00:00+00:00,64227.08,2560.8025,4861.505,15482.8325,52210.34,22905.14,-0.9527692922168512,-0.3036950375106588,0.8660254037844387,-0.4999999999999998,-0.433883739117558,-0.9009688679024191,0,weekday,35.405
2024-09-14,2024,9,14,258,8,5,41.02,2024-09-14 08:00:00+00:00,2024-09-14 09:00:00+00:00,52833.495,1762.8875,15127.645,17827.7525,48502.33,34718.285,-0.9578523554276668,-0.2872609705505963,0.8660254037844387,-0.4999999999999998,-0.9749279121818236,-0.2225209339563146,0,weekend,35.648
2024-09-15,2024,9,15,259,8,6,10.92,2024-09-15 08:00:00+00:00,2024-09-15 09:00:00+00:00,47798.425,919.76,8737.5425,23555.1475,47059.97,33212.45,-0.9626519747161488,-0.2707418984477642,0.8660254037844387,-0.4999999999999998,-0.7818314824680299,0.6234898018587334,0,weekend,35.379000000000005
2024-09-16,2024,9,16,260,8,0,112.63,2024-09-16 08:00:00+00:00,2024-09-16 09:00:00+00:00,63450.645,2350.57,10015.79,8949.765,51489.04,21316.125,-0.9671667297977312,-0.2541427094613622,0.8660254037844387,-0.4999999999999998,0.0,1.0,0,weekday,35.11
2024-09-17,2024,9,17,261,8,1,96.52,2024-09-17 08:00:00+00:00,2024-09-17 09:00:00+00:00,63514.4875,2208.2925,10007.0075,16411.2425,56668.82,28626.5425,-0.97139528468375,-0.2374683155584684,0.8660254037844387,-0.4999999999999998,0.7818314824680298,0.6234898018587336,0,weekday,34.15
2024-09-18,2024,9,18,262,8,2,79.0,2024-09-18 08:00:00+00:00,2024-09-18 09:00:00+00:00,62840.2575,1355.31,7973.91,26554.8825,58804.31,35884.1025,-0.9753363880767836,-0.2207236509605022,0.8660254037844387,-0.4999999999999998,0.9749279121818236,-0.2225209339563143,0,weekday,35.185
2024-09-19,2024,9,19,263,8,3,74.81,2024-09-19 08:00:00+00:00,2024-09-19 09:00:00+00:00,61529.3675,1864.935,9079.6425,27040.425,59593.07,37985.0025,-0.978988873740932,-0.2039136706831147,0.8660254037844387,-0.4999999999999998,0.4338837391175582,-0.900968867902419,0,weekday,35.98
2024-09-20,2024,9,20,264,8,4,62.05,2024-09-20 08:00:00+00:00,2024-09-20 09:00:00+00:00,61750.7025,2372.24,8810.470000000001,30538.755,60252.96,41721.465,-0.9823516608469236,-0.1870433490699165,0.8660254037844387,-0.4999999999999998,-0.433883739117558,-0.9009688679024191,0,weekday,34.485
2024-09-21,2024,9,21,265,8,5,22.0,2024-09-21 08:00:00+00:00,2024-09-21 09:00:00+00:00,50617.942500000005,1572.2475,3256.58,30153.005,52038.87,34981.832500000004,-0.9854237542919524,-0.1701176783204905,0.8660254037844387,-0.4999999999999998,-0.9749279121818236,-0.2225209339563146,0,weekend,34.444
2024-09-22,2024,9,22,266,8,6,26.17,2024-09-22 08:00:00+00:00,2024-09-22 09:00:00+00:00,46849.11,571.845,1260.935,28704.8925,47170.87,30537.6725,-0.9882042449941422,-0.15314166701312,0.8660254037844387,-0.4999999999999998,-0.7818314824680299,0.6234898018587334,0,weekend,34.672
2024-09-23,2024,9,23,267,8,0,94.66,2024-09-23 08:00:00+00:00,2024-09-23 09:00:00+00:00,61969.605,224.895,2109.8175,19192.3275,52648.29,21527.04,-0.9906923101615608,-0.136120338622667,0.8660254037844387,-0.4999999999999998,0.0,1.0,0,weekday,34.9
2024-09-24,2024,9,24,268,8,1,92.61,2024-09-24 08:00:00+00:00,2024-09-24 09:00:00+00:00,63204.9175,1586.2475,7004.4675,13845.9,53491.72,22436.615,-0.9928872135356962,-0.1190587300340498,0.8660254037844387,-0.4999999999999998,0.7818314824680298,0.6234898018587336,0,weekday,35.413
2024-09-25,2024,9,25,269,8,2,49.46,2024-09-25 08:00:00+00:00,2024-09-25 09:00:00+00:00,63415.6125,4774.005,19289.97,18311.620000000003,63710.61,42375.595,-0.994788305609327,-0.1019618900517457,0.8660254037844387,-0.4999999999999998,0.9749279121818236,-0.2225209339563143,0,weekday,36.365
2024-09-26,2024,9,26,270,8,3,49.23,2024-09-26 08:00:00+00:00,2024-09-26 09:00:00+00:00,63147.105,3484.5375,32521.015,6048.5375,60514.61,42054.09,-0.9963950238187232,-0.0848348779057653,0.8660254037844387,-0.4999999999999998,0.4338837391175582,-0.900968867902419,0,weekday,37.03
2024-09-27,2024,9,27,271,8,4,-0.09,2024-09-27 08:00:00+00:00,2024-09-27 09:00:00+00:00,62807.215,3451.2775,39685.3,20955.7925,76755.24,64092.37,-0.9977068927101168,-0.0676827617545516,0.8660254037844387,-0.4999999999999998,-0.433883739117558,-0.9009688679024191,0,weekday,37.28
2024-09-28,2024,9,28,272,8,5,9.75,2024-09-28 08:00:00+00:00,2024-09-28 09:00:00+00:00,52181.885,5829.93,16509.364999999998,16257.9025,55496.94,38597.1975,-0.9987235240803972,-0.0505106171852228,0.8660254037844387,-0.4999999999999998,-0.9749279121818236,-0.2225209339563146,0,weekend,38.114
2024-09-29,2024,9,29,273,8,6,1.33,2024-09-29 08:00:00+00:00,2024-09-29 09:00:00+00:00,47215.95,1331.3075,2089.3025,26717.7725,45408.28,30138.3825,-0.9994446170919858,-0.0333235257116313,0.8660254037844387,-0.4999999999999998,-0.7818314824680299,0.6234898018587334,0,weekend,38.659499999999994
2024-09-30,2024,9,30,274,8,0,44.41,2024-09-30 08:00:00+00:00,2024-09-30 09:00:00+00:00,64307.335,5519.3375,19892.685,13964.8925,59990.13,39376.915,-0.9998699583618592,-0.0161265732706577,0.8660254037844387,-0.4999999999999998,0.0,1.0,0,weekday,39.205
2024-10-01,2024,10,1,275,8,1,76.48,2024-10-01 08:00:00+00:00,2024-10-01 09:00:00+00:00,66071.9675,4576.9575,18492.36,12886.185,58226.39,35955.5025,-0.9999994220246924,0.0010751512827982,0.8660254037844387,-0.4999999999999998,0.7818314824680298,0.6234898018587336,0,weekday,38.395
2024-10-02,2024,10,2,276,8,2,103.21,2024-10-02 08:00:00+00:00,2024-10-02 09:00:00+00:00,65875.1575,5957.7275,8708.805,8525.404999999999,55025.94,23191.9375,-0.999832969770105,0.0182765576816912,0.8660254037844387,-0.4999999999999998,0.9749279121818236,-0.2225209339563143,0,weekday,39.9
2024-10-03,2024,10,3,277,8,3,69.28,2024-10-03 08:00:00+00:00,2024-10-03 09:00:00+00:00,48724.2875,3539.1325,9588.0675,12528.0725,47183.54,25655.2725,-0.9993706508539968,0.0354725557531255,0.8660254037844387,-0.4999999999999998,0.4338837391175582,-0.900968867902419,1,holiday,38.395
2024-10-04,2024,10,4,278,8,4,100.09,2024-10-04 08:00:00+00:00,2024-10-04 09:00:00+00:00,59971.2025,430.94,6323.0925,11829.965,48732.13,18583.9975,-0.9986126020839734,0.052658056924614,0.8660254037844387,-0.4999999999999998,-0.433883739117558,-0.9009688679024191,0,weekday,39.625
2024-10-05,2024,10,5,279,8,5,82.42,2024-10-05 08:00:00+00:00,2024-10-05 09:00:00+00:00,53880.4875,235.0725,1114.0025,14337.8375,40605.79,15686.9125,-0.9975590477788612,0.0698279757298708,0.8660254037844387,-0.4999999999999998,-0.9749279121818236,-0.2225209339563146,0,weekend,40.98
2024-10-06,2024,10,6,280,8,6,35.28,2024-10-06 08:00:00+00:00,2024-10-06 09:00:00+00:00,48199.3775,2994.02,4690.465,20543.2975,45555.61,28227.7825,-0.9962102997023295,0.0869772313136861,0.8660254037844387,-0.4999999999999998,-0.7818314824680299,0.6234898018587334,0,weekend,40.5925
2024-10-07,2024,10,7,281,8,0,66.09,2024-10-07 08:00:00+00:00,2024-10-07 09:00:00+00:00,62317.855,5578.8675,11365.2425,14425.6075,56343.03,31369.7175,-0.9945667569706336,0.1041007489354256,0.8660254037844387,-0.4999999999999998,0.0,1.0,0,weekday,40.205
2024-10-08,2024,10,8,282,8,1,80.33,2024-10-08 08:00:00+00:00,2024-10-08 09:00:00+00:00,62885.4075,4113.1425,12647.7325,13390.4625,54843.05,30151.3375,-0.9926289059345096,0.121193461470736,0.8660254037844387,-0.4999999999999998,0.7818314824680298,0.6234898018587336,0,weekday,40.18
2024-10-09,2024,10,9,283,8,2,72.09,2024-10-09 08:00:00+00:00,2024-10-09 09:00:00+00:00,62431.8275,4340.2325,14855.95,16785.4025,60032.87,35981.58500000001,-0.9903973200352558,0.1382503109109819,0.8660254037844387,-0.4999999999999998,0.9749279121818236,-0.2225209339563143,0,weekday,38.405
2024-10-10,2024,10,10,284,8,3,52.01,2024-10-10 08:00:00+00:00,2024-10-10 09:00:00+00:00,64988.9375,5621.115,31111.48,7278.8,67324.35,44011.395,-0.9878726596350428,0.1552662498599956,0.8660254037844387,-0.4999999999999998,0.4338837391175582,-0.900968867902419,0,weekday,38.405
2024-10-11,2024,10,11,285,8,4,90.0,2024-10-11 08:00:00+00:00,2024-10-11 09:00:00+00:00,64582.685,5122.9525,7284.015,17052.802499999998,52492.5,29459.77,-0.9850556718215012,0.172236243027682,0.8660254037844387,-0.4999999999999998,-0.433883739117558,-0.9009688679024191,0,weekday,39.865
2024-10-12,2024,10,12,286,8,5,35.3,2024-10-12 08:00:00+00:00,2024-10-12 09:00:00+00:00,53113.7275,4442.41,9419.93,23127.435,51694.5,36989.775,-0.981947190186646,0.1891552687200409,0.8660254037844387,-0.4999999999999998,-0.9749279121818236,-0.2225209339563146,0,weekend,39.879
2024-10-13,2024,10,13,287,8,6,-0.64,2024-10-13 08:00:00+00:00,2024-10-13 09:00:00+00:00,49309.925,4675.3475,38456.265,13737.905,67465.01,56869.5175,-0.9785481345802032,0.2060183203251708,0.8660254037844387,-0.4999999999999998,-0.7818314824680299,0.6234898018587334,0,weekend,39.5995
2024-10-14,2024,10,14,288,8,0,100.95,2024-10-14 08:00:00+00:00,2024-10-14 09:00:00+00:00,64630.62,1507.6525,6414.3275,12813.495,51765.96,20735.475,-0.9748595108374124,0.2228204077947995,0.8660254037844387,-0.4999999999999998,0.0,1.0,0,weekday,39.32
2024-10-15,2024,10,15,289,8,1,92.75,2024-10-15 08:00:00+00:00,2024-10-15 09:00:00+00:00,64858.445,698.015,3871.7075,16637.545,52682.12,21207.2675,-0.9708824104813836,0.239556559120927,0.8660254037844387,-0.4999999999999998,0.7818314824680298,0.6234898018587336,0,weekday,39.85
2024-10-16,2024,10,16,290,8,2,26.68,2024-10-16 08:00:00+00:00,2024-10-16 09:00:00+00:00,65414.05,5557.145,24322.72,20927.9425,67913.3,50807.8075,-0.9666180104000972,0.2562218218071163,0.8660254037844387,-0.4999999999999998,0.9749279121818236,-0.2225209339563143,0,weekday,40.205
2024-10-17,2024,10,17,291,8,3,62.22,2024-10-17 08:00:00+00:00,2024-10-17 09:00:00+00:00,65469.03,5367.3775000000005,15897.04,17574.3275,58188.59,38838.745,-0.9620675724981452,0.2728112643340191,0.8660254037844387,-0.4999999999999998,0.4338837391175582,-0.900968867902419,0,weekday,39.45
2024-10-18,2024,10,18,292,8,4,95.76,2024-10-18 08:00:00+00:00,2024-10-18 09:00:00+00:00,63313.0675,407.1725,3578.155,14932.6325,50571.7,18917.96,-0.957232443323312,0.2893199776186952,0.8660254037844387,-0.4999999999999998,-0.433883739117558,-0.9009688679024191,0,weekday,39.74
2024-10-19,2024,10,19,293,8,5,78.8,2024-10-19 08:00:00+00:00,2024-10-19 09:00:00+00:00,53200.1375,1155.5825,6860.4325,11998.315,39612.98,20014.33,-0.9521140536681102,0.3057430764672831,0.8660254037844387,-0.4999999999999998,-0.9749279121818236,-0.2225209339563146,0,weekend,39.204
2024-10-20,2024,10,20,294,8,6,6.37,2024-10-20 08:00:00+00:00,2024-10-20 09:00:00+00:00,49009.305,3798.3625,7159.6975,15148.3125,42582.31,26106.3725,-0.9467139181463862,0.3220757010206104,0.8660254037844387,-0.4999999999999998,-0.7818314824680299,0.6234898018587334,0,weekend,39.507000000000005
2024-10-21,2024,10,21,295,8,0,89.04,2024-10-21 08:00:00+00:00,2024-10-21 09:00:00+00:00,63214.825,5640.17,12422.6225,11931.165,56058.65,29993.9575,-0.9410336347451196,0.3383130181923076,0.8660254037844387,-0.4999999999999998,0.0,1.0,0,weekday,39.81
2024-10-22,2024,10,22,296,8,1,99.22,2024-10-22 08:00:00+00:00,2024-10-22 09:00:00+00:00,64901.9075,3301.9525,8828.985,10152.98,55168.97,22283.9175,-0.9350748843515574,0.3544502230989869,0.8660254037844387,-0.4999999999999998,0.7818314824680298,0.6234898018587336,0,weekday,39.93
2024-10-23,2024,10,23,297,8,2,104.1,2024-10-23 08:00:00+00:00,2024-10-23 09:00:00+00:00,64972.6375,1696.1875,1859.19,12653.7125,51524.58,16209.09,-0.9288394302558068,0.3704825404820963,0.8660254037844387,-0.4999999999999998,0.9749279121818236,-0.2225209339563143,0,weekday,40.8
2024-10-24,2024,10,24,298,8,3,101.91,2024-10-24 08:00:00+00:00,2024-10-24 09:00:00+00:00,65535.2825,1451.4675,6626.46,14576.2325,54470.03,22654.16,-0.9223291176290545,0.3864052261209853,0.8660254037844387,-0.4999999999999998,0.4338837391175582,-0.900968867902419,0,weekday,41.85
2024-10-25,2024,10,25,299,8,4,108.15,2024-10-25 08:00:00+00:00,2024-10-25 09:00:00+00:00,64396.9325,992.3,6112.84,15015.6525,55063.13,22120.7925,-0.9155458729775467,0.4022135682368036,0.8660254037844387,-0.4999999999999998,-0.433883739117558,-0.9009688679024191,0,weekday,42.2
2024-10-26,2024,10,26,300,8,5,101.39,2024-10-26 08:00:00+00:00,2024-10-26 09:00:00+00:00,52778.6875,835.2225,3516.865,11412.9225,45271.12,15765.01,-0.9084917035725082,0.4179028888867866,0.8660254037844387,-0.4999999999999998,-0.9749279121818236,-0.2225209339563146,0,weekend,43.513
2024-10-27,2024,10,27,301,8,6,66.48,2024-10-27 08:00:00+00:00,2024-10-27 09:00:00+00:00,46302.0575,3489.7875,6092.4325,10637.7625,42123.93,20219.9825,-0.9011686968561567,0.4334685453485363,0.8660254037844387,-0.4999999999999998,-0.7818314824680299,0.6234898018587334,0,weekend,43.0065
2024-10-28,2024,10,28,302,8,0,116.18,2024-10-28 08:00:00+00:00,2024-10-28 09:00:00+00:00,63554.315,5306.0875,7704.8675,7673.860000000001,56252.13,20684.815,-0.8935790198239952,0.4489059314938798,0.8660254037844387,-0.4999999999999998,0.0,1.0,0,weekday,42.5
2024-10-29,2024,10,29,303,8,1,129.69,2024-10-29 08:00:00+00:00,2024-10-29 09:00:00+00:00,64494.6125,938.89,6101.3150000000005,6454.387500000001,53058.22,13494.592500000002,-0.8857249183835637,0.4642104791518923,0.8660254037844387,-0.4999999999999998,0.7818314824680298,0.6234898018587336,0,weekday,43.44
2024-10-30,2024,10,30,304,8,2,124.34,2024-10-30 08:00:00+00:00,2024-10-30 09:00:00+00:00,64778.2725,2475.2825,4081.5275,5701.0375,50976.62,12257.8475,-0.8776087166898392,0.4793776594606945,0.8660254037844387,-0.4999999999999998,0.9749279121818236,-0.2225209339563143,0,weekday,41.565
2024-10-31,2024,10,31,305,8,3,123.28,2024-10-31 08:00:00+00:00,2024-10-31 09:00:00+00:00,62864.245,4084.9975,5445.7625,6992.99,49915.19,16523.75,-0.8692328164574792,0.4944029842076181,0.8660254037844387,-0.4999999999999998,0.4338837391175582,-0.900968867902419,0,weekday,41.225
2024-11-01,2024,11,1,306,8,4,61.2,2024-11-01 08:00:00+00:00,2024-11-01 09:00:00+00:00,51204.4475,4824.5725,15219.6925,7379.905,51841.18,27424.17,-0.8605996962501181,0.5092820071573356,0.8660254037844387,-0.4999999999999998,-0.433883739117558,-0.9009688679024191,0,weekday,39.325
2024-11-02,2024,11,2,307,8,5,109.64,2024-11-02 08:00:00+00:00,2024-11-02 09:00:00+00:00,51416.0575,627.0725,2824.0275,7963.2525,37064.94,11414.3525,-0.8517119107469189,0.5240103253675756,0.8660254037844387,-0.4999999999999998,-0.9749279121818236,-0.2225209339563146,0,weekend,39.175
2024-11-03,2024,11,3,308,8,6,83.97,2024-11-03 08:00:00+00:00,2024-11-03 09:00:00+00:00,46939.85,2041.3425,3819.2875,12167.0625,38879.94,18027.6925,-0.8425720899866032,0.5385835804920232,0.8660254037844387,-0.4999999999999998,-0.7818314824680299,0.6234898018587334,0,weekend,39.334999999999994
2024-11-04,2024,11,4,309,8,0,120.63,2024-11-04 08:00:00+00:00,2024-11-04 09:00:00+00:00,64278.775,221.9375,2986.07,8600.415,51582.86,11808.4225,-0.8331829385891785,0.5529974600700271,0.8660254037844387,-0.4999999999999998,0.0,1.0,0,weekday,39.495
2024-11-05,2024,11,5,310,8,1,118.23,2024-11-05 08:00:00+00:00,2024-11-05 09:00:00+00:00,65406.5425,837.435,4042.63,10707.765,53649.9,15587.83,-0.8235472349556007,0.5672476988027229,0.8660254037844387,-0.4999999999999998,0.7818314824680298,0.6234898018587336,0,weekday,40.33
2024-11-06,2024,11,6,311,8,2,144.94,2024-11-06 08:00:00+00:00,2024-11-06 09:00:00+00:00,65546.795,46.5675,379.78,5912.355,47786.42,6338.702499999999,-0.8136678304455991,0.5813300798152042,0.8660254037844387,-0.4999999999999998,0.9749279121818236,-0.2225209339563143,0,weekday,40.1
2024-11-07,2024,11,7,312,8,3,152.92,2024-11-07 08:00:00+00:00,2024-11-07 09:00:00+00:00,63986.88,181.71,660.7875,3728.7125,47643.38,4571.21,-0.8035476485339116,0.5952404359043674,0.8660254037844387,-0.4999999999999998,0.4338837391175582,-0.900968867902419,0,weekday,40.505
2024-11-08,2024,11,8,313,8,4,126.52,2024-11-08 08:00:00+00:00,2024-11-08 09:00:00+00:00,64334.0425,2801.1625,6926.4875,3873.5425,53728.44,13601.1925,-0.7931896839451843,0.6089746507720486,0.8660254037844387,-0.4999999999999998,-0.433883739117558,-0.9009688679024191,0,weekday,42.325
2024-11-09,2024,11,9,314,8,5,114.6,2024-11-09 08:00:00+00:00,2024-11-09 09:00:00+00:00,51196.2625,1488.65,3629.0175,7408.0575,44744.81,12525.725,-0.7825970017677834,0.6225286602431057,0.8660254037844387,-0.4999999999999998,-0.9749279121818236,-0.2225209339563146,0,weekend,42.409
2024-11-10,2024,11,10,315,8,6,110.99,2024-11-10 08:00:00+00:00,2024-11-10 09:00:00+00:00,47880.71,574.3825,590.0,4803.8775000000005,34189.85,5968.26,-0.7717727365467836,0.6358984534680745,0.8660254037844387,-0.4999999999999998,-0.7818314824680299,0.6234898018587334,0,weekend,42.042
2024-11-11,2024,11,11,316,8,0,132.94,2024-11-11 08:00:00+00:00,2024-11-11 09:00:00+00:00,64991.82,4481.9625,6853.672500000001,2665.7425,57043.99,14001.3775,-0.7607200913564104,0.6490800741100398,0.8660254037844387,-0.4999999999999998,0.0,1.0,0,weekday,41.675
2024-11-12,2024,11,12,317,8,1,223.33,2024-11-12 08:00:00+00:00,2024-11-12 09:00:00+00:00,66556.10750000001,718.4875,3917.5275,4337.6225,54295.01,8973.6375,-0.7494423368521954,0.6620696215153815,0.8660254037844387,-0.4999999999999998,0.7818314824680298,0.6234898018587336,0,weekday,43.82
2024-11-13,2024,11,13,318,8,2,227.43,2024-11-13 08:00:00+00:00,2024-11-13 09:00:00+00:00,66024.88,2199.5075,2580.895,2377.6075,54288.64,7158.01,-0.7379428103031386,0.6748632518680403,0.8660254037844387,-0.4999999999999998,0.9749279121818236,-0.2225209339563143,0,weekday,43.625
2024-11-14,2024,11,14,319,8,3,123.92,2024-11-14 08:00:00+00:00,2024-11-14 09:00:00+00:00,66520.35,5128.3625,11448.6375,3096.2025,60370.3,19673.2025,-0.7262249146041543,0.6874571793269664,0.8660254037844387,-0.4999999999999998,0.4338837391175582,-0.900968867902419,0,weekday,45.505
2024-11-15,2024,11,15,320,8,4,150.86,2024-11-15 08:00:00+00:00,2024-11-15 09:00:00+00:00,66124.31,2463.53,7234.610000000001,4173.8225,55459.87,13871.9625,-0.7142921172691032,0.699847677146407,0.8660254037844387,-0.4999999999999998,-0.433883739117558,-0.9009688679024191,0,weekday,46.0
2024-11-16,2024,11,16,321,8,5,109.77,2024-11-16 08:00:00+00:00,2024-11-16 09:00:00+00:00,53755.1925,5333.45,16964.67,4887.110000000001,55128.75,27185.23,-0.7021479494046978,0.7120310787787131,0.8660254037844387,-0.4999999999999998,-0.9749279121818236,-0.2225209339563146,0,weekend,46.551
2024-11-17,2024,11,17,322,8,6,65.4,2024-11-17 08:00:00+00:00,2024-11-17 09:00:00+00:00,49742.895,6005.5175,26986.49,4333.29,55360.51,37325.2975,-0.6897960046655887,0.7240037789593305,0.8660254037844387,-0.4999999999999998,-0.7818314824680299,0.6234898018587334,0,weekend,46.0155
2024-11-18,2024,11,18,323,8,0,119.56,2024-11-18 08:00:00+00:00,2024-11-18 09:00:00+00:00,66120.53,5265.6075,28060.0775,4771.7175,68962.98,38097.4025,-0.6772399381909491,0.7357622347736527,0.8660254037844387,-0.4999999999999998,0.0,1.0,0,weekday,45.48
2024-11-19,2024,11,19,324,8,1,157.57,2024-11-19 08:00:00+00:00,2024-11-19 09:00:00+00:00,67604.5725,978.34,25419.705,1420.855,67295.02,27818.9,-0.6644834655228552,0.7473029667054296,0.8660254037844387,-0.4999999999999998,0.7818314824680298,0.6234898018587336,0,weekday,46.655
2024-11-20,2024,11,20,325,8,2,140.09,2024-11-20 08:00:00+00:00,2024-11-20 09:00:00+00:00,62429.41,2336.0,20531.63,5564.205,63913.28,28431.835,-0.6515303615068021,0.75862255966641,0.8660254037844387,-0.4999999999999998,0.9749279121818236,-0.2225209339563143,0,weekday,45.36
2024-11-21,2024,11,21,326,8,3,134.98,2024-11-21 08:00:00+00:00,2024-11-21 09:00:00+00:00,68232.66500000001,4248.8425,22082.9025,5495.195,71758.02,31826.94,-0.6383844591746642,0.7697176640069211,0.8660254037844387,-0.4999999999999998,0.4338837391175582,-0.900968867902419,0,weekday,47.12
2024-11-22,2024,11,22,327,8,4,141.58,2024-11-22 08:00:00+00:00,2024-11-22 09:00:00+00:00,67946.9525,3687.84,22488.315,5280.6075,67901.23,31456.7625,-0.6250496486104377,0.7805849965070866,0.8660254037844387,-0.4999999999999998,-0.433883739117558,-0.9009688679024191,0,weekday,49.05
2024-11-23,2024,11,23,328,8,5,85.62,2024-11-23 08:00:00+00:00,2024-11-23 09:00:00+00:00,55343.7375,3147.9925,22655.8725,5736.885,51729.89,31540.75,-0.6115298757991053,0.7912213413483807,0.8660254037844387,-0.4999999999999998,-0.9749279121818236,-0.2225209339563146,0,weekend,47.018
2024-11-24,2024,11,24,329,8,6,3.75,2024-11-24 08:00:00+00:00,2024-11-24 09:00:00+00:00,48748.32,5051.0425000000005,38884.6025,4210.075,63548.46,48145.72,-0.5978291414589552,0.801623551065242,0.8660254037844387,-0.4999999999999998,-0.7818314824680299,0.6234898018587334,0,weekend,47.341499999999996
2024-11-25,2024,11,25,330,8,0,66.57,2024-11-25 08:00:00+00:00,2024-11-25 09:00:00+00:00,65229.37,4376.6900000000005,38473.5275,8287.755000000001,73036.13,51137.9725,-0.5839514998576998,0.8117885474764613,0.8660254037844387,-0.4999999999999998,0.0,1.0,0,weekday,47.665
2024-11-26,2024,11,26,331,8,1,127.09,2024-11-26 08:00:00+00:00,2024-11-26 09:00:00+00:00,66761.3625,5063.265,19105.5575,5762.7725,66090.94,29931.595,-0.5699010576127624,0.8217133225960589,0.8660254037844387,-0.4999999999999998,0.7818314824680298,0.6234898018587336,0,weekday,47.38
2024-11-27,2024,11,27,332,8,2,164.45,2024-11-27 08:00:00+00:00,2024-11-27 09:00:00+00:00,67232.4475,1671.17,9884.915,4020.8925,57519.36,15576.9775,-0.5556819724760489,0.8313949395234058,0.8660254037844387,-0.4999999999999998,0.9749279121818236,-0.2225209339563143,0,weekday,46.535
2024-11-28,2024,11,28,333,8,3,107.41,2024-11-28 08:00:00+00:00,2024-11-28 09:00:00+00:00,68109.2875,3979.13,34192.1425,2380.5375,71010.66,40551.81,-0.5412984521036173,0.8408305333122887,0.8660254037844387,-0.4999999999999998,0.4338837391175582,-0.900968867902419,0,weekday,46.762
2024-11-29,2024,11,29,334,8,4,162.49,2024-11-29 08:00:00+00:00,2024-11-29 09:00:00+00:00,66851.11,1090.225,2424.79,4427.66,52201.1,7942.674999999999,-0.5267547528105542,0.8500173118187018,0.8660254037844387,-0.4999999999999998,-0.433883739117558,-0.9009688679024191,0,weekday,47.48
2024-11-30,2024,11,30,335,8,5,91.17,2024-11-30 08:00:00+00:00,2024-11-30 09:00:00+00:00,54620.71,5373.9075,14603.4375,9690.51,59229.12,29667.855000000003,-0.5120551783114646,0.8589525565270845,0.8660254037844387,-0.4999999999999998,-0.9749279121818236,-0.2225209339563146,0,weekend,47.811
2024-12-01,2024,12,1,336,8,6,94.6,2024-12-01 08:00:00+00:00,2024-12-01 09:00:00+00:00,50398.71,2701.8325,9245.8725,7244.7725,47863.49,19192.4775,-0.4972040784469378,0.8676336233547726,0.8660254037844387,-0.4999999999999998,-0.7818314824680299,0.6234898018587334,0,weekend,48.335499999999996
2024-12-02,2024,12,2,337,8,0,123.63,2024-12-02 08:00:00+00:00,2024-12-02 09:00:00+00:00,65926.19750000001,4460.655,19859.91,2811.5725,65510.73,27132.1375,-0.4822058478963526,0.8760579434344281,0.8660254037844387,-0.4999999999999998,0.0,1.0,0,weekday,48.86
2024-12-03,2024,12,3,338,8,1,150.09,2024-12-03 08:00:00+00:00,2024-12-03 09:00:00+00:00,67603.89499999999,5165.865,14517.54,2710.9225,64526.16,22394.3275,-0.4670649248774303,0.8842230238742036,0.8660254037844387,-0.4999999999999998,0.7818314824680298,0.6234898018587336,0,weekday,48.93
2024-12-04,2024,12,4,339,8,2,250.76,2024-12-04 08:00:00+00:00,2024-12-04 09:00:00+00:00,68788.8875,1498.08,6589.547500000001,2993.3475,56320.02,11080.975,-0.451785789832884,0.8921264484954345,0.8660254037844387,-0.4999999999999998,0.9749279121818236,-0.2225209339563143,0,weekday,48.1
2024-12-05,2024,12,5,340,8,3,131.78,2024-12-05 08:00:00+00:00,2024-12-05 09:00:00+00:00,67519.5925,4658.9375,16585.695,4166.4475,63911.14,25411.08,-0.4363729641045924,0.8997658785476209,0.8660254037844387,-0.4999999999999998,0.4338837391175582,-0.900968867902419,0,weekday,47.51
2024-12-06,2024,12,6,341,8,4,110.16,2024-12-06 08:00:00+00:00,2024-12-06 09:00:00+00:00,67528.875,3664.7125,31675.625,2687.73,70460.86,38028.067500000005,-0.4208310085956556,0.9071390534005044,0.8660254037844387,-0.4999999999999998,-0.433883739117558,-0.9009688679024191,0,weekday,46.25
2024-12-07,2024,12,7,342,8,5,62.86,2024-12-07 08:00:00+00:00,2024-12-07 09:00:00+00:00,55008.5375,4736.025,26337.105,1841.22,57846.71,32914.35,-0.4051645224207563,0.9142437912130223,0.8660254037844387,-0.4999999999999998,-0.9749279121818236,-0.2225209339563146,0,weekend,46.48
2024-12-08,2024,12,8,343,8,6,109.4,2024-12-08 08:00:00+00:00,2024-12-08 09:00:00+00:00,49005.4875,4568.29,7860.1475,3335.205,44206.22,15763.6425,-0.3893781415452015,0.9210779895789526,0.8660254037844387,-0.4999999999999998,-0.7818314824680299,0.6234898018587334,0,weekend,46.34
2024-12-09,2024,12,9,344,8,0,123.12,2024-12-09 08:00:00+00:00,2024-12-09 09:00:00+00:00,66496.3775,4595.3375,25752.4775,1313.22,65256.77,31661.035000000003,-0.3734765374130707,0.9276396261490468,0.8660254037844387,-0.4999999999999998,0.0,1.0,0,weekday,46.2
2024-12-10,2024,12,10,345,8,1,182.14,2024-12-10 08:00:00+00:00,2024-12-10 09:00:00+00:00,68168.86,2729.18,15702.895,1383.015,61785.18,19815.09,-0.3574644155648614,0.9339267592294762,0.8660254037844387,-0.4999999999999998,0.7818314824680298,0.6234898018587336,0,weekday,44.55
2024-12-11,2024,12,11,346,8,2,377.12,2024-12-11 08:00:00+00:00,2024-12-11 09:00:00+00:00,68331.18,532.9575,2285.155,2022.7825,51546.67,4840.895,-0.3413465142450361,0.9399375283564132,0.8660254037844387,-0.4999999999999998,0.9749279121818236,-0.2225209339563143,0,weekday,45.25
2024-12-12,2024,12,12,347,8,3,646.76,2024-12-12 08:00:00+00:00,2024-12-12 09:00:00+00:00,66813.14749999999,599.3475,836.645,2399.32,49807.93,3835.3125,-0.3251276029999093,0.9456701548465688,0.8660254037844387,-0.4999999999999998,0.4338837391175582,-0.900968867902419,0,weekday,44.4
2024-12-13,2024,12,13,348,8,4,245.74,2024-12-13 08:00:00+00:00,2024-12-13 09:00:00+00:00,66672.1625,851.85,6615.645,4034.917500000001,55093.97,11502.412500000002,-0.3088124812662537,0.9511229423235356,0.8660254037844387,-0.4999999999999998,-0.433883739117558,-0.9009688679024191,0,weekday,42.54
2024-12-14,2024,12,14,349,8,5,124.98,2024-12-14 08:00:00+00:00,2024-12-14 09:00:00+00:00,54558.98,3650.67,16783.4125,2486.2200000000003,54093.95,22920.3025,-0.2924059769510773,0.956294277219772,0.8660254037844387,-0.4999999999999998,-0.9749279121818236,-0.2225209339563146,0,weekend,41.215
2024-12-15,2024,12,15,350,8,6,70.65,2024-12-15 08:00:00+00:00,2024-12-15 09:00:00+00:00,48689.6475,5600.055,26709.795,1745.405,55818.61,34055.255,-0.2759129450029604,0.9611826292540836,0.8660254037844387,-0.4999999999999998,-0.7818314824680299,0.6234898018587334,0,weekend,40.7
2024-12-16,2024,12,16,351,8,0,75.91,2024-12-16 08:00:00+00:00,2024-12-16 09:00:00+00:00,65454.6075,4344.105,41741.2925,1266.6,74114.09,47351.997500000005,-0.2593382659754056,0.9657865518844574,0.8660254037844387,-0.4999999999999998,0.0,1.0,0,weekday,40.185
2024-12-17,2024,12,17,352,8,1,114.04,2024-12-17 08:00:00+00:00,2024-12-17 09:00:00+00:00,65638.9825,4679.6325,25929.525,1984.3675,67311.26,32593.525,-0.2426868445825954,0.9701046827361176,0.8660254037844387,-0.4999999999999998,0.7818314824680298,0.6234898018587336,0,weekday,40.5
2024-12-18,2024,12,18,353,8,2,72.82,2024-12-18 08:00:00+00:00,2024-12-18 09:00:00+00:00,65434.28,4820.0925,33716.8225,2357.415,68335.41,40894.33,-0.225963608248019,0.974135744004672,0.8660254037844387,-0.4999999999999998,0.9749279121818236,-0.2225209339563143,0,weekday,42.355
2024-12-19,2024,12,19,354,8,3,68.42,2024-12-19 08:00:00+00:00,2024-12-19 09:00:00+00:00,66092.69,4514.9275,42034.8925,1464.71,71812.61,48014.53,-0.2091735056463563,0.9778785428342386,0.8660254037844387,-0.4999999999999998,0.4338837391175582,-0.900968867902419,0,weekday,41.475
2024-12-20,2024,12,20,355,8,4,106.65,2024-12-20 08:00:00+00:00,2024-12-20 09:00:00+00:00,64071.1975,4879.38,29036.755,2969.5175,66044.61,36885.6525,-0.1923215052390948,0.9813319716704276,0.8660254037844387,-0.4999999999999998,-0.433883739117558,-0.9009688679024191,0,weekday,43.875
2024-12-21,2024,12,21,356,8,5,29.33,2024-12-21 08:00:00+00:00,2024-12-21 09:00:00+00:00,51871.067500000005,5400.17,30224.515,2591.855,59780.25,38216.54,-0.1754125938042784,0.9844950085880858,0.8660254037844387,-0.4999999999999998,-0.9749279121818236,-0.2225209339563146,0,weekend,44.13
2024-12-22,2024,12,22,357,8,6,20.6,2024-12-22 08:00:00+00:00,2024-12-22 09:00:00+00:00,47120.69,5455.5975,29861.4175,1552.405,57048.13,36869.42,-0.1584517749608363,0.9873667175937016,0.8660254037844387,-0.4999999999999998,-0.7818314824680299,0.6234898018587334,0,weekend,44.2325
2024-12-23,2024,12,23,358,8,0,59.62,2024-12-23 08:00:00+00:00,2024-12-23 09:00:00+00:00,62464.28,3051.12,33030.825,1872.4,64692.18,37954.345,-0.141444067687942,0.989946248902378,0.8660254037844387,-0.4999999999999998,0.0,1.0,0,weekday,44.335
2024-12-24,2024,12,24,359,8,1,120.95,2024-12-24 08:00:00+00:00,2024-12-24 09:00:00+00:00,56206.795,2827.53,7501.0325,1821.9275,46463.02,12150.49,-0.1243945048397999,0.9922328391893008,0.8660254037844387,-0.4999999999999998,0.7818314824680298,0.6234898018587336,0,weekday,45.75
2024-12-25,2024,12,25,360,8,2,99.24,2024-12-25 08:00:00+00:00,2024-12-25 09:00:00+00:00,48042.63,1949.3225,6172.577499999999,2765.3975,36371.14,10887.2975,-0.1073081316563624,0.994225811815616,0.8660254037844387,-0.4999999999999998,0.9749279121818236,-0.2225209339563143,1,holiday,45.731
2024-12-26,2024,12,26,361,8,3,118.23,2024-12-26 08:00:00+00:00,2024-12-26 09:00:00+00:00,46771.0075,987.36,2675.53,3832.7275,36153.24,7495.6175,-0.0901900042703451,0.99592457702866,0.8660254037844387,-0.4999999999999998,0.4338837391175582,-0.900968867902419,1,holiday,45.731
2024-12-27,2024,12,27,362,8,4,130.15,2024-12-27 08:00:00+00:00,2024-12-27 09:00:00+00:00,54452.61,236.3825,1591.6575,5682.345,44261.68,7510.385,-0.0730451882110474,0.9973286321364752,0.8660254037844387,-0.4999999999999998,-0.433883739117558,-0.9009688679024191,0,weekday,47.18
2024-12-28,2024,12,28,363,8,5,128.3,2024-12-28 08:00:00+00:00,2024-12-28 09:00:00+00:00,52025.23,452.855,593.2475,4996.445,39509.49,6042.5475,-0.0558787569053731,0.9984375616565666,0.8660254037844387,-0.4999999999999998,-0.9749279121818236,-0.2225209339563146,0,weekend,47.731
2024-12-29,2024,12,29,364,8,6,114.65,2024-12-29 08:00:00+00:00,2024-12-29 09:00:00+00:00,47029.0925,3523.8050000000003,10084.78,4232.1075,44513.42,17840.6925,-0.0386957901765268,0.999251037438848,0.8660254037844387,-0.4999999999999998,-0.7818314824680299,0.6234898018587334,0,weekend,48.0155
2024-12-30,2024,12,30,365,8,0,87.06,2024-12-30 08:00:00+00:00,2024-12-30 09:00:00+00:00,56497.94,4735.6075,24250.3375,1997.12,58071.29,30983.065,-0.0215013727408137,0.999768818762748,0.8660254037844387,-0.4999999999999998,0.0,1.0,0,weekday,48.3
2024-12-31,2024,12,31,366,8,1,83.46,2024-12-31 08:00:00+00:00,2024-12-31 09:00:00+00:00,55506.275,4352.8150000000005,20865.2775,3333.505,54842.97,28551.5975,-0.0043005927029819,0.9999907524084426,0.8660254037844387,-0.4999999999999998,0.7818314824680298,0.6234898018587336,0,weekday,48.35
2025-01-01,2025,1,1,1,8,2,-0.04,2025-01-01 08:00:00+00:00,2025-01-01 09:00:00+00:00,50369.67,2578.91,42109.1075,4746.365,63521.1175,49434.3825,0.0,1.0,0.8660254037844387,-0.4999999999999998,0.9749279121818236,-0.2225209339563143,1,holiday,48.889
2025-01-02,2025,1,2,2,8,3,127.23,2025-01-02 08:00:00+00:00,2025-01-02 09:00:00+00:00,63602.8025,5462.3625,19304.49,2142.02,58603.2125,26908.8725,0.0172015754182605,0.9998520419557736,0.8660254037844387,-0.4999999999999998,0.4338837391175582,-0.900968867902419,0,weekday,50.215
2025-01-03,2025,1,3,3,8,4,80.76,2025-01-03 08:00:00+00:00,2025-01-03 09:00:00+00:00,64846.0225,4968.35,32708.665,2424.7575,68488.8275,40101.7725,0.034398060613608,0.9994082116062598,0.8660254037844387,-0.4999999999999998,-0.433883739117558,-0.9009688679024191,0,weekday,49.905
2025-01-04,2025,1,4,4,8,5,130.75,2025-01-04 08:00:00+00:00,2025-01-04 09:00:00+00:00,54589.4025,2132.91,7413.6725,2971.005,44422.04,12517.5875,0.0515843668694083,0.9986686402879996,0.8660254037844387,-0.4999999999999998,-0.9749279121818236,-0.2225209339563146,0,weekend,49.622
2025-01-05,2025,1,5,5,8,6,89.15,2025-01-05 08:00:00+00:00,2025-01-05 09:00:00+00:00,49572.925,4725.26,20100.575,592.0025,46943.98,25417.8375,0.0687554084811394,0.9976335468520452,0.8660254037844387,-0.4999999999999998,-0.7818314824680299,0.6234898018587334,0,weekend,49.361000000000004
2025-01-06,2025,1,6,6,8,0,36.36,2025-01-06 08:00:00+00:00,2025-01-06 09:00:00+00:00,58116.5075,5192.66,38157.24,2583.7625,67817.3375,45933.66249999999,0.0859061042613327,0.9963032375991964,0.8660254037844387,-0.4999999999999998,0.0,1.0,0,weekday,49.1
2025-01-07,2025,1,7,7,8,1,84.24,2025-01-07 08:00:00+00:00,2025-01-07 09:00:00+00:00,65494.7475,4467.5725,36006.3625,2713.4125,71133.5875,43187.3475,0.1030313790431787,0.9946781061893646,0.8660254037844387,-0.4999999999999998,0.7818314824680298,0.6234898018587336,0,weekday,46.75
2025-01-08,2025,1,8,8,8,2,108.18,2025-01-08 08:00:00+00:00,2025-01-08 09:00:00+00:00,65933.05249999999,4830.22,26843.6625,2188.005,67043.025,33861.8875,0.1201261651823505,0.9927586335250792,0.8660254037844387,-0.4999999999999998,0.9749279121818236,-0.2225209339563143,0,weekday,47.995
2025-01-09,2025,1,9,9,8,3,156.15,2025-01-09 08:00:00+00:00,2025-01-09 09:00:00+00:00,62685.45,733.38,11729.56,2284.375,57952.48,14747.315,0.1371854040566005,0.9905453876091832,0.8660254037844387,-0.4999999999999998,0.4338837391175582,-0.900968867902419,0,weekday,45.095
2025-01-10,2025,1,10,10,8,4,136.92,2025-01-10 08:00:00+00:00,2025-01-10 09:00:00+00:00,67378.61499999999,3551.9575,23296.305,2936.2825000000003,64993.96,29784.545,0.1542040475626894,0.988039023376751,0.8660254037844387,-0.4999999999999998,-0.433883739117558,-0.9009688679024191,0,weekday,44.85
2025-01-11,2025,1,11,11,8,5,103.14,2025-01-11 08:00:00+00:00,2025-01-11 09:00:00+00:00,55827.5,2302.9275,18069.7425,3729.705,53882.105,24102.375,0.1711770596101998,0.985240282501282,0.8660254037844387,-0.4999999999999998,-0.9749279121818236,-0.2225209339563146,0,weekend,45.008
2025-01-12,2025,1,12,12,8,6,120.07,2025-01-12 08:00:00+00:00,2025-01-12 09:00:00+00:00,51309.84,1894.46,10654.16,3942.6475,45267.245,16491.267499999998,0.1880994176117975,0.9821499931752292,0.8660254037844387,-0.4999999999999998,-0.7818314824680299,0.6234898018587334,0,weekend,45.829
2025-01-13,2025,1,13,13,8,0,174.09,2025-01-13 08:00:00+00:00,2025-01-13 09:00:00+00:00,69662.6975,3622.7775,4191.735,5045.615,54607.27,12860.1275,0.2049661139694953,0.9787690698649216,0.8660254037844387,-0.4999999999999998,0.0,1.0,0,weekday,46.65
2025-01-14,2025,1,14,14,8,1,151.86,2025-01-14 08:00:00+00:00,2025-01-14 09:00:00+00:00,70672.7325,5172.685,17680.43,6031.475,67308.9325,28884.590000000004,0.2217721575564818,0.975098513039961,0.8660254037844387,-0.4999999999999998,0.7818314824680298,0.6234898018587336,0,weekday,48.53
2025-01-15,2025,1,15,15,8,2,315.02,2025-01-15 08:00:00+00:00,2025-01-15 09:00:00+00:00,71357.70749999999,435.7075,6849.61,1293.45,52602.505,8578.7675,0.2385125751940764,0.9711394088771652,0.8660254037844387,-0.4999999999999998,0.9749279121818236,-0.2225209339563143,0,weekday,47.45
2025-01-16,2025,1,16,16,8,3,175.0,2025-01-16 08:00:00+00:00,2025-01-16 09:00:00+00:00,67951.5825,3569.1075,6773.85,3190.2675,55361.695,13533.225,0.2551824131233728,0.966892928939152,0.8660254037844387,-0.4999999999999998,0.4338837391175582,-0.900968867902419,0,weekday,46.205
2025-01-17,2025,1,17,17,8,4,175.34,2025-01-17 08:00:00+00:00,2025-01-17 09:00:00+00:00,70377.1175,3079.9875,2688.7025,3711.8,51382.2,9480.490000000002,0.2717767384711357,0.9623603298276544,0.8660254037844387,-0.4999999999999998,-0.433883739117558,-0.9009688679024191,0,weekday,46.0
2025-01-18,2025,1,18,18,8,5,144.1,2025-01-18 08:00:00+00:00,2025-01-18 09:00:00+00:00,56962.675,429.77,2684.1525,4838.9025,43734.28,7952.825000000001,0.2882906407095177,0.957542952811672,0.8660254037844387,-0.4999999999999998,-0.9749279121818236,-0.2225209339563146,0,weekend,46.887
2025-01-19,2025,1,19,19,8,6,125.16,2025-01-19 08:00:00+00:00,2025-01-19 09:00:00+00:00,51539.4175,486.585,6028.1625,6740.3325,42756.0825,13255.080000000002,0.3047192331091634,0.9524422234305676,0.8660254037844387,-0.4999999999999998,-0.7818314824680299,0.6234898018587334,0,weekend,46.808
2025-01-20,2025,1,20,20,8,0,291.7,2025-01-20 08:00:00+00:00,2025-01-20 09:00:00+00:00,70227.035,332.1675,3271.31,5769.3475,53518.22,9372.825,0.321057654185271,0.9470596510722284,0.8660254037844387,-0.4999999999999998,0.0,1.0,0,weekday,46.729
2025-01-21,2025,1,21,21,8,1,211.68,2025-01-21 08:00:00+00:00,2025-01-21 09:00:00+00:00,71215.75,4178.18,3940.2575,4791.9175,57639.6125,12910.355,0.3373010691361842,0.9413968285264122,0.8660254037844387,-0.4999999999999998,0.7818314824680298,0.6234898018587336,0,weekday,46.65
2025-01-22,2025,1,22,22,8,2,199.41,2025-01-22 08:00:00+00:00,2025-01-22 09:00:00+00:00,71579.3125,898.555,12444.91,4554.23,60432.995,17897.695,0.3534446712740877,0.9354554315134164,0.8660254037844387,-0.4999999999999998,0.9749279121818236,-0.2225209339563143,0,weekday,50.085
2025-01-23,2025,1,23,23,8,3,155.42,2025-01-23 08:00:00+00:00,2025-01-23 09:00:00+00:00,67260.91750000001,5423.2875,25872.635,1566.86,69828.13,32862.7825,0.3694836834473831,0.9292372181882051,0.8660254037844387,-0.4999999999999998,0.4338837391175582,-0.900968867902419,0,weekday,48.83
2025-01-24,2025,1,24,24,8,4,96.34,2025-01-24 08:00:00+00:00,2025-01-24 09:00:00+00:00,69223.6725,5838.245,26482.6775,3792.3575,64637.47,36113.28,0.3854133594543256,0.9227440286201428,0.8660254037844387,-0.4999999999999998,-0.433883739117558,-0.9009688679024191,0,weekday,49.585
2025-01-25,2025,1,25,25,8,5,87.31,2025-01-25 08:00:00+00:00,2025-01-25 09:00:00+00:00,55821.9025,2648.29,23508.835,3463.6000000000004,56172.2125,29620.725,0.4012289854475009,0.9159777842484876,0.8660254037844387,-0.4999999999999998,-0.9749279121818236,-0.2225209339563146,0,weekend,49.702
2025-01-26,2025,1,26,26,8,6,121.97,2025-01-26 08:00:00+00:00,2025-01-26 09:00:00+00:00,50075.7175,973.6675,9507.23,2510.35,41206.665,12991.2475,0.4169258813287287,0.908940487313808,0.8660254037844387,-0.4999999999999998,-0.7818314824680299,0.6234898018587334,0,weekend,49.2635
2025-01-27,2025,1,27,27,8,0,62.96,2025-01-27 08:00:00+00:00,2025-01-27 09:00:00+00:00,68311.97750000001,5311.5975,40023.0775,2828.0625,73576.5875,48162.7375,0.4324994021339788,0.901634220265486,0.8660254037844387,-0.4999999999999998,0.0,1.0,0,weekday,48.825
2025-01-28,2025,1,28,28,8,1,135.3,2025-01-28 08:00:00+00:00,2025-01-28 09:00:00+00:00,69258.765,4927.2525000000005,18441.095,2963.955,60853.9975,26332.302500000005,0.4479449394078911,0.8940611451454876,0.8660254037844387,-0.4999999999999998,0.7818314824680298,0.6234898018587336,0,weekday,48.2
2025-01-29,2025,1,29,29,8,2,130.45,2025-01-29 08:00:00+00:00,2025-01-29 09:00:00+00:00,68994.965,2422.505,28169.3025,3184.4375,65053.6775,33776.245,0.4632579225674917,0.88622350294858,0.8660254037844387,-0.4999999999999998,0.9749279121818236,-0.2225209339563143,0,weekday,49.74
2025-01-30,2025,1,30,30,8,3,151.51,2025-01-30 08:00:00+00:00,2025-01-30 09:00:00+00:00,68219.8775,3193.5,7752.37,5452.31,54435.845,16398.18,0.4784338202547012,0.8781236129591848,0.8660254037844387,-0.4999999999999998,0.4338837391175582,-0.900968867902419,0,weekday,52.02
2025-01-31,2025,1,31,31,8,4,154.82,2025-01-31 08:00:00+00:00,2025-01-31 09:00:00+00:00,68927.09,2891.2125,12411.86,5546.38,60499.655,20849.4525,0.4934681416772373,0.8697638720650646,0.8660254037844387,-0.4999999999999998,-0.433883739117558,-0.9009688679024191,0,weekday,52.0
2025-02-01,2025,2,1,32,8,5,142.44,2025-02-01 08:00:00+00:00,2025-02-01 09:00:00+00:00,56767.34,515.195,3355.0325000000003,8390.985,45939.4175,12261.2125,0.5083564379375122,0.8611467540480452,0.8660254037844387,-0.4999999999999998,-0.9749279121818236,-0.2225209339563146,0,weekend,53.237
2025-02-02,2025,2,2,33,8,6,137.7,2025-02-02 08:00:00+00:00,2025-02-02 09:00:00+00:00,50717.145,598.4375,2080.93,8355.74,41923.81,11035.1075,0.5230943033491326,0.8522748088519838,0.8660254037844387,-0.4999999999999998,-0.7818314824680299,0.6234898018587334,0,weekend,53.718500000000006
2025-02-03,2025,2,3,34,8,0,178.04,2025-02-03 08:00:00+00:00,2025-02-03 09:00:00+00:00,68578.72,779.9,1213.6,8582.625,52283.9025,10576.125,0.5376773767406141,0.8431506618282,0.8660254037844387,-0.4999999999999998,0.0,1.0,0,weekday,54.2
2025-02-04,2025,2,4,35,8,1,163.31,2025-02-04 08:00:00+00:00,2025-02-04 09:00:00+00:00,68961.16500000001,4503.1975,4717.485,8518.625,57471.0875,17739.3075,0.5521013427459208,0.8337770129585915,0.8660254037844387,-0.4999999999999998,0.7818314824680298,0.6234898018587336,0,weekday,52.905
2025-02-05,2025,2,5,36,8,2,159.33,2025-02-05 08:00:00+00:00,2025-02-05 09:00:00+00:00,70635.0025,4166.325,11701.8225,7401.0925,63390.3525,23269.24,0.5663619330814524,0.8241566360566663,0.8660254037844387,-0.4999999999999998,0.9749279121818236,-0.2225209339563143,0,weekday,51.85
2025-02-06,2025,2,6,37,8,3,178.99,2025-02-06 08:00:00+00:00,2025-02-06 09:00:00+00:00,69613.11,1120.9,4122.445,4046.405,51593.0575,9289.75,0.580454927809098,0.8142923779467267,0.8660254037844387,-0.4999999999999998,0.4338837391175582,-0.900968867902419,0,weekday,53.91
2025-02-07,2025,2,7,38,8,4,150.36,2025-02-07 08:00:00+00:00,2025-02-07 09:00:00+00:00,71646.0575,5696.1425,24480.275,4779.3475,72001.0675,34955.765,0.5943761565849831,0.804187157621448,0.8660254037844387,-0.4999999999999998,-0.433883739117558,-0.9009688679024191,0,weekday,53.815
2025-02-08,2025,2,8,39,8,5,92.68,2025-02-08 08:00:00+00:00,2025-02-08 09:00:00+00:00,56986.49,6453.1275000000005,16437.6475,12011.87,62984.0625,34902.645000000004,0.6081214998935418,0.7938439653781019,0.8660254037844387,-0.4999999999999998,-0.9749279121818236,-0.2225209339563146,0,weekend,55.723
2025-02-09,2025,2,9,40,8,6,123.97,2025-02-09 08:00:00+00:00,2025-02-09 09:00:00+00:00,51562.3875,2781.8625,5600.9075,10071.5125,46766.82,18454.2825,0.6216868902665479,0.7832658619336791,0.8660254037844387,-0.4999999999999998,-0.7818314824680299,0.6234898018587334,0,weekend,56.5115
2025-02-10,2025,2,10,41,8,0,163.18,2025-02-10 08:00:00+00:00,2025-02-10 09:00:00+00:00,69514.475,6091.3125,15206.585,5826.0125,64224.8,27123.91,0.6350683134867438,0.7724559775191742,0.8660254037844387,-0.4999999999999998,0.0,1.0,0,weekday,57.3
2025-02-11,2025,2,11,42,8,1,141.42,2025-02-11 08:00:00+00:00,2025-02-11 09:00:00+00:00,69727.7025,6024.975,23914.8875,6920.3150000000005,69876.16750000001,36860.177500000005,0.6482618097757122,0.7614175109532997,0.8660254037844387,-0.4999999999999998,0.7818314824680298,0.6234898018587336,0,weekday,57.13
2025-02-12,2025,2,12,43,8,2,174.92,2025-02-12 08:00:00+00:00,2025-02-12 09:00:00+00:00,69798.92749999999,5443.81,11154.7725,5672.425,62468.245,22271.0075,0.6612634749656386,0.7501537286959042,0.8660254037844387,-0.4999999999999998,0.9749279121818236,-0.2225209339563143,0,weekday,56.2
2025-02-13,2025,2,13,44,8,3,220.05,2025-02-13 08:00:00+00:00,2025-02-13 09:00:00+00:00,68429.5675,3414.4475,4352.4775,3317.99,55296.2975,11084.915,0.6740694616546161,0.7386679638813748,0.8660254037844387,-0.4999999999999998,0.4338837391175582,-0.900968867902419,0,weekday,55.66
2025-02-14,2025,2,14,45,8,4,215.11,2025-02-14 08:00:00+00:00,2025-02-14 09:00:00+00:00,69380.3875,469.81,4125.69,6480.62,53166.815,11076.12,0.6866759803451553,0.726963615332308,0.8660254037844387,-0.4999999999999998,-0.433883739117558,-0.9009688679024191,0,weekday,50.05
2025-02-15,2025,2,15,46,8,5,137.01,2025-02-15 08:00:00+00:00,2025-02-15 09:00:00+00:00,57901.03,364.16,981.725,9157.1775,45114.9225,10503.0625,0.6990793005655562,0.7150441465537444,0.8660254037844387,-0.4999999999999998,-0.9749279121818236,-0.2225209339563146,0,weekend,50.685
2025-02-16,2025,2,16,47,8,6,130.49,2025-02-16 08:00:00+00:00,2025-02-16 09:00:00+00:00,52158.925,2714.3225,7143.995000000001,8119.5175,45931.5625,17977.835,0.7112757519738152,0.7029130847082615,0.8660254037844387,-0.4999999999999998,-0.7818314824680299,0.6234898018587334,0,weekend,50.458333333333336
2025-02-17,2025,2,17,48,8,0,171.3,2025-02-17 08:00:00+00:00,2025-02-17 09:00:00+00:00,70642.6125,508.59,2871.6525,15067.0725,59283.765,18447.315,0.7232617254437388,0.6905740195722293,0.8660254037844387,-0.4999999999999998,0.0,1.0,0,weekday,50.23166666666667
2025-02-18,2025,2,18,49,8,1,143.53,2025-02-18 08:00:00+00:00,2025-02-18 09:00:00+00:00,72275.61,1229.2825,6735.005,17074.4925,63415.4825,25038.78,0.7350336741329413,0.6780306024735382,0.8660254037844387,-0.4999999999999998,0.7818314824680298,0.6234898018587336,0,weekday,50.005
2025-02-19,2025,2,19,50,8,2,128.76,2025-02-19 08:00:00+00:00,2025-02-19 09:00:00+00:00,72423.1075,4966.5925,15738.46,18027.27,72605.08499999999,38732.3225,0.746588114532413,0.6652865452111116,0.8660254037844387,-0.4999999999999998,0.9749279121818236,-0.2225209339563143,0,weekday,50.0
2025-02-20,2025,2,20,51,8,3,105.87,2025-02-20 08:00:00+00:00,2025-02-20 09:00:00+00:00,68890.5175,5454.2775,16280.1175,12578.3725,67460.785,34312.7675,0.7579216274973472,0.6523456189565257,0.8660254037844387,-0.4999999999999998,0.4338837391175582,-0.900968867902419,0,weekday,47.35
2025-02-21,2025,2,21,52,8,4,120.98,2025-02-21 08:00:00+00:00,2025-02-21 09:00:00+00:00,68206.5,5155.8625,12235.0775,8511.825,59184.8425,25902.765,0.7690308592589181,0.6392116531380588,0.8660254037844387,-0.4999999999999998,-0.433883739117558,-0.9009688679024191,0,weekday,47.65
2025-02-22,2025,2,22,53,8,5,67.74,2025-02-22 08:00:00+00:00,2025-02-22 09:00:00+00:00,55707.45,5782.4475,19135.135,12314.22,57583.1075,37231.8025,0.7799125224167177,0.6258885343075018,0.8660254037844387,-0.4999999999999998,-0.9749279121818236,-0.2225209339563146,0,weekend,47.195
2025-02-23,2025,2,23,54,8,6,99.35,2025-02-23 08:00:00+00:00,2025-02-23 09:00:00+00:00,50499.58,3330.9225,8227.1225,6941.7675,43212.7925,18499.8125,0.7905633969115482,0.612380204990065,0.8660254037844387,-0.4999999999999998,-0.7818314824680299,0.6234898018587334,0,weekend,46.665
2025-02-24,2025,2,24,55,8,0,93.26,2025-02-24 08:00:00+00:00,2025-02-24 09:00:00+00:00,67494.7125,5609.195,23931.4275,9453.8425,66827.1,38994.465,0.8009803309782905,0.5986906625177214,0.8660254037844387,-0.4999999999999998,0.0,1.0,0,weekday,46.135
2025-02-25,2025,2,25,56,8,1,153.73,2025-02-25 08:00:00+00:00,2025-02-25 09:00:00+00:00,68025.0,3188.6275,4729.8775000000005,7324.82,54669.15,15243.325,0.8111602420785621,0.5848239578463322,0.8660254037844387,-0.4999999999999998,0.7818314824680298,0.6234898018587336,0,weekday,45.435
2025-02-26,2025,2,26,57,8,2,160.22,2025-02-26 08:00:00+00:00,2025-02-26 09:00:00+00:00,68794.01,279.4075,8499.605,4967.7525000000005,53606.1175,13746.765,0.8211001178128892,0.5707841943569036,0.8660254037844387,-0.4999999999999998,0.9749279121818236,-0.2225209339563143,0,weekday,41.336
2025-02-27,2025,2,27,58,8,3,142.58,2025-02-27 08:00:00+00:00,2025-02-27 09:00:00+00:00,68201.545,1211.875,9190.755,9082.7275,58061.5725,19485.3575,0.8307970168121247,0.5565755266413303,0.8660254037844387,-0.4999999999999998,0.4338837391175582,-0.900968867902419,0,weekday,44.375
2025-02-28,2025,2,28,59,8,4,145.5,2025-02-28 08:00:00+00:00,2025-02-28 09:00:00+00:00,68348.515,1153.7225,4012.8175,8074.1275,53029.33,13240.6675,0.8402480696078469,0.5422021592729844,0.8660254037844387,-0.4999999999999998,-0.433883739117558,-0.9009688679024191,0,weekday,46.5
2025-03-01,2025,3,1,60,8,5,137.74,2025-03-01 08:00:00+00:00,2025-03-01 09:00:00+00:00,56730.3475,400.71,2615.7425,8827.8875,46216.177500000005,11844.34,0.8494504794814806,0.527668345562516,0.8660254037844387,-0.4999999999999998,-0.9749279121818236,-0.2225209339563146,0,weekend,44.32
2025-03-02,2025,3,2,61,8,6,89.0,2025-03-02 08:00:00+00:00,2025-03-02 09:00:00+00:00,51092.16,2594.8575,6049.555,15988.5825,50774.7875,24632.995000000003,0.8584015232918917,0.512978386299228,0.8660254037844387,-0.4999999999999998,-0.7818314824680299,0.6234898018587334,0,weekend,45.635000000000005
2025-03-03,2025,3,3,62,8,0,106.74,2025-03-03 08:00:00+00:00,2025-03-03 09:00:00+00:00,69718.27249999999,5260.3375,8160.84,23808.045,68330.51,37229.2225,0.8670985522812081,0.4981366284784055,0.8660254037844387,-0.4999999999999998,0.0,1.0,0,weekday,46.95
2025-03-04,2025,3,4,63,8,1,110.98,2025-03-04 08:00:00+00:00,2025-03-04 09:00:00+00:00,70478.8175,4566.7725,6062.797500000001,21484.06,63156.3375,32113.63,0.8755389928586302,0.4831474640149687,0.8660254037844387,-0.4999999999999998,0.7818314824680298,0.6234898018587336,0,weekday,45.315
2025-03-05,2025,3,5,64,8,2,41.63,2025-03-05 08:00:00+00:00,2025-03-05 09:00:00+00:00,70029.92,5765.0025000000005,15851.54,26949.48,70832.10500000001,48566.02250000001,0.8837203473619977,0.4680153284438345,0.8660254037844387,-0.4999999999999998,0.9749279121818236,-0.2225209339563143,0,weekday,43.485
2025-03-06,2025,3,6,65,8,3,78.7,2025-03-06 08:00:00+00:00,2025-03-06 09:00:00+00:00,66978.255,4268.4675,8408.475,26111.17,61926.685,38788.1125,0.8916401947968874,0.452744699607371,0.8660254037844387,-0.4999999999999998,0.4338837391175582,-0.900968867902419,0,weekday,41.875
2025-03-07,2025,3,7,66,8,4,83.0,2025-03-07 08:00:00+00:00,2025-03-07 09:00:00+00:00,67469.4525,3449.8975,4930.235,24438.4275,60441.8875,32818.56,0.8992961915530253,0.4373400963303323,0.8660254037844387,-0.4999999999999998,-0.433883739117558,-0.9009688679024191,0,weekday,37.325
2025-03-08,2025,3,8,67,8,5,72.54,2025-03-08 08:00:00+00:00,2025-03-08 09:00:00+00:00,54025.385,373.005,3220.745,25480.6175,48993.955,29074.3675,0.9066860720977984,0.4218060770826634,0.8660254037844387,-0.4999999999999998,-0.9749279121818236,-0.2225209339563146,0,weekend,39.971
2025-03-09,2025,3,9,68,8,6,29.27,2025-03-09 08:00:00+00:00,2025-03-09 09:00:00+00:00,50545.845,2691.485,4663.3975,25155.995,48888.3575,32510.8775,0.9138076496466616,0.4061472386305789,0.8660254037844387,-0.4999999999999998,-0.7818314824680299,0.6234898018587334,0,weekend,40.0205
2025-03-10,2025,3,10,69,8,0,98.88,2025-03-10 08:00:00+00:00,2025-03-10 09:00:00+00:00,67021.8125,429.585,1437.855,19499.3275,51639.73,21366.7675,0.9206588168102428,0.3903682146763026,0.8660254037844387,-0.4999999999999998,0.0,1.0,0,weekday,40.07
2025-03-11,2025,3,11,70,8,1,128.53,2025-03-11 08:00:00+00:00,2025-03-11 09:00:00+00:00,67983.6875,580.6175000000001,1156.3825,15986.7575,52084.4625,17723.7575,0.9272375462179536,0.374473674486883,0.8660254037844387,-0.4999999999999998,0.7818314824680298,0.6234898018587336,0,weekday,41.405
2025-03-12,2025,3,12,71,8,2,125.0,2025-03-12 08:00:00+00:00,2025-03-12 09:00:00+00:00,68089.545,781.9875,2496.3125,11211.3025,51764.355,14489.6025,0.9335418911179212,0.3584683215124808,0.8660254037844387,-0.4999999999999998,0.9749279121818236,-0.2225209339563143,0,weekday,42.645
2025-03-13,2025,3,13,72,8,3,148.13,2025-03-13 08:00:00+00:00,2025-03-13 09:00:00+00:00,66946.60500000001,2007.4475,2231.695,11037.4375,52475.9,15276.58,0.9395699859530622,0.342356891994542,0.8660254037844387,-0.4999999999999998,0.4338837391175582,-0.900968867902419,0,weekday,42.455
2025-03-14,2025,3,14,73,8,4,132.09,2025-03-14 08:00:00+00:00,2025-03-14 09:00:00+00:00,67521.515,1333.385,1760.8525,11313.5275,52317.88,14407.765,0.945320046913132,0.3261441535642696,0.8660254037844387,-0.4999999999999998,-0.433883739117558,-0.9009688679024191,0,weekday,41.3
2025-03-15,2025,3,15,74,8,5,86.4,2025-03-15 08:00:00+00:00,2025-03-15 09:00:00+00:00,56427.345,621.8675,8480.665,13166.9425,48596.6975,22269.475,0.9507903724625832,0.3098349038318025,0.8660254037844387,-0.4999999999999998,-0.9749279121818236,-0.2225209339563146,0,weekend,42.29
2025-03-16,2025,3,16,75,8,6,56.9,2025-03-16 08:00:00+00:00,2025-03-16 09:00:00+00:00,51307.3525,2719.68,5991.8925,19818.175,48333.52,28529.7475,0.9559793438440766,0.2934339689665273,0.8660254037844387,-0.4999999999999998,-0.7818314824680299,0.6234898018587334,0,weekend,41.8425
2025-03-17,2025,3,17,76,8,0,100.73,2025-03-17 08:00:00+00:00,2025-03-17 09:00:00+00:00,69042.8625,1560.145,9215.1675,22464.47,61540.6475,33239.7825,0.9608854255574976,0.2769462022689364,0.8660254037844387,-0.4999999999999998,0.0,1.0,0,weekday,41.395
2025-03-18,2025,3,18,77,8,1,71.53,2025-03-18 08:00:00+00:00,2025-03-18 09:00:00+00:00,69639.04000000001,1233.9625,7055.7325,30744.7425,64401.34,39034.4375,0.9655071658143364,0.2603764827344581,0.8660254037844387,-0.4999999999999998,0.7818314824680298,0.6234898018587336,0,weekday,41.45
2025-03-19,2025,3,19,78,8,2,79.5,2025-03-19 08:00:00+00:00,2025-03-19 09:00:00+00:00,69382.89,1223.14,2392.11,31208.88,60547.03,34824.130000000005,0.969843196967294,0.2437297136096838,0.8660254037844387,-0.4999999999999998,0.9749279121818236,-0.2225209339563143,0,weekday,42.505
2025-03-20,2025,3,20,79,8,3,79.45,2025-03-20 08:00:00+00:00,2025-03-20 09:00:00+00:00,67224.535,1269.6,4696.3975,27768.9375,59563.115000000005,33734.935,0.9738922359149924,0.2270108209414184,0.8660254037844387,-0.4999999999999998,0.4338837391175582,-0.900968867902419,0,weekday,43.86
2025-03-21,2025,3,21,80,8,4,73.31,2025-03-21 08:00:00+00:00,2025-03-21 09:00:00+00:00,64200.69,2027.485,5660.585,28682.125,57984.22,36370.195,0.977653084481664,0.2102247521189836,0.8660254037844387,-0.4999999999999998,-0.433883739117558,-0.9009688679024191,0,weekday,44.755
2025-03-22,2025,3,22,81,8,5,0.0,2025-03-22 08:00:00+00:00,2025-03-22 09:00:00+00:00,54986.3725,5586.2525000000005,23460.9125,22052.675,65980.84999999999,51099.84,0.981124629771712,0.1933764744102058,0.8660254037844387,-0.4999999999999998,-0.9749279121818236,-0.2225209339563146,0,weekend,42.605
2025-03-23,2025,3,23,82,8,6,23.09,2025-03-23 08:00:00+00:00,2025-03-23 09:00:00+00:00,49689.92,6252.8525,12848.72,15274.5775,51180.9575,34376.149999999994,0.984305844499033,0.1764709734915216,0.8660254037844387,-0.4999999999999998,-0.7818314824680299,0.6234898018587334,0,weekend,42.504999999999995
2025-03-24,2025,3,24,83,8,0,135.38,2025-03-24 08:00:00+00:00,2025-03-24 09:00:00+00:00,65220.045,289.1375,370.68,17003.425,55304.3775,17663.2425,0.9871957872910084,0.1595132519726365,0.8660254037844387,-0.4999999999999998,0.0,1.0,0,weekday,42.405
2025-03-25,2025,3,25,84,8,1,106.41,2025-03-25 08:00:00+00:00,2025-03-25 09:00:00+00:00,65581.4275,3367.81,3134.5275,15890.0325,54171.735,22392.37,0.9897936029670716,0.1425083279161708,0.8660254037844387,-0.4999999999999998,0.7818314824680298,0.6234898018587336,0,weekday,42.05
2025-03-26,2025,3,26,85,8,2,111.86,2025-03-26 08:00:00+00:00,2025-03-26 09:00:00+00:00,66470.625,2594.03,10818.6125,9863.6925,56529.1375,23276.335,0.992098522791769,0.1254612333527364,0.8660254037844387,-0.4999999999999998,0.9749279121818236,-0.2225209339563143,0,weekday,40.555
2025-03-27,2025,3,27,86,8,3,89.92,2025-03-27 08:00:00+00:00,2025-03-27 09:00:00+00:00,65483.6475,4247.19,3072.4625,19800.4375,56608.8875,27120.09,0.9941098647022418,0.108377012791876,0.8660254037844387,-0.4999999999999998,0.4338837391175582,-0.900968867902419,0,weekday,41.1
2025-03-28,2025,3,28,87,8,4,75.57,2025-03-28 08:00:00+00:00,2025-03-28 09:00:00+00:00,64576.7125,4862.3825,3982.4025,30589.81,62159.56,39434.595,0.9958270335100596,0.0912607217293118,0.8660254037844387,-0.4999999999999998,-0.433883739117558,-0.9009688679024191,0,weekday,40.9
2025-03-29,2025,3,29,88,8,5,76.14,2025-03-29 08:00:00+00:00,2025-03-29 09:00:00+00:00,54805.15,709.0775,8376.7225,12763.96,45623.0575,21849.76,0.9972495210773452,0.0741174251509443,0.8660254037844387,-0.4999999999999998,-0.9749279121818236,-0.2225209339563146,0,weekend,40.587
2025-03-30,2025,3,30,89,8,6,-3.47,2025-03-30 08:00:00+00:00,2025-03-30 09:00:00+00:00,52832.5475,4581.79,30031.84,18036.2325,68484.375,52649.8625,0.998376906467142,0.0569521960340397,0.8660254037844387,-0.4999999999999998,-0.7818314824680299,0.6234898018587334,0,weekend,40.706
2025-03-31,2025,3,31,90,8,0,110.27,2025-03-31 08:00:00+00:00,2025-03-31 09:00:00+00:00,67630.155,2360.6175,14789.8725,12823.865,59889.5575,29974.355,0.9992088560679752,0.0397701138460557,0.8660254037844387,-0.4999999999999998,0.0,1.0,0,weekday,40.825
2025-04-01,2025,4,1,91,8,1,86.17,2025-04-01 08:00:00+00:00,2025-04-01 09:00:00+00:00,66370.235,427.2975,5752.42,24764.27,58577.14,30943.9875,0.9997451236925734,0.0225762630415454,0.8660254037844387,-0.4999999999999998,0.7818314824680298,0.6234898018587336,0,weekday,40.875
2025-04-02,2025,4,2,92,8,2,48.38,2025-04-02 08:00:00+00:00,2025-04-02 09:00:00+00:00,66834.2825,2413.92,11499.985,28514.8625,63739.76,42428.7675,0.9999855506507186,0.0053757315575838,0.8660254037844387,-0.4999999999999998,0.9749279121818236,-0.2225209339563143,0,weekday,42.475
2025-04-03,2025,4,3,93,8,3,40.47,2025-04-03 08:00:00+00:00,2025-04-03 09:00:00+00:00,65747.22750000001,1259.055,5582.18,34011.5775,60445.990000000005,40852.8125,0.9999300657962056,-0.0118263906918325,0.8660254037844387,-0.4999999999999998,0.4338837391175582,-0.900968867902419,0,weekday,39.75
2025-04-04,2025,4,4,94,8,4,65.0,2025-04-04 08:00:00+00:00,2025-04-04 09:00:00+00:00,64757.895,534.2825,1459.9875,34077.275,56529.1375,36071.545,0.9995786855478958,-0.0290250133219752,0.8660254037844387,-0.4999999999999998,-0.433883739117558,-0.9009688679024191,0,weekday,39.25
2025-04-05,2025,4,5,95,8,5,0.66,2025-04-05 08:00:00+00:00,2025-04-05 09:00:00+00:00,54369.0525,2741.4975,6251.51,32702.025,59684.015,41695.0325,0.9989315138848576,-0.0462150469837083,0.8660254037844387,-0.4999999999999998,-0.9749279121818236,-0.2225209339563146,0,weekend,36.401
2025-04-06,2025,4,6,96,8,6,-2.0,2025-04-06 08:00:00+00:00,2025-04-06 09:00:00+00:00,51309.5575,395.5825,10589.28,33646.087499999994,59702.5975,44630.95,0.9979887423155984,-0.0633914048695103,0.8660254037844387,-0.4999999999999998,-0.7818314824680299,0.6234898018587334,0,weekend,35.523
2025-04-07,2025,4,7,97,8,0,83.37,2025-04-07 08:00:00+00:00,2025-04-07 09:00:00+00:00,66314.06,702.1825,3789.5175,33452.7575,62150.885,37944.4575,0.9967506498213928,-0.0805490042187416,0.8660254037844387,-0.4999999999999998,0.0,1.0,0,weekday,34.645
2025-04-08,2025,4,8,98,8,1,76.47,2025-04-08 08:00:00+00:00,2025-04-08 09:00:00+00:00,66405.11499999999,22.035,964.5925,32340.63,61635.11,33327.2575,0.9952176027737294,-0.0976827678217159,0.8660254037844387,-0.4999999999999998,0.7818314824680298,0.6234898018587336,0,weekday,36.335
2025-04-09,2025,4,9,99,8,2,82.71,2025-04-09 08:00:00+00:00,2025-04-09 09:00:00+00:00,65975.2325,1575.98,1737.1275,29094.535,57707.885,32407.6425,0.9933900548258936,-0.114787625522127,0.8660254037844387,-0.4999999999999998,0.9749279121818236,-0.2225209339563143,0,weekday,34.6
2025-04-10,2025,4,10,100,8,3,85.71,2025-04-10 08:00:00+00:00,2025-04-10 09:00:00+00:00,64025.165,1220.48,2263.325,26271.23,55547.165,29755.035,0.9912685467787256,-0.1318585157173911,0.8660254037844387,-0.4999999999999998,0.4338837391175582,-0.900968867902419,0,weekday,34.65
2025-04-11,2025,4,11,101,8,4,11.31,2025-04-11 08:00:00+00:00,2025-04-11 09:00:00+00:00,64794.25,3988.5175,18488.5125,30984.925,71366.3525,53461.955,0.9888537064205885,-0.1488903868564548,0.8660254037844387,-0.4999999999999998,-0.433883739117558,-0.9009688679024191,0,weekday,33.725
2025-04-12,2025,4,12,102,8,5,20.19,2025-04-12 08:00:00+00:00,2025-04-12 09:00:00+00:00,54272.85,907.785,2637.18,33502.5025,55131.4375,37047.4675,0.986146248341595,-0.1658781989346314,0.8660254037844387,-0.4999999999999998,-0.9749279121818236,-0.2225209339563146,0,weekend,33.463
2025-04-13,2025,4,13,103,8,6,0.0,2025-04-13 08:00:00+00:00,2025-04-13 09:00:00+00:00,50151.8975,5301.315,17940.275,22846.71,59118.7425,46088.3,0.98314697372215,-0.1828169249850199,0.8660254037844387,-0.4999999999999998,-0.7818314824680299,0.6234898018587334,0,weekend,33.869
2025-04-14,2025,4,14,104,8,0,91.02,2025-04-14 08:00:00+00:00,2025-04-14 09:00:00+00:00,63822.6725,795.8824999999999,3902.1275,26132.307500000003,58386.25,30830.317500000005,0.9798567700958664,-0.1997015525660636,0.8660254037844387,-0.4999999999999998,0.0,1.0,0,weekday,34.275
2025-04-15,2025,4,15,105,8,1,48.93,2025-04-15 08:00:00+00:00,2025-04-15 09:00:00+00:00,65799.2575,5522.495,15870.81,27088.815,67496.9625,48482.12,0.976276611086932,-0.2165270852448143,0.8660254037844387,-0.4999999999999998,0.7818314824680298,0.6234898018587336,0,weekday,34.5
2025-04-16,2025,4,16,106,8,2,79.75,2025-04-16 08:00:00+00:00,2025-04-16 09:00:00+00:00,66512.4325,1897.12,2097.2675,29354.6475,55472.335,33349.035,0.9724075561219968,-0.2332885440754551,0.8660254037844387,-0.4999999999999998,0.9749279121818236,-0.2225209339563143,0,weekday,33.905
2025-04-17,2025,4,17,107,8,3,110.0,2025-04-17 08:00:00+00:00,2025-04-17 09:00:00+00:00,63188.3925,1081.59,8935.885,15877.855,53797.130000000005,25895.33,0.9682507501166718,-0.2499809690726521,0.8660254037844387,-0.4999999999999998,0.4338837391175582,-0.900968867902419,0,weekday,35.6
2025-04-18,2025,4,18,108,8,4,88.3,2025-04-18 08:00:00+00:00,2025-04-18 09:00:00+00:00,51785.817500000005,1355.51,11488.5225,10273.3475,43338.3,23117.38,0.9638074231367308,-0.2665994206792935,0.8660254037844387,-0.4999999999999998,-0.433883739117558,-0.9009688679024191,1,holiday,35.657
2025-04-19,2025,4,19,109,8,5,29.99,2025-04-19 08:00:00+00:00,2025-04-19 09:00:00+00:00,54132.16,1878.9725,2307.9700000000003,24448.3975,47723.62,28635.34,0.9590788900341132,-0.2831389812281835,0.8660254037844387,-0.4999999999999998,-0.9749279121818236,-0.2225209339563146,0,weekend,35.657
2025-04-20,2025,4,20,110,8,6,0.0,2025-04-20 08:00:00+00:00,2025-04-20 09:00:00+00:00,46440.2175,1035.5825,2254.575,34145.4325,49404.5825,37435.59,0.9540665500578388,-0.2995947563972602,0.8660254037844387,-0.4999999999999998,-0.7818314824680299,0.6234898018587334,0,weekend,35.657
2025-04-21,2025,4,21,111,8,0,65.24,2025-04-21 08:00:00+00:00,2025-04-21 09:00:00+00:00,49250.4475,123.4775,2538.595,23345.185,42515.7,26007.2575,0.9487718864399473,-0.3159618766579029,0.8660254037844387,-0.4999999999999998,0.0,1.0,1,holiday,35.657
2025-04-22,2025,4,22,112,8,1,95.2,2025-04-22 08:00:00+00:00,2025-04-22 09:00:00+00:00,63692.39,61.52,2009.235,23390.31,54519.555,25461.065,0.9431964659565866,-0.3322354987159043,0.8660254037844387,-0.4999999999999998,0.7818314824680298,0.6234898018587336,0,weekday,35.85
2025-04-23,2025,4,23,113,8,2,92.0,2025-04-23 08:00:00+00:00,2025-04-23 09:00:00+00:00,64392.93,169.08499999999998,729.7375,24166.6275,54920.2625,25065.45,0.9373419384643772,-0.3484108069446808,0.8660254037844387,-0.4999999999999998,0.9749279121818236,-0.2225209339563143,0,weekday,34.675
2025-04-24,2025,4,24,114,8,3,96.67,2025-04-24 08:00:00+00:00,2025-04-24 09:00:00+00:00,64766.5175,1143.9,5155.4325,14487.5225,50347.555,20786.855,0.9312100364121948,-0.3644830148102912,0.8660254037844387,-0.4999999999999998,0.4338837391175582,-0.900968867902419,0,weekday,34.05
2025-04-25,2025,4,25,115,8,4,88.17,2025-04-25 08:00:00+00:00,2025-04-25 09:00:00+00:00,64799.82,427.365,4115.935,18286.845,48323.7,22830.145,0.9248025743285088,-0.3804473662878516,0.8660254037844387,-0.4999999999999998,-0.433883739117558,-0.9009688679024191,0,weekday,33.445
2025-04-26,2025,4,26,116,8,5,2.55,2025-04-26 08:00:00+00:00,2025-04-26 09:00:00+00:00,53849.4275,345.8075,4813.04,32980.495,53865.4625,38139.3425,0.9181214482844364,-0.3962991372689181,0.8660254037844387,-0.4999999999999998,-0.9749279121818236,-0.2225209339563146,0,weekend,32.432
2025-04-27,2025,4,27,117,8,6,-3.0,2025-04-27 08:00:00+00:00,2025-04-27 09:00:00+00:00,49570.65,908.65,3898.7275,37711.5325,56671.2725,42518.91,0.9111686353326632,-0.4120336369594263,0.8660254037844387,-0.4999999999999998,-0.7818314824680299,0.6234898018587334,0,weekend,32.566
2025-04-28,2025,4,28,118,8,0,10.03,2025-04-28 08:00:00+00:00,2025-04-28 09:00:00+00:00,65338.8575,330.31,210.925,39754.645,60931.7875,40295.88,0.9039461929224012,-0.4276462092677746,0.8660254037844387,-0.4999999999999998,0.0,1.0,0,weekday,32.7
2025-04-29,2025,4,29,119,8,1,9.31,2025-04-29 08:00:00+00:00,2025-04-29 09:00:00+00:00,64956.835,841.98,1522.5975,37810.125,60209.350000000006,40174.7025,0.8964562582905575,-0.4431322341826345,0.8660254037844387,-0.4999999999999998,0.7818314824680298,0.6234898018587336,0,weekday,30.9
2025-04-30,2025,4,30,120,8,2,7.08,2025-04-30 08:00:00+00:00,2025-04-30 09:00:00+00:00,64898.69,989.78,521.735,37576.015,59144.905,39087.53,0.8887010478292915,-0.4584871291400876,0.8660254037844387,-0.4999999999999998,0.9749279121818236,-0.2225209339563143,0,weekday,31.875
2025-05-01,2025,5,1,121,8,3,-3.0,2025-05-01 08:00:00+00:00,2025-05-01 09:00:00+00:00,49513.6025,466.8725,414.8775,38521.7975,53736.2025,39403.5475,0.8806828564301475,-0.47370635037968,0.8660254037844387,-0.4999999999999998,0.4338837391175582,-0.900968867902419,1,holiday,32.03
2025-05-02,2025,5,2,122,8,4,0.85,2025-05-02 08:00:00+00:00,2025-05-02 09:00:00+00:00,59615.65,1378.275,4305.1325,35157.2275,58866.31,40840.635,0.8724040568049612,-0.4887853942889926,0.8660254037844387,-0.4999999999999998,-0.433883739117558,-0.9009688679024191,0,weekday,32.095
2025-05-03,2025,5,3,123,8,5,0.01,2025-05-03 08:00:00+00:00,2025-05-03 09:00:00+00:00,52398.4925,1603.5275,4216.0725,27305.1825,48632.3625,33124.7825,0.8638670987837349,-0.503719798736334,0.8660254037844387,-0.4999999999999998,-0.9749279121818236,-0.2225209339563146,0,weekend,33.078
2025-05-04,2025,5,4,124,8,6,-0.01,2025-05-04 08:00:00+00:00,2025-05-04 09:00:00+00:00,48020.0575,3718.1475,18379.1925,20518.535,56036.1425,42615.875,0.8550745085896932,-0.518505144391157,0.8660254037844387,-0.4999999999999998,-0.7818314824680299,0.6234898018587334,0,weekend,32.934
2025-05-05,2025,5,5,125,8,0,80.0,2025-05-05 08:00:00+00:00,2025-05-05 09:00:00+00:00,62553.6575,1586.6625,9908.8,26222.2825,57936.5025,37717.745,0.8460288880917339,-0.533137056031809,0.8660254037844387,-0.4999999999999998,0.0,1.0,0,weekday,32.79
2025-05-06,2025,5,6,126,8,1,72.27,2025-05-06 08:00:00+00:00,2025-05-06 09:00:00+00:00,62621.67,3470.7650000000003,7551.7875,30989.1925,62465.2125,42011.745,0.8367329140344921,-0.5476112038402312,0.8660254037844387,-0.4999999999999998,0.7818314824680298,0.6234898018587336,0,weekday,33.34
2025-05-07,2025,5,7,127,8,2,82.41,2025-05-07 08:00:00+00:00,2025-05-07 09:00:00+00:00,62369.8375,638.4375,3160.675,29868.58,58856.7775,33667.692500000005,0.8271893372462497,-0.5619233046832195,0.8660254037844387,-0.4999999999999998,0.9749279121818236,-0.2225209339563143,0,weekday,34.615
2025-05-08,2025,5,8,128,8,3,87.81,2025-05-08 08:00:00+00:00,2025-05-08 09:00:00+00:00,64742.27,231.75,4087.3,29562.71,57142.5525,33881.76,0.8174009818249189,-0.5760691233798758,0.8660254037844387,-0.4999999999999998,0.4338837391175582,-0.900968867902419,0,weekday,34.22
2025-05-09,2025,5,9,129,8,4,51.6,2025-05-09 08:00:00+00:00,2025-05-09 09:00:00+00:00,63881.785,223.065,3403.915,38892.8275,64479.115,42519.8075,0.8073707443023492,-0.5900444739548627,0.8660254037844387,-0.4999999999999998,-0.433883739117558,-0.9009688679024191,0,weekday,35.7
2025-05-10,2025,5,10,130,8,5,-0.07,2025-05-10 08:00:00+00:00,2025-05-10 09:00:00+00:00,52860.490000000005,245.5225,1897.4675,38873.9625,58202.1775,41016.9525,0.7971015927871943,-0.6038452208771035,0.8660254037844387,-0.4999999999999998,-0.9749279121818236,-0.2225209339563146,0,weekend,34.618
2025-05-11,2025,5,11,131,8,6,-12.02,2025-05-11 08:00:00+00:00,2025-05-11 09:00:00+00:00,49584.9475,1032.545,5675.5825,40169.815,59373.605,46877.942500000005,0.7865965660866021,-0.6174672802835514,0.8660254037844387,-0.4999999999999998,-0.7818314824680299,0.6234898018587334,0,weekend,34.5865
2025-05-12,2025,5,12,132,8,0,0.49,2025-05-12 08:00:00+00:00,2025-05-12 09:00:00+00:00,64088.5075,3209.9025,7911.0275,41385.24,71061.9325,52506.17,0.7758587728069828,-0.6309066211876704,0.8660254037844387,-0.4999999999999998,0.0,1.0,0,weekday,34.555
2025-05-13,2025,5,13,133,8,1,16.09,2025-05-13 08:00:00+00:00,2025-05-13 09:00:00+00:00,63173.0725,658.2950000000001,2317.6025,41505.9025,65158.5325,44481.8,0.7648913904341225,-0.6441592666722685,0.8660254037844387,-0.4999999999999998,0.7818314824680298,0.6234898018587336,0,weekday,35.015
2025-05-14,2025,5,14,134,8,2,0.2,2025-05-14 08:00:00+00:00,2025-05-14 09:00:00+00:00,62947.05,2445.9975,5425.2775,39784.5675,68085.4675,47655.8425,0.753697664392914,-0.6572212950663319,0.8660254037844387,-0.4999999999999998,0.9749279121818236,-0.2225209339563143,0,weekday,35.65
2025-05-15,2025,5,15,135,8,3,4.58,2025-05-15 08:00:00+00:00,2025-05-15 09:00:00+00:00,62829.13,2430.9525,11895.5125,36145.57,68314.8,50472.035,0.742280907086982,-0.6700888411055113,0.8660254037844387,-0.4999999999999998,0.4338837391175582,-0.900968867902419,0,weekday,35.345
2025-05-16,2025,5,16,136,8,4,11.11,2025-05-16 08:00:00+00:00,2025-05-16 09:00:00+00:00,62611.485,2117.0725,8519.2925,33457.6275,63481.775,44093.9925,0.7306444969184916,-0.6827580970759147,0.8660254037844387,-0.4999999999999998,-0.433883739117558,-0.9009688679024191,0,weekday,35.35
2025-05-17,2025,5,17,137,8,5,-0.06,2025-05-17 08:00:00+00:00,2025-05-17 09:00:00+00:00,52335.205,1842.8875,10964.0475,33122.65,59479.1475,45929.58500000001,0.7187918772884232,-0.6952253139408722,0.8660254037844387,-0.4999999999999998,-0.9749279121818236,-0.2225209339563146,0,weekend,35.156
2025-05-18,2025,5,18,138,8,6,0.0,2025-05-18 08:00:00+00:00,2025-05-18 09:00:00+00:00,48241.1575,853.865,7113.36,30045.2725,52891.5775,38012.4975,0.7067265555776158,-0.7074868024503348,0.8660254037844387,-0.4999999999999998,-0.7818314824680299,0.6234898018587334,0,weekend,35.078
2025-05-19,2025,5,19,139,8,0,69.59,2025-05-19 08:00:00+00:00,2025-05-19 09:00:00+00:00,62318.3775,855.5525,3978.5425,33692.5025,59759.12,38526.5975,0.6944521021088763,-0.719538934232584,0.8660254037844387,-0.4999999999999998,0.0,1.0,0,weekday,35.0
2025-05-20,2025,5,20,140,8,1,61.58,2025-05-20 08:00:00+00:00,2025-05-20 09:00:00+00:00,63248.285,1121.9875,1092.5700000000002,37850.955,59667.735,40065.5125,0.6819721490904629,-0.7313781428679254,0.8660254037844387,-0.4999999999999998,0.7818314824680298,0.6234898018587336,0,weekday,35.26
2025-05-21,2025,5,21,141,8,2,42.22,2025-05-21 08:00:00+00:00,2025-05-21 09:00:00+00:00,62229.1925,4225.08,11628.2275,31719.185,67569.1775,47572.4925,0.6692903895412567,-0.7430009249440493,0.8660254037844387,-0.4999999999999998,0.9749279121818236,-0.2225209339563143,0,weekday,37.25
2025-05-22,2025,5,22,142,8,3,1.66,2025-05-22 08:00:00+00:00,2025-05-22 09:00:00+00:00,62268.08,4313.0125,24781.0,23558.1,63733.0625,52652.1125,0.6564105761979381,-0.7544038410927472,0.8660254037844387,-0.4999999999999998,0.4338837391175582,-0.900968867902419,0,weekday,36.54
2025-05-23,2025,5,23,143,8,4,70.0,2025-05-23 08:00:00+00:00,2025-05-23 09:00:00+00:00,62536.1225,3651.31,12762.0525,30195.32,64331.515,46608.6825,0.6433365204044917,-0.765583517007675,0.8660254037844387,-0.4999999999999998,-0.433883739117558,-0.9009688679024191,0,weekday,36.4
2025-05-24,2025,5,24,144,8,5,-0.01,2025-05-24 08:00:00+00:00,2025-05-24 09:00:00+00:00,52423.3525,1364.08,8951.575,32359.915,59738.33,42675.57,0.6300720909843687,-0.7765366444428655,0.8660254037844387,-0.4999999999999998,-0.9749279121818236,-0.2225209339563146,0,weekend,36.45
2025-05-25,2025,5,25,145,8,6,-0.61,2025-05-25 08:00:00+00:00,2025-05-25 09:00:00+00:00,48435.745,4576.31,22013.6475,10119.6575,50150.065,36709.615,0.6166212130956382,-0.7872599821916922,0.8660254037844387,-0.4999999999999998,-0.7818314824680299,0.6234898018587334,0,weekend,36.625
2025-05-26,2025,5,26,146,8,0,16.17,2025-05-26 08:00:00+00:00,2025-05-26 09:00:00+00:00,63369.5625,3117.1375,11168.4875,30143.3475,61611.8175,44428.9725,0.6029878670694714,-0.7977503570459932,0.8660254037844387,-0.4999999999999998,0.0,1.0,0,weekday,36.800000000000004
2025-05-27,2025,5,27,147,8,1,4.26,2025-05-27 08:00:00+00:00,2025-05-27 09:00:00+00:00,64001.7975,4769.145,25062.67,21858.15,70433.985,51689.965,0.5891760872322963,-0.8080046647350754,0.8660254037844387,-0.4999999999999998,0.7818314824680298,0.6234898018587336,0,weekday,36.975
2025-05-28,2025,5,28,148,8,2,76.48,2025-05-28 08:00:00+00:00,2025-05-28 09:00:00+00:00,63524.6525,2385.7375,25133.035,12822.435,60438.7925,40341.2075,0.5751899607119775,-0.8180198708443174,0.8660254037844387,-0.4999999999999998,0.9749279121818236,-0.2225209339563143,0,weekday,36.8
2025-05-29,2025,5,29,149,8,3,19.93,2025-05-29 08:00:00+00:00,2025-05-29 09:00:00+00:00,49332.0575,1522.57,4593.952499999999,29741.275,49823.195,35857.7975,0.5610336262283677,-0.8277930117131022,0.8660254037844387,-0.4999999999999998,0.4338837391175582,-0.900968867902419,1,holiday,35.158
2025-05-30,2025,5,30,150,8,4,1.83,2025-05-30 08:00:00+00:00,2025-05-30 09:00:00+00:00,56354.82,4728.0075,15942.565,28678.41,69818.615,49348.9825,0.5467112728685939,-0.8373211953118121,0.8660254037844387,-0.4999999999999998,-0.433883739117558,-0.9009688679024191,0,weekday,34.955
2025-05-31,2025,5,31,151,8,5,-0.02,2025-05-31 08:00:00+00:00,2025-05-31 09:00:00+00:00,50544.7825,669.9200000000001,1311.5,36460.1,56384.3675,38441.52,0.5322271388474397,-0.8466016020976267,0.8660254037844387,-0.4999999999999998,-0.9749279121818236,-0.2225209339563146,0,weekend,34.228
2025-06-01,2025,6,1,152,8,6,-0.6,2025-06-01 08:00:00+00:00,2025-06-01 09:00:00+00:00,47306.735,2048.7275,8888.98,24013.275,48679.9425,34950.9825,0.5175855102531889,-0.8556314858488706,0.8660254037844387,-0.4999999999999998,-0.7818314824680299,0.6234898018587334,0,weekend,34.164
2025-06-02,2025,6,2,153,8,0,57.47,2025-06-02 08:00:00+00:00,2025-06-02 09:00:00+00:00,61758.355,2210.2175,7411.5025,27930.8175,55899.067500000005,37552.5375,0.5027907197793043,-0.8644081744776648,0.8660254037844387,-0.4999999999999998,0.0,1.0,0,weekday,34.1
2025-06-03,2025,6,3,154,8,1,2.0,2025-06-03 08:00:00+00:00,2025-06-03 09:00:00+00:00,62564.735,4168.125,6380.2325,35821.6775,64931.19,46370.035,0.4878471454423119,-0.8729290708206411,0.8660254037844387,-0.4999999999999998,0.7818314824680298,0.6234898018587336,0,weekday,35.265
2025-06-04,2025,6,4,155,8,2,72.4,2025-06-04 08:00:00+00:00,2025-06-04 09:00:00+00:00,63061.58,2483.71,10689.1,25493.325,57000.94,38666.135,0.4727592092862775,-0.881191653407483,0.8660254037844387,-0.4999999999999998,0.9749279121818236,-0.2225209339563143,0,weekday,36.005
2025-06-05,2025,6,5,156,8,3,66.0,2025-06-05 08:00:00+00:00,2025-06-05 09:00:00+00:00,62924.54,3336.86,11178.7275,24794.807500000003,58628.87,39310.395,0.4575313760742512,-0.8891934772070711,0.8660254037844387,-0.4999999999999998,0.4338837391175582,-0.900968867902419,0,weekday,35.705
2025-06-06,2025,6,6,157,8,4,-0.01,2025-06-06 08:00:00+00:00,2025-06-06 09:00:00+00:00,62796.8975,3691.5925,31898.2925,23617.2175,77194.92749999999,59207.1025,0.442168151967072,-0.8969321743510065,0.8660254037844387,-0.4999999999999998,-0.433883739117558,-0.9009688679024191,0,weekday,36.55
2025-06-07,2025,6,7,158,8,5,30.53,2025-06-07 08:00:00+00:00,2025-06-07 09:00:00+00:00,52353.2275,1123.1825,12251.0425,20053.6475,47264.9725,33427.8725,0.4266740831899246,-0.9044054548343,0.8660254037844387,-0.4999999999999998,-0.9749279121818236,-0.2225209339563146,0,weekend,36.251
2025-06-08,2025,6,8,159,8,6,-2.0,2025-06-08 08:00:00+00:00,2025-06-08 09:00:00+00:00,45996.6725,667.0325,22809.665,22768.0175,55744.5875,46244.715,0.4110537546870351,-0.911611107193024,0.8660254037844387,-0.4999999999999998,-0.7818314824680299,0.6234898018587334,0,weekend,36.198
2025-06-09,2025,6,9,160,8,0,-1.14,2025-06-09 08:00:00+00:00,2025-06-09 09:00:00+00:00,47300.130000000005,1817.385,10510.42,32530.4075,59425.3575,44858.2125,0.3953117887649151,-0.9185469991587164,0.8660254037844387,-0.4999999999999998,0.0,1.0,1,holiday,36.145
2025-06-10,2025,6,10,161,8,1,22.21,2025-06-10 08:00:00+00:00,2025-06-10 09:00:00+00:00,61174.34,4615.8025,17215.1875,25339.8925,68314.5775,47170.8825,0.3794528437245443,-0.925211078289358,0.8660254037844387,-0.4999999999999998,0.7818314824680298,0.6234898018587336,0,weekday,35.555
2025-06-11,2025,6,11,162,8,2,22.98,2025-06-11 08:00:00+00:00,2025-06-11 09:00:00+00:00,60744.8975,1935.955,8725.05,31759.1825,62553.3225,42420.1875,0.3634816124829063,-0.9316013725767188,0.8660254037844387,-0.4999999999999998,0.9749279121818236,-0.2225209339563143,0,weekday,35.165
2025-06-12,2025,6,12,163,8,3,0.0,2025-06-12 08:00:00+00:00,2025-06-12 09:00:00+00:00,59618.4525,1318.6325,5370.5725,41124.6625,68077.695,47813.8675,0.3474028211842774,-0.9377159910299092,0.8660254037844387,-0.4999999999999998,0.4338837391175582,-0.900968867902419,0,weekday,36.405
2025-06-13,2025,6,13,164,8,4,4.1,2025-06-13 08:00:00+00:00,2025-06-13 09:00:00+00:00,59994.4825,3858.5325,11128.4875,39613.83,74549.56,54600.85,0.3312212278016865,-0.9435531242349544,0.8660254037844387,-0.4999999999999998,-0.433883739117558,-0.9009688679024191,0,weekday,37.595
2025-06-14,2025,6,14,165,8,5,-2.02,2025-06-14 08:00:00+00:00,2025-06-14 09:00:00+00:00,51617.995,2716.7525,11873.5725,38982.2275,67727.69,53572.552500000005,0.3149416207289519,-0.9491110448902284,0.8660254037844387,-0.4999999999999998,-0.9749279121818236,-0.2225209339563146,0,weekend,37.894
2025-06-15,2025,6,15,166,8,6,0.0,2025-06-15 08:00:00+00:00,2025-06-15 09:00:00+00:00,49217.2275,1455.2175,3780.375,29262.49,48208.9675,34498.082500000004,0.2985688173637202,-0.9543881083175908,0.8660254037844387,-0.4999999999999998,-0.7818314824680299,0.6234898018587334,0,weekend,38.282
2025-06-16,2025,6,16,167,8,0,60.28,2025-06-16 08:00:00+00:00,2025-06-16 09:00:00+00:00,62878.445,1859.2825,8348.32,31515.565,60613.5425,41723.1675,0.2821076626819194,-0.9593827529490744,0.8660254037844387,-0.4999999999999998,0.0,1.0,0,weekday,38.67
2025-06-17,2025,6,17,168,8,1,4.34,2025-06-17 08:00:00+00:00,2025-06-17 09:00:00+00:00,60870.67,3089.91,2003.955,39884.29,64424.58,44978.155,0.2655630278040559,-0.9640935007889756,0.8660254037844387,-0.4999999999999998,0.7818314824680298,0.6234898018587336,0,weekday,38.18
2025-06-18,2025,6,18,169,8,2,21.77,2025-06-18 08:00:00+00:00,2025-06-18 09:00:00+00:00,60978.685,1639.395,3713.3025,39167.63,63464.02,44520.3275,0.2489398085537665,-0.9685189578512204,0.8660254037844387,-0.4999999999999998,0.9749279121818236,-0.2225209339563143,0,weekday,39.55
2025-06-19,2025,6,19,170,8,3,-1.33,2025-06-19 08:00:00+00:00,2025-06-19 09:00:00+00:00,50049.025,1989.735,10621.385,39002.4925,66351.8975,51613.6125,0.2322429240090701,-0.9726578145718654,0.8660254037844387,-0.4999999999999998,0.4338837391175582,-0.900968867902419,0,weekday,41.485
2025-06-20,2025,6,20,171,8,4,15.83,2025-06-20 08:00:00+00:00,2025-06-20 09:00:00+00:00,54033.5875,399.4875,1359.4225,42102.93,62583.89,43861.84,0.2154773150467301,-0.976508846196619,0.8660254037844387,-0.4999999999999998,-0.433883739117558,-0.9009688679024191,0,weekday,39.955
2025-06-21,2025,6,21,172,8,5,0.19,2025-06-21 08:00:00+00:00,2025-06-21 09:00:00+00:00,49795.0775,707.14,935.3625,41526.025,60211.595,43168.5275,0.1986479428801711,-0.9800709131432666,0.8660254037844387,-0.4999999999999998,-0.9749279121818236,-0.2225209339563146,0,weekend,40.929
2025-06-22,2025,6,22,173,8,6,-11.11,2025-06-22 08:00:00+00:00,2025-06-22 09:00:00+00:00,48176.2325,1452.9575,3463.4025,40290.1875,59095.5825,45206.5475,0.1817597875913753,-0.9833429613388902,0.8660254037844387,-0.4999999999999998,-0.7818314824680299,0.6234898018587334,0,weekend,41.2645
2025-06-23,2025,6,23,174,8,0,-0.01,2025-06-23 08:00:00+00:00,2025-06-23 09:00:00+00:00,62544.1125,2997.8575,27667.145,25084.4525,71389.4375,55749.455,0.1648178466571979,-0.9863240225317866,0.8660254037844387,-0.4999999999999998,0.0,1.0,0,weekday,41.6
2025-06-24,2025,6,24,175,8,1,-4.01,2025-06-24 08:00:00+00:00,2025-06-24 09:00:00+00:00,60935.3275,3346.7650000000003,25961.725,33428.19,77387.63500000001,62736.68,0.1478271334705304,-0.9890132145779884,0.8660254037844387,-0.4999999999999998,0.7818314824680298,0.6234898018587336,0,weekday,36.485
2025-06-25,2025,6,25,176,8,2,10.07,2025-06-25 08:00:00+00:00,2025-06-25 09:00:00+00:00,61939.7825,2779.315,20308.2775,33079.9825,74925.365,56167.575,0.1307926758567592,-0.9914097417023038,0.8660254037844387,-0.4999999999999998,0.9749279121818236,-0.2225209339563143,0,weekday,35.45
2025-06-26,2025,6,26,177,8,3,88.95,2025-06-26 08:00:00+00:00,2025-06-26 09:00:00+00:00,63080.8725,754.2425000000001,8183.5875,27669.2825,57784.67,36607.1125,0.1137195145859496,-0.9935128947338008,0.8660254037844387,-0.4999999999999998,0.4338837391175582,-0.900968867902419,0,weekday,35.305
2025-06-27,2025,6,27,178,8,4,79.12,2025-06-27 08:00:00+00:00,2025-06-27 09:00:00+00:00,61673.7775,3258.3125,16834.315,21764.105,60766.62,41856.7325,0.0966127018812031,-0.9953220513156602,0.8660254037844387,-0.4999999999999998,-0.433883739117558,-0.9009688679024191,0,weekday,33.087
2025-06-28,2025,6,28,179,8,5,0.01,2025-06-28 08:00:00+00:00,2025-06-28 09:00:00+00:00,50585.95,3927.7425,11631.8575,33044.855,66850.2975,48604.455,0.0794772999236209,-0.9968366760893436,0.8660254037844387,-0.4999999999999998,-0.9749279121818236,-0.2225209339563146,0,weekend,33.087
2025-06-29,2025,6,29,180,8,6,0.0,2025-06-29 08:00:00+00:00,2025-06-29 09:00:00+00:00,48519.7775,1994.5025,7170.27,35225.86,59095.3175,44390.6325,0.062318379354325,-0.998056320853012,0.8660254037844387,-0.4999999999999998,-0.7818314824680299,0.6234898018587334,0,weekend,33.218500000000006
2025-06-30,2025,6,30,181,8,0,74.65,2025-06-30 08:00:00+00:00,2025-06-30 09:00:00+00:00,62554.26,723.6,1488.19,40666.515,64607.8675,42878.305,0.0451410177739719,-0.998980624694158,0.8660254037844387,-0.4999999999999998,0.0,1.0,0,weekday,33.35
2025-07-01,2025,7,1,182,8,1,84.31,2025-07-01 08:00:00+00:00,2025-07-01 09:00:00+00:00,61691.28,1051.0625,1209.96,40604.6025,64722.8875,42865.625,0.0279502982402103,-0.999609314096404,0.8660254037844387,-0.4999999999999998,0.7818314824680298,0.6234898018587336,0,weekday,33.1
2025-07-02,2025,7,2,183,8,2,81.06,2025-07-02 08:00:00+00:00,2025-07-02 09:00:00+00:00,63445.9625,1100.675,1470.415,40602.8375,63629.0175,43173.927500000005,0.0107513077635219,-0.9999422030204416,0.8660254037844387,-0.4999999999999998,0.9749279121818236,-0.2225209339563143,0,weekday,33.98
2025-07-03,2025,7,3,184,8,3,75.06,2025-07-03 08:00:00+00:00,2025-07-03 09:00:00+00:00,61285.8725,2949.75,15292.8,26974.737500000003,64946.2775,45217.287500000006,-0.0064508641981051,-0.9999791929590824,0.8660254037844387,-0.4999999999999998,0.4338837391175582,-0.900968867902419,0,weekday,33.65
2025-07-04,2025,7,4,185,8,4,70.01,2025-07-04 08:00:00+00:00,2025-07-04 09:00:00+00:00,62451.9725,3168.1825,4077.995,36537.490000000005,63322.2475,43783.6675,-0.0236511272452315,-0.9997202729664084,0.8660254037844387,-0.4999999999999998,-0.433883739117558,-0.9009688679024191,0,weekday,33.95
2025-07-05,2025,7,5,186,8,5,0.0,2025-07-05 08:00:00+00:00,2025-07-05 09:00:00+00:00,51673.0575,4720.5725,11035.515,32196.535,65595.21,47952.6225,-0.0408443915432961,-0.9991655196610107,0.8660254037844387,-0.4999999999999998,-0.9749279121818236,-0.2225209339563146,0,weekend,33.43
2025-07-06,2025,7,6,187,8,6,19.21,2025-07-06 08:00:00+00:00,2025-07-06 09:00:00+00:00,50402.6325,1599.2725,12028.015,24167.18,52784.405,37794.4675,-0.0580255693287803,-0.9983150972033183,0.8660254037844387,-0.4999999999999998,-0.7818314824680299,0.6234898018587334,0,weekend,33.32
2025-07-07,2025,7,7,188,8,0,108.64,2025-07-07 08:00:00+00:00,2025-07-07 09:00:00+00:00,63383.465,1800.4625,5549.452499999999,20185.68,51667.795,27535.595,-0.0751895764147585,-0.9971692572470178,0.8660254037844387,-0.4999999999999998,0.0,1.0,0,weekday,33.21
2025-07-08,2025,7,8,189,8,1,81.78,2025-07-08 08:00:00+00:00,2025-07-08 09:00:00+00:00,63872.2925,2626.9700000000003,8364.9225,24190.31,58519.55,35182.2025,-0.0923313336953912,-0.9957283388645872,0.8660254037844387,-0.4999999999999998,0.7818314824680298,0.6234898018587336,0,weekday,34.005
2025-07-09,2025,7,9,190,8,2,84.68,2025-07-09 08:00:00+00:00,2025-07-09 09:00:00+00:00,62726.5525,820.9649999999999,9620.8075,26312.585,60078.6875,36754.3575,-0.1094457686489155,-0.993992768446958,0.8660254037844387,-0.4999999999999998,0.9749279121818236,-0.2225209339563143,0,weekday,34.32
2025-07-10,2025,7,10,191,8,3,82.0,2025-07-10 08:00:00+00:00,2025-07-10 09:00:00+00:00,61344.0975,429.1575,1879.305,33081.555,58323.2875,35390.0175,-0.1265278168386831,-0.9919630595773395,0.8660254037844387,-0.4999999999999998,0.4338837391175582,-0.900968867902419,0,weekday,34.655
2025-07-11,2025,7,11,192,8,4,82.9,2025-07-11 08:00:00+00:00,2025-07-11 09:00:00+00:00,62334.655,1128.8225,5433.215,29103.4275,55721.7425,35665.465000000004,-0.1435724234118113,-0.9896398128792412,0.8660254037844387,-0.4999999999999998,-0.433883739117558,-0.9009688679024191,0,weekday,34.93
2025-07-12,2025,7,12,193,8,5,18.19,2025-07-12 08:00:00+00:00,2025-07-12 09:00:00+00:00,51651.07,3340.405,8864.8275,23495.835,54275.87,35701.0675,-0.1605745445949937,-0.9870237158387384,0.8660254037844387,-0.4999999999999998,-0.9749279121818236,-0.2225209339563146,0,weekend,35.561
2025-07-13,2025,7,13,194,8,6,4.28,2025-07-13 08:00:00+00:00,2025-07-13 09:00:00+00:00,49295.305,1358.9125,2887.83,27773.2075,48182.17,32019.95,-0.1775291491870349,-0.984115542601034,0.8660254037844387,-0.4999999999999998,-0.7818314824680299,0.6234898018587334,0,weekend,35.5505
2025-07-14,2025,7,14,195,8,0,84.58,2025-07-14 08:00:00+00:00,2025-07-14 09:00:00+00:00,63176.4525,55.86,3254.6375,27671.3025,54105.7625,30981.800000000003,-0.1944312200476619,-0.9809161537413774,0.8660254037844387,-0.4999999999999998,0.0,1.0,0,weekday,35.54
2025-07-15,2025,7,15,196,8,1,77.67,2025-07-15 08:00:00+00:00,2025-07-15 09:00:00+00:00,62344.7575,1764.1925,8262.75,27062.65,58532.9025,37089.5925,-0.2112757555821793,-0.9774264960104057,0.8660254037844387,-0.4999999999999998,0.7818314824680298,0.6234898018587336,0,weekday,35.105
2025-07-16,2025,7,16,197,8,2,89.8,2025-07-16 08:00:00+00:00,2025-07-16 09:00:00+00:00,61184.6225,925.0775,9179.5825,21941.4825,57973.275,32046.1425,-0.2280577712215198,-0.9736476020539838,0.8660254037844387,-0.4999999999999998,0.9749279121818236,-0.2225209339563143,0,weekday,34.655
2025-07-17,2025,7,17,198,8,3,85.0,2025-07-17 08:00:00+00:00,2025-07-17 09:00:00+00:00,57965.6575,2192.8225,11548.435,25882.0175,62722.46,39623.275,-0.2447723008972595,-0.9695805901076308,0.8660254037844387,-0.4999999999999998,0.4338837391175582,-0.900968867902419,0,weekday,35.14
2025-07-18,2025,7,18,199,8,4,84.98,2025-07-18 08:00:00+00:00,2025-07-18 09:00:00+00:00,60276.41,37.0925,580.8525,29286.9,57815.505000000005,29904.845,-0.2614143985111562,-0.965226663665613,0.8660254037844387,-0.4999999999999998,-0.433883739117558,-0.9009688679024191,0,weekday,34.6
2025-07-19,2025,7,19,200,8,5,10.0,2025-07-19 08:00:00+00:00,2025-07-19 09:00:00+00:00,50594.8225,259.115,1826.17,38202.7625,56762.845,40288.0475,-0.2779791393987801,-0.9605871111248128,0.8660254037844387,-0.4999999999999998,-0.9749279121818236,-0.2225209339563146,0,weekend,33.595
2025-07-20,2025,7,20,201,8,6,9.04,2025-07-20 08:00:00+00:00,2025-07-20 09:00:00+00:00,49490.0125,1368.95,2782.4625,32154.48,50947.7375,36305.8925,-0.2944616217868012,-0.9556633054034704,0.8660254037844387,-0.4999999999999998,-0.7818314824680299,0.6234898018587334,0,weekend,33.7125
2025-07-21,2025,7,21,202,8,0,105.99,2025-07-21 08:00:00+00:00,2025-07-21 09:00:00+00:00,63303.0475,929.05,3853.0625,14399.9575,47242.2575,19182.07,-0.3108569682435036,-0.9504567035349152,0.8660254037844387,-0.4999999999999998,0.0,1.0,0,weekday,33.83
2025-07-22,2025,7,22,203,8,1,81.73,2025-07-22 08:00:00+00:00,2025-07-22 09:00:00+00:00,61738.1925,657.0799999999999,15415.04,22944.0775,60946.755000000005,39016.1975,-0.3271603271220951,-0.9449688462364056,0.8660254037844387,-0.4999999999999998,0.7818314824680298,0.6234898018587336,0,weekday,33.215
2025-07-23,2025,7,23,204,8,2,67.3,2025-07-23 08:00:00+00:00,2025-07-23 09:00:00+00:00,61201.2175,2740.2925,20154.495,27462.1375,73103.8075,50356.925,-0.343366873996388,-0.939201357453208,0.8660254037844387,-0.4999999999999998,0.9749279121818236,-0.2225209339563143,0,weekday,33.505
2025-07-24,2025,7,24,205,8,3,89.17,2025-07-24 08:00:00+00:00,2025-07-24 09:00:00+00:00,61445.775,383.2,2263.395,23264.5175,54796.0175,25911.112500000003,-0.3594718130884232,-0.9331559438780432,0.8660254037844387,-0.4999999999999998,0.4338837391175582,-0.900968867902419,0,weekday,32.385
2025-07-25,2025,7,25,206,8,4,94.08,2025-07-25 08:00:00+00:00,2025-07-25 09:00:00+00:00,60625.8125,881.2325,2932.9725,24582.0675,54864.8975,28396.2725,-0.3754703786876202,-0.9268343944460494,0.8660254037844387,-0.4999999999999998,-0.433883739117558,-0.9009688679024191,0,weekday,32.1
2025-07-26,2025,7,26,207,8,5,79.59,2025-07-26 08:00:00+00:00,2025-07-26 09:00:00+00:00,49968.3625,343.4975,1358.735,24580.35,45947.355,26282.5825,-0.3913578365610259,-0.9202385798054076,0.8660254037844387,-0.4999999999999998,-0.9749279121818236,-0.2225209339563146,0,weekend,32.499
2025-07-27,2025,7,27,208,8,6,75.91,2025-07-27 08:00:00+00:00,2025-07-27 09:00:00+00:00,48605.2375,724.3399999999999,1965.015,22436.8475,41495.53,25126.2025,-0.4071294853542516,-0.9133704517637858,0.8660254037844387,-0.4999999999999998,-0.7818314824680299,0.6234898018587334,0,weekend,32.397000000000006
2025-07-28,2025,7,28,209,8,0,97.25,2025-07-28 08:00:00+00:00,2025-07-28 09:00:00+00:00,63170.9175,1002.36,8778.9025,19068.225,50489.1075,28849.4875,-0.4227806579826773,-0.9062320427107696,0.8660254037844387,-0.4999999999999998,0.0,1.0,0,weekday,32.295
2025-07-29,2025,7,29,210,8,1,66.37,2025-07-29 08:00:00+00:00,2025-07-29 09:00:00+00:00,61352.2025,3826.7125,9356.0675,27729.9725,59243.2475,40912.7525,-0.4383067230125192,-0.898825465016444,0.8660254037844387,-0.4999999999999998,0.7818314824680298,0.6234898018587336,0,weekday,34.103
2025-07-30,2025,7,30,211,8,2,63.29,2025-07-30 08:00:00+00:00,2025-07-30 09:00:00+00:00,60236.145,4301.4825,10355.5075,24939.075,60217.205,39596.065,-0.4537030860313442,-0.8911529104063088,0.8660254037844387,-0.4999999999999998,0.9749279121818236,-0.2225209339563143,0,weekday,33.65
2025-07-31,2025,7,31,212,8,3,74.17,2025-07-31 08:00:00+00:00,2025-07-31 09:00:00+00:00,62484.6525,3839.4525,14442.5825,20444.715,59773.192500000005,38726.75,-0.4689651910076318,-0.8832166493127127,0.8660254037844387,-0.4999999999999998,0.4338837391175582,-0.900968867902419,0,weekday,34.685
2025-08-01,2025,8,1,213,8,4,97.95,2025-08-01 08:00:00+00:00,2025-08-01 09:00:00+00:00,61491.165,1206.39,6175.51,19294.6725,49143.1675,26676.5725,-0.4840885216389758,-0.8750190302029955,0.8660254037844387,-0.4999999999999998,-0.433883739117558,-0.9009688679024191,0,weekday,35.15
2025-08-02,2025,8,2,214,8,5,31.09,2025-08-02 08:00:00+00:00,2025-08-02 09:00:00+00:00,51030.165,3583.1375,4626.9775,20564.78,45853.865000000005,28774.895,-0.4990686026885319,-0.8665624788845385,0.8660254037844387,-0.4999999999999998,-0.9749279121818236,-0.2225209339563146,0,weekend,33.972
2025-08-03,2025,8,3,215,8,6,-1.01,2025-08-03 08:00:00+00:00,2025-08-03 09:00:00+00:00,49224.9,2551.3125,11818.1375,20616.775,50487.725,34986.225000000006,-0.5139010013093103,-0.8578494977869301,0.8660254037844387,-0.4999999999999998,-0.7818314824680299,0.6234898018587334,0,weekend,34.0185
2025-08-04,2025,8,4,216,8,0,80.05,2025-08-04 08:00:00+00:00,2025-08-04 09:00:00+00:00,62251.1,1325.4299999999998,12454.5525,15989.8,50834.825,29769.7825,-0.5285813283559292,-0.8488826652214553,0.8660254037844387,-0.4999999999999998,0.0,1.0,0,weekday,34.065
2025-08-05,2025,8,5,217,8,1,-0.21,2025-08-05 08:00:00+00:00,2025-08-05 09:00:00+00:00,59644.8225,3001.5775,14691.825,23990.265,60566.455,41683.6675,-0.5431052396834317,-0.8396646346181327,0.8660254037844387,-0.4999999999999998,0.7818314824680298,0.6234898018587336,0,weekday,34.19
2025-08-06,2025,8,6,218,8,2,-0.01,2025-08-06 08:00:00+00:00,2025-08-06 09:00:00+00:00,59514.315,3616.6375,13970.785,36844.2175,70978.12,54431.64,-0.5574684374327892,-0.8301981337405212,0.8660254037844387,-0.4999999999999998,0.9749279121818236,-0.2225209339563143,0,weekday,33.995
2025-08-07,2025,8,7,219,8,3,22.23,2025-08-07 08:00:00+00:00,2025-08-07 09:00:00+00:00,59869.4275,3040.7725,2664.4975,37700.56,61574.805,43405.83,-0.5716666713027052,-0.8204859638785327,0.8660254037844387,-0.4999999999999998,0.4338837391175582,-0.900968867902419,0,weekday,32.95
2025-08-08,2025,8,8,220,8,4,66.0,2025-08-08 08:00:00+00:00,2025-08-08 09:00:00+00:00,60982.34,1792.93,5910.61,32517.22,59814.185,40220.76,-0.5856957398073508,-0.8105309990194823,0.8660254037844387,-0.4999999999999998,-0.433883739117558,-0.9009688679024191,0,weekday,32.78
2025-08-09,2025,8,9,221,8,5,-0.02,2025-08-09 08:00:00+00:00,2025-08-09 09:00:00+00:00,50104.412500000006,1346.6225,651.5975,37092.1425,54606.19,39090.3625,-0.5995514915196489,-0.8003361849976323,0.8660254037844387,-0.4999999999999998,-0.9749279121818236,-0.2225209339563146,0,weekend,32.446
2025-08-10,2025,8,10,222,8,6,-3.11,2025-08-10 08:00:00+00:00,2025-08-10 09:00:00+00:00,48417.1725,1489.7,5850.335,39440.285,58609.2225,46780.32000000001,-0.6132298262997502,-0.7899045386224707,0.8660254037844387,-0.4999999999999998,-0.7818314824680299,0.6234898018587334,0,weekend,32.468
2025-08-11,2025,8,11,223,8,0,50.0,2025-08-11 08:00:00+00:00,2025-08-11 09:00:00+00:00,60708.4675,571.3375,1286.59,41433.6275,60571.942500000005,43291.555,-0.6267266965083301,-0.7792391467859886,0.8660254037844387,-0.4999999999999998,0.0,1.0,0,weekday,32.49
2025-08-12,2025,8,12,224,8,1,79.53,2025-08-12 08:00:00+00:00,2025-08-12 09:00:00+00:00,60082.595,487.2675,2255.83,39059.5375,63615.942500000005,41802.635,-0.6400381082043503,-0.7683431655492202,0.8660254037844387,-0.4999999999999998,0.7818314824680298,0.6234898018587336,0,weekday,33.065
2025-08-13,2025,8,13,225,8,2,89.26,2025-08-13 08:00:00+00:00,2025-08-13 09:00:00+00:00,59724.0,1011.2275,1754.9575,38964.4225,61759.025,41730.6075,-0.65316012232693,-0.7572198192083127,0.8660254037844387,-0.4999999999999998,0.9749279121818236,-0.2225209339563143,0,weekday,32.615
2025-08-14,2025,8,14,226,8,3,81.26,2025-08-14 08:00:00+00:00,2025-08-14 09:00:00+00:00,59139.4125,507.985,1053.525,37037.0325,59071.42,38598.5425,-0.666088855860977,-0.7458723993404063,0.8660254037844387,-0.4999999999999998,0.4338837391175582,-0.900968867902419,0,weekday,32.86
2025-08-15,2025,8,15,227,8,4,43.9,2025-08-15 08:00:00+00:00,2025-08-15 09:00:00+00:00,57438.0625,1124.51,2819.025,37016.22,57723.77,40959.755000000005,-0.6788204829862355,-0.734304263829602,0.8660254037844387,-0.4999999999999998,-0.433883739117558,-0.9009688679024191,0,weekday,31.975
2025-08-16,2025,8,16,228,8,5,25.12,2025-08-16 08:00:00+00:00,2025-08-16 09:00:00+00:00,51334.9325,3364.225,7490.105,25924.845,51733.2725,36779.175,-0.6913512362094071,-0.722518835873311,0.8660254037844387,-0.4999999999999998,-0.9749279121818236,-0.2225209339563146,0,weekend,31.031
2025-08-17,2025,8,17,229,8,6,9.96,2025-08-17 08:00:00+00:00,2025-08-17 09:00:00+00:00,48439.07,1857.2175,2598.3675,30864.7475,49344.8425,35320.332500000004,-0.7036774074790128,-0.7105196029692745,0.8660254037844387,-0.4999999999999998,-0.7818314824680299,0.6234898018587334,0,weekend,30.8405
2025-08-18,2025,8,18,230,8,0,72.06,2025-08-18 08:00:00+00:00,2025-08-18 09:00:00+00:00,59729.535,60.26,1115.345,39474.3125,61473.73,40649.9175,-0.7157953492826642,-0.6983101158835584,0.8660254037844387,-0.4999999999999998,0.0,1.0,0,weekday,30.65
2025-08-19,2025,8,19,231,8,1,69.64,2025-08-19 08:00:00+00:00,2025-08-19 09:00:00+00:00,60838.5175,697.8675000000001,1073.1725,39449.1725,59797.1775,41220.2125,-0.7277014757264236,-0.6858939875998223,0.8660254037844387,-0.4999999999999998,0.7818314824680298,0.6234898018587336,0,weekday,30.725
2025-08-20,2025,8,20,232,8,2,80.98,2025-08-20 08:00:00+00:00,2025-08-20 09:00:00+00:00,60382.8275,2482.7025,4635.38,31113.4,59098.4975,38231.4825,-0.7393922635959241,-0.673274892250183,0.8660254037844387,-0.4999999999999998,0.9749279121818236,-0.2225209339563143,0,weekday,31.375
2025-08-21,2025,8,21,233,8,3,85.85,2025-08-21 08:00:00+00:00,2025-08-21 09:00:00+00:00,59930.9325,2316.93,4350.915,27152.2,54976.625,33820.045,-0.7508642533989489,-0.6604565640279754,0.8660254037844387,-0.4999999999999998,0.4338837391175582,-0.900968867902419,0,weekday,32.245
2025-08-22,2025,8,22,234,8,4,72.44,2025-08-22 08:00:00+00:00,2025-08-22 09:00:00+00:00,60319.8225,3674.5075,10701.075,29244.73,63255.9475,43620.3125,-0.7621140503891487,-0.6474427960827475,0.8660254037844387,-0.4999999999999998,-0.433883739117558,-0.9009688679024191,0,weekday,33.4
2025-08-23,2025,8,23,235,8,5,14.69,2025-08-23 08:00:00+00:00,2025-08-23 09:00:00+00:00,50935.6375,3750.3225,14215.7225,24828.2,56601.1775,42794.245,-0.7731383255706026,-0.6342374393978054,0.8660254037844387,-0.4999999999999998,-0.9749279121818236,-0.2225209339563146,0,weekend,33.573
2025-08-24,2025,8,24,236,8,6,-0.01,2025-08-24 08:00:00+00:00,2025-08-24 09:00:00+00:00,48676.55,1709.66,4365.875,33416.315,53778.5175,39491.850000000006,-0.7839338166829201,-0.620844401650647,0.8660254037844387,-0.4999999999999998,-0.7818314824680299,0.6234898018587334,0,weekend,33.424
2025-08-25,2025,8,25,237,8,0,72.98,2025-08-25 08:00:00+00:00,2025-08-25 09:00:00+00:00,60407.65,1119.01,5388.195,35849.0225,61665.755,42356.2275,-0.7944973291665992,-0.6072676460566135,0.8660254037844387,-0.4999999999999998,0.0,1.0,0,weekday,33.275
2025-08-26,2025,8,26,238,8,1,77.47,2025-08-26 08:00:00+00:00,2025-08-26 09:00:00+00:00,60126.895,905.2525,1305.7475,37005.61,60169.5,39216.61,-0.8048257371083452,-0.593511190196115,0.8660254037844387,-0.4999999999999998,0.7818314824680298,0.6234898018587336,0,weekday,33.6
2025-08-27,2025,8,27,239,8,2,86.0,2025-08-27 08:00:00+00:00,2025-08-27 09:00:00+00:00,61520.595,1649.71,4428.8925,27747.79,58889.42,33826.3925,-0.8149159841660791,-0.5795791048257612,0.8660254037844387,-0.4999999999999998,0.9749279121818236,-0.2225209339563143,0,weekday,32.7
2025-08-28,2025,8,28,240,8,3,112.27,2025-08-28 08:00:00+00:00,2025-08-28 09:00:00+00:00,61857.2075,671.2725,1971.1425,15207.525,49510.1875,17849.94,-0.8247650844733614,-0.5654755126737576,0.8660254037844387,-0.4999999999999998,0.4338837391175582,-0.900968867902419,0,weekday,31.275
2025-08-29,2025,8,29,241,8,4,84.25,2025-08-29 08:00:00+00:00,2025-08-29 09:00:00+00:00,61517.815,1932.46,3785.0975,22068.645,54872.5425,27786.2025,-0.8343701235229538,-0.5512045872199277,0.8660254037844387,-0.4999999999999998,-0.433883739117558,-0.9009688679024191,0,weekday,31.75
2025-08-30,2025,8,30,242,8,5,36.46,2025-08-30 08:00:00+00:00,2025-08-30 09:00:00+00:00,51496.5425,3428.02,8069.09,24014.2225,53512.6275,35511.332500000004,-0.8437282590292712,-0.5367705514607103,0.8660254037844387,-0.4999999999999998,-0.9749279121818236,-0.2225209339563146,0,weekend,31.622
2025-08-31,2025,8,31,243,8,6,-0.01,2025-08-31 08:00:00+00:00,2025-08-31 09:00:00+00:00,49957.885,4078.61,7059.285,30886.125,54673.745,42024.02,-0.8528367217694595,-0.522177676659508,0.8660254037844387,-0.4999999999999998,-0.7818314824680299,0.6234898018587334,0,weekend,31.9485
2025-09-01,2025,9,1,244,8,0,82.0,2025-09-01 08:00:00+00:00,2025-09-01 09:00:00+00:00,61799.155,996.4075,6802.4025,25151.5375,54245.07,32950.3475,-0.8616928164028522,-0.5074302810827518,0.8660254037844387,-0.4999999999999998,0.0,1.0,0,weekday,32.275
2025-09-02,2025,9,2,245,8,1,102.14,2025-09-02 08:00:00+00:00,2025-09-02 09:00:00+00:00,61182.6875,1536.385,3358.405,17555.28,52982.6625,22450.07,-0.8702939222685674,-0.4925327287220543,0.8660254037844387,-0.4999999999999998,0.7818314824680298,0.6234898018587336,0,weekday,32.2
2025-09-03,2025,9,3,246,8,2,29.04,2025-09-03 08:00:00+00:00,2025-09-03 09:00:00+00:00,62259.54,4456.57,18706.695,28557.945,69040.76,51721.21,-0.8786374941610001,-0.4774894280028391,0.8660254037844387,-0.4999999999999998,0.9749279121818236,-0.2225209339563143,0,weekday,31.525
2025-09-04,2025,9,4,247,8,3,41.45,2025-09-04 08:00:00+00:00,2025-09-04 09:00:00+00:00,63363.905,4124.7225,10980.5325,29717.96,62874.795,44823.215,-0.886721063082993,-0.4623048304798108,0.8660254037844387,-0.4999999999999998,0.4338837391175582,-0.900968867902419,0,weekday,31.84
2025-09-05,2025,9,5,248,8,4,87.83,2025-09-05 08:00:00+00:00,2025-09-05 09:00:00+00:00,62326.24,1760.8125,7952.860000000001,16766.8975,55010.71,26480.57,-0.8945422369764496,-0.4469834295196741,0.8660254037844387,-0.4999999999999998,-0.433883739117558,-0.9009688679024191,0,weekday,32.52
2025-09-06,2025,9,6,249,8,5,11.35,2025-09-06 08:00:00+00:00,2025-09-06 09:00:00+00:00,50705.1,173.2275,645.5975,34524.582500000004,51589.0975,35343.4075,-0.9020987014301836,-0.4315297589714714,0.8660254037844387,-0.4999999999999998,-0.9749279121818236,-0.2225209339563146,0,weekend,31.969
2025-09-07,2025,9,7,250,8,6,-4.0,2025-09-07 08:00:00+00:00,2025-09-07 09:00:00+00:00,49404.71,2424.98,6977.84,35622.072499999995,56392.12,45024.8925,-0.9093882203647924,-0.4159483918249421,0.8660254037844387,-0.4999999999999998,-0.7818314824680299,0.6234898018587334,0,weekend,32.084500000000006
2025-09-08,2025,9,8,251,8,0,85.83,2025-09-08 08:00:00+00:00,2025-09-08 09:00:00+00:00,63936.495,3193.56,4868.2125,28660.185,59221.7475,36721.9575,-0.9164086366943458,-0.4002439388573056,0.8660254037844387,-0.4999999999999998,0.0,1.0,0,weekday,32.2
2025-09-09,2025,9,9,252,8,1,101.73,2025-09-09 08:00:00+00:00,2025-09-09 09:00:00+00:00,63256.815,348.0475,2903.3525,20310.8525,53011.7175,23562.2525,-0.923157872964704,-0.3844210472688554,0.8660254037844387,-0.4999999999999998,0.7818314824680298,0.6234898018587336,0,weekday,33.085
2025-09-10,2025,9,10,253,8,2,107.33,2025-09-10 08:00:00+00:00,2025-09-10 09:00:00+00:00,63139.7775,815.595,1027.385,19839.0075,49274.46,21681.9875,-0.9296339319682696,-0.3684843993077793,0.8660254037844387,-0.4999999999999998,0.9749279121818236,-0.2225209339563143,0,weekday,33.24
2025-09-11,2025,9,11,254,8,3,73.64,2025-09-11 08:00:00+00:00,2025-09-11 09:00:00+00:00,63066.5025,4511.705,15372.535,22786.195,61788.88,42670.435,-0.935834897334994,-0.3524387108846032,0.8660254037844387,-0.4999999999999998,0.4338837391175582,-0.900968867902419,0,weekday,32.51
2025-09-12,2025,9,12,255,8,4,1.85,2025-09-12 08:00:00+00:00,2025-09-12 09:00:00+00:00,63799.69,5363.5025000000005,22381.2775,25483.0525,70381.335,53227.8325,-0.9417589340994617,-0.3362887301766828,0.8660254037844387,-0.4999999999999998,-0.433883739117558,-0.9009688679024191,0,weekday,32.395
2025-09-13,2025,9,13,256,8,5,14.3,2025-09-13 08:00:00+00:00,2025-09-13 09:00:00+00:00,52094.6625,5802.85,11220.5725,20664.03,51810.665,37687.4525,-0.9474042892438844,-0.3200392362231385,0.8660254037844387,-0.4999999999999998,-0.9749279121818236,-0.2225209339563146,0,weekend,32.662
2025-09-14,2025,9,14,257,8,6,61.68,2025-09-14 08:00:00+00:00,2025-09-14 09:00:00+00:00,50071.7675,1380.015,7661.24,19528.78,44642.412500000006,28570.035,-0.9527692922168512,-0.3036950375106588,0.8660254037844387,-0.4999999999999998,-0.7818314824680299,0.6234898018587334,0,weekend,32.431
2025-09-15,2025,9,15,258,8,0,-0.47,2025-09-15 08:00:00+00:00,2025-09-15 09:00:00+00:00,64551.3275,3801.2075,36103.64,22763.4325,76421.66750000001,62668.28,-0.9578523554276668,-0.2872609705505963,0.8660254037844387,-0.4999999999999998,0.0,1.0,0,weekday,32.2
2025-09-16,2025,9,16,259,8,1,-5.11,2025-09-16 08:00:00+00:00,2025-09-16 09:00:00+00:00,63662.075,3764.3575,43157.0875,23667.120000000003,78342.6375,70588.565,-0.9626519747161488,-0.2707418984477642,0.8660254037844387,-0.4999999999999998,0.7818314824680298,0.6234898018587336,0,weekday,31.91
2025-09-17,2025,9,17,260,8,2,69.14,2025-09-17 08:00:00+00:00,2025-09-17 09:00:00+00:00,64164.2675,5898.735000000001,20940.7475,21996.4925,64795.115,48835.975000000006,-0.9671667297977312,-0.2541427094613622,0.8660254037844387,-0.4999999999999998,0.9749279121818236,-0.2225209339563143,0,weekday,32.605
2025-09-18,2025,9,18,261,8,3,65.1,2025-09-18 08:00:00+00:00,2025-09-18 09:00:00+00:00,63278.225,5919.62,17411.605,24768.975,67607.58499999999,48100.2,-0.97139528468375,-0.2374683155584684,0.8660254037844387,-0.4999999999999998,0.4338837391175582,-0.900968867902419,0,weekday,32.555
2025-09-19,2025,9,19,262,8,4,53.7,2025-09-19 08:00:00+00:00,2025-09-19 09:00:00+00:00,64735.1875,4829.185,7555.885,31928.9275,61511.6075,44313.9975,-0.9753363880767836,-0.2207236509605022,0.8660254037844387,-0.4999999999999998,-0.433883739117558,-0.9009688679024191,0,weekday,32.66
2025-09-20,2025,9,20,263,8,5,3.02,2025-09-20 08:00:00+00:00,2025-09-20 09:00:00+00:00,53104.5725,4084.1025,8608.7725,32650.61,59393.2725,45343.485,-0.978988873740932,-0.2039136706831147,0.8660254037844387,-0.4999999999999998,-0.9749279121818236,-0.2225209339563146,0,weekend,32.308
2025-09-21,2025,9,21,264,8,6,0.0,2025-09-21 08:00:00+00:00,2025-09-21 09:00:00+00:00,50927.95,5243.9575,19747.7375,21368.265,61589.245,46359.96,-0.9823516608469236,-0.1870433490699165,0.8660254037844387,-0.4999999999999998,-0.7818314824680299,0.6234898018587334,0,weekend,32.204
2025-09-22,2025,9,22,265,8,0,91.82,2025-09-22 08:00:00+00:00,2025-09-22 09:00:00+00:00,62923.442500000005,4137.4975,10284.16,12386.525,51141.2525,26808.182500000003,-0.9854237542919524,-0.1701176783204905,0.8660254037844387,-0.4999999999999998,0.0,1.0,0,weekday,32.1
2025-09-23,2025,9,23,266,8,1,93.92,2025-09-23 08:00:00+00:00,2025-09-23 09:00:00+00:00,62814.5975,1377.37,5120.6725,21716.9475,56089.01,28214.99,-0.9882042449941422,-0.15314166701312,0.8660254037844387,-0.4999999999999998,0.7818314824680298,0.6234898018587336,0,weekday,32.03
2025-09-24,2025,9,24,267,8,2,85.54,2025-09-24 08:00:00+00:00,2025-09-24 09:00:00+00:00,63525.905,1134.7075,16461.2225,19848.7075,57670.2675,37444.6375,-0.9906923101615608,-0.136120338622667,0.8660254037844387,-0.4999999999999998,0.9749279121818236,-0.2225209339563143,0,weekday,32.16
2025-09-25,2025,9,25,268,8,3,77.95,2025-09-25 08:00:00+00:00,2025-09-25 09:00:00+00:00,63799.6,4463.545,23307.5975,14036.1925,59326.505000000005,41807.335,-0.9928872135356962,-0.1190587300340498,0.8660254037844387,-0.4999999999999998,0.4338837391175582,-0.900968867902419,0,weekday,32.405
2025-09-26,2025,9,26,269,8,4,89.84,2025-09-26 08:00:00+00:00,2025-09-26 09:00:00+00:00,64113.8975,5145.96,13994.635,14868.34,56668.615000000005,34008.935,-0.994788305609327,-0.1019618900517457,0.8660254037844387,-0.4999999999999998,-0.433883739117558,-0.9009688679024191,0,weekday,32.655
2025-09-27,2025,9,27,270,8,5,87.86,2025-09-27 08:00:00+00:00,2025-09-27 09:00:00+00:00,53494.5725,3328.8425,6757.785,17536.0075,45840.6775,27622.635,-0.9963950238187232,-0.0848348779057653,0.8660254037844387,-0.4999999999999998,-0.9749279121818236,-0.2225209339563146,0,weekend,32.697
2025-09-28,2025,9,28,271,8,6,82.08,2025-09-28 08:00:00+00:00,2025-09-28 09:00:00+00:00,51321.48,707.46,973.115,24872.71,42267.1825,26553.285,-0.9977068927101168,-0.0676827617545516,0.8660254037844387,-0.4999999999999998,-0.7818314824680299,0.6234898018587334,0,weekend,32.4885
2025-09-29,2025,9,29,272,8,0,90.21,2025-09-29 08:00:00+00:00,2025-09-29 09:00:00+00:00,65865.235,565.565,1691.865,23643.515,56300.06,25900.945,-0.9987235240803972,-0.0505106171852228,0.8660254037844387,-0.4999999999999998,0.0,1.0,0,weekday,32.28
2025-09-30,2025,9,30,273,8,1,115.2,2025-09-30 08:00:00+00:00,2025-09-30 09:00:00+00:00,64727.65,913.82,2910.0725,18386.845,52630.97,22210.737500000003,-0.9994446170919858,-0.0333235257116313,0.8660254037844387,-0.4999999999999998,0.7818314824680298,0.6234898018587336,0,weekday,32.255
2025-10-01,2025,10,1,274,8,2,86.035,2025-10-01 08:00:00+00:00,2025-10-01 09:00:00+00:00,65101.42,1613.5675,2276.075,29985.15,61191.5775,33874.7925,-0.9998699583618592,-0.0161265732706577,0.8660254037844387,-0.4999999999999998,0.9749279121818236,-0.2225209339563143,0,weekday,31.275
2025-10-02,2025,10,2,275,8,3,91.48,2025-10-02 08:00:00+00:00,2025-10-02 09:00:00+00:00,63149.60249999999,3134.0575,2885.1825,31551.3975,62921.87,37570.6375,-0.9999994220246924,0.0010751512827982,0.8660254037844387,-0.4999999999999998,0.4338837391175582,-0.900968867902419,0,weekday,31.445
2025-10-03,2025,10,3,276,8,4,59.9975,2025-10-03 08:00:00+00:00,2025-10-03 09:00:00+00:00,53368.7425,4839.5625,10238.0375,27160.135,55997.7675,42237.735,-0.999832969770105,0.0182765576816912,0.8660254037844387,-0.4999999999999998,-0.433883739117558,-0.9009688679024191,1,holiday,31.105
2025-10-04,2025,10,4,277,8,5,-0.09,2025-10-04 08:00:00+00:00,2025-10-04 09:00:00+00:00,53543.8575,4309.9575,39344.6275,7121.29,61979.067500000005,50775.87500000001,-0.9993706508539968,0.0354725557531255,0.8660254037844387,-0.4999999999999998,-0.9749279121818236,-0.2225209339563146,0,weekend,31.438
2025-10-05,2025,10,5,278,8,6,-3.33,2025-10-05 08:00:00+00:00,2025-10-05 09:00:00+00:00,52456.06,3234.9425,36604.1475,14041.2575,62579.85,53880.3475,-0.9986126020839734,0.052658056924614,0.8660254037844387,-0.4999999999999998,-0.7818314824680299,0.6234898018587334,0,weekend,31.944000000000003
2025-10-06,2025,10,6,279,8,0,100.5275,2025-10-06 08:00:00+00:00,2025-10-06 09:00:00+00:00,67154.9875,4811.7675,25822.275,11178.44,63921.39,41812.482500000006,-0.9975590477788612,0.0698279757298708,0.8660254037844387,-0.4999999999999998,0.0,1.0,0,weekday,32.45
2025-10-07,2025,10,7,280,8,1,154.66,2025-10-07 08:00:00+00:00,2025-10-07 09:00:00+00:00,65856.19750000001,1843.76,2732.75,6723.9275,46725.035,11300.4375,-0.9962102997023295,0.0869772313136861,0.8660254037844387,-0.4999999999999998,0.7818314824680298,0.6234898018587336,0,weekday,33.5
2025-10-08,2025,10,8,281,8,2,118.445,2025-10-08 08:00:00+00:00,2025-10-08 09:00:00+00:00,66066.07,1411.31,3774.6825,10971.7375,50706.075,16157.73,-0.9945667569706336,0.1041007489354256,0.8660254037844387,-0.4999999999999998,0.9749279121818236,-0.2225209339563143,0,weekday,33.57
2025-10-09,2025,10,9,282,8,3,109.6875,2025-10-09 08:00:00+00:00,2025-10-09 09:00:00+00:00,65609.825,3725.3225,4734.05,13469.525,56712.7225,21928.8975,-0.9926289059345096,0.121193461470736,0.8660254037844387,-0.4999999999999998,0.4338837391175582,-0.900968867902419,0,weekday,32.195
2025-10-10,2025,10,10,283,8,4,93.0075,2025-10-10 08:00:00+00:00,2025-10-10 09:00:00+00:00,66383.33,4063.695,13731.1075,16784.225,61050.63,34579.0275,-0.9903973200352558,0.1382503109109819,0.8660254037844387,-0.4999999999999998,-0.433883739117558,-0.9009688679024191,0,weekday,32.08
2025-10-11,2025,10,11,284,8,5,82.4325,2025-10-11 08:00:00+00:00,2025-10-11 09:00:00+00:00,55001.11,3014.5175,11185.95,13263.0525,46888.505000000005,27463.52,-0.9878726596350428,0.1552662498599956,0.8660254037844387,-0.4999999999999998,-0.9749279121818236,-0.2225209339563146,0,weekend,32.17
2025-10-12,2025,10,12,285,8,6,76.205,2025-10-12 08:00:00+00:00,2025-10-12 09:00:00+00:00,53449.365,4244.5975,10986.8825,11597.615,45848.5625,26829.095,-0.9850556718215012,0.172236243027682,0.8660254037844387,-0.4999999999999998,-0.7818314824680299,0.6234898018587334,0,weekend,31.997500000000002
2025-10-13,2025,10,13,286,8,0,125.0975,2025-10-13 08:00:00+00:00,2025-10-13 09:00:00+00:00,66773.8175,591.495,1046.705,13850.0375,51281.9,15488.2375,-0.981947190186646,0.1891552687200409,0.8660254037844387,-0.4999999999999998,0.0,1.0,0,weekday,31.825
2025-10-14,2025,10,14,287,8,1,134.725,2025-10-14 08:00:00+00:00,2025-10-14 09:00:00+00:00,65682.045,3434.5225,4749.03,14126.795,57735.075,22310.3475,-0.9785481345802032,0.2060183203251708,0.8660254037844387,-0.4999999999999998,0.7818314824680298,0.6234898018587336,0,weekday,31.46
2025-10-15,2025,10,15,288,8,2,142.3575,2025-10-15 08:00:00+00:00,2025-10-15 09:00:00+00:00,66085.465,1724.68,1212.75,11583.755,53048.9975,14521.185,-0.9748595108374124,0.2228204077947995,0.8660254037844387,-0.4999999999999998,0.9749279121818236,-0.2225209339563143,0,weekday,31.75
2025-10-16,2025,10,16,289,8,3,92.2375,2025-10-16 08:00:00+00:00,2025-10-16 09:00:00+00:00,66233.9525,4638.75,8932.625,11394.5675,59681.505000000005,24965.9425,-0.9708824104813836,0.239556559120927,0.8660254037844387,-0.4999999999999998,0.4338837391175582,-0.900968867902419,0,weekday,32.265
2025-10-17,2025,10,17,290,8,4,117.18,2025-10-17 08:00:00+00:00,2025-10-17 09:00:00+00:00,66357.4675,3679.395,7857.532499999999,12387.31,58464.9725,23924.2375,-0.9666180104000972,0.2562218218071163,0.8660254037844387,-0.4999999999999998,-0.433883739117558,-0.9009688679024191,0,weekday,32.195
2025-10-18,2025,10,18,291,8,5,91.4675,2025-10-18 08:00:00+00:00,2025-10-18 09:00:00+00:00,54995.7325,670.685,2771.8625,22077.72,47805.99,25520.2675,-0.9620675724981452,0.2728112643340191,0.8660254037844387,-0.4999999999999998,-0.9749279121818236,-0.2225209339563146,0,weekend,31.816
2025-10-19,2025,10,19,292,8,6,69.6375,2025-10-19 08:00:00+00:00,2025-10-19 09:00:00+00:00,53642.567500000005,3676.9625,13478.2675,15685.2425,48694.8775,32840.4725,-0.957232443323312,0.2893199776186952,0.8660254037844387,-0.4999999999999998,-0.7818314824680299,0.6234898018587334,0,weekend,31.795499999999997
2025-10-20,2025,10,20,293,8,0,73.15,2025-10-20 08:00:00+00:00,2025-10-20 09:00:00+00:00,66505.69499999999,6384.065,23788.31,13365.1425,64173.615000000005,43537.5175,-0.9521140536681102,0.3057430764672831,0.8660254037844387,-0.4999999999999998,0.0,1.0,0,weekday,31.775
2025-10-21,2025,10,21,294,8,1,74.27,2025-10-21 08:00:00+00:00,2025-10-21 09:00:00+00:00,65356.6725,5665.9225,31784.8125,14624.46,70190.72,52075.195,-0.9467139181463862,0.3220757010206104,0.8660254037844387,-0.4999999999999998,0.7818314824680298,0.6234898018587336,0,weekday,31.435
2025-10-22,2025,10,22,295,8,2,105.7275,2025-10-22 08:00:00+00:00,2025-10-22 09:00:00+00:00,65637.3025,4980.24,11833.935,8308.939999999999,58916.6975,25123.115,-0.9410336347451196,0.3383130181923076,0.8660254037844387,-0.4999999999999998,0.9749279121818236,-0.2225209339563143,0,weekday,32.05
2025-10-23,2025,10,23,296,8,3,79.7025,2025-10-23 08:00:00+00:00,2025-10-23 09:00:00+00:00,65742.22,6020.1975,34143.4025,6237.7675,68354.575,46401.3675,-0.9350748843515574,0.3544502230989869,0.8660254037844387,-0.4999999999999998,0.4338837391175582,-0.900968867902419,0,weekday,32.25
2025-10-24,2025,10,24,297,8,4,58.3025,2025-10-24 08:00:00+00:00,2025-10-24 09:00:00+00:00,66470.81,4479.755,43916.692500000005,10874.285,76809.9525,59270.7325,-0.9288394302558068,0.3704825404820963,0.8660254037844387,-0.4999999999999998,-0.433883739117558,-0.9009688679024191,0,weekday,32.2
2025-10-25,2025,10,25,298,8,5,6.7275,2025-10-25 08:00:00+00:00,2025-10-25 09:00:00+00:00,54747.425,5480.3825,37833.45,9213.2325,69385.5,52527.065,-0.9223291176290545,0.3864052261209853,0.8660254037844387,-0.4999999999999998,-0.9749279121818236,-0.2225209339563146,0,weekend,32.016
2025-10-26,2025,10,26,299,8,6,-0.3125,2025-10-26 08:00:00+00:00,2025-10-26 09:00:00+00:00,51171.93,4008.5075,39023.11,12464.945,68030.5925,55496.5625,-0.9155458729775467,0.4022135682368036,0.8660254037844387,-0.4999999999999998,-0.7818314824680299,0.6234898018587334,0,weekend,31.698
2025-10-27,2025,10,27,300,8,0,101.86,2025-10-27 08:00:00+00:00,2025-10-27 09:00:00+00:00,67281.01999999999,3970.165,33583.3275,4674.965,66411.17,42228.4575,-0.9084917035725082,0.4179028888867866,0.8660254037844387,-0.4999999999999998,0.0,1.0,0,weekday,31.38
2025-10-28,2025,10,28,301,8,1,87.36500000000001,2025-10-28 08:00:00+00:00,2025-10-28 09:00:00+00:00,65952.5,5624.225,34342.8425,5758.185,68822.3075,45725.2525,-0.9011686968561567,0.4334685453485363,0.8660254037844387,-0.4999999999999998,0.7818314824680298,0.6234898018587336,0,weekday,31.315
2025-10-29,2025,10,29,302,8,2,85.805,2025-10-29 08:00:00+00:00,2025-10-29 09:00:00+00:00,65671.6825,6390.2275,18667.17,16565.82,65492.3425,41623.2175,-0.8935790198239952,0.4489059314938798,0.8660254037844387,-0.4999999999999998,0.9749279121818236,-0.2225209339563143,0,weekday,31.869
2025-10-30,2025,10,30,303,8,3,66.7225,2025-10-30 08:00:00+00:00,2025-10-30 09:00:00+00:00,66510.5125,5580.48,37310.88,12245.205,76074.935,55136.565,-0.8857249183835637,0.4642104791518923,0.8660254037844387,-0.4999999999999998,0.4338837391175582,-0.900968867902419,0,weekday,36.0
2025-10-31,2025,10,31,304,8,4,83.0125,2025-10-31 08:00:00+00:00,2025-10-31 09:00:00+00:00,63499.4375,4829.1675,12160.1725,17849.695,57300.44,34839.035,-0.8776087166898392,0.4793776594606945,0.8660254037844387,-0.4999999999999998,-0.433883739117558,-0.9009688679024191,0,weekday,31.185
2025-11-01,2025,11,1,305,8,5,27.045,2025-11-01 08:00:00+00:00,2025-11-01 09:00:00+00:00,48894.1125,5475.1975,21969.475,13348.1075,57686.85,40792.78,-0.8692328164574792,0.4944029842076181,0.8660254037844387,-0.4999999999999998,-0.9749279121818236,-0.2225209339563146,0,weekend,31.122
2025-11-02,2025,11,2,306,8,6,78.4575,2025-11-02 08:00:00+00:00,2025-11-02 09:00:00+00:00,51903.5375,4050.3425,13507.035,5796.175,43333.8225,23353.5525,-0.8605996962501181,0.5092820071573356,0.8660254037844387,-0.4999999999999998,-0.7818314824680299,0.6234898018587334,0,weekend,31.3385
2025-11-03,2025,11,3,307,8,0,85.7625,2025-11-03 08:00:00+00:00,2025-11-03 09:00:00+00:00,65407.27250000001,6059.965,19095.5225,13006.98,63298.4325,38162.4675,-0.8517119107469189,0.5240103253675756,0.8660254037844387,-0.4999999999999998,0.0,1.0,0,weekday,31.555
2025-11-04,2025,11,4,308,8,1,80.8475,2025-11-04 08:00:00+00:00,2025-11-04 09:00:00+00:00,64690.41,6371.8025,17364.8575,15783.9025,64512.74,39520.5625,-0.8425720899866032,0.5385835804920232,0.8660254037844387,-0.4999999999999998,0.7818314824680298,0.6234898018587336,0,weekday,31.94
2025-11-05,2025,11,5,309,8,2,74.54,2025-11-05 08:00:00+00:00,2025-11-05 09:00:00+00:00,65380.315,5378.86,17249.635000000002,18612.6875,65498.395,41241.1825,-0.8331829385891785,0.5529974600700271,0.8660254037844387,-0.4999999999999998,0.9749279121818236,-0.2225209339563143,0,weekday,32.1
2025-11-06,2025,11,6,310,8,3,93.2125,2025-11-06 08:00:00+00:00,2025-11-06 09:00:00+00:00,65491.6375,1273.9525,8903.68,16987.0125,60585.9675,27164.645,-0.8235472349556007,0.5672476988027229,0.8660254037844387,-0.4999999999999998,0.4338837391175582,-0.900968867902419,0,weekday,31.445
2025-11-07,2025,11,7,311,8,4,108.105,2025-11-07 08:00:00+00:00,2025-11-07 09:00:00+00:00,67961.7175,887.8824999999999,4497.125,12641.35,54341.945,18026.3575,-0.8136678304455991,0.5813300798152042,0.8660254037844387,-0.4999999999999998,-0.433883739117558,-0.9009688679024191,0,weekday,31.49
2025-11-08,2025,11,8,312,8,5,103.62,2025-11-08 08:00:00+00:00,2025-11-08 09:00:00+00:00,56422.87,137.2975,1165.8,7782.254999999999,43958.9525,9085.3525,-0.8035476485339116,0.5952404359043674,0.8660254037844387,-0.4999999999999998,-0.9749279121818236,-0.2225209339563146,0,weekend,31.201
2025-11-09,2025,11,9,313,8,6,97.6175,2025-11-09 08:00:00+00:00,2025-11-09 09:00:00+00:00,53105.177500000005,287.655,2461.3450000000003,4072.1625,38593.44,6821.1625,-0.7931896839451843,0.6089746507720486,0.8660254037844387,-0.4999999999999998,-0.7818314824680299,0.6234898018587334,0,weekend,31.250500000000002
2025-11-10,2025,11,10,314,8,0,144.2975,2025-11-10 08:00:00+00:00,2025-11-10 09:00:00+00:00,67759.3325,2022.1775,2824.7825000000003,5976.495,52867.2775,10823.455,-0.7825970017677834,0.6225286602431057,0.8660254037844387,-0.4999999999999998,0.0,1.0,0,weekday,31.3
2025-11-11,2025,11,11,315,8,1,103.115,2025-11-11 08:00:00+00:00,2025-11-11 09:00:00+00:00,67243.43,4647.7625,15993.7125,7280.76,63063.715,27922.235,-0.7717727365467836,0.6358984534680745,0.8660254037844387,-0.4999999999999998,0.7818314824680298,0.6234898018587336,0,weekday,31.04
2025-11-12,2025,11,12,316,8,2,78.1125,2025-11-12 08:00:00+00:00,2025-11-12 09:00:00+00:00,67504.24,5993.7300000000005,22393.6425,13154.1,66855.0275,41541.4725,-0.7607200913564104,0.6490800741100398,0.8660254037844387,-0.4999999999999998,0.9749279121818236,-0.2225209339563143,0,weekday,31.365
2025-11-13,2025,11,13,317,8,3,53.61,2025-11-13 08:00:00+00:00,2025-11-13 09:00:00+00:00,67085.62,5939.5175,30978.2175,15547.7075,73874.14749999999,52465.442500000005,-0.7494423368521954,0.6620696215153815,0.8660254037844387,-0.4999999999999998,0.4338837391175582,-0.900968867902419,0,weekday,31.01
2025-11-14,2025,11,14,318,8,4,120.9025,2025-11-14 08:00:00+00:00,2025-11-14 09:00:00+00:00,67581.8775,2202.045,11572.82,10166.62,61444.65,23941.485,-0.7379428103031386,0.6748632518680403,0.8660254037844387,-0.4999999999999998,-0.433883739117558,-0.9009688679024191,0,weekday,30.745
2025-11-15,2025,11,15,319,8,5,85.235,2025-11-15 08:00:00+00:00,2025-11-15 09:00:00+00:00,56507.8825,5470.8625,20116.0825,4700.547500000001,55046.3525,30287.4925,-0.7262249146041543,0.6874571793269664,0.8660254037844387,-0.4999999999999998,-0.9749279121818236,-0.2225209339563146,0,weekend,31.25
2025-11-16,2025,11,16,320,8,6,101.185,2025-11-16 08:00:00+00:00,2025-11-16 09:00:00+00:00,53673.3225,2118.6025,6928.8725,7105.7275,43690.9025,16153.2025,-0.7142921172691032,0.699847677146407,0.8660254037844387,-0.4999999999999998,-0.7818314824680299,0.6234898018587334,0,weekend,31.3625
2025-11-17,2025,11,17,321,8,0,121.6875,2025-11-17 08:00:00+00:00,2025-11-17 09:00:00+00:00,68118.8675,4966.592500000001,15212.9125,5107.2275,59540.025,25286.7325,-0.7021479494046978,0.7120310787787131,0.8660254037844387,-0.4999999999999998,0.0,1.0,0,weekday,31.475
2025-11-18,2025,11,18,322,8,1,107.45,2025-11-18 08:00:00+00:00,2025-11-18 09:00:00+00:00,67618.4625,3086.07,17513.58,8337.6125,67372.2475,28937.2625,-0.6897960046655887,0.7240037789593305,0.8660254037844387,-0.4999999999999998,0.7818314824680298,0.6234898018587336,0,weekday,31.74
2025-11-19,2025,11,19,323,8,2,115.1625,2025-11-19 08:00:00+00:00,2025-11-19 09:00:00+00:00,64780.9025,2241.0975,17400.0875,9104.0225,64570.52,28745.2075,-0.6772399381909491,0.7357622347736527,0.8660254037844387,-0.4999999999999998,0.9749279121818236,-0.2225209339563143,0,weekday,31.155
2025-11-20,2025,11,20,324,8,3,153.655,2025-11-20 08:00:00+00:00,2025-11-20 09:00:00+00:00,69765.88500000001,1230.3025,13973.7125,5376.2925,59541.8575,20580.3075,-0.6644834655228552,0.7473029667054296,0.8660254037844387,-0.4999999999999998,0.4338837391175582,-0.900968867902419,0,weekday,31.035
2025-11-21,2025,11,21,325,8,4,181.83,2025-11-21 08:00:00+00:00,2025-11-21 09:00:00+00:00,69214.2075,1403.9775,4404.6925,10026.7475,57774.3925,15835.4175,-0.6515303615068021,0.75862255966641,0.8660254037844387,-0.4999999999999998,-0.433883739117558,-0.9009688679024191,0,weekday,30.62
2025-11-22,2025,11,22,326,8,5,89.1175,2025-11-22 08:00:00+00:00,2025-11-22 09:00:00+00:00,57605.255,5674.5175,10508.995,11898.4525,53568.735,28081.965,-0.6383844591746642,0.7697176640069211,0.8660254037844387,-0.4999999999999998,-0.9749279121818236,-0.2225209339563146,0,weekend,30.198
2025-11-23,2025,11,23,327,8,6,65.96,2025-11-23 08:00:00+00:00,2025-11-23 09:00:00+00:00,55463.5,5715.2425,21476.7325,12373.4475,56504.655,39565.4225,-0.6250496486104377,0.7805849965070866,0.8660254037844387,-0.4999999999999998,-0.7818314824680299,0.6234898018587334,0,weekend,30.1115
2025-11-24,2025,11,24,328,8,0,110.26,2025-11-24 08:00:00+00:00,2025-11-24 09:00:00+00:00,71774.35,4248.3175,18417.6175,2621.685,63596.255,25287.620000000003,-0.6115298757991053,0.7912213413483807,0.8660254037844387,-0.4999999999999998,0.0,1.0,0,weekday,30.025
2025-11-25,2025,11,25,329,8,1,292.65,2025-11-25 08:00:00+00:00,2025-11-25 09:00:00+00:00,71323.2425,3052.6,1376.865,2364.7175,53690.94,6794.182500000001,-0.5978291414589552,0.801623551065242,0.8660254037844387,-0.4999999999999998,0.7818314824680298,0.6234898018587336,0,weekday,29.65
2025-11-26,2025,11,26,330,8,2,211.8475,2025-11-26 08:00:00+00:00,2025-11-26 09:00:00+00:00,70499.0275,366.6875,4452.36,3118.0600000000004,54285.1425,7937.1075,-0.5839514998576998,0.8117885474764613,0.8660254037844387,-0.4999999999999998,0.9749279121818236,-0.2225209339563143,0,weekday,29.37
2025-11-27,2025,11,27,331,8,3,106.9525,2025-11-27 08:00:00+00:00,2025-11-27 09:00:00+00:00,69516.375,5177.46,17771.385,5497.0625,65650.5375,28445.9075,-0.5699010576127624,0.8217133225960589,0.8660254037844387,-0.4999999999999998,0.4338837391175582,-0.900968867902419,0,weekday,29.368
2025-11-28,2025,11,28,332,8,4,103.4,2025-11-28 08:00:00+00:00,2025-11-28 09:00:00+00:00,71342.66,5555.6975,22477.8025,3962.9075,65452.8525,31996.4075,-0.5556819724760489,0.8313949395234058,0.8660254037844387,-0.4999999999999998,-0.433883739117558,-0.9009688679024191,0,weekday,29.07
2025-11-29,2025,11,29,333,8,5,101.5825,2025-11-29 08:00:00+00:00,2025-11-29 09:00:00+00:00,58894.4075,5142.2375,11936.2225,2785.5825,48825.5475,19864.0425,-0.5412984521036173,0.8408305333122887,0.8660254037844387,-0.4999999999999998,-0.9749279121818236,-0.2225209339563146,0,weekend,28.817
2025-11-30,2025,11,30,334,8,6,80.65,2025-11-30 08:00:00+00:00,2025-11-30 09:00:00+00:00,56852.355,5600.465,18872.45,4897.8375,51606.7325,29370.7525,-0.5267547528105542,0.8500173118187018,0.8660254037844387,-0.4999999999999998,-0.7818314824680299,0.6234898018587334,0,weekend,28.546
2025-12-01,2025,12,1,335,8,0,105.095,2025-12-01 08:00:00+00:00,2025-12-01 09:00:00+00:00,70196.5775,5769.9575,15869.8925,6794.79,61256.4475,28434.64,-0.5120551783114646,0.8589525565270845,0.8660254037844387,-0.4999999999999998,0.0,1.0,0,weekday,28.275
2025-12-02,2025,12,2,336,8,1,88.28,2025-12-02 08:00:00+00:00,2025-12-02 09:00:00+00:00,70777.015,6088.4875,23320.6875,5251.1225,64109.875,34660.2975,-0.4972040784469378,0.8676336233547726,0.8660254037844387,-0.4999999999999998,0.7818314824680298,0.6234898018587336,0,weekday,27.715
2025-12-03,2025,12,3,337,8,2,219.89,2025-12-03 08:00:00+00:00,2025-12-03 09:00:00+00:00,70565.1025,1204.245,3738.08,3683.255,53642.435,8625.58,-0.4822058478963526,0.8760579434344281,0.8660254037844387,-0.4999999999999998,0.9749279121818236,-0.2225209339563143,0,weekday,27.995
2025-12-04,2025,12,4,338,8,3,163.985,2025-12-04 08:00:00+00:00,2025-12-04 09:00:00+00:00,71313.26,1846.5425,6435.9275,3160.365,55616.9175,11442.835,-0.4670649248774303,0.8842230238742036,0.8660254037844387,-0.4999999999999998,0.4338837391175582,-0.900968867902419,0,weekday,27.575
2025-12-05,2025,12,5,339,8,4,184.145,2025-12-05 08:00:00+00:00,2025-12-05 09:00:00+00:00,71690.0475,1006.48,1666.4299999999998,1819.21,51154.0625,4492.12,-0.451785789832884,0.8921264484954345,0.8660254037844387,-0.4999999999999998,-0.433883739117558,-0.9009688679024191,0,weekday,27.36
2025-12-06,2025,12,6,340,8,5,80.94,2025-12-06 08:00:00+00:00,2025-12-06 09:00:00+00:00,58557.5025,5292.3775000000005,26075.135,2821.16,57570.49,34188.6725,-0.4363729641045924,0.8997658785476209,0.8660254037844387,-0.4999999999999998,-0.9749279121818236,-0.2225209339563146,0,weekend,27.266
2025-12-07,2025,12,7,341,8,6,85.555,2025-12-07 08:00:00+00:00,2025-12-07 09:00:00+00:00,56163.98,3995.0475,19081.605,2358.3125,49970.5675,25434.965,-0.4208310085956556,0.9071390534005044,0.8660254037844387,-0.4999999999999998,-0.7818314824680299,0.6234898018587334,0,weekend,27.408
2025-12-08,2025,12,8,342,8,0,98.3375,2025-12-08 08:00:00+00:00,2025-12-08 09:00:00+00:00,65320.185,5633.4325,29433.415,4008.225,65821.545,39075.0725,-0.4051645224207563,0.9142437912130223,0.8660254037844387,-0.4999999999999998,0.0,1.0,0,weekday,27.55
2025-12-09,2025,12,9,343,8,1,111.335,2025-12-09 08:00:00+00:00,2025-12-09 09:00:00+00:00,67595.785,4828.139999999999,16992.8375,4709.625,61190.18,26530.6025,-0.3893781415452015,0.9210779895789526,0.8660254037844387,-0.4999999999999998,0.7818314824680298,0.6234898018587336,0,weekday,27.4
2025-12-10,2025,12,10,344,8,2,94.225,2025-12-10 08:00:00+00:00,2025-12-10 09:00:00+00:00,68850.8225,6347.49,18683.9675,5104.6,61508.8925,30136.057499999995,-0.3734765374130707,0.9276396261490468,0.8660254037844387,-0.4999999999999998,0.9749279121818236,-0.2225209339563143,0,weekday,27.015
2025-12-11,2025,12,11,345,8,3,106.1675,2025-12-11 08:00:00+00:00,2025-12-11 09:00:00+00:00,68631.0475,6013.389999999999,17297.58,3671.98,63405.9425,26982.95,-0.3574644155648614,0.9339267592294762,0.8660254037844387,-0.4999999999999998,0.4338837391175582,-0.900968867902419,0,weekday,26.715
2025-12-12,2025,12,12,346,8,4,126.9025,2025-12-12 08:00:00+00:00,2025-12-12 09:00:00+00:00,68272.1225,1802.46,5855.71,4183.08,55653.34,11841.25,-0.3413465142450361,0.9399375283564132,0.8660254037844387,-0.4999999999999998,-0.433883739117558,-0.9009688679024191,0,weekday,27.355
2025-12-13,2025,12,13,347,8,5,106.77,2025-12-13 08:00:00+00:00,2025-12-13 09:00:00+00:00,58248.04,2856.235,10033.1725,2301.7650000000003,50064.77,15191.1725,-0.3251276029999093,0.9456701548465688,0.8660254037844387,-0.4999999999999998,-0.9749279121818236,-0.2225209339563146,0,weekend,27.684
2025-12-14,2025,12,14,348,8,6,82.345,2025-12-14 08:00:00+00:00,2025-12-14 09:00:00+00:00,54082.765,5969.8475,14609.1675,2274.9675,48605.99,22853.9825,-0.3088124812662537,0.9511229423235356,0.8660254037844387,-0.4999999999999998,-0.7818314824680299,0.6234898018587334,0,weekend,27.707
2025-12-15,2025,12,15,349,8,0,96.65,2025-12-15 08:00:00+00:00,2025-12-15 09:00:00+00:00,69740.1925,6209.88,18547.8425,5450.75,63018.2925,30208.4725,-0.2924059769510773,0.956294277219772,0.8660254037844387,-0.4999999999999998,0.0,1.0,0,weekday,27.73
2025-12-16,2025,12,16,350,8,1,101.265,2025-12-16 08:00:00+00:00,2025-12-16 09:00:00+00:00,70336.12,4131.0975,13920.4825,6269.745,62840.4775,24321.325,-0.2759129450029604,0.9611826292540836,0.8660254037844387,-0.4999999999999998,0.7818314824680298,0.6234898018587336,0,weekday,26.97
2025-12-17,2025,12,17,351,8,2,126.295,2025-12-17 08:00:00+00:00,2025-12-17 09:00:00+00:00,68346.545,600.5074999999999,10928.7125,5144.7125,58781.3525,16673.9325,-0.2593382659754056,0.9657865518844574,0.8660254037844387,-0.4999999999999998,0.9749279121818236,-0.2225209339563143,0,weekday,27.085
2025-12-18,2025,12,18,352,8,3,88.5575,2025-12-18 08:00:00+00:00,2025-12-18 09:00:00+00:00,67041.52,5571.26,29163.3275,5122.535,67288.28,39857.1225,-0.2426868445825954,0.9701046827361176,0.8660254037844387,-0.4999999999999998,0.4338837391175582,-0.900968867902419,0,weekday,27.55
2025-12-19,2025,12,19,353,8,4,89.38499999999999,2025-12-19 08:00:00+00:00,2025-12-19 09:00:00+00:00,67659.64,5459.735000000001,28500.1225,3880.12,65554.6375,37839.9775,-0.225963608248019,0.974135744004672,0.8660254037844387,-0.4999999999999998,-0.433883739117558,-0.9009688679024191,0,weekday,27.95
2025-12-20,2025,12,20,354,8,5,114.8,2025-12-20 08:00:00+00:00,2025-12-20 09:00:00+00:00,55841.315,1461.5275,3033.8925,3296.91,44297.295,7792.33,-0.2091735056463563,0.9778785428342386,0.8660254037844387,-0.4999999999999998,-0.9749279121818236,-0.2225209339563146,0,weekend,28.161
2025-12-21,2025,12,21,355,8,6,107.01,2025-12-21 08:00:00+00:00,2025-12-21 09:00:00+00:00,54512.765,3433.2625,11600.625,3500.7825,47211.1275,18534.67,-0.1923215052390948,0.9813319716704276,0.8660254037844387,-0.4999999999999998,-0.7818314824680299,0.6234898018587334,0,weekend,27.924
2025-12-22,2025,12,22,356,8,0,90.7925,2025-12-22 08:00:00+00:00,2025-12-22 09:00:00+00:00,68230.1625,5966.9,18566.75,2931.4325,56288.815,27465.0825,-0.1754125938042784,0.9844950085880858,0.8660254037844387,-0.4999999999999998,0.0,1.0,0,weekday,27.687
2025-12-23,2025,12,23,357,8,1,85.465,2025-12-23 08:00:00+00:00,2025-12-23 09:00:00+00:00,66084.5075,5700.6075,26644.1075,2045.0125,60822.0275,34389.72749999999,-0.1584517749608363,0.9873667175937016,0.8660254037844387,-0.4999999999999998,0.7818314824680298,0.6234898018587336,0,weekday,27.79
2025-12-24,2025,12,24,358,8,2,82.47,2025-12-24 08:00:00+00:00,2025-12-24 09:00:00+00:00,58019.415,4660.5575,27020.9025,3263.185,59167.3325,34944.645,-0.141444067687942,0.989946248902378,0.8660254037844387,-0.4999999999999998,0.9749279121818236,-0.2225209339563143,0,weekday,28.22
2025-12-25,2025,12,25,359,8,3,64.7075,2025-12-25 08:00:00+00:00,2025-12-25 09:00:00+00:00,48930.035,3562.5775,23154.725,7064.4475,53842.275,33781.75,-0.1243945048397999,0.9922328391893008,0.8660254037844387,-0.4999999999999998,0.4338837391175582,-0.900968867902419,1,holiday,28.095
2025-12-26,2025,12,26,360,8,4,96.73,2025-12-26 08:00:00+00:00,2025-12-26 09:00:00+00:00,50346.4725,844.3975,11947.455,6201.657499999999,41202.35,18993.51,-0.1073081316563624,0.994225811815616,0.8660254037844387,-0.4999999999999998,-0.433883739117558,-0.9009688679024191,1,holiday,28.095
2025-12-27,2025,12,27,361,8,5,93.81,2025-12-27 08:00:00+00:00,2025-12-27 09:00:00+00:00,53046.065,4688.3925,11985.5225,5612.9025,47678.54,22286.8175,-0.0901900042703451,0.99592457702866,0.8660254037844387,-0.4999999999999998,-0.9749279121818236,-0.2225209339563146,0,weekend,28.095
2025-12-28,2025,12,28,362,8,6,96.565,2025-12-28 08:00:00+00:00,2025-12-28 09:00:00+00:00,53182.905,1149.86,6700.7,5948.929999999999,37917.6,13799.489999999998,-0.0730451882110474,0.9973286321364752,0.8660254037844387,-0.4999999999999998,-0.7818314824680299,0.6234898018587334,0,weekend,28.2725
2025-12-29,2025,12,29,363,8,0,111.01,2025-12-29 08:00:00+00:00,2025-12-29 09:00:00+00:00,67225.6275,4926.5075,17462.84,3889.0675,55023.5925,26278.415,-0.0558787569053731,0.9984375616565666,0.8660254037844387,-0.4999999999999998,0.0,1.0,0,weekday,28.45
2025-12-30,2025,12,30,364,8,1,94.3925,2025-12-30 08:00:00+00:00,2025-12-30 09:00:00+00:00,65287.15,5251.0575,17164.4,5873.9875,53501.16,28289.445,-0.0386957901765268,0.999251037438848,0.8660254037844387,-0.4999999999999998,0.7818314824680298,0.6234898018587336,0,weekday,27.766
2025-12-31,2025,12,31,365,8,2,95.335,2025-12-31 08:00:00+00:00,2025-12-31 09:00:00+00:00,59155.465,5776.125,23932.8875,3243.9475,59498.27,32952.96,-0.0215013727408137,0.999768818762748,0.8660254037844387,-0.4999999999999998,0.9749279121818236,-0.2225209339563143,0,weekday,27.755
