date,year,month,day,dayofyear,hour,dayofweek,price,period_start_utc,period_end_utc,load_forecast_da,off_wind_da,on_wind_da,solar_da,gen_forecast_da,res_sum_da,dayofyear_sin1,dayofyear_cos1,hour_sin1,hour_cos1,dayofweek_sin1,dayofweek_cos1,is_holiday,day_type,price_gas
2019-01-01,2019,1,1,1,18,1,-4.97,2019-01-01 18:00:00+00:00,2019-01-01 19:00:00+00:00,53902.0325,4010.43,36267.802500000005,0.0,67546.05,40278.232500000006,0.0,1.0,-1.0,-1.8369701987210294e-16,0.7818314824680298,0.6234898018587336,1,holiday,22.28
2019-01-02,2019,1,2,2,18,2,62.11,2019-01-02 18:00:00+00:00,2019-01-02 19:00:00+00:00,62885.515,3383.26,16376.25,0.0,66673.49,19759.51,0.0172015754182605,0.9998520419557736,-1.0,-1.8369701987210294e-16,0.9749279121818236,-0.2225209339563143,0,weekday,22.28
2019-01-03,2019,1,3,3,18,3,69.46,2019-01-03 18:00:00+00:00,2019-01-03 19:00:00+00:00,63781.265,2152.4025,9372.6825,0.0,68351.82,11525.085,0.034398060613608,0.9994082116062598,-1.0,-1.8369701987210294e-16,0.4338837391175582,-0.900968867902419,0,weekday,22.215
2019-01-04,2019,1,4,4,18,4,51.89,2019-01-04 18:00:00+00:00,2019-01-04 19:00:00+00:00,60930.7975,4658.3125,21757.5025,0.0,74124.35,26415.815,0.0515843668694083,0.9986686402879996,-1.0,-1.8369701987210294e-16,-0.433883739117558,-0.9009688679024191,0,weekday,22.845
2019-01-05,2019,1,5,5,18,5,59.44,2019-01-05 18:00:00+00:00,2019-01-05 19:00:00+00:00,57796.175,3902.34,13946.04,0.0,64535.92,17848.38,0.0687554084811394,0.9976335468520452,-1.0,-1.8369701987210294e-16,-0.9749279121818236,-0.2225209339563146,0,weekend,22.93
2019-01-06,2019,1,6,6,18,6,67.2,2019-01-06 18:00:00+00:00,2019-01-06 19:00:00+00:00,54846.865,1588.8225,6957.0975,0.0,60645.37,8545.92,0.0859061042613327,0.9963032375991964,-1.0,-1.8369701987210294e-16,-0.7818314824680299,0.6234898018587334,0,weekend,22.42
2019-01-07,2019,1,7,7,18,0,42.05,2019-01-07 18:00:00+00:00,2019-01-07 19:00:00+00:00,62887.61,4809.385,23746.56,0.0,79938.55,28555.945,0.1030313790431787,0.9946781061893646,-1.0,-1.8369701987210294e-16,0.0,1.0,0,weekday,21.91
2019-01-08,2019,1,8,8,18,1,37.94,2019-01-08 18:00:00+00:00,2019-01-08 19:00:00+00:00,68293.305,4138.125,37831.87,0.0,80586.99,41969.995,0.1201261651823505,0.9927586335250792,-1.0,-1.8369701987210294e-16,0.7818314824680298,0.6234898018587336,0,weekday,22.165
2019-01-09,2019,1,9,9,18,2,54.19,2019-01-09 18:00:00+00:00,2019-01-09 19:00:00+00:00,68851.1625,4750.7625,26169.11,0.0,80155.57,30919.8725,0.1371854040566005,0.9905453876091832,-1.0,-1.8369701987210294e-16,0.9749279121818236,-0.2225209339563143,0,weekday,22.515
2019-01-10,2019,1,10,10,18,3,78.16,2019-01-10 18:00:00+00:00,2019-01-10 19:00:00+00:00,69201.1525,1011.2475,5341.905,0.0,67929.75,6353.1525,0.1542040475626894,0.988039023376751,-1.0,-1.8369701987210294e-16,0.4338837391175582,-0.900968867902419,0,weekday,21.705
2019-01-11,2019,1,11,11,18,4,49.2,2019-01-11 18:00:00+00:00,2019-01-11 19:00:00+00:00,67341.0875,4375.7325,22561.2425,0.0,79181.3,26936.975,0.1711770596101998,0.985240282501282,-1.0,-1.8369701987210294e-16,-0.433883739117558,-0.9009688679024191,0,weekday,22.39
2019-01-12,2019,1,12,12,18,5,40.05,2019-01-12 18:00:00+00:00,2019-01-12 19:00:00+00:00,59858.53,4764.625,29389.2075,0.0,72198.62,34153.832500000004,0.1880994176117975,0.9821499931752292,-1.0,-1.8369701987210294e-16,-0.9749279121818236,-0.2225209339563146,0,weekend,22.255
2019-01-13,2019,1,13,13,18,6,15.91,2019-01-13 18:00:00+00:00,2019-01-13 19:00:00+00:00,59180.77,4463.82,38572.135,0.0,71746.82,43035.955,0.2049661139694953,0.9787690698649216,-1.0,-1.8369701987210294e-16,-0.7818314824680299,0.6234898018587334,0,weekend,22.0825
2019-01-14,2019,1,14,14,18,0,50.52,2019-01-14 18:00:00+00:00,2019-01-14 19:00:00+00:00,67590.5075,4779.81,29583.49,0.0,80048.72,34363.3,0.2217721575564818,0.975098513039961,-1.0,-1.8369701987210294e-16,0.0,1.0,0,weekday,21.91
2019-01-15,2019,1,15,15,18,1,42.73,2019-01-15 18:00:00+00:00,2019-01-15 19:00:00+00:00,71293.075,4759.0875,31191.06,0.0,81553.68,35950.1475,0.2385125751940764,0.9711394088771652,-1.0,-1.8369701987210294e-16,0.7818314824680298,0.6234898018587336,0,weekday,22.035
2019-01-16,2019,1,16,16,18,2,50.92,2019-01-16 18:00:00+00:00,2019-01-16 19:00:00+00:00,71301.675,4743.61,25791.81,0.0,80888.53,30535.42,0.2551824131233728,0.966892928939152,-1.0,-1.8369701987210294e-16,0.9749279121818236,-0.2225209339563143,0,weekday,22.3
2019-01-17,2019,1,17,17,18,3,53.85,2019-01-17 18:00:00+00:00,2019-01-17 19:00:00+00:00,71850.85250000001,4581.675,23129.56,0.0,77879.69,27711.235,0.2717767384711357,0.9623603298276544,-1.0,-1.8369701987210294e-16,0.4338837391175582,-0.900968867902419,0,weekday,22.64
2019-01-18,2019,1,18,18,18,4,72.46,2019-01-18 18:00:00+00:00,2019-01-18 19:00:00+00:00,69769.0975,643.11,6330.82,0.0,68982.33,6973.929999999999,0.2882906407095177,0.957542952811672,-1.0,-1.8369701987210294e-16,-0.433883739117558,-0.9009688679024191,0,weekday,22.84
2019-01-19,2019,1,19,19,18,5,57.37,2019-01-19 18:00:00+00:00,2019-01-19 19:00:00+00:00,62528.5875,956.19,7159.3125,0.0,63284.52,8115.5025,0.3047192331091634,0.9524422234305676,-1.0,-1.8369701987210294e-16,-0.9749279121818236,-0.2225209339563146,0,weekend,22.605
2019-01-20,2019,1,20,20,18,6,69.75,2019-01-20 18:00:00+00:00,2019-01-20 19:00:00+00:00,60519.2125,290.695,1757.805,0.0,58228.62,2048.5,0.321057654185271,0.9470596510722284,-1.0,-1.8369701987210294e-16,-0.7818314824680299,0.6234898018587334,0,weekend,22.338333333333335
2019-01-21,2019,1,21,21,18,0,79.93,2019-01-21 18:00:00+00:00,2019-01-21 19:00:00+00:00,68379.3,1055.3125,6344.76,0.0,71777.26,7400.0725,0.3373010691361842,0.9413968285264122,-1.0,-1.8369701987210294e-16,0.0,1.0,0,weekday,22.071666666666665
2019-01-22,2019,1,22,22,18,1,64.46,2019-01-22 18:00:00+00:00,2019-01-22 19:00:00+00:00,71116.0575,3990.53,12556.8575,0.0,77643.5,16547.3875,0.3534446712740877,0.9354554315134164,-1.0,-1.8369701987210294e-16,0.7818314824680298,0.6234898018587336,0,weekday,21.805
2019-01-23,2019,1,23,23,18,2,90.54,2019-01-23 18:00:00+00:00,2019-01-23 19:00:00+00:00,70322.0275,1052.4525,7774.9825,0.0,71037.17,8827.435,0.3694836834473831,0.9292372181882051,-1.0,-1.8369701987210294e-16,0.9749279121818236,-0.2225209339563143,0,weekday,22.225
2019-01-24,2019,1,24,24,18,3,102.06,2019-01-24 18:00:00+00:00,2019-01-24 19:00:00+00:00,70924.36,408.645,1438.5325,0.0,65697.42,1847.1775,0.3854133594543256,0.9227440286201428,-1.0,-1.8369701987210294e-16,0.4338837391175582,-0.900968867902419,0,weekday,21.72
2019-01-25,2019,1,25,25,18,4,58.51,2019-01-25 18:00:00+00:00,2019-01-25 19:00:00+00:00,69545.09,3932.475,17044.3,0.0,76774.31,20976.775,0.4012289854475009,0.9159777842484876,-1.0,-1.8369701987210294e-16,-0.433883739117558,-0.9009688679024191,0,weekday,20.735
2019-01-26,2019,1,26,26,18,5,53.78,2019-01-26 18:00:00+00:00,2019-01-26 19:00:00+00:00,61754.105,3776.3,14969.925,0.0,67556.72,18746.225,0.4169258813287287,0.908940487313808,-1.0,-1.8369701987210294e-16,-0.9749279121818236,-0.2225209339563146,0,weekend,20.89
2019-01-27,2019,1,27,27,18,6,52.96,2019-01-27 18:00:00+00:00,2019-01-27 19:00:00+00:00,59029.655,1375.1825,17082.86,0.0,66551.44,18458.0425,0.4324994021339788,0.901634220265486,-1.0,-1.8369701987210294e-16,-0.7818314824680299,0.6234898018587334,0,weekend,20.705
2019-01-28,2019,1,28,28,18,0,54.37,2019-01-28 18:00:00+00:00,2019-01-28 19:00:00+00:00,68200.575,4127.2375,19384.195,0.0,79339.87,23511.4325,0.4479449394078911,0.8940611451454876,-1.0,-1.8369701987210294e-16,0.0,1.0,0,weekday,20.52
2019-01-29,2019,1,29,29,18,1,69.81,2019-01-29 18:00:00+00:00,2019-01-29 19:00:00+00:00,69758.61750000001,3675.6575,8974.2,0.0,74801.63,12649.8575,0.4632579225674917,0.88622350294858,-1.0,-1.8369701987210294e-16,0.7818314824680298,0.6234898018587336,0,weekday,20.6
2019-01-30,2019,1,30,30,18,2,59.28,2019-01-30 18:00:00+00:00,2019-01-30 19:00:00+00:00,70553.76,3683.3725,20765.3825,0.0,81285.81,24448.755,0.4784338202547012,0.8781236129591848,-1.0,-1.8369701987210294e-16,0.9749279121818236,-0.2225209339563143,0,weekday,20.18
2019-01-31,2019,1,31,31,18,3,65.4,2019-01-31 18:00:00+00:00,2019-01-31 19:00:00+00:00,70778.1725,2481.035,8921.7925,0.0,72814.67,11402.8275,0.4934681416772373,0.8697638720650646,-1.0,-1.8369701987210294e-16,0.4338837391175582,-0.900968867902419,0,weekday,19.665
2019-02-01,2019,2,1,32,18,4,67.34,2019-02-01 18:00:00+00:00,2019-02-01 19:00:00+00:00,68804.17749999999,3004.4975,7306.49,0.0,72112.17,10310.9875,0.5083564379375122,0.8611467540480452,-1.0,-1.8369701987210294e-16,-0.433883739117558,-0.9009688679024191,0,weekday,19.3
2019-02-02,2019,2,2,33,18,5,54.59,2019-02-02 18:00:00+00:00,2019-02-02 19:00:00+00:00,62304.7325,2063.035,5095.0275,0.0,62279.24,7158.0625,0.5230943033491326,0.8522748088519838,-1.0,-1.8369701987210294e-16,-0.9749279121818236,-0.2225209339563146,0,weekend,19.3
2019-02-03,2019,2,3,34,18,6,57.94,2019-02-03 18:00:00+00:00,2019-02-03 19:00:00+00:00,59898.015,1616.79,9537.92,0.0,62304.74,11154.71,0.5376773767406141,0.8431506618282,-1.0,-1.8369701987210294e-16,-0.7818314824680299,0.6234898018587334,0,weekend,19.3275
2019-02-04,2019,2,4,35,18,0,42.08,2019-02-04 18:00:00+00:00,2019-02-04 19:00:00+00:00,68243.11750000001,5018.77,21798.7975,0.0,78529.84,26817.5675,0.5521013427459208,0.8337770129585915,-1.0,-1.8369701987210294e-16,0.0,1.0,0,weekday,19.355
2019-02-05,2019,2,5,36,18,1,62.63,2019-02-05 18:00:00+00:00,2019-02-05 19:00:00+00:00,71242.98,2156.75,8231.6875,0.0,71927.03,10388.4375,0.5663619330814524,0.8241566360566663,-1.0,-1.8369701987210294e-16,0.7818314824680298,0.6234898018587336,0,weekday,19.14
2019-02-06,2019,2,6,37,18,2,59.62,2019-02-06 18:00:00+00:00,2019-02-06 19:00:00+00:00,72124.785,2004.115,11076.59,0.0,72805.12,13080.705,0.580454927809098,0.8142923779467267,-1.0,-1.8369701987210294e-16,0.9749279121818236,-0.2225209339563143,0,weekday,19.075
2019-02-07,2019,2,7,38,18,3,45.75,2019-02-07 18:00:00+00:00,2019-02-07 19:00:00+00:00,71987.95000000001,4202.7375,28338.72,0.0,79178.4,32541.4575,0.5943761565849831,0.804187157621448,-1.0,-1.8369701987210294e-16,0.4338837391175582,-0.900968867902419,0,weekday,19.185
2019-02-08,2019,2,8,39,18,4,46.04,2019-02-08 18:00:00+00:00,2019-02-08 19:00:00+00:00,69198.75749999999,4330.79,30540.545,0.0,75682.54,34871.335,0.6081214998935418,0.7938439653781019,-1.0,-1.8369701987210294e-16,-0.433883739117558,-0.9009688679024191,0,weekday,18.515
2019-02-09,2019,2,9,40,18,5,25.97,2019-02-09 18:00:00+00:00,2019-02-09 19:00:00+00:00,62278.085,3993.495,33381.425,0.0,71559.07,37374.920000000006,0.6216868902665479,0.7832658619336791,-1.0,-1.8369701987210294e-16,-0.9749279121818236,-0.2225209339563146,0,weekend,18.265
2019-02-10,2019,2,10,41,18,6,49.48,2019-02-10 18:00:00+00:00,2019-02-10 19:00:00+00:00,57835.255,2560.53,25543.06,0.0,62834.99,28103.59,0.6350683134867438,0.7724559775191742,-1.0,-1.8369701987210294e-16,-0.7818314824680299,0.6234898018587334,0,weekend,18.045
2019-02-11,2019,2,11,42,18,0,48.73,2019-02-11 18:00:00+00:00,2019-02-11 19:00:00+00:00,68252.945,4657.96,27439.2,0.0,77524.68,32097.16,0.6482618097757122,0.7614175109532997,-1.0,-1.8369701987210294e-16,0.0,1.0,0,weekday,17.825
2019-02-12,2019,2,12,43,18,1,51.27,2019-02-12 18:00:00+00:00,2019-02-12 19:00:00+00:00,70874.915,3888.39,9810.24,0.0,71372.31,13698.63,0.6612634749656386,0.7501537286959042,-1.0,-1.8369701987210294e-16,0.7818314824680298,0.6234898018587336,0,weekday,18.0
2019-02-13,2019,2,13,44,18,2,54.34,2019-02-13 18:00:00+00:00,2019-02-13 19:00:00+00:00,71464.325,4607.9275,11403.6925,0.0,73201.66,16011.62,0.6740694616546161,0.7386679638813748,-1.0,-1.8369701987210294e-16,0.9749279121818236,-0.2225209339563143,0,weekday,17.8
2019-02-14,2019,2,14,45,18,3,61.93,2019-02-14 18:00:00+00:00,2019-02-14 19:00:00+00:00,70780.6025,2187.5825,4196.4575,0.0,65604.13,6384.040000000001,0.6866759803451553,0.726963615332308,-1.0,-1.8369701987210294e-16,0.4338837391175582,-0.900968867902419,0,weekday,18.165
2019-02-15,2019,2,15,46,18,4,55.49,2019-02-15 18:00:00+00:00,2019-02-15 19:00:00+00:00,68957.1,3330.87,8374.415,0.0,66494.86,11705.285,0.6990793005655562,0.7150441465537444,-1.0,-1.8369701987210294e-16,-0.433883739117558,-0.9009688679024191,0,weekday,18.1
2019-02-16,2019,2,16,47,18,5,48.0,2019-02-16 18:00:00+00:00,2019-02-16 19:00:00+00:00,60900.405,3872.265,11045.7375,0.0,64631.24,14918.0025,0.7112757519738152,0.7029130847082615,-1.0,-1.8369701987210294e-16,-0.9749279121818236,-0.2225209339563146,0,weekend,18.1
2019-02-17,2019,2,17,48,18,6,50.07,2019-02-17 18:00:00+00:00,2019-02-17 19:00:00+00:00,59089.6375,3764.29,10618.8725,0.0,62016.09,14383.1625,0.7232617254437388,0.6905740195722293,-1.0,-1.8369701987210294e-16,-0.7818314824680299,0.6234898018587334,0,weekend,17.983333333333334
2019-02-18,2019,2,18,49,18,0,55.76,2019-02-18 18:00:00+00:00,2019-02-18 19:00:00+00:00,68595.10250000001,3293.65,10022.55,0.0,70730.86,13316.2,0.7350336741329413,0.6780306024735382,-1.0,-1.8369701987210294e-16,0.0,1.0,0,weekday,17.866666666666667
2019-02-19,2019,2,19,50,18,1,52.42,2019-02-19 18:00:00+00:00,2019-02-19 19:00:00+00:00,70755.4825,4620.255,17878.25,0.0,75800.42,22498.505,0.746588114532413,0.6652865452111116,-1.0,-1.8369701987210294e-16,0.7818314824680298,0.6234898018587336,0,weekday,17.75
2019-02-20,2019,2,20,51,18,2,54.34,2019-02-20 18:00:00+00:00,2019-02-20 19:00:00+00:00,69036.4225,4481.305,9180.0525,0.0,70416.57,13661.3575,0.7579216274973472,0.6523456189565257,-1.0,-1.8369701987210294e-16,0.9749279121818236,-0.2225209339563143,0,weekday,18.145
2019-02-21,2019,2,21,52,18,3,52.98,2019-02-21 18:00:00+00:00,2019-02-21 19:00:00+00:00,69843.51,2062.2375,15263.0625,0.0,71073.03,17325.3,0.7690308592589181,0.6392116531380588,-1.0,-1.8369701987210294e-16,0.4338837391175582,-0.900968867902419,0,weekday,17.52
2019-02-22,2019,2,22,53,18,4,50.47,2019-02-22 18:00:00+00:00,2019-02-22 19:00:00+00:00,67618.64749999999,1496.7425,6338.672500000001,0.0,63881.82,7835.415000000001,0.7799125224167177,0.6258885343075018,-1.0,-1.8369701987210294e-16,-0.433883739117558,-0.9009688679024191,0,weekday,17.23
2019-02-23,2019,2,23,54,18,5,50.97,2019-02-23 18:00:00+00:00,2019-02-23 19:00:00+00:00,58794.6275,2192.525,8874.36,0.0,59399.15,11066.885,0.7905633969115482,0.612380204990065,-1.0,-1.8369701987210294e-16,-0.9749279121818236,-0.2225209339563146,0,weekend,17.23
2019-02-24,2019,2,24,55,18,6,51.47,2019-02-24 18:00:00+00:00,2019-02-24 19:00:00+00:00,57057.1025,646.455,3435.74,0.0,52146.05,4082.195,0.8009803309782905,0.5986906625177214,-1.0,-1.8369701987210294e-16,-0.7818314824680299,0.6234898018587334,0,weekend,17.115000000000002
2019-02-25,2019,2,25,56,18,0,54.4,2019-02-25 18:00:00+00:00,2019-02-25 19:00:00+00:00,67974.93,1424.525,6574.08,0.0,62963.8,7998.605,0.8111602420785621,0.5848239578463322,-1.0,-1.8369701987210294e-16,0.0,1.0,0,weekday,17.0
2019-02-26,2019,2,26,57,18,1,54.94,2019-02-26 18:00:00+00:00,2019-02-26 19:00:00+00:00,67915.6325,361.3375,2972.8,0.0,61714.62,3334.1375000000003,0.8211001178128892,0.5707841943569036,-1.0,-1.8369701987210294e-16,0.7818314824680298,0.6234898018587336,0,weekday,17.045
2019-02-27,2019,2,27,58,18,2,51.82,2019-02-27 18:00:00+00:00,2019-02-27 19:00:00+00:00,66660.095,3595.7375,10794.1475,0.0,68878.8,14389.884999999998,0.8307970168121247,0.5565755266413303,-1.0,-1.8369701987210294e-16,0.9749279121818236,-0.2225209339563143,0,weekday,17.325
2019-02-28,2019,2,28,59,18,3,50.97,2019-02-28 18:00:00+00:00,2019-02-28 19:00:00+00:00,67541.5975,583.0975,12063.05,0.0,65816.36,12646.1475,0.8402480696078469,0.5422021592729844,-1.0,-1.8369701987210294e-16,0.4338837391175582,-0.900968867902419,0,weekday,17.815
2019-03-01,2019,3,1,60,18,4,52.49,2019-03-01 18:00:00+00:00,2019-03-01 19:00:00+00:00,66095.0775,715.015,5940.2425,0.0,61665.06,6655.257500000001,0.8494504794814806,0.527668345562516,-1.0,-1.8369701987210294e-16,-0.433883739117558,-0.9009688679024191,0,weekday,17.32
2019-03-02,2019,3,2,61,18,5,46.8,2019-03-02 18:00:00+00:00,2019-03-02 19:00:00+00:00,56993.55,4533.9975,12394.8625,0.0,59993.38,16928.86,0.8584015232918917,0.512978386299228,-1.0,-1.8369701987210294e-16,-0.9749279121818236,-0.2225209339563146,0,weekend,17.32
2019-03-03,2019,3,3,62,18,6,38.49,2019-03-03 18:00:00+00:00,2019-03-03 19:00:00+00:00,55086.4775,4260.9125,26885.055,0.0,66777.61,31145.9675,0.8670985522812081,0.4981366284784055,-1.0,-1.8369701987210294e-16,-0.7818314824680299,0.6234898018587334,0,weekend,17.3475
2019-03-04,2019,3,4,63,18,0,43.02,2019-03-04 18:00:00+00:00,2019-03-04 19:00:00+00:00,63189.945,4423.68,35890.245,0.0,79688.95,40313.925,0.8755389928586302,0.4831474640149687,-1.0,-1.8369701987210294e-16,0.0,1.0,0,weekday,17.375
2019-03-05,2019,3,5,64,18,1,55.23,2019-03-05 18:00:00+00:00,2019-03-05 19:00:00+00:00,66965.01000000001,3713.0925,15720.3325,0.0,64034.65,19433.425,0.8837203473619977,0.4680153284438345,-1.0,-1.8369701987210294e-16,0.7818314824680298,0.6234898018587336,0,weekday,17.475
2019-03-06,2019,3,6,65,18,2,43.9,2019-03-06 18:00:00+00:00,2019-03-06 19:00:00+00:00,68960.625,4824.6375,26328.525,0.0,72543.55,31153.1625,0.8916401947968874,0.452744699607371,-1.0,-1.8369701987210294e-16,0.9749279121818236,-0.2225209339563143,0,weekday,17.025
2019-03-07,2019,3,7,66,18,3,45.01,2019-03-07 18:00:00+00:00,2019-03-07 19:00:00+00:00,67807.8625,4467.0650000000005,33388.385,0.0,78355.9,37855.45,0.8992961915530253,0.4373400963303323,-1.0,-1.8369701987210294e-16,0.4338837391175582,-0.900968867902419,0,weekday,16.95
2019-03-08,2019,3,8,67,18,4,50.95,2019-03-08 18:00:00+00:00,2019-03-08 19:00:00+00:00,65606.0775,4557.9825,16915.9575,0.0,65899.88,21473.94,0.9066860720977984,0.4218060770826634,-1.0,-1.8369701987210294e-16,-0.433883739117558,-0.9009688679024191,0,weekday,16.85
2019-03-09,2019,3,9,68,18,5,25.08,2019-03-09 18:00:00+00:00,2019-03-09 19:00:00+00:00,58379.8875,4471.3675,33426.822499999995,0.0,72541.18,37898.19,0.9138076496466616,0.4061472386305789,-1.0,-1.8369701987210294e-16,-0.9749279121818236,-0.2225209339563146,0,weekend,16.73
2019-03-10,2019,3,10,69,18,6,40.92,2019-03-10 18:00:00+00:00,2019-03-10 19:00:00+00:00,54892.18,2240.3075,23221.24,0.0,58875.56,25461.5475,0.9206588168102428,0.3903682146763026,-1.0,-1.8369701987210294e-16,-0.7818314824680299,0.6234898018587334,0,weekend,16.715
2019-03-11,2019,3,11,70,18,0,57.9,2019-03-11 18:00:00+00:00,2019-03-11 19:00:00+00:00,66339.285,3162.8225,21087.4525,0.0,68317.62,24250.275,0.9272375462179536,0.374473674486883,-1.0,-1.8369701987210294e-16,0.0,1.0,0,weekday,16.7
2019-03-12,2019,3,12,71,18,1,41.57,2019-03-12 18:00:00+00:00,2019-03-12 19:00:00+00:00,68723.7975,4801.889999999999,31598.815,0.0,76649.36,36400.705,0.9335418911179212,0.3584683215124808,-1.0,-1.8369701987210294e-16,0.7818314824680298,0.6234898018587336,0,weekday,16.425
2019-03-13,2019,3,13,72,18,2,39.91,2019-03-13 18:00:00+00:00,2019-03-13 19:00:00+00:00,68607.0375,5126.3425,35005.66,0.0,81108.43,40132.0025,0.9395699859530622,0.342356891994542,-1.0,-1.8369701987210294e-16,0.9749279121818236,-0.2225209339563143,0,weekday,15.725
2019-03-14,2019,3,14,73,18,3,39.13,2019-03-14 18:00:00+00:00,2019-03-14 19:00:00+00:00,69125.12,4792.422500000001,32517.5725,0.0,78448.79,37309.995,0.945320046913132,0.3261441535642696,-1.0,-1.8369701987210294e-16,0.4338837391175582,-0.900968867902419,0,weekday,15.825
2019-03-15,2019,3,15,74,18,4,35.94,2019-03-15 18:00:00+00:00,2019-03-15 19:00:00+00:00,68172.29250000001,4313.797500000001,37836.69,0.0,79543.79,42150.4875,0.9507903724625832,0.3098349038318025,-1.0,-1.8369701987210294e-16,-0.433883739117558,-0.9009688679024191,0,weekday,15.485
2019-03-16,2019,3,16,75,18,5,28.27,2019-03-16 18:00:00+00:00,2019-03-16 19:00:00+00:00,59415.64,4385.535,28789.345,0.0,67596.64,33174.880000000005,0.9559793438440766,0.2934339689665273,-1.0,-1.8369701987210294e-16,-0.9749279121818236,-0.2225209339563146,0,weekend,15.25
2019-03-17,2019,3,17,76,18,6,36.66,2019-03-17 18:00:00+00:00,2019-03-17 19:00:00+00:00,56540.3475,5531.4175000000005,25322.0525,0.0,64998.24,30853.47,0.9608854255574976,0.2769462022689364,-1.0,-1.8369701987210294e-16,-0.7818314824680299,0.6234898018587334,0,weekend,15.075
2019-03-18,2019,3,18,77,18,0,48.44,2019-03-18 18:00:00+00:00,2019-03-18 19:00:00+00:00,66104.34,4319.4275,19654.375,0.0,72150.69,23973.8025,0.9655071658143364,0.2603764827344581,-1.0,-1.8369701987210294e-16,0.0,1.0,0,weekday,14.9
2019-03-19,2019,3,19,78,18,1,60.73,2019-03-19 18:00:00+00:00,2019-03-19 19:00:00+00:00,68045.6525,973.355,2569.7275,0.0,61041.82,3543.0825,0.969843196967294,0.2437297136096838,-1.0,-1.8369701987210294e-16,0.7818314824680298,0.6234898018587336,0,weekday,15.2
2019-03-20,2019,3,20,79,18,2,55.55,2019-03-20 18:00:00+00:00,2019-03-20 19:00:00+00:00,67780.3175,1885.7625,5881.5825,0.0,64286.8,7767.345,0.9738922359149924,0.2270108209414184,-1.0,-1.8369701987210294e-16,0.9749279121818236,-0.2225209339563143,0,weekday,15.075
2019-03-21,2019,3,21,80,18,3,55.0,2019-03-21 18:00:00+00:00,2019-03-21 19:00:00+00:00,66286.535,2635.4425,4722.545,0.0,62691.38,7357.9875,0.977653084481664,0.2102247521189836,-1.0,-1.8369701987210294e-16,0.4338837391175582,-0.900968867902419,0,weekday,14.92
2019-03-22,2019,3,22,81,18,4,50.17,2019-03-22 18:00:00+00:00,2019-03-22 19:00:00+00:00,63786.0175,1547.24,4229.342500000001,0.0,58348.21,5776.5825,0.981124629771712,0.1933764744102058,-1.0,-1.8369701987210294e-16,-0.433883739117558,-0.9009688679024191,0,weekday,14.425
2019-03-23,2019,3,23,82,18,5,44.99,2019-03-23 18:00:00+00:00,2019-03-23 19:00:00+00:00,56149.1,1374.335,7822.8625,0.0,54080.38,9197.1975,0.984305844499033,0.1764709734915216,-1.0,-1.8369701987210294e-16,-0.9749279121818236,-0.2225209339563146,0,weekend,14.455
2019-03-24,2019,3,24,83,18,6,42.6,2019-03-24 18:00:00+00:00,2019-03-24 19:00:00+00:00,54844.9575,4984.895,8612.744999999999,0.0,56200.03,13597.64,0.9871957872910084,0.1595132519726365,-1.0,-1.8369701987210294e-16,-0.7818314824680299,0.6234898018587334,0,weekend,14.32
2019-03-25,2019,3,25,84,18,0,46.45,2019-03-25 18:00:00+00:00,2019-03-25 19:00:00+00:00,66054.5475,4351.2725,18532.8875,0.0,67826.63,22884.16,0.9897936029670716,0.1425083279161708,-1.0,-1.8369701987210294e-16,0.0,1.0,0,weekday,14.185
2019-03-26,2019,3,26,85,18,1,49.4,2019-03-26 18:00:00+00:00,2019-03-26 19:00:00+00:00,65553.4725,2688.895,11575.5725,0.0,64057.37,14264.4675,0.992098522791769,0.1254612333527364,-1.0,-1.8369701987210294e-16,0.7818314824680298,0.6234898018587336,0,weekday,14.2
2019-03-27,2019,3,27,86,18,2,47.91,2019-03-27 18:00:00+00:00,2019-03-27 19:00:00+00:00,65173.2625,2778.6575000000003,9524.9725,0.0,62446.5,12303.63,0.9941098647022418,0.108377012791876,-1.0,-1.8369701987210294e-16,0.9749279121818236,-0.2225209339563143,0,weekday,14.5
2019-03-28,2019,3,28,87,18,3,52.77,2019-03-28 18:00:00+00:00,2019-03-28 19:00:00+00:00,64701.135,823.6425,2147.085,0.0,57076.47,2970.7275,0.9958270335100596,0.0912607217293118,-1.0,-1.8369701987210294e-16,0.4338837391175582,-0.900968867902419,0,weekday,14.8
2019-03-29,2019,3,29,88,18,4,49.33,2019-03-29 18:00:00+00:00,2019-03-29 19:00:00+00:00,62232.4,3133.2675,3081.7075,0.0,56568.77,6214.975,0.9972495210773452,0.0741174251509443,-1.0,-1.8369701987210294e-16,-0.433883739117558,-0.9009688679024191,0,weekday,14.225
2019-03-30,2019,3,30,89,18,5,45.96,2019-03-30 18:00:00+00:00,2019-03-30 19:00:00+00:00,53556.7875,2371.03,5520.157499999999,0.0,51072.62,7891.1875,0.998376906467142,0.0569521960340397,-1.0,-1.8369701987210294e-16,-0.9749279121818236,-0.2225209339563146,0,weekend,14.215
2019-03-31,2019,3,31,90,18,6,41.8,2019-03-31 18:00:00+00:00,2019-03-31 19:00:00+00:00,50756.802500000005,1955.1425,10618.072499999998,0.0,51771.97,12573.214999999998,0.9992088560679752,0.0397701138460557,-1.0,-1.8369701987210294e-16,-0.7818314824680299,0.6234898018587334,0,weekend,14.030000000000001
2019-04-01,2019,4,1,91,18,0,45.06,2019-04-01 18:00:00+00:00,2019-04-01 19:00:00+00:00,59945.4025,2189.68,15159.5475,0.0,60805.54,17349.2275,0.9997451236925734,0.0225762630415454,-1.0,-1.8369701987210294e-16,0.0,1.0,0,weekday,13.845
2019-04-02,2019,4,2,92,18,1,42.74,2019-04-02 18:00:00+00:00,2019-04-02 19:00:00+00:00,61006.945,2833.505,17376.677499999998,0.005,65420.79,20210.1875,0.9999855506507186,0.0053757315575838,-1.0,-1.8369701987210294e-16,0.7818314824680298,0.6234898018587336,0,weekday,13.455
2019-04-03,2019,4,3,93,18,2,52.34,2019-04-03 18:00:00+00:00,2019-04-03 19:00:00+00:00,60380.63,1743.1525,7144.335,0.285,62027.6,8887.7725,0.9999300657962056,-0.0118263906918325,-1.0,-1.8369701987210294e-16,0.9749279121818236,-0.2225209339563143,0,weekday,13.7
2019-04-04,2019,4,4,94,18,3,48.93,2019-04-04 18:00:00+00:00,2019-04-04 19:00:00+00:00,60276.445,1523.58,10176.07,0.3025,64029.22,11699.9525,0.9995786855478958,-0.0290250133219752,-1.0,-1.8369701987210294e-16,0.4338837391175582,-0.900968867902419,0,weekday,14.6
2019-04-05,2019,4,5,95,18,4,46.94,2019-04-05 18:00:00+00:00,2019-04-05 19:00:00+00:00,57965.415,1984.0375,5015.1725,0.365,57114.35,6999.574999999999,0.9989315138848576,-0.0462150469837083,-1.0,-1.8369701987210294e-16,-0.433883739117558,-0.9009688679024191,0,weekday,16.635
2019-04-06,2019,4,6,96,18,5,41.88,2019-04-06 18:00:00+00:00,2019-04-06 19:00:00+00:00,50815.3825,4244.3,11168.97,1.3175,56371.49,15414.5875,0.9979887423155984,-0.0633914048695103,-1.0,-1.8369701987210294e-16,-0.9749279121818236,-0.2225209339563146,0,weekend,16.635
2019-04-07,2019,4,7,97,18,6,49.65,2019-04-07 18:00:00+00:00,2019-04-07 19:00:00+00:00,49866.215,1057.7175,7706.6025,1.9575,51506.16,8766.2775,0.9967506498213928,-0.0805490042187416,-1.0,-1.8369701987210294e-16,-0.7818314824680299,0.6234898018587334,0,weekend,16.605
2019-04-08,2019,4,8,98,18,0,46.58,2019-04-08 18:00:00+00:00,2019-04-08 19:00:00+00:00,58550.05,3511.51,12089.5825,2.6175,63860.69,15603.71,0.9952176027737294,-0.0976827678217159,-1.0,-1.8369701987210294e-16,0.0,1.0,0,weekday,16.575
2019-04-09,2019,4,9,99,18,1,45.94,2019-04-09 18:00:00+00:00,2019-04-09 19:00:00+00:00,59781.5,2522.8,12731.22,3.0475,63404.28,15257.0675,0.9933900548258936,-0.114787625522127,-1.0,-1.8369701987210294e-16,0.7818314824680298,0.6234898018587336,0,weekday,16.755
2019-04-10,2019,4,10,100,18,2,46.97,2019-04-10 18:00:00+00:00,2019-04-10 19:00:00+00:00,60275.14,1781.1925,13378.8325,4.275,62918.6,15164.3,0.9912685467787256,-0.1318585157173911,-1.0,-1.8369701987210294e-16,0.9749279121818236,-0.2225209339563143,0,weekday,15.73
2019-04-11,2019,4,11,101,18,3,52.99,2019-04-11 18:00:00+00:00,2019-04-11 19:00:00+00:00,60346.56,639.865,8792.32,5.0625,58361.37,9437.2475,0.9888537064205885,-0.1488903868564548,-1.0,-1.8369701987210294e-16,0.4338837391175582,-0.900968867902419,0,weekday,15.55
2019-04-12,2019,4,12,102,18,4,48.08,2019-04-12 18:00:00+00:00,2019-04-12 19:00:00+00:00,58824.1175,1611.14,7468.6225,5.9575,55905.06,9085.72,0.986146248341595,-0.1658781989346314,-1.0,-1.8369701987210294e-16,-0.433883739117558,-0.9009688679024191,0,weekday,15.895
2019-04-13,2019,4,13,103,18,5,46.28,2019-04-13 18:00:00+00:00,2019-04-13 19:00:00+00:00,51494.2475,4309.32,11372.285,7.2,57856.72,15688.805,0.98314697372215,-0.1828169249850199,-1.0,-1.8369701987210294e-16,-0.9749279121818236,-0.2225209339563146,0,weekend,15.855
2019-04-14,2019,4,14,104,18,6,46.74,2019-04-14 18:00:00+00:00,2019-04-14 19:00:00+00:00,50431.2675,4189.375,12578.7875,7.705,59222.16,16775.8675,0.9798567700958664,-0.1997015525660636,-1.0,-1.8369701987210294e-16,-0.7818314824680299,0.6234898018587334,0,weekend,15.7475
2019-04-15,2019,4,15,105,18,0,48.56,2019-04-15 18:00:00+00:00,2019-04-15 19:00:00+00:00,59067.3675,4863.0275,16299.87,17.439999999999998,65127.39,21180.3375,0.976276611086932,-0.2165270852448143,-1.0,-1.8369701987210294e-16,0.0,1.0,0,weekday,15.64
2019-04-16,2019,4,16,106,18,1,50.32,2019-04-16 18:00:00+00:00,2019-04-16 19:00:00+00:00,59566.5925,5007.1575,13916.1525,18.0175,64474.05,18941.327500000003,0.9724075561219968,-0.2332885440754551,-1.0,-1.8369701987210294e-16,0.7818314824680298,0.6234898018587336,0,weekday,14.85
2019-04-17,2019,4,17,107,18,2,48.09,2019-04-17 18:00:00+00:00,2019-04-17 19:00:00+00:00,59680.8275,4895.7575,12228.9125,30.8125,59937.96,17155.4825,0.9682507501166718,-0.2499809690726521,-1.0,-1.8369701987210294e-16,0.9749279121818236,-0.2225209339563143,0,weekday,15.195
2019-04-18,2019,4,18,108,18,3,48.19,2019-04-18 18:00:00+00:00,2019-04-18 19:00:00+00:00,58496.2275,4621.465,15750.5175,46.4675,60086.66,20418.45,0.9638074231367308,-0.2665994206792935,-1.0,-1.8369701987210294e-16,0.4338837391175582,-0.900968867902419,0,weekday,15.0
2019-04-19,2019,4,19,109,18,4,43.2,2019-04-19 18:00:00+00:00,2019-04-19 19:00:00+00:00,49381.29,2787.415,11639.3375,55.5925,50263.46,14482.345,0.9590788900341132,-0.2831389812281835,-1.0,-1.8369701987210294e-16,-0.433883739117558,-0.9009688679024191,1,holiday,14.46
2019-04-20,2019,4,20,110,18,5,44.61,2019-04-20 18:00:00+00:00,2019-04-20 19:00:00+00:00,47714.845,489.1425,7354.4775,62.1025,43173.55,7905.7225,0.9540665500578388,-0.2995947563972602,-1.0,-1.8369701987210294e-16,-0.9749279121818236,-0.2225209339563146,0,weekend,14.46
2019-04-21,2019,4,21,111,18,6,46.08,2019-04-21 18:00:00+00:00,2019-04-21 19:00:00+00:00,46086.2125,662.3199999999999,6232.545,69.46249999999999,39142.14,6964.327499999999,0.9487718864399473,-0.3159618766579029,-1.0,-1.8369701987210294e-16,-0.7818314824680299,0.6234898018587334,0,weekend,14.46
2019-04-22,2019,4,22,112,18,0,17.03,2019-04-22 18:00:00+00:00,2019-04-22 19:00:00+00:00,47456.475,5202.295,25294.0525,73.93,53673.19,30570.277500000004,0.9431964659565866,-0.3322354987159043,-1.0,-1.8369701987210294e-16,0.0,1.0,1,holiday,14.46
2019-04-23,2019,4,23,113,18,1,40.68,2019-04-23 18:00:00+00:00,2019-04-23 19:00:00+00:00,57052.1975,4687.04,24758.0275,62.0125,64670.39,29507.08,0.9373419384643772,-0.3484108069446808,-1.0,-1.8369701987210294e-16,0.7818314824680298,0.6234898018587336,0,weekday,14.105
2019-04-24,2019,4,24,114,18,2,44.36,2019-04-24 18:00:00+00:00,2019-04-24 19:00:00+00:00,57755.2125,4249.7,13823.82,81.7775,53950.3,18155.2975,0.9312100364121948,-0.3644830148102912,-1.0,-1.8369701987210294e-16,0.9749279121818236,-0.2225209339563143,0,weekday,14.425
2019-04-25,2019,4,25,115,18,3,59.9,2019-04-25 18:00:00+00:00,2019-04-25 19:00:00+00:00,58052.98,1836.6775,10001.89,89.145,52664.71,11927.7125,0.9248025743285088,-0.3804473662878516,-1.0,-1.8369701987210294e-16,0.4338837391175582,-0.900968867902419,0,weekday,14.535
2019-04-26,2019,4,26,116,18,4,49.66,2019-04-26 18:00:00+00:00,2019-04-26 19:00:00+00:00,56848.1575,1106.2675,8502.4075,56.6675,47653.03,9665.3425,0.9181214482844364,-0.3962991372689181,-1.0,-1.8369701987210294e-16,-0.433883739117558,-0.9009688679024191,0,weekday,14.725
2019-04-27,2019,4,27,117,18,5,39.25,2019-04-27 18:00:00+00:00,2019-04-27 19:00:00+00:00,49516.5525,1859.135,10254.56,76.2675,46300.88,12189.9625,0.9111686353326632,-0.4120336369594263,-1.0,-1.8369701987210294e-16,-0.9749279121818236,-0.2225209339563146,0,weekend,14.425
2019-04-28,2019,4,28,118,18,6,47.75,2019-04-28 18:00:00+00:00,2019-04-28 19:00:00+00:00,46824.135,482.2,2162.1825,126.225,39335.42,2770.6075,0.9039461929224012,-0.4276462092677746,-1.0,-1.8369701987210294e-16,-0.7818314824680299,0.6234898018587334,0,weekend,14.475000000000001
2019-04-29,2019,4,29,119,18,0,47.81,2019-04-29 18:00:00+00:00,2019-04-29 19:00:00+00:00,56517.8625,2214.5025,11801.98,77.1725,55257.69,14093.655,0.8964562582905575,-0.4431322341826345,-1.0,-1.8369701987210294e-16,0.0,1.0,0,weekday,14.525
2019-04-30,2019,4,30,120,18,1,51.76,2019-04-30 18:00:00+00:00,2019-04-30 19:00:00+00:00,55943.1225,759.01,5680.9775,158.7725,48372.37,6598.76,0.8887010478292915,-0.4584871291400876,-1.0,-1.8369701987210294e-16,0.7818314824680298,0.6234898018587336,0,weekday,14.425
2019-05-01,2019,5,1,121,18,2,37.25,2019-05-01 18:00:00+00:00,2019-05-01 19:00:00+00:00,48057.630000000005,3285.8625,11415.99,172.63,44160.79,14874.4825,0.8806828564301475,-0.47370635037968,-1.0,-1.8369701987210294e-16,0.9749279121818236,-0.2225209339563143,1,holiday,14.1
2019-05-02,2019,5,2,122,18,3,47.38,2019-05-02 18:00:00+00:00,2019-05-02 19:00:00+00:00,54049.315,4292.555,13099.1325,133.8325,53761.75,17525.52,0.8724040568049612,-0.4887853942889926,-1.0,-1.8369701987210294e-16,0.4338837391175582,-0.900968867902419,0,weekday,14.365
2019-05-03,2019,5,3,123,18,4,44.57,2019-05-03 18:00:00+00:00,2019-05-03 19:00:00+00:00,56085.1825,4987.4475,12453.6425,182.3825,54417.88,17623.4725,0.8638670987837349,-0.503719798736334,-1.0,-1.8369701987210294e-16,-0.433883739117558,-0.9009688679024191,0,weekday,14.565
2019-05-04,2019,5,4,124,18,5,44.81,2019-05-04 18:00:00+00:00,2019-05-04 19:00:00+00:00,49709.9525,2617.22,8653.470000000001,189.3325,44234.97,11460.0225,0.8550745085896932,-0.518505144391157,-1.0,-1.8369701987210294e-16,-0.9749279121818236,-0.2225209339563146,0,weekend,14.565
2019-05-05,2019,5,5,125,18,6,41.32,2019-05-05 18:00:00+00:00,2019-05-05 19:00:00+00:00,46816.77250000001,3443.9225,8628.635,232.4075,44836.63,12304.965,0.8460288880917339,-0.533137056031809,-1.0,-1.8369701987210294e-16,-0.7818314824680299,0.6234898018587334,0,weekend,14.45
2019-05-06,2019,5,6,126,18,0,56.14,2019-05-06 18:00:00+00:00,2019-05-06 19:00:00+00:00,56516.2725,3646.545,9279.1825,205.2025,55095.28,13130.93,0.8367329140344921,-0.5476112038402312,-1.0,-1.8369701987210294e-16,0.0,1.0,0,weekday,14.335
2019-05-07,2019,5,7,127,18,1,68.61,2019-05-07 18:00:00+00:00,2019-05-07 19:00:00+00:00,56602.1,628.175,1185.2375,228.61,47782.6,2042.0225,0.8271893372462497,-0.5619233046832195,-1.0,-1.8369701987210294e-16,0.7818314824680298,0.6234898018587336,0,weekday,14.325
2019-05-08,2019,5,8,128,18,2,39.61,2019-05-08 18:00:00+00:00,2019-05-08 19:00:00+00:00,57728.8275,4173.25,17568.7125,86.3575,59967.65,21828.32,0.8174009818249189,-0.5760691233798758,-1.0,-1.8369701987210294e-16,0.9749279121818236,-0.2225209339563143,0,weekday,14.175
2019-05-09,2019,5,9,129,18,3,55.24,2019-05-09 18:00:00+00:00,2019-05-09 19:00:00+00:00,56611.3125,1108.12,7759.57,226.2275,52285.34,9093.9175,0.8073707443023492,-0.5900444739548627,-1.0,-1.8369701987210294e-16,0.4338837391175582,-0.900968867902419,0,weekday,14.455
2019-05-10,2019,5,10,130,18,4,51.98,2019-05-10 18:00:00+00:00,2019-05-10 19:00:00+00:00,55751.8225,1535.295,5280.7575,309.365,49345.1,7125.4175,0.7971015927871943,-0.6038452208771035,-1.0,-1.8369701987210294e-16,-0.433883739117558,-0.9009688679024191,0,weekday,13.995
2019-05-11,2019,5,11,131,18,5,37.88,2019-05-11 18:00:00+00:00,2019-05-11 19:00:00+00:00,48896.755,2853.2525,15285.4375,203.1275,51116.65,18341.8175,0.7865965660866021,-0.6174672802835514,-1.0,-1.8369701987210294e-16,-0.9749279121818236,-0.2225209339563146,0,weekend,13.995
2019-05-12,2019,5,12,132,18,6,40.0,2019-05-12 18:00:00+00:00,2019-05-12 19:00:00+00:00,47837.955,2876.025,13006.9625,368.74,48423.63,16251.7275,0.7758587728069828,-0.6309066211876704,-1.0,-1.8369701987210294e-16,-0.7818314824680299,0.6234898018587334,0,weekend,13.8775
2019-05-13,2019,5,13,133,18,0,48.96,2019-05-13 18:00:00+00:00,2019-05-13 19:00:00+00:00,56716.2825,1357.235,10884.065,396.12,50614.57,12637.420000000002,0.7648913904341225,-0.6441592666722685,-1.0,-1.8369701987210294e-16,0.0,1.0,0,weekday,13.76
2019-05-14,2019,5,14,134,18,1,48.45,2019-05-14 18:00:00+00:00,2019-05-14 19:00:00+00:00,57454.6075,256.0325,10988.385,410.9375,49635.93,11655.355,0.753697664392914,-0.6572212950663319,-1.0,-1.8369701987210294e-16,0.7818314824680298,0.6234898018587336,0,weekday,13.785
2019-05-15,2019,5,15,135,18,2,44.37,2019-05-15 18:00:00+00:00,2019-05-15 19:00:00+00:00,57492.2,1274.785,11090.3225,318.455,52018.01,12683.5625,0.742280907086982,-0.6700888411055113,-1.0,-1.8369701987210294e-16,0.9749279121818236,-0.2225209339563143,0,weekday,13.855
2019-05-16,2019,5,16,136,18,3,41.58,2019-05-16 18:00:00+00:00,2019-05-16 19:00:00+00:00,56890.2925,4525.157499999999,10698.115,186.845,55030.95,15410.117499999998,0.7306444969184916,-0.6827580970759147,-1.0,-1.8369701987210294e-16,0.4338837391175582,-0.900968867902419,0,weekday,13.385
2019-05-17,2019,5,17,137,18,4,52.9,2019-05-17 18:00:00+00:00,2019-05-17 19:00:00+00:00,55237.035,2046.63,5400.735000000001,421.5575,46307.12,7868.922500000001,0.7187918772884232,-0.6952253139408722,-1.0,-1.8369701987210294e-16,-0.433883739117558,-0.9009688679024191,0,weekday,12.935
2019-05-18,2019,5,18,138,18,5,45.17,2019-05-18 18:00:00+00:00,2019-05-18 19:00:00+00:00,49831.0,2120.5025,4501.4075,475.5375,41915.29,7097.4475,0.7067265555776158,-0.7074868024503348,-1.0,-1.8369701987210294e-16,-0.9749279121818236,-0.2225209339563146,0,weekend,12.855
2019-05-19,2019,5,19,139,18,6,42.34,2019-05-19 18:00:00+00:00,2019-05-19 19:00:00+00:00,47281.835,2012.2725,7050.995,448.615,41622.32,9511.8825,0.6944521021088763,-0.719538934232584,-1.0,-1.8369701987210294e-16,-0.7818314824680299,0.6234898018587334,0,weekend,12.879999999999999
2019-05-20,2019,5,20,140,18,0,46.18,2019-05-20 18:00:00+00:00,2019-05-20 19:00:00+00:00,56097.09,1719.63,9894.3575,277.71,52324.64,11891.697499999998,0.6819721490904629,-0.7313781428679254,-1.0,-1.8369701987210294e-16,0.0,1.0,0,weekday,12.905
2019-05-21,2019,5,21,141,18,1,44.87,2019-05-21 18:00:00+00:00,2019-05-21 19:00:00+00:00,57083.445,3689.1975,14340.96,256.0075,54841.46,18286.165,0.6692903895412567,-0.7430009249440493,-1.0,-1.8369701987210294e-16,0.7818314824680298,0.6234898018587336,0,weekday,12.6
2019-05-22,2019,5,22,142,18,2,48.99,2019-05-22 18:00:00+00:00,2019-05-22 19:00:00+00:00,57421.380000000005,1920.7825,10962.6625,526.4325,50808.56,13409.8775,0.6564105761979381,-0.7544038410927472,-1.0,-1.8369701987210294e-16,0.9749279121818236,-0.2225209339563143,0,weekday,12.885
2019-05-23,2019,5,23,143,18,3,55.18,2019-05-23 18:00:00+00:00,2019-05-23 19:00:00+00:00,57038.6675,1029.61,1684.975,686.0799999999999,43731.53,3400.665,0.6433365204044917,-0.765583517007675,-1.0,-1.8369701987210294e-16,0.4338837391175582,-0.900968867902419,0,weekday,12.595
2019-05-24,2019,5,24,144,18,4,45.74,2019-05-24 18:00:00+00:00,2019-05-24 19:00:00+00:00,55073.3025,2907.4725,7345.0175,697.58,46632.58,10950.07,0.6300720909843687,-0.7765366444428655,-1.0,-1.8369701987210294e-16,-0.433883739117558,-0.9009688679024191,0,weekday,12.435
2019-05-25,2019,5,25,145,18,5,44.47,2019-05-25 18:00:00+00:00,2019-05-25 19:00:00+00:00,47962.9025,1833.575,4806.2425,640.6425,38905.42,7280.46,0.6166212130956382,-0.7872599821916922,-1.0,-1.8369701987210294e-16,-0.9749279121818236,-0.2225209339563146,0,weekend,12.25
2019-05-26,2019,5,26,146,18,6,37.16,2019-05-26 18:00:00+00:00,2019-05-26 19:00:00+00:00,47554.5125,4044.495,12675.295,518.7875,45094.38,17238.5775,0.6029878670694714,-0.7977503570459932,-1.0,-1.8369701987210294e-16,-0.7818314824680299,0.6234898018587334,0,weekend,12.34
2019-05-27,2019,5,27,147,18,0,50.59,2019-05-27 18:00:00+00:00,2019-05-27 19:00:00+00:00,56821.355,3194.9675,4678.3775000000005,621.8874999999999,46469.79,8495.232500000002,0.5891760872322963,-0.8080046647350754,-1.0,-1.8369701987210294e-16,0.0,1.0,0,weekday,12.43
2019-05-28,2019,5,28,148,18,1,44.12,2019-05-28 18:00:00+00:00,2019-05-28 19:00:00+00:00,56853.2675,2021.8125,7689.1875,592.5725,46165.91,10303.5725,0.5751899607119775,-0.8180198708443174,-1.0,-1.8369701987210294e-16,0.7818314824680298,0.6234898018587336,0,weekday,12.52
2019-05-29,2019,5,29,149,18,2,53.92,2019-05-29 18:00:00+00:00,2019-05-29 19:00:00+00:00,54991.1125,1540.415,1925.55,767.96,42572.97,4233.925,0.5610336262283677,-0.8277930117131022,-1.0,-1.8369701987210294e-16,0.9749279121818236,-0.2225209339563143,0,weekday,12.225
2019-05-30,2019,5,30,150,18,3,35.84,2019-05-30 18:00:00+00:00,2019-05-30 19:00:00+00:00,48089.71,3570.1225,8101.5425,514.685,43555.95,12186.35,0.5467112728685939,-0.8373211953118121,-1.0,-1.8369701987210294e-16,0.4338837391175582,-0.900968867902419,1,holiday,11.475
2019-05-31,2019,5,31,151,18,4,48.23,2019-05-31 18:00:00+00:00,2019-05-31 19:00:00+00:00,50421.0575,1650.2725,3309.4725,829.0899999999999,39808.66,5788.835,0.5322271388474397,-0.8466016020976267,-1.0,-1.8369701987210294e-16,-0.433883739117558,-0.9009688679024191,0,weekday,11.205
2019-06-01,2019,6,1,152,18,5,41.8,2019-06-01 18:00:00+00:00,2019-06-01 19:00:00+00:00,46521.595,850.3399999999999,1585.73,958.8025,36816.69,3394.8724999999995,0.5175855102531889,-0.8556314858488706,-1.0,-1.8369701987210294e-16,-0.9749279121818236,-0.2225209339563146,0,weekend,11.205
2019-06-02,2019,6,2,153,18,6,38.13,2019-06-02 18:00:00+00:00,2019-06-02 19:00:00+00:00,46551.2225,2455.17,6851.09,962.37,41682.9,10268.63,0.5027907197793043,-0.8644081744776648,-1.0,-1.8369701987210294e-16,-0.7818314824680299,0.6234898018587334,0,weekend,11.1525
2019-06-03,2019,6,3,154,18,0,48.98,2019-06-03 18:00:00+00:00,2019-06-03 19:00:00+00:00,55676.16,902.4325,4667.225,644.7575,47696.74,6214.415,0.4878471454423119,-0.8729290708206411,-1.0,-1.8369701987210294e-16,0.0,1.0,0,weekday,11.1
2019-06-04,2019,6,4,155,18,1,44.72,2019-06-04 18:00:00+00:00,2019-06-04 19:00:00+00:00,55532.38,3321.495,9325.9,961.695,51953.63,13609.09,0.4727592092862775,-0.881191653407483,-1.0,-1.8369701987210294e-16,0.7818314824680298,0.6234898018587336,0,weekday,11.91
2019-06-05,2019,6,5,156,18,2,49.41,2019-06-05 18:00:00+00:00,2019-06-05 19:00:00+00:00,57199.375,1966.3425,8738.0625,1004.325,50075.49,11708.73,0.4575313760742512,-0.8891934772070711,-1.0,-1.8369701987210294e-16,0.9749279121818236,-0.2225209339563143,0,weekday,11.6
2019-06-06,2019,6,6,157,18,3,59.09,2019-06-06 18:00:00+00:00,2019-06-06 19:00:00+00:00,58120.1875,2103.5525,7817.12,823.7275000000001,48199.69,10744.4,0.442168151967072,-0.8969321743510065,-1.0,-1.8369701987210294e-16,0.4338837391175582,-0.900968867902419,0,weekday,11.32
2019-06-07,2019,6,7,158,18,4,40.07,2019-06-07 18:00:00+00:00,2019-06-07 19:00:00+00:00,55704.0075,4124.462500000001,14877.38,947.605,51641.39,19949.4475,0.4266740831899246,-0.9044054548343,-1.0,-1.8369701987210294e-16,-0.433883739117558,-0.9009688679024191,0,weekday,11.245
2019-06-08,2019,6,8,159,18,5,23.54,2019-06-08 18:00:00+00:00,2019-06-08 19:00:00+00:00,48250.68,4453.3625,15837.91,1109.1125000000002,48501.32,21400.385,0.4110537546870351,-0.911611107193024,-1.0,-1.8369701987210294e-16,-0.9749279121818236,-0.2225209339563146,0,weekend,11.52
2019-06-09,2019,6,9,160,18,6,50.53,2019-06-09 18:00:00+00:00,2019-06-09 19:00:00+00:00,44364.895,107.35,4302.969999999999,766.03,33339.76,5176.349999999999,0.3953117887649151,-0.9185469991587164,-1.0,-1.8369701987210294e-16,-0.7818314824680299,0.6234898018587334,0,weekend,11.585
2019-06-10,2019,6,10,161,18,0,40.83,2019-06-10 18:00:00+00:00,2019-06-10 19:00:00+00:00,46932.95,4883.29,6760.51,685.485,39810.01,12329.285,0.3794528437245443,-0.925211078289358,-1.0,-1.8369701987210294e-16,0.0,1.0,1,holiday,11.65
2019-06-11,2019,6,11,162,18,1,54.0,2019-06-11 18:00:00+00:00,2019-06-11 19:00:00+00:00,55045.45,1311.51,3011.905,791.3249999999999,45069.85,5114.74,0.3634816124829063,-0.9316013725767188,-1.0,-1.8369701987210294e-16,0.7818314824680298,0.6234898018587336,0,weekday,11.48
2019-06-12,2019,6,12,163,18,2,50.56,2019-06-12 18:00:00+00:00,2019-06-12 19:00:00+00:00,56924.5,1894.435,6935.2975,991.0325,51039.36,9820.765,0.3474028211842774,-0.9377159910299092,-1.0,-1.8369701987210294e-16,0.9749279121818236,-0.2225209339563143,0,weekday,11.205
2019-06-13,2019,6,13,164,18,3,76.5,2019-06-13 18:00:00+00:00,2019-06-13 19:00:00+00:00,56030.64,1796.405,4599.705,1191.3525,48360.74,7587.4625,0.3312212278016865,-0.9435531242349544,-1.0,-1.8369701987210294e-16,0.4338837391175582,-0.900968867902419,0,weekday,11.52
2019-06-14,2019,6,14,165,18,4,58.94,2019-06-14 18:00:00+00:00,2019-06-14 19:00:00+00:00,55086.545,1382.425,8213.05,1012.02,48773.66,10607.495,0.3149416207289519,-0.9491110448902284,-1.0,-1.8369701987210294e-16,-0.433883739117558,-0.9009688679024191,0,weekday,11.35
2019-06-15,2019,6,15,166,18,5,39.64,2019-06-15 18:00:00+00:00,2019-06-15 19:00:00+00:00,47157.575,2543.5825,8416.45,935.5525,41868.53,11895.585,0.2985688173637202,-0.9543881083175908,-1.0,-1.8369701987210294e-16,-0.9749279121818236,-0.2225209339563146,0,weekend,11.32
2019-06-16,2019,6,16,167,18,6,47.95,2019-06-16 18:00:00+00:00,2019-06-16 19:00:00+00:00,46477.08,849.9425,1307.375,1077.3775,35237.38,3234.695,0.2821076626819194,-0.9593827529490744,-1.0,-1.8369701987210294e-16,-0.7818314824680299,0.6234898018587334,0,weekend,11.3375
2019-06-17,2019,6,17,168,18,0,69.52,2019-06-17 18:00:00+00:00,2019-06-17 19:00:00+00:00,55375.335,273.8725,2390.6,1199.28,48060.88,3863.7525,0.2655630278040559,-0.9640935007889756,-1.0,-1.8369701987210294e-16,0.0,1.0,0,weekday,11.355
2019-06-18,2019,6,18,169,18,1,67.12,2019-06-18 18:00:00+00:00,2019-06-18 19:00:00+00:00,56144.0675,853.695,3109.5,1169.58,49957.39,5132.775,0.2489398085537665,-0.9685189578512204,-1.0,-1.8369701987210294e-16,0.7818314824680298,0.6234898018587336,0,weekday,11.4
2019-06-19,2019,6,19,170,18,2,51.07,2019-06-19 18:00:00+00:00,2019-06-19 19:00:00+00:00,55037.6675,1922.96,6430.3475,1138.6225,50343.45,9491.929999999998,0.2322429240090701,-0.9726578145718654,-1.0,-1.8369701987210294e-16,0.9749279121818236,-0.2225209339563143,0,weekday,10.485
2019-06-20,2019,6,20,171,18,3,51.96,2019-06-20 18:00:00+00:00,2019-06-20 19:00:00+00:00,49360.345,344.8275,3010.8975,1057.8475,42950.98,4413.5725,0.2154773150467301,-0.976508846196619,-1.0,-1.8369701987210294e-16,0.4338837391175582,-0.900968867902419,0,weekday,10.15
2019-06-21,2019,6,21,172,18,4,47.84,2019-06-21 18:00:00+00:00,2019-06-21 19:00:00+00:00,52224.7975,1085.0475,4487.485,1178.6125,44786.68,6751.145,0.1986479428801711,-0.9800709131432666,-1.0,-1.8369701987210294e-16,-0.433883739117558,-0.9009688679024191,0,weekday,9.8
2019-06-22,2019,6,22,173,18,5,35.38,2019-06-22 18:00:00+00:00,2019-06-22 19:00:00+00:00,46841.9475,520.6575,8862.765,945.9775,41956.38,10329.399999999998,0.1817597875913753,-0.9833429613388902,-1.0,-1.8369701987210294e-16,-0.9749279121818236,-0.2225209339563146,0,weekend,10.355
2019-06-23,2019,6,23,174,18,6,36.35,2019-06-23 18:00:00+00:00,2019-06-23 19:00:00+00:00,46739.255000000005,3527.9300000000003,9829.805,1253.16,44083.74,14610.895,0.1648178466571979,-0.9863240225317866,-1.0,-1.8369701987210294e-16,-0.7818314824680299,0.6234898018587334,0,weekend,10.2775
2019-06-24,2019,6,24,175,18,0,54.01,2019-06-24 18:00:00+00:00,2019-06-24 19:00:00+00:00,55156.0175,4745.825000000001,9846.5675,1244.045,52745.78,15836.4375,0.1478271334705304,-0.9890132145779884,-1.0,-1.8369701987210294e-16,0.0,1.0,0,weekday,10.2
2019-06-25,2019,6,25,176,18,1,73.09,2019-06-25 18:00:00+00:00,2019-06-25 19:00:00+00:00,56160.82,1777.16,3479.7975,1267.0,50093.52,6523.9575,0.1307926758567592,-0.9914097417023038,-1.0,-1.8369701987210294e-16,0.7818314824680298,0.6234898018587336,0,weekday,9.875
2019-06-26,2019,6,26,177,18,2,48.88,2019-06-26 18:00:00+00:00,2019-06-26 19:00:00+00:00,57272.77,4067.25,15401.5525,1261.9425,57220.32,20730.745,0.1137195145859496,-0.9935128947338008,-1.0,-1.8369701987210294e-16,0.9749279121818236,-0.2225209339563143,0,weekday,9.62
2019-06-27,2019,6,27,178,18,3,52.23,2019-06-27 18:00:00+00:00,2019-06-27 19:00:00+00:00,56837.48,2611.2675,11092.5375,1267.505,51841.23,14971.31,0.0966127018812031,-0.9953220513156602,-1.0,-1.8369701987210294e-16,0.4338837391175582,-0.900968867902419,0,weekday,9.375
2019-06-28,2019,6,28,179,18,4,66.06,2019-06-28 18:00:00+00:00,2019-06-28 19:00:00+00:00,55353.3325,456.43,2787.2475,1252.25,44523.49,4495.9275,0.0794772999236209,-0.9968366760893436,-1.0,-1.8369701987210294e-16,-0.433883739117558,-0.9009688679024191,0,weekday,9.75
2019-06-29,2019,6,29,180,18,5,56.23,2019-06-29 18:00:00+00:00,2019-06-29 19:00:00+00:00,48815.0875,1005.2725,2044.665,1287.6575,38152.14,4337.595,0.062318379354325,-0.998056320853012,-1.0,-1.8369701987210294e-16,-0.9749279121818236,-0.2225209339563146,0,weekend,10.115
2019-06-30,2019,6,30,181,18,6,37.94,2019-06-30 18:00:00+00:00,2019-06-30 19:00:00+00:00,48372.715,3352.56,12525.93,1269.1,46499.52,17147.59,0.0451410177739719,-0.998980624694158,-1.0,-1.8369701987210294e-16,-0.7818314824680299,0.6234898018587334,0,weekend,10.342500000000001
2019-07-01,2019,7,1,182,18,0,36.32,2019-07-01 18:00:00+00:00,2019-07-01 19:00:00+00:00,58656.855,4981.2025,18694.255,1188.64,58507.15,24864.0975,0.0279502982402103,-0.999609314096404,-1.0,-1.8369701987210294e-16,0.0,1.0,0,weekday,10.57
2019-07-02,2019,7,2,183,18,1,50.96,2019-07-02 18:00:00+00:00,2019-07-02 19:00:00+00:00,58683.405,3269.005,11711.4925,1185.6425,53658.11,16166.14,0.0107513077635219,-0.9999422030204416,-1.0,-1.8369701987210294e-16,0.7818314824680298,0.6234898018587336,0,weekday,10.65
2019-07-03,2019,7,3,184,18,2,48.39,2019-07-03 18:00:00+00:00,2019-07-03 19:00:00+00:00,60320.4975,3308.1675,10264.3025,1226.275,53559.95,14798.745,-0.0064508641981051,-0.9999791929590824,-1.0,-1.8369701987210294e-16,0.9749279121818236,-0.2225209339563143,0,weekday,10.375
2019-07-04,2019,7,4,185,18,3,44.98,2019-07-04 18:00:00+00:00,2019-07-04 19:00:00+00:00,58998.6225,4878.41,9336.4625,1232.46,52401.54,15447.3325,-0.0236511272452315,-0.9997202729664084,-1.0,-1.8369701987210294e-16,0.4338837391175582,-0.900968867902419,0,weekday,10.295
2019-07-05,2019,7,5,186,18,4,45.86,2019-07-05 18:00:00+00:00,2019-07-05 19:00:00+00:00,56664.2275,2197.54,6396.55,1133.3975,47566.08,9727.4875,-0.0408443915432961,-0.9991655196610107,-1.0,-1.8369701987210294e-16,-0.433883739117558,-0.9009688679024191,0,weekday,10.575
2019-07-06,2019,7,6,187,18,5,29.73,2019-07-06 18:00:00+00:00,2019-07-06 19:00:00+00:00,50928.37,5159.262500000001,14750.745,975.9525,50597.1,20885.96,-0.0580255693287803,-0.9983150972033183,-1.0,-1.8369701987210294e-16,-0.9749279121818236,-0.2225209339563146,0,weekend,11.215
2019-07-07,2019,7,7,188,18,6,31.98,2019-07-07 18:00:00+00:00,2019-07-07 19:00:00+00:00,48975.115,3980.14,12107.965,1097.465,46437.6,17185.57,-0.0751895764147585,-0.9971692572470178,-1.0,-1.8369701987210294e-16,-0.7818314824680299,0.6234898018587334,0,weekend,11.16
2019-07-08,2019,7,8,189,18,0,38.35,2019-07-08 18:00:00+00:00,2019-07-08 19:00:00+00:00,59184.6025,3097.2575,11148.6675,1070.23,51849.03,15316.155,-0.0923313336953912,-0.9957283388645872,-1.0,-1.8369701987210294e-16,0.0,1.0,0,weekday,11.105
2019-07-09,2019,7,9,190,18,1,47.9,2019-07-09 18:00:00+00:00,2019-07-09 19:00:00+00:00,60024.4025,1932.44,8596.380000000001,1171.8625,49371.87,11700.6825,-0.1094457686489155,-0.993992768446958,-1.0,-1.8369701987210294e-16,0.7818314824680298,0.6234898018587336,0,weekday,12.225
2019-07-10,2019,7,10,191,18,2,51.47,2019-07-10 18:00:00+00:00,2019-07-10 19:00:00+00:00,58291.535,1060.8825,2998.9475,996.7925,49372.72,5056.6225,-0.1265278168386831,-0.9919630595773395,-1.0,-1.8369701987210294e-16,0.9749279121818236,-0.2225209339563143,0,weekday,11.35
2019-07-11,2019,7,11,192,18,3,51.9,2019-07-11 18:00:00+00:00,2019-07-11 19:00:00+00:00,58375.065,237.9925,1856.1725,553.58,48946.26,2647.745,-0.1435724234118113,-0.9896398128792412,-1.0,-1.8369701987210294e-16,0.4338837391175582,-0.900968867902419,0,weekday,12.725
2019-07-12,2019,7,12,193,18,4,53.92,2019-07-12 18:00:00+00:00,2019-07-12 19:00:00+00:00,56331.5425,529.6075000000001,3195.1725,859.4975000000001,46694.41,4584.2775,-0.1605745445949937,-0.9870237158387384,-1.0,-1.8369701987210294e-16,-0.433883739117558,-0.9009688679024191,0,weekday,12.65
2019-07-13,2019,7,13,194,18,5,37.79,2019-07-13 18:00:00+00:00,2019-07-13 19:00:00+00:00,49188.3275,2098.635,6789.36,962.905,41417.24,9850.9,-0.1775291491870349,-0.984115542601034,-1.0,-1.8369701987210294e-16,-0.9749279121818236,-0.2225209339563146,0,weekend,13.28
2019-07-14,2019,7,14,195,18,6,39.91,2019-07-14 18:00:00+00:00,2019-07-14 19:00:00+00:00,49112.36,1946.93,5399.547500000001,956.575,40394.27,8303.052500000002,-0.1944312200476619,-0.9809161537413774,-1.0,-1.8369701987210294e-16,-0.7818314824680299,0.6234898018587334,0,weekend,13.5025
2019-07-15,2019,7,15,196,18,0,44.08,2019-07-15 18:00:00+00:00,2019-07-15 19:00:00+00:00,58478.2,4259.1325,10122.9125,915.0875,52921.2,15297.1325,-0.2112757555821793,-0.9774264960104057,-1.0,-1.8369701987210294e-16,0.0,1.0,0,weekday,13.725
2019-07-16,2019,7,16,197,18,1,51.96,2019-07-16 18:00:00+00:00,2019-07-16 19:00:00+00:00,57976.6975,1010.55,6524.4875,887.1125,49729.37,8422.15,-0.2280577712215198,-0.9736476020539838,-1.0,-1.8369701987210294e-16,0.7818314824680298,0.6234898018587336,0,weekday,12.13
2019-07-17,2019,7,17,198,18,2,55.03,2019-07-17 18:00:00+00:00,2019-07-17 19:00:00+00:00,57823.6875,108.93,1287.8275,992.7275,47899.53,2389.485,-0.2447723008972595,-0.9695805901076308,-1.0,-1.8369701987210294e-16,0.9749279121818236,-0.2225209339563143,0,weekday,11.0
2019-07-18,2019,7,18,199,18,3,54.02,2019-07-18 18:00:00+00:00,2019-07-18 19:00:00+00:00,57221.7875,664.1625,2430.2875,832.505,48282.39,3926.955,-0.2614143985111562,-0.965226663665613,-1.0,-1.8369701987210294e-16,0.4338837391175582,-0.900968867902419,0,weekday,11.075
2019-07-19,2019,7,19,200,18,4,53.99,2019-07-19 18:00:00+00:00,2019-07-19 19:00:00+00:00,54930.08,462.015,1225.45,934.195,44651.81,2621.6600000000003,-0.2779791393987801,-0.9605871111248128,-1.0,-1.8369701987210294e-16,-0.433883739117558,-0.9009688679024191,0,weekday,10.9
2019-07-20,2019,7,20,201,18,5,37.53,2019-07-20 18:00:00+00:00,2019-07-20 19:00:00+00:00,47926.29,3323.6025,6210.3075,792.75,44291.48,10326.66,-0.2944616217868012,-0.9556633054034704,-1.0,-1.8369701987210294e-16,-0.9749279121818236,-0.2225209339563146,0,weekend,10.815
2019-07-21,2019,7,21,202,18,6,43.6,2019-07-21 18:00:00+00:00,2019-07-21 19:00:00+00:00,47568.475,1785.7375,5850.1275000000005,914.015,42162.85,8549.880000000001,-0.3108569682435036,-0.9504567035349152,-1.0,-1.8369701987210294e-16,-0.7818314824680299,0.6234898018587334,0,weekend,10.8575
2019-07-22,2019,7,22,203,18,0,53.34,2019-07-22 18:00:00+00:00,2019-07-22 19:00:00+00:00,57031.695,3385.71,3635.4525,743.845,49464.34,7765.007500000001,-0.3271603271220951,-0.9449688462364056,-1.0,-1.8369701987210294e-16,0.0,1.0,0,weekday,10.9
2019-07-23,2019,7,23,204,18,1,63.41,2019-07-23 18:00:00+00:00,2019-07-23 19:00:00+00:00,56980.33,257.0875,2225.5950000000003,870.74,48696.09,3353.4225000000006,-0.343366873996388,-0.939201357453208,-1.0,-1.8369701987210294e-16,0.7818314824680298,0.6234898018587336,0,weekday,10.125
2019-07-24,2019,7,24,205,18,2,68.16,2019-07-24 18:00:00+00:00,2019-07-24 19:00:00+00:00,58098.6,2483.8875,3945.5375,833.925,52197.77,7263.349999999999,-0.3594718130884232,-0.9331559438780432,-1.0,-1.8369701987210294e-16,0.9749279121818236,-0.2225209339563143,0,weekday,10.375
2019-07-25,2019,7,25,206,18,3,61.86,2019-07-25 18:00:00+00:00,2019-07-25 19:00:00+00:00,58635.96,2062.0125,8513.95,803.09,53627.59,11379.052500000002,-0.3754703786876202,-0.9268343944460494,-1.0,-1.8369701987210294e-16,0.4338837391175582,-0.900968867902419,0,weekday,10.25
2019-07-26,2019,7,26,207,18,4,52.06,2019-07-26 18:00:00+00:00,2019-07-26 19:00:00+00:00,56786.6875,4712.7225,16173.7375,721.8525,57135.93,21608.3125,-0.3913578365610259,-0.9202385798054076,-1.0,-1.8369701987210294e-16,-0.433883739117558,-0.9009688679024191,0,weekday,10.0
2019-07-27,2019,7,27,208,18,5,37.91,2019-07-27 18:00:00+00:00,2019-07-27 19:00:00+00:00,50124.76,5194.577499999999,14301.8625,573.2675,47450.48,20069.7075,-0.4071294853542516,-0.9133704517637858,-1.0,-1.8369701987210294e-16,-0.9749279121818236,-0.2225209339563146,0,weekend,9.965
2019-07-28,2019,7,28,209,18,6,40.3,2019-07-28 18:00:00+00:00,2019-07-28 19:00:00+00:00,47189.2525,1557.3725,6132.2725,505.13,40615.25,8194.775,-0.4227806579826773,-0.9062320427107696,-1.0,-1.8369701987210294e-16,-0.7818314824680299,0.6234898018587334,0,weekend,10.02
2019-07-29,2019,7,29,210,18,0,60.5,2019-07-29 18:00:00+00:00,2019-07-29 19:00:00+00:00,57443.315,713.9449999999999,3714.3775,502.34,46903.17,4930.6625,-0.4383067230125192,-0.898825465016444,-1.0,-1.8369701987210294e-16,0.0,1.0,0,weekday,10.075
2019-07-30,2019,7,30,211,18,1,52.99,2019-07-30 18:00:00+00:00,2019-07-30 19:00:00+00:00,57847.5825,1233.63,4095.0275,552.5525,48412.94,5881.21,-0.4537030860313442,-0.8911529104063088,-1.0,-1.8369701987210294e-16,0.7818314824680298,0.6234898018587336,0,weekday,9.85
2019-07-31,2019,7,31,212,18,2,65.71,2019-07-31 18:00:00+00:00,2019-07-31 19:00:00+00:00,57033.3425,1117.085,3083.795,494.5625,45735.92,4695.4425,-0.4689651910076318,-0.8832166493127127,-1.0,-1.8369701987210294e-16,0.9749279121818236,-0.2225209339563143,0,weekday,11.0
2019-08-01,2019,8,1,213,18,3,68.07,2019-08-01 18:00:00+00:00,2019-08-01 19:00:00+00:00,56477.1675,351.73,1617.3175,535.985,46545.34,2505.0325000000003,-0.4840885216389758,-0.8750190302029955,-1.0,-1.8369701987210294e-16,0.4338837391175582,-0.900968867902419,0,weekday,11.675
2019-08-02,2019,8,2,214,18,4,49.0,2019-08-02 18:00:00+00:00,2019-08-02 19:00:00+00:00,54496.8975,1050.8775,2690.6800000000003,452.3975,46035.43,4193.955,-0.4990686026885319,-0.8665624788845385,-1.0,-1.8369701987210294e-16,-0.433883739117558,-0.9009688679024191,0,weekday,11.96
2019-08-03,2019,8,3,215,18,5,41.02,2019-08-03 18:00:00+00:00,2019-08-03 19:00:00+00:00,47358.24,614.26,3146.82,472.31,40068.95,4233.39,-0.5139010013093103,-0.8578494977869301,-1.0,-1.8369701987210294e-16,-0.9749279121818236,-0.2225209339563146,0,weekend,12.015
2019-08-04,2019,8,4,216,18,6,43.99,2019-08-04 18:00:00+00:00,2019-08-04 19:00:00+00:00,46656.5775,185.56,1349.66,454.8125,36761.92,1990.0325,-0.5285813283559292,-0.8488826652214553,-1.0,-1.8369701987210294e-16,-0.7818314824680299,0.6234898018587334,0,weekend,11.995000000000001
2019-08-05,2019,8,5,217,18,0,55.0,2019-08-05 18:00:00+00:00,2019-08-05 19:00:00+00:00,56573.965,986.6025,3865.9275,347.055,47584.09,5199.585,-0.5431052396834317,-0.8396646346181327,-1.0,-1.8369701987210294e-16,0.0,1.0,0,weekday,11.975
2019-08-06,2019,8,6,218,18,1,53.87,2019-08-06 18:00:00+00:00,2019-08-06 19:00:00+00:00,56322.7075,950.7975,2925.2425000000003,289.92,49245.56,4165.96,-0.5574684374327892,-0.8301981337405212,-1.0,-1.8369701987210294e-16,0.7818314824680298,0.6234898018587336,0,weekday,11.175
2019-08-07,2019,8,7,219,18,2,42.68,2019-08-07 18:00:00+00:00,2019-08-07 19:00:00+00:00,56232.9925,1920.245,5875.34,237.3425,48695.77,8032.9275,-0.5716666713027052,-0.8204859638785327,-1.0,-1.8369701987210294e-16,0.9749279121818236,-0.2225209339563143,0,weekday,11.0
2019-08-08,2019,8,8,220,18,3,43.37,2019-08-08 18:00:00+00:00,2019-08-08 19:00:00+00:00,55776.5125,3795.7925,8710.1925,330.945,50860.46,12836.929999999998,-0.5856957398073508,-0.8105309990194823,-1.0,-1.8369701987210294e-16,0.4338837391175582,-0.900968867902419,0,weekday,11.25
2019-08-09,2019,8,9,221,18,4,40.07,2019-08-09 18:00:00+00:00,2019-08-09 19:00:00+00:00,54170.3375,3190.265,8936.2775,204.615,48412.92,12331.1575,-0.5995514915196489,-0.8003361849976323,-1.0,-1.8369701987210294e-16,-0.433883739117558,-0.9009688679024191,0,weekday,12.05
2019-08-10,2019,8,10,222,18,5,27.9,2019-08-10 18:00:00+00:00,2019-08-10 19:00:00+00:00,47576.0275,4424.7325,20405.84,297.545,49980.54,25128.1175,-0.6132298262997502,-0.7899045386224707,-1.0,-1.8369701987210294e-16,-0.9749279121818236,-0.2225209339563146,0,weekend,12.025
2019-08-11,2019,8,11,223,18,6,48.71,2019-08-11 18:00:00+00:00,2019-08-11 19:00:00+00:00,46038.8325,4339.91,5798.6025,222.655,40179.12,10361.1675,-0.6267266965083301,-0.7792391467859886,-1.0,-1.8369701987210294e-16,-0.7818314824680299,0.6234898018587334,0,weekend,11.9875
2019-08-12,2019,8,12,224,18,0,70.6,2019-08-12 18:00:00+00:00,2019-08-12 19:00:00+00:00,55860.305,1551.6775,4263.525,171.185,44773.94,5986.3875,-0.6400381082043503,-0.7683431655492202,-1.0,-1.8369701987210294e-16,0.0,1.0,0,weekday,11.95
2019-08-13,2019,8,13,225,18,1,49.94,2019-08-13 18:00:00+00:00,2019-08-13 19:00:00+00:00,56099.355,1397.8175,7290.475,202.9025,45422.36,8891.195,-0.65316012232693,-0.7572198192083127,-1.0,-1.8369701987210294e-16,0.7818314824680298,0.6234898018587336,0,weekday,11.45
2019-08-14,2019,8,14,226,18,2,67.93,2019-08-14 18:00:00+00:00,2019-08-14 19:00:00+00:00,55721.567500000005,825.895,1605.05,191.8975,42495.87,2622.8425,-0.666088855860977,-0.7458723993404063,-1.0,-1.8369701987210294e-16,0.9749279121818236,-0.2225209339563143,0,weekday,11.5
2019-08-15,2019,8,15,227,18,3,40.91,2019-08-15 18:00:00+00:00,2019-08-15 19:00:00+00:00,55862.21,3239.2825000000003,11477.945,112.125,46847.29,14829.3525,-0.6788204829862355,-0.734304263829602,-1.0,-1.8369701987210294e-16,0.4338837391175582,-0.900968867902419,0,weekday,11.15
2019-08-16,2019,8,16,228,18,4,52.37,2019-08-16 18:00:00+00:00,2019-08-16 19:00:00+00:00,54260.19,2331.495,2253.845,155.82999999999998,42201.32,4741.17,-0.6913512362094071,-0.722518835873311,-1.0,-1.8369701987210294e-16,-0.433883739117558,-0.9009688679024191,0,weekday,11.175
2019-08-17,2019,8,17,229,18,5,37.95,2019-08-17 18:00:00+00:00,2019-08-17 19:00:00+00:00,47358.4875,2602.9025,8556.9175,79.785,43123.38,11239.605,-0.7036774074790128,-0.7105196029692745,-1.0,-1.8369701987210294e-16,-0.9749279121818236,-0.2225209339563146,0,weekend,10.955
2019-08-18,2019,8,18,230,18,6,36.69,2019-08-18 18:00:00+00:00,2019-08-18 19:00:00+00:00,47437.335,3106.6475,10095.18,114.61,41937.32,13316.4375,-0.7157953492826642,-0.6983101158835584,-1.0,-1.8369701987210294e-16,-0.7818314824680299,0.6234898018587334,0,weekend,10.877500000000001
2019-08-19,2019,8,19,231,18,0,52.19,2019-08-19 18:00:00+00:00,2019-08-19 19:00:00+00:00,55990.03,2769.51,6016.12,132.525,49397.28,8918.155,-0.7277014757264236,-0.6858939875998223,-1.0,-1.8369701987210294e-16,0.0,1.0,0,weekday,10.8
2019-08-20,2019,8,20,232,18,1,54.28,2019-08-20 18:00:00+00:00,2019-08-20 19:00:00+00:00,53906.1725,1571.1725,3051.8,77.53,49535.78,4700.5025,-0.7393922635959241,-0.673274892250183,-1.0,-1.8369701987210294e-16,0.7818314824680298,0.6234898018587336,0,weekday,11.3
2019-08-21,2019,8,21,233,18,2,68.91,2019-08-21 18:00:00+00:00,2019-08-21 19:00:00+00:00,55868.39,652.8075,1196.2125,105.66,48585.86,1954.68,-0.7508642533989489,-0.6604565640279754,-1.0,-1.8369701987210294e-16,0.9749279121818236,-0.2225209339563143,0,weekday,11.2
2019-08-22,2019,8,22,234,18,3,51.81,2019-08-22 18:00:00+00:00,2019-08-22 19:00:00+00:00,55866.76,2034.5325,2411.11,110.27,49173.7,4555.9125,-0.7621140503891487,-0.6474427960827475,-1.0,-1.8369701987210294e-16,0.4338837391175582,-0.900968867902419,0,weekday,11.275
2019-08-23,2019,8,23,235,18,4,57.77,2019-08-23 18:00:00+00:00,2019-08-23 19:00:00+00:00,53449.14,53.7875,3750.9825,95.255,48497.34,3900.025,-0.7731383255706026,-0.6342374393978054,-1.0,-1.8369701987210294e-16,-0.433883739117558,-0.9009688679024191,0,weekday,10.825
2019-08-24,2019,8,24,236,18,5,38.75,2019-08-24 18:00:00+00:00,2019-08-24 19:00:00+00:00,47049.0525,2603.2925,7437.7775,65.68,45649.61,10106.75,-0.7839338166829201,-0.620844401650647,-1.0,-1.8369701987210294e-16,-0.9749279121818236,-0.2225209339563146,0,weekend,10.585
2019-08-25,2019,8,25,237,18,6,46.99,2019-08-25 18:00:00+00:00,2019-08-25 19:00:00+00:00,46597.5175,1311.315,5837.1025,51.38,43396.2,7199.7975,-0.7944973291665992,-0.6072676460566135,-1.0,-1.8369701987210294e-16,-0.7818314824680299,0.6234898018587334,0,weekend,10.45
2019-08-26,2019,8,26,238,18,0,59.46,2019-08-26 18:00:00+00:00,2019-08-26 19:00:00+00:00,56329.19,761.52,4882.06,43.18,51312.59,5686.76,-0.8048257371083452,-0.593511190196115,-1.0,-1.8369701987210294e-16,0.0,1.0,0,weekday,10.315
2019-08-27,2019,8,27,239,18,1,56.05,2019-08-27 18:00:00+00:00,2019-08-27 19:00:00+00:00,56580.49,2329.575,3595.1125,34.525000000000006,55025.46,5959.2125,-0.8149159841660791,-0.5795791048257612,-1.0,-1.8369701987210294e-16,0.7818314824680298,0.6234898018587336,0,weekday,10.15
2019-08-28,2019,8,28,240,18,2,73.08,2019-08-28 18:00:00+00:00,2019-08-28 19:00:00+00:00,57523.6975,1165.6375,2332.6925,29.145,52572.72,3527.475,-0.8247650844733614,-0.5654755126737576,-1.0,-1.8369701987210294e-16,0.9749279121818236,-0.2225209339563143,0,weekday,10.35
2019-08-29,2019,8,29,241,18,3,56.93,2019-08-29 18:00:00+00:00,2019-08-29 19:00:00+00:00,58033.7725,581.8299999999999,1986.0975,26.34,53215.37,2594.2675,-0.8343701235229538,-0.5512045872199277,-1.0,-1.8369701987210294e-16,0.4338837391175582,-0.900968867902419,0,weekday,10.425
2019-08-30,2019,8,30,242,18,4,52.49,2019-08-30 18:00:00+00:00,2019-08-30 19:00:00+00:00,55795.9575,1104.5175,1251.3125,25.48,50866.22,2381.31,-0.8437282590292712,-0.5367705514607103,-1.0,-1.8369701987210294e-16,-0.433883739117558,-0.9009688679024191,0,weekday,12.795
2019-08-31,2019,8,31,243,18,5,47.0,2019-08-31 18:00:00+00:00,2019-08-31 19:00:00+00:00,48862.5,1100.42,4565.094999999999,7.202500000000001,43007.9,5672.7175,-0.8528367217694595,-0.522177676659508,-1.0,-1.8369701987210294e-16,-0.9749279121818236,-0.2225209339563146,0,weekend,12.795
2019-09-01,2019,9,1,244,18,6,39.67,2019-09-01 18:00:00+00:00,2019-09-01 19:00:00+00:00,48719.68,2744.7675,6068.4175,4.77,44144.39,8817.955,-0.8616928164028522,-0.5074302810827518,-1.0,-1.8369701987210294e-16,-0.7818314824680299,0.6234898018587334,0,weekend,12.513333333333334
2019-09-02,2019,9,2,245,18,0,52.91,2019-09-02 18:00:00+00:00,2019-09-02 19:00:00+00:00,58166.1475,2192.0375,3313.99,7.8075,51115.67,5513.835,-0.8702939222685674,-0.4925327287220543,-1.0,-1.8369701987210294e-16,0.0,1.0,0,weekday,12.231666666666666
2019-09-03,2019,9,3,246,18,1,53.36,2019-09-03 18:00:00+00:00,2019-09-03 19:00:00+00:00,58940.8125,2164.1325,5289.174999999999,1.65,51855.65,7454.957499999999,-0.8786374941610001,-0.4774894280028391,-1.0,-1.8369701987210294e-16,0.7818314824680298,0.6234898018587336,0,weekday,11.95
2019-09-04,2019,9,4,247,18,2,40.67,2019-09-04 18:00:00+00:00,2019-09-04 19:00:00+00:00,58983.6425,3131.7325,10635.3575,0.3675,55080.9,13767.4575,-0.886721063082993,-0.4623048304798108,-1.0,-1.8369701987210294e-16,0.9749279121818236,-0.2225209339563143,0,weekday,12.15
2019-09-05,2019,9,5,248,18,3,40.92,2019-09-05 18:00:00+00:00,2019-09-05 19:00:00+00:00,59393.0175,4576.5975,14857.035,0.64,58511.25,19434.2725,-0.8945422369764496,-0.4469834295196741,-1.0,-1.8369701987210294e-16,0.4338837391175582,-0.900968867902419,0,weekday,11.8
2019-09-06,2019,9,6,249,18,4,40.07,2019-09-06 18:00:00+00:00,2019-09-06 19:00:00+00:00,57921.085,3996.41,8264.095,0.265,51106.13,12260.77,-0.9020987014301836,-0.4315297589714714,-1.0,-1.8369701987210294e-16,-0.433883739117558,-0.9009688679024191,0,weekday,12.175
2019-09-07,2019,9,7,250,18,5,48.01,2019-09-07 18:00:00+00:00,2019-09-07 19:00:00+00:00,50203.5125,2135.285,2088.4275,0.005,41042.13,4223.7175,-0.9093882203647924,-0.4159483918249421,-1.0,-1.8369701987210294e-16,-0.9749279121818236,-0.2225209339563146,0,weekend,12.35
2019-09-08,2019,9,8,251,18,6,54.34,2019-09-08 18:00:00+00:00,2019-09-08 19:00:00+00:00,48885.285,300.66,1810.2425,0.0,41329.39,2110.9025,-0.9164086366943458,-0.4002439388573056,-1.0,-1.8369701987210294e-16,-0.7818314824680299,0.6234898018587334,0,weekend,12.5125
2019-09-09,2019,9,9,252,18,0,57.48,2019-09-09 18:00:00+00:00,2019-09-09 19:00:00+00:00,58282.86,531.2275,5939.3225,0.0,52480.75,6470.55,-0.923157872964704,-0.3844210472688554,-1.0,-1.8369701987210294e-16,0.0,1.0,0,weekday,12.675
2019-09-10,2019,9,10,253,18,1,51.59,2019-09-10 18:00:00+00:00,2019-09-10 19:00:00+00:00,58129.12,2087.825,7106.7125,0.0,51488.41,9194.5375,-0.9296339319682696,-0.3684843993077793,-1.0,-1.8369701987210294e-16,0.7818314824680298,0.6234898018587336,0,weekday,12.35
2019-09-11,2019,9,11,254,18,2,41.1,2019-09-11 18:00:00+00:00,2019-09-11 19:00:00+00:00,58435.94,4232.297500000001,15293.565,0.0,60008.12,19525.862500000003,-0.935834897334994,-0.3524387108846032,-1.0,-1.8369701987210294e-16,0.9749279121818236,-0.2225209339563143,0,weekday,14.05
2019-09-12,2019,9,12,255,18,3,44.17,2019-09-12 18:00:00+00:00,2019-09-12 19:00:00+00:00,58804.855,4980.795,7761.71,0.0,53516.68,12742.505,-0.9417589340994617,-0.3362887301766828,-1.0,-1.8369701987210294e-16,0.4338837391175582,-0.900968867902419,0,weekday,14.545
2019-09-13,2019,9,13,256,18,4,52.07,2019-09-13 18:00:00+00:00,2019-09-13 19:00:00+00:00,58490.1075,1953.495,5692.4025,0.0,48533.76,7645.8975,-0.9474042892438844,-0.3200392362231385,-1.0,-1.8369701987210294e-16,-0.433883739117558,-0.9009688679024191,0,weekday,15.65
2019-09-14,2019,9,14,257,18,5,47.99,2019-09-14 18:00:00+00:00,2019-09-14 19:00:00+00:00,48900.935,2782.27,1700.47,0.0,42574.25,4482.74,-0.9527692922168512,-0.3036950375106588,-1.0,-1.8369701987210294e-16,-0.9749279121818236,-0.2225209339563146,0,weekend,14.71
2019-09-15,2019,9,15,258,18,6,48.9,2019-09-15 18:00:00+00:00,2019-09-15 19:00:00+00:00,47528.7525,3020.75,9861.1875,0.0,47555.07,12881.9375,-0.9578523554276668,-0.2872609705505963,-1.0,-1.8369701987210294e-16,-0.7818314824680299,0.6234898018587334,0,weekend,14.932500000000001
2019-09-16,2019,9,16,259,18,0,60.16,2019-09-16 18:00:00+00:00,2019-09-16 19:00:00+00:00,58186.465,3064.9275,4771.2575,0.0,53420.36,7836.184999999999,-0.9626519747161488,-0.2707418984477642,-1.0,-1.8369701987210294e-16,0.0,1.0,0,weekday,15.155
2019-09-17,2019,9,17,260,18,1,38.81,2019-09-17 18:00:00+00:00,2019-09-17 19:00:00+00:00,58535.4875,5728.075,22958.305,0.0,67077.2,28686.38,-0.9671667297977312,-0.2541427094613622,-1.0,-1.8369701987210294e-16,0.7818314824680298,0.6234898018587336,0,weekday,14.175
2019-09-18,2019,9,18,261,18,2,53.17,2019-09-18 18:00:00+00:00,2019-09-18 19:00:00+00:00,59594.61,4180.3975,11787.7375,0.0,60767.87,15968.134999999998,-0.97139528468375,-0.2374683155584684,-1.0,-1.8369701987210294e-16,0.9749279121818236,-0.2225209339563143,0,weekday,12.8
2019-09-19,2019,9,19,262,18,3,61.13,2019-09-19 18:00:00+00:00,2019-09-19 19:00:00+00:00,60627.0475,797.75,4802.2575,0.0,54629.55,5600.0075,-0.9753363880767836,-0.2207236509605022,-1.0,-1.8369701987210294e-16,0.4338837391175582,-0.900968867902419,0,weekday,12.255
2019-09-20,2019,9,20,263,18,4,51.22,2019-09-20 18:00:00+00:00,2019-09-20 19:00:00+00:00,57682.2075,696.24,4250.6675,0.0,52104.8,4946.907499999999,-0.978988873740932,-0.2039136706831147,-1.0,-1.8369701987210294e-16,-0.433883739117558,-0.9009688679024191,0,weekday,12.575
2019-09-21,2019,9,21,264,18,5,46.32,2019-09-21 18:00:00+00:00,2019-09-21 19:00:00+00:00,49538.66,1719.9525,8074.0425,0.0,49436.94,9793.995,-0.9823516608469236,-0.1870433490699165,-1.0,-1.8369701987210294e-16,-0.9749279121818236,-0.2225209339563146,0,weekend,12.71
2019-09-22,2019,9,22,265,18,6,38.5,2019-09-22 18:00:00+00:00,2019-09-22 19:00:00+00:00,49597.3075,3189.5,11372.62,0.0,51994.26,14562.12,-0.9854237542919524,-0.1701176783204905,-1.0,-1.8369701987210294e-16,-0.7818314824680299,0.6234898018587334,0,weekend,12.4775
2019-09-23,2019,9,23,266,18,0,53.1,2019-09-23 18:00:00+00:00,2019-09-23 19:00:00+00:00,59935.990000000005,920.56,4667.99,0.0,52117.35,5588.549999999999,-0.9882042449941422,-0.15314166701312,-1.0,-1.8369701987210294e-16,0.0,1.0,0,weekday,12.245
2019-09-24,2019,9,24,267,18,1,51.18,2019-09-24 18:00:00+00:00,2019-09-24 19:00:00+00:00,60155.255000000005,3081.2375,7196.3275,0.0,56015.45,10277.565,-0.9906923101615608,-0.136120338622667,-1.0,-1.8369701987210294e-16,0.7818314824680298,0.6234898018587336,0,weekday,12.175
2019-09-25,2019,9,25,268,18,2,51.74,2019-09-25 18:00:00+00:00,2019-09-25 19:00:00+00:00,59289.125,927.0475,5244.12,0.0,55001.3,6171.1675,-0.9928872135356962,-0.1190587300340498,-1.0,-1.8369701987210294e-16,0.9749279121818236,-0.2225209339563143,0,weekday,11.935
2019-09-26,2019,9,26,269,18,3,42.49,2019-09-26 18:00:00+00:00,2019-09-26 19:00:00+00:00,59660.6575,4241.77,12855.3525,0.0,62321.6,17097.1225,-0.994788305609327,-0.1019618900517457,-1.0,-1.8369701987210294e-16,0.4338837391175582,-0.900968867902419,0,weekday,12.045
2019-09-27,2019,9,27,270,18,4,47.49,2019-09-27 18:00:00+00:00,2019-09-27 19:00:00+00:00,57694.8275,4077.2725,11631.895,0.0,56408.24,15709.1675,-0.9963950238187232,-0.0848348779057653,-1.0,-1.8369701987210294e-16,-0.433883739117558,-0.9009688679024191,0,weekday,11.94
2019-09-28,2019,9,28,271,18,5,33.4,2019-09-28 18:00:00+00:00,2019-09-28 19:00:00+00:00,51773.6075,4623.355,23672.75,0.0,59170.48,28296.105,-0.9977068927101168,-0.0676827617545516,-1.0,-1.8369701987210294e-16,-0.9749279121818236,-0.2225209339563146,0,weekend,11.94
2019-09-29,2019,9,29,272,18,6,25.48,2019-09-29 18:00:00+00:00,2019-09-29 19:00:00+00:00,50935.985,3543.3125,28175.015,0.0,59426.52,31718.3275,-0.9987235240803972,-0.0505106171852228,-1.0,-1.8369701987210294e-16,-0.7818314824680299,0.6234898018587334,0,weekend,14.309999999999999
2019-09-30,2019,9,30,273,18,0,57.34,2019-09-30 18:00:00+00:00,2019-09-30 19:00:00+00:00,61300.16,2808.6800000000003,16843.260000000002,0.0,57620.73,19651.94,-0.9994446170919858,-0.0333235257116313,-1.0,-1.8369701987210294e-16,0.0,1.0,0,weekday,16.68
2019-10-01,2019,10,1,274,18,1,52.92,2019-10-01 18:00:00+00:00,2019-10-01 19:00:00+00:00,60599.105,1900.4225,13285.445,0.0,55596.5,15185.8675,-0.9998699583618592,-0.0161265732706577,-1.0,-1.8369701987210294e-16,0.7818314824680298,0.6234898018587336,0,weekday,16.25
2019-10-02,2019,10,2,275,18,2,48.47,2019-10-02 18:00:00+00:00,2019-10-02 19:00:00+00:00,60596.7125,5201.8,14708.615000000002,0.0,62733.88,19910.415,-0.9999994220246924,0.0010751512827982,-1.0,-1.8369701987210294e-16,0.9749279121818236,-0.2225209339563143,0,weekday,16.3
2019-10-03,2019,10,3,276,18,3,53.53,2019-10-03 18:00:00+00:00,2019-10-03 19:00:00+00:00,51910.7075,284.98,2953.2675,0.0,44809.72,3238.2475,-0.999832969770105,0.0182765576816912,-1.0,-1.8369701987210294e-16,0.4338837391175582,-0.900968867902419,1,holiday,16.0
2019-10-04,2019,10,4,277,18,4,49.22,2019-10-04 18:00:00+00:00,2019-10-04 19:00:00+00:00,56438.7675,2711.47,9335.5175,0.0,56127.68,12046.9875,-0.9993706508539968,0.0354725557531255,-1.0,-1.8369701987210294e-16,-0.433883739117558,-0.9009688679024191,0,weekday,16.35
2019-10-05,2019,10,5,278,18,5,49.75,2019-10-05 18:00:00+00:00,2019-10-05 19:00:00+00:00,52606.755,1744.76,5491.5,0.0,48766.83,7236.26,-0.9986126020839734,0.052658056924614,-1.0,-1.8369701987210294e-16,-0.9749279121818236,-0.2225209339563146,0,weekend,15.77
2019-10-06,2019,10,6,279,18,6,38.41,2019-10-06 18:00:00+00:00,2019-10-06 19:00:00+00:00,52334.62,4306.4975,13949.1375,0.0,56210.09,18255.635,-0.9975590477788612,0.0698279757298708,-1.0,-1.8369701987210294e-16,-0.7818314824680299,0.6234898018587334,0,weekend,15.485
2019-10-07,2019,10,7,280,18,0,52.0,2019-10-07 18:00:00+00:00,2019-10-07 19:00:00+00:00,61541.6475,3937.895,6113.045,0.0,62562.48,10050.94,-0.9962102997023295,0.0869772313136861,-1.0,-1.8369701987210294e-16,0.0,1.0,0,weekday,15.2
2019-10-08,2019,10,8,281,18,1,37.5,2019-10-08 18:00:00+00:00,2019-10-08 19:00:00+00:00,62141.89,5530.305,16864.697500000002,0.0,67844.54,22395.0025,-0.9945667569706336,0.1041007489354256,-1.0,-1.8369701987210294e-16,0.7818314824680298,0.6234898018587336,0,weekday,15.65
2019-10-09,2019,10,9,282,18,2,43.27,2019-10-09 18:00:00+00:00,2019-10-09 19:00:00+00:00,61071.395,3550.0125,17680.2025,0.0,65892.37,21230.215,-0.9926289059345096,0.121193461470736,-1.0,-1.8369701987210294e-16,0.9749279121818236,-0.2225209339563143,0,weekday,15.3
2019-10-10,2019,10,10,283,18,3,41.78,2019-10-10 18:00:00+00:00,2019-10-10 19:00:00+00:00,62087.7575,5501.9400000000005,21154.2975,0.0,67498.35,26656.237500000003,-0.9903973200352558,0.1382503109109819,-1.0,-1.8369701987210294e-16,0.4338837391175582,-0.900968867902419,0,weekday,15.825
2019-10-11,2019,10,11,284,18,4,31.19,2019-10-11 18:00:00+00:00,2019-10-11 19:00:00+00:00,60363.7925,5430.425,29851.8575,0.0,69226.86,35282.2825,-0.9878726596350428,0.1552662498599956,-1.0,-1.8369701987210294e-16,-0.433883739117558,-0.9009688679024191,0,weekday,16.125
2019-10-12,2019,10,12,285,18,5,40.13,2019-10-12 18:00:00+00:00,2019-10-12 19:00:00+00:00,52563.5625,2864.6825,10958.7125,0.0,51319.26,13823.395,-0.9850556718215012,0.172236243027682,-1.0,-1.8369701987210294e-16,-0.9749279121818236,-0.2225209339563146,0,weekend,16.135
2019-10-13,2019,10,13,286,18,6,22.45,2019-10-13 18:00:00+00:00,2019-10-13 19:00:00+00:00,51096.3475,5220.175,23498.585,0.0,57945.32,28718.76,-0.981947190186646,0.1891552687200409,-1.0,-1.8369701987210294e-16,-0.7818314824680299,0.6234898018587334,0,weekend,16.0425
2019-10-14,2019,10,14,287,18,0,48.93,2019-10-14 18:00:00+00:00,2019-10-14 19:00:00+00:00,60730.07,3127.0725,13318.855,0.0,66529.3,16445.927499999998,-0.9785481345802032,0.2060183203251708,-1.0,-1.8369701987210294e-16,0.0,1.0,0,weekday,15.95
2019-10-15,2019,10,15,288,18,1,55.29,2019-10-15 18:00:00+00:00,2019-10-15 19:00:00+00:00,61353.37,1242.19,7774.780000000001,0.0,58504.52,9016.97,-0.9748595108374124,0.2228204077947995,-1.0,-1.8369701987210294e-16,0.7818314824680298,0.6234898018587336,0,weekday,16.05
2019-10-16,2019,10,16,289,18,2,45.01,2019-10-16 18:00:00+00:00,2019-10-16 19:00:00+00:00,62139.4725,4202.36,16368.195000000002,0.0,66386.79,20570.555,-0.9708824104813836,0.239556559120927,-1.0,-1.8369701987210294e-16,0.9749279121818236,-0.2225209339563143,0,weekday,16.225
2019-10-17,2019,10,17,290,18,3,54.41,2019-10-17 18:00:00+00:00,2019-10-17 19:00:00+00:00,60406.33,1408.38,7944.2925,0.0,59478.42,9352.6725,-0.9666180104000972,0.2562218218071163,-1.0,-1.8369701987210294e-16,0.4338837391175582,-0.900968867902419,0,weekday,15.825
2019-10-18,2019,10,18,291,18,4,34.98,2019-10-18 18:00:00+00:00,2019-10-18 19:00:00+00:00,59911.94,5533.1525,19413.6625,0.0,66011.52,24946.815,-0.9620675724981452,0.2728112643340191,-1.0,-1.8369701987210294e-16,-0.433883739117558,-0.9009688679024191,0,weekday,16.245
2019-10-19,2019,10,19,292,18,5,39.19,2019-10-19 18:00:00+00:00,2019-10-19 19:00:00+00:00,51722.17,3704.1325,10519.78,0.0,52564.13,14223.9125,-0.957232443323312,0.2893199776186952,-1.0,-1.8369701987210294e-16,-0.9749279121818236,-0.2225209339563146,0,weekend,15.965
2019-10-20,2019,10,20,293,18,6,47.1,2019-10-20 18:00:00+00:00,2019-10-20 19:00:00+00:00,52440.575,127.2575,6539.5650000000005,0.0,48463.18,6666.8225,-0.9521140536681102,0.3057430764672831,-1.0,-1.8369701987210294e-16,-0.7818314824680299,0.6234898018587334,0,weekend,16.0875
2019-10-21,2019,10,21,294,18,0,52.2,2019-10-21 18:00:00+00:00,2019-10-21 19:00:00+00:00,62420.1475,1964.145,9449.7525,0.0,61231.19,11413.8975,-0.9467139181463862,0.3220757010206104,-1.0,-1.8369701987210294e-16,0.0,1.0,0,weekday,16.21
2019-10-22,2019,10,22,295,18,1,52.95,2019-10-22 18:00:00+00:00,2019-10-22 19:00:00+00:00,61928.0475,2338.23,3237.4225,0.0,60781.13,5575.6525,-0.9410336347451196,0.3383130181923076,-1.0,-1.8369701987210294e-16,0.7818314824680298,0.6234898018587336,0,weekday,15.75
2019-10-23,2019,10,23,296,18,2,45.91,2019-10-23 18:00:00+00:00,2019-10-23 19:00:00+00:00,61173.95,1514.31,10674.625,0.0,63549.4,12188.935,-0.9350748843515574,0.3544502230989869,-1.0,-1.8369701987210294e-16,0.9749279121818236,-0.2225209339563143,0,weekday,15.3
2019-10-24,2019,10,24,297,18,3,35.75,2019-10-24 18:00:00+00:00,2019-10-24 19:00:00+00:00,61672.5725,4815.3475,16896.7575,0.0,65298.67,21712.105,-0.9288394302558068,0.3704825404820963,-1.0,-1.8369701987210294e-16,0.4338837391175582,-0.900968867902419,0,weekday,15.15
2019-10-25,2019,10,25,298,18,4,38.03,2019-10-25 18:00:00+00:00,2019-10-25 19:00:00+00:00,59596.81,5376.6525,12707.9625,0.0,60385.67,18084.615,-0.9223291176290545,0.3864052261209853,-1.0,-1.8369701987210294e-16,-0.433883739117558,-0.9009688679024191,0,weekday,15.55
2019-10-26,2019,10,26,299,18,5,27.18,2019-10-26 18:00:00+00:00,2019-10-26 19:00:00+00:00,53183.03,4840.15,26658.5525,0.0,65112.03,31498.7025,-0.9155458729775467,0.4022135682368036,-1.0,-1.8369701987210294e-16,-0.9749279121818236,-0.2225209339563146,0,weekend,15.235
2019-10-27,2019,10,27,300,18,6,41.32,2019-10-27 18:00:00+00:00,2019-10-27 19:00:00+00:00,53886.1375,5852.9975,14622.2825,0.0,58494.13,20475.28,-0.9084917035725082,0.4179028888867866,-1.0,-1.8369701987210294e-16,-0.7818314824680299,0.6234898018587334,0,weekend,14.905
2019-10-28,2019,10,28,301,18,0,57.39,2019-10-28 18:00:00+00:00,2019-10-28 19:00:00+00:00,65529.067500000005,2578.8425,5721.525,0.0,66111.98,8300.3675,-0.9011686968561567,0.4334685453485363,-1.0,-1.8369701987210294e-16,0.0,1.0,0,weekday,14.575
2019-10-29,2019,10,29,302,18,1,60.75,2019-10-29 18:00:00+00:00,2019-10-29 19:00:00+00:00,65658.2425,542.3675000000001,6744.775,0.0,63854.29,7287.1425,-0.8935790198239952,0.4489059314938798,-1.0,-1.8369701987210294e-16,0.7818314824680298,0.6234898018587336,0,weekday,14.5
2019-10-30,2019,10,30,303,18,2,60.0,2019-10-30 18:00:00+00:00,2019-10-30 19:00:00+00:00,65656.03,207.0925,5405.4925,0.0,63149.6,5612.585,-0.8857249183835637,0.4642104791518923,-1.0,-1.8369701987210294e-16,0.9749279121818236,-0.2225209339563143,0,weekday,13.625
2019-10-31,2019,10,31,304,18,3,50.35,2019-10-31 18:00:00+00:00,2019-10-31 19:00:00+00:00,62023.95,1093.28,8067.9525,0.0,62685.17,9161.2325,-0.8776087166898392,0.4793776594606945,-1.0,-1.8369701987210294e-16,0.4338837391175582,-0.900968867902419,0,weekday,16.05
2019-11-01,2019,11,1,305,18,4,37.01,2019-11-01 18:00:00+00:00,2019-11-01 19:00:00+00:00,58815.895,4678.735000000001,18726.675,0.0,60027.7,23405.41,-0.8692328164574792,0.4944029842076181,-1.0,-1.8369701987210294e-16,-0.433883739117558,-0.9009688679024191,0,weekday,16.35
2019-11-02,2019,11,2,306,18,5,33.14,2019-11-02 18:00:00+00:00,2019-11-02 19:00:00+00:00,56660.14,5366.46,20596.7175,0.0,63263.54,25963.1775,-0.8605996962501181,0.5092820071573356,-1.0,-1.8369701987210294e-16,-0.9749279121818236,-0.2225209339563146,0,weekend,16.175
2019-11-03,2019,11,3,307,18,6,41.04,2019-11-03 18:00:00+00:00,2019-11-03 19:00:00+00:00,55424.2025,2635.8775,10977.88,0.0,51952.32,13613.7575,-0.8517119107469189,0.5240103253675756,-1.0,-1.8369701987210294e-16,-0.7818314824680299,0.6234898018587334,0,weekend,16.2375
2019-11-04,2019,11,4,308,18,0,48.91,2019-11-04 18:00:00+00:00,2019-11-04 19:00:00+00:00,67016.4425,1207.2525,8622.5825,0.0,61215.8,9829.835,-0.8425720899866032,0.5385835804920232,-1.0,-1.8369701987210294e-16,0.0,1.0,0,weekday,16.3
2019-11-05,2019,11,5,309,18,1,52.3,2019-11-05 18:00:00+00:00,2019-11-05 19:00:00+00:00,65225.9975,2917.27,4751.435,0.0,64772.54,7668.705,-0.8331829385891785,0.5529974600700271,-1.0,-1.8369701987210294e-16,0.7818314824680298,0.6234898018587336,0,weekday,16.75
2019-11-06,2019,11,6,310,18,2,65.0,2019-11-06 18:00:00+00:00,2019-11-06 19:00:00+00:00,65844.5625,164.495,2951.48,0.0,62074.35,3115.975,-0.8235472349556007,0.5672476988027229,-1.0,-1.8369701987210294e-16,0.9749279121818236,-0.2225209339563143,0,weekday,16.575
2019-11-07,2019,11,7,311,18,3,46.72,2019-11-07 18:00:00+00:00,2019-11-07 19:00:00+00:00,65455.795,3633.9675,15727.44,0.0,70814.1,19361.4075,-0.8136678304455991,0.5813300798152042,-1.0,-1.8369701987210294e-16,0.4338837391175582,-0.900968867902419,0,weekday,16.225
2019-11-08,2019,11,8,312,18,4,51.97,2019-11-08 18:00:00+00:00,2019-11-08 19:00:00+00:00,63555.455,730.2275,3803.5375,0.0,62961.87,4533.764999999999,-0.8035476485339116,0.5952404359043674,-1.0,-1.8369701987210294e-16,-0.433883739117558,-0.9009688679024191,0,weekday,16.175
2019-11-09,2019,11,9,313,18,5,48.45,2019-11-09 18:00:00+00:00,2019-11-09 19:00:00+00:00,56719.2725,3043.63,8137.68,0.0,58786.44,11181.31,-0.7931896839451843,0.6089746507720486,-1.0,-1.8369701987210294e-16,-0.9749279121818236,-0.2225209339563146,0,weekend,15.94
2019-11-10,2019,11,10,314,18,6,52.51,2019-11-10 18:00:00+00:00,2019-11-10 19:00:00+00:00,54566.7875,1445.925,4128.1225,0.0,52352.16,5574.047500000001,-0.7825970017677834,0.6225286602431057,-1.0,-1.8369701987210294e-16,-0.7818314824680299,0.6234898018587334,0,weekend,15.907499999999999
2019-11-11,2019,11,11,315,18,0,40.36,2019-11-11 18:00:00+00:00,2019-11-11 19:00:00+00:00,66290.82,4816.51,23013.36,0.0,75161.08,27829.870000000003,-0.7717727365467836,0.6358984534680745,-1.0,-1.8369701987210294e-16,0.0,1.0,0,weekday,15.875
2019-11-12,2019,11,12,316,18,1,50.42,2019-11-12 18:00:00+00:00,2019-11-12 19:00:00+00:00,67058.13,4554.235000000001,15256.9075,0.0,70439.34,19811.1425,-0.7607200913564104,0.6490800741100398,-1.0,-1.8369701987210294e-16,0.7818314824680298,0.6234898018587336,0,weekday,15.6
2019-11-13,2019,11,13,317,18,2,52.94,2019-11-13 18:00:00+00:00,2019-11-13 19:00:00+00:00,68209.7925,2262.98,8598.895,0.0,67330.72,10861.875,-0.7494423368521954,0.6620696215153815,-1.0,-1.8369701987210294e-16,0.9749279121818236,-0.2225209339563143,0,weekday,15.275
2019-11-14,2019,11,14,318,18,3,45.1,2019-11-14 18:00:00+00:00,2019-11-14 19:00:00+00:00,67791.8325,2579.1325,15265.7875,0.0,73164.3,17844.920000000002,-0.7379428103031386,0.6748632518680403,-1.0,-1.8369701987210294e-16,0.4338837391175582,-0.900968867902419,0,weekday,15.45
2019-11-15,2019,11,15,319,18,4,47.21,2019-11-15 18:00:00+00:00,2019-11-15 19:00:00+00:00,64454.240000000005,4787.9575,11120.7025,0.0,69628.27,15908.66,-0.7262249146041543,0.6874571793269664,-1.0,-1.8369701987210294e-16,-0.433883739117558,-0.9009688679024191,0,weekday,15.4
2019-11-16,2019,11,16,320,18,5,39.32,2019-11-16 18:00:00+00:00,2019-11-16 19:00:00+00:00,57342.61,4829.5175,12334.515,0.0,62407.33,17164.0325,-0.7142921172691032,0.699847677146407,-1.0,-1.8369701987210294e-16,-0.9749279121818236,-0.2225209339563146,0,weekend,15.715
2019-11-17,2019,11,17,321,18,6,41.92,2019-11-17 18:00:00+00:00,2019-11-17 19:00:00+00:00,54733.9325,950.92,13870.7775,0.0,61000.28,14821.6975,-0.7021479494046978,0.7120310787787131,-1.0,-1.8369701987210294e-16,-0.7818314824680299,0.6234898018587334,0,weekend,15.545
2019-11-18,2019,11,18,322,18,0,41.62,2019-11-18 18:00:00+00:00,2019-11-18 19:00:00+00:00,65059.240000000005,3161.3075,18047.71,0.0,73042.03,21209.0175,-0.6897960046655887,0.7240037789593305,-1.0,-1.8369701987210294e-16,0.0,1.0,0,weekday,15.375
2019-11-19,2019,11,19,323,18,1,71.91,2019-11-19 18:00:00+00:00,2019-11-19 19:00:00+00:00,69376.3775,1478.17,4694.8175,0.0,66870.44,6172.9875,-0.6772399381909491,0.7357622347736527,-1.0,-1.8369701987210294e-16,0.7818314824680298,0.6234898018587336,0,weekday,15.15
2019-11-20,2019,11,20,324,18,2,55.9,2019-11-20 18:00:00+00:00,2019-11-20 19:00:00+00:00,68307.5525,695.7525,2566.5975,0.0,63017.49,3262.35,-0.6644834655228552,0.7473029667054296,-1.0,-1.8369701987210294e-16,0.9749279121818236,-0.2225209339563143,0,weekday,15.3
2019-11-21,2019,11,21,325,18,3,53.92,2019-11-21 18:00:00+00:00,2019-11-21 19:00:00+00:00,67306.97,3311.6825,4383.8425,0.0,67086.15,7695.525,-0.6515303615068021,0.75862255966641,-1.0,-1.8369701987210294e-16,0.4338837391175582,-0.900968867902419,0,weekday,15.675
2019-11-22,2019,11,22,326,18,4,40.81,2019-11-22 18:00:00+00:00,2019-11-22 19:00:00+00:00,65421.4075,3362.765,11863.715,0.0,66133.09,15226.48,-0.6383844591746642,0.7697176640069211,-1.0,-1.8369701987210294e-16,-0.433883739117558,-0.9009688679024191,0,weekday,16.0
2019-11-23,2019,11,23,327,18,5,35.58,2019-11-23 18:00:00+00:00,2019-11-23 19:00:00+00:00,58120.575,6109.57,19513.5525,0.0,64080.05,25623.1225,-0.6250496486104377,0.7805849965070866,-1.0,-1.8369701987210294e-16,-0.9749279121818236,-0.2225209339563146,0,weekend,16.05
2019-11-24,2019,11,24,328,18,6,50.11,2019-11-24 18:00:00+00:00,2019-11-24 19:00:00+00:00,55688.8075,3263.9275,6962.085,0.0,55831.08,10226.0125,-0.6115298757991053,0.7912213413483807,-1.0,-1.8369701987210294e-16,-0.7818314824680299,0.6234898018587334,0,weekend,16.262500000000003
2019-11-25,2019,11,25,329,18,0,58.07,2019-11-25 18:00:00+00:00,2019-11-25 19:00:00+00:00,67752.345,986.985,2887.905,0.0,61317.75,3874.89,-0.5978291414589552,0.801623551065242,-1.0,-1.8369701987210294e-16,0.0,1.0,0,weekday,16.475
2019-11-26,2019,11,26,330,18,1,52.9,2019-11-26 18:00:00+00:00,2019-11-26 19:00:00+00:00,69583.47750000001,2636.135,9328.7525,0.0,69358.64,11964.8875,-0.5839514998576998,0.8117885474764613,-1.0,-1.8369701987210294e-16,0.7818314824680298,0.6234898018587336,0,weekday,16.0
2019-11-27,2019,11,27,331,18,2,38.96,2019-11-27 18:00:00+00:00,2019-11-27 19:00:00+00:00,68735.815,4829.81,24713.5875,0.0,74259.36,29543.397500000003,-0.5699010576127624,0.8217133225960589,-1.0,-1.8369701987210294e-16,0.9749279121818236,-0.2225209339563143,0,weekday,15.95
2019-11-28,2019,11,28,332,18,3,39.95,2019-11-28 18:00:00+00:00,2019-11-28 19:00:00+00:00,69138.4225,5675.765,29946.835,0.0,78651.32,35622.6,-0.5556819724760489,0.8313949395234058,-1.0,-1.8369701987210294e-16,0.4338837391175582,-0.900968867902419,0,weekday,15.98
2019-11-29,2019,11,29,333,18,4,53.11,2019-11-29 18:00:00+00:00,2019-11-29 19:00:00+00:00,67534.11,5026.7425,11904.205,0.0,64887.66,16930.947500000002,-0.5412984521036173,0.8408305333122887,-1.0,-1.8369701987210294e-16,-0.433883739117558,-0.9009688679024191,0,weekday,16.33
2019-11-30,2019,11,30,334,18,5,50.01,2019-11-30 18:00:00+00:00,2019-11-30 19:00:00+00:00,59976.37,675.3025,4591.924999999999,0.0,54569.51,5267.227499999999,-0.5267547528105542,0.8500173118187018,-1.0,-1.8369701987210294e-16,-0.9749279121818236,-0.2225209339563146,0,weekend,16.33
2019-12-01,2019,12,1,335,18,6,50.64,2019-12-01 18:00:00+00:00,2019-12-01 19:00:00+00:00,56823.795,3087.6675,2808.2175,0.0,54968.95,5895.885,-0.5120551783114646,0.8589525565270845,-1.0,-1.8369701987210294e-16,-0.7818314824680299,0.6234898018587334,0,weekend,16.1425
2019-12-02,2019,12,2,336,18,0,55.5,2019-12-02 18:00:00+00:00,2019-12-02 19:00:00+00:00,67724.345,3211.0950000000003,10992.66,0.0,72039.6,14203.755,-0.4972040784469378,0.8676336233547726,-1.0,-1.8369701987210294e-16,0.0,1.0,0,weekday,15.955
2019-12-03,2019,12,3,337,18,1,47.32,2019-12-03 18:00:00+00:00,2019-12-03 19:00:00+00:00,67611.22750000001,4941.14,11623.19,0.0,70170.42,16564.33,-0.4822058478963526,0.8760579434344281,-1.0,-1.8369701987210294e-16,0.7818314824680298,0.6234898018587336,0,weekday,15.675
2019-12-04,2019,12,4,338,18,2,60.1,2019-12-04 18:00:00+00:00,2019-12-04 19:00:00+00:00,67652.5625,3674.83,5621.7225,0.0,68376.2,9296.5525,-0.4670649248774303,0.8842230238742036,-1.0,-1.8369701987210294e-16,0.9749279121818236,-0.2225209339563143,0,weekday,15.6
2019-12-05,2019,12,5,339,18,3,38.15,2019-12-05 18:00:00+00:00,2019-12-05 19:00:00+00:00,69189.2675,6370.3825,17583.815,0.0,73470.42,23954.1975,-0.451785789832884,0.8921264484954345,-1.0,-1.8369701987210294e-16,0.4338837391175582,-0.900968867902419,0,weekday,15.6
2019-12-06,2019,12,6,340,18,4,32.82,2019-12-06 18:00:00+00:00,2019-12-06 19:00:00+00:00,68012.155,6380.495,33171.9375,0.0,77098.63,39552.4325,-0.4363729641045924,0.8997658785476209,-1.0,-1.8369701987210294e-16,-0.433883739117558,-0.9009688679024191,0,weekday,15.175
2019-12-07,2019,12,7,341,18,5,39.97,2019-12-07 18:00:00+00:00,2019-12-07 19:00:00+00:00,61368.7925,4806.615,23197.84,0.0,65005.29,28004.455,-0.4208310085956556,0.9071390534005044,-1.0,-1.8369701987210294e-16,-0.9749279121818236,-0.2225209339563146,0,weekend,15.14
2019-12-08,2019,12,8,342,18,6,12.08,2019-12-08 18:00:00+00:00,2019-12-08 19:00:00+00:00,56917.3825,6241.085,32791.4375,0.0,67415.61,39032.5225,-0.4051645224207563,0.9142437912130223,-1.0,-1.8369701987210294e-16,-0.7818314824680299,0.6234898018587334,0,weekend,14.9575
2019-12-09,2019,12,9,343,18,0,37.95,2019-12-09 18:00:00+00:00,2019-12-09 19:00:00+00:00,70075.2,5333.81,31303.6125,0.0,78496.66,36637.4225,-0.3893781415452015,0.9210779895789526,-1.0,-1.8369701987210294e-16,0.0,1.0,0,weekday,14.775
2019-12-10,2019,12,10,344,18,1,36.3,2019-12-10 18:00:00+00:00,2019-12-10 19:00:00+00:00,69039.6825,5136.635,20486.745,0.0,74240.79,25623.38,-0.3734765374130707,0.9276396261490468,-1.0,-1.8369701987210294e-16,0.7818314824680298,0.6234898018587336,0,weekday,14.37
2019-12-11,2019,12,11,345,18,2,53.61,2019-12-11 18:00:00+00:00,2019-12-11 19:00:00+00:00,71125.9975,3398.5,9410.13,0.0,67309.09,12808.63,-0.3574644155648614,0.9339267592294762,-1.0,-1.8369701987210294e-16,0.9749279121818236,-0.2225209339563143,0,weekday,14.17
2019-12-12,2019,12,12,346,18,3,41.16,2019-12-12 18:00:00+00:00,2019-12-12 19:00:00+00:00,71551.6525,5066.0175,15251.0925,0.0,70789.21,20317.11,-0.3413465142450361,0.9399375283564132,-1.0,-1.8369701987210294e-16,0.4338837391175582,-0.900968867902419,0,weekday,14.15
2019-12-13,2019,12,13,347,18,4,43.05,2019-12-13 18:00:00+00:00,2019-12-13 19:00:00+00:00,67787.84,1725.2075,17836.067499999997,0.0,63652.57,19561.275,-0.3251276029999093,0.9456701548465688,-1.0,-1.8369701987210294e-16,-0.433883739117558,-0.9009688679024191,0,weekday,14.23
2019-12-14,2019,12,14,348,18,5,25.83,2019-12-14 18:00:00+00:00,2019-12-14 19:00:00+00:00,61997.135,5231.08,35605.447499999995,0.0,70551.53,40836.5275,-0.3088124812662537,0.9511229423235356,-1.0,-1.8369701987210294e-16,-0.9749279121818236,-0.2225209339563146,0,weekend,13.805
2019-12-15,2019,12,15,349,18,6,35.63,2019-12-15 18:00:00+00:00,2019-12-15 19:00:00+00:00,59626.08,6013.3875,25536.9525,0.0,65017.33,31550.34,-0.2924059769510773,0.956294277219772,-1.0,-1.8369701987210294e-16,-0.7818314824680299,0.6234898018587334,0,weekend,13.8775
2019-12-16,2019,12,16,350,18,0,48.61,2019-12-16 18:00:00+00:00,2019-12-16 19:00:00+00:00,70332.4075,3558.4425,13158.0025,0.0,69072.04,16716.445,-0.2759129450029604,0.9611826292540836,-1.0,-1.8369701987210294e-16,0.0,1.0,0,weekday,13.95
2019-12-17,2019,12,17,351,18,1,36.74,2019-12-17 18:00:00+00:00,2019-12-17 19:00:00+00:00,70495.73,4425.795,22708.9675,0.0,74867.81,27134.7625,-0.2593382659754056,0.9657865518844574,-1.0,-1.8369701987210294e-16,0.7818314824680298,0.6234898018587336,0,weekday,14.47
2019-12-18,2019,12,18,352,18,2,46.3,2019-12-18 18:00:00+00:00,2019-12-18 19:00:00+00:00,67135.7675,2338.94,4290.8475,0.0,62898.0,6629.7875,-0.2426868445825954,0.9701046827361176,-1.0,-1.8369701987210294e-16,0.9749279121818236,-0.2225209339563143,0,weekday,14.35
2019-12-19,2019,12,19,353,18,3,38.95,2019-12-19 18:00:00+00:00,2019-12-19 19:00:00+00:00,68264.415,5947.0825,18114.5025,0.0,66121.42,24061.585,-0.225963608248019,0.974135744004672,-1.0,-1.8369701987210294e-16,0.4338837391175582,-0.900968867902419,0,weekday,14.4
2019-12-20,2019,12,20,354,18,4,37.0,2019-12-20 18:00:00+00:00,2019-12-20 19:00:00+00:00,64561.7775,5888.555,20237.4875,0.0,65382.32,26126.0425,-0.2091735056463563,0.9778785428342386,-1.0,-1.8369701987210294e-16,-0.433883739117558,-0.9009688679024191,0,weekday,14.075
2019-12-21,2019,12,21,355,18,5,36.92,2019-12-21 18:00:00+00:00,2019-12-21 19:00:00+00:00,57478.765,4906.6775,12968.8275,0.0,56407.31,17875.504999999997,-0.1923215052390948,0.9813319716704276,-1.0,-1.8369701987210294e-16,-0.9749279121818236,-0.2225209339563146,0,weekend,14.235
2019-12-22,2019,12,22,356,18,6,37.0,2019-12-22 18:00:00+00:00,2019-12-22 19:00:00+00:00,56244.0175,2127.2200000000003,15331.5375,0.0,52435.46,17458.7575,-0.1754125938042784,0.9844950085880858,-1.0,-1.8369701987210294e-16,-0.7818314824680299,0.6234898018587334,0,weekend,13.7225
2019-12-23,2019,12,23,357,18,0,38.9,2019-12-23 18:00:00+00:00,2019-12-23 19:00:00+00:00,60229.265,4853.905,20690.94,0.0,63437.16,25544.845,-0.1584517749608363,0.9873667175937016,-1.0,-1.8369701987210294e-16,0.0,1.0,0,weekday,13.21
2019-12-24,2019,12,24,358,18,1,34.03,2019-12-24 18:00:00+00:00,2019-12-24 19:00:00+00:00,55264.1475,1026.7175,16698.0125,0.0,52682.69,17724.73,-0.141444067687942,0.989946248902378,-1.0,-1.8369701987210294e-16,0.7818314824680298,0.6234898018587336,0,weekday,12.61
2019-12-25,2019,12,25,359,18,2,35.46,2019-12-25 18:00:00+00:00,2019-12-25 19:00:00+00:00,50336.1825,1767.685,9258.955,0.0,45631.35,11026.64,-0.1243945048397999,0.9922328391893008,-1.0,-1.8369701987210294e-16,0.9749279121818236,-0.2225209339563143,1,holiday,12.605
2019-12-26,2019,12,26,360,18,3,40.92,2019-12-26 18:00:00+00:00,2019-12-26 19:00:00+00:00,49018.8225,444.68,2845.46,0.0,40269.75,3290.14,-0.1073081316563624,0.994225811815616,-1.0,-1.8369701987210294e-16,0.4338837391175582,-0.900968867902419,1,holiday,12.605
2019-12-27,2019,12,27,361,18,4,43.99,2019-12-27 18:00:00+00:00,2019-12-27 19:00:00+00:00,56439.33,929.7775,3829.05,0.0,43202.43,4758.8275,-0.0901900042703451,0.99592457702866,-1.0,-1.8369701987210294e-16,-0.433883739117558,-0.9009688679024191,0,weekday,12.765
2019-12-28,2019,12,28,362,18,5,43.29,2019-12-28 18:00:00+00:00,2019-12-28 19:00:00+00:00,52834.6775,3061.8975,4749.6575,0.0,47669.22,7811.555,-0.0730451882110474,0.9973286321364752,-1.0,-1.8369701987210294e-16,-0.9749279121818236,-0.2225209339563146,0,weekend,12.765
2019-12-29,2019,12,29,363,18,6,39.6,2019-12-29 18:00:00+00:00,2019-12-29 19:00:00+00:00,51573.98,5748.595,11369.89,0.0,53878.23,17118.485,-0.0558787569053731,0.9984375616565666,-1.0,-1.8369701987210294e-16,-0.7818314824680299,0.6234898018587334,0,weekend,12.530000000000001
2019-12-30,2019,12,30,364,18,0,31.58,2019-12-30 18:00:00+00:00,2019-12-30 19:00:00+00:00,59236.115,5396.09,23117.8625,0.0,65167.72,28513.9525,-0.0386957901765268,0.999251037438848,-1.0,-1.8369701987210294e-16,0.0,1.0,0,weekday,12.295
2019-12-31,2019,12,31,365,18,1,46.0,2019-12-31 18:00:00+00:00,2019-12-31 19:00:00+00:00,57274.0475,1163.525,8253.2725,0.0,63107.48,9416.7975,-0.0215013727408137,0.999768818762748,-1.0,-1.8369701987210294e-16,0.7818314824680298,0.6234898018587336,0,weekday,12.05
2020-01-01,2020,1,1,1,18,2,43.15,2020-01-01 18:00:00+00:00,2020-01-01 19:00:00+00:00,54401.1025,4108.175,8551.4225,0.0,51754.88,12659.5975,0.0,1.0,-1.0,-1.8369701987210294e-16,0.9749279121818236,-0.2225209339563143,1,holiday,12.05
2020-01-02,2020,1,2,2,18,3,45.26,2020-01-02 18:00:00+00:00,2020-01-02 19:00:00+00:00,62946.1175,6365.605,18198.3875,0.0,61986.31,24563.9925,0.0172015754182605,0.9998520419557736,-1.0,-1.8369701987210294e-16,0.4338837391175582,-0.900968867902419,0,weekday,12.435
2020-01-03,2020,1,3,3,18,4,33.37,2020-01-03 18:00:00+00:00,2020-01-03 19:00:00+00:00,62629.1725,5624.2475,24925.365,0.0,68099.84,30549.612500000003,0.034398060613608,0.9994082116062598,-1.0,-1.8369701987210294e-16,-0.433883739117558,-0.9009688679024191,0,weekday,12.405
2020-01-04,2020,1,4,4,18,5,35.35,2020-01-04 18:00:00+00:00,2020-01-04 19:00:00+00:00,59450.2125,3790.7425,24973.9675,0.0,64752.93,28764.71,0.0515843668694083,0.9986686402879996,-1.0,-1.8369701987210294e-16,-0.9749279121818236,-0.2225209339563146,0,weekend,12.985
2020-01-05,2020,1,5,5,18,6,44.62,2020-01-05 18:00:00+00:00,2020-01-05 19:00:00+00:00,53564.64,6072.43,11928.865000000002,0.0,56669.51,18001.295000000002,0.0687554084811394,0.9976335468520452,-1.0,-1.8369701987210294e-16,-0.7818314824680299,0.6234898018587334,0,weekend,12.84
2020-01-06,2020,1,6,6,18,0,45.04,2020-01-06 18:00:00+00:00,2020-01-06 19:00:00+00:00,62050.305,5802.2375,11805.6275,0.0,64603.18,17607.865,0.0859061042613327,0.9963032375991964,-1.0,-1.8369701987210294e-16,0.0,1.0,0,weekday,12.695
2020-01-07,2020,1,7,7,18,1,43.63,2020-01-07 18:00:00+00:00,2020-01-07 19:00:00+00:00,64782.5875,5916.3325,15909.6675,0.0,71647.09,21826.0,0.1030313790431787,0.9946781061893646,-1.0,-1.8369701987210294e-16,0.7818314824680298,0.6234898018587336,0,weekday,11.95
2020-01-08,2020,1,8,8,18,2,53.69,2020-01-08 18:00:00+00:00,2020-01-08 19:00:00+00:00,66321.79,1766.31,11909.505,0.0,66109.76,13675.815,0.1201261651823505,0.9927586335250792,-1.0,-1.8369701987210294e-16,0.9749279121818236,-0.2225209339563143,0,weekday,11.835
2020-01-09,2020,1,9,9,18,3,40.31,2020-01-09 18:00:00+00:00,2020-01-09 19:00:00+00:00,67381.7175,5316.0725,21705.995,0.0,72936.3,27022.0675,0.1371854040566005,0.9905453876091832,-1.0,-1.8369701987210294e-16,0.4338837391175582,-0.900968867902419,0,weekday,11.925
2020-01-10,2020,1,10,10,18,4,45.94,2020-01-10 18:00:00+00:00,2020-01-10 19:00:00+00:00,64163.3425,3243.3775,21774.2925,0.0,69224.76,25017.67,0.1542040475626894,0.988039023376751,-1.0,-1.8369701987210294e-16,-0.433883739117558,-0.9009688679024191,0,weekday,12.2
2020-01-11,2020,1,11,11,18,5,30.01,2020-01-11 18:00:00+00:00,2020-01-11 19:00:00+00:00,59830.39,6355.639999999999,20534.6125,0.0,67060.81,26890.2525,0.1711770596101998,0.985240282501282,-1.0,-1.8369701987210294e-16,-0.9749279121818236,-0.2225209339563146,0,weekend,11.94
2020-01-12,2020,1,12,12,18,6,26.16,2020-01-12 18:00:00+00:00,2020-01-12 19:00:00+00:00,57458.83,4570.87,27485.47,0.0,67542.46,32056.34,0.1880994176117975,0.9821499931752292,-1.0,-1.8369701987210294e-16,-0.7818314824680299,0.6234898018587334,0,weekend,12.045
2020-01-13,2020,1,13,13,18,0,42.55,2020-01-13 18:00:00+00:00,2020-01-13 19:00:00+00:00,66994.9025,5419.2375,16859.555,0.0,69309.43,22278.7925,0.2049661139694953,0.9787690698649216,-1.0,-1.8369701987210294e-16,0.0,1.0,0,weekday,12.15
2020-01-14,2020,1,14,14,18,1,26.94,2020-01-14 18:00:00+00:00,2020-01-14 19:00:00+00:00,70233.895,5444.7375,32515.5175,0.0,74803.28,37960.255000000005,0.2217721575564818,0.975098513039961,-1.0,-1.8369701987210294e-16,0.7818314824680298,0.6234898018587336,0,weekday,12.025
2020-01-15,2020,1,15,15,18,2,35.28,2020-01-15 18:00:00+00:00,2020-01-15 19:00:00+00:00,71506.2775,5534.1175,29764.0225,0.0,75812.3,35298.14,0.2385125751940764,0.9711394088771652,-1.0,-1.8369701987210294e-16,0.9749279121818236,-0.2225209339563143,0,weekday,11.275
2020-01-16,2020,1,16,16,18,3,38.86,2020-01-16 18:00:00+00:00,2020-01-16 19:00:00+00:00,69897.52249999999,5389.68,18056.88,0.0,71018.26,23446.56,0.2551824131233728,0.966892928939152,-1.0,-1.8369701987210294e-16,0.4338837391175582,-0.900968867902419,0,weekday,11.425
2020-01-17,2020,1,17,17,18,4,44.66,2020-01-17 18:00:00+00:00,2020-01-17 19:00:00+00:00,67955.985,2700.6775,13044.92,0.0,65057.2,15745.5975,0.2717767384711357,0.9623603298276544,-1.0,-1.8369701987210294e-16,-0.433883739117558,-0.9009688679024191,0,weekday,11.05
2020-01-18,2020,1,18,18,18,5,41.91,2020-01-18 18:00:00+00:00,2020-01-18 19:00:00+00:00,62386.3275,5547.8325,13228.6725,0.0,63856.32,18776.505,0.2882906407095177,0.957542952811672,-1.0,-1.8369701987210294e-16,-0.9749279121818236,-0.2225209339563146,0,weekend,10.93
2020-01-19,2020,1,19,19,18,6,43.89,2020-01-19 18:00:00+00:00,2020-01-19 19:00:00+00:00,60747.32,3696.8875,8293.1775,0.0,54972.9,11990.065,0.3047192331091634,0.9524422234305676,-1.0,-1.8369701987210294e-16,-0.7818314824680299,0.6234898018587334,0,weekend,10.841666666666667
2020-01-20,2020,1,20,20,18,0,54.02,2020-01-20 18:00:00+00:00,2020-01-20 19:00:00+00:00,71140.03,3808.5125,8870.42,0.0,71779.57,12678.9325,0.321057654185271,0.9470596510722284,-1.0,-1.8369701987210294e-16,0.0,1.0,0,weekday,10.753333333333332
2020-01-21,2020,1,21,21,18,1,50.7,2020-01-21 18:00:00+00:00,2020-01-21 19:00:00+00:00,71109.3375,3878.9075,10352.2275,0.0,74614.69,14231.135,0.3373010691361842,0.9413968285264122,-1.0,-1.8369701987210294e-16,0.7818314824680298,0.6234898018587336,0,weekday,10.665
2020-01-22,2020,1,22,22,18,2,59.58,2020-01-22 18:00:00+00:00,2020-01-22 19:00:00+00:00,70130.4875,792.1575,5062.17,0.0,67858.44,5854.3275,0.3534446712740877,0.9354554315134164,-1.0,-1.8369701987210294e-16,0.9749279121818236,-0.2225209339563143,0,weekday,10.66
2020-01-23,2020,1,23,23,18,3,60.4,2020-01-23 18:00:00+00:00,2020-01-23 19:00:00+00:00,69931.27,2994.67,5205.837500000001,0.0,68772.41,8200.5075,0.3694836834473831,0.9292372181882051,-1.0,-1.8369701987210294e-16,0.4338837391175582,-0.900968867902419,0,weekday,10.375
2020-01-24,2020,1,24,24,18,4,59.79,2020-01-24 18:00:00+00:00,2020-01-24 19:00:00+00:00,67899.285,2780.2225,5792.2075,0.0,69334.13,8572.43,0.3854133594543256,0.9227440286201428,-1.0,-1.8369701987210294e-16,-0.433883739117558,-0.9009688679024191,0,weekday,10.63
2020-01-25,2020,1,25,25,18,5,45.84,2020-01-25 18:00:00+00:00,2020-01-25 19:00:00+00:00,59715.7125,3407.435,3224.0725,0.0,58387.68,6631.5075,0.4012289854475009,0.9159777842484876,-1.0,-1.8369701987210294e-16,-0.9749279121818236,-0.2225209339563146,0,weekend,10.455
2020-01-26,2020,1,26,26,18,6,35.47,2020-01-26 18:00:00+00:00,2020-01-26 19:00:00+00:00,58073.25,5014.0625,10750.385,0.0,58206.19,15764.4475,0.4169258813287287,0.908940487313808,-1.0,-1.8369701987210294e-16,-0.7818314824680299,0.6234898018587334,0,weekend,10.48
2020-01-27,2020,1,27,27,18,0,47.12,2020-01-27 18:00:00+00:00,2020-01-27 19:00:00+00:00,69471.3675,2731.1,16062.9825,0.0,67528.0,18794.0825,0.4324994021339788,0.901634220265486,-1.0,-1.8369701987210294e-16,0.0,1.0,0,weekday,10.505
2020-01-28,2020,1,28,28,18,1,30.62,2020-01-28 18:00:00+00:00,2020-01-28 19:00:00+00:00,71538.6075,4450.8625,35559.307499999995,0.0,75891.33,40010.17,0.4479449394078911,0.8940611451454876,-1.0,-1.8369701987210294e-16,0.7818314824680298,0.6234898018587336,0,weekday,10.8
2020-01-29,2020,1,29,29,18,2,45.1,2020-01-29 18:00:00+00:00,2020-01-29 19:00:00+00:00,71311.2725,5452.7075,29088.285,0.0,74261.66,34540.9925,0.4632579225674917,0.88622350294858,-1.0,-1.8369701987210294e-16,0.9749279121818236,-0.2225209339563143,0,weekday,10.675
2020-01-30,2020,1,30,30,18,3,41.1,2020-01-30 18:00:00+00:00,2020-01-30 19:00:00+00:00,71533.4625,5419.9075,25475.725,0.0,71390.57,30895.6325,0.4784338202547012,0.8781236129591848,-1.0,-1.8369701987210294e-16,0.4338837391175582,-0.900968867902419,0,weekday,10.0
2020-01-31,2020,1,31,31,18,4,32.58,2020-01-31 18:00:00+00:00,2020-01-31 19:00:00+00:00,69344.75,5263.6525,31443.38,0.0,71951.3,36707.0325,0.4934681416772373,0.8697638720650646,-1.0,-1.8369701987210294e-16,-0.433883739117558,-0.9009688679024191,0,weekday,9.975
2020-02-01,2020,2,1,32,18,5,15.99,2020-02-01 18:00:00+00:00,2020-02-01 19:00:00+00:00,61586.9275,5284.0,33847.925,0.0,68074.43,39131.925,0.5083564379375122,0.8611467540480452,-1.0,-1.8369701987210294e-16,-0.9749279121818236,-0.2225209339563146,0,weekend,9.755
2020-02-02,2020,2,2,33,18,6,36.93,2020-02-02 18:00:00+00:00,2020-02-02 19:00:00+00:00,57742.1675,1555.0875,18025.48,0.0,54801.87,19580.5675,0.5230943033491326,0.8522748088519838,-1.0,-1.8369701987210294e-16,-0.7818314824680299,0.6234898018587334,0,weekend,9.6775
2020-02-03,2020,2,3,34,18,0,36.57,2020-02-03 18:00:00+00:00,2020-02-03 19:00:00+00:00,70031.1,5256.47,24110.655,0.0,68522.87,29367.125,0.5376773767406141,0.8431506618282,-1.0,-1.8369701987210294e-16,0.0,1.0,0,weekday,9.6
2020-02-04,2020,2,4,35,18,1,40.92,2020-02-04 18:00:00+00:00,2020-02-04 19:00:00+00:00,70598.17,4578.2775,23263.885,0.0,70417.38,27842.1625,0.5521013427459208,0.8337770129585915,-1.0,-1.8369701987210294e-16,0.7818314824680298,0.6234898018587336,0,weekday,9.285
2020-02-05,2020,2,5,36,18,2,45.66,2020-02-05 18:00:00+00:00,2020-02-05 19:00:00+00:00,70265.4225,3987.545,11833.66,0.0,69531.85,15821.205,0.5663619330814524,0.8241566360566663,-1.0,-1.8369701987210294e-16,0.9749279121818236,-0.2225209339563143,0,weekday,9.435
2020-02-06,2020,2,6,37,18,3,47.21,2020-02-06 18:00:00+00:00,2020-02-06 19:00:00+00:00,70958.11499999999,1667.6875,9342.315,0.0,67282.08,11010.0025,0.580454927809098,0.8142923779467267,-1.0,-1.8369701987210294e-16,0.4338837391175582,-0.900968867902419,0,weekday,8.925
2020-02-07,2020,2,7,38,18,4,35.47,2020-02-07 18:00:00+00:00,2020-02-07 19:00:00+00:00,67980.6275,4305.1275000000005,11913.49,0.0,65512.92,16218.6175,0.5943761565849831,0.804187157621448,-1.0,-1.8369701987210294e-16,-0.433883739117558,-0.9009688679024191,0,weekday,9.22
2020-02-08,2020,2,8,39,18,5,38.71,2020-02-08 18:00:00+00:00,2020-02-08 19:00:00+00:00,60553.21,2862.955,12850.1175,0.0,58228.23,15713.0725,0.6081214998935418,0.7938439653781019,-1.0,-1.8369701987210294e-16,-0.9749279121818236,-0.2225209339563146,0,weekend,9.07
2020-02-09,2020,2,9,40,18,6,5.22,2020-02-09 18:00:00+00:00,2020-02-09 19:00:00+00:00,59563.37,1866.6525,40968.2125,0.0,66425.55,42834.865,0.6216868902665479,0.7832658619336791,-1.0,-1.8369701987210294e-16,-0.7818314824680299,0.6234898018587334,0,weekend,8.9225
2020-02-10,2020,2,10,41,18,0,25.69,2020-02-10 18:00:00+00:00,2020-02-10 19:00:00+00:00,72090.62,5700.2975,36914.28,0.0,76619.89,42614.5775,0.6350683134867438,0.7724559775191742,-1.0,-1.8369701987210294e-16,0.0,1.0,0,weekday,8.775
2020-02-11,2020,2,11,42,18,1,24.54,2020-02-11 18:00:00+00:00,2020-02-11 19:00:00+00:00,71818.27,5226.775,39000.0175,0.0,78113.08,44226.7925,0.6482618097757122,0.7614175109532997,-1.0,-1.8369701987210294e-16,0.7818314824680298,0.6234898018587336,0,weekday,8.5
2020-02-12,2020,2,12,43,18,2,33.19,2020-02-12 18:00:00+00:00,2020-02-12 19:00:00+00:00,72102.5025,5685.2625,32649.73,0.0,75223.24,38334.9925,0.6612634749656386,0.7501537286959042,-1.0,-1.8369701987210294e-16,0.9749279121818236,-0.2225209339563143,0,weekday,8.575
2020-02-13,2020,2,13,44,18,3,44.83,2020-02-13 18:00:00+00:00,2020-02-13 19:00:00+00:00,71476.77500000001,2292.665,18767.4875,0.0,64928.09,21060.1525,0.6740694616546161,0.7386679638813748,-1.0,-1.8369701987210294e-16,0.4338837391175582,-0.900968867902419,0,weekday,8.575
2020-02-14,2020,2,14,45,18,4,39.31,2020-02-14 18:00:00+00:00,2020-02-14 19:00:00+00:00,68796.935,4737.5575,7549.02,0.0,59084.33,12286.5775,0.6866759803451553,0.726963615332308,-1.0,-1.8369701987210294e-16,-0.433883739117558,-0.9009688679024191,0,weekday,8.925
2020-02-15,2020,2,15,46,18,5,21.8,2020-02-15 18:00:00+00:00,2020-02-15 19:00:00+00:00,60134.95,5938.1875,28643.2425,0.0,65414.01,34581.43,0.6990793005655562,0.7150441465537444,-1.0,-1.8369701987210294e-16,-0.9749279121818236,-0.2225209339563146,0,weekend,8.88
2020-02-16,2020,2,16,47,18,6,-3.72,2020-02-16 18:00:00+00:00,2020-02-16 19:00:00+00:00,60208.175,5977.175,37847.125,0.0,67911.38,43824.3,0.7112757519738152,0.7029130847082615,-1.0,-1.8369701987210294e-16,-0.7818314824680299,0.6234898018587334,0,weekend,8.986666666666666
2020-02-17,2020,2,17,48,18,0,36.95,2020-02-17 18:00:00+00:00,2020-02-17 19:00:00+00:00,70788.0775,5939.02,26951.8525,0.0,70185.6,32890.8725,0.7232617254437388,0.6905740195722293,-1.0,-1.8369701987210294e-16,0.0,1.0,0,weekday,9.093333333333334
2020-02-18,2020,2,18,49,18,1,38.51,2020-02-18 18:00:00+00:00,2020-02-18 19:00:00+00:00,71278.1625,6048.985,29232.78,0.0,71422.79,35281.765,0.7350336741329413,0.6780306024735382,-1.0,-1.8369701987210294e-16,0.7818314824680298,0.6234898018587336,0,weekday,9.2
2020-02-19,2020,2,19,50,18,2,43.38,2020-02-19 18:00:00+00:00,2020-02-19 19:00:00+00:00,70998.2875,5192.46,23896.84,0.0,69894.38,29089.3,0.746588114532413,0.6652865452111116,-1.0,-1.8369701987210294e-16,0.9749279121818236,-0.2225209339563143,0,weekday,9.225
2020-02-20,2020,2,20,51,18,3,33.33,2020-02-20 18:00:00+00:00,2020-02-20 19:00:00+00:00,70905.6925,5780.53,31745.5325,0.0,76194.39,37526.0625,0.7579216274973472,0.6523456189565257,-1.0,-1.8369701987210294e-16,0.4338837391175582,-0.900968867902419,0,weekday,9.575
2020-02-21,2020,2,21,52,18,4,37.71,2020-02-21 18:00:00+00:00,2020-02-21 19:00:00+00:00,67980.09,5776.8,27570.2325,0.0,69399.16,33347.0325,0.7690308592589181,0.6392116531380588,-1.0,-1.8369701987210294e-16,-0.433883739117558,-0.9009688679024191,0,weekday,9.3
2020-02-22,2020,2,22,53,18,5,5.01,2020-02-22 18:00:00+00:00,2020-02-22 19:00:00+00:00,61957.15,5816.495,37456.1325,0.0,71688.07,43272.6275,0.7799125224167177,0.6258885343075018,-1.0,-1.8369701987210294e-16,-0.9749279121818236,-0.2225209339563146,0,weekend,9.41
2020-02-23,2020,2,23,54,18,6,10.25,2020-02-23 18:00:00+00:00,2020-02-23 19:00:00+00:00,60028.9375,5900.19,34719.2225,0.0,65787.53,40619.412500000006,0.7905633969115482,0.612380204990065,-1.0,-1.8369701987210294e-16,-0.7818314824680299,0.6234898018587334,0,weekend,9.31
2020-02-24,2020,2,24,55,18,0,35.08,2020-02-24 18:00:00+00:00,2020-02-24 19:00:00+00:00,68421.6625,5142.45,28757.055,0.0,70217.82,33899.505,0.8009803309782905,0.5986906625177214,-1.0,-1.8369701987210294e-16,0.0,1.0,0,weekday,9.21
2020-02-25,2020,2,25,56,18,1,39.49,2020-02-25 18:00:00+00:00,2020-02-25 19:00:00+00:00,71680.8725,4628.3025,24497.5275,0.0,71115.38,29125.83,0.8111602420785621,0.5848239578463322,-1.0,-1.8369701987210294e-16,0.7818314824680298,0.6234898018587336,0,weekday,9.0
2020-02-26,2020,2,26,57,18,2,42.17,2020-02-26 18:00:00+00:00,2020-02-26 19:00:00+00:00,71401.78,2055.5675,18162.2,0.0,67123.38,20217.7675,0.8211001178128892,0.5707841943569036,-1.0,-1.8369701987210294e-16,0.9749279121818236,-0.2225209339563143,0,weekday,8.875
2020-02-27,2020,2,27,58,18,3,48.06,2020-02-27 18:00:00+00:00,2020-02-27 19:00:00+00:00,69132.9675,2031.38,7922.0175,0.0,60495.14,9953.3975,0.8307970168121247,0.5565755266413303,-1.0,-1.8369701987210294e-16,0.4338837391175582,-0.900968867902419,0,weekday,8.87
2020-02-28,2020,2,28,59,18,4,35.34,2020-02-28 18:00:00+00:00,2020-02-28 19:00:00+00:00,67698.57250000001,5377.04,16982.9175,0.0,63955.15,22359.9575,0.8402480696078469,0.5422021592729844,-1.0,-1.8369701987210294e-16,-0.433883739117558,-0.9009688679024191,0,weekday,8.65
2020-02-29,2020,2,29,60,18,5,12.78,2020-02-29 18:00:00+00:00,2020-02-29 19:00:00+00:00,60750.15,5988.2925,33732.01,0.0,68013.64,39720.302500000005,0.8494504794814806,0.527668345562516,-1.0,-1.8369701987210294e-16,-0.9749279121818236,-0.2225209339563146,0,weekend,8.875
2020-03-01,2020,3,1,61,18,6,36.12,2020-03-01 18:00:00+00:00,2020-03-01 19:00:00+00:00,58792.035,5653.44,19116.6425,0.0,56403.68,24770.0825,0.8584015232918917,0.512978386299228,-1.0,-1.8369701987210294e-16,-0.7818314824680299,0.6234898018587334,0,weekend,8.9375
2020-03-02,2020,3,2,62,18,0,43.92,2020-03-02 18:00:00+00:00,2020-03-02 19:00:00+00:00,69503.77249999999,1700.175,9476.19,0.0,62157.45,11176.365,0.8670985522812081,0.4981366284784055,-1.0,-1.8369701987210294e-16,0.0,1.0,0,weekday,9.0
2020-03-03,2020,3,3,63,18,1,56.9,2020-03-03 18:00:00+00:00,2020-03-03 19:00:00+00:00,69395.2625,929.46,9047.62,0.0,64649.37,9977.080000000002,0.8755389928586302,0.4831474640149687,-1.0,-1.8369701987210294e-16,0.7818314824680298,0.6234898018587336,0,weekday,9.02
2020-03-04,2020,3,4,64,18,2,63.34,2020-03-04 18:00:00+00:00,2020-03-04 19:00:00+00:00,68619.1125,886.1575,6464.8525,0.0,63239.52,7351.01,0.8837203473619977,0.4680153284438345,-1.0,-1.8369701987210294e-16,0.9749279121818236,-0.2225209339563143,0,weekday,8.975
2020-03-05,2020,3,5,65,18,3,35.82,2020-03-05 18:00:00+00:00,2020-03-05 19:00:00+00:00,68506.6825,3246.9375,17074.0675,0.0,69104.6,20321.005,0.8916401947968874,0.452744699607371,-1.0,-1.8369701987210294e-16,0.4338837391175582,-0.900968867902419,0,weekday,8.9
2020-03-06,2020,3,6,66,18,4,38.04,2020-03-06 18:00:00+00:00,2020-03-06 19:00:00+00:00,66268.1725,4185.8475,19039.665,0.0,66882.97,23225.5125,0.8992961915530253,0.4373400963303323,-1.0,-1.8369701987210294e-16,-0.433883739117558,-0.9009688679024191,0,weekday,8.775
2020-03-07,2020,3,7,67,18,5,39.95,2020-03-07 18:00:00+00:00,2020-03-07 19:00:00+00:00,60287.695,3592.285,8893.3575,0.0,52928.38,12485.6425,0.9066860720977984,0.4218060770826634,-1.0,-1.8369701987210294e-16,-0.9749279121818236,-0.2225209339563146,0,weekend,8.645
2020-03-08,2020,3,8,68,18,6,34.86,2020-03-08 18:00:00+00:00,2020-03-08 19:00:00+00:00,57364.75,4886.8625,18835.7225,0.0,56423.34,23722.585,0.9138076496466616,0.4061472386305789,-1.0,-1.8369701987210294e-16,-0.7818314824680299,0.6234898018587334,0,weekend,8.46
2020-03-09,2020,3,9,69,18,0,58.98,2020-03-09 18:00:00+00:00,2020-03-09 19:00:00+00:00,67914.14,3586.145,10227.6,0.0,60735.43,13813.745,0.9206588168102428,0.3903682146763026,-1.0,-1.8369701987210294e-16,0.0,1.0,0,weekday,8.275
2020-03-10,2020,3,10,70,18,1,27.37,2020-03-10 18:00:00+00:00,2020-03-10 19:00:00+00:00,68428.3075,6244.895,35538.435,0.0,76337.5,41783.33,0.9272375462179536,0.374473674486883,-1.0,-1.8369701987210294e-16,0.7818314824680298,0.6234898018587336,0,weekday,8.875
2020-03-11,2020,3,11,71,18,2,37.99,2020-03-11 18:00:00+00:00,2020-03-11 19:00:00+00:00,69469.7175,6208.4125,22148.3375,0.0,65593.6,28356.75,0.9335418911179212,0.3584683215124808,-1.0,-1.8369701987210294e-16,0.9749279121818236,-0.2225209339563143,0,weekday,8.975
2020-03-12,2020,3,12,72,18,3,39.63,2020-03-12 18:00:00+00:00,2020-03-12 19:00:00+00:00,70310.2825,6332.9825,24287.46,0.0,68154.1,30620.4425,0.9395699859530622,0.342356891994542,-1.0,-1.8369701987210294e-16,0.4338837391175582,-0.900968867902419,0,weekday,9.1
2020-03-13,2020,3,13,73,18,4,42.5,2020-03-13 18:00:00+00:00,2020-03-13 19:00:00+00:00,68227.2775,5248.325,22824.785,0.0,65792.33,28073.11,0.945320046913132,0.3261441535642696,-1.0,-1.8369701987210294e-16,-0.433883739117558,-0.9009688679024191,0,weekday,9.36
2020-03-14,2020,3,14,74,18,5,38.53,2020-03-14 18:00:00+00:00,2020-03-14 19:00:00+00:00,58799.76,5071.0825,11992.6275,0.0,53269.59,17063.71,0.9507903724625832,0.3098349038318025,-1.0,-1.8369701987210294e-16,-0.9749279121818236,-0.2225209339563146,0,weekend,9.285
2020-03-15,2020,3,15,75,18,6,29.96,2020-03-15 18:00:00+00:00,2020-03-15 19:00:00+00:00,57303.285,6276.9975,19230.99,0.0,57382.28,25507.987500000003,0.9559793438440766,0.2934339689665273,-1.0,-1.8369701987210294e-16,-0.7818314824680299,0.6234898018587334,0,weekend,8.9925
2020-03-16,2020,3,16,76,18,0,61.96,2020-03-16 18:00:00+00:00,2020-03-16 19:00:00+00:00,67435.98,469.7725,2303.235,0.0,54946.82,2773.0075,0.9608854255574976,0.2769462022689364,-1.0,-1.8369701987210294e-16,0.0,1.0,0,weekday,8.7
2020-03-17,2020,3,17,77,18,1,38.23,2020-03-17 18:00:00+00:00,2020-03-17 19:00:00+00:00,68338.4975,5752.655,8655.5275,0.0,60848.43,14408.1825,0.9655071658143364,0.2603764827344581,-1.0,-1.8369701987210294e-16,0.7818314824680298,0.6234898018587336,0,weekday,8.775
2020-03-18,2020,3,18,78,18,2,41.07,2020-03-18 18:00:00+00:00,2020-03-18 19:00:00+00:00,67463.17749999999,1725.8425,8605.5325,0.0,55813.7,10331.375,0.969843196967294,0.2437297136096838,-1.0,-1.8369701987210294e-16,0.9749279121818236,-0.2225209339563143,0,weekday,8.3
2020-03-19,2020,3,19,79,18,3,44.42,2020-03-19 18:00:00+00:00,2020-03-19 19:00:00+00:00,68440.4725,546.42,2415.0475,0.0,51641.62,2961.4675,0.9738922359149924,0.2270108209414184,-1.0,-1.8369701987210294e-16,0.4338837391175582,-0.900968867902419,0,weekday,8.425
2020-03-20,2020,3,20,80,18,4,28.92,2020-03-20 18:00:00+00:00,2020-03-20 19:00:00+00:00,65507.2325,4361.0325,11071.685,0.0,56938.9,15432.7175,0.977653084481664,0.2102247521189836,-1.0,-1.8369701987210294e-16,-0.433883739117558,-0.9009688679024191,0,weekday,8.295
2020-03-21,2020,3,21,81,18,5,20.12,2020-03-21 18:00:00+00:00,2020-03-21 19:00:00+00:00,58791.5875,5199.785,21742.9525,0.0,58414.88,26942.7375,0.981124629771712,0.1933764744102058,-1.0,-1.8369701987210294e-16,-0.9749279121818236,-0.2225209339563146,0,weekend,8.295
2020-03-22,2020,3,22,82,18,6,22.93,2020-03-22 18:00:00+00:00,2020-03-22 19:00:00+00:00,57095.175,4057.085,18426.78,0.0,53994.35,22483.865,0.984305844499033,0.1764709734915216,-1.0,-1.8369701987210294e-16,-0.7818314824680299,0.6234898018587334,0,weekend,8.157499999999999
2020-03-23,2020,3,23,83,18,0,33.14,2020-03-23 18:00:00+00:00,2020-03-23 19:00:00+00:00,67962.2225,4734.3675,14626.2325,0.0,55230.9,19360.6,0.9871957872910084,0.1595132519726365,-1.0,-1.8369701987210294e-16,0.0,1.0,0,weekday,8.02
2020-03-24,2020,3,24,84,18,1,33.78,2020-03-24 18:00:00+00:00,2020-03-24 19:00:00+00:00,67530.9575,3643.925,14752.79,0.0,56114.28,18396.715,0.9897936029670716,0.1425083279161708,-1.0,-1.8369701987210294e-16,0.7818314824680298,0.6234898018587336,0,weekday,8.05
2020-03-25,2020,3,25,85,18,2,34.48,2020-03-25 18:00:00+00:00,2020-03-25 19:00:00+00:00,67074.58499999999,1480.435,17361.985,0.0,58102.49,18842.42,0.992098522791769,0.1254612333527364,-1.0,-1.8369701987210294e-16,0.9749279121818236,-0.2225209339563143,0,weekday,7.765
2020-03-26,2020,3,26,86,18,3,34.64,2020-03-26 18:00:00+00:00,2020-03-26 19:00:00+00:00,66665.73,2682.5975,17327.4125,0.0,57983.76,20010.01,0.9941098647022418,0.108377012791876,-1.0,-1.8369701987210294e-16,0.4338837391175582,-0.900968867902419,0,weekday,7.58
2020-03-27,2020,3,27,87,18,4,30.0,2020-03-27 18:00:00+00:00,2020-03-27 19:00:00+00:00,63105.405,4208.8125,14611.4525,0.0,55015.64,18820.265,0.9958270335100596,0.0912607217293118,-1.0,-1.8369701987210294e-16,-0.433883739117558,-0.9009688679024191,0,weekday,7.25
2020-03-28,2020,3,28,88,18,5,21.93,2020-03-28 18:00:00+00:00,2020-03-28 19:00:00+00:00,56638.7375,5611.4725,15398.2,0.0,52875.61,21009.6725,0.9972495210773452,0.0741174251509443,-1.0,-1.8369701987210294e-16,-0.9749279121818236,-0.2225209339563146,0,weekend,7.22
2020-03-29,2020,3,29,89,18,6,17.9,2020-03-29 18:00:00+00:00,2020-03-29 19:00:00+00:00,53345.855,4383.3125,21494.11,0.0,53316.26,25877.4225,0.998376906467142,0.0569521960340397,-1.0,-1.8369701987210294e-16,-0.7818314824680299,0.6234898018587334,0,weekend,7.057499999999999
2020-03-30,2020,3,30,90,18,0,35.7,2020-03-30 18:00:00+00:00,2020-03-30 19:00:00+00:00,62124.28,2884.855,7579.1375,0.0,48273.92,10463.9925,0.9992088560679752,0.0397701138460557,-1.0,-1.8369701987210294e-16,0.0,1.0,0,weekday,6.895
2020-03-31,2020,3,31,91,18,1,33.53,2020-03-31 18:00:00+00:00,2020-03-31 19:00:00+00:00,62589.0575,2281.4775,4746.89,0.0,47060.1,7028.3675,0.9997451236925734,0.0225762630415454,-1.0,-1.8369701987210294e-16,0.7818314824680298,0.6234898018587336,0,weekday,7.1
2020-04-01,2020,4,1,92,18,2,34.97,2020-04-01 18:00:00+00:00,2020-04-01 19:00:00+00:00,62293.27,4354.7625,7229.4025,0.2525,50222.48,11584.4175,0.9999855506507186,0.0053757315575838,-1.0,-1.8369701987210294e-16,0.9749279121818236,-0.2225209339563143,0,weekday,6.725
2020-04-02,2020,4,2,93,18,3,27.3,2020-04-02 18:00:00+00:00,2020-04-02 19:00:00+00:00,61510.9425,6023.115,22214.5775,0.27,61146.88,28237.9625,0.9999300657962056,-0.0118263906918325,-1.0,-1.8369701987210294e-16,0.4338837391175582,-0.900968867902419,0,weekday,7.275
2020-04-03,2020,4,3,94,18,4,33.54,2020-04-03 18:00:00+00:00,2020-04-03 19:00:00+00:00,59751.8,3499.4125,8061.12,0.575,46152.72,11561.1075,0.9995786855478958,-0.0290250133219752,-1.0,-1.8369701987210294e-16,-0.433883739117558,-0.9009688679024191,0,weekday,6.825
2020-04-04,2020,4,4,95,18,5,32.67,2020-04-04 18:00:00+00:00,2020-04-04 19:00:00+00:00,52272.225,1152.755,3122.57,1.1525,40103.12,4276.477500000001,0.9989315138848576,-0.0462150469837083,-1.0,-1.8369701987210294e-16,-0.9749279121818236,-0.2225209339563146,0,weekend,6.92
2020-04-05,2020,4,5,96,18,6,18.48,2020-04-05 18:00:00+00:00,2020-04-05 19:00:00+00:00,51789.69,5923.08,19426.07,2.155,52614.13,25351.305,0.9979887423155984,-0.0633914048695103,-1.0,-1.8369701987210294e-16,-0.7818314824680299,0.6234898018587334,0,weekend,6.859999999999999
2020-04-06,2020,4,6,97,18,0,45.33,2020-04-06 18:00:00+00:00,2020-04-06 19:00:00+00:00,59868.645,3021.9875,7957.265,3.0625,48765.96,10982.315,0.9967506498213928,-0.0805490042187416,-1.0,-1.8369701987210294e-16,0.0,1.0,0,weekday,6.8
2020-04-07,2020,4,7,98,18,1,37.31,2020-04-07 18:00:00+00:00,2020-04-07 19:00:00+00:00,60171.3275,1037.8725,6652.73,4.2225,47202.99,7694.824999999999,0.9952176027737294,-0.0976827678217159,-1.0,-1.8369701987210294e-16,0.7818314824680298,0.6234898018587336,0,weekday,7.4
2020-04-08,2020,4,8,99,18,2,50.33,2020-04-08 18:00:00+00:00,2020-04-08 19:00:00+00:00,58555.5025,1018.625,2013.6125,5.045,44056.14,3037.2825000000003,0.9933900548258936,-0.114787625522127,-1.0,-1.8369701987210294e-16,0.9749279121818236,-0.2225209339563143,0,weekday,7.3
2020-04-09,2020,4,9,100,18,3,31.43,2020-04-09 18:00:00+00:00,2020-04-09 19:00:00+00:00,58085.98,1558.0275,8709.685000000001,6.4725,48185.91,10274.185,0.9912685467787256,-0.1318585157173911,-1.0,-1.8369701987210294e-16,0.4338837391175582,-0.900968867902419,0,weekday,7.475
2020-04-10,2020,4,10,101,18,4,34.83,2020-04-10 18:00:00+00:00,2020-04-10 19:00:00+00:00,47924.4325,224.1075,4159.0725,9.015,40723.22,4392.195000000001,0.9888537064205885,-0.1488903868564548,-1.0,-1.8369701987210294e-16,-0.433883739117558,-0.9009688679024191,1,holiday,7.28
2020-04-11,2020,4,11,102,18,5,35.95,2020-04-11 18:00:00+00:00,2020-04-11 19:00:00+00:00,47117.555,2107.6025,2749.6675,11.52,39812.99,4868.790000000001,0.986146248341595,-0.1658781989346314,-1.0,-1.8369701987210294e-16,-0.9749279121818236,-0.2225209339563146,0,weekend,7.28
2020-04-12,2020,4,12,103,18,6,24.82,2020-04-12 18:00:00+00:00,2020-04-12 19:00:00+00:00,44882.6075,2530.9375,4917.635,13.42,39852.19,7461.9925,0.98314697372215,-0.1828169249850199,-1.0,-1.8369701987210294e-16,-0.7818314824680299,0.6234898018587334,0,weekend,7.28
2020-04-13,2020,4,13,104,18,0,9.76,2020-04-13 18:00:00+00:00,2020-04-13 19:00:00+00:00,48948.825,6122.7975,22586.7525,30.5275,55001.74,28740.0775,0.9798567700958664,-0.1997015525660636,-1.0,-1.8369701987210294e-16,0.0,1.0,1,holiday,7.28
2020-04-14,2020,4,14,105,18,1,39.91,2020-04-14 18:00:00+00:00,2020-04-14 19:00:00+00:00,58694.555,2340.4525,9315.005,39.0925,44283.12,11694.55,0.976276611086932,-0.2165270852448143,-1.0,-1.8369701987210294e-16,0.7818314824680298,0.6234898018587336,0,weekday,7.175
2020-04-15,2020,4,15,106,18,2,41.91,2020-04-15 18:00:00+00:00,2020-04-15 19:00:00+00:00,57585.795,3418.685,8270.605,43.98500000000001,45669.36,11733.275,0.9724075561219968,-0.2332885440754551,-1.0,-1.8369701987210294e-16,0.9749279121818236,-0.2225209339563143,0,weekday,6.825
2020-04-16,2020,4,16,107,18,3,53.25,2020-04-16 18:00:00+00:00,2020-04-16 19:00:00+00:00,56436.9825,1286.47,6799.5725,59.9275,43906.97,8145.97,0.9682507501166718,-0.2499809690726521,-1.0,-1.8369701987210294e-16,0.4338837391175582,-0.900968867902419,0,weekday,6.98
2020-04-17,2020,4,17,108,18,4,42.77,2020-04-17 18:00:00+00:00,2020-04-17 19:00:00+00:00,54745.5175,731.7775,4653.4575,78.5625,40508.34,5463.797500000001,0.9638074231367308,-0.2665994206792935,-1.0,-1.8369701987210294e-16,-0.433883739117558,-0.9009688679024191,0,weekday,7.18
2020-04-18,2020,4,18,109,18,5,28.66,2020-04-18 18:00:00+00:00,2020-04-18 19:00:00+00:00,48198.7425,3670.35,9922.9125,63.265,42518.18,13656.5275,0.9590788900341132,-0.2831389812281835,-1.0,-1.8369701987210294e-16,-0.9749279121818236,-0.2225209339563146,0,weekend,6.995
2020-04-19,2020,4,19,110,18,6,15.59,2020-04-19 18:00:00+00:00,2020-04-19 19:00:00+00:00,46719.6025,3610.0175,16988.739999999998,92.1,45514.92,20690.8575,0.9540665500578388,-0.2995947563972602,-1.0,-1.8369701987210294e-16,-0.7818314824680299,0.6234898018587334,0,weekend,6.865
2020-04-20,2020,4,20,111,18,0,18.38,2020-04-20 18:00:00+00:00,2020-04-20 19:00:00+00:00,56786.625,4805.97,27403.1925,100.655,58760.93,32309.8175,0.9487718864399473,-0.3159618766579029,-1.0,-1.8369701987210294e-16,0.0,1.0,0,weekday,6.735
2020-04-21,2020,4,21,112,18,1,10.99,2020-04-21 18:00:00+00:00,2020-04-21 19:00:00+00:00,56894.195,5628.21,28382.8025,114.8125,61708.59,34125.825000000004,0.9431964659565866,-0.3322354987159043,-1.0,-1.8369701987210294e-16,0.7818314824680298,0.6234898018587336,0,weekday,6.6
2020-04-22,2020,4,22,113,18,2,25.54,2020-04-22 18:00:00+00:00,2020-04-22 19:00:00+00:00,57789.442500000005,4693.975,19170.17,142.7075,50883.68,24006.8525,0.9373419384643772,-0.3484108069446808,-1.0,-1.8369701987210294e-16,0.9749279121818236,-0.2225209339563143,0,weekday,6.125
2020-04-23,2020,4,23,114,18,3,69.68,2020-04-23 18:00:00+00:00,2020-04-23 19:00:00+00:00,57597.5025,577.035,2351.31,150.5025,40206.38,3078.8475,0.9312100364121948,-0.3644830148102912,-1.0,-1.8369701987210294e-16,0.4338837391175582,-0.900968867902419,0,weekday,6.15
2020-04-24,2020,4,24,115,18,4,22.5,2020-04-24 18:00:00+00:00,2020-04-24 19:00:00+00:00,55641.6475,4663.71,17771.75,154.34,49259.07,22589.8,0.9248025743285088,-0.3804473662878516,-1.0,-1.8369701987210294e-16,-0.433883739117558,-0.9009688679024191,0,weekday,5.83
2020-04-25,2020,4,25,116,18,5,32.0,2020-04-25 18:00:00+00:00,2020-04-25 19:00:00+00:00,47746.7475,1087.7525,3990.405,195.6575,36986.18,5273.8150000000005,0.9181214482844364,-0.3962991372689181,-1.0,-1.8369701987210294e-16,-0.9749279121818236,-0.2225209339563146,0,weekend,5.77
2020-04-26,2020,4,26,117,18,6,31.84,2020-04-26 18:00:00+00:00,2020-04-26 19:00:00+00:00,47521.605,281.7275,1437.6175,188.1025,35551.05,1907.4475,0.9111686353326632,-0.4120336369594263,-1.0,-1.8369701987210294e-16,-0.7818314824680299,0.6234898018587334,0,weekend,5.797499999999999
2020-04-27,2020,4,27,118,18,0,45.56,2020-04-27 18:00:00+00:00,2020-04-27 19:00:00+00:00,57079.755,299.01,2364.3225,203.16,42106.61,2866.4925000000003,0.9039461929224012,-0.4276462092677746,-1.0,-1.8369701987210294e-16,0.0,1.0,0,weekday,5.825
2020-04-28,2020,4,28,119,18,1,29.99,2020-04-28 18:00:00+00:00,2020-04-28 19:00:00+00:00,58124.295,938.7275,8852.71,116.505,48087.26,9907.9425,0.8964562582905575,-0.4431322341826345,-1.0,-1.8369701987210294e-16,0.7818314824680298,0.6234898018587336,0,weekday,5.975
2020-04-29,2020,4,29,120,18,2,30.85,2020-04-29 18:00:00+00:00,2020-04-29 19:00:00+00:00,57426.205,1402.97,6548.8375,196.6825,45083.57,8148.49,0.8887010478292915,-0.4584871291400876,-1.0,-1.8369701987210294e-16,0.9749279121818236,-0.2225209339563143,0,weekday,6.015
2020-04-30,2020,4,30,121,18,3,34.66,2020-04-30 18:00:00+00:00,2020-04-30 19:00:00+00:00,57265.8025,1490.0275,8875.4575,168.585,43540.9,10534.07,0.8806828564301475,-0.47370635037968,-1.0,-1.8369701987210294e-16,0.4338837391175582,-0.900968867902419,0,weekday,6.325
2020-05-01,2020,5,1,122,18,4,28.43,2020-05-01 18:00:00+00:00,2020-05-01 19:00:00+00:00,48327.02,1702.455,9865.7975,218.4,39261.06,11786.6525,0.8724040568049612,-0.4887853942889926,-1.0,-1.8369701987210294e-16,-0.433883739117558,-0.9009688679024191,1,holiday,6.2
2020-05-02,2020,5,2,123,18,5,28.04,2020-05-02 18:00:00+00:00,2020-05-02 19:00:00+00:00,49834.75,1566.3925,11639.4375,252.7575,40296.97,13458.5875,0.8638670987837349,-0.503719798736334,-1.0,-1.8369701987210294e-16,-0.9749279121818236,-0.2225209339563146,0,weekend,5.845
2020-05-03,2020,5,3,124,18,6,28.69,2020-05-03 18:00:00+00:00,2020-05-03 19:00:00+00:00,47554.02,1076.8275,3465.39,299.48,35400.31,4841.6975,0.8550745085896932,-0.518505144391157,-1.0,-1.8369701987210294e-16,-0.7818314824680299,0.6234898018587334,0,weekend,5.8725000000000005
2020-05-04,2020,5,4,125,18,0,28.97,2020-05-04 18:00:00+00:00,2020-05-04 19:00:00+00:00,57413.58,3662.3925,9954.8475,283.48,47409.64,13900.72,0.8460288880917339,-0.533137056031809,-1.0,-1.8369701987210294e-16,0.0,1.0,0,weekday,5.9
2020-05-05,2020,5,5,126,18,1,32.41,2020-05-05 18:00:00+00:00,2020-05-05 19:00:00+00:00,57070.177500000005,960.1025,9218.0525,401.435,45081.71,10579.589999999998,0.8367329140344921,-0.5476112038402312,-1.0,-1.8369701987210294e-16,0.7818314824680298,0.6234898018587336,0,weekday,5.85
2020-05-06,2020,5,6,127,18,2,25.42,2020-05-06 18:00:00+00:00,2020-05-06 19:00:00+00:00,57759.115,3825.035,12428.285,448.8525,51381.76,16702.1725,0.8271893372462497,-0.5619233046832195,-1.0,-1.8369701987210294e-16,0.9749279121818236,-0.2225209339563143,0,weekday,5.74
2020-05-07,2020,5,7,128,18,3,50.98,2020-05-07 18:00:00+00:00,2020-05-07 19:00:00+00:00,56556.78,609.7049999999999,1724.2125,472.075,42482.42,2805.9925,0.8174009818249189,-0.5760691233798758,-1.0,-1.8369701987210294e-16,0.4338837391175582,-0.900968867902419,0,weekday,5.84
2020-05-08,2020,5,8,129,18,4,41.62,2020-05-08 18:00:00+00:00,2020-05-08 19:00:00+00:00,55236.765,1107.3825,1877.06,452.3525,40055.41,3436.795,0.8073707443023492,-0.5900444739548627,-1.0,-1.8369701987210294e-16,-0.433883739117558,-0.9009688679024191,0,weekday,5.83
2020-05-09,2020,5,9,130,18,5,33.99,2020-05-09 18:00:00+00:00,2020-05-09 19:00:00+00:00,47909.2875,136.2725,3312.7975,424.9025,36178.25,3873.9725,0.7971015927871943,-0.6038452208771035,-1.0,-1.8369701987210294e-16,-0.9749279121818236,-0.2225209339563146,0,weekend,5.83
2020-05-10,2020,5,10,131,18,6,14.73,2020-05-10 18:00:00+00:00,2020-05-10 19:00:00+00:00,47239.3775,5624.7025,14012.3225,379.4425,44302.83,20016.4675,0.7865965660866021,-0.6174672802835514,-1.0,-1.8369701987210294e-16,-0.7818314824680299,0.6234898018587334,0,weekend,5.765000000000001
2020-05-11,2020,5,11,132,18,0,22.24,2020-05-11 18:00:00+00:00,2020-05-11 19:00:00+00:00,56780.66,4716.77,21386.0625,334.4875,53066.14,26437.32,0.7758587728069828,-0.6309066211876704,-1.0,-1.8369701987210294e-16,0.0,1.0,0,weekday,5.7
2020-05-12,2020,5,12,133,18,1,28.76,2020-05-12 18:00:00+00:00,2020-05-12 19:00:00+00:00,57855.0975,3644.5275,10991.135,516.2275000000001,50402.83,15151.89,0.7648913904341225,-0.6441592666722685,-1.0,-1.8369701987210294e-16,0.7818314824680298,0.6234898018587336,0,weekday,5.575
2020-05-13,2020,5,13,134,18,2,33.5,2020-05-13 18:00:00+00:00,2020-05-13 19:00:00+00:00,57764.7125,3098.1675,7060.52,435.0175,47215.45,10593.705,0.753697664392914,-0.6572212950663319,-1.0,-1.8369701987210294e-16,0.9749279121818236,-0.2225209339563143,0,weekday,5.375
2020-05-14,2020,5,14,135,18,3,30.08,2020-05-14 18:00:00+00:00,2020-05-14 19:00:00+00:00,57744.5975,1304.575,7316.7525,586.305,48132.74,9207.6325,0.742280907086982,-0.6700888411055113,-1.0,-1.8369701987210294e-16,0.4338837391175582,-0.900968867902419,0,weekday,5.175
2020-05-15,2020,5,15,136,18,4,25.9,2020-05-15 18:00:00+00:00,2020-05-15 19:00:00+00:00,55119.705,4023.3675,9290.835,610.5350000000001,47226.62,13924.7375,0.7306444969184916,-0.6827580970759147,-1.0,-1.8369701987210294e-16,-0.433883739117558,-0.9009688679024191,0,weekday,5.4
2020-05-16,2020,5,16,137,18,5,28.58,2020-05-16 18:00:00+00:00,2020-05-16 19:00:00+00:00,47934.105,3805.285,6372.455,661.36,42240.36,10839.1,0.7187918772884232,-0.6952253139408722,-1.0,-1.8369701987210294e-16,-0.9749279121818236,-0.2225209339563146,0,weekend,5.22
2020-05-17,2020,5,17,138,18,6,22.18,2020-05-17 18:00:00+00:00,2020-05-17 19:00:00+00:00,46994.2925,4820.4625,9924.9575,723.2375,43049.43,15468.6575,0.7067265555776158,-0.7074868024503348,-1.0,-1.8369701987210294e-16,-0.7818314824680299,0.6234898018587334,0,weekend,5.25
2020-05-18,2020,5,18,139,18,0,31.9,2020-05-18 18:00:00+00:00,2020-05-18 19:00:00+00:00,57555.115,4855.49,9141.2,687.5250000000001,49269.96,14684.215,0.6944521021088763,-0.719538934232584,-1.0,-1.8369701987210294e-16,0.0,1.0,0,weekday,5.28
2020-05-19,2020,5,19,140,18,1,49.98,2020-05-19 18:00:00+00:00,2020-05-19 19:00:00+00:00,57477.74,463.8125,4797.3325,668.335,45966.8,5929.4800000000005,0.6819721490904629,-0.7313781428679254,-1.0,-1.8369701987210294e-16,0.7818314824680298,0.6234898018587336,0,weekday,4.775
2020-05-20,2020,5,20,141,18,2,56.3,2020-05-20 18:00:00+00:00,2020-05-20 19:00:00+00:00,56880.885,35.625,2557.215,797.43,42442.93,3390.27,0.6692903895412567,-0.7430009249440493,-1.0,-1.8369701987210294e-16,0.9749279121818236,-0.2225209339563143,0,weekday,4.75
2020-05-21,2020,5,21,142,18,3,42.66,2020-05-21 18:00:00+00:00,2020-05-21 19:00:00+00:00,46648.175,1736.6925,3253.985,863.145,39844.89,5853.8225,0.6564105761979381,-0.7544038410927472,-1.0,-1.8369701987210294e-16,0.4338837391175582,-0.900968867902419,1,holiday,3.965
2020-05-22,2020,5,22,143,18,4,23.35,2020-05-22 18:00:00+00:00,2020-05-22 19:00:00+00:00,54509.1375,4173.6225,10074.8375,411.3425,45195.62,14659.8025,0.6433365204044917,-0.765583517007675,-1.0,-1.8369701987210294e-16,-0.433883739117558,-0.9009688679024191,0,weekday,3.75
2020-05-23,2020,5,23,144,18,5,14.04,2020-05-23 18:00:00+00:00,2020-05-23 19:00:00+00:00,47877.66,5904.64,14236.5525,626.5975,46208.32,20767.79,0.6300720909843687,-0.7765366444428655,-1.0,-1.8369701987210294e-16,-0.9749279121818236,-0.2225209339563146,0,weekend,3.89
2020-05-24,2020,5,24,145,18,6,14.0,2020-05-24 18:00:00+00:00,2020-05-24 19:00:00+00:00,46836.47,4637.2475,17409.25,710.9175,47998.1,22757.415,0.6166212130956382,-0.7872599821916922,-1.0,-1.8369701987210294e-16,-0.7818314824680299,0.6234898018587334,0,weekend,4.043333333333333
2020-05-25,2020,5,25,146,18,0,38.32,2020-05-25 18:00:00+00:00,2020-05-25 19:00:00+00:00,56598.32,919.415,7419.17,964.725,48583.6,9303.31,0.6029878670694714,-0.7977503570459932,-1.0,-1.8369701987210294e-16,0.0,1.0,0,weekday,4.196666666666666
2020-05-26,2020,5,26,147,18,1,50.15,2020-05-26 18:00:00+00:00,2020-05-26 19:00:00+00:00,56578.9525,129.3,1811.4075,1006.575,47296.52,2947.2825000000003,0.5891760872322963,-0.8080046647350754,-1.0,-1.8369701987210294e-16,0.7818314824680298,0.6234898018587336,0,weekday,4.35
2020-05-27,2020,5,27,148,18,2,25.54,2020-05-27 18:00:00+00:00,2020-05-27 19:00:00+00:00,56375.9975,1894.685,9346.7875,951.59,48165.47,12193.0625,0.5751899607119775,-0.8180198708443174,-1.0,-1.8369701987210294e-16,0.9749279121818236,-0.2225209339563143,0,weekday,3.8
2020-05-28,2020,5,28,149,18,3,26.11,2020-05-28 18:00:00+00:00,2020-05-28 19:00:00+00:00,56362.745,869.575,8514.83,1027.7775,47738.42,10412.1825,0.5610336262283677,-0.8277930117131022,-1.0,-1.8369701987210294e-16,0.4338837391175582,-0.900968867902419,0,weekday,3.7
2020-05-29,2020,5,29,150,18,4,25.79,2020-05-29 18:00:00+00:00,2020-05-29 19:00:00+00:00,54012.69,1025.58,6571.6,1012.0025,44994.18,8609.1825,0.5467112728685939,-0.8373211953118121,-1.0,-1.8369701987210294e-16,-0.433883739117558,-0.9009688679024191,0,weekday,4.425
2020-05-30,2020,5,30,151,18,5,17.46,2020-05-30 18:00:00+00:00,2020-05-30 19:00:00+00:00,47842.175,2279.94,10708.73,961.5125,42011.38,13950.1825,0.5322271388474397,-0.8466016020976267,-1.0,-1.8369701987210294e-16,-0.9749279121818236,-0.2225209339563146,0,weekend,4.385
2020-05-31,2020,5,31,152,18,6,12.57,2020-05-31 18:00:00+00:00,2020-05-31 19:00:00+00:00,44056.405,3287.745,13911.5075,1048.08,45756.3,18247.3325,0.5175855102531889,-0.8556314858488706,-1.0,-1.8369701987210294e-16,-0.7818314824680299,0.6234898018587334,0,weekend,4.2425
2020-06-01,2020,6,1,153,18,0,23.05,2020-06-01 18:00:00+00:00,2020-06-01 19:00:00+00:00,46778.5475,2353.58,7734.02,1126.275,42024.12,11213.875,0.5027907197793043,-0.8644081744776648,-1.0,-1.8369701987210294e-16,0.0,1.0,1,holiday,4.1
2020-06-02,2020,6,2,154,18,1,60.75,2020-06-02 18:00:00+00:00,2020-06-02 19:00:00+00:00,55393.6475,646.3924999999999,2105.9225,1195.1075,45519.25,3947.4225,0.4878471454423119,-0.8729290708206411,-1.0,-1.8369701987210294e-16,0.7818314824680298,0.6234898018587336,0,weekday,4.37
2020-06-03,2020,6,3,155,18,2,40.1,2020-06-03 18:00:00+00:00,2020-06-03 19:00:00+00:00,55645.265,3871.2275,4100.0475,1162.0975,49441.74,9133.3725,0.4727592092862775,-0.881191653407483,-1.0,-1.8369701987210294e-16,0.9749279121818236,-0.2225209339563143,0,weekday,5.15
2020-06-04,2020,6,4,156,18,3,25.0,2020-06-04 18:00:00+00:00,2020-06-04 19:00:00+00:00,56290.705,4872.4825,9139.4175,586.595,51973.96,14598.495,0.4575313760742512,-0.8891934772070711,-1.0,-1.8369701987210294e-16,0.4338837391175582,-0.900968867902419,0,weekday,4.975
2020-06-05,2020,6,5,157,18,4,27.03,2020-06-05 18:00:00+00:00,2020-06-05 19:00:00+00:00,54721.08,1592.37,16472.2375,857.1899999999999,52293.31,18921.7975,0.442168151967072,-0.8969321743510065,-1.0,-1.8369701987210294e-16,-0.433883739117558,-0.9009688679024191,0,weekday,5.35
2020-06-06,2020,6,6,158,18,5,23.27,2020-06-06 18:00:00+00:00,2020-06-06 19:00:00+00:00,47828.6,3809.2825,8419.36,1144.75,43532.11,13373.3925,0.4266740831899246,-0.9044054548343,-1.0,-1.8369701987210294e-16,-0.9749279121818236,-0.2225209339563146,0,weekend,5.71
2020-06-07,2020,6,7,159,18,6,28.56,2020-06-07 18:00:00+00:00,2020-06-07 19:00:00+00:00,46430.525,729.655,4853.3225,1181.765,38356.13,6764.7425,0.4110537546870351,-0.911611107193024,-1.0,-1.8369701987210294e-16,-0.7818314824680299,0.6234898018587334,0,weekend,5.654999999999999
2020-06-08,2020,6,8,160,18,0,35.23,2020-06-08 18:00:00+00:00,2020-06-08 19:00:00+00:00,56470.2125,1080.1225,2741.61,1189.6275,47000.84,5011.360000000001,0.3953117887649151,-0.9185469991587164,-1.0,-1.8369701987210294e-16,0.0,1.0,0,weekday,5.6
2020-06-09,2020,6,9,161,18,1,43.09,2020-06-09 18:00:00+00:00,2020-06-09 19:00:00+00:00,56360.945,129.045,4521.935,833.435,51042.0,5484.415000000001,0.3794528437245443,-0.925211078289358,-1.0,-1.8369701987210294e-16,0.7818314824680298,0.6234898018587336,0,weekday,5.275
2020-06-10,2020,6,10,162,18,2,33.05,2020-06-10 18:00:00+00:00,2020-06-10 19:00:00+00:00,55894.705,2964.0275,6496.4925,872.5675,52085.27,10333.0875,0.3634816124829063,-0.9316013725767188,-1.0,-1.8369701987210294e-16,0.9749279121818236,-0.2225209339563143,0,weekday,4.7
2020-06-11,2020,6,11,163,18,3,30.17,2020-06-11 18:00:00+00:00,2020-06-11 19:00:00+00:00,48883.22,4736.2375,5680.969999999999,1175.7425,50236.88,11592.95,0.3474028211842774,-0.9377159910299092,-1.0,-1.8369701987210294e-16,0.4338837391175582,-0.900968867902419,0,weekday,4.775
2020-06-12,2020,6,12,164,18,4,26.22,2020-06-12 18:00:00+00:00,2020-06-12 19:00:00+00:00,52682.7475,5516.165,10866.405,1340.94,51941.43,17723.51,0.3312212278016865,-0.9435531242349544,-1.0,-1.8369701987210294e-16,-0.433883739117558,-0.9009688679024191,0,weekday,5.15
2020-06-13,2020,6,13,165,18,5,25.96,2020-06-13 18:00:00+00:00,2020-06-13 19:00:00+00:00,47055.365,4461.4400000000005,9705.085,1145.74,44909.8,15312.265,0.3149416207289519,-0.9491110448902284,-1.0,-1.8369701987210294e-16,-0.9749279121818236,-0.2225209339563146,0,weekend,5.275
2020-06-14,2020,6,14,166,18,6,25.97,2020-06-14 18:00:00+00:00,2020-06-14 19:00:00+00:00,46481.0775,3444.565,11563.62,749.7149999999999,46219.2,15757.9,0.2985688173637202,-0.9543881083175908,-1.0,-1.8369701987210294e-16,-0.7818314824680299,0.6234898018587334,0,weekend,5.362500000000001
2020-06-15,2020,6,15,167,18,0,41.07,2020-06-15 18:00:00+00:00,2020-06-15 19:00:00+00:00,56192.605,748.415,2899.77,1007.295,48544.21,4655.48,0.2821076626819194,-0.9593827529490744,-1.0,-1.8369701987210294e-16,0.0,1.0,0,weekday,5.45
2020-06-16,2020,6,16,168,18,1,40.66,2020-06-16 18:00:00+00:00,2020-06-16 19:00:00+00:00,55945.3375,217.0775,1563.69,1217.005,48576.33,2997.7725,0.2655630278040559,-0.9640935007889756,-1.0,-1.8369701987210294e-16,0.7818314824680298,0.6234898018587336,0,weekday,5.55
2020-06-17,2020,6,17,169,18,2,42.32,2020-06-17 18:00:00+00:00,2020-06-17 19:00:00+00:00,55840.645,1071.39,3367.6475,1166.65,50416.17,5605.6875,0.2489398085537665,-0.9685189578512204,-1.0,-1.8369701987210294e-16,0.9749279121818236,-0.2225209339563143,0,weekday,5.2
2020-06-18,2020,6,18,170,18,3,36.3,2020-06-18 18:00:00+00:00,2020-06-18 19:00:00+00:00,55896.095,774.5875,4893.73,1104.6025,50749.37,6772.919999999999,0.2322429240090701,-0.9726578145718654,-1.0,-1.8369701987210294e-16,0.4338837391175582,-0.900968867902419,0,weekday,5.425
2020-06-19,2020,6,19,171,18,4,34.22,2020-06-19 18:00:00+00:00,2020-06-19 19:00:00+00:00,54929.925,634.91,6327.245,1221.515,46191.94,8183.67,0.2154773150467301,-0.976508846196619,-1.0,-1.8369701987210294e-16,-0.433883739117558,-0.9009688679024191,0,weekday,5.55
2020-06-20,2020,6,20,172,18,5,33.0,2020-06-20 18:00:00+00:00,2020-06-20 19:00:00+00:00,47068.5125,576.8275,7148.98,1356.3275,40383.48,9082.135,0.1986479428801711,-0.9800709131432666,-1.0,-1.8369701987210294e-16,-0.9749279121818236,-0.2225209339563146,0,weekend,5.615
2020-06-21,2020,6,21,173,18,6,30.2,2020-06-21 18:00:00+00:00,2020-06-21 19:00:00+00:00,46177.605,984.2025,3689.45,1451.5725,39533.59,6125.225,0.1817597875913753,-0.9833429613388902,-1.0,-1.8369701987210294e-16,-0.7818314824680299,0.6234898018587334,0,weekend,5.532500000000001
2020-06-22,2020,6,22,174,18,0,37.63,2020-06-22 18:00:00+00:00,2020-06-22 19:00:00+00:00,55665.2775,851.015,5853.3125,1489.9775,46526.17,8194.305,0.1648178466571979,-0.9863240225317866,-1.0,-1.8369701987210294e-16,0.0,1.0,0,weekday,5.45
2020-06-23,2020,6,23,175,18,1,48.65,2020-06-23 18:00:00+00:00,2020-06-23 19:00:00+00:00,54587.7925,367.765,3735.4375,1471.7050000000002,47911.33,5574.9075,0.1478271334705304,-0.9890132145779884,-1.0,-1.8369701987210294e-16,0.7818314824680298,0.6234898018587336,0,weekday,5.7
2020-06-24,2020,6,24,176,18,2,45.65,2020-06-24 18:00:00+00:00,2020-06-24 19:00:00+00:00,55465.89,1412.2475,6447.675,1486.0825,51175.19,9346.005,0.1307926758567592,-0.9914097417023038,-1.0,-1.8369701987210294e-16,0.9749279121818236,-0.2225209339563143,0,weekday,5.825
2020-06-25,2020,6,25,177,18,3,41.23,2020-06-25 18:00:00+00:00,2020-06-25 19:00:00+00:00,55924.0225,3614.7225,7488.9225,1556.9475,54016.73,12660.5925,0.1137195145859496,-0.9935128947338008,-1.0,-1.8369701987210294e-16,0.4338837391175582,-0.900968867902419,0,weekday,5.425
2020-06-26,2020,6,26,178,18,4,41.96,2020-06-26 18:00:00+00:00,2020-06-26 19:00:00+00:00,53136.5225,1889.455,4176.785,1445.7725,45844.58,7512.0125,0.0966127018812031,-0.9953220513156602,-1.0,-1.8369701987210294e-16,-0.433883739117558,-0.9009688679024191,0,weekday,5.065
2020-06-27,2020,6,27,179,18,5,32.28,2020-06-27 18:00:00+00:00,2020-06-27 19:00:00+00:00,46283.7425,1006.2925,6882.985,1471.725,42550.7,9361.0025,0.0794772999236209,-0.9968366760893436,-1.0,-1.8369701987210294e-16,-0.9749279121818236,-0.2225209339563146,0,weekend,5.105
2020-06-28,2020,6,28,180,18,6,33.04,2020-06-28 18:00:00+00:00,2020-06-28 19:00:00+00:00,45486.192500000005,3095.9700000000003,5875.445,1259.5375,41746.82,10230.9525,0.062318379354325,-0.998056320853012,-1.0,-1.8369701987210294e-16,-0.7818314824680299,0.6234898018587334,0,weekend,5.2525
2020-06-29,2020,6,29,181,18,0,34.9,2020-06-29 18:00:00+00:00,2020-06-29 19:00:00+00:00,55047.7125,4189.7,14689.1325,1513.935,55130.1,20392.7675,0.0451410177739719,-0.998980624694158,-1.0,-1.8369701987210294e-16,0.0,1.0,0,weekday,5.4
2020-06-30,2020,6,30,182,18,1,36.1,2020-06-30 18:00:00+00:00,2020-06-30 19:00:00+00:00,55938.1675,5212.9675,17796.1475,1207.51,59798.51,24216.625,0.0279502982402103,-0.999609314096404,-1.0,-1.8369701987210294e-16,0.7818314824680298,0.6234898018587336,0,weekday,6.105
2020-07-01,2020,7,1,183,18,2,40.8,2020-07-01 18:00:00+00:00,2020-07-01 19:00:00+00:00,55989.88,2436.2475,10098.3275,1297.6375,51113.75,13832.2125,0.0107513077635219,-0.9999422030204416,-1.0,-1.8369701987210294e-16,0.9749279121818236,-0.2225209339563143,0,weekday,5.95
2020-07-02,2020,7,2,184,18,3,47.91,2020-07-02 18:00:00+00:00,2020-07-02 19:00:00+00:00,55688.2575,382.14,5291.285,1355.8725,46086.01,7029.297500000001,-0.0064508641981051,-0.9999791929590824,-1.0,-1.8369701987210294e-16,0.4338837391175582,-0.900968867902419,0,weekday,5.765
2020-07-03,2020,7,3,185,18,4,36.97,2020-07-03 18:00:00+00:00,2020-07-03 19:00:00+00:00,53879.395,4161.6675000000005,7322.02,1425.2225,49490.36,12908.91,-0.0236511272452315,-0.9997202729664084,-1.0,-1.8369701987210294e-16,-0.433883739117558,-0.9009688679024191,0,weekday,5.945
2020-07-04,2020,7,4,186,18,5,27.58,2020-07-04 18:00:00+00:00,2020-07-04 19:00:00+00:00,47158.91,4609.6425,18830.285,891.5075,52825.41,24331.435,-0.0408443915432961,-0.9991655196610107,-1.0,-1.8369701987210294e-16,-0.9749279121818236,-0.2225209339563146,0,weekend,6.011666666666667
2020-07-05,2020,7,5,187,18,6,19.17,2020-07-05 18:00:00+00:00,2020-07-05 19:00:00+00:00,46027.385,5527.5775,25338.6375,1260.1325,54647.79,32126.3475,-0.0580255693287803,-0.9983150972033183,-1.0,-1.8369701987210294e-16,-0.7818314824680299,0.6234898018587334,0,weekend,6.078333333333333
2020-07-06,2020,7,6,188,18,0,34.51,2020-07-06 18:00:00+00:00,2020-07-06 19:00:00+00:00,55730.4175,5062.66,21267.8325,1424.1725,58826.07,27754.665,-0.0751895764147585,-0.9971692572470178,-1.0,-1.8369701987210294e-16,0.0,1.0,0,weekday,6.145
2020-07-07,2020,7,7,189,18,1,40.84,2020-07-07 18:00:00+00:00,2020-07-07 19:00:00+00:00,55313.9475,3319.12,8530.65,1358.5375,50021.38,13208.3075,-0.0923313336953912,-0.9957283388645872,-1.0,-1.8369701987210294e-16,0.7818314824680298,0.6234898018587336,0,weekday,6.13
2020-07-08,2020,7,8,190,18,2,52.92,2020-07-08 18:00:00+00:00,2020-07-08 19:00:00+00:00,56669.735,916.7775,3292.745,967.89,46074.03,5177.4125,-0.1094457686489155,-0.993992768446958,-1.0,-1.8369701987210294e-16,0.9749279121818236,-0.2225209339563143,0,weekday,6.09
2020-07-09,2020,7,9,191,18,3,47.39,2020-07-09 18:00:00+00:00,2020-07-09 19:00:00+00:00,55316.1125,444.575,3995.6925,1032.105,46093.83,5472.3725,-0.1265278168386831,-0.9919630595773395,-1.0,-1.8369701987210294e-16,0.4338837391175582,-0.900968867902419,0,weekday,5.855
2020-07-10,2020,7,10,192,18,4,39.0,2020-07-10 18:00:00+00:00,2020-07-10 19:00:00+00:00,54446.66,2782.2325,10919.7175,1157.2275,49582.35,14859.177500000002,-0.1435724234118113,-0.9896398128792412,-1.0,-1.8369701987210294e-16,-0.433883739117558,-0.9009688679024191,0,weekday,5.57
2020-07-11,2020,7,11,193,18,5,36.15,2020-07-11 18:00:00+00:00,2020-07-11 19:00:00+00:00,46172.27,1704.5025,4314.7625,1423.7175000000002,40759.86,7442.9825,-0.1605745445949937,-0.9870237158387384,-1.0,-1.8369701987210294e-16,-0.9749279121818236,-0.2225209339563146,0,weekend,5.475
2020-07-12,2020,7,12,194,18,6,37.33,2020-07-12 18:00:00+00:00,2020-07-12 19:00:00+00:00,45826.295,1173.155,3461.975,1355.6325,40379.37,5990.7625,-0.1775291491870349,-0.984115542601034,-1.0,-1.8369701987210294e-16,-0.7818314824680299,0.6234898018587334,0,weekend,5.4975
2020-07-13,2020,7,13,195,18,0,44.76,2020-07-13 18:00:00+00:00,2020-07-13 19:00:00+00:00,55201.7575,856.5425,1077.895,1342.8775,40983.16,3277.315,-0.1944312200476619,-0.9809161537413774,-1.0,-1.8369701987210294e-16,0.0,1.0,0,weekday,5.52
2020-07-14,2020,7,14,196,18,1,46.08,2020-07-14 18:00:00+00:00,2020-07-14 19:00:00+00:00,55936.2025,829.2325,4373.7875,913.86,45415.53,6116.88,-0.2112757555821793,-0.9774264960104057,-1.0,-1.8369701987210294e-16,0.7818314824680298,0.6234898018587336,0,weekday,5.16
2020-07-15,2020,7,15,197,18,2,44.93,2020-07-15 18:00:00+00:00,2020-07-15 19:00:00+00:00,56023.8775,208.5525,2765.0575,918.7675,42974.58,3892.3775,-0.2280577712215198,-0.9736476020539838,-1.0,-1.8369701987210294e-16,0.9749279121818236,-0.2225209339563143,0,weekday,5.35
2020-07-16,2020,7,16,198,18,3,54.56,2020-07-16 18:00:00+00:00,2020-07-16 19:00:00+00:00,56211.7825,434.2625,2859.89,711.1725,44708.35,4005.325,-0.2447723008972595,-0.9695805901076308,-1.0,-1.8369701987210294e-16,0.4338837391175582,-0.900968867902419,0,weekday,5.09
2020-07-17,2020,7,17,199,18,4,41.24,2020-07-17 18:00:00+00:00,2020-07-17 19:00:00+00:00,53543.495,196.2825,1638.145,1195.035,42854.44,3029.4625,-0.2614143985111562,-0.965226663665613,-1.0,-1.8369701987210294e-16,-0.433883739117558,-0.9009688679024191,0,weekday,5.16
2020-07-18,2020,7,18,200,18,5,38.41,2020-07-18 18:00:00+00:00,2020-07-18 19:00:00+00:00,45866.1775,508.97,966.3725,1155.6975,38922.81,2631.04,-0.2779791393987801,-0.9605871111248128,-1.0,-1.8369701987210294e-16,-0.9749279121818236,-0.2225209339563146,0,weekend,5.115
2020-07-19,2020,7,19,201,18,6,37.52,2020-07-19 18:00:00+00:00,2020-07-19 19:00:00+00:00,44807.875,1518.2575,2292.095,1186.75,40345.34,4997.1025,-0.2944616217868012,-0.9556633054034704,-1.0,-1.8369701987210294e-16,-0.7818314824680299,0.6234898018587334,0,weekend,5.032500000000001
2020-07-20,2020,7,20,202,18,0,43.9,2020-07-20 18:00:00+00:00,2020-07-20 19:00:00+00:00,55661.7175,1117.6975,5492.12,1158.5275,46119.54,7768.345,-0.3108569682435036,-0.9504567035349152,-1.0,-1.8369701987210294e-16,0.0,1.0,0,weekday,4.95
2020-07-21,2020,7,21,203,18,1,41.82,2020-07-21 18:00:00+00:00,2020-07-21 19:00:00+00:00,55813.265,1577.415,5783.555,1154.675,49257.63,8515.645,-0.3271603271220951,-0.9449688462364056,-1.0,-1.8369701987210294e-16,0.7818314824680298,0.6234898018587336,0,weekday,4.9
2020-07-22,2020,7,22,204,18,2,44.34,2020-07-22 18:00:00+00:00,2020-07-22 19:00:00+00:00,55106.505000000005,502.28,3192.895,1131.75,46078.0,4826.925,-0.343366873996388,-0.939201357453208,-1.0,-1.8369701987210294e-16,0.9749279121818236,-0.2225209339563143,0,weekday,4.82
2020-07-23,2020,7,23,205,18,3,43.64,2020-07-23 18:00:00+00:00,2020-07-23 19:00:00+00:00,54707.880000000005,2284.5125,2154.9775,984.6825,47112.92,5424.1725,-0.3594718130884232,-0.9331559438780432,-1.0,-1.8369701987210294e-16,0.4338837391175582,-0.900968867902419,0,weekday,4.925
2020-07-24,2020,7,24,206,18,4,37.39,2020-07-24 18:00:00+00:00,2020-07-24 19:00:00+00:00,52831.325,1079.6475,5912.98,921.2325,45891.35,7913.86,-0.3754703786876202,-0.9268343944460494,-1.0,-1.8369701987210294e-16,-0.433883739117558,-0.9009688679024191,0,weekday,5.025
2020-07-25,2020,7,25,207,18,5,32.22,2020-07-25 18:00:00+00:00,2020-07-25 19:00:00+00:00,45761.8125,2843.4375,2457.395,910.255,41353.24,6211.087500000001,-0.3913578365610259,-0.9202385798054076,-1.0,-1.8369701987210294e-16,-0.9749279121818236,-0.2225209339563146,0,weekend,5.01
2020-07-26,2020,7,26,208,18,6,32.7,2020-07-26 18:00:00+00:00,2020-07-26 19:00:00+00:00,45485.89,3054.4,6306.8075,999.2425,44349.5,10360.45,-0.4071294853542516,-0.9133704517637858,-1.0,-1.8369701987210294e-16,-0.7818314824680299,0.6234898018587334,0,weekend,4.98
2020-07-27,2020,7,27,209,18,0,37.98,2020-07-27 18:00:00+00:00,2020-07-27 19:00:00+00:00,55182.445,4134.58,7149.1275000000005,820.8475,49052.46,12104.555,-0.4227806579826773,-0.9062320427107696,-1.0,-1.8369701987210294e-16,0.0,1.0,0,weekday,4.95
2020-07-28,2020,7,28,210,18,1,36.94,2020-07-28 18:00:00+00:00,2020-07-28 19:00:00+00:00,55937.9475,5349.98,11371.8925,827.8425,54512.87,17549.714999999997,-0.4383067230125192,-0.898825465016444,-1.0,-1.8369701987210294e-16,0.7818314824680298,0.6234898018587336,0,weekday,4.775
2020-07-29,2020,7,29,211,18,2,35.61,2020-07-29 18:00:00+00:00,2020-07-29 19:00:00+00:00,55493.55,5192.605,10265.8475,880.1,53981.93,16338.5525,-0.4537030860313442,-0.8911529104063088,-1.0,-1.8369701987210294e-16,0.9749279121818236,-0.2225209339563143,0,weekday,5.15
2020-07-30,2020,7,30,212,18,3,56.8,2020-07-30 18:00:00+00:00,2020-07-30 19:00:00+00:00,54758.5325,1055.94,2415.1425,847.9225,43522.7,4319.005,-0.4689651910076318,-0.8832166493127127,-1.0,-1.8369701987210294e-16,0.4338837391175582,-0.900968867902419,0,weekday,5.19
2020-07-31,2020,7,31,213,18,4,49.12,2020-07-31 18:00:00+00:00,2020-07-31 19:00:00+00:00,52248.1525,2229.1675,2946.2275,800.22,44682.24,5975.615000000001,-0.4840885216389758,-0.8750190302029955,-1.0,-1.8369701987210294e-16,-0.433883739117558,-0.9009688679024191,0,weekday,6.0
2020-08-01,2020,8,1,214,18,5,38.37,2020-08-01 18:00:00+00:00,2020-08-01 19:00:00+00:00,45935.3725,1280.3575,4890.275,686.245,40891.31,6856.8775,-0.4990686026885319,-0.8665624788845385,-1.0,-1.8369701987210294e-16,-0.9749279121818236,-0.2225209339563146,0,weekend,6.025
2020-08-02,2020,8,2,215,18,6,34.14,2020-08-02 18:00:00+00:00,2020-08-02 19:00:00+00:00,44998.78,1887.565,5991.535,527.4275,41988.77,8406.5275,-0.5139010013093103,-0.8578494977869301,-1.0,-1.8369701987210294e-16,-0.7818314824680299,0.6234898018587334,0,weekend,6.1775
2020-08-03,2020,8,3,216,18,0,43.06,2020-08-03 18:00:00+00:00,2020-08-03 19:00:00+00:00,54385.1775,400.615,2704.59,512.3249999999999,43875.76,3617.53,-0.5285813283559292,-0.8488826652214553,-1.0,-1.8369701987210294e-16,0.0,1.0,0,weekday,6.33
2020-08-04,2020,8,4,217,18,1,41.2,2020-08-04 18:00:00+00:00,2020-08-04 19:00:00+00:00,54898.82,880.5925,1141.59,601.3175,45282.24,2623.5,-0.5431052396834317,-0.8396646346181327,-1.0,-1.8369701987210294e-16,0.7818314824680298,0.6234898018587336,0,weekday,7.185
2020-08-05,2020,8,5,218,18,2,43.4,2020-08-05 18:00:00+00:00,2020-08-05 19:00:00+00:00,53880.5275,1851.405,1725.2525,664.0075,46825.55,4240.665,-0.5574684374327892,-0.8301981337405212,-1.0,-1.8369701987210294e-16,0.9749279121818236,-0.2225209339563143,0,weekday,7.37
2020-08-06,2020,8,6,219,18,3,49.22,2020-08-06 18:00:00+00:00,2020-08-06 19:00:00+00:00,53692.76,463.6025,3179.135,617.4625,46959.6,4260.2,-0.5716666713027052,-0.8204859638785327,-1.0,-1.8369701987210294e-16,0.4338837391175582,-0.900968867902419,0,weekday,7.75
2020-08-07,2020,8,7,220,18,4,47.07,2020-08-07 18:00:00+00:00,2020-08-07 19:00:00+00:00,52270.915,1169.4225,3500.6625,573.9250000000001,46349.88,5244.01,-0.5856957398073508,-0.8105309990194823,-1.0,-1.8369701987210294e-16,-0.433883739117558,-0.9009688679024191,0,weekday,7.55
2020-08-08,2020,8,8,221,18,5,41.2,2020-08-08 18:00:00+00:00,2020-08-08 19:00:00+00:00,45991.825,763.83,3711.885,531.9399999999999,43253.35,5007.655,-0.5995514915196489,-0.8003361849976323,-1.0,-1.8369701987210294e-16,-0.9749279121818236,-0.2225209339563146,0,weekend,7.93
2020-08-09,2020,8,9,222,18,6,40.24,2020-08-09 18:00:00+00:00,2020-08-09 19:00:00+00:00,45554.3575,3281.485,5437.1275000000005,486.2975,45411.43,9204.910000000002,-0.6132298262997502,-0.7899045386224707,-1.0,-1.8369701987210294e-16,-0.7818314824680299,0.6234898018587334,0,weekend,8.105
2020-08-10,2020,8,10,223,18,0,47.29,2020-08-10 18:00:00+00:00,2020-08-10 19:00:00+00:00,55021.4275,4027.0175,6518.955,436.2475,52352.09,10982.22,-0.6267266965083301,-0.7792391467859886,-1.0,-1.8369701987210294e-16,0.0,1.0,0,weekday,8.28
2020-08-11,2020,8,11,224,18,1,41.31,2020-08-11 18:00:00+00:00,2020-08-11 19:00:00+00:00,55497.88,4843.0575,9926.6125,403.6875,55806.61,15173.357499999998,-0.6400381082043503,-0.7683431655492202,-1.0,-1.8369701987210294e-16,0.7818314824680298,0.6234898018587336,0,weekday,7.495
2020-08-12,2020,8,12,225,18,2,45.87,2020-08-12 18:00:00+00:00,2020-08-12 19:00:00+00:00,56796.2475,5022.9575,8394.8375,380.0425,55706.76,13797.8375,-0.65316012232693,-0.7572198192083127,-1.0,-1.8369701987210294e-16,0.9749279121818236,-0.2225209339563143,0,weekday,7.175
2020-08-13,2020,8,13,226,18,3,48.91,2020-08-13 18:00:00+00:00,2020-08-13 19:00:00+00:00,57156.105,3269.1675,5313.4125,295.05,51772.11,8877.63,-0.666088855860977,-0.7458723993404063,-1.0,-1.8369701987210294e-16,0.4338837391175582,-0.900968867902419,0,weekday,7.4
2020-08-14,2020,8,14,227,18,4,43.0,2020-08-14 18:00:00+00:00,2020-08-14 19:00:00+00:00,54771.465,1892.8725,2147.1525,252.82,44217.16,4292.845,-0.6788204829862355,-0.734304263829602,-1.0,-1.8369701987210294e-16,-0.433883739117558,-0.9009688679024191,0,weekday,7.45
2020-08-15,2020,8,15,228,18,5,39.59,2020-08-15 18:00:00+00:00,2020-08-15 19:00:00+00:00,47286.2425,1582.27,2531.63,294.145,43104.39,4408.045,-0.6913512362094071,-0.722518835873311,-1.0,-1.8369701987210294e-16,-0.9749279121818236,-0.2225209339563146,0,weekend,8.02
2020-08-16,2020,8,16,229,18,6,39.77,2020-08-16 18:00:00+00:00,2020-08-16 19:00:00+00:00,45300.61,1637.5525,5858.1075,280.06,43365.21,7775.72,-0.7036774074790128,-0.7105196029692745,-1.0,-1.8369701987210294e-16,-0.7818314824680299,0.6234898018587334,0,weekend,8.14
2020-08-17,2020,8,17,230,18,0,55.52,2020-08-17 18:00:00+00:00,2020-08-17 19:00:00+00:00,54454.9275,605.775,3872.2175,197.045,47549.93,4675.0375,-0.7157953492826642,-0.6983101158835584,-1.0,-1.8369701987210294e-16,0.0,1.0,0,weekday,8.26
2020-08-18,2020,8,18,231,18,1,55.66,2020-08-18 18:00:00+00:00,2020-08-18 19:00:00+00:00,55369.855,541.7525,2268.3925,206.405,47650.2,3016.55,-0.7277014757264236,-0.6858939875998223,-1.0,-1.8369701987210294e-16,0.7818314824680298,0.6234898018587336,0,weekday,8.225
2020-08-19,2020,8,19,232,18,2,47.16,2020-08-19 18:00:00+00:00,2020-08-19 19:00:00+00:00,56651.255000000005,1354.1775,1941.7425,200.3925,47041.87,3496.3125,-0.7393922635959241,-0.673274892250183,-1.0,-1.8369701987210294e-16,0.9749279121818236,-0.2225209339563143,0,weekday,8.815
2020-08-20,2020,8,20,233,18,3,56.51,2020-08-20 18:00:00+00:00,2020-08-20 19:00:00+00:00,56591.42,1067.0175,4496.3575,167.39249999999998,47897.43,5730.7675,-0.7508642533989489,-0.6604565640279754,-1.0,-1.8369701987210294e-16,0.4338837391175582,-0.900968867902419,0,weekday,8.325
2020-08-21,2020,8,21,234,18,4,41.6,2020-08-21 18:00:00+00:00,2020-08-21 19:00:00+00:00,55403.71,4724.26,6705.965,152.6,49706.56,11582.825,-0.7621140503891487,-0.6474427960827475,-1.0,-1.8369701987210294e-16,-0.433883739117558,-0.9009688679024191,0,weekday,7.975
2020-08-22,2020,8,22,235,18,5,34.43,2020-08-22 18:00:00+00:00,2020-08-22 19:00:00+00:00,47729.285,4820.08,12375.84,142.4125,48806.25,17338.332499999997,-0.7731383255706026,-0.6342374393978054,-1.0,-1.8369701987210294e-16,-0.9749279121818236,-0.2225209339563146,0,weekend,7.62
2020-08-23,2020,8,23,236,18,6,37.32,2020-08-23 18:00:00+00:00,2020-08-23 19:00:00+00:00,46848.3875,3524.8225,11268.15,111.7825,47417.47,14904.755,-0.7839338166829201,-0.620844401650647,-1.0,-1.8369701987210294e-16,-0.7818314824680299,0.6234898018587334,0,weekend,7.8725000000000005
2020-08-24,2020,8,24,237,18,0,70.16,2020-08-24 18:00:00+00:00,2020-08-24 19:00:00+00:00,57297.21,310.755,5077.8275,83.65,49957.52,5472.2325,-0.7944973291665992,-0.6072676460566135,-1.0,-1.8369701987210294e-16,0.0,1.0,0,weekday,8.125
2020-08-25,2020,8,25,238,18,1,38.03,2020-08-25 18:00:00+00:00,2020-08-25 19:00:00+00:00,56712.92,5327.764999999999,15803.9725,57.655,61914.49,21189.3925,-0.8048257371083452,-0.593511190196115,-1.0,-1.8369701987210294e-16,0.7818314824680298,0.6234898018587336,0,weekday,8.36
2020-08-26,2020,8,26,239,18,2,32.32,2020-08-26 18:00:00+00:00,2020-08-26 19:00:00+00:00,57977.0975,5130.1375,33308.880000000005,42.0025,65620.93,38481.02,-0.8149159841660791,-0.5795791048257612,-1.0,-1.8369701987210294e-16,0.9749279121818236,-0.2225209339563143,0,weekday,9.34
2020-08-27,2020,8,27,240,18,3,90.0,2020-08-27 18:00:00+00:00,2020-08-27 19:00:00+00:00,56772.705,355.8875,2060.6825,53.9275,47063.58,2470.4974999999995,-0.8247650844733614,-0.5654755126737576,-1.0,-1.8369701987210294e-16,0.4338837391175582,-0.900968867902419,0,weekday,9.25
2020-08-28,2020,8,28,241,18,4,50.35,2020-08-28 18:00:00+00:00,2020-08-28 19:00:00+00:00,56855.065,1876.415,7149.075,35.4925,47823.16,9060.9825,-0.8343701235229538,-0.5512045872199277,-1.0,-1.8369701987210294e-16,-0.433883739117558,-0.9009688679024191,0,weekday,11.125
2020-08-29,2020,8,29,242,18,5,46.91,2020-08-29 18:00:00+00:00,2020-08-29 19:00:00+00:00,47359.3475,359.11,4273.7125,36.6925,42033.24,4669.514999999999,-0.8437282590292712,-0.5367705514607103,-1.0,-1.8369701987210294e-16,-0.9749279121818236,-0.2225209339563146,0,weekend,11.17
2020-08-30,2020,8,30,243,18,6,42.7,2020-08-30 18:00:00+00:00,2020-08-30 19:00:00+00:00,46653.1975,3080.605,6392.305,17.384999999999998,45130.96,9490.295,-0.8528367217694595,-0.522177676659508,-1.0,-1.8369701987210294e-16,-0.7818314824680299,0.6234898018587334,0,weekend,11.205
2020-08-31,2020,8,31,244,18,0,72.66,2020-08-31 18:00:00+00:00,2020-08-31 19:00:00+00:00,56673.8475,347.02,2711.73,20.9525,49676.72,3079.7025,-0.8616928164028522,-0.5074302810827518,-1.0,-1.8369701987210294e-16,0.0,1.0,0,weekday,11.24
2020-09-01,2020,9,1,245,18,1,65.93,2020-09-01 18:00:00+00:00,2020-09-01 19:00:00+00:00,56683.55,827.6575,3760.0275,22.4075,51337.37,4610.092500000001,-0.8702939222685674,-0.4925327287220543,-1.0,-1.8369701987210294e-16,0.7818314824680298,0.6234898018587336,0,weekday,11.2
2020-09-02,2020,9,2,246,18,2,66.05,2020-09-02 18:00:00+00:00,2020-09-02 19:00:00+00:00,56880.985,697.61,2625.9975,4.2075,50691.41,3327.815,-0.8786374941610001,-0.4774894280028391,-1.0,-1.8369701987210294e-16,0.9749279121818236,-0.2225209339563143,0,weekday,11.4
2020-09-03,2020,9,3,247,18,3,46.41,2020-09-03 18:00:00+00:00,2020-09-03 19:00:00+00:00,57303.985,3206.9475,15554.97,1.005,58628.34,18762.9225,-0.886721063082993,-0.4623048304798108,-1.0,-1.8369701987210294e-16,0.4338837391175582,-0.900968867902419,0,weekday,11.515
2020-09-04,2020,9,4,248,18,4,51.61,2020-09-04 18:00:00+00:00,2020-09-04 19:00:00+00:00,55100.1875,3408.8925,5423.2325,0.7275,50081.61,8832.8525,-0.8945422369764496,-0.4469834295196741,-1.0,-1.8369701987210294e-16,-0.433883739117558,-0.9009688679024191,0,weekday,12.105
2020-09-05,2020,9,5,249,18,5,46.84,2020-09-05 18:00:00+00:00,2020-09-05 19:00:00+00:00,48253.0175,4034.62,7435.145,0.655,45095.08,11470.42,-0.9020987014301836,-0.4315297589714714,-1.0,-1.8369701987210294e-16,-0.9749279121818236,-0.2225209339563146,0,weekend,11.68
2020-09-06,2020,9,6,250,18,6,49.44,2020-09-06 18:00:00+00:00,2020-09-06 19:00:00+00:00,46958.8625,1438.935,3506.955,0.26,41473.91,4946.15,-0.9093882203647924,-0.4159483918249421,-1.0,-1.8369701987210294e-16,-0.7818314824680299,0.6234898018587334,0,weekend,11.586666666666666
2020-09-07,2020,9,7,251,18,0,59.03,2020-09-07 18:00:00+00:00,2020-09-07 19:00:00+00:00,56577.2925,4542.6425,3780.835,0.0,50003.96,8323.4775,-0.9164086366943458,-0.4002439388573056,-1.0,-1.8369701987210294e-16,0.0,1.0,0,weekday,11.493333333333334
2020-09-08,2020,9,8,252,18,1,66.29,2020-09-08 18:00:00+00:00,2020-09-08 19:00:00+00:00,57318.95,2893.3825,6984.47,0.0,52495.77,9877.8525,-0.923157872964704,-0.3844210472688554,-1.0,-1.8369701987210294e-16,0.7818314824680298,0.6234898018587336,0,weekday,11.4
2020-09-09,2020,9,9,253,18,2,47.98,2020-09-09 18:00:00+00:00,2020-09-09 19:00:00+00:00,57322.655,4981.365,12930.315,0.0,58877.45,17911.68,-0.9296339319682696,-0.3684843993077793,-1.0,-1.8369701987210294e-16,0.9749279121818236,-0.2225209339563143,0,weekday,10.6
2020-09-10,2020,9,10,254,18,3,75.23,2020-09-10 18:00:00+00:00,2020-09-10 19:00:00+00:00,56959.635,530.6975,1272.9325,0.0,50301.79,1803.63,-0.935834897334994,-0.3524387108846032,-1.0,-1.8369701987210294e-16,0.4338837391175582,-0.900968867902419,0,weekday,10.85
2020-09-11,2020,9,11,255,18,4,62.6,2020-09-11 18:00:00+00:00,2020-09-11 19:00:00+00:00,55428.2725,3704.26,1495.985,0.0,50135.68,5200.245,-0.9417589340994617,-0.3362887301766828,-1.0,-1.8369701987210294e-16,-0.433883739117558,-0.9009688679024191,0,weekday,10.4
2020-09-12,2020,9,12,256,18,5,49.98,2020-09-12 18:00:00+00:00,2020-09-12 19:00:00+00:00,48095.9175,3792.77,8302.51,0.0,47170.77,12095.28,-0.9474042892438844,-0.3200392362231385,-1.0,-1.8369701987210294e-16,-0.9749279121818236,-0.2225209339563146,0,weekend,10.495
2020-09-13,2020,9,13,257,18,6,50.92,2020-09-13 18:00:00+00:00,2020-09-13 19:00:00+00:00,47375.4425,3891.98,5495.0975,0.0,44158.89,9387.0775,-0.9527692922168512,-0.3036950375106588,-1.0,-1.8369701987210294e-16,-0.7818314824680299,0.6234898018587334,0,weekend,10.61
2020-09-14,2020,9,14,258,18,0,96.43,2020-09-14 18:00:00+00:00,2020-09-14 19:00:00+00:00,56939.7075,120.52,4207.305,0.0,50223.81,4327.825000000001,-0.9578523554276668,-0.2872609705505963,-1.0,-1.8369701987210294e-16,0.0,1.0,0,weekday,10.725
2020-09-15,2020,9,15,259,18,1,148.18,2020-09-15 18:00:00+00:00,2020-09-15 19:00:00+00:00,57645.955,152.72,1532.5875,0.0,49763.39,1685.3075,-0.9626519747161488,-0.2707418984477642,-1.0,-1.8369701987210294e-16,0.7818314824680298,0.6234898018587336,0,weekday,10.85
2020-09-16,2020,9,16,260,18,2,57.44,2020-09-16 18:00:00+00:00,2020-09-16 19:00:00+00:00,58650.6275,4840.685,12306.925,0.0,60848.13,17147.61,-0.9671667297977312,-0.2541427094613622,-1.0,-1.8369701987210294e-16,0.9749279121818236,-0.2225209339563143,0,weekday,11.2
2020-09-17,2020,9,17,261,18,3,65.44,2020-09-17 18:00:00+00:00,2020-09-17 19:00:00+00:00,58454.57,1248.0325,11891.145,0.0,58158.04,13139.1775,-0.97139528468375,-0.2374683155584684,-1.0,-1.8369701987210294e-16,0.4338837391175582,-0.900968867902419,0,weekday,11.515
2020-09-18,2020,9,18,262,18,4,52.05,2020-09-18 18:00:00+00:00,2020-09-18 19:00:00+00:00,57955.925,1556.375,10964.7425,0.0,52678.05,12521.1175,-0.9753363880767836,-0.2207236509605022,-1.0,-1.8369701987210294e-16,-0.433883739117558,-0.9009688679024191,0,weekday,11.105
2020-09-19,2020,9,19,263,18,5,51.05,2020-09-19 18:00:00+00:00,2020-09-19 19:00:00+00:00,49136.1125,1882.02,11510.1375,0.0,49863.6,13392.1575,-0.978988873740932,-0.2039136706831147,-1.0,-1.8369701987210294e-16,-0.9749279121818236,-0.2225209339563146,0,weekend,11.475
2020-09-20,2020,9,20,264,18,6,51.91,2020-09-20 18:00:00+00:00,2020-09-20 19:00:00+00:00,47886.975,931.38,9059.1575,0.0,46001.55,9990.5375,-0.9823516608469236,-0.1870433490699165,-1.0,-1.8369701987210294e-16,-0.7818314824680299,0.6234898018587334,0,weekend,11.4875
2020-09-21,2020,9,21,265,18,0,98.13,2020-09-21 18:00:00+00:00,2020-09-21 19:00:00+00:00,58060.3075,52.825,2070.385,0.0,47616.76,2123.21,-0.9854237542919524,-0.1701176783204905,-1.0,-1.8369701987210294e-16,0.0,1.0,0,weekday,11.5
2020-09-22,2020,9,22,266,18,1,70.0,2020-09-22 18:00:00+00:00,2020-09-22 19:00:00+00:00,58426.7025,466.9075,1440.105,0.0,47603.47,1907.0125,-0.9882042449941422,-0.15314166701312,-1.0,-1.8369701987210294e-16,0.7818314824680298,0.6234898018587336,0,weekday,11.33
2020-09-23,2020,9,23,267,18,2,53.01,2020-09-23 18:00:00+00:00,2020-09-23 19:00:00+00:00,59959.8125,3874.99,6979.7075,0.0,55682.19,10854.6975,-0.9906923101615608,-0.136120338622667,-1.0,-1.8369701987210294e-16,0.9749279121818236,-0.2225209339563143,0,weekday,11.77
2020-09-24,2020,9,24,268,18,3,54.94,2020-09-24 18:00:00+00:00,2020-09-24 19:00:00+00:00,60475.0625,4273.635,9213.035,0.0,54096.34,13486.67,-0.9928872135356962,-0.1190587300340498,-1.0,-1.8369701987210294e-16,0.4338837391175582,-0.900968867902419,0,weekday,11.95
2020-09-25,2020,9,25,269,18,4,51.21,2020-09-25 18:00:00+00:00,2020-09-25 19:00:00+00:00,58555.7625,1282.215,7333.17,0.0,49657.68,8615.385,-0.994788305609327,-0.1019618900517457,-1.0,-1.8369701987210294e-16,-0.433883739117558,-0.9009688679024191,0,weekday,11.5
2020-09-26,2020,9,26,270,18,5,41.25,2020-09-26 18:00:00+00:00,2020-09-26 19:00:00+00:00,50755.9825,5898.615,15479.8125,0.0,47085.41,21378.4275,-0.9963950238187232,-0.0848348779057653,-1.0,-1.8369701987210294e-16,-0.9749279121818236,-0.2225209339563146,0,weekend,11.665
2020-09-27,2020,9,27,271,18,6,50.0,2020-09-27 18:00:00+00:00,2020-09-27 19:00:00+00:00,50187.575,2140.145,4685.014999999999,0.0,41561.12,6825.16,-0.9977068927101168,-0.0676827617545516,-1.0,-1.8369701987210294e-16,-0.7818314824680299,0.6234898018587334,0,weekend,11.8625
2020-09-28,2020,9,28,272,18,0,58.0,2020-09-28 18:00:00+00:00,2020-09-28 19:00:00+00:00,60005.4075,838.9375,4683.555,0.0,50409.38,5522.4925,-0.9987235240803972,-0.0505106171852228,-1.0,-1.8369701987210294e-16,0.0,1.0,0,weekday,12.06
2020-09-29,2020,9,29,273,18,1,73.14,2020-09-29 18:00:00+00:00,2020-09-29 19:00:00+00:00,60055.685,571.975,2553.905,0.0,51101.8,3125.88,-0.9994446170919858,-0.0333235257116313,-1.0,-1.8369701987210294e-16,0.7818314824680298,0.6234898018587336,0,weekday,12.4
2020-09-30,2020,9,30,274,18,2,55.34,2020-09-30 18:00:00+00:00,2020-09-30 19:00:00+00:00,61069.8975,3128.6175,4869.452499999999,0.0,55004.51,7998.07,-0.9998699583618592,-0.0161265732706577,-1.0,-1.8369701987210294e-16,0.9749279121818236,-0.2225209339563143,0,weekday,13.31
2020-10-01,2020,10,1,275,18,3,49.82,2020-10-01 18:00:00+00:00,2020-10-01 19:00:00+00:00,61630.2925,4831.8,11225.8175,0.0,58372.99,16057.6175,-0.9999994220246924,0.0010751512827982,-1.0,-1.8369701987210294e-16,0.4338837391175582,-0.900968867902419,0,weekday,13.35
2020-10-02,2020,10,2,276,18,4,29.03,2020-10-02 18:00:00+00:00,2020-10-02 19:00:00+00:00,59653.0775,5792.077499999999,27139.7875,0.0,60651.36,32931.865,-0.999832969770105,0.0182765576816912,-1.0,-1.8369701987210294e-16,-0.433883739117558,-0.9009688679024191,0,weekday,12.875
2020-10-03,2020,10,3,277,18,5,39.72,2020-10-03 18:00:00+00:00,2020-10-03 19:00:00+00:00,48517.995,4193.202499999999,14534.5875,0.0,47457.8,18727.79,-0.9993706508539968,0.0354725557531255,-1.0,-1.8369701987210294e-16,-0.9749279121818236,-0.2225209339563146,1,holiday,13.025
2020-10-04,2020,10,4,278,18,6,41.23,2020-10-04 18:00:00+00:00,2020-10-04 19:00:00+00:00,50264.3975,5367.7875,17063.445,0.0,49773.34,22431.2325,-0.9986126020839734,0.052658056924614,-1.0,-1.8369701987210294e-16,-0.7818314824680299,0.6234898018587334,0,weekend,13.205
2020-10-05,2020,10,5,279,18,0,42.54,2020-10-05 18:00:00+00:00,2020-10-05 19:00:00+00:00,61020.2,4859.775,16617.155,0.0,60422.91,21476.93,-0.9975590477788612,0.0698279757298708,-1.0,-1.8369701987210294e-16,0.0,1.0,0,weekday,13.385
2020-10-06,2020,10,6,280,18,1,43.27,2020-10-06 18:00:00+00:00,2020-10-06 19:00:00+00:00,62476.66,2152.6375,22303.7925,0.0,59622.02,24456.43,-0.9962102997023295,0.0869772313136861,-1.0,-1.8369701987210294e-16,0.7818314824680298,0.6234898018587336,0,weekday,13.225
2020-10-07,2020,10,7,281,18,2,43.05,2020-10-07 18:00:00+00:00,2020-10-07 19:00:00+00:00,63563.09,4759.0725,17729.55,0.0,60724.67,22488.6225,-0.9945667569706336,0.1041007489354256,-1.0,-1.8369701987210294e-16,0.9749279121818236,-0.2225209339563143,0,weekday,13.425
2020-10-08,2020,10,8,282,18,3,25.77,2020-10-08 18:00:00+00:00,2020-10-08 19:00:00+00:00,62693.5125,5674.2175,32688.47,0.0,66675.97,38362.6875,-0.9926289059345096,0.121193461470736,-1.0,-1.8369701987210294e-16,0.4338837391175582,-0.900968867902419,0,weekday,13.75
2020-10-09,2020,10,9,283,18,4,45.37,2020-10-09 18:00:00+00:00,2020-10-09 19:00:00+00:00,60601.3975,4018.25,7841.02,0.0,57191.13,11859.27,-0.9903973200352558,0.1382503109109819,-1.0,-1.8369701987210294e-16,-0.433883739117558,-0.9009688679024191,0,weekday,13.73
2020-10-10,2020,10,10,284,18,5,32.78,2020-10-10 18:00:00+00:00,2020-10-10 19:00:00+00:00,53927.4625,4688.785,13371.67,0.0,49614.49,18060.455,-0.9878726596350428,0.1552662498599956,-1.0,-1.8369701987210294e-16,-0.9749279121818236,-0.2225209339563146,0,weekend,13.755
2020-10-11,2020,10,11,285,18,6,44.91,2020-10-11 18:00:00+00:00,2020-10-11 19:00:00+00:00,51371.575,2928.0325000000003,6307.2875,0.0,46333.87,9235.32,-0.9850556718215012,0.172236243027682,-1.0,-1.8369701987210294e-16,-0.7818314824680299,0.6234898018587334,0,weekend,13.682500000000001
2020-10-12,2020,10,12,286,18,0,56.46,2020-10-12 18:00:00+00:00,2020-10-12 19:00:00+00:00,62499.185,501.0125,1505.3,0.0,54138.98,2006.3125,-0.981947190186646,0.1891552687200409,-1.0,-1.8369701987210294e-16,0.0,1.0,0,weekday,13.61
2020-10-13,2020,10,13,287,18,1,45.14,2020-10-13 18:00:00+00:00,2020-10-13 19:00:00+00:00,63731.44,2253.945,8798.085,0.0,59406.19,11052.03,-0.9785481345802032,0.2060183203251708,-1.0,-1.8369701987210294e-16,0.7818314824680298,0.6234898018587336,0,weekday,13.69
2020-10-14,2020,10,14,288,18,2,35.73,2020-10-14 18:00:00+00:00,2020-10-14 19:00:00+00:00,63505.2225,5855.6900000000005,21701.185,0.0,64361.02,27556.875,-0.9748595108374124,0.2228204077947995,-1.0,-1.8369701987210294e-16,0.9749279121818236,-0.2225209339563143,0,weekday,13.74
2020-10-15,2020,10,15,289,18,3,44.68,2020-10-15 18:00:00+00:00,2020-10-15 19:00:00+00:00,64670.3875,2502.85,12492.21,0.0,60675.45,14995.06,-0.9708824104813836,0.239556559120927,-1.0,-1.8369701987210294e-16,0.4338837391175582,-0.900968867902419,0,weekday,14.175
2020-10-16,2020,10,16,290,18,4,49.57,2020-10-16 18:00:00+00:00,2020-10-16 19:00:00+00:00,62440.535,1063.205,4657.2875,0.0,55067.26,5720.4925,-0.9666180104000972,0.2562218218071163,-1.0,-1.8369701987210294e-16,-0.433883739117558,-0.9009688679024191,0,weekday,14.525
2020-10-17,2020,10,17,291,18,5,48.12,2020-10-17 18:00:00+00:00,2020-10-17 19:00:00+00:00,53844.14,855.2325,2871.4375,0.0,47597.36,3726.67,-0.9620675724981452,0.2728112643340191,-1.0,-1.8369701987210294e-16,-0.9749279121818236,-0.2225209339563146,0,weekend,14.5
2020-10-18,2020,10,18,292,18,6,45.22,2020-10-18 18:00:00+00:00,2020-10-18 19:00:00+00:00,53085.81,2204.255,8007.27,0.0,47459.36,10211.525,-0.957232443323312,0.2893199776186952,-1.0,-1.8369701987210294e-16,-0.7818314824680299,0.6234898018587334,0,weekend,14.575
2020-10-19,2020,10,19,293,18,0,41.7,2020-10-19 18:00:00+00:00,2020-10-19 19:00:00+00:00,62130.51,3471.12,7389.75,0.0,58035.62,10860.87,-0.9521140536681102,0.3057430764672831,-1.0,-1.8369701987210294e-16,0.0,1.0,0,weekday,14.65
2020-10-20,2020,10,20,294,18,1,38.06,2020-10-20 18:00:00+00:00,2020-10-20 19:00:00+00:00,61758.965,5156.5875,17668.252500000002,0.0,62669.62,22824.840000000004,-0.9467139181463862,0.3220757010206104,-1.0,-1.8369701987210294e-16,0.7818314824680298,0.6234898018587336,0,weekday,14.56
2020-10-21,2020,10,21,295,18,2,29.49,2020-10-21 18:00:00+00:00,2020-10-21 19:00:00+00:00,61573.755000000005,5420.645,32152.565,0.0,66614.36,37573.21,-0.9410336347451196,0.3383130181923076,-1.0,-1.8369701987210294e-16,0.9749279121818236,-0.2225209339563143,0,weekday,14.81
2020-10-22,2020,10,22,296,18,3,44.14,2020-10-22 18:00:00+00:00,2020-10-22 19:00:00+00:00,64173.71,5350.3225,18841.475,0.0,62085.38,24191.7975,-0.9350748843515574,0.3544502230989869,-1.0,-1.8369701987210294e-16,0.4338837391175582,-0.900968867902419,0,weekday,14.825
2020-10-23,2020,10,23,297,18,4,43.6,2020-10-23 18:00:00+00:00,2020-10-23 19:00:00+00:00,62130.7575,3661.365,8421.960000000001,0.0,57689.2,12083.325,-0.9288394302558068,0.3704825404820963,-1.0,-1.8369701987210294e-16,-0.433883739117558,-0.9009688679024191,0,weekday,15.245
2020-10-24,2020,10,24,298,18,5,37.0,2020-10-24 18:00:00+00:00,2020-10-24 19:00:00+00:00,53983.105,5173.1275,19899.4875,0.0,54317.73,25072.615,-0.9223291176290545,0.3864052261209853,-1.0,-1.8369701987210294e-16,-0.9749279121818236,-0.2225209339563146,0,weekend,15.41
2020-10-25,2020,10,25,299,18,6,35.18,2020-10-25 18:00:00+00:00,2020-10-25 19:00:00+00:00,54747.3875,4442.9,14506.495,0.0,48402.67,18949.395,-0.9155458729775467,0.4022135682368036,-1.0,-1.8369701987210294e-16,-0.7818314824680299,0.6234898018587334,0,weekend,15.280000000000001
2020-10-26,2020,10,26,300,18,0,49.5,2020-10-26 18:00:00+00:00,2020-10-26 19:00:00+00:00,67546.13,4817.6375,12503.1475,0.0,60405.26,17320.785,-0.9084917035725082,0.4179028888867866,-1.0,-1.8369701987210294e-16,0.0,1.0,0,weekday,15.15
2020-10-27,2020,10,27,301,18,1,40.57,2020-10-27 18:00:00+00:00,2020-10-27 19:00:00+00:00,68726.9025,5724.475,21927.6825,0.0,65258.51,27652.1575,-0.9011686968561567,0.4334685453485363,-1.0,-1.8369701987210294e-16,0.7818314824680298,0.6234898018587336,0,weekday,14.7
2020-10-28,2020,10,28,302,18,2,37.71,2020-10-28 18:00:00+00:00,2020-10-28 19:00:00+00:00,68107.395,5320.645,23800.335,0.0,65710.1,29120.98,-0.8935790198239952,0.4489059314938798,-1.0,-1.8369701987210294e-16,0.9749279121818236,-0.2225209339563143,0,weekday,14.525
2020-10-29,2020,10,29,303,18,3,44.11,2020-10-29 18:00:00+00:00,2020-10-29 19:00:00+00:00,68802.2475,4193.985,17417.34,0.0,61224.64,21611.325,-0.8857249183835637,0.4642104791518923,-1.0,-1.8369701987210294e-16,0.4338837391175582,-0.900968867902419,0,weekday,14.4
2020-10-30,2020,10,30,304,18,4,42.95,2020-10-30 18:00:00+00:00,2020-10-30 19:00:00+00:00,66718.8125,2913.105,19832.19,0.0,59748.92,22745.295,-0.8776087166898392,0.4793776594606945,-1.0,-1.8369701987210294e-16,-0.433883739117558,-0.9009688679024191,0,weekday,14.335
2020-10-31,2020,10,31,305,18,5,30.8,2020-10-31 18:00:00+00:00,2020-10-31 19:00:00+00:00,54847.79,5369.7,18123.7175,0.0,54117.25,23493.4175,-0.8692328164574792,0.4944029842076181,-1.0,-1.8369701987210294e-16,-0.9749279121818236,-0.2225209339563146,0,weekend,14.06
2020-11-01,2020,11,1,306,18,6,25.94,2020-11-01 18:00:00+00:00,2020-11-01 19:00:00+00:00,55194.41,5465.305,27644.9975,0.0,56702.56,33110.302500000005,-0.8605996962501181,0.5092820071573356,-1.0,-1.8369701987210294e-16,-0.7818314824680299,0.6234898018587334,0,weekend,13.787500000000001
2020-11-02,2020,11,2,307,18,0,37.81,2020-11-02 18:00:00+00:00,2020-11-02 19:00:00+00:00,67566.4,5503.842500000001,28188.735,0.0,64085.91,33692.5775,-0.8517119107469189,0.5240103253675756,-1.0,-1.8369701987210294e-16,0.0,1.0,0,weekday,13.515
2020-11-03,2020,11,3,308,18,1,43.54,2020-11-03 18:00:00+00:00,2020-11-03 19:00:00+00:00,67419.0025,4230.285,14487.775,0.0,61703.03,18718.06,-0.8425720899866032,0.5385835804920232,-1.0,-1.8369701987210294e-16,0.7818314824680298,0.6234898018587336,0,weekday,13.73
2020-11-04,2020,11,4,309,18,2,50.6,2020-11-04 18:00:00+00:00,2020-11-04 19:00:00+00:00,68069.8625,3593.2225,9766.0625,0.0,59928.7,13359.285,-0.8331829385891785,0.5529974600700271,-1.0,-1.8369701987210294e-16,0.9749279121818236,-0.2225209339563143,0,weekday,13.725
2020-11-05,2020,11,5,310,18,3,49.07,2020-11-05 18:00:00+00:00,2020-11-05 19:00:00+00:00,67047.5075,3290.0125,10147.315,0.0,58618.44,13437.3275,-0.8235472349556007,0.5672476988027229,-1.0,-1.8369701987210294e-16,0.4338837391175582,-0.900968867902419,0,weekday,14.3
2020-11-06,2020,11,6,311,18,4,47.79,2020-11-06 18:00:00+00:00,2020-11-06 19:00:00+00:00,64327.2575,453.76,5870.505,0.0,53191.13,6324.265,-0.8136678304455991,0.5813300798152042,-1.0,-1.8369701987210294e-16,-0.433883739117558,-0.9009688679024191,0,weekday,14.115
2020-11-07,2020,11,7,312,18,5,46.6,2020-11-07 18:00:00+00:00,2020-11-07 19:00:00+00:00,57603.5575,154.4275,3462.005,0.0,43016.39,3616.4325,-0.8035476485339116,0.5952404359043674,-1.0,-1.8369701987210294e-16,-0.9749279121818236,-0.2225209339563146,0,weekend,13.9
2020-11-08,2020,11,8,313,18,6,46.0,2020-11-08 18:00:00+00:00,2020-11-08 19:00:00+00:00,55390.86,1684.33,4691.6425,0.0,43202.06,6375.9725,-0.7931896839451843,0.6089746507720486,-1.0,-1.8369701987210294e-16,-0.7818314824680299,0.6234898018587334,0,weekend,13.8375
2020-11-09,2020,11,9,314,18,0,55.96,2020-11-09 18:00:00+00:00,2020-11-09 19:00:00+00:00,67271.36499999999,1106.0925,4587.59,0.0,59254.0,5693.6825,-0.7825970017677834,0.6225286602431057,-1.0,-1.8369701987210294e-16,0.0,1.0,0,weekday,13.775
2020-11-10,2020,11,10,315,18,1,57.85,2020-11-10 18:00:00+00:00,2020-11-10 19:00:00+00:00,68093.45,511.6125,2739.5175,0.0,57423.13,3251.13,-0.7717727365467836,0.6358984534680745,-1.0,-1.8369701987210294e-16,0.7818314824680298,0.6234898018587336,0,weekday,13.8
2020-11-11,2020,11,11,316,18,2,49.0,2020-11-11 18:00:00+00:00,2020-11-11 19:00:00+00:00,67115.07500000001,2340.0025,2820.0,0.0,57052.83,5160.0025000000005,-0.7607200913564104,0.6490800741100398,-1.0,-1.8369701987210294e-16,0.9749279121818236,-0.2225209339563143,0,weekday,14.05
2020-11-12,2020,11,12,317,18,3,50.98,2020-11-12 18:00:00+00:00,2020-11-12 19:00:00+00:00,67418.57,3584.2675,13888.2375,0.0,62534.7,17472.504999999997,-0.7494423368521954,0.6620696215153815,-1.0,-1.8369701987210294e-16,0.4338837391175582,-0.900968867902419,0,weekday,14.05
2020-11-13,2020,11,13,318,18,4,47.75,2020-11-13 18:00:00+00:00,2020-11-13 19:00:00+00:00,65061.630000000005,4066.8075,14081.9025,0.0,62765.27,18148.71,-0.7379428103031386,0.6748632518680403,-1.0,-1.8369701987210294e-16,-0.433883739117558,-0.9009688679024191,0,weekday,14.2
2020-11-14,2020,11,14,319,18,5,39.63,2020-11-14 18:00:00+00:00,2020-11-14 19:00:00+00:00,57603.945,5428.5325,15894.41,0.0,53178.35,21322.9425,-0.7262249146041543,0.6874571793269664,-1.0,-1.8369701987210294e-16,-0.9749279121818236,-0.2225209339563146,0,weekend,14.24
2020-11-15,2020,11,15,320,18,6,4.96,2020-11-15 18:00:00+00:00,2020-11-15 19:00:00+00:00,55448.48,6440.66,32027.7675,0.0,59937.41,38468.427500000005,-0.7142921172691032,0.699847677146407,-1.0,-1.8369701987210294e-16,-0.7818314824680299,0.6234898018587334,0,weekend,14.3325
2020-11-16,2020,11,16,321,18,0,47.63,2020-11-16 18:00:00+00:00,2020-11-16 19:00:00+00:00,67895.375,6143.1025,20727.7725,0.0,61034.54,26870.875,-0.7021479494046978,0.7120310787787131,-1.0,-1.8369701987210294e-16,0.0,1.0,0,weekday,14.425
2020-11-17,2020,11,17,322,18,1,47.51,2020-11-17 18:00:00+00:00,2020-11-17 19:00:00+00:00,67722.8875,6473.264999999999,18797.5925,0.0,64736.12,25270.8575,-0.6897960046655887,0.7240037789593305,-1.0,-1.8369701987210294e-16,0.7818314824680298,0.6234898018587336,0,weekday,14.35
2020-11-18,2020,11,18,323,18,2,40.46,2020-11-18 18:00:00+00:00,2020-11-18 19:00:00+00:00,68202.595,6359.685,25381.6325,0.0,65812.15,31741.3175,-0.6772399381909491,0.7357622347736527,-1.0,-1.8369701987210294e-16,0.9749279121818236,-0.2225209339563143,0,weekday,13.85
2020-11-19,2020,11,19,324,18,3,42.91,2020-11-19 18:00:00+00:00,2020-11-19 19:00:00+00:00,69091.3125,6110.235000000001,28133.1075,0.0,66470.98,34243.3425,-0.6644834655228552,0.7473029667054296,-1.0,-1.8369701987210294e-16,0.4338837391175582,-0.900968867902419,0,weekday,13.475
2020-11-20,2020,11,20,325,18,4,49.0,2020-11-20 18:00:00+00:00,2020-11-20 19:00:00+00:00,66672.41,4463.37,8955.9025,0.0,56580.18,13419.2725,-0.6515303615068021,0.75862255966641,-1.0,-1.8369701987210294e-16,-0.433883739117558,-0.9009688679024191,0,weekday,12.7
2020-11-21,2020,11,21,326,18,5,35.66,2020-11-21 18:00:00+00:00,2020-11-21 19:00:00+00:00,58931.62,6019.9575,25847.3275,0.0,59603.91,31867.285,-0.6383844591746642,0.7697176640069211,-1.0,-1.8369701987210294e-16,-0.9749279121818236,-0.2225209339563146,0,weekend,12.895
2020-11-22,2020,11,22,327,18,6,48.12,2020-11-22 18:00:00+00:00,2020-11-22 19:00:00+00:00,56813.9275,5414.905,13859.1525,0.0,53626.84,19274.0575,-0.6250496486104377,0.7805849965070866,-1.0,-1.8369701987210294e-16,-0.7818314824680299,0.6234898018587334,0,weekend,13.0975
2020-11-23,2020,11,23,328,18,0,55.0,2020-11-23 18:00:00+00:00,2020-11-23 19:00:00+00:00,68113.4975,5305.3,10650.4525,0.0,64711.48,15955.7525,-0.6115298757991053,0.7912213413483807,-1.0,-1.8369701987210294e-16,0.0,1.0,0,weekday,13.3
2020-11-24,2020,11,24,329,18,1,48.21,2020-11-24 18:00:00+00:00,2020-11-24 19:00:00+00:00,68093.4575,5748.785,10055.4125,0.0,64397.1,15804.1975,-0.5978291414589552,0.801623551065242,-1.0,-1.8369701987210294e-16,0.7818314824680298,0.6234898018587336,0,weekday,13.45
2020-11-25,2020,11,25,330,18,2,56.3,2020-11-25 18:00:00+00:00,2020-11-25 19:00:00+00:00,67802.8625,2795.4625,10414.115,0.0,63207.12,13209.5775,-0.5839514998576998,0.8117885474764613,-1.0,-1.8369701987210294e-16,0.9749279121818236,-0.2225209339563143,0,weekday,14.15
2020-11-26,2020,11,26,331,18,3,69.99,2020-11-26 18:00:00+00:00,2020-11-26 19:00:00+00:00,67879.3225,573.98,2948.24,0.0,56691.12,3522.22,-0.5699010576127624,0.8217133225960589,-1.0,-1.8369701987210294e-16,0.4338837391175582,-0.900968867902419,0,weekday,13.93
2020-11-27,2020,11,27,332,18,4,73.01,2020-11-27 18:00:00+00:00,2020-11-27 19:00:00+00:00,65608.6325,879.8924999999999,2392.675,0.0,56523.91,3272.5675,-0.5556819724760489,0.8313949395234058,-1.0,-1.8369701987210294e-16,-0.433883739117558,-0.9009688679024191,0,weekday,13.835
2020-11-28,2020,11,28,333,18,5,53.83,2020-11-28 18:00:00+00:00,2020-11-28 19:00:00+00:00,57731.225000000006,1920.4925,7691.455,0.0,53356.24,9611.9475,-0.5412984521036173,0.8408305333122887,-1.0,-1.8369701987210294e-16,-0.9749279121818236,-0.2225209339563146,0,weekend,14.485
2020-11-29,2020,11,29,334,18,6,58.97,2020-11-29 18:00:00+00:00,2020-11-29 19:00:00+00:00,56854.58,238.89,3983.87,0.0,46135.56,4222.76,-0.5267547528105542,0.8500173118187018,-1.0,-1.8369701987210294e-16,-0.7818314824680299,0.6234898018587334,0,weekend,14.735
2020-11-30,2020,11,30,335,18,0,52.72,2020-11-30 18:00:00+00:00,2020-11-30 19:00:00+00:00,67624.765,4721.2975,15147.3,0.0,66222.24,19868.5975,-0.5120551783114646,0.8589525565270845,-1.0,-1.8369701987210294e-16,0.0,1.0,0,weekday,14.985
2020-12-01,2020,12,1,336,18,1,66.32,2020-12-01 18:00:00+00:00,2020-12-01 19:00:00+00:00,68075.085,1948.77,3137.5875,0.0,59421.72,5086.3575,-0.4972040784469378,0.8676336233547726,-1.0,-1.8369701987210294e-16,0.7818314824680298,0.6234898018587336,0,weekday,15.475
2020-12-02,2020,12,2,337,18,2,77.79,2020-12-02 18:00:00+00:00,2020-12-02 19:00:00+00:00,68602.95999999999,2518.915,4226.0225,0.0,59123.58,6744.9375,-0.4822058478963526,0.8760579434344281,-1.0,-1.8369701987210294e-16,0.9749279121818236,-0.2225209339563143,0,weekday,14.45
2020-12-03,2020,12,3,338,18,3,41.63,2020-12-03 18:00:00+00:00,2020-12-03 19:00:00+00:00,69681.44,5732.860000000001,20369.84,0.0,64917.8,26102.7,-0.4670649248774303,0.8842230238742036,-1.0,-1.8369701987210294e-16,0.4338837391175582,-0.900968867902419,0,weekday,14.6
2020-12-04,2020,12,4,339,18,4,55.17,2020-12-04 18:00:00+00:00,2020-12-04 19:00:00+00:00,67826.1425,4823.08,12283.7775,0.0,60202.35,17106.8575,-0.451785789832884,0.8921264484954345,-1.0,-1.8369701987210294e-16,-0.433883739117558,-0.9009688679024191,0,weekday,14.55
2020-12-05,2020,12,5,340,18,5,55.8,2020-12-05 18:00:00+00:00,2020-12-05 19:00:00+00:00,60342.5875,2853.3575,4583.2475,0.0,52619.2,7436.605,-0.4363729641045924,0.8997658785476209,-1.0,-1.8369701987210294e-16,-0.9749279121818236,-0.2225209339563146,0,weekend,14.645
2020-12-06,2020,12,6,341,18,6,43.7,2020-12-06 18:00:00+00:00,2020-12-06 19:00:00+00:00,56941.6975,3261.04,8111.1,0.0,52913.21,11372.14,-0.4208310085956556,0.9071390534005044,-1.0,-1.8369701987210294e-16,-0.7818314824680299,0.6234898018587334,0,weekend,14.372499999999999
2020-12-07,2020,12,7,342,18,0,59.38,2020-12-07 18:00:00+00:00,2020-12-07 19:00:00+00:00,68466.535,5825.3425,11106.4625,0.0,65142.94,16931.805,-0.4051645224207563,0.9142437912130223,-1.0,-1.8369701987210294e-16,0.0,1.0,0,weekday,14.1
2020-12-08,2020,12,8,343,18,1,65.12,2020-12-08 18:00:00+00:00,2020-12-08 19:00:00+00:00,69274.7575,813.1325,5560.3925,0.0,58587.48,6373.525,-0.3893781415452015,0.9210779895789526,-1.0,-1.8369701987210294e-16,0.7818314824680298,0.6234898018587336,0,weekday,14.3
2020-12-09,2020,12,9,344,18,2,89.36,2020-12-09 18:00:00+00:00,2020-12-09 19:00:00+00:00,69364.0475,1734.5175,3367.8925,0.0,58582.08,5102.41,-0.3734765374130707,0.9276396261490468,-1.0,-1.8369701987210294e-16,0.9749279121818236,-0.2225209339563143,0,weekday,14.35
2020-12-10,2020,12,10,345,18,3,75.22,2020-12-10 18:00:00+00:00,2020-12-10 19:00:00+00:00,69218.7825,1103.785,2257.53,0.0,57448.47,3361.3150000000005,-0.3574644155648614,0.9339267592294762,-1.0,-1.8369701987210294e-16,0.4338837391175582,-0.900968867902419,0,weekday,15.3
2020-12-11,2020,12,11,346,18,4,47.17,2020-12-11 18:00:00+00:00,2020-12-11 19:00:00+00:00,66800.5525,5571.3875,17050.1325,0.0,65307.55,22621.52,-0.3413465142450361,0.9399375283564132,-1.0,-1.8369701987210294e-16,-0.433883739117558,-0.9009688679024191,0,weekday,15.525
2020-12-12,2020,12,12,347,18,5,55.09,2020-12-12 18:00:00+00:00,2020-12-12 19:00:00+00:00,58783.3275,1568.265,4960.0125,0.0,48240.25,6528.2775,-0.3251276029999093,0.9456701548465688,-1.0,-1.8369701987210294e-16,-0.9749279121818236,-0.2225209339563146,0,weekend,15.96
2020-12-13,2020,12,13,348,18,6,51.61,2020-12-13 18:00:00+00:00,2020-12-13 19:00:00+00:00,56518.7725,2435.1175,6040.56,0.0,47082.85,8475.6775,-0.3088124812662537,0.9511229423235356,-1.0,-1.8369701987210294e-16,-0.7818314824680299,0.6234898018587334,0,weekend,16.205
2020-12-14,2020,12,14,349,18,0,54.78,2020-12-14 18:00:00+00:00,2020-12-14 19:00:00+00:00,69119.31,5623.8550000000005,14480.04,0.0,62267.76,20103.895,-0.2924059769510773,0.956294277219772,-1.0,-1.8369701987210294e-16,0.0,1.0,0,weekday,16.45
2020-12-15,2020,12,15,350,18,1,56.2,2020-12-15 18:00:00+00:00,2020-12-15 19:00:00+00:00,69278.2675,2782.7,10630.185,0.0,61086.08,13412.884999999998,-0.2759129450029604,0.9611826292540836,-1.0,-1.8369701987210294e-16,0.7818314824680298,0.6234898018587336,0,weekday,17.1
2020-12-16,2020,12,16,351,18,2,49.54,2020-12-16 18:00:00+00:00,2020-12-16 19:00:00+00:00,68375.435,5158.6925,12175.7875,0.0,63470.29,17334.48,-0.2593382659754056,0.9657865518844574,-1.0,-1.8369701987210294e-16,0.9749279121818236,-0.2225209339563143,0,weekday,17.05
2020-12-17,2020,12,17,352,18,3,53.9,2020-12-17 18:00:00+00:00,2020-12-17 19:00:00+00:00,67392.095,5108.755,15593.6825,0.0,61581.52,20702.4375,-0.2426868445825954,0.9701046827361176,-1.0,-1.8369701987210294e-16,0.4338837391175582,-0.900968867902419,0,weekday,16.175
2020-12-18,2020,12,18,353,18,4,42.17,2020-12-18 18:00:00+00:00,2020-12-18 19:00:00+00:00,65446.1175,5906.6425,16301.2625,0.0,58973.24,22207.905,-0.225963608248019,0.974135744004672,-1.0,-1.8369701987210294e-16,-0.433883739117558,-0.9009688679024191,0,weekday,15.75
2020-12-19,2020,12,19,354,18,5,39.28,2020-12-19 18:00:00+00:00,2020-12-19 19:00:00+00:00,57864.0625,6144.8325,20684.9125,0.0,55841.55,26829.745,-0.2091735056463563,0.9778785428342386,-1.0,-1.8369701987210294e-16,-0.9749279121818236,-0.2225209339563146,0,weekend,15.885
2020-12-20,2020,12,20,355,18,6,46.09,2020-12-20 18:00:00+00:00,2020-12-20 19:00:00+00:00,55577.3925,5658.8025,12160.105,0.0,49206.59,17818.9075,-0.1923215052390948,0.9813319716704276,-1.0,-1.8369701987210294e-16,-0.7818314824680299,0.6234898018587334,0,weekend,16.1425
2020-12-21,2020,12,21,356,18,0,30.72,2020-12-21 18:00:00+00:00,2020-12-21 19:00:00+00:00,64603.77250000001,6042.215,29301.155,0.0,63061.25,35343.369999999995,-0.1754125938042784,0.9844950085880858,-1.0,-1.8369701987210294e-16,0.0,1.0,0,weekday,16.4
2020-12-22,2020,12,22,357,18,1,53.9,2020-12-22 18:00:00+00:00,2020-12-22 19:00:00+00:00,63508.6325,2359.1725,14133.015,0.0,51731.06,16492.1875,-0.1584517749608363,0.9873667175937016,-1.0,-1.8369701987210294e-16,0.7818314824680298,0.6234898018587336,0,weekday,17.2
2020-12-23,2020,12,23,358,18,2,44.82,2020-12-23 18:00:00+00:00,2020-12-23 19:00:00+00:00,60737.86,2499.6,16174.01,0.0,55566.64,18673.61,-0.141444067687942,0.989946248902378,-1.0,-1.8369701987210294e-16,0.9749279121818236,-0.2225209339563143,0,weekday,17.65
2020-12-24,2020,12,24,359,18,3,33.36,2020-12-24 18:00:00+00:00,2020-12-24 19:00:00+00:00,54391.465,5776.845,15343.9875,0.0,49480.93,21120.8325,-0.1243945048397999,0.9922328391893008,-1.0,-1.8369701987210294e-16,0.4338837391175582,-0.900968867902419,0,weekday,17.65
2020-12-25,2020,12,25,360,18,4,49.74,2020-12-25 18:00:00+00:00,2020-12-25 19:00:00+00:00,49585.46,1770.6575,6820.685,0.0,41289.1,8591.3425,-0.1073081316563624,0.994225811815616,-1.0,-1.8369701987210294e-16,-0.433883739117558,-0.9009688679024191,1,holiday,17.65
2020-12-26,2020,12,26,361,18,5,14.37,2020-12-26 18:00:00+00:00,2020-12-26 19:00:00+00:00,47032.427500000005,6475.955,29791.01,0.0,59289.31,36266.965,-0.0901900042703451,0.99592457702866,-1.0,-1.8369701987210294e-16,-0.9749279121818236,-0.2225209339563146,1,holiday,18.15
2020-12-27,2020,12,27,362,18,6,0.08,2020-12-27 18:00:00+00:00,2020-12-27 19:00:00+00:00,52269.2975,4237.245,36224.5275,0.0,61772.29,40461.7725,-0.0730451882110474,0.9973286321364752,-1.0,-1.8369701987210294e-16,-0.7818314824680299,0.6234898018587334,0,weekend,18.65
2020-12-28,2020,12,28,363,18,0,55.59,2020-12-28 18:00:00+00:00,2020-12-28 19:00:00+00:00,59299.0725,1198.9825,7943.285,0.0,44133.93,9142.2675,-0.0558787569053731,0.9984375616565666,-1.0,-1.8369701987210294e-16,0.0,1.0,0,weekday,19.15
2020-12-29,2020,12,29,364,18,1,50.84,2020-12-29 18:00:00+00:00,2020-12-29 19:00:00+00:00,59033.5475,1775.82,17655.955,0.0,51775.93,19431.775,-0.0386957901765268,0.999251037438848,-1.0,-1.8369701987210294e-16,0.7818314824680298,0.6234898018587336,0,weekday,19.0
2020-12-30,2020,12,30,365,18,2,53.6,2020-12-30 18:00:00+00:00,2020-12-30 19:00:00+00:00,58135.96,3636.7525,16669.695,0.0,53566.01,20306.4475,-0.0215013727408137,0.999768818762748,-1.0,-1.8369701987210294e-16,0.9749279121818236,-0.2225209339563143,0,weekday,19.15
2020-12-31,2020,12,31,366,18,3,59.47,2020-12-31 18:00:00+00:00,2020-12-31 19:00:00+00:00,52138.47,920.8325,7734.8,0.0,44945.28,8655.6325,-0.0043005927029819,0.9999907524084426,-1.0,-1.8369701987210294e-16,0.4338837391175582,-0.900968867902419,0,weekday,19.125
2021-01-01,2021,1,1,1,18,4,60.36,2021-01-01 18:00:00+00:00,2021-01-01 19:00:00+00:00,50105.29,735.0625,4586.99,0.0,52166.33,5322.0525,0.0,1.0,-1.0,-1.8369701987210294e-16,-0.433883739117558,-0.9009688679024191,1,holiday,19.125
2021-01-02,2021,1,2,2,18,5,62.17,2021-01-02 18:00:00+00:00,2021-01-02 19:00:00+00:00,55281.435,946.955,2797.36,0.0,54131.43,3744.315,0.0172015754182605,0.9998520419557736,-1.0,-1.8369701987210294e-16,-0.9749279121818236,-0.2225209339563146,0,weekend,19.233333333333334
2021-01-03,2021,1,3,3,18,6,45.84,2021-01-03 18:00:00+00:00,2021-01-03 19:00:00+00:00,52506.4375,6374.24,18060.085,0.0,64898.85,24434.325,0.034398060613608,0.9994082116062598,-1.0,-1.8369701987210294e-16,-0.7818314824680299,0.6234898018587334,0,weekend,19.341666666666665
2021-01-04,2021,1,4,4,18,0,55.06,2021-01-04 18:00:00+00:00,2021-01-04 19:00:00+00:00,62022.8075,5579.2475,12574.5025,0.0,72408.46,18153.75,0.0515843668694083,0.9986686402879996,-1.0,-1.8369701987210294e-16,0.0,1.0,0,weekday,19.45
2021-01-05,2021,1,5,5,18,1,59.16,2021-01-05 18:00:00+00:00,2021-01-05 19:00:00+00:00,61541.7125,5238.93,13123.18,0.0,72610.65,18362.11,0.0687554084811394,0.9976335468520452,-1.0,-1.8369701987210294e-16,0.7818314824680298,0.6234898018587336,0,weekday,18.905
2021-01-06,2021,1,6,6,18,2,58.06,2021-01-06 18:00:00+00:00,2021-01-06 19:00:00+00:00,61238.365,4160.495,6856.6125,0.0,68238.44,11017.1075,0.0859061042613327,0.9963032375991964,-1.0,-1.8369701987210294e-16,0.9749279121818236,-0.2225209339563143,0,weekday,17.875
2021-01-07,2021,1,7,7,18,3,80.28,2021-01-07 18:00:00+00:00,2021-01-07 19:00:00+00:00,63829.96,1063.175,6548.1125,0.0,68898.91,7611.2875,0.1030313790431787,0.9946781061893646,-1.0,-1.8369701987210294e-16,0.4338837391175582,-0.900968867902419,0,weekday,18.275
2021-01-08,2021,1,8,8,18,4,88.05,2021-01-08 18:00:00+00:00,2021-01-08 19:00:00+00:00,62086.7075,1199.9775,4038.265,0.0,67024.48,5238.2425,0.1201261651823505,0.9927586335250792,-1.0,-1.8369701987210294e-16,-0.433883739117558,-0.9009688679024191,0,weekday,20.4
2021-01-09,2021,1,9,9,18,5,68.95,2021-01-09 18:00:00+00:00,2021-01-09 19:00:00+00:00,56175.775,633.75,2516.935,0.0,61721.58,3150.685,0.1371854040566005,0.9905453876091832,-1.0,-1.8369701987210294e-16,-0.9749279121818236,-0.2225209339563146,0,weekend,20.12
2021-01-10,2021,1,10,10,18,6,56.39,2021-01-10 18:00:00+00:00,2021-01-10 19:00:00+00:00,55897.41,2394.03,9934.7975,0.0,60387.72,12328.8275,0.1542040475626894,0.988039023376751,-1.0,-1.8369701987210294e-16,-0.7818314824680299,0.6234898018587334,0,weekend,20.735
2021-01-11,2021,1,11,11,18,0,42.16,2021-01-11 18:00:00+00:00,2021-01-11 19:00:00+00:00,67204.0075,5858.7675,27879.2375,0.0,80117.73,33738.005,0.1711770596101998,0.985240282501282,-1.0,-1.8369701987210294e-16,0.0,1.0,0,weekday,21.35
2021-01-12,2021,1,12,12,18,1,54.9,2021-01-12 18:00:00+00:00,2021-01-12 19:00:00+00:00,67172.4575,5897.08,24673.495,0.0,78249.53,30570.575,0.1880994176117975,0.9821499931752292,-1.0,-1.8369701987210294e-16,0.7818314824680298,0.6234898018587336,0,weekday,23.24
2021-01-13,2021,1,13,13,18,2,49.28,2021-01-13 18:00:00+00:00,2021-01-13 19:00:00+00:00,69325.1875,5503.59,30286.5875,0.0,77050.62,35790.177500000005,0.2049661139694953,0.9787690698649216,-1.0,-1.8369701987210294e-16,0.9749279121818236,-0.2225209339563143,0,weekday,23.475
2021-01-14,2021,1,14,14,18,3,87.7,2021-01-14 18:00:00+00:00,2021-01-14 19:00:00+00:00,69316.8925,1022.035,5347.0025,0.0,68828.86,6369.037499999999,0.2217721575564818,0.975098513039961,-1.0,-1.8369701987210294e-16,0.4338837391175582,-0.900968867902419,0,weekday,21.25
2021-01-15,2021,1,15,15,18,4,95.01,2021-01-15 18:00:00+00:00,2021-01-15 19:00:00+00:00,68519.84,575.41,4630.665,0.0,67538.79,5206.075,0.2385125751940764,0.9711394088771652,-1.0,-1.8369701987210294e-16,-0.433883739117558,-0.9009688679024191,0,weekday,20.1
2021-01-16,2021,1,16,16,18,5,63.76,2021-01-16 18:00:00+00:00,2021-01-16 19:00:00+00:00,60416.66,3736.3725,5897.22,0.0,64061.26,9633.5925,0.2551824131233728,0.966892928939152,-1.0,-1.8369701987210294e-16,-0.9749279121818236,-0.2225209339563146,0,weekend,20.2
2021-01-17,2021,1,17,17,18,6,67.78,2021-01-17 18:00:00+00:00,2021-01-17 19:00:00+00:00,56666.9725,1393.255,5644.9725,0.0,59107.01,7038.2275,0.2717767384711357,0.9623603298276544,-1.0,-1.8369701987210294e-16,-0.7818314824680299,0.6234898018587334,0,weekend,19.833333333333332
2021-01-18,2021,1,18,18,18,0,51.42,2021-01-18 18:00:00+00:00,2021-01-18 19:00:00+00:00,69933.93,5337.4225,23250.4575,0.0,79456.79,28587.88,0.2882906407095177,0.957542952811672,-1.0,-1.8369701987210294e-16,0.0,1.0,0,weekday,19.46666666666667
2021-01-19,2021,1,19,19,18,1,45.39,2021-01-19 18:00:00+00:00,2021-01-19 19:00:00+00:00,71978.1075,5044.1125,31689.0675,0.0,81366.68,36733.18,0.3047192331091634,0.9524422234305676,-1.0,-1.8369701987210294e-16,0.7818314824680298,0.6234898018587336,0,weekday,19.1
2021-01-20,2021,1,20,20,18,2,45.34,2021-01-20 18:00:00+00:00,2021-01-20 19:00:00+00:00,71199.935,5855.73,29726.39,0.0,76652.83,35582.119999999995,0.321057654185271,0.9470596510722284,-1.0,-1.8369701987210294e-16,0.9749279121818236,-0.2225209339563143,0,weekday,21.4
2021-01-21,2021,1,21,21,18,3,44.91,2021-01-21 18:00:00+00:00,2021-01-21 19:00:00+00:00,72786.0125,4744.905000000001,32505.955,0.0,77900.13,37250.86,0.3373010691361842,0.9413968285264122,-1.0,-1.8369701987210294e-16,0.4338837391175582,-0.900968867902419,0,weekday,19.825
2021-01-22,2021,1,22,22,18,4,63.89,2021-01-22 18:00:00+00:00,2021-01-22 19:00:00+00:00,68016.9125,6010.29,11797.6025,0.0,71733.56,17807.8925,0.3534446712740877,0.9354554315134164,-1.0,-1.8369701987210294e-16,-0.433883739117558,-0.9009688679024191,0,weekday,20.75
2021-01-23,2021,1,23,23,18,5,63.29,2021-01-23 18:00:00+00:00,2021-01-23 19:00:00+00:00,61274.1975,1608.49,5899.0575,0.0,60059.99,7507.5475,0.3694836834473831,0.9292372181882051,-1.0,-1.8369701987210294e-16,-0.9749279121818236,-0.2225209339563146,0,weekend,21.485
2021-01-24,2021,1,24,24,18,6,62.91,2021-01-24 18:00:00+00:00,2021-01-24 19:00:00+00:00,57561.9025,498.845,8550.7125,0.0,58313.63,9049.5575,0.3854133594543256,0.9227440286201428,-1.0,-1.8369701987210294e-16,-0.7818314824680299,0.6234898018587334,0,weekend,21.8175
2021-01-25,2021,1,25,25,18,0,65.17,2021-01-25 18:00:00+00:00,2021-01-25 19:00:00+00:00,68814.4025,2271.605,9391.1175,0.0,71988.12,11662.7225,0.4012289854475009,0.9159777842484876,-1.0,-1.8369701987210294e-16,0.0,1.0,0,weekday,22.15
2021-01-26,2021,1,26,26,18,1,63.15,2021-01-26 18:00:00+00:00,2021-01-26 19:00:00+00:00,70801.58499999999,2148.37,13746.3175,0.0,75817.99,15894.6875,0.4169258813287287,0.908940487313808,-1.0,-1.8369701987210294e-16,0.7818314824680298,0.6234898018587336,0,weekday,19.8
2021-01-27,2021,1,27,27,18,2,63.99,2021-01-27 18:00:00+00:00,2021-01-27 19:00:00+00:00,69759.2575,2980.3675000000003,12686.5175,0.0,74655.85,15666.885,0.4324994021339788,0.901634220265486,-1.0,-1.8369701987210294e-16,0.9749279121818236,-0.2225209339563143,0,weekday,19.0
2021-01-28,2021,1,28,28,18,3,60.7,2021-01-28 18:00:00+00:00,2021-01-28 19:00:00+00:00,69022.92749999999,1634.0975,11069.01,0.0,71724.63,12703.1075,0.4479449394078911,0.8940611451454876,-1.0,-1.8369701987210294e-16,0.4338837391175582,-0.900968867902419,0,weekday,20.6
2021-01-29,2021,1,29,29,18,4,59.38,2021-01-29 18:00:00+00:00,2021-01-29 19:00:00+00:00,66348.7575,4978.66,15645.8025,0.0,72984.28,20624.4625,0.4632579225674917,0.88622350294858,-1.0,-1.8369701987210294e-16,-0.433883739117558,-0.9009688679024191,0,weekday,20.6
2021-01-30,2021,1,30,30,18,5,59.62,2021-01-30 18:00:00+00:00,2021-01-30 19:00:00+00:00,58091.325,780.5325,6819.9475,0.0,57766.29,7600.48,0.4784338202547012,0.8781236129591848,-1.0,-1.8369701987210294e-16,-0.9749279121818236,-0.2225209339563146,0,weekend,19.82
2021-01-31,2021,1,31,31,18,6,62.35,2021-01-31 18:00:00+00:00,2021-01-31 19:00:00+00:00,56328.0475,732.835,7136.865,0.0,53898.53,7869.7,0.4934681416772373,0.8697638720650646,-1.0,-1.8369701987210294e-16,-0.7818314824680299,0.6234898018587334,0,weekend,19.435000000000002
2021-02-01,2021,2,1,32,18,0,69.9,2021-02-01 18:00:00+00:00,2021-02-01 19:00:00+00:00,68440.535,817.1925,4820.3425,0.0,64933.95,5637.535,0.5083564379375122,0.8611467540480452,-1.0,-1.8369701987210294e-16,0.0,1.0,0,weekday,19.05
2021-02-02,2021,2,2,33,18,1,58.06,2021-02-02 18:00:00+00:00,2021-02-02 19:00:00+00:00,68328.7475,3043.065,13752.46,0.0,72323.92,16795.524999999998,0.5230943033491326,0.8522748088519838,-1.0,-1.8369701987210294e-16,0.7818314824680298,0.6234898018587336,0,weekday,18.2
2021-02-03,2021,2,3,34,18,2,50.86,2021-02-03 18:00:00+00:00,2021-02-03 19:00:00+00:00,69157.785,5611.7325,21748.455,0.0,75074.74,27360.1875,0.5376773767406141,0.8431506618282,-1.0,-1.8369701987210294e-16,0.9749279121818236,-0.2225209339563143,0,weekday,17.65
2021-02-04,2021,2,4,35,18,3,67.51,2021-02-04 18:00:00+00:00,2021-02-04 19:00:00+00:00,70101.02249999999,3920.6375,3828.01,0.0,64668.09,7748.6475,0.5521013427459208,0.8337770129585915,-1.0,-1.8369701987210294e-16,0.4338837391175582,-0.900968867902419,0,weekday,17.85
2021-02-05,2021,2,5,36,18,4,57.46,2021-02-05 18:00:00+00:00,2021-02-05 19:00:00+00:00,67026.14,5930.8,14572.015,0.0,73468.48,20502.815,0.5663619330814524,0.8241566360566663,-1.0,-1.8369701987210294e-16,-0.433883739117558,-0.9009688679024191,0,weekday,18.55
2021-02-06,2021,2,6,37,18,5,42.98,2021-02-06 18:00:00+00:00,2021-02-06 19:00:00+00:00,58035.665,6130.7675,31980.795,0.0,72066.43,38111.5625,0.580454927809098,0.8142923779467267,-1.0,-1.8369701987210294e-16,-0.9749279121818236,-0.2225209339563146,0,weekend,18.38
2021-02-07,2021,2,7,38,18,6,40.71,2021-02-07 18:00:00+00:00,2021-02-07 19:00:00+00:00,56692.0375,5296.8575,28860.0075,0.0,68689.65,34156.865,0.5943761565849831,0.804187157621448,-1.0,-1.8369701987210294e-16,-0.7818314824680299,0.6234898018587334,0,weekend,19.377499999999998
2021-02-08,2021,2,8,39,18,0,61.62,2021-02-08 18:00:00+00:00,2021-02-08 19:00:00+00:00,69748.295,5495.3975,15556.0575,0.0,75131.7,21051.455,0.6081214998935418,0.7938439653781019,-1.0,-1.8369701987210294e-16,0.0,1.0,0,weekday,20.375
2021-02-09,2021,2,9,40,18,1,74.0,2021-02-09 18:00:00+00:00,2021-02-09 19:00:00+00:00,69895.4925,4905.9275,5203.825,0.0,71386.58,10109.7525,0.6216868902665479,0.7832658619336791,-1.0,-1.8369701987210294e-16,0.7818314824680298,0.6234898018587336,0,weekday,18.855
2021-02-10,2021,2,10,41,18,2,88.09,2021-02-10 18:00:00+00:00,2021-02-10 19:00:00+00:00,70467.7875,4206.96,9316.265,0.0,72535.64,13523.225,0.6350683134867438,0.7724559775191742,-1.0,-1.8369701987210294e-16,0.9749279121818236,-0.2225209339563143,0,weekday,18.85
2021-02-11,2021,2,11,42,18,3,99.31,2021-02-11 18:00:00+00:00,2021-02-11 19:00:00+00:00,69640.70749999999,2183.885,6083.4325,0.0,66509.09,8267.317500000001,0.6482618097757122,0.7614175109532997,-1.0,-1.8369701987210294e-16,0.4338837391175582,-0.900968867902419,0,weekday,18.15
2021-02-12,2021,2,12,43,18,4,70.14,2021-02-12 18:00:00+00:00,2021-02-12 19:00:00+00:00,68493.4375,1793.3975,14947.3725,0.0,71790.11,16740.77,0.6612634749656386,0.7501537286959042,-1.0,-1.8369701987210294e-16,-0.433883739117558,-0.9009688679024191,0,weekday,17.07
2021-02-13,2021,2,13,44,18,5,69.0,2021-02-13 18:00:00+00:00,2021-02-13 19:00:00+00:00,61790.4575,782.455,8186.3525,0.0,60029.5,8968.8075,0.6740694616546161,0.7386679638813748,-1.0,-1.8369701987210294e-16,-0.9749279121818236,-0.2225209339563146,0,weekend,17.62
2021-02-14,2021,2,14,45,18,6,57.1,2021-02-14 18:00:00+00:00,2021-02-14 19:00:00+00:00,60762.905,5618.865,14728.3875,0.0,65310.56,20347.2525,0.6866759803451553,0.726963615332308,-1.0,-1.8369701987210294e-16,-0.7818314824680299,0.6234898018587334,0,weekend,17.330000000000002
2021-02-15,2021,2,15,46,18,0,62.4,2021-02-15 18:00:00+00:00,2021-02-15 19:00:00+00:00,70746.95,3565.3475,20266.68,0.0,78878.05,23832.0275,0.6990793005655562,0.7150441465537444,-1.0,-1.8369701987210294e-16,0.0,1.0,0,weekday,17.04
2021-02-16,2021,2,16,47,18,1,55.27,2021-02-16 18:00:00+00:00,2021-02-16 19:00:00+00:00,68811.535,4523.0475,19059.155,0.0,74780.87,23582.2025,0.7112757519738152,0.7029130847082615,-1.0,-1.8369701987210294e-16,0.7818314824680298,0.6234898018587336,0,weekday,16.75
2021-02-17,2021,2,17,48,18,2,65.73,2021-02-17 18:00:00+00:00,2021-02-17 19:00:00+00:00,68927.74,5198.6,13322.6775,0.0,69897.48,18521.2775,0.7232617254437388,0.6905740195722293,-1.0,-1.8369701987210294e-16,0.9749279121818236,-0.2225209339563143,0,weekday,17.15
2021-02-18,2021,2,18,49,18,3,48.38,2021-02-18 18:00:00+00:00,2021-02-18 19:00:00+00:00,68813.6725,6394.2725,27019.1375,0.0,77764.12,33413.41,0.7350336741329413,0.6780306024735382,-1.0,-1.8369701987210294e-16,0.4338837391175582,-0.900968867902419,0,weekday,16.9
2021-02-19,2021,2,19,50,18,4,57.97,2021-02-19 18:00:00+00:00,2021-02-19 19:00:00+00:00,65834.81,5614.085,10829.7,0.0,63867.08,16443.785,0.746588114532413,0.6652865452111116,-1.0,-1.8369701987210294e-16,-0.433883739117558,-0.9009688679024191,0,weekday,17.325
2021-02-20,2021,2,20,51,18,5,40.82,2021-02-20 18:00:00+00:00,2021-02-20 19:00:00+00:00,60344.2175,6279.1975,22854.7075,0.0,67211.51,29133.905,0.7579216274973472,0.6523456189565257,-1.0,-1.8369701987210294e-16,-0.9749279121818236,-0.2225209339563146,0,weekend,16.555
2021-02-21,2021,2,21,52,18,6,56.61,2021-02-21 18:00:00+00:00,2021-02-21 19:00:00+00:00,57164.505000000005,2634.1925,11785.915,0.0,55381.2,14420.107500000002,0.7690308592589181,0.6392116531380588,-1.0,-1.8369701987210294e-16,-0.7818314824680299,0.6234898018587334,0,weekend,16.4025
2021-02-22,2021,2,22,53,18,0,65.68,2021-02-22 18:00:00+00:00,2021-02-22 19:00:00+00:00,68247.95,3986.7025,9060.7475,0.0,62868.7,13047.45,0.7799125224167177,0.6258885343075018,-1.0,-1.8369701987210294e-16,0.0,1.0,0,weekday,16.25
2021-02-23,2021,2,23,54,18,1,58.03,2021-02-23 18:00:00+00:00,2021-02-23 19:00:00+00:00,68537.565,4944.3375,11755.625,0.0,65738.67,16699.9625,0.7905633969115482,0.612380204990065,-1.0,-1.8369701987210294e-16,0.7818314824680298,0.6234898018587336,0,weekday,16.1
2021-02-24,2021,2,24,55,18,2,57.31,2021-02-24 18:00:00+00:00,2021-02-24 19:00:00+00:00,66884.5925,5940.0775,14368.2675,0.0,65462.42,20308.345,0.8009803309782905,0.5986906625177214,-1.0,-1.8369701987210294e-16,0.9749279121818236,-0.2225209339563143,0,weekday,16.125
2021-02-25,2021,2,25,56,18,3,65.73,2021-02-25 18:00:00+00:00,2021-02-25 19:00:00+00:00,67944.7675,2939.83,8045.59,0.0,59718.62,10985.42,0.8111602420785621,0.5848239578463322,-1.0,-1.8369701987210294e-16,0.4338837391175582,-0.900968867902419,0,weekday,16.4
2021-02-26,2021,2,26,57,18,4,57.53,2021-02-26 18:00:00+00:00,2021-02-26 19:00:00+00:00,65404.6975,3282.7275,13245.54,0.0,62704.48,16528.2675,0.8211001178128892,0.5707841943569036,-1.0,-1.8369701987210294e-16,-0.433883739117558,-0.9009688679024191,0,weekday,15.95
2021-02-27,2021,2,27,58,18,5,57.5,2021-02-27 18:00:00+00:00,2021-02-27 19:00:00+00:00,57679.9025,1063.0225,5495.2625,0.0,52240.2,6558.285,0.8307970168121247,0.5565755266413303,-1.0,-1.8369701987210294e-16,-0.9749279121818236,-0.2225209339563146,0,weekend,15.695
2021-02-28,2021,2,28,59,18,6,59.28,2021-02-28 18:00:00+00:00,2021-02-28 19:00:00+00:00,56162.79,471.7225,5562.1925,0.0,49878.33,6033.915,0.8402480696078469,0.5422021592729844,-1.0,-1.8369701987210294e-16,-0.7818314824680299,0.6234898018587334,0,weekend,15.8475
2021-03-01,2021,3,1,60,18,0,64.99,2021-03-01 18:00:00+00:00,2021-03-01 19:00:00+00:00,66272.1125,710.2475,5561.2125,0.0,60943.42,6271.459999999999,0.8494504794814806,0.527668345562516,-1.0,-1.8369701987210294e-16,0.0,1.0,0,weekday,16.0
2021-03-02,2021,3,2,61,18,1,78.62,2021-03-02 18:00:00+00:00,2021-03-02 19:00:00+00:00,66923.375,509.095,2552.7325,0.0,62540.86,3061.8275000000003,0.8584015232918917,0.512978386299228,-1.0,-1.8369701987210294e-16,0.7818314824680298,0.6234898018587336,0,weekday,16.005
2021-03-03,2021,3,3,62,18,2,70.0,2021-03-03 18:00:00+00:00,2021-03-03 19:00:00+00:00,65814.8275,773.5275,8547.5475,0.0,64567.02,9321.075,0.8670985522812081,0.4981366284784055,-1.0,-1.8369701987210294e-16,0.9749279121818236,-0.2225209339563143,0,weekday,15.6
2021-03-04,2021,3,4,63,18,3,66.14,2021-03-04 18:00:00+00:00,2021-03-04 19:00:00+00:00,64777.04,3358.3425,9082.3825,0.0,66321.68,12440.725,0.8755389928586302,0.4831474640149687,-1.0,-1.8369701987210294e-16,0.4338837391175582,-0.900968867902419,0,weekday,15.59
2021-03-05,2021,3,5,64,18,4,65.37,2021-03-05 18:00:00+00:00,2021-03-05 19:00:00+00:00,64084.95,1234.7625,5967.99,0.0,59564.95,7202.7525,0.8837203473619977,0.4680153284438345,-1.0,-1.8369701987210294e-16,-0.433883739117558,-0.9009688679024191,0,weekday,15.85
2021-03-06,2021,3,6,65,18,5,58.87,2021-03-06 18:00:00+00:00,2021-03-06 19:00:00+00:00,56574.715,3517.12,9356.875,0.0,58710.3,12873.995,0.8916401947968874,0.452744699607371,-1.0,-1.8369701987210294e-16,-0.9749279121818236,-0.2225209339563146,0,weekend,16.365
2021-03-07,2021,3,7,66,18,6,60.91,2021-03-07 18:00:00+00:00,2021-03-07 19:00:00+00:00,54499.8675,1769.5475,8245.825,0.0,55703.47,10015.3725,0.8992961915530253,0.4373400963303323,-1.0,-1.8369701987210294e-16,-0.7818314824680299,0.6234898018587334,0,weekend,16.4575
2021-03-08,2021,3,8,67,18,0,103.71,2021-03-08 18:00:00+00:00,2021-03-08 19:00:00+00:00,64816.165,1724.3625,2440.3825,0.0,62511.03,4164.745,0.9066860720977984,0.4218060770826634,-1.0,-1.8369701987210294e-16,0.0,1.0,0,weekday,16.55
2021-03-09,2021,3,9,68,18,1,93.3,2021-03-09 18:00:00+00:00,2021-03-09 19:00:00+00:00,65912.36,237.05,3391.1675,0.0,63396.66,3628.2175,0.9138076496466616,0.4061472386305789,-1.0,-1.8369701987210294e-16,0.7818314824680298,0.6234898018587336,0,weekday,16.375
2021-03-10,2021,3,10,69,18,2,56.88,2021-03-10 18:00:00+00:00,2021-03-10 19:00:00+00:00,65921.1425,5935.1775,17484.4,0.0,70827.88,23419.5775,0.9206588168102428,0.3903682146763026,-1.0,-1.8369701987210294e-16,0.9749279121818236,-0.2225209339563143,0,weekday,17.15
2021-03-11,2021,3,11,70,18,3,55.93,2021-03-11 18:00:00+00:00,2021-03-11 19:00:00+00:00,66547.1875,5616.7775,34403.0225,0.0,75287.09,40019.8,0.9272375462179536,0.374473674486883,-1.0,-1.8369701987210294e-16,0.4338837391175582,-0.900968867902419,0,weekday,17.475
2021-03-12,2021,3,12,71,18,4,52.84,2021-03-12 18:00:00+00:00,2021-03-12 19:00:00+00:00,65700.93,5353.7325,32280.54,0.0,73720.98,37634.2725,0.9335418911179212,0.3584683215124808,-1.0,-1.8369701987210294e-16,-0.433883739117558,-0.9009688679024191,0,weekday,17.97
2021-03-13,2021,3,13,72,18,5,42.63,2021-03-13 18:00:00+00:00,2021-03-13 19:00:00+00:00,59842.2525,5554.145,36330.6075,0.0,73119.01,41884.7525,0.9395699859530622,0.342356891994542,-1.0,-1.8369701987210294e-16,-0.9749279121818236,-0.2225209339563146,0,weekend,18.45
2021-03-14,2021,3,14,73,18,6,57.28,2021-03-14 18:00:00+00:00,2021-03-14 19:00:00+00:00,55484.22,5457.6775,21287.02,0.0,59412.6,26744.6975,0.945320046913132,0.3261441535642696,-1.0,-1.8369701987210294e-16,-0.7818314824680299,0.6234898018587334,0,weekend,18.310000000000002
2021-03-15,2021,3,15,74,18,0,67.82,2021-03-15 18:00:00+00:00,2021-03-15 19:00:00+00:00,65639.3525,4800.297500000001,23790.51,0.0,68901.54,28590.8075,0.9507903724625832,0.3098349038318025,-1.0,-1.8369701987210294e-16,0.0,1.0,0,weekday,18.17
2021-03-16,2021,3,16,75,18,1,77.71,2021-03-16 18:00:00+00:00,2021-03-16 19:00:00+00:00,65632.415,1943.025,8945.765,0.0,61413.43,10888.79,0.9559793438440766,0.2934339689665273,-1.0,-1.8369701987210294e-16,0.7818314824680298,0.6234898018587336,0,weekday,17.83
2021-03-17,2021,3,17,76,18,2,85.0,2021-03-17 18:00:00+00:00,2021-03-17 19:00:00+00:00,67589.83499999999,981.8925,4747.327499999999,0.0,60324.19,5729.219999999999,0.9608854255574976,0.2769462022689364,-1.0,-1.8369701987210294e-16,0.9749279121818236,-0.2225209339563143,0,weekday,17.45
2021-03-18,2021,3,18,77,18,3,98.71,2021-03-18 18:00:00+00:00,2021-03-18 19:00:00+00:00,66036.4625,820.85,4324.3175,0.0,62186.59,5145.1675000000005,0.9655071658143364,0.2603764827344581,-1.0,-1.8369701987210294e-16,0.4338837391175582,-0.900968867902419,0,weekday,18.16
2021-03-19,2021,3,19,78,18,4,72.99,2021-03-19 18:00:00+00:00,2021-03-19 19:00:00+00:00,64524.5425,734.7574999999999,13252.99,0.0,63152.65,13987.7475,0.969843196967294,0.2437297136096838,-1.0,-1.8369701987210294e-16,-0.433883739117558,-0.9009688679024191,0,weekday,17.35
2021-03-20,2021,3,20,79,18,5,68.09,2021-03-20 18:00:00+00:00,2021-03-20 19:00:00+00:00,59340.755000000005,5009.59,12831.92,0.0,60256.04,17841.510000000002,0.9738922359149924,0.2270108209414184,-1.0,-1.8369701987210294e-16,-0.9749279121818236,-0.2225209339563146,0,weekend,17.265
2021-03-21,2021,3,21,80,18,6,64.82,2021-03-21 18:00:00+00:00,2021-03-21 19:00:00+00:00,58526.125,5017.2425,17796.2025,0.0,60946.63,22813.445,0.977653084481664,0.2102247521189836,-1.0,-1.8369701987210294e-16,-0.7818314824680299,0.6234898018587334,0,weekend,17.2675
2021-03-22,2021,3,22,81,18,0,90.47,2021-03-22 18:00:00+00:00,2021-03-22 19:00:00+00:00,66222.815,2192.9525000000003,7332.1,0.0,62800.41,9525.052500000002,0.981124629771712,0.1933764744102058,-1.0,-1.8369701987210294e-16,0.0,1.0,0,weekday,17.27
2021-03-23,2021,3,23,82,18,1,83.49,2021-03-23 18:00:00+00:00,2021-03-23 19:00:00+00:00,66465.5425,2931.995,3910.1375,0.0,61947.69,6842.1325,0.984305844499033,0.1764709734915216,-1.0,-1.8369701987210294e-16,0.7818314824680298,0.6234898018587336,0,weekday,17.85
2021-03-24,2021,3,24,83,18,2,84.0,2021-03-24 18:00:00+00:00,2021-03-24 19:00:00+00:00,64839.93,3633.77,4343.695,0.0,62577.66,7977.465,0.9871957872910084,0.1595132519726365,-1.0,-1.8369701987210294e-16,0.9749279121818236,-0.2225209339563143,0,weekday,18.65
2021-03-25,2021,3,25,84,18,3,85.43,2021-03-25 18:00:00+00:00,2021-03-25 19:00:00+00:00,64639.5625,3126.5425,3708.3475,0.0,59885.55,6834.889999999999,0.9897936029670716,0.1425083279161708,-1.0,-1.8369701987210294e-16,0.4338837391175582,-0.900968867902419,0,weekday,18.6
2021-03-26,2021,3,26,85,18,4,69.01,2021-03-26 18:00:00+00:00,2021-03-26 19:00:00+00:00,62096.7025,4907.04,11514.0275,0.0,60977.24,16421.0675,0.992098522791769,0.1254612333527364,-1.0,-1.8369701987210294e-16,-0.433883739117558,-0.9009688679024191,0,weekday,18.6
2021-03-27,2021,3,27,86,18,5,66.1,2021-03-27 18:00:00+00:00,2021-03-27 19:00:00+00:00,55594.3825,5122.4825,20532.92,0.0,60759.99,25655.4025,0.9941098647022418,0.108377012791876,-1.0,-1.8369701987210294e-16,-0.9749279121818236,-0.2225209339563146,0,weekend,18.7
2021-03-28,2021,3,28,87,18,6,48.34,2021-03-28 18:00:00+00:00,2021-03-28 19:00:00+00:00,53026.225,5750.25,23311.375,0.0,62032.45,29061.625,0.9958270335100596,0.0912607217293118,-1.0,-1.8369701987210294e-16,-0.7818314824680299,0.6234898018587334,0,weekend,18.48
2021-03-29,2021,3,29,88,18,0,68.15,2021-03-29 18:00:00+00:00,2021-03-29 19:00:00+00:00,61544.535,6059.2275,13094.85,0.0,60111.14,19154.0775,0.9972495210773452,0.0741174251509443,-1.0,-1.8369701987210294e-16,0.0,1.0,0,weekday,18.26
2021-03-30,2021,3,30,89,18,1,77.01,2021-03-30 18:00:00+00:00,2021-03-30 19:00:00+00:00,60927.1525,1937.305,2204.15,0.0,52191.67,4141.455,0.998376906467142,0.0569521960340397,-1.0,-1.8369701987210294e-16,0.7818314824680298,0.6234898018587336,0,weekday,18.2
2021-03-31,2021,3,31,90,18,2,78.6,2021-03-31 18:00:00+00:00,2021-03-31 19:00:00+00:00,61137.3175,319.2625,1474.595,0.0,51714.65,1793.8575,0.9992088560679752,0.0397701138460557,-1.0,-1.8369701987210294e-16,0.9749279121818236,-0.2225209339563143,0,weekday,19.05
2021-04-01,2021,4,1,91,18,3,66.41,2021-04-01 18:00:00+00:00,2021-04-01 19:00:00+00:00,59543.1775,2961.7575,11654.22,0.2525,54573.74,14616.23,0.9997451236925734,0.0225762630415454,-1.0,-1.8369701987210294e-16,0.4338837391175582,-0.900968867902419,0,weekday,19.0
2021-04-02,2021,4,2,92,18,4,50.74,2021-04-02 18:00:00+00:00,2021-04-02 19:00:00+00:00,49552.5075,5589.5225,20171.5325,0.2775,56024.5,25761.3325,0.9999855506507186,0.0053757315575838,-1.0,-1.8369701987210294e-16,-0.433883739117558,-0.9009688679024191,1,holiday,19.17
2021-04-03,2021,4,3,93,18,5,59.23,2021-04-03 18:00:00+00:00,2021-04-03 19:00:00+00:00,50580.4575,3250.73,7280.075,0.8575,43554.84,10531.6625,0.9999300657962056,-0.0118263906918325,-1.0,-1.8369701987210294e-16,-0.9749279121818236,-0.2225209339563146,0,weekend,19.17
2021-04-04,2021,4,4,94,18,6,47.45,2021-04-04 18:00:00+00:00,2021-04-04 19:00:00+00:00,49120.7375,6003.0,16268.505,1.165,53817.57,22272.67,0.9995786855478958,-0.0290250133219752,-1.0,-1.8369701987210294e-16,-0.7818314824680299,0.6234898018587334,0,weekend,19.17
2021-04-05,2021,4,5,95,18,0,27.87,2021-04-05 18:00:00+00:00,2021-04-05 19:00:00+00:00,51637.31,5793.8775,25982.26,1.9325,58933.74,31778.07,0.9989315138848576,-0.0462150469837083,-1.0,-1.8369701987210294e-16,0.0,1.0,1,holiday,19.17
2021-04-06,2021,4,6,96,18,1,71.44,2021-04-06 18:00:00+00:00,2021-04-06 19:00:00+00:00,59912.1275,5825.55,21648.6675,2.425,67164.9,27476.6425,0.9979887423155984,-0.0633914048695103,-1.0,-1.8369701987210294e-16,0.7818314824680298,0.6234898018587336,0,weekday,19.745
2021-04-07,2021,4,7,97,18,2,49.3,2021-04-07 18:00:00+00:00,2021-04-07 19:00:00+00:00,60778.5625,5062.305,27959.49,3.875,66981.43,33025.67,0.9967506498213928,-0.0805490042187416,-1.0,-1.8369701987210294e-16,0.9749279121818236,-0.2225209339563143,0,weekday,19.65
2021-04-08,2021,4,8,98,18,3,76.31,2021-04-08 18:00:00+00:00,2021-04-08 19:00:00+00:00,61569.8,5700.805,13217.54,4.665,61905.23,18923.01,0.9952176027737294,-0.0976827678217159,-1.0,-1.8369701987210294e-16,0.4338837391175582,-0.900968867902419,0,weekday,19.325
2021-04-09,2021,4,9,99,18,4,84.9,2021-04-09 18:00:00+00:00,2021-04-09 19:00:00+00:00,61088.455,2030.235,6882.905,5.555,52712.05,8918.695,0.9933900548258936,-0.114787625522127,-1.0,-1.8369701987210294e-16,-0.433883739117558,-0.9009688679024191,0,weekday,19.35
2021-04-10,2021,4,10,100,18,5,68.92,2021-04-10 18:00:00+00:00,2021-04-10 19:00:00+00:00,51922.535,815.9225,9604.855,4.7675,51001.52,10425.545,0.9912685467787256,-0.1318585157173911,-1.0,-1.8369701987210294e-16,-0.9749279121818236,-0.2225209339563146,0,weekend,18.94
2021-04-11,2021,4,11,101,18,6,67.24,2021-04-11 18:00:00+00:00,2021-04-11 19:00:00+00:00,49708.845,3345.04,11718.2575,5.279999999999999,50214.73,15068.5775,0.9888537064205885,-0.1488903868564548,-1.0,-1.8369701987210294e-16,-0.7818314824680299,0.6234898018587334,0,weekend,19.1675
2021-04-12,2021,4,12,102,18,0,80.1,2021-04-12 18:00:00+00:00,2021-04-12 19:00:00+00:00,61453.02,4419.6,6949.6925,14.49,61567.29,11383.7825,0.986146248341595,-0.1658781989346314,-1.0,-1.8369701987210294e-16,0.0,1.0,0,weekday,19.395
2021-04-13,2021,4,13,103,18,1,88.32,2021-04-13 18:00:00+00:00,2021-04-13 19:00:00+00:00,60845.185,2830.0925,10313.985,28.095,63185.29,13172.1725,0.98314697372215,-0.1828169249850199,-1.0,-1.8369701987210294e-16,0.7818314824680298,0.6234898018587336,0,weekday,19.72
2021-04-14,2021,4,14,104,18,2,100.0,2021-04-14 18:00:00+00:00,2021-04-14 19:00:00+00:00,59067.25,1172.06,4794.0525,29.9725,58432.76,5996.084999999999,0.9798567700958664,-0.1997015525660636,-1.0,-1.8369701987210294e-16,0.9749279121818236,-0.2225209339563143,0,weekday,19.6
2021-04-15,2021,4,15,105,18,3,81.05,2021-04-15 18:00:00+00:00,2021-04-15 19:00:00+00:00,59273.6525,1273.69,10385.685,34.4475,62044.32,11693.8225,0.976276611086932,-0.2165270852448143,-1.0,-1.8369701987210294e-16,0.4338837391175582,-0.900968867902419,0,weekday,19.9
2021-04-16,2021,4,16,106,18,4,78.07,2021-04-16 18:00:00+00:00,2021-04-16 19:00:00+00:00,57658.37,2062.475,8743.805,50.900000000000006,58423.74,10857.18,0.9724075561219968,-0.2332885440754551,-1.0,-1.8369701987210294e-16,-0.433883739117558,-0.9009688679024191,0,weekday,20.625
2021-04-17,2021,4,17,107,18,5,78.47,2021-04-17 18:00:00+00:00,2021-04-17 19:00:00+00:00,49355.6975,1975.675,5982.4975,49.865,53347.53,8008.0375,0.9682507501166718,-0.2499809690726521,-1.0,-1.8369701987210294e-16,-0.9749279121818236,-0.2225209339563146,0,weekend,20.54
2021-04-18,2021,4,18,108,18,6,80.93,2021-04-18 18:00:00+00:00,2021-04-18 19:00:00+00:00,50172.28,1363.345,4968.49,65.625,52138.43,6397.46,0.9638074231367308,-0.2665994206792935,-1.0,-1.8369701987210294e-16,-0.7818314824680299,0.6234898018587334,0,weekend,20.7075
2021-04-19,2021,4,19,109,18,0,100.0,2021-04-19 18:00:00+00:00,2021-04-19 19:00:00+00:00,60069.6625,1527.0775,5048.0525,85.96,56746.91,6661.09,0.9590788900341132,-0.2831389812281835,-1.0,-1.8369701987210294e-16,0.0,1.0,0,weekday,20.875
2021-04-20,2021,4,20,110,18,1,101.73,2021-04-20 18:00:00+00:00,2021-04-20 19:00:00+00:00,59869.67,286.575,2656.6975,113.335,56397.19,3056.6075,0.9540665500578388,-0.2995947563972602,-1.0,-1.8369701987210294e-16,0.7818314824680298,0.6234898018587336,0,weekday,20.85
2021-04-21,2021,4,21,111,18,2,78.02,2021-04-21 18:00:00+00:00,2021-04-21 19:00:00+00:00,60105.035,5335.7175,18066.005,110.3625,65103.52,23512.085,0.9487718864399473,-0.3159618766579029,-1.0,-1.8369701987210294e-16,0.9749279121818236,-0.2225209339563143,0,weekday,21.015
2021-04-22,2021,4,22,112,18,3,84.42,2021-04-22 18:00:00+00:00,2021-04-22 19:00:00+00:00,59651.4475,4860.0475,17989.1325,148.64249999999998,62987.4,22997.8225,0.9431964659565866,-0.3322354987159043,-1.0,-1.8369701987210294e-16,0.4338837391175582,-0.900968867902419,0,weekday,21.3
2021-04-23,2021,4,23,113,18,4,81.02,2021-04-23 18:00:00+00:00,2021-04-23 19:00:00+00:00,59013.53,1880.92,8612.8225,153.8375,50739.02,10647.58,0.9373419384643772,-0.3484108069446808,-1.0,-1.8369701987210294e-16,-0.433883739117558,-0.9009688679024191,0,weekday,20.8
2021-04-24,2021,4,24,114,18,5,73.43,2021-04-24 18:00:00+00:00,2021-04-24 19:00:00+00:00,51372.445,3198.29,7103.2875,164.5075,47871.69,10466.085,0.9312100364121948,-0.3644830148102912,-1.0,-1.8369701987210294e-16,-0.9749279121818236,-0.2225209339563146,0,weekend,20.045
2021-04-25,2021,4,25,115,18,6,67.88,2021-04-25 18:00:00+00:00,2021-04-25 19:00:00+00:00,48576.7625,1123.8525,7640.5525,220.0975,44075.36,8984.502499999999,0.9248025743285088,-0.3804473662878516,-1.0,-1.8369701987210294e-16,-0.7818314824680299,0.6234898018587334,0,weekend,20.122500000000002
2021-04-26,2021,4,26,116,18,0,81.02,2021-04-26 18:00:00+00:00,2021-04-26 19:00:00+00:00,58680.9575,319.6575,6287.0125,220.5375,53142.35,6827.2075,0.9181214482844364,-0.3962991372689181,-1.0,-1.8369701987210294e-16,0.0,1.0,0,weekday,20.2
2021-04-27,2021,4,27,117,18,1,80.87,2021-04-27 18:00:00+00:00,2021-04-27 19:00:00+00:00,59711.81,2245.945,10450.6975,240.1275,59634.5,12936.77,0.9111686353326632,-0.4120336369594263,-1.0,-1.8369701987210294e-16,0.7818314824680298,0.6234898018587336,0,weekday,19.93
2021-04-28,2021,4,28,118,18,2,77.12,2021-04-28 18:00:00+00:00,2021-04-28 19:00:00+00:00,59999.18,3013.585,10292.6575,211.3675,59117.94,13517.61,0.9039461929224012,-0.4276462092677746,-1.0,-1.8369701987210294e-16,0.9749279121818236,-0.2225209339563143,0,weekday,21.79
2021-04-29,2021,4,29,119,18,3,73.96,2021-04-29 18:00:00+00:00,2021-04-29 19:00:00+00:00,60973.425,3325.6125,14730.2075,221.94,62795.39,18277.76,0.8964562582905575,-0.4431322341826345,-1.0,-1.8369701987210294e-16,0.4338837391175582,-0.900968867902419,0,weekday,21.665
2021-04-30,2021,4,30,120,18,4,80.96,2021-04-30 18:00:00+00:00,2021-04-30 19:00:00+00:00,58054.2075,143.8825,1783.045,206.9325,50498.45,2133.86,0.8887010478292915,-0.4584871291400876,-1.0,-1.8369701987210294e-16,-0.433883739117558,-0.9009688679024191,0,weekday,22.965
2021-05-01,2021,5,1,121,18,5,68.69,2021-05-01 18:00:00+00:00,2021-05-01 19:00:00+00:00,50100.8825,2094.9525000000003,4679.95,209.695,41022.93,6984.5975,0.8806828564301475,-0.47370635037968,-1.0,-1.8369701987210294e-16,-0.9749279121818236,-0.2225209339563146,1,holiday,23.285
2021-05-02,2021,5,2,122,18,6,67.11,2021-05-02 18:00:00+00:00,2021-05-02 19:00:00+00:00,50923.3725,2657.7675,13510.98,304.4,47628.52,16473.1475,0.8724040568049612,-0.4887853942889926,-1.0,-1.8369701987210294e-16,-0.7818314824680299,0.6234898018587334,0,weekend,23.55
2021-05-03,2021,5,3,123,18,0,87.0,2021-05-03 18:00:00+00:00,2021-05-03 19:00:00+00:00,59999.4175,1924.96,6999.575,328.6325,48216.56,9253.1675,0.8638670987837349,-0.503719798736334,-1.0,-1.8369701987210294e-16,0.0,1.0,0,weekday,23.815
2021-05-04,2021,5,4,124,18,1,50.53,2021-05-04 18:00:00+00:00,2021-05-04 19:00:00+00:00,61748.2825,4234.415,37100.1475,291.3225,70114.25,41625.885,0.8550745085896932,-0.518505144391157,-1.0,-1.8369701987210294e-16,0.7818314824680298,0.6234898018587336,0,weekday,24.105
2021-05-05,2021,5,5,125,18,2,64.95,2021-05-05 18:00:00+00:00,2021-05-05 19:00:00+00:00,62049.0425,4248.665,29674.215,387.6975,67416.2,34310.5775,0.8460288880917339,-0.533137056031809,-1.0,-1.8369701987210294e-16,0.9749279121818236,-0.2225209339563143,0,weekday,23.4
2021-05-06,2021,5,6,126,18,3,92.73,2021-05-06 18:00:00+00:00,2021-05-06 19:00:00+00:00,66470.68,563.2625,3220.3575,262.8325,47888.83,4046.4525,0.8367329140344921,-0.5476112038402312,-1.0,-1.8369701987210294e-16,0.4338837391175582,-0.900968867902419,0,weekday,24.13
2021-05-07,2021,5,7,127,18,4,84.2,2021-05-07 18:00:00+00:00,2021-05-07 19:00:00+00:00,62605.7225,2347.5175,12205.16,486.48,52417.51,15039.1575,0.8271893372462497,-0.5619233046832195,-1.0,-1.8369701987210294e-16,-0.433883739117558,-0.9009688679024191,0,weekday,24.225
2021-05-08,2021,5,8,128,18,5,66.27,2021-05-08 18:00:00+00:00,2021-05-08 19:00:00+00:00,51978.945,3638.5325,14039.9575,381.5175,49379.24,18060.007500000003,0.8174009818249189,-0.5760691233798758,-1.0,-1.8369701987210294e-16,-0.9749279121818236,-0.2225209339563146,0,weekend,23.94
2021-05-09,2021,5,9,129,18,6,60.75,2021-05-09 18:00:00+00:00,2021-05-09 19:00:00+00:00,51369.165,1661.3675,20373.8525,513.2925,48066.9,22548.5125,0.8073707443023492,-0.5900444739548627,-1.0,-1.8369701987210294e-16,-0.7818314824680299,0.6234898018587334,0,weekend,24.5575
2021-05-10,2021,5,10,130,18,0,90.12,2021-05-10 18:00:00+00:00,2021-05-10 19:00:00+00:00,61044.7325,1521.175,4331.5225,385.7275,47924.67,6238.425,0.7971015927871943,-0.6038452208771035,-1.0,-1.8369701987210294e-16,0.0,1.0,0,weekday,25.175
2021-05-11,2021,5,11,131,18,1,80.0,2021-05-11 18:00:00+00:00,2021-05-11 19:00:00+00:00,61365.0125,1513.96,7856.8525,274.3,52458.13,9645.1125,0.7865965660866021,-0.6174672802835514,-1.0,-1.8369701987210294e-16,0.7818314824680298,0.6234898018587336,0,weekday,24.8
2021-05-12,2021,5,12,132,18,2,80.97,2021-05-12 18:00:00+00:00,2021-05-12 19:00:00+00:00,60880.445,544.6475,5188.2925000000005,366.225,48943.2,6099.165000000001,0.7758587728069828,-0.6309066211876704,-1.0,-1.8369701987210294e-16,0.9749279121818236,-0.2225209339563143,0,weekday,26.44
2021-05-13,2021,5,13,133,18,3,77.76,2021-05-13 18:00:00+00:00,2021-05-13 19:00:00+00:00,49475.7875,937.49,6008.7125,413.4925,42936.79,7359.695,0.7648913904341225,-0.6441592666722685,-1.0,-1.8369701987210294e-16,0.4338837391175582,-0.900968867902419,1,holiday,25.75
2021-05-14,2021,5,14,134,18,4,84.9,2021-05-14 18:00:00+00:00,2021-05-14 19:00:00+00:00,57008.0325,611.49,3868.6975,625.2175,41660.59,5105.405,0.753697664392914,-0.6572212950663319,-1.0,-1.8369701987210294e-16,-0.433883739117558,-0.9009688679024191,0,weekday,26.35
2021-05-15,2021,5,15,135,18,5,75.65,2021-05-15 18:00:00+00:00,2021-05-15 19:00:00+00:00,52373.46,646.64,6615.2925,443.19,40538.57,7705.122499999999,0.742280907086982,-0.6700888411055113,-1.0,-1.8369701987210294e-16,-0.9749279121818236,-0.2225209339563146,0,weekend,26.83
2021-05-16,2021,5,16,136,18,6,84.89,2021-05-16 18:00:00+00:00,2021-05-16 19:00:00+00:00,51937.73,224.4725,4890.8025,646.6899999999999,38820.44,5761.964999999999,0.7306444969184916,-0.6827580970759147,-1.0,-1.8369701987210294e-16,-0.7818314824680299,0.6234898018587334,0,weekend,26.465
2021-05-17,2021,5,17,137,18,0,88.92,2021-05-17 18:00:00+00:00,2021-05-17 19:00:00+00:00,62026.9725,222.475,8396.465,661.7725,48690.93,9280.7125,0.7187918772884232,-0.6952253139408722,-1.0,-1.8369701987210294e-16,0.0,1.0,0,weekday,26.1
2021-05-18,2021,5,18,138,18,1,89.95,2021-05-18 18:00:00+00:00,2021-05-18 19:00:00+00:00,60929.26,308.57500000000005,4440.54,701.3575000000001,48145.43,5450.4725,0.7067265555776158,-0.7074868024503348,-1.0,-1.8369701987210294e-16,0.7818314824680298,0.6234898018587336,0,weekday,25.4
2021-05-19,2021,5,19,139,18,2,92.81,2021-05-19 18:00:00+00:00,2021-05-19 19:00:00+00:00,60035.0425,555.6324999999999,2988.8075,719.9175,48038.16,4264.3575,0.6944521021088763,-0.719538934232584,-1.0,-1.8369701987210294e-16,0.9749279121818236,-0.2225209339563143,0,weekday,24.05
2021-05-20,2021,5,20,140,18,3,87.08,2021-05-20 18:00:00+00:00,2021-05-20 19:00:00+00:00,59720.86,1319.2075,4065.7675,819.505,48893.32,6204.4800000000005,0.6819721490904629,-0.7313781428679254,-1.0,-1.8369701987210294e-16,0.4338837391175582,-0.900968867902419,0,weekday,23.1
2021-05-21,2021,5,21,141,18,4,63.92,2021-05-21 18:00:00+00:00,2021-05-21 19:00:00+00:00,57878.855,4983.3825,16163.255,705.5375,54761.13,21852.175,0.6692903895412567,-0.7430009249440493,-1.0,-1.8369701987210294e-16,-0.433883739117558,-0.9009688679024191,0,weekday,25.3
2021-05-22,2021,5,22,142,18,5,45.72,2021-05-22 18:00:00+00:00,2021-05-22 19:00:00+00:00,50856.64,5176.545,23267.675,725.7175,57385.57,29169.9375,0.6564105761979381,-0.7544038410927472,-1.0,-1.8369701987210294e-16,-0.9749279121818236,-0.2225209339563146,0,weekend,24.795
2021-05-23,2021,5,23,143,18,6,80.34,2021-05-23 18:00:00+00:00,2021-05-23 19:00:00+00:00,45889.235,2032.9175,4707.785,967.76,39656.44,7708.4625,0.6433365204044917,-0.765583517007675,-1.0,-1.8369701987210294e-16,-0.7818314824680299,0.6234898018587334,0,weekend,24.635
2021-05-24,2021,5,24,144,18,0,70.71,2021-05-24 18:00:00+00:00,2021-05-24 19:00:00+00:00,48964.41,1860.3725,11362.6625,564.705,46286.22,13787.74,0.6300720909843687,-0.7765366444428655,-1.0,-1.8369701987210294e-16,0.0,1.0,1,holiday,24.475
2021-05-25,2021,5,25,145,18,1,77.98,2021-05-25 18:00:00+00:00,2021-05-25 19:00:00+00:00,59088.3325,2551.0525,19345.6475,826.3325,59005.19,22723.0325,0.6166212130956382,-0.7872599821916922,-1.0,-1.8369701987210294e-16,0.7818314824680298,0.6234898018587336,0,weekday,25.25
2021-05-26,2021,5,26,146,18,2,80.0,2021-05-26 18:00:00+00:00,2021-05-26 19:00:00+00:00,59553.2825,3919.51,17879.2475,717.51,62800.63,22516.2675,0.6029878670694714,-0.7977503570459932,-1.0,-1.8369701987210294e-16,0.9749279121818236,-0.2225209339563143,0,weekday,26.775
2021-05-27,2021,5,27,147,18,3,88.87,2021-05-27 18:00:00+00:00,2021-05-27 19:00:00+00:00,60399.97,2046.28,9817.2,893.135,55171.37,12756.615000000002,0.5891760872322963,-0.8080046647350754,-1.0,-1.8369701987210294e-16,0.4338837391175582,-0.900968867902419,0,weekday,25.645
2021-05-28,2021,5,28,148,18,4,82.9,2021-05-28 18:00:00+00:00,2021-05-28 19:00:00+00:00,58620.052500000005,667.6949999999999,4447.6625,1122.7075,49562.16,6238.0650000000005,0.5751899607119775,-0.8180198708443174,-1.0,-1.8369701987210294e-16,-0.433883739117558,-0.9009688679024191,0,weekday,25.1
2021-05-29,2021,5,29,149,18,5,71.85,2021-05-29 18:00:00+00:00,2021-05-29 19:00:00+00:00,51000.805,1095.1275,5730.66,1179.1725,43629.09,8004.96,0.5610336262283677,-0.8277930117131022,-1.0,-1.8369701987210294e-16,-0.9749279121818236,-0.2225209339563146,0,weekend,24.93
2021-05-30,2021,5,30,150,18,6,78.08,2021-05-30 18:00:00+00:00,2021-05-30 19:00:00+00:00,50799.3925,262.325,5536.110000000001,1223.395,41814.7,7021.83,0.5467112728685939,-0.8373211953118121,-1.0,-1.8369701987210294e-16,-0.7818314824680299,0.6234898018587334,0,weekend,25.013333333333332
2021-05-31,2021,5,31,151,18,0,86.0,2021-05-31 18:00:00+00:00,2021-05-31 19:00:00+00:00,57276.02,817.635,3886.3125,1227.9275,47430.1,5931.875,0.5322271388474397,-0.8466016020976267,-1.0,-1.8369701987210294e-16,0.0,1.0,0,weekday,25.096666666666668
2021-06-01,2021,6,1,152,18,1,85.14,2021-06-01 18:00:00+00:00,2021-06-01 19:00:00+00:00,57463.4,1014.5875,6221.11,1286.5025,49760.14,8522.199999999999,0.5175855102531889,-0.8556314858488706,-1.0,-1.8369701987210294e-16,0.7818314824680298,0.6234898018587336,0,weekday,25.18
2021-06-02,2021,6,2,153,18,2,82.91,2021-06-02 18:00:00+00:00,2021-06-02 19:00:00+00:00,57101.46,4060.635,9205.62,1286.7475,53942.9,14553.0025,0.5027907197793043,-0.8644081744776648,-1.0,-1.8369701987210294e-16,0.9749279121818236,-0.2225209339563143,0,weekday,25.7
2021-06-03,2021,6,3,154,18,3,82.03,2021-06-03 18:00:00+00:00,2021-06-03 19:00:00+00:00,50541.6875,1487.245,6983.6475,1119.1775,47933.65,9590.07,0.4878471454423119,-0.8729290708206411,-1.0,-1.8369701987210294e-16,0.4338837391175582,-0.900968867902419,0,weekday,26.25
2021-06-04,2021,6,4,155,18,4,81.69,2021-06-04 18:00:00+00:00,2021-06-04 19:00:00+00:00,56492.5025,613.0625,3255.12,1066.8025,45404.88,4934.985,0.4727592092862775,-0.881191653407483,-1.0,-1.8369701987210294e-16,-0.433883739117558,-0.9009688679024191,0,weekday,25.75
2021-06-05,2021,6,5,156,18,5,76.01,2021-06-05 18:00:00+00:00,2021-06-05 19:00:00+00:00,49236.215,1195.3075,7005.7925,845.485,44181.06,9046.585,0.4575313760742512,-0.8891934772070711,-1.0,-1.8369701987210294e-16,-0.9749279121818236,-0.2225209339563146,0,weekend,25.795
2021-06-06,2021,6,6,157,18,6,76.38,2021-06-06 18:00:00+00:00,2021-06-06 19:00:00+00:00,48696.2375,1915.845,4102.0775,907.5975,40882.28,6925.52,0.442168151967072,-0.8969321743510065,-1.0,-1.8369701987210294e-16,-0.7818314824680299,0.6234898018587334,0,weekend,25.8475
2021-06-07,2021,6,7,158,18,0,89.95,2021-06-07 18:00:00+00:00,2021-06-07 19:00:00+00:00,58610.25,467.42,4088.9525,1176.0825,49748.44,5732.455,0.4266740831899246,-0.9044054548343,-1.0,-1.8369701987210294e-16,0.0,1.0,0,weekday,25.9
2021-06-08,2021,6,8,159,18,1,99.32,2021-06-08 18:00:00+00:00,2021-06-08 19:00:00+00:00,58204.4125,298.76,3781.4525,1266.2475,52761.0,5346.459999999999,0.4110537546870351,-0.911611107193024,-1.0,-1.8369701987210294e-16,0.7818314824680298,0.6234898018587336,0,weekday,27.475
2021-06-09,2021,6,9,160,18,2,98.51,2021-06-09 18:00:00+00:00,2021-06-09 19:00:00+00:00,58291.6175,201.13,1238.9125,1439.75,49729.08,2879.7925,0.3953117887649151,-0.9185469991587164,-1.0,-1.8369701987210294e-16,0.9749279121818236,-0.2225209339563143,0,weekday,27.9
2021-06-10,2021,6,10,161,18,3,95.88,2021-06-10 18:00:00+00:00,2021-06-10 19:00:00+00:00,58133.045,470.8425,1671.135,1475.3375,49061.97,3617.315,0.3794528437245443,-0.925211078289358,-1.0,-1.8369701987210294e-16,0.4338837391175582,-0.900968867902419,0,weekday,28.275
2021-06-11,2021,6,11,162,18,4,89.92,2021-06-11 18:00:00+00:00,2021-06-11 19:00:00+00:00,56890.1875,2635.42,4224.805,1562.28,49243.2,8422.505000000001,0.3634816124829063,-0.9316013725767188,-1.0,-1.8369701987210294e-16,-0.433883739117558,-0.9009688679024191,0,weekday,28.5
2021-06-12,2021,6,12,163,18,5,54.04,2021-06-12 18:00:00+00:00,2021-06-12 19:00:00+00:00,48243.9075,4288.075,21706.8375,1587.115,52786.01,27582.027500000004,0.3474028211842774,-0.9377159910299092,-1.0,-1.8369701987210294e-16,-0.9749279121818236,-0.2225209339563146,0,weekend,27.845
2021-06-13,2021,6,13,164,18,6,83.64,2021-06-13 18:00:00+00:00,2021-06-13 19:00:00+00:00,47900.06,1367.6375,5125.2875,1626.83,37728.69,8119.755,0.3312212278016865,-0.9435531242349544,-1.0,-1.8369701987210294e-16,-0.7818314824680299,0.6234898018587334,0,weekend,28.4725
2021-06-14,2021,6,14,165,18,0,102.28,2021-06-14 18:00:00+00:00,2021-06-14 19:00:00+00:00,58524.0425,1883.9875,2966.4825,1536.4175,47461.84,6386.887500000001,0.3149416207289519,-0.9491110448902284,-1.0,-1.8369701987210294e-16,0.0,1.0,0,weekday,29.1
2021-06-15,2021,6,15,166,18,1,100.0,2021-06-15 18:00:00+00:00,2021-06-15 19:00:00+00:00,58918.1275,180.0475,2732.45,1568.6375,50343.49,4481.135,0.2985688173637202,-0.9543881083175908,-1.0,-1.8369701987210294e-16,0.7818314824680298,0.6234898018587336,0,weekday,28.3
2021-06-16,2021,6,16,167,18,2,111.53,2021-06-16 18:00:00+00:00,2021-06-16 19:00:00+00:00,59014.455,2075.59,5107.56,1574.9699999999998,54525.41,8758.12,0.2821076626819194,-0.9593827529490744,-1.0,-1.8369701987210294e-16,0.9749279121818236,-0.2225209339563143,0,weekday,28.0
2021-06-17,2021,6,17,168,18,3,103.46,2021-06-17 18:00:00+00:00,2021-06-17 19:00:00+00:00,59462.2475,1441.315,6661.6725,1553.0925,54109.82,9656.08,0.2655630278040559,-0.9640935007889756,-1.0,-1.8369701987210294e-16,0.4338837391175582,-0.900968867902419,0,weekday,27.8
2021-06-18,2021,6,18,169,18,4,96.91,2021-06-18 18:00:00+00:00,2021-06-18 19:00:00+00:00,57268.7175,3937.185,5596.1875,1417.28,54861.59,10950.6525,0.2489398085537665,-0.9685189578512204,-1.0,-1.8369701987210294e-16,-0.433883739117558,-0.9009688679024191,0,weekday,28.935
2021-06-19,2021,6,19,170,18,5,92.75,2021-06-19 18:00:00+00:00,2021-06-19 19:00:00+00:00,51634.93,798.72,3846.4725,1435.095,42564.83,6080.2875,0.2322429240090701,-0.9726578145718654,-1.0,-1.8369701987210294e-16,-0.9749279121818236,-0.2225209339563146,0,weekend,29.405
2021-06-20,2021,6,20,171,18,6,86.21,2021-06-20 18:00:00+00:00,2021-06-20 19:00:00+00:00,49257.1975,1057.9375,4019.15,1388.5175,41231.84,6465.605,0.2154773150467301,-0.976508846196619,-1.0,-1.8369701987210294e-16,-0.7818314824680299,0.6234898018587334,0,weekend,29.6875
2021-06-21,2021,6,21,172,18,0,94.07,2021-06-21 18:00:00+00:00,2021-06-21 19:00:00+00:00,59943.5025,4061.475,8044.275,1393.675,52771.27,13499.425,0.1986479428801711,-0.9800709131432666,-1.0,-1.8369701987210294e-16,0.0,1.0,0,weekday,29.97
2021-06-22,2021,6,22,173,18,1,100.1,2021-06-22 18:00:00+00:00,2021-06-22 19:00:00+00:00,59556.26,1938.7375,5025.54,1263.0325,53968.87,8227.31,0.1817597875913753,-0.9833429613388902,-1.0,-1.8369701987210294e-16,0.7818314824680298,0.6234898018587336,0,weekday,30.05
2021-06-23,2021,6,23,174,18,2,133.38,2021-06-23 18:00:00+00:00,2021-06-23 19:00:00+00:00,60212.095,654.4125,3210.015,1338.96,53679.25,5203.3875,0.1648178466571979,-0.9863240225317866,-1.0,-1.8369701987210294e-16,0.9749279121818236,-0.2225209339563143,0,weekday,31.35
2021-06-24,2021,6,24,175,18,3,124.37,2021-06-24 18:00:00+00:00,2021-06-24 19:00:00+00:00,59209.350000000006,254.6575,2864.8275,1069.4425,51864.02,4188.9275,0.1478271334705304,-0.9890132145779884,-1.0,-1.8369701987210294e-16,0.4338837391175582,-0.900968867902419,0,weekday,31.55
2021-06-25,2021,6,25,176,18,4,109.08,2021-06-25 18:00:00+00:00,2021-06-25 19:00:00+00:00,56255.7625,211.305,1080.025,1574.665,48177.77,2865.995,0.1307926758567592,-0.9914097417023038,-1.0,-1.8369701987210294e-16,-0.433883739117558,-0.9009688679024191,0,weekday,31.95
2021-06-26,2021,6,26,177,18,5,95.95,2021-06-26 18:00:00+00:00,2021-06-26 19:00:00+00:00,48325.490000000005,218.07,1554.5925,1571.5975,40679.71,3344.26,0.1137195145859496,-0.9935128947338008,-1.0,-1.8369701987210294e-16,-0.9749279121818236,-0.2225209339563146,0,weekend,32.385
2021-06-27,2021,6,27,178,18,6,95.0,2021-06-27 18:00:00+00:00,2021-06-27 19:00:00+00:00,48026.4775,706.4925000000001,2674.175,1479.9175,40895.84,4860.585000000001,0.0966127018812031,-0.9953220513156602,-1.0,-1.8369701987210294e-16,-0.7818314824680299,0.6234898018587334,0,weekend,32.2425
2021-06-28,2021,6,28,179,18,0,117.96,2021-06-28 18:00:00+00:00,2021-06-28 19:00:00+00:00,59380.4575,2510.8450000000003,3999.625,1389.22,52618.24,7899.69,0.0794772999236209,-0.9968366760893436,-1.0,-1.8369701987210294e-16,0.0,1.0,0,weekday,32.1
2021-06-29,2021,6,29,180,18,1,99.06,2021-06-29 18:00:00+00:00,2021-06-29 19:00:00+00:00,60247.1825,2806.5550000000003,3798.3375,1149.8425,53556.06,7754.735,0.062318379354325,-0.998056320853012,-1.0,-1.8369701987210294e-16,0.7818314824680298,0.6234898018587336,0,weekday,32.855
2021-06-30,2021,6,30,181,18,2,98.97,2021-06-30 18:00:00+00:00,2021-06-30 19:00:00+00:00,59728.195,1092.215,7487.12,908.525,51536.77,9487.86,0.0451410177739719,-0.998980624694158,-1.0,-1.8369701987210294e-16,0.9749279121818236,-0.2225209339563143,0,weekday,33.875
2021-07-01,2021,7,1,182,18,3,100.34,2021-07-01 18:00:00+00:00,2021-07-01 19:00:00+00:00,59767.3375,1347.2725,9052.0975,949.285,51932.87,11348.655,0.0279502982402103,-0.999609314096404,-1.0,-1.8369701987210294e-16,0.4338837391175582,-0.900968867902419,0,weekday,35.5
2021-07-02,2021,7,2,183,18,4,109.49,2021-07-02 18:00:00+00:00,2021-07-02 19:00:00+00:00,57867.565,434.0575,2111.8325,1632.94,45779.33,4178.83,0.0107513077635219,-0.9999422030204416,-1.0,-1.8369701987210294e-16,-0.433883739117558,-0.9009688679024191,0,weekday,34.925
2021-07-03,2021,7,3,184,18,5,107.43,2021-07-03 18:00:00+00:00,2021-07-03 19:00:00+00:00,47493.045,334.315,1235.5025,1459.5075,40162.8,3029.325,-0.0064508641981051,-0.9999791929590824,-1.0,-1.8369701987210294e-16,-0.9749279121818236,-0.2225209339563146,0,weekend,35.827
2021-07-04,2021,7,4,185,18,6,100.0,2021-07-04 18:00:00+00:00,2021-07-04 19:00:00+00:00,47560.0475,242.1175,2890.6800000000003,1043.6425,39647.59,4176.4400000000005,-0.0236511272452315,-0.9997202729664084,-1.0,-1.8369701987210294e-16,-0.7818314824680299,0.6234898018587334,0,weekend,36.30133333333333
2021-07-05,2021,7,5,186,18,0,118.0,2021-07-05 18:00:00+00:00,2021-07-05 19:00:00+00:00,59062.8225,286.68,2978.525,1391.5275,47384.24,4656.7325,-0.0408443915432961,-0.9991655196610107,-1.0,-1.8369701987210294e-16,0.0,1.0,0,weekday,36.775666666666666
2021-07-06,2021,7,6,187,18,1,103.47,2021-07-06 18:00:00+00:00,2021-07-06 19:00:00+00:00,59033.66,4937.8475,13327.7525,1080.0225,55905.7,19345.6225,-0.0580255693287803,-0.9983150972033183,-1.0,-1.8369701987210294e-16,0.7818314824680298,0.6234898018587336,0,weekday,37.25
2021-07-07,2021,7,7,188,18,2,130.13,2021-07-07 18:00:00+00:00,2021-07-07 19:00:00+00:00,57712.6825,752.215,1077.2275,1453.585,48834.18,3283.0275,-0.0751895764147585,-0.9971692572470178,-1.0,-1.8369701987210294e-16,0.9749279121818236,-0.2225209339563143,0,weekday,34.315
2021-07-08,2021,7,8,189,18,3,147.0,2021-07-08 18:00:00+00:00,2021-07-08 19:00:00+00:00,59044.7175,100.8825,1840.785,1001.55,49127.62,2943.2175,-0.0923313336953912,-0.9957283388645872,-1.0,-1.8369701987210294e-16,0.4338837391175582,-0.900968867902419,0,weekday,32.29
2021-07-09,2021,7,9,190,18,4,98.25,2021-07-09 18:00:00+00:00,2021-07-09 19:00:00+00:00,56284.83,413.34,3353.315,1268.2925,47751.26,5034.9475,-0.1094457686489155,-0.993992768446958,-1.0,-1.8369701987210294e-16,-0.433883739117558,-0.9009688679024191,0,weekday,35.84
2021-07-10,2021,7,10,191,18,5,99.19,2021-07-10 18:00:00+00:00,2021-07-10 19:00:00+00:00,47407.8225,298.4775,859.385,1424.3275,40286.47,2582.19,-0.1265278168386831,-0.9919630595773395,-1.0,-1.8369701987210294e-16,-0.9749279121818236,-0.2225209339563146,0,weekend,36.632
2021-07-11,2021,7,11,192,18,6,99.76,2021-07-11 18:00:00+00:00,2021-07-11 19:00:00+00:00,47638.5925,1191.91,2806.2875,1476.065,43346.35,5474.262500000001,-0.1435724234118113,-0.9896398128792412,-1.0,-1.8369701987210294e-16,-0.7818314824680299,0.6234898018587334,0,weekend,35.933499999999995
2021-07-12,2021,7,12,193,18,0,112.41,2021-07-12 18:00:00+00:00,2021-07-12 19:00:00+00:00,57338.535,1768.08,3781.8825,1207.5225,49649.84,6757.485,-0.1605745445949937,-0.9870237158387384,-1.0,-1.8369701987210294e-16,0.0,1.0,0,weekday,35.235
2021-07-13,2021,7,13,194,18,1,100.29,2021-07-13 18:00:00+00:00,2021-07-13 19:00:00+00:00,57617.895,664.2825,6593.092500000001,940.1825,52707.66,8197.5575,-0.1775291491870349,-0.984115542601034,-1.0,-1.8369701987210294e-16,0.7818314824680298,0.6234898018587336,0,weekday,34.305
2021-07-14,2021,7,14,195,18,2,94.33,2021-07-14 18:00:00+00:00,2021-07-14 19:00:00+00:00,58017.5625,4311.6075,10224.5175,916.58,55987.66,15452.705,-0.1944312200476619,-0.9809161537413774,-1.0,-1.8369701987210294e-16,0.9749279121818236,-0.2225209339563143,0,weekday,34.835
2021-07-15,2021,7,15,196,18,3,96.3,2021-07-15 18:00:00+00:00,2021-07-15 19:00:00+00:00,58568.9925,4651.495,6983.0575,1137.265,51007.8,12771.8175,-0.2112757555821793,-0.9774264960104057,-1.0,-1.8369701987210294e-16,0.4338837391175582,-0.900968867902419,0,weekday,34.2
2021-07-16,2021,7,16,197,18,4,96.93,2021-07-16 18:00:00+00:00,2021-07-16 19:00:00+00:00,57628.0075,4364.925,5346.282499999999,1365.61,48753.48,11076.8175,-0.2280577712215198,-0.9736476020539838,-1.0,-1.8369701987210294e-16,-0.433883739117558,-0.9009688679024191,0,weekday,35.1
2021-07-17,2021,7,17,198,18,5,81.06,2021-07-17 18:00:00+00:00,2021-07-17 19:00:00+00:00,48052.205,1959.9425,15115.93,1164.3,46050.83,18240.1725,-0.2447723008972595,-0.9695805901076308,-1.0,-1.8369701987210294e-16,-0.9749279121818236,-0.2225209339563146,0,weekend,34.84
2021-07-18,2021,7,18,199,18,6,79.92,2021-07-18 18:00:00+00:00,2021-07-18 19:00:00+00:00,47418.34,3290.685,10712.485,1353.75,43344.64,15356.92,-0.2614143985111562,-0.965226663665613,-1.0,-1.8369701987210294e-16,-0.7818314824680299,0.6234898018587334,0,weekend,35.645
2021-07-19,2021,7,19,200,18,0,115.2,2021-07-19 18:00:00+00:00,2021-07-19 19:00:00+00:00,57606.6425,1438.0375,5300.82,1211.1475,47674.38,7950.005,-0.2779791393987801,-0.9605871111248128,-1.0,-1.8369701987210294e-16,0.0,1.0,0,weekday,36.45
2021-07-20,2021,7,20,201,18,1,112.7,2021-07-20 18:00:00+00:00,2021-07-20 19:00:00+00:00,57897.0275,1770.7675,5207.1775,1176.3625,49102.08,8154.3075,-0.2944616217868012,-0.9556633054034704,-1.0,-1.8369701987210294e-16,0.7818314824680298,0.6234898018587336,0,weekday,35.095
2021-07-21,2021,7,21,202,18,2,111.44,2021-07-21 18:00:00+00:00,2021-07-21 19:00:00+00:00,57801.9825,539.29,1837.965,1108.32,46317.28,3485.575,-0.3108569682435036,-0.9504567035349152,-1.0,-1.8369701987210294e-16,0.9749279121818236,-0.2225209339563143,0,weekday,35.5
2021-07-22,2021,7,22,203,18,3,105.0,2021-07-22 18:00:00+00:00,2021-07-22 19:00:00+00:00,58189.6475,1056.0125,2567.2075,1109.26,46750.42,4732.4800000000005,-0.3271603271220951,-0.9449688462364056,-1.0,-1.8369701987210294e-16,0.4338837391175582,-0.900968867902419,0,weekday,35.675
2021-07-23,2021,7,23,204,18,4,106.01,2021-07-23 18:00:00+00:00,2021-07-23 19:00:00+00:00,56496.755,38.93,1599.4225,1104.7375,45385.53,2743.09,-0.343366873996388,-0.939201357453208,-1.0,-1.8369701987210294e-16,-0.433883739117558,-0.9009688679024191,0,weekday,35.815
2021-07-24,2021,7,24,205,18,5,90.04,2021-07-24 18:00:00+00:00,2021-07-24 19:00:00+00:00,48590.775,2433.2075,8838.075,788.0074999999999,42465.46,12059.29,-0.3594718130884232,-0.9331559438780432,-1.0,-1.8369701987210294e-16,-0.9749279121818236,-0.2225209339563146,0,weekend,35.525
2021-07-25,2021,7,25,206,18,6,91.46,2021-07-25 18:00:00+00:00,2021-07-25 19:00:00+00:00,48358.4175,1452.6475,2468.94,873.3025,38618.45,4794.89,-0.3754703786876202,-0.9268343944460494,-1.0,-1.8369701987210294e-16,-0.7818314824680299,0.6234898018587334,0,weekend,35.832499999999996
2021-07-26,2021,7,26,207,18,0,109.0,2021-07-26 18:00:00+00:00,2021-07-26 19:00:00+00:00,57904.055,346.995,3002.72,884.625,47051.64,4234.34,-0.3913578365610259,-0.9202385798054076,-1.0,-1.8369701987210294e-16,0.0,1.0,0,weekday,36.14
2021-07-27,2021,7,27,208,18,1,107.79,2021-07-27 18:00:00+00:00,2021-07-27 19:00:00+00:00,58075.0525,512.7775,3448.3375,761.2175,48909.18,4722.3325,-0.4071294853542516,-0.9133704517637858,-1.0,-1.8369701987210294e-16,0.7818314824680298,0.6234898018587336,0,weekday,37.695
2021-07-28,2021,7,28,209,18,2,94.93,2021-07-28 18:00:00+00:00,2021-07-28 19:00:00+00:00,57991.0025,4352.36,11838.1575,977.0725,52716.4,17167.589999999997,-0.4227806579826773,-0.9062320427107696,-1.0,-1.8369701987210294e-16,0.9749279121818236,-0.2225209339563143,0,weekday,38.465
2021-07-29,2021,7,29,210,18,3,94.26,2021-07-29 18:00:00+00:00,2021-07-29 19:00:00+00:00,57197.4275,5519.6375,13730.0475,940.3825,53461.98,20190.0675,-0.4383067230125192,-0.898825465016444,-1.0,-1.8369701987210294e-16,0.4338837391175582,-0.900968867902419,0,weekday,40.35
2021-07-30,2021,7,30,211,18,4,116.17,2021-07-30 18:00:00+00:00,2021-07-30 19:00:00+00:00,56237.6225,1119.925,6029.1175,857.2075,44626.43,8006.25,-0.4537030860313442,-0.8911529104063088,-1.0,-1.8369701987210294e-16,-0.433883739117558,-0.9009688679024191,0,weekday,40.51
2021-07-31,2021,7,31,212,18,5,69.93,2021-07-31 18:00:00+00:00,2021-07-31 19:00:00+00:00,48293.7275,2915.6025,14599.3325,882.13,45981.98,18397.065,-0.4689651910076318,-0.8832166493127127,-1.0,-1.8369701987210294e-16,-0.9749279121818236,-0.2225209339563146,0,weekend,40.755
2021-08-01,2021,8,1,213,18,6,80.0,2021-08-01 18:00:00+00:00,2021-08-01 19:00:00+00:00,46800.7125,2311.9975,5628.3125,648.0925,39825.83,8588.4025,-0.4840885216389758,-0.8750190302029955,-1.0,-1.8369701987210294e-16,-0.7818314824680299,0.6234898018587334,0,weekend,41.4275
2021-08-02,2021,8,2,214,18,0,116.7,2021-08-02 18:00:00+00:00,2021-08-02 19:00:00+00:00,56470.6775,1472.6875,4816.715,783.165,46267.08,7072.5675,-0.4990686026885319,-0.8665624788845385,-1.0,-1.8369701987210294e-16,0.0,1.0,0,weekday,42.1
2021-08-03,2021,8,3,215,18,1,117.76,2021-08-03 18:00:00+00:00,2021-08-03 19:00:00+00:00,56593.21,115.725,1915.4675,608.4200000000001,45616.74,2639.6125,-0.5139010013093103,-0.8578494977869301,-1.0,-1.8369701987210294e-16,0.7818314824680298,0.6234898018587336,0,weekday,41.59
2021-08-04,2021,8,4,216,18,2,124.0,2021-08-04 18:00:00+00:00,2021-08-04 19:00:00+00:00,55503.365000000005,235.8875,1683.14,578.265,46926.42,2497.2925,-0.5285813283559292,-0.8488826652214553,-1.0,-1.8369701987210294e-16,0.9749279121818236,-0.2225209339563143,0,weekday,41.54
2021-08-05,2021,8,5,217,18,3,111.74,2021-08-05 18:00:00+00:00,2021-08-05 19:00:00+00:00,55538.6025,1760.9025,4196.8875,579.51,46811.58,6537.3,-0.5431052396834317,-0.8396646346181327,-1.0,-1.8369701987210294e-16,0.4338837391175582,-0.900968867902419,0,weekday,41.57
2021-08-06,2021,8,6,218,18,4,84.27,2021-08-06 18:00:00+00:00,2021-08-06 19:00:00+00:00,53431.05,2633.9975,7939.705,556.13,44974.01,11129.8325,-0.5574684374327892,-0.8301981337405212,-1.0,-1.8369701987210294e-16,-0.433883739117558,-0.9009688679024191,0,weekday,43.9
2021-08-07,2021,8,7,219,18,5,75.1,2021-08-07 18:00:00+00:00,2021-08-07 19:00:00+00:00,48792.4925,990.8875,7405.95,417.8575,40337.48,8814.695,-0.5716666713027052,-0.8204859638785327,-1.0,-1.8369701987210294e-16,-0.9749279121818236,-0.2225209339563146,0,weekend,43.12
2021-08-08,2021,8,8,220,18,6,68.05,2021-08-08 18:00:00+00:00,2021-08-08 19:00:00+00:00,46827.6275,5003.6625,14374.6075,517.2175,47816.86,19895.4875,-0.5856957398073508,-0.8105309990194823,-1.0,-1.8369701987210294e-16,-0.7818314824680299,0.6234898018587334,0,weekend,43.1075
2021-08-09,2021,8,9,221,18,0,107.61,2021-08-09 18:00:00+00:00,2021-08-09 19:00:00+00:00,55640.045,2176.955,7382.425,424.7,44358.77,9984.080000000002,-0.5995514915196489,-0.8003361849976323,-1.0,-1.8369701987210294e-16,0.0,1.0,0,weekday,43.095
2021-08-10,2021,8,10,222,18,1,137.17,2021-08-10 18:00:00+00:00,2021-08-10 19:00:00+00:00,55816.21,635.865,3652.7425,453.265,45009.95,4741.8725,-0.6132298262997502,-0.7899045386224707,-1.0,-1.8369701987210294e-16,0.7818314824680298,0.6234898018587336,0,weekday,44.39
2021-08-11,2021,8,11,223,18,2,140.02,2021-08-11 18:00:00+00:00,2021-08-11 19:00:00+00:00,54645.785,432.1075,781.7725,425.1575,42854.44,1639.0375,-0.6267266965083301,-0.7792391467859886,-1.0,-1.8369701987210294e-16,0.9749279121818236,-0.2225209339563143,0,weekday,44.975
2021-08-12,2021,8,12,224,18,3,144.0,2021-08-12 18:00:00+00:00,2021-08-12 19:00:00+00:00,55128.805,508.08,1195.95,420.9125,42987.35,2124.9425,-0.6400381082043503,-0.7683431655492202,-1.0,-1.8369701987210294e-16,0.4338837391175582,-0.900968867902419,0,weekday,46.15
2021-08-13,2021,8,13,225,18,4,115.68,2021-08-13 18:00:00+00:00,2021-08-13 19:00:00+00:00,53389.72,3205.9775,8089.665,375.02,50464.51,11670.6625,-0.65316012232693,-0.7572198192083127,-1.0,-1.8369701987210294e-16,-0.433883739117558,-0.9009688679024191,0,weekday,44.415
2021-08-14,2021,8,14,226,18,5,88.56,2021-08-14 18:00:00+00:00,2021-08-14 19:00:00+00:00,46985.8975,4492.855,8508.74,365.35,45184.45,13366.945,-0.666088855860977,-0.7458723993404063,-1.0,-1.8369701987210294e-16,-0.9749279121818236,-0.2225209339563146,0,weekend,44.63
2021-08-15,2021,8,15,227,18,6,94.95,2021-08-15 18:00:00+00:00,2021-08-15 19:00:00+00:00,47325.605,2404.975,3950.7125,298.0225,37096.42,6653.71,-0.6788204829862355,-0.734304263829602,-1.0,-1.8369701987210294e-16,-0.7818314824680299,0.6234898018587334,0,weekend,45.44
2021-08-16,2021,8,16,228,18,0,79.12,2021-08-16 18:00:00+00:00,2021-08-16 19:00:00+00:00,55523.3475,5548.65,23631.9425,172.7975,58174.55,29353.39,-0.6913512362094071,-0.722518835873311,-1.0,-1.8369701987210294e-16,0.0,1.0,0,weekday,46.25
2021-08-17,2021,8,17,229,18,1,92.71,2021-08-17 18:00:00+00:00,2021-08-17 19:00:00+00:00,55847.8475,3504.625,18142.815,195.7025,52418.25,21843.1425,-0.7036774074790128,-0.7105196029692745,-1.0,-1.8369701987210294e-16,0.7818314824680298,0.6234898018587336,0,weekday,46.855
2021-08-18,2021,8,18,230,18,2,95.74,2021-08-18 18:00:00+00:00,2021-08-18 19:00:00+00:00,58572.515,5538.1575,16046.9375,189.4875,54321.47,21774.5825,-0.7157953492826642,-0.6983101158835584,-1.0,-1.8369701987210294e-16,0.9749279121818236,-0.2225209339563143,0,weekday,46.395
2021-08-19,2021,8,19,231,18,3,128.12,2021-08-19 18:00:00+00:00,2021-08-19 19:00:00+00:00,57382.235,1369.645,5052.365,143.8325,48300.78,6565.842500000001,-0.7277014757264236,-0.6858939875998223,-1.0,-1.8369701987210294e-16,0.4338837391175582,-0.900968867902419,0,weekday,44.375
2021-08-20,2021,8,20,232,18,4,126.14,2021-08-20 18:00:00+00:00,2021-08-20 19:00:00+00:00,55443.425,263.14,1507.8275,180.885,44792.23,1951.8525,-0.7393922635959241,-0.673274892250183,-1.0,-1.8369701987210294e-16,-0.433883739117558,-0.9009688679024191,0,weekday,41.57
2021-08-21,2021,8,21,233,18,5,112.17,2021-08-21 18:00:00+00:00,2021-08-21 19:00:00+00:00,47847.095,640.665,1484.835,169.005,39790.51,2294.505,-0.7508642533989489,-0.6604565640279754,-1.0,-1.8369701987210294e-16,-0.9749279121818236,-0.2225209339563146,0,weekend,41.944
2021-08-22,2021,8,22,234,18,6,97.96,2021-08-22 18:00:00+00:00,2021-08-22 19:00:00+00:00,48018.72,3032.605,8168.365,109.7525,43616.33,11310.7225,-0.7621140503891487,-0.6474427960827475,-1.0,-1.8369701987210294e-16,-0.7818314824680299,0.6234898018587334,0,weekend,42.1095
2021-08-23,2021,8,23,235,18,0,110.99,2021-08-23 18:00:00+00:00,2021-08-23 19:00:00+00:00,58709.975,1482.705,11302.2875,137.125,50943.37,12922.1175,-0.7731383255706026,-0.6342374393978054,-1.0,-1.8369701987210294e-16,0.0,1.0,0,weekday,42.275
2021-08-24,2021,8,24,236,18,1,119.44,2021-08-24 18:00:00+00:00,2021-08-24 19:00:00+00:00,58713.91,261.89,6585.785,101.8675,49374.69,6949.5425000000005,-0.7839338166829201,-0.620844401650647,-1.0,-1.8369701987210294e-16,0.7818314824680298,0.6234898018587336,0,weekday,43.625
2021-08-25,2021,8,25,237,18,2,96.0,2021-08-25 18:00:00+00:00,2021-08-25 19:00:00+00:00,57121.04,5749.2575,17145.785,100.5075,57268.06,22995.55,-0.7944973291665992,-0.6072676460566135,-1.0,-1.8369701987210294e-16,0.9749279121818236,-0.2225209339563143,0,weekday,45.83
2021-08-26,2021,8,26,238,18,3,109.0,2021-08-26 18:00:00+00:00,2021-08-26 19:00:00+00:00,57160.8525,5358.3275,11180.7775,68.895,54181.55,16608.0,-0.8048257371083452,-0.593511190196115,-1.0,-1.8369701987210294e-16,0.4338837391175582,-0.900968867902419,0,weekday,44.215
2021-08-27,2021,8,27,239,18,4,113.07,2021-08-27 18:00:00+00:00,2021-08-27 19:00:00+00:00,57519.5375,5107.08,7808.1075,66.7825,51027.32,12981.97,-0.8149159841660791,-0.5795791048257612,-1.0,-1.8369701987210294e-16,-0.433883739117558,-0.9009688679024191,0,weekday,47.806
2021-08-28,2021,8,28,240,18,5,101.32,2021-08-28 18:00:00+00:00,2021-08-28 19:00:00+00:00,47737.245,4879.245,6614.9275,47.7525,44446.55,11541.925,-0.8247650844733614,-0.5654755126737576,-1.0,-1.8369701987210294e-16,-0.9749279121818236,-0.2225209339563146,0,weekend,47.806
2021-08-29,2021,8,29,241,18,6,101.66,2021-08-29 18:00:00+00:00,2021-08-29 19:00:00+00:00,48353.525,3322.0825,9411.5925,42.7325,43920.52,12776.4075,-0.8343701235229538,-0.5512045872199277,-1.0,-1.8369701987210294e-16,-0.7818314824680299,0.6234898018587334,0,weekend,48.328
2021-08-30,2021,8,30,242,18,0,130.04,2021-08-30 18:00:00+00:00,2021-08-30 19:00:00+00:00,57941.0375,1591.6275,9741.8675,43.9775,50848.63,11377.472500000002,-0.8437282590292712,-0.5367705514607103,-1.0,-1.8369701987210294e-16,0.0,1.0,0,weekday,48.85
2021-08-31,2021,8,31,243,18,1,134.9,2021-08-31 18:00:00+00:00,2021-08-31 19:00:00+00:00,58166.6975,1556.8925,7192.4125,30.1925,50311.14,8779.4975,-0.8528367217694595,-0.522177676659508,-1.0,-1.8369701987210294e-16,0.7818314824680298,0.6234898018587336,0,weekday,48.58
2021-09-01,2021,9,1,244,18,2,144.93,2021-09-01 18:00:00+00:00,2021-09-01 19:00:00+00:00,58252.44,617.245,4005.2175,29.3975,49575.59,4651.860000000001,-0.8616928164028522,-0.5074302810827518,-1.0,-1.8369701987210294e-16,0.9749279121818236,-0.2225209339563143,0,weekday,52.25
2021-09-02,2021,9,2,245,18,3,154.94,2021-09-02 18:00:00+00:00,2021-09-02 19:00:00+00:00,58319.0475,272.3875,2440.1275,3.9375,49478.62,2716.4525,-0.8702939222685674,-0.4925327287220543,-1.0,-1.8369701987210294e-16,0.4338837391175582,-0.900968867902419,0,weekday,50.985
2021-09-03,2021,9,3,246,18,4,143.38,2021-09-03 18:00:00+00:00,2021-09-03 19:00:00+00:00,56329.91,1735.295,5080.7875,2.595,51613.11,6818.677500000001,-0.8786374941610001,-0.4774894280028391,-1.0,-1.8369701987210294e-16,-0.433883739117558,-0.9009688679024191,0,weekday,51.8
2021-09-04,2021,9,4,247,18,5,142.4,2021-09-04 18:00:00+00:00,2021-09-04 19:00:00+00:00,49626.62,646.265,3786.535,1.4775,44145.61,4434.2775,-0.886721063082993,-0.4623048304798108,-1.0,-1.8369701987210294e-16,-0.9749279121818236,-0.2225209339563146,0,weekend,51.505
2021-09-05,2021,9,5,248,18,6,139.07,2021-09-05 18:00:00+00:00,2021-09-05 19:00:00+00:00,48823.0075,589.95,4939.0075,0.8275,42961.8,5529.785,-0.8945422369764496,-0.4469834295196741,-1.0,-1.8369701987210294e-16,-0.7818314824680299,0.6234898018587334,0,weekend,52.028333333333336
2021-09-06,2021,9,6,249,18,0,181.72,2021-09-06 18:00:00+00:00,2021-09-06 19:00:00+00:00,59093.755000000005,91.4175,1588.5025,0.775,49007.97,1680.6950000000002,-0.9020987014301836,-0.4315297589714714,-1.0,-1.8369701987210294e-16,0.0,1.0,0,weekday,52.55166666666667
2021-09-07,2021,9,7,250,18,1,164.01,2021-09-07 18:00:00+00:00,2021-09-07 19:00:00+00:00,59603.1225,178.7225,1789.645,0.0,50218.24,1968.3675,-0.9093882203647924,-0.4159483918249421,-1.0,-1.8369701987210294e-16,0.7818314824680298,0.6234898018587336,0,weekday,53.075
2021-09-08,2021,9,8,251,18,2,152.36,2021-09-08 18:00:00+00:00,2021-09-08 19:00:00+00:00,59155.5525,790.255,5950.1425,0.0,53631.28,6740.3975,-0.9164086366943458,-0.4002439388573056,-1.0,-1.8369701987210294e-16,0.9749279121818236,-0.2225209339563143,0,weekday,54.175
2021-09-09,2021,9,9,252,18,3,168.48,2021-09-09 18:00:00+00:00,2021-09-09 19:00:00+00:00,59878.17,748.865,4519.8025,0.0,52082.05,5268.6675,-0.923157872964704,-0.3844210472688554,-1.0,-1.8369701987210294e-16,0.4338837391175582,-0.900968867902419,0,weekday,55.6
2021-09-10,2021,9,10,253,18,4,159.31,2021-09-10 18:00:00+00:00,2021-09-10 19:00:00+00:00,58229.895,207.86,3357.1375,0.0,49335.62,3564.9975,-0.9296339319682696,-0.3684843993077793,-1.0,-1.8369701987210294e-16,-0.433883739117558,-0.9009688679024191,0,weekday,56.0
2021-09-11,2021,9,11,254,18,5,153.9,2021-09-11 18:00:00+00:00,2021-09-11 19:00:00+00:00,49093.935,1937.8025,5123.4075,0.0,47030.0,7061.21,-0.935834897334994,-0.3524387108846032,-1.0,-1.8369701987210294e-16,-0.9749279121818236,-0.2225209339563146,0,weekend,57.916
2021-09-12,2021,9,12,255,18,6,154.17,2021-09-12 18:00:00+00:00,2021-09-12 19:00:00+00:00,49287.295,2991.3100000000004,5162.110000000001,0.0,46637.1,8153.420000000001,-0.9417589340994617,-0.3362887301766828,-1.0,-1.8369701987210294e-16,-0.7818314824680299,0.6234898018587334,0,weekend,58.632999999999996
2021-09-13,2021,9,13,256,18,0,193.21,2021-09-13 18:00:00+00:00,2021-09-13 19:00:00+00:00,59765.41,208.5725,1377.3375,0.0,49524.77,1585.91,-0.9474042892438844,-0.3200392362231385,-1.0,-1.8369701987210294e-16,0.0,1.0,0,weekday,59.35
2021-09-14,2021,9,14,257,18,1,174.25,2021-09-14 18:00:00+00:00,2021-09-14 19:00:00+00:00,60116.7725,1432.5175,5823.215,0.0,54637.12,7255.7325,-0.9527692922168512,-0.3036950375106588,-1.0,-1.8369701987210294e-16,0.7818314824680298,0.6234898018587336,0,weekday,64.55
2021-09-15,2021,9,15,258,18,2,190.0,2021-09-15 18:00:00+00:00,2021-09-15 19:00:00+00:00,60514.3025,1601.4125,5080.38,0.0,51001.53,6681.7925,-0.9578523554276668,-0.2872609705505963,-1.0,-1.8369701987210294e-16,0.9749279121818236,-0.2225209339563143,0,weekday,71.925
2021-09-16,2021,9,16,259,18,3,198.02,2021-09-16 18:00:00+00:00,2021-09-16 19:00:00+00:00,60610.485,3944.2175,10321.3475,0.0,60490.2,14265.565,-0.9626519747161488,-0.2707418984477642,-1.0,-1.8369701987210294e-16,0.4338837391175582,-0.900968867902419,0,weekday,68.535
2021-09-17,2021,9,17,260,18,4,185.2,2021-09-17 18:00:00+00:00,2021-09-17 19:00:00+00:00,59555.35,562.3175,3598.55,0.0,49122.06,4160.8675,-0.9671667297977312,-0.2541427094613622,-1.0,-1.8369701987210294e-16,-0.433883739117558,-0.9009688679024191,0,weekday,66.75
2021-09-18,2021,9,18,261,18,5,178.97,2021-09-18 18:00:00+00:00,2021-09-18 19:00:00+00:00,50334.3375,1588.2424999999998,5604.79,0.0,46574.63,7193.032499999999,-0.97139528468375,-0.2374683155584684,-1.0,-1.8369701987210294e-16,-0.9749279121818236,-0.2225209339563146,0,weekend,65.103
2021-09-19,2021,9,19,262,18,6,170.63,2021-09-19 18:00:00+00:00,2021-09-19 19:00:00+00:00,50414.3675,2595.7575,5944.61,0.0,46841.98,8540.3675,-0.9753363880767836,-0.2207236509605022,-1.0,-1.8369701987210294e-16,-0.7818314824680299,0.6234898018587334,0,weekend,65.41399999999999
2021-09-20,2021,9,20,263,18,0,185.8,2021-09-20 18:00:00+00:00,2021-09-20 19:00:00+00:00,59974.525,136.3775,2561.6325,0.0,49379.12,2698.01,-0.978988873740932,-0.2039136706831147,-1.0,-1.8369701987210294e-16,0.0,1.0,0,weekday,65.725
2021-09-21,2021,9,21,264,18,1,182.87,2021-09-21 18:00:00+00:00,2021-09-21 19:00:00+00:00,60331.4375,1330.31,5396.11,0.0,53281.07,6726.42,-0.9823516608469236,-0.1870433490699165,-1.0,-1.8369701987210294e-16,0.7818314824680298,0.6234898018587336,0,weekday,72.525
2021-09-22,2021,9,22,265,18,2,176.82,2021-09-22 18:00:00+00:00,2021-09-22 19:00:00+00:00,61263.4475,4539.3925,6451.5775,0.0,56975.93,10990.97,-0.9854237542919524,-0.1701176783204905,-1.0,-1.8369701987210294e-16,0.9749279121818236,-0.2225209339563143,0,weekday,70.1
2021-09-23,2021,9,23,266,18,3,92.16,2021-09-23 18:00:00+00:00,2021-09-23 19:00:00+00:00,62257.34,5755.2525,31406.155,0.0,64960.97,37161.4075,-0.9882042449941422,-0.15314166701312,-1.0,-1.8369701987210294e-16,0.4338837391175582,-0.900968867902419,0,weekday,68.0
2021-09-24,2021,9,24,267,18,4,148.84,2021-09-24 18:00:00+00:00,2021-09-24 19:00:00+00:00,60435.255,5765.795,14130.6175,0.0,55535.71,19896.4125,-0.9906923101615608,-0.136120338622667,-1.0,-1.8369701987210294e-16,-0.433883739117558,-0.9009688679024191,0,weekday,68.3
2021-09-25,2021,9,25,268,18,5,188.17,2021-09-25 18:00:00+00:00,2021-09-25 19:00:00+00:00,50435.0725,145.3775,1024.155,0.0,41440.02,1169.5325,-0.9928872135356962,-0.1190587300340498,-1.0,-1.8369701987210294e-16,-0.9749279121818236,-0.2225209339563146,0,weekend,70.24
2021-09-26,2021,9,26,269,18,6,179.18,2021-09-26 18:00:00+00:00,2021-09-26 19:00:00+00:00,49945.6525,1286.94,6024.2075,0.0,43352.07,7311.147500000001,-0.994788305609327,-0.1019618900517457,-1.0,-1.8369701987210294e-16,-0.7818314824680299,0.6234898018587334,0,weekend,72.62
2021-09-27,2021,9,27,270,18,0,169.96,2021-09-27 18:00:00+00:00,2021-09-27 19:00:00+00:00,61596.835,5365.535,10566.2625,0.0,59418.71,15931.7975,-0.9963950238187232,-0.0848348779057653,-1.0,-1.8369701987210294e-16,0.0,1.0,0,weekday,75.0
2021-09-28,2021,9,28,271,18,1,195.33,2021-09-28 18:00:00+00:00,2021-09-28 19:00:00+00:00,61580.2775,1492.9575,1774.2975,0.0,50926.57,3267.255,-0.9977068927101168,-0.0676827617545516,-1.0,-1.8369701987210294e-16,0.7818314824680298,0.6234898018587336,0,weekday,83.0
2021-09-29,2021,9,29,272,18,2,161.44,2021-09-29 18:00:00+00:00,2021-09-29 19:00:00+00:00,62166.37,3916.325,22064.7125,0.0,62208.79,25981.0375,-0.9987235240803972,-0.0505106171852228,-1.0,-1.8369701987210294e-16,0.9749279121818236,-0.2225209339563143,0,weekday,86.5
2021-09-30,2021,9,30,273,18,3,195.28,2021-09-30 18:00:00+00:00,2021-09-30 19:00:00+00:00,61282.9,5993.805,12945.3,0.0,60271.1,18939.105,-0.9994446170919858,-0.0333235257116313,-1.0,-1.8369701987210294e-16,0.4338837391175582,-0.900968867902419,0,weekday,94.92
2021-10-01,2021,10,1,274,18,4,159.01,2021-10-01 18:00:00+00:00,2021-10-01 19:00:00+00:00,61529.42,5643.9375,17506.93,0.0,57861.31,23150.8675,-0.9998699583618592,-0.0161265732706577,-1.0,-1.8369701987210294e-16,-0.433883739117558,-0.9009688679024191,0,weekday,94.665
2021-10-02,2021,10,2,275,18,5,92.55,2021-10-02 18:00:00+00:00,2021-10-02 19:00:00+00:00,50625.6275,5665.605,21850.825,0.0,52815.3,27516.43,-0.9999994220246924,0.0010751512827982,-1.0,-1.8369701987210294e-16,-0.9749279121818236,-0.2225209339563146,0,weekend,93.625
2021-10-03,2021,10,3,276,18,6,136.42,2021-10-03 18:00:00+00:00,2021-10-03 19:00:00+00:00,50395.1275,6085.3525,16819.5675,0.0,48878.01,22904.92,-0.999832969770105,0.0182765576816912,-1.0,-1.8369701987210294e-16,-0.7818314824680299,0.6234898018587334,1,holiday,95.0125
2021-10-04,2021,10,4,277,18,0,207.2,2021-10-04 18:00:00+00:00,2021-10-04 19:00:00+00:00,62197.0,5351.14,8505.885,0.0,54166.87,13857.025,-0.9993706508539968,0.0354725557531255,-1.0,-1.8369701987210294e-16,0.0,1.0,0,weekday,96.4
2021-10-05,2021,10,5,278,18,1,185.92,2021-10-05 18:00:00+00:00,2021-10-05 19:00:00+00:00,62377.51,5698.1175,15484.4325,0.0,58953.68,21182.550000000003,-0.9986126020839734,0.052658056924614,-1.0,-1.8369701987210294e-16,0.7818314824680298,0.6234898018587336,0,weekday,95.0
2021-10-06,2021,10,6,279,18,2,260.0,2021-10-06 18:00:00+00:00,2021-10-06 19:00:00+00:00,62685.5925,209.0725,7539.805,0.0,48173.87,7748.8775,-0.9975590477788612,0.0698279757298708,-1.0,-1.8369701987210294e-16,0.9749279121818236,-0.2225209339563143,0,weekday,131.025
2021-10-07,2021,10,7,280,18,3,319.03,2021-10-07 18:00:00+00:00,2021-10-07 19:00:00+00:00,62967.855,285.015,2535.085,0.0,48788.21,2820.1,-0.9962102997023295,0.0869772313136861,-1.0,-1.8369701987210294e-16,0.4338837391175582,-0.900968867902419,0,weekday,89.26
2021-10-08,2021,10,8,281,18,4,235.67,2021-10-08 18:00:00+00:00,2021-10-08 19:00:00+00:00,59338.815,442.3200000000001,10902.505,0.0,53023.79,11344.825,-0.9945667569706336,0.1041007489354256,-1.0,-1.8369701987210294e-16,-0.433883739117558,-0.9009688679024191,0,weekday,95.0
2021-10-09,2021,10,9,282,18,5,183.22,2021-10-09 18:00:00+00:00,2021-10-09 19:00:00+00:00,53505.11,1087.73,12435.25,0.0,47322.64,13522.98,-0.9926289059345096,0.121193461470736,-1.0,-1.8369701987210294e-16,-0.9749279121818236,-0.2225209339563146,0,weekend,87.605
2021-10-10,2021,10,10,283,18,6,221.7,2021-10-10 18:00:00+00:00,2021-10-10 19:00:00+00:00,53281.2975,2251.285,3094.215,0.0,41489.79,5345.5,-0.9903973200352558,0.1382503109109819,-1.0,-1.8369701987210294e-16,-0.7818314824680299,0.6234898018587334,0,weekend,89.80250000000001
2021-10-11,2021,10,11,284,18,0,229.24,2021-10-11 18:00:00+00:00,2021-10-11 19:00:00+00:00,63033.4,5942.5625,13547.36,0.0,60231.88,19489.9225,-0.9878726596350428,0.1552662498599956,-1.0,-1.8369701987210294e-16,0.0,1.0,0,weekday,92.0
2021-10-12,2021,10,12,285,18,1,226.74,2021-10-12 18:00:00+00:00,2021-10-12 19:00:00+00:00,63466.1675,4753.0,9746.405,0.0,60198.3,14499.405,-0.9850556718215012,0.172236243027682,-1.0,-1.8369701987210294e-16,0.7818314824680298,0.6234898018587336,0,weekday,86.31
2021-10-13,2021,10,13,286,18,2,235.0,2021-10-13 18:00:00+00:00,2021-10-13 19:00:00+00:00,63544.71,3890.95,7022.0075,0.0,57899.06,10912.9575,-0.981947190186646,0.1891552687200409,-1.0,-1.8369701987210294e-16,0.9749279121818236,-0.2225209339563143,0,weekday,91.375
2021-10-14,2021,10,14,287,18,3,149.8,2021-10-14 18:00:00+00:00,2021-10-14 19:00:00+00:00,64323.6825,6173.1625,17829.9375,0.0,65264.81,24003.1,-0.9785481345802032,0.2060183203251708,-1.0,-1.8369701987210294e-16,0.4338837391175582,-0.900968867902419,0,weekday,102.15
2021-10-15,2021,10,15,288,18,4,208.64,2021-10-15 18:00:00+00:00,2021-10-15 19:00:00+00:00,62011.57,4330.6775,10966.815,0.0,53700.98,15297.4925,-0.9748595108374124,0.2228204077947995,-1.0,-1.8369701987210294e-16,-0.433883739117558,-0.9009688679024191,0,weekday,104.0
2021-10-16,2021,10,16,289,18,5,231.94,2021-10-16 18:00:00+00:00,2021-10-16 19:00:00+00:00,52807.4075,3052.92,4544.025000000001,0.0,48407.09,7596.945000000001,-0.9708824104813836,0.239556559120927,-1.0,-1.8369701987210294e-16,-0.9749279121818236,-0.2225209339563146,0,weekend,93.65
2021-10-17,2021,10,17,290,18,6,206.09,2021-10-17 18:00:00+00:00,2021-10-17 19:00:00+00:00,52610.77,3709.2875,6561.835,0.0,50451.78,10271.1225,-0.9666180104000972,0.2562218218071163,-1.0,-1.8369701987210294e-16,-0.7818314824680299,0.6234898018587334,0,weekend,91.5
2021-10-18,2021,10,18,291,18,0,214.0,2021-10-18 18:00:00+00:00,2021-10-18 19:00:00+00:00,64108.355,2561.1800000000003,6755.8525,0.0,54003.74,9317.0325,-0.9620675724981452,0.2728112643340191,-1.0,-1.8369701987210294e-16,0.0,1.0,0,weekday,89.35
2021-10-19,2021,10,19,292,18,1,137.92,2021-10-19 18:00:00+00:00,2021-10-19 19:00:00+00:00,65052.1375,5813.0425,21546.3225,0.0,64269.6,27359.365,-0.957232443323312,0.2893199776186952,-1.0,-1.8369701987210294e-16,0.7818314824680298,0.6234898018587336,0,weekday,92.15
2021-10-20,2021,10,20,293,18,2,87.89,2021-10-20 18:00:00+00:00,2021-10-20 19:00:00+00:00,64881.0725,5771.56,33902.29,0.0,67597.55,39673.85,-0.9521140536681102,0.3057430764672831,-1.0,-1.8369701987210294e-16,0.9749279121818236,-0.2225209339563143,0,weekday,94.395
2021-10-21,2021,10,21,294,18,3,88.08,2021-10-21 18:00:00+00:00,2021-10-21 19:00:00+00:00,67244.7275,6074.7075,33525.9,0.0,66271.94,39600.6075,-0.9467139181463862,0.3220757010206104,-1.0,-1.8369701987210294e-16,0.4338837391175582,-0.900968867902419,0,weekday,90.645
2021-10-22,2021,10,22,295,18,4,98.93,2021-10-22 18:00:00+00:00,2021-10-22 19:00:00+00:00,65837.8025,6208.615,28084.4725,0.0,62351.83,34293.0875,-0.9410336347451196,0.3383130181923076,-1.0,-1.8369701987210294e-16,-0.433883739117558,-0.9009688679024191,0,weekday,88.61
2021-10-23,2021,10,23,296,18,5,223.06,2021-10-23 18:00:00+00:00,2021-10-23 19:00:00+00:00,52962.8075,1915.11,3851.585,0.0,48239.41,5766.695,-0.9350748843515574,0.3544502230989869,-1.0,-1.8369701987210294e-16,-0.9749279121818236,-0.2225209339563146,0,weekend,87.34
2021-10-24,2021,10,24,297,18,6,99.29,2021-10-24 18:00:00+00:00,2021-10-24 19:00:00+00:00,53412.9975,4475.5275,15877.1675,0.0,52946.03,20352.695,-0.9288394302558068,0.3704825404820963,-1.0,-1.8369701987210294e-16,-0.7818314824680299,0.6234898018587334,0,weekend,89.17
2021-10-25,2021,10,25,298,18,0,214.96,2021-10-25 18:00:00+00:00,2021-10-25 19:00:00+00:00,64482.445,3251.895,10555.12,0.0,58720.91,13807.015,-0.9223291176290545,0.3864052261209853,-1.0,-1.8369701987210294e-16,0.0,1.0,0,weekday,91.0
2021-10-26,2021,10,26,299,18,1,197.03,2021-10-26 18:00:00+00:00,2021-10-26 19:00:00+00:00,64833.4975,5318.23,13255.4425,0.0,61241.45,18573.6725,-0.9155458729775467,0.4022135682368036,-1.0,-1.8369701987210294e-16,0.7818314824680298,0.6234898018587336,0,weekday,90.15
2021-10-27,2021,10,27,300,18,2,198.95,2021-10-27 18:00:00+00:00,2021-10-27 19:00:00+00:00,64904.2025,6151.675,14194.0325,0.0,63109.15,20345.7075,-0.9084917035725082,0.4179028888867866,-1.0,-1.8369701987210294e-16,0.9749279121818236,-0.2225209339563143,0,weekday,86.3
2021-10-28,2021,10,28,301,18,3,151.86,2021-10-28 18:00:00+00:00,2021-10-28 19:00:00+00:00,65513.9225,5484.9225,16480.38,0.0,62098.82,21965.3025,-0.9011686968561567,0.4334685453485363,-1.0,-1.8369701987210294e-16,0.4338837391175582,-0.900968867902419,0,weekday,78.0
2021-10-29,2021,10,29,302,18,4,106.18,2021-10-29 18:00:00+00:00,2021-10-29 19:00:00+00:00,63186.165,5780.135,20181.75,0.0,59805.79,25961.885,-0.8935790198239952,0.4489059314938798,-1.0,-1.8369701987210294e-16,-0.433883739117558,-0.9009688679024191,0,weekday,72.62
2021-10-30,2021,10,30,303,18,5,88.24,2021-10-30 18:00:00+00:00,2021-10-30 19:00:00+00:00,53671.99,5654.08,22534.41,0.0,55985.58,28188.49,-0.8857249183835637,0.4642104791518923,-1.0,-1.8369701987210294e-16,-0.9749279121818236,-0.2225209339563146,0,weekend,64.865
2021-10-31,2021,10,31,304,18,6,60.06,2021-10-31 18:00:00+00:00,2021-10-31 19:00:00+00:00,54582.72,5375.6425,29377.03,0.0,57539.25,34752.6725,-0.8776087166898392,0.4793776594606945,-1.0,-1.8369701987210294e-16,-0.7818314824680299,0.6234898018587334,0,weekend,64.22749999999999
2021-11-01,2021,11,1,305,18,0,179.9,2021-11-01 18:00:00+00:00,2021-11-01 19:00:00+00:00,58050.9575,5208.16,14318.78,0.0,54444.12,19526.94,-0.8692328164574792,0.4944029842076181,-1.0,-1.8369701987210294e-16,0.0,1.0,0,weekday,63.59
2021-11-02,2021,11,2,306,18,1,280.0,2021-11-02 18:00:00+00:00,2021-11-02 19:00:00+00:00,67340.6225,489.4025,4348.7125,0.0,54653.44,4838.115,-0.8605996962501181,0.5092820071573356,-1.0,-1.8369701987210294e-16,0.7818314824680298,0.6234898018587336,0,weekday,65.175
2021-11-03,2021,11,3,307,18,2,236.0,2021-11-03 18:00:00+00:00,2021-11-03 19:00:00+00:00,67455.1275,398.925,3375.675,0.0,60489.43,3774.6,-0.8517119107469189,0.5240103253675756,-1.0,-1.8369701987210294e-16,0.9749279121818236,-0.2225209339563143,0,weekday,73.52
2021-11-04,2021,11,4,308,18,3,193.47,2021-11-04 18:00:00+00:00,2021-11-04 19:00:00+00:00,67444.14749999999,1984.095,15670.425,0.0,67772.13,17654.52,-0.8425720899866032,0.5385835804920232,-1.0,-1.8369701987210294e-16,0.4338837391175582,-0.900968867902419,0,weekday,77.525
2021-11-05,2021,11,5,309,18,4,156.2,2021-11-05 18:00:00+00:00,2021-11-05 19:00:00+00:00,64427.3725,4840.205,13694.7,0.0,67884.77,18534.905,-0.8331829385891785,0.5529974600700271,-1.0,-1.8369701987210294e-16,-0.433883739117558,-0.9009688679024191,0,weekday,73.16
2021-11-06,2021,11,6,310,18,5,87.47,2021-11-06 18:00:00+00:00,2021-11-06 19:00:00+00:00,58744.92,5178.1375,25094.01,0.0,69052.38,30272.1475,-0.8235472349556007,0.5672476988027229,-1.0,-1.8369701987210294e-16,-0.9749279121818236,-0.2225209339563146,0,weekend,74.025
2021-11-07,2021,11,7,311,18,6,82.48,2021-11-07 18:00:00+00:00,2021-11-07 19:00:00+00:00,57949.5625,5861.8325,25998.58,0.0,65482.02,31860.4125,-0.8136678304455991,0.5813300798152042,-1.0,-1.8369701987210294e-16,-0.7818314824680299,0.6234898018587334,0,weekend,77.39750000000001
2021-11-08,2021,11,8,312,18,0,270.0,2021-11-08 18:00:00+00:00,2021-11-08 19:00:00+00:00,67748.06,510.2125,5215.1525,0.0,61844.41,5725.365,-0.8035476485339116,0.5952404359043674,-1.0,-1.8369701987210294e-16,0.0,1.0,0,weekday,80.77
2021-11-09,2021,11,9,313,18,1,184.56,2021-11-09 18:00:00+00:00,2021-11-09 19:00:00+00:00,67621.79,5717.64,12858.5425,0.0,72222.79,18576.1825,-0.7931896839451843,0.6089746507720486,-1.0,-1.8369701987210294e-16,0.7818314824680298,0.6234898018587336,0,weekday,76.5
2021-11-10,2021,11,10,314,18,2,230.0,2021-11-10 18:00:00+00:00,2021-11-10 19:00:00+00:00,66555.86249999999,632.7425000000001,3791.835,0.0,60716.32,4424.5775,-0.7825970017677834,0.6225286602431057,-1.0,-1.8369701987210294e-16,0.9749279121818236,-0.2225209339563143,0,weekday,66.71
2021-11-11,2021,11,11,315,18,3,232.09,2021-11-11 18:00:00+00:00,2021-11-11 19:00:00+00:00,68993.33499999999,654.6025,2883.3125,0.0,58663.11,3537.915,-0.7717727365467836,0.6358984534680745,-1.0,-1.8369701987210294e-16,0.4338837391175582,-0.900968867902419,0,weekday,72.0
2021-11-12,2021,11,12,316,18,4,145.19,2021-11-12 18:00:00+00:00,2021-11-12 19:00:00+00:00,65603.7125,5019.8575,12638.3,0.0,68172.47,17658.1575,-0.7607200913564104,0.6490800741100398,-1.0,-1.8369701987210294e-16,-0.433883739117558,-0.9009688679024191,0,weekday,77.77
2021-11-13,2021,11,13,317,18,5,213.89,2021-11-13 18:00:00+00:00,2021-11-13 19:00:00+00:00,59804.8875,826.4325,2596.57,0.0,54359.03,3423.0025,-0.7494423368521954,0.6620696215153815,-1.0,-1.8369701987210294e-16,-0.9749279121818236,-0.2225209339563146,0,weekend,75.675
2021-11-14,2021,11,14,318,18,6,206.21,2021-11-14 18:00:00+00:00,2021-11-14 19:00:00+00:00,58758.78,2449.73,9657.5075,0.0,59916.58,12107.2375,-0.7379428103031386,0.6748632518680403,-1.0,-1.8369701987210294e-16,-0.7818314824680299,0.6234898018587334,0,weekend,76.985
2021-11-15,2021,11,15,319,18,0,272.57,2021-11-15 18:00:00+00:00,2021-11-15 19:00:00+00:00,66532.805,379.4675,4339.8625,0.0,60588.34,4719.33,-0.7262249146041543,0.6874571793269664,-1.0,-1.8369701987210294e-16,0.0,1.0,0,weekday,78.295
2021-11-16,2021,11,16,320,18,1,279.1,2021-11-16 18:00:00+00:00,2021-11-16 19:00:00+00:00,66741.9625,644.9375,1025.6750000000002,0.0,57527.13,1670.6125000000002,-0.7142921172691032,0.699847677146407,-1.0,-1.8369701987210294e-16,0.7818314824680298,0.6234898018587336,0,weekday,84.38
2021-11-17,2021,11,17,321,18,2,170.21,2021-11-17 18:00:00+00:00,2021-11-17 19:00:00+00:00,66283.925,5981.38,16916.9275,0.0,73598.27,22898.307500000003,-0.7021479494046978,0.7120310787787131,-1.0,-1.8369701987210294e-16,0.9749279121818236,-0.2225209339563143,0,weekday,97.99
2021-11-18,2021,11,18,322,18,3,133.98,2021-11-18 18:00:00+00:00,2021-11-18 19:00:00+00:00,67635.955,5606.47,27763.6425,0.0,77601.84,33370.1125,-0.6897960046655887,0.7240037789593305,-1.0,-1.8369701987210294e-16,0.4338837391175582,-0.900968867902419,0,weekday,93.6
2021-11-19,2021,11,19,323,18,4,169.35,2021-11-19 18:00:00+00:00,2021-11-19 19:00:00+00:00,68775.265,5839.145,20996.365,0.0,70758.82,26835.51,-0.6772399381909491,0.7357622347736527,-1.0,-1.8369701987210294e-16,-0.433883739117558,-0.9009688679024191,0,weekday,91.125
2021-11-20,2021,11,20,324,18,5,112.87,2021-11-20 18:00:00+00:00,2021-11-20 19:00:00+00:00,57434.8625,6051.095,16809.32,0.0,64044.11,22860.415,-0.6644834655228552,0.7473029667054296,-1.0,-1.8369701987210294e-16,-0.9749279121818236,-0.2225209339563146,0,weekend,87.125
2021-11-21,2021,11,21,325,18,6,225.0,2021-11-21 18:00:00+00:00,2021-11-21 19:00:00+00:00,55870.95,5140.055,8859.985,0.0,62132.77,14000.04,-0.6515303615068021,0.75862255966641,-1.0,-1.8369701987210294e-16,-0.7818314824680299,0.6234898018587334,0,weekend,85.6875
2021-11-22,2021,11,22,326,18,0,254.39,2021-11-22 18:00:00+00:00,2021-11-22 19:00:00+00:00,66728.36,3928.9025,9482.25,0.0,69061.01,13411.1525,-0.6383844591746642,0.7697176640069211,-1.0,-1.8369701987210294e-16,0.0,1.0,0,weekday,84.25
2021-11-23,2021,11,23,327,18,1,300.0,2021-11-23 18:00:00+00:00,2021-11-23 19:00:00+00:00,67408.06999999999,2634.03,6958.26,0.0,66952.14,9592.29,-0.6250496486104377,0.7805849965070866,-1.0,-1.8369701987210294e-16,0.7818314824680298,0.6234898018587336,0,weekday,86.95
2021-11-24,2021,11,24,328,18,2,319.09,2021-11-24 18:00:00+00:00,2021-11-24 19:00:00+00:00,69483.6325,3535.09,5098.885,0.0,65908.81,8633.975,-0.6115298757991053,0.7912213413483807,-1.0,-1.8369701987210294e-16,0.9749279121818236,-0.2225209339563143,0,weekday,93.85
2021-11-25,2021,11,25,329,18,3,188.07,2021-11-25 18:00:00+00:00,2021-11-25 19:00:00+00:00,68788.315,5920.87,15769.5625,0.0,76522.33,21690.4325,-0.5978291414589552,0.801623551065242,-1.0,-1.8369701987210294e-16,0.4338837391175582,-0.900968867902419,0,weekday,93.985
2021-11-26,2021,11,26,330,18,4,165.15,2021-11-26 18:00:00+00:00,2021-11-26 19:00:00+00:00,67551.6225,4856.3625,20703.235,0.0,75412.74,25559.5975,-0.5839514998576998,0.8117885474764613,-1.0,-1.8369701987210294e-16,-0.433883739117558,-0.9009688679024191,0,weekday,92.45
2021-11-27,2021,11,27,331,18,5,240.0,2021-11-27 18:00:00+00:00,2021-11-27 19:00:00+00:00,61454.395,2550.6325,4322.0,0.0,62675.52,6872.6325,-0.5699010576127624,0.8217133225960589,-1.0,-1.8369701987210294e-16,-0.9749279121818236,-0.2225209339563146,0,weekend,87.772
2021-11-28,2021,11,28,332,18,6,238.15,2021-11-28 18:00:00+00:00,2021-11-28 19:00:00+00:00,58533.44,4009.2,3838.8925,0.0,56678.2,7848.0925,-0.5556819724760489,0.8313949395234058,-1.0,-1.8369701987210294e-16,-0.7818314824680299,0.6234898018587334,0,weekend,91.011
2021-11-29,2021,11,29,333,18,0,355.06,2021-11-29 18:00:00+00:00,2021-11-29 19:00:00+00:00,70063.9825,676.7275,9286.0725,0.0,68459.32,9962.8,-0.5412984521036173,0.8408305333122887,-1.0,-1.8369701987210294e-16,0.0,1.0,0,weekday,94.25
2021-11-30,2021,11,30,334,18,1,232.6,2021-11-30 18:00:00+00:00,2021-11-30 19:00:00+00:00,71185.9575,3730.7225,28427.69,0.0,79350.12,32158.4125,-0.5267547528105542,0.8500173118187018,-1.0,-1.8369701987210294e-16,0.7818314824680298,0.6234898018587336,0,weekday,98.0
2021-12-01,2021,12,1,335,18,2,76.99,2021-12-01 18:00:00+00:00,2021-12-01 19:00:00+00:00,71042.035,5440.97,39207.6575,0.0,79212.4,44648.6275,-0.5120551783114646,0.8589525565270845,-1.0,-1.8369701987210294e-16,0.9749279121818236,-0.2225209339563143,0,weekday,92.6
2021-12-02,2021,12,2,336,18,3,283.98,2021-12-02 18:00:00+00:00,2021-12-02 19:00:00+00:00,71422.175,4379.23,10588.32,0.0,71427.48,14967.55,-0.4972040784469378,0.8676336233547726,-1.0,-1.8369701987210294e-16,0.4338837391175582,-0.900968867902419,0,weekday,91.6
2021-12-03,2021,12,3,337,18,4,130.3,2021-12-03 18:00:00+00:00,2021-12-03 19:00:00+00:00,73195.27249999999,4656.445,32407.1425,0.0,78350.9,37063.5875,-0.4822058478963526,0.8760579434344281,-1.0,-1.8369701987210294e-16,-0.433883739117558,-0.9009688679024191,0,weekday,91.59
2021-12-04,2021,12,4,338,18,5,196.77,2021-12-04 18:00:00+00:00,2021-12-04 19:00:00+00:00,60795.8625,2129.91,10073.585,0.0,60948.82,12203.495,-0.4670649248774303,0.8842230238742036,-1.0,-1.8369701987210294e-16,-0.9749279121818236,-0.2225209339563146,0,weekend,89.48
2021-12-05,2021,12,5,339,18,6,220.98,2021-12-05 18:00:00+00:00,2021-12-05 19:00:00+00:00,59549.6125,6111.115,5786.3625,0.0,61426.82,11897.4775,-0.451785789832884,0.8921264484954345,-1.0,-1.8369701987210294e-16,-0.7818314824680299,0.6234898018587334,0,weekend,88.03999999999999
2021-12-06,2021,12,6,340,18,0,250.02,2021-12-06 18:00:00+00:00,2021-12-06 19:00:00+00:00,70686.21,5810.76,10745.9425,0.0,71981.01,16556.7025,-0.4363729641045924,0.8997658785476209,-1.0,-1.8369701987210294e-16,0.0,1.0,0,weekday,86.6
2021-12-07,2021,12,7,341,18,1,210.97,2021-12-07 18:00:00+00:00,2021-12-07 19:00:00+00:00,71598.79,5006.2125,15125.61,0.0,71936.91,20131.8225,-0.4208310085956556,0.9071390534005044,-1.0,-1.8369701987210294e-16,0.7818314824680298,0.6234898018587336,0,weekday,95.0
2021-12-08,2021,12,8,342,18,2,252.0,2021-12-08 18:00:00+00:00,2021-12-08 19:00:00+00:00,72665.245,5616.3975,10018.81,0.0,71047.75,15635.2075,-0.4051645224207563,0.9142437912130223,-1.0,-1.8369701987210294e-16,0.9749279121818236,-0.2225209339563143,0,weekday,98.6
2021-12-09,2021,12,9,343,18,3,316.3,2021-12-09 18:00:00+00:00,2021-12-09 19:00:00+00:00,72021.9375,4247.6175,8946.8925,0.0,70985.3,13194.51,-0.3893781415452015,0.9210779895789526,-1.0,-1.8369701987210294e-16,0.4338837391175582,-0.900968867902419,0,weekday,98.5
2021-12-10,2021,12,10,344,18,4,265.41,2021-12-10 18:00:00+00:00,2021-12-10 19:00:00+00:00,70142.36499999999,1268.13,7043.03,0.0,62502.92,8311.16,-0.3734765374130707,0.9276396261490468,-1.0,-1.8369701987210294e-16,-0.433883739117558,-0.9009688679024191,0,weekday,101.605
2021-12-11,2021,12,11,345,18,5,234.35,2021-12-11 18:00:00+00:00,2021-12-11 19:00:00+00:00,61070.7725,2686.7325,10912.27,0.0,63811.24,13599.0025,-0.3574644155648614,0.9339267592294762,-1.0,-1.8369701987210294e-16,-0.9749279121818236,-0.2225209339563146,0,weekend,105.775
2021-12-12,2021,12,12,346,18,6,268.64,2021-12-12 18:00:00+00:00,2021-12-12 19:00:00+00:00,59560.9925,834.52,10971.1325,0.0,57506.75,11805.6525,-0.3413465142450361,0.9399375283564132,-1.0,-1.8369701987210294e-16,-0.7818314824680299,0.6234898018587334,0,weekend,110.5875
2021-12-13,2021,12,13,347,18,0,315.79,2021-12-13 18:00:00+00:00,2021-12-13 19:00:00+00:00,70882.77,4941.3975,7684.75,0.0,69129.46,12626.1475,-0.3251276029999093,0.9456701548465688,-1.0,-1.8369701987210294e-16,0.0,1.0,0,weekday,115.4
2021-12-14,2021,12,14,348,18,1,359.92,2021-12-14 18:00:00+00:00,2021-12-14 19:00:00+00:00,71262.205,2130.1925,4999.47,0.0,63230.12,7129.6625,-0.3088124812662537,0.9511229423235356,-1.0,-1.8369701987210294e-16,0.7818314824680298,0.6234898018587336,0,weekday,118.95
2021-12-15,2021,12,15,349,18,2,332.34,2021-12-15 18:00:00+00:00,2021-12-15 19:00:00+00:00,69503.19,4718.775,10938.9125,0.0,70105.77,15657.6875,-0.2924059769510773,0.956294277219772,-1.0,-1.8369701987210294e-16,0.9749279121818236,-0.2225209339563143,0,weekday,131.1
2021-12-16,2021,12,16,350,18,3,404.57,2021-12-16 18:00:00+00:00,2021-12-16 19:00:00+00:00,67773.79250000001,1164.445,5305.9775,0.0,63474.53,6470.4225,-0.2759129450029604,0.9611826292540836,-1.0,-1.8369701987210294e-16,0.4338837391175582,-0.900968867902419,0,weekday,128.71
2021-12-17,2021,12,17,351,18,4,390.1,2021-12-17 18:00:00+00:00,2021-12-17 19:00:00+00:00,66456.36,1210.33,4733.55,0.0,61231.56,5943.88,-0.2593382659754056,0.9657865518844574,-1.0,-1.8369701987210294e-16,-0.433883739117558,-0.9009688679024191,0,weekday,124.5
2021-12-18,2021,12,18,352,18,5,199.9,2021-12-18 18:00:00+00:00,2021-12-18 19:00:00+00:00,58497.24,4886.2525,14780.86,0.0,65207.28,19667.1125,-0.2426868445825954,0.9701046827361176,-1.0,-1.8369701987210294e-16,-0.9749279121818236,-0.2225209339563146,0,weekend,136.915
2021-12-19,2021,12,19,353,18,6,204.09,2021-12-19 18:00:00+00:00,2021-12-19 19:00:00+00:00,56120.1225,5304.297500000001,15544.895,0.0,62536.34,20849.1925,-0.225963608248019,0.974135744004672,-1.0,-1.8369701987210294e-16,-0.7818314824680299,0.6234898018587334,0,weekend,138.8675
2021-12-20,2021,12,20,354,18,0,442.73,2021-12-20 18:00:00+00:00,2021-12-20 19:00:00+00:00,66672.025,321.365,3557.45,0.0,62384.94,3878.815,-0.2091735056463563,0.9778785428342386,-1.0,-1.8369701987210294e-16,0.0,1.0,0,weekday,140.82
2021-12-21,2021,12,21,355,18,1,520.0,2021-12-21 18:00:00+00:00,2021-12-21 19:00:00+00:00,66986.975,818.78,2700.7075,0.0,63267.66,3519.4875,-0.1923215052390948,0.9813319716704276,-1.0,-1.8369701987210294e-16,0.7818314824680298,0.6234898018587336,0,weekday,157.7
2021-12-22,2021,12,22,356,18,2,450.28,2021-12-22 18:00:00+00:00,2021-12-22 19:00:00+00:00,65284.775,1281.3575,6057.09,0.0,63584.45,7338.4475,-0.1754125938042784,0.9844950085880858,-1.0,-1.8369701987210294e-16,0.9749279121818236,-0.2225209339563143,0,weekday,174.3
2021-12-23,2021,12,23,357,18,3,230.93,2021-12-23 18:00:00+00:00,2021-12-23 19:00:00+00:00,64252.65,2818.0525,22204.1325,0.0,71620.72,25022.185,-0.1584517749608363,0.9873667175937016,-1.0,-1.8369701987210294e-16,0.4338837391175582,-0.900968867902419,0,weekday,158.3
2021-12-24,2021,12,24,358,18,4,248.83,2021-12-24 18:00:00+00:00,2021-12-24 19:00:00+00:00,53660.8975,3817.3875,12425.855,0.0,58084.52,16243.2425,-0.141444067687942,0.989946248902378,-1.0,-1.8369701987210294e-16,-0.433883739117558,-0.9009688679024191,0,weekday,132.58
2021-12-25,2021,12,25,359,18,5,232.22,2021-12-25 18:00:00+00:00,2021-12-25 19:00:00+00:00,51718.48,1307.28,9116.6725,0.0,51512.51,10423.9525,-0.1243945048397999,0.9922328391893008,-1.0,-1.8369701987210294e-16,-0.9749279121818236,-0.2225209339563146,1,holiday,121.72000000000001
2021-12-26,2021,12,26,360,18,6,207.75,2021-12-26 18:00:00+00:00,2021-12-26 19:00:00+00:00,52012.86,4908.1175,15310.68,0.0,59692.05,20218.7975,-0.1073081316563624,0.994225811815616,-1.0,-1.8369701987210294e-16,-0.7818314824680299,0.6234898018587334,1,holiday,110.86
2021-12-27,2021,12,27,361,18,0,196.05,2021-12-27 18:00:00+00:00,2021-12-27 19:00:00+00:00,62933.7725,4119.225,17161.4975,0.0,64900.53,21280.722500000003,-0.0901900042703451,0.99592457702866,-1.0,-1.8369701987210294e-16,0.0,1.0,0,weekday,100.0
2021-12-28,2021,12,28,362,18,1,149.89,2021-12-28 18:00:00+00:00,2021-12-28 19:00:00+00:00,63603.985,2089.4675,24550.9525,0.0,68626.94,26640.42,-0.0730451882110474,0.9973286321364752,-1.0,-1.8369701987210294e-16,0.7818314824680298,0.6234898018587336,0,weekday,106.59
2021-12-29,2021,12,29,363,18,2,163.63,2021-12-29 18:00:00+00:00,2021-12-29 19:00:00+00:00,63533.9675,4599.7075,16107.135,0.0,64019.0,20706.8425,-0.0558787569053731,0.9984375616565666,-1.0,-1.8369701987210294e-16,0.9749279121818236,-0.2225209339563143,0,weekday,99.0
2021-12-30,2021,12,30,364,18,3,81.97,2021-12-30 18:00:00+00:00,2021-12-30 19:00:00+00:00,63887.9075,5718.4425,31527.2075,0.0,71891.76,37245.65,-0.0386957901765268,0.999251037438848,-1.0,-1.8369701987210294e-16,0.4338837391175582,-0.900968867902419,0,weekday,94.35
2021-12-31,2021,12,31,365,18,4,32.49,2021-12-31 18:00:00+00:00,2021-12-31 19:00:00+00:00,55546.2925,6087.2275,34556.355,0.0,72357.59,40643.5825,-0.0215013727408137,0.999768818762748,-1.0,-1.8369701987210294e-16,-0.433883739117558,-0.9009688679024191,0,weekday,82.0
2022-01-01,2022,1,1,1,18,5,140.28,2022-01-01 18:00:00+00:00,2022-01-01 19:00:00+00:00,50979.3325,5730.895,12578.4825,0.0,51844.39,18309.3775,0.0,1.0,-1.0,-1.8369701987210294e-16,-0.9749279121818236,-0.2225209339563146,1,holiday,70.345
2022-01-02,2022,1,2,2,18,6,60.94,2022-01-02 18:00:00+00:00,2022-01-02 19:00:00+00:00,57849.91,6245.925,34470.3475,0.0,68568.88,40716.27250000001,0.0172015754182605,0.9998520419557736,-1.0,-1.8369701987210294e-16,-0.7818314824680299,0.6234898018587334,0,weekend,75.39
2022-01-03,2022,1,3,3,18,0,117.64,2022-01-03 18:00:00+00:00,2022-01-03 19:00:00+00:00,66801.965,6060.64,30989.2125,0.0,74800.73,37049.8525,0.034398060613608,0.9994082116062598,-1.0,-1.8369701987210294e-16,0.0,1.0,0,weekday,80.435
2022-01-04,2022,1,4,4,18,1,178.99,2022-01-04 18:00:00+00:00,2022-01-04 19:00:00+00:00,68245.7425,5810.1475,15188.8975,0.0,68167.25,20999.045,0.0515843668694083,0.9986686402879996,-1.0,-1.8369701987210294e-16,0.7818314824680298,0.6234898018587336,0,weekday,85.0
2022-01-05,2022,1,5,5,18,2,135.75,2022-01-05 18:00:00+00:00,2022-01-05 19:00:00+00:00,69782.495,6301.465,28932.7925,0.0,74652.53,35234.2575,0.0687554084811394,0.9976335468520452,-1.0,-1.8369701987210294e-16,0.9749279121818236,-0.2225209339563143,0,weekday,95.7
2022-01-06,2022,1,6,6,18,3,245.48,2022-01-06 18:00:00+00:00,2022-01-06 19:00:00+00:00,66612.1525,4585.4325,8568.3625,0.0,61640.11,13153.794999999998,0.0859061042613327,0.9963032375991964,-1.0,-1.8369701987210294e-16,0.4338837391175582,-0.900968867902419,0,weekday,95.265
2022-01-07,2022,1,7,7,18,4,237.05,2022-01-07 18:00:00+00:00,2022-01-07 19:00:00+00:00,68624.2025,4349.2375,20916.935,0.0,72250.57,25266.1725,0.1030313790431787,0.9946781061893646,-1.0,-1.8369701987210294e-16,-0.433883739117558,-0.9009688679024191,0,weekday,95.8
2022-01-08,2022,1,8,8,18,5,140.23,2022-01-08 18:00:00+00:00,2022-01-08 19:00:00+00:00,60965.16,6558.952499999999,26200.5575,0.0,70400.91,32759.51,0.1201261651823505,0.9927586335250792,-1.0,-1.8369701987210294e-16,-0.9749279121818236,-0.2225209339563146,0,weekend,88.175
2022-01-09,2022,1,9,9,18,6,240.0,2022-01-09 18:00:00+00:00,2022-01-09 19:00:00+00:00,60525.755,1979.7825,11672.0725,0.0,58400.29,13651.855,0.1371854040566005,0.9905453876091832,-1.0,-1.8369701987210294e-16,-0.7818314824680299,0.6234898018587334,0,weekend,87.3375
2022-01-10,2022,1,10,10,18,0,294.98,2022-01-10 18:00:00+00:00,2022-01-10 19:00:00+00:00,69711.13500000001,1346.8525,2242.8175,0.0,55755.55,3589.67,0.1542040475626894,0.988039023376751,-1.0,-1.8369701987210294e-16,0.0,1.0,0,weekday,86.5
2022-01-11,2022,1,11,11,18,1,309.2,2022-01-11 18:00:00+00:00,2022-01-11 19:00:00+00:00,70272.545,2981.985,4427.9775,0.0,62725.71,7409.9625,0.1711770596101998,0.985240282501282,-1.0,-1.8369701987210294e-16,0.7818314824680298,0.6234898018587336,0,weekday,81.225
2022-01-12,2022,1,12,12,18,2,269.03,2022-01-12 18:00:00+00:00,2022-01-12 19:00:00+00:00,69318.3575,4359.76,9779.2525,0.0,67467.49,14139.0125,0.1880994176117975,0.9821499931752292,-1.0,-1.8369701987210294e-16,0.9749279121818236,-0.2225209339563143,0,weekday,82.25
2022-01-13,2022,1,13,13,18,3,210.0,2022-01-13 18:00:00+00:00,2022-01-13 19:00:00+00:00,69224.8725,5319.9025,18508.7575,0.0,74210.71,23828.66,0.2049661139694953,0.9787690698649216,-1.0,-1.8369701987210294e-16,0.4338837391175582,-0.900968867902419,0,weekday,72.0
2022-01-14,2022,1,14,14,18,4,234.32,2022-01-14 18:00:00+00:00,2022-01-14 19:00:00+00:00,68190.5325,1452.7125,9648.49,0.0,64161.95,11101.2025,0.2217721575564818,0.975098513039961,-1.0,-1.8369701987210294e-16,-0.433883739117558,-0.9009688679024191,0,weekday,89.0
2022-01-15,2022,1,15,15,18,5,261.41,2022-01-15 18:00:00+00:00,2022-01-15 19:00:00+00:00,63352.92,2334.5675,3226.4425,0.0,56531.15,5561.01,0.2385125751940764,0.9711394088771652,-1.0,-1.8369701987210294e-16,-0.9749279121818236,-0.2225209339563146,0,weekend,86.97
2022-01-16,2022,1,16,16,18,6,97.49,2022-01-16 18:00:00+00:00,2022-01-16 19:00:00+00:00,59071.6725,6142.045,27853.055,0.0,69022.63,33995.1,0.2551824131233728,0.966892928939152,-1.0,-1.8369701987210294e-16,-0.7818314824680299,0.6234898018587334,0,weekend,85.73833333333333
2022-01-17,2022,1,17,17,18,0,237.28,2022-01-17 18:00:00+00:00,2022-01-17 19:00:00+00:00,69353.44499999999,4767.5650000000005,17612.6175,0.0,71703.0,22380.182500000003,0.2717767384711357,0.9623603298276544,-1.0,-1.8369701987210294e-16,0.0,1.0,0,weekday,84.50666666666667
2022-01-18,2022,1,18,18,18,1,255.03,2022-01-18 18:00:00+00:00,2022-01-18 19:00:00+00:00,68908.01,4492.0075,7388.860000000001,0.0,67350.31,11880.8675,0.2882906407095177,0.957542952811672,-1.0,-1.8369701987210294e-16,0.7818314824680298,0.6234898018587336,0,weekday,83.275
2022-01-19,2022,1,19,19,18,2,135.61,2022-01-19 18:00:00+00:00,2022-01-19 19:00:00+00:00,71623.9225,6264.355,30011.4275,0.0,78286.42,36275.7825,0.3047192331091634,0.9524422234305676,-1.0,-1.8369701987210294e-16,0.9749279121818236,-0.2225209339563143,0,weekday,73.95
2022-01-20,2022,1,20,20,18,3,180.0,2022-01-20 18:00:00+00:00,2022-01-20 19:00:00+00:00,68942.82,6667.9625,25318.45,0.0,76879.44,31986.4125,0.321057654185271,0.9470596510722284,-1.0,-1.8369701987210294e-16,0.4338837391175582,-0.900968867902419,0,weekday,71.0
2022-01-21,2022,1,21,21,18,4,145.81,2022-01-21 18:00:00+00:00,2022-01-21 19:00:00+00:00,70771.3675,6461.41,22243.1425,0.0,75544.05,28704.5525,0.3373010691361842,0.9413968285264122,-1.0,-1.8369701987210294e-16,-0.433883739117558,-0.9009688679024191,0,weekday,74.765
2022-01-22,2022,1,22,22,18,5,214.32,2022-01-22 18:00:00+00:00,2022-01-22 19:00:00+00:00,59948.215,1904.91,8776.3525,0.0,60641.1,10681.2625,0.3534446712740877,0.9354554315134164,-1.0,-1.8369701987210294e-16,-0.9749279121818236,-0.2225209339563146,0,weekend,78.98
2022-01-23,2022,1,23,23,18,6,242.97,2022-01-23 18:00:00+00:00,2022-01-23 19:00:00+00:00,60262.55,1349.825,3769.62,0.0,54134.99,5119.445,0.3694836834473831,0.9292372181882051,-1.0,-1.8369701987210294e-16,-0.7818314824680299,0.6234898018587334,0,weekend,83.7925
2022-01-24,2022,1,24,24,18,0,315.31,2022-01-24 18:00:00+00:00,2022-01-24 19:00:00+00:00,70537.02249999999,1578.2,3326.6275,0.0,61009.53,4904.8275,0.3854133594543256,0.9227440286201428,-1.0,-1.8369701987210294e-16,0.0,1.0,0,weekday,88.605
2022-01-25,2022,1,25,25,18,1,373.75,2022-01-25 18:00:00+00:00,2022-01-25 19:00:00+00:00,70850.9475,1390.45,4056.555,0.0,59565.13,5447.005,0.4012289854475009,0.9159777842484876,-1.0,-1.8369701987210294e-16,0.7818314824680298,0.6234898018587336,0,weekday,92.385
2022-01-26,2022,1,26,26,18,2,224.45,2022-01-26 18:00:00+00:00,2022-01-26 19:00:00+00:00,68667.04,5870.3475,19822.08,0.0,75750.9,25692.4275,0.4169258813287287,0.908940487313808,-1.0,-1.8369701987210294e-16,0.9749279121818236,-0.2225209339563143,0,weekday,89.395
2022-01-27,2022,1,27,27,18,3,114.73,2022-01-27 18:00:00+00:00,2022-01-27 19:00:00+00:00,68643.57,5803.01,37274.725,0.0,79839.65,43077.735,0.4324994021339788,0.901634220265486,-1.0,-1.8369701987210294e-16,0.4338837391175582,-0.900968867902419,0,weekday,92.25
2022-01-28,2022,1,28,28,18,4,222.37,2022-01-28 18:00:00+00:00,2022-01-28 19:00:00+00:00,69045.35250000001,5462.695,15256.99,0.0,67919.58,20719.685,0.4479449394078911,0.8940611451454876,-1.0,-1.8369701987210294e-16,-0.433883739117558,-0.9009688679024191,0,weekday,92.062
2022-01-29,2022,1,29,29,18,5,101.19,2022-01-29 18:00:00+00:00,2022-01-29 19:00:00+00:00,59907.875,4781.5275,40673.2775,0.0,75407.06,45454.80499999999,0.4632579225674917,0.88622350294858,-1.0,-1.8369701987210294e-16,-0.9749279121818236,-0.2225209339563146,0,weekend,92.062
2022-01-30,2022,1,30,30,18,6,163.37,2022-01-30 18:00:00+00:00,2022-01-30 19:00:00+00:00,56229.135,4037.39,23031.21,0.0,65533.62,27068.6,0.4784338202547012,0.8781236129591848,-1.0,-1.8369701987210294e-16,-0.7818314824680299,0.6234898018587334,0,weekend,88.45599999999999
2022-01-31,2022,1,31,31,18,0,240.4,2022-01-31 18:00:00+00:00,2022-01-31 19:00:00+00:00,68446.015,4995.795,18248.5575,0.0,72040.07,23244.3525,0.4934681416772373,0.8697638720650646,-1.0,-1.8369701987210294e-16,0.0,1.0,0,weekday,84.85
2022-02-01,2022,2,1,32,18,1,121.63,2022-02-01 18:00:00+00:00,2022-02-01 19:00:00+00:00,69065.645,5594.485,41004.77,0.0,82197.98,46599.255,0.5083564379375122,0.8611467540480452,-1.0,-1.8369701987210294e-16,0.7818314824680298,0.6234898018587336,0,weekday,78.3
2022-02-02,2022,2,2,33,18,2,265.0,2022-02-02 18:00:00+00:00,2022-02-02 19:00:00+00:00,69751.46,2423.6725,14871.905,0.0,68009.23,17295.5775,0.5230943033491326,0.8522748088519838,-1.0,-1.8369701987210294e-16,0.9749279121818236,-0.2225209339563143,0,weekday,77.15
2022-02-03,2022,2,3,34,18,3,224.96,2022-02-03 18:00:00+00:00,2022-02-03 19:00:00+00:00,70137.5775,4253.092500000001,13087.4125,0.0,68106.77,17340.505,0.5376773767406141,0.8431506618282,-1.0,-1.8369701987210294e-16,0.4338837391175582,-0.900968867902419,0,weekday,79.6
2022-02-04,2022,2,4,35,18,4,119.27,2022-02-04 18:00:00+00:00,2022-02-04 19:00:00+00:00,64446.2325,6220.73,32776.9725,0.0,77758.39,38997.7025,0.5521013427459208,0.8337770129585915,-1.0,-1.8369701987210294e-16,-0.433883739117558,-0.9009688679024191,0,weekday,81.47
2022-02-05,2022,2,5,36,18,5,115.86,2022-02-05 18:00:00+00:00,2022-02-05 19:00:00+00:00,60134.145,5691.9,33445.6,0.0,74060.01,39137.5,0.5663619330814524,0.8241566360566663,-1.0,-1.8369701987210294e-16,-0.9749279121818236,-0.2225209339563146,0,weekend,82.65
2022-02-06,2022,2,6,37,18,6,118.7,2022-02-06 18:00:00+00:00,2022-02-06 19:00:00+00:00,59980.09,5986.535,34513.6875,0.0,72141.71,40500.2225,0.580454927809098,0.8142923779467267,-1.0,-1.8369701987210294e-16,-0.7818314824680299,0.6234898018587334,0,weekend,80.725
2022-02-07,2022,2,7,38,18,0,160.1,2022-02-07 18:00:00+00:00,2022-02-07 19:00:00+00:00,69427.1775,5310.0175,28306.8325,0.0,75641.96,33616.85,0.5943761565849831,0.804187157621448,-1.0,-1.8369701987210294e-16,0.0,1.0,0,weekday,78.8
2022-02-08,2022,2,8,39,18,1,199.95,2022-02-08 18:00:00+00:00,2022-02-08 19:00:00+00:00,70008.03,4837.56,24309.6875,0.0,73768.1,29147.2475,0.6081214998935418,0.7938439653781019,-1.0,-1.8369701987210294e-16,0.7818314824680298,0.6234898018587336,0,weekday,81.48
2022-02-09,2022,2,9,40,18,2,257.28,2022-02-09 18:00:00+00:00,2022-02-09 19:00:00+00:00,69973.365,3753.7175,15458.1325,0.0,69644.43,19211.85,0.6216868902665479,0.7832658619336791,-1.0,-1.8369701987210294e-16,0.9749279121818236,-0.2225209339563143,0,weekday,76.695
2022-02-10,2022,2,10,41,18,3,212.49,2022-02-10 18:00:00+00:00,2022-02-10 19:00:00+00:00,70121.05500000001,5521.5075,13674.0375,0.0,71368.22,19195.545,0.6350683134867438,0.7724559775191742,-1.0,-1.8369701987210294e-16,0.4338837391175582,-0.900968867902419,0,weekday,74.03
2022-02-11,2022,2,11,42,18,4,241.18,2022-02-11 18:00:00+00:00,2022-02-11 19:00:00+00:00,67935.7225,1342.895,10526.6575,0.0,63821.79,11869.5525,0.6482618097757122,0.7614175109532997,-1.0,-1.8369701987210294e-16,-0.433883739117558,-0.9009688679024191,0,weekday,73.415
2022-02-12,2022,2,12,43,18,5,140.88,2022-02-12 18:00:00+00:00,2022-02-12 19:00:00+00:00,63202.8025,6103.1325,18577.4475,0.0,68079.17,24680.58,0.6612634749656386,0.7501537286959042,-1.0,-1.8369701987210294e-16,-0.9749279121818236,-0.2225209339563146,0,weekend,77.425
2022-02-13,2022,2,13,44,18,6,92.33,2022-02-13 18:00:00+00:00,2022-02-13 19:00:00+00:00,61785.46,5673.27,29937.04,0.0,71057.53,35610.31,0.6740694616546161,0.7386679638813748,-1.0,-1.8369701987210294e-16,-0.7818314824680299,0.6234898018587334,0,weekend,80.51249999999999
2022-02-14,2022,2,14,45,18,0,167.3,2022-02-14 18:00:00+00:00,2022-02-14 19:00:00+00:00,69920.82,5806.2325,23648.62,0.0,76022.58,29454.8525,0.6866759803451553,0.726963615332308,-1.0,-1.8369701987210294e-16,0.0,1.0,0,weekday,83.6
2022-02-15,2022,2,15,46,18,1,115.28,2022-02-15 18:00:00+00:00,2022-02-15 19:00:00+00:00,70396.92749999999,5427.515,30727.4425,0.0,79109.07,36154.9575,0.6990793005655562,0.7150441465537444,-1.0,-1.8369701987210294e-16,0.7818314824680298,0.6234898018587336,0,weekday,76.06
2022-02-16,2022,2,16,47,18,2,117.99,2022-02-16 18:00:00+00:00,2022-02-16 19:00:00+00:00,70462.975,5284.9175,38612.3,0.0,82238.15,43897.2175,0.7112757519738152,0.7029130847082615,-1.0,-1.8369701987210294e-16,0.9749279121818236,-0.2225209339563143,0,weekday,69.095
2022-02-17,2022,2,17,48,18,3,101.54,2022-02-17 18:00:00+00:00,2022-02-17 19:00:00+00:00,71689.02,5220.8975,38432.575,0.0,80994.35,43653.4725,0.7232617254437388,0.6905740195722293,-1.0,-1.8369701987210294e-16,0.4338837391175582,-0.900968867902419,0,weekday,73.35
2022-02-18,2022,2,18,49,18,4,140.49,2022-02-18 18:00:00+00:00,2022-02-18 19:00:00+00:00,71600.0575,3095.1625,37681.31,0.0,74823.84,40776.4725,0.7350336741329413,0.6780306024735382,-1.0,-1.8369701987210294e-16,-0.433883739117558,-0.9009688679024191,0,weekday,72.975
2022-02-19,2022,2,19,50,18,5,112.63,2022-02-19 18:00:00+00:00,2022-02-19 19:00:00+00:00,60978.490000000005,4827.6425,30589.66,0.0,71543.0,35417.3025,0.746588114532413,0.6652865452111116,-1.0,-1.8369701987210294e-16,-0.9749279121818236,-0.2225209339563146,0,weekend,73.76
2022-02-20,2022,2,20,51,18,6,51.28,2022-02-20 18:00:00+00:00,2022-02-20 19:00:00+00:00,61993.8825,5295.7925,38956.3275,0.0,75724.44,44252.12,0.7579216274973472,0.6523456189565257,-1.0,-1.8369701987210294e-16,-0.7818314824680299,0.6234898018587334,0,weekend,73.015
2022-02-21,2022,2,21,52,18,0,123.63,2022-02-21 18:00:00+00:00,2022-02-21 19:00:00+00:00,70812.42,5511.895,33763.285,0.0,79504.31,39275.18000000001,0.7690308592589181,0.6392116531380588,-1.0,-1.8369701987210294e-16,0.0,1.0,0,weekday,72.27000000000001
2022-02-22,2022,2,22,53,18,1,135.49,2022-02-22 18:00:00+00:00,2022-02-22 19:00:00+00:00,74413.75,5028.8150000000005,31515.44,0.0,80936.45,36544.255,0.7799125224167177,0.6258885343075018,-1.0,-1.8369701987210294e-16,0.7818314824680298,0.6234898018587336,0,weekday,71.525
2022-02-23,2022,2,23,54,18,2,236.86,2022-02-23 18:00:00+00:00,2022-02-23 19:00:00+00:00,71261.895,5518.8825,17383.7275,0.0,74855.16,22902.61,0.7905633969115482,0.612380204990065,-1.0,-1.8369701987210294e-16,0.9749279121818236,-0.2225209339563143,0,weekday,83.175
2022-02-24,2022,2,24,55,18,3,134.74,2022-02-24 18:00:00+00:00,2022-02-24 19:00:00+00:00,71951.1325,5608.047500000001,31488.585,0.0,77769.84,37096.6325,0.8009803309782905,0.5986906625177214,-1.0,-1.8369701987210294e-16,0.4338837391175582,-0.900968867902419,0,weekday,106.1
2022-02-25,2022,2,25,56,18,4,198.07,2022-02-25 18:00:00+00:00,2022-02-25 19:00:00+00:00,68777.825,5131.049999999999,24341.21,0.0,73925.15,29472.26,0.8111602420785621,0.5848239578463322,-1.0,-1.8369701987210294e-16,-0.433883739117558,-0.9009688679024191,0,weekday,94.422
2022-02-26,2022,2,26,57,18,5,300.7,2022-02-26 18:00:00+00:00,2022-02-26 19:00:00+00:00,61084.3475,909.225,3183.32,0.0,54353.81,4092.545,0.8211001178128892,0.5707841943569036,-1.0,-1.8369701987210294e-16,-0.9749279121818236,-0.2225209339563146,0,weekend,94.422
2022-02-27,2022,2,27,58,18,6,274.5,2022-02-27 18:00:00+00:00,2022-02-27 19:00:00+00:00,62305.51,3616.7525,12889.665,0.0,61824.01,16506.4175,0.8307970168121247,0.5565755266413303,-1.0,-1.8369701987210294e-16,-0.7818314824680299,0.6234898018587334,0,weekend,105.45599999999999
2022-02-28,2022,2,28,59,18,0,282.19,2022-02-28 18:00:00+00:00,2022-02-28 19:00:00+00:00,71084.0775,4595.5,17974.489999999998,0.0,71270.34,22569.99,0.8402480696078469,0.5422021592729844,-1.0,-1.8369701987210294e-16,0.0,1.0,0,weekday,116.49
2022-03-01,2022,3,1,60,18,1,354.11,2022-03-01 18:00:00+00:00,2022-03-01 19:00:00+00:00,71553.17,367.965,4423.2475,0.0,58817.45,4791.212500000001,0.8494504794814806,0.527668345562516,-1.0,-1.8369701987210294e-16,0.7818314824680298,0.6234898018587336,0,weekday,103.665
2022-03-02,2022,3,2,61,18,2,385.0,2022-03-02 18:00:00+00:00,2022-03-02 19:00:00+00:00,69516.775,823.2,2688.885,0.0,57437.13,3512.085,0.8584015232918917,0.512978386299228,-1.0,-1.8369701987210294e-16,0.9749279121818236,-0.2225209339563143,0,weekday,165.545
2022-03-03,2022,3,3,62,18,3,405.05,2022-03-03 18:00:00+00:00,2022-03-03 19:00:00+00:00,67754.98999999999,2313.82,9061.3575,0.0,63025.83,11375.1775,0.8670985522812081,0.4981366284784055,-1.0,-1.8369701987210294e-16,0.4338837391175582,-0.900968867902419,0,weekday,148.0
2022-03-04,2022,3,4,63,18,4,410.0,2022-03-04 18:00:00+00:00,2022-03-04 19:00:00+00:00,66336.56,2577.365,8443.15,0.0,61601.43,11020.515,0.8755389928586302,0.4831474640149687,-1.0,-1.8369701987210294e-16,-0.433883739117558,-0.9009688679024191,0,weekday,192.55
2022-03-05,2022,3,5,64,18,5,409.3,2022-03-05 18:00:00+00:00,2022-03-05 19:00:00+00:00,58514.735,495.4325,5547.5725,0.0,54957.81,6043.005,0.8837203473619977,0.4680153284438345,-1.0,-1.8369701987210294e-16,-0.9749279121818236,-0.2225209339563146,0,weekend,192.55
2022-03-06,2022,3,6,65,18,6,454.28,2022-03-06 18:00:00+00:00,2022-03-06 19:00:00+00:00,57578.7725,1035.0125,4727.1575,0.0,54107.06,5762.17,0.8916401947968874,0.452744699607371,-1.0,-1.8369701987210294e-16,-0.7818314824680299,0.6234898018587334,0,weekend,209.875
2022-03-07,2022,3,7,66,18,0,522.91,2022-03-07 18:00:00+00:00,2022-03-07 19:00:00+00:00,68756.79000000001,136.64249999999998,6271.0725,0.0,60161.8,6407.715,0.8992961915530253,0.4373400963303323,-1.0,-1.8369701987210294e-16,0.0,1.0,0,weekday,227.2
2022-03-08,2022,3,8,67,18,1,700.0,2022-03-08 18:00:00+00:00,2022-03-08 19:00:00+00:00,68400.7175,4063.58,10297.8775,0.0,65944.92,14361.4575,0.9066860720977984,0.4218060770826634,-1.0,-1.8369701987210294e-16,0.7818314824680298,0.6234898018587336,0,weekday,214.555
2022-03-09,2022,3,9,68,18,2,605.0,2022-03-09 18:00:00+00:00,2022-03-09 19:00:00+00:00,67489.6325,2965.935,7571.175,0.0,61254.99,10537.11,0.9138076496466616,0.4061472386305789,-1.0,-1.8369701987210294e-16,0.9749279121818236,-0.2225209339563143,0,weekday,155.88
2022-03-10,2022,3,10,69,18,3,326.39,2022-03-10 18:00:00+00:00,2022-03-10 19:00:00+00:00,67621.0075,4942.6875,25503.94,0.0,74713.9,30446.6275,0.9206588168102428,0.3903682146763026,-1.0,-1.8369701987210294e-16,0.4338837391175582,-0.900968867902419,0,weekday,126.4
2022-03-11,2022,3,11,70,18,4,151.98,2022-03-11 18:00:00+00:00,2022-03-11 19:00:00+00:00,66563.8275,5570.25,32652.6975,0.0,77578.45,38222.9475,0.9272375462179536,0.374473674486883,-1.0,-1.8369701987210294e-16,-0.433883739117558,-0.9009688679024191,0,weekday,131.23
2022-03-12,2022,3,12,71,18,5,235.0,2022-03-12 18:00:00+00:00,2022-03-12 19:00:00+00:00,58197.8075,3943.91,18417.67,0.0,61670.12,22361.58,0.9335418911179212,0.3584683215124808,-1.0,-1.8369701987210294e-16,-0.9749279121818236,-0.2225209339563146,0,weekend,131.23
2022-03-13,2022,3,13,72,18,6,199.9,2022-03-13 18:00:00+00:00,2022-03-13 19:00:00+00:00,56087.285,4954.5775,21054.7275,0.0,62650.6,26009.305,0.9395699859530622,0.342356891994542,-1.0,-1.8369701987210294e-16,-0.7818314824680299,0.6234898018587334,0,weekend,122.875
2022-03-14,2022,3,14,73,18,0,435.42,2022-03-14 18:00:00+00:00,2022-03-14 19:00:00+00:00,66305.9725,1270.05,5277.685,0.0,59458.35,6547.735000000001,0.945320046913132,0.3261441535642696,-1.0,-1.8369701987210294e-16,0.0,1.0,0,weekday,114.52
2022-03-15,2022,3,15,74,18,1,405.02,2022-03-15 18:00:00+00:00,2022-03-15 19:00:00+00:00,66511.30500000001,420.65,2530.49,0.0,56505.42,2951.14,0.9507903724625832,0.3098349038318025,-1.0,-1.8369701987210294e-16,0.7818314824680298,0.6234898018587336,0,weekday,121.69
2022-03-16,2022,3,16,75,18,2,296.49,2022-03-16 18:00:00+00:00,2022-03-16 19:00:00+00:00,66489.675,4594.17,18497.075,0.0,72312.44,23091.245000000003,0.9559793438440766,0.2934339689665273,-1.0,-1.8369701987210294e-16,0.9749279121818236,-0.2225209339563143,0,weekday,102.625
2022-03-17,2022,3,17,76,18,3,347.21,2022-03-17 18:00:00+00:00,2022-03-17 19:00:00+00:00,66101.83,1799.4075,8305.4675,0.0,61575.44,10104.875,0.9608854255574976,0.2769462022689364,-1.0,-1.8369701987210294e-16,0.4338837391175582,-0.900968867902419,0,weekday,110.5
2022-03-18,2022,3,18,77,18,4,286.52,2022-03-18 18:00:00+00:00,2022-03-18 19:00:00+00:00,66737.59,1277.835,13470.76,0.0,61759.65,14748.595,0.9655071658143364,0.2603764827344581,-1.0,-1.8369701987210294e-16,-0.433883739117558,-0.9009688679024191,0,weekday,105.045
2022-03-19,2022,3,19,78,18,5,173.27,2022-03-19 18:00:00+00:00,2022-03-19 19:00:00+00:00,58325.425,4473.1875,24064.49,0.0,67521.97,28537.6775,0.969843196967294,0.2437297136096838,-1.0,-1.8369701987210294e-16,-0.9749279121818236,-0.2225209339563146,0,weekend,105.045
2022-03-20,2022,3,20,79,18,6,122.95,2022-03-20 18:00:00+00:00,2022-03-20 19:00:00+00:00,57432.22,5003.2475,25426.3925,0.0,65531.54,30429.640000000003,0.9738922359149924,0.2270108209414184,-1.0,-1.8369701987210294e-16,-0.7818314824680299,0.6234898018587334,0,weekend,101.8825
2022-03-21,2022,3,21,80,18,0,336.98,2022-03-21 18:00:00+00:00,2022-03-21 19:00:00+00:00,65680.175,784.675,9737.5275,0.0,61671.61,10522.2025,0.977653084481664,0.2102247521189836,-1.0,-1.8369701987210294e-16,0.0,1.0,0,weekday,98.72
2022-03-22,2022,3,22,81,18,1,351.0,2022-03-22 18:00:00+00:00,2022-03-22 19:00:00+00:00,65438.3525,317.13,3171.14,0.0,54967.57,3488.27,0.981124629771712,0.1933764744102058,-1.0,-1.8369701987210294e-16,0.7818314824680298,0.6234898018587336,0,weekday,98.745
2022-03-23,2022,3,23,82,18,2,374.14,2022-03-23 18:00:00+00:00,2022-03-23 19:00:00+00:00,64902.6,81.1125,2598.6375,0.0,55364.05,2679.75,0.984305844499033,0.1764709734915216,-1.0,-1.8369701987210294e-16,0.9749279121818236,-0.2225209339563143,0,weekday,117.0
2022-03-24,2022,3,24,83,18,3,371.11,2022-03-24 18:00:00+00:00,2022-03-24 19:00:00+00:00,67490.22,308.7275,2459.5925,0.0,54798.73,2768.32,0.9871957872910084,0.1595132519726365,-1.0,-1.8369701987210294e-16,0.4338837391175582,-0.900968867902419,0,weekday,116.0
2022-03-25,2022,3,25,84,18,4,339.9,2022-03-25 18:00:00+00:00,2022-03-25 19:00:00+00:00,63418.1625,1564.0125,6339.705,0.0,58632.31,7903.7175,0.9897936029670716,0.1425083279161708,-1.0,-1.8369701987210294e-16,-0.433883739117558,-0.9009688679024191,0,weekday,101.27
2022-03-26,2022,3,26,85,18,5,292.24,2022-03-26 18:00:00+00:00,2022-03-26 19:00:00+00:00,58755.8525,1309.8825,6634.725,0.0,53835.3,7944.6075,0.992098522791769,0.1254612333527364,-1.0,-1.8369701987210294e-16,-0.9749279121818236,-0.2225209339563146,0,weekend,101.27
2022-03-27,2022,3,27,86,18,6,281.68,2022-03-27 18:00:00+00:00,2022-03-27 19:00:00+00:00,55295.787500000006,1247.4075,5433.905000000001,12.75,49853.6,6694.062500000001,0.9941098647022418,0.108377012791876,-1.0,-1.8369701987210294e-16,-0.7818314824680299,0.6234898018587334,0,weekend,99.435
2022-03-28,2022,3,28,87,18,0,274.06,2022-03-28 18:00:00+00:00,2022-03-28 19:00:00+00:00,61299.2075,1930.7775,7927.04,0.0,58012.98,9857.8175,0.9958270335100596,0.0912607217293118,-1.0,-1.8369701987210294e-16,0.0,1.0,0,weekday,97.6
2022-03-29,2022,3,29,88,18,1,297.67,2022-03-29 18:00:00+00:00,2022-03-29 19:00:00+00:00,61686.9475,1020.935,5014.952499999999,0.0,57298.13,6035.887499999999,0.9972495210773452,0.0741174251509443,-1.0,-1.8369701987210294e-16,0.7818314824680298,0.6234898018587336,0,weekday,108.38
2022-03-30,2022,3,30,89,18,2,285.73,2022-03-30 18:00:00+00:00,2022-03-30 19:00:00+00:00,62067.3525,1825.0075,5888.2375,0.0,57406.89,7713.245,0.998376906467142,0.0569521960340397,-1.0,-1.8369701987210294e-16,0.9749279121818236,-0.2225209339563143,0,weekday,118.97
2022-03-31,2022,3,31,90,18,3,199.08,2022-03-31 18:00:00+00:00,2022-03-31 19:00:00+00:00,61426.11,4747.4375,25060.6375,0.0,73282.57,29808.075,0.9992088560679752,0.0397701138460557,-1.0,-1.8369701987210294e-16,0.4338837391175582,-0.900968867902419,0,weekday,125.905
2022-04-01,2022,4,1,91,18,4,200.19,2022-04-01 18:00:00+00:00,2022-04-01 19:00:00+00:00,60745.8325,3760.575,24627.075,0.0,66744.41,28387.65,0.9997451236925734,0.0225762630415454,-1.0,-1.8369701987210294e-16,-0.433883739117558,-0.9009688679024191,0,weekday,114.75
2022-04-02,2022,4,2,92,18,5,241.63,2022-04-02 18:00:00+00:00,2022-04-02 19:00:00+00:00,53198.7475,1005.7,11791.945,6.5125,56539.51,12804.1575,0.9999855506507186,0.0053757315575838,-1.0,-1.8369701987210294e-16,-0.9749279121818236,-0.2225209339563146,0,weekend,112.15
2022-04-03,2022,4,3,93,18,6,204.95,2022-04-03 18:00:00+00:00,2022-04-03 19:00:00+00:00,52953.1775,4098.6,11904.7225,8.29,55947.56,16011.6125,0.9999300657962056,-0.0118263906918325,-1.0,-1.8369701987210294e-16,-0.7818314824680299,0.6234898018587334,0,weekend,110.8375
2022-04-04,2022,4,4,94,18,0,74.52,2022-04-04 18:00:00+00:00,2022-04-04 19:00:00+00:00,65205.4325,4941.975,39009.69,8.275,75645.89,43959.94,0.9995786855478958,-0.0290250133219752,-1.0,-1.8369701987210294e-16,0.0,1.0,0,weekday,109.525
2022-04-05,2022,4,5,95,18,1,277.91,2022-04-05 18:00:00+00:00,2022-04-05 19:00:00+00:00,63686.5125,1257.66,15216.93,11.28,61223.83,16485.87,0.9989315138848576,-0.0462150469837083,-1.0,-1.8369701987210294e-16,0.7818314824680298,0.6234898018587336,0,weekday,108.14
2022-04-06,2022,4,6,96,18,2,171.0,2022-04-06 18:00:00+00:00,2022-04-06 19:00:00+00:00,69129.92,4418.34,28840.335,13.29,71067.59,33271.965000000004,0.9979887423155984,-0.0633914048695103,-1.0,-1.8369701987210294e-16,0.9749279121818236,-0.2225209339563143,0,weekday,106.79
2022-04-07,2022,4,7,97,18,3,79.56,2022-04-07 18:00:00+00:00,2022-04-07 19:00:00+00:00,64539.6725,4754.2775,38405.12,17.2275,76364.38,43176.62500000001,0.9967506498213928,-0.0805490042187416,-1.0,-1.8369701987210294e-16,0.4338837391175582,-0.900968867902419,0,weekday,104.565
2022-04-08,2022,4,8,98,18,4,259.04,2022-04-08 18:00:00+00:00,2022-04-08 19:00:00+00:00,62838.605,4685.2325,12465.2925,13.2025,59396.79,17163.7275,0.9952176027737294,-0.0976827678217159,-1.0,-1.8369701987210294e-16,-0.433883739117558,-0.9009688679024191,0,weekday,103.88
2022-04-09,2022,4,9,99,18,5,105.0,2022-04-09 18:00:00+00:00,2022-04-09 19:00:00+00:00,55045.495,5217.0625,23982.1575,20.325,65292.55,29219.545,0.9933900548258936,-0.114787625522127,-1.0,-1.8369701987210294e-16,-0.9749279121818236,-0.2225209339563146,0,weekend,103.88
2022-04-10,2022,4,10,100,18,6,252.18,2022-04-10 18:00:00+00:00,2022-04-10 19:00:00+00:00,53309.4575,3320.52,11248.8475,23.435,51619.61,14592.8025,0.9912685467787256,-0.1318585157173911,-1.0,-1.8369701987210294e-16,-0.7818314824680299,0.6234898018587334,0,weekend,102.0075
2022-04-11,2022,4,11,101,18,0,290.37,2022-04-11 18:00:00+00:00,2022-04-11 19:00:00+00:00,64626.775,1528.63,5831.2975,46.23,54552.79,7406.157499999999,0.9888537064205885,-0.1488903868564548,-1.0,-1.8369701987210294e-16,0.0,1.0,0,weekday,100.135
2022-04-12,2022,4,12,102,18,1,233.47,2022-04-12 18:00:00+00:00,2022-04-12 19:00:00+00:00,64491.205,4759.13,19027.1825,46.535,67982.83,23832.8475,0.986146248341595,-0.1658781989346314,-1.0,-1.8369701987210294e-16,0.7818314824680298,0.6234898018587336,0,weekday,103.75
2022-04-13,2022,4,13,103,18,2,301.63,2022-04-13 18:00:00+00:00,2022-04-13 19:00:00+00:00,61751.3675,1381.725,3572.3475,49.5175,51170.58,5003.59,0.98314697372215,-0.1828169249850199,-1.0,-1.8369701987210294e-16,0.9749279121818236,-0.2225209339563143,0,weekday,105.325
2022-04-14,2022,4,14,104,18,3,272.31,2022-04-14 18:00:00+00:00,2022-04-14 19:00:00+00:00,62005.1,1827.465,5988.6875,59.3425,52317.76,7875.495,0.9798567700958664,-0.1997015525660636,-1.0,-1.8369701987210294e-16,0.4338837391175582,-0.900968867902419,0,weekday,95.62
2022-04-15,2022,4,15,105,18,4,235.99,2022-04-15 18:00:00+00:00,2022-04-15 19:00:00+00:00,53958.93,820.0274999999999,8803.955,83.065,46727.97,9707.0475,0.976276611086932,-0.2165270852448143,-1.0,-1.8369701987210294e-16,-0.433883739117558,-0.9009688679024191,1,holiday,95.62
2022-04-16,2022,4,16,106,18,5,205.81,2022-04-16 18:00:00+00:00,2022-04-16 19:00:00+00:00,52597.235,1262.4325,8345.9525,114.17,48205.54,9722.554999999998,0.9724075561219968,-0.2332885440754551,-1.0,-1.8369701987210294e-16,-0.9749279121818236,-0.2225209339563146,0,weekend,95.62
2022-04-17,2022,4,17,107,18,6,191.54,2022-04-17 18:00:00+00:00,2022-04-17 19:00:00+00:00,48043.605,2154.865,7401.155000000001,100.22,44974.54,9656.24,0.9682507501166718,-0.2499809690726521,-1.0,-1.8369701987210294e-16,-0.7818314824680299,0.6234898018587334,0,weekend,95.62
2022-04-18,2022,4,18,108,18,0,250.73,2022-04-18 18:00:00+00:00,2022-04-18 19:00:00+00:00,53377.8875,1133.78,4302.0525,98.0375,42892.87,5533.87,0.9638074231367308,-0.2665994206792935,-1.0,-1.8369701987210294e-16,0.0,1.0,1,holiday,95.62
2022-04-19,2022,4,19,109,18,1,240.01,2022-04-19 18:00:00+00:00,2022-04-19 19:00:00+00:00,60237.055,2445.775,12258.4425,110.1375,57492.1,14814.355,0.9590788900341132,-0.2831389812281835,-1.0,-1.8369701987210294e-16,0.7818314824680298,0.6234898018587336,0,weekday,93.77
2022-04-20,2022,4,20,110,18,2,250.0,2022-04-20 18:00:00+00:00,2022-04-20 19:00:00+00:00,60560.052500000005,2045.2825,10771.3725,126.1275,55970.94,12942.7825,0.9540665500578388,-0.2995947563972602,-1.0,-1.8369701987210294e-16,0.9749279121818236,-0.2225209339563143,0,weekday,96.75
2022-04-21,2022,4,21,111,18,3,223.61,2022-04-21 18:00:00+00:00,2022-04-21 19:00:00+00:00,60015.14,4545.42,15083.8,113.705,61012.64,19742.925000000003,0.9487718864399473,-0.3159618766579029,-1.0,-1.8369701987210294e-16,0.4338837391175582,-0.900968867902419,0,weekday,100.06
2022-04-22,2022,4,22,112,18,4,209.97,2022-04-22 18:00:00+00:00,2022-04-22 19:00:00+00:00,58990.545,4931.3475,21055.905,140.59,63988.99,26127.8425,0.9431964659565866,-0.3322354987159043,-1.0,-1.8369701987210294e-16,-0.433883739117558,-0.9009688679024191,0,weekday,94.875
2022-04-23,2022,4,23,113,18,5,171.36,2022-04-23 18:00:00+00:00,2022-04-23 19:00:00+00:00,50667.5175,3993.81,20771.56,156.0275,61491.34,24921.397500000003,0.9373419384643772,-0.3484108069446808,-1.0,-1.8369701987210294e-16,-0.9749279121818236,-0.2225209339563146,0,weekend,94.875
2022-04-24,2022,4,24,114,18,6,224.95,2022-04-24 18:00:00+00:00,2022-04-24 19:00:00+00:00,49021.795,3437.5325,13411.3825,125.665,51823.56,16974.58,0.9312100364121948,-0.3644830148102912,-1.0,-1.8369701987210294e-16,-0.7818314824680299,0.6234898018587334,0,weekend,93.85499999999999
2022-04-25,2022,4,25,115,18,0,275.71,2022-04-25 18:00:00+00:00,2022-04-25 19:00:00+00:00,60135.0275,1310.64,4638.4475,160.6,52186.06,6109.687500000001,0.9248025743285088,-0.3804473662878516,-1.0,-1.8369701987210294e-16,0.0,1.0,0,weekday,92.835
2022-04-26,2022,4,26,116,18,1,286.76,2022-04-26 18:00:00+00:00,2022-04-26 19:00:00+00:00,59983.2375,501.5,4971.4025,179.785,51670.53,5652.6875,0.9181214482844364,-0.3962991372689181,-1.0,-1.8369701987210294e-16,0.7818314824680298,0.6234898018587336,0,weekday,103.21
2022-04-27,2022,4,27,117,18,2,266.33,2022-04-27 18:00:00+00:00,2022-04-27 19:00:00+00:00,59644.3925,273.88,3520.2825,235.63,49930.04,4029.7925,0.9111686353326632,-0.4120336369594263,-1.0,-1.8369701987210294e-16,0.9749279121818236,-0.2225209339563143,0,weekday,107.425
2022-04-28,2022,4,28,118,18,3,284.91,2022-04-28 18:00:00+00:00,2022-04-28 19:00:00+00:00,59063.3925,1230.0675,5531.365,257.6275,52663.79,7019.06,0.9039461929224012,-0.4276462092677746,-1.0,-1.8369701987210294e-16,0.4338837391175582,-0.900968867902419,0,weekday,100.142
2022-04-29,2022,4,29,119,18,4,265.87,2022-04-29 18:00:00+00:00,2022-04-29 19:00:00+00:00,57901.04,964.91,6208.665,234.0875,51521.48,7407.662499999999,0.8964562582905575,-0.4431322341826345,-1.0,-1.8369701987210294e-16,-0.433883739117558,-0.9009688679024191,0,weekday,99.45
2022-04-30,2022,4,30,120,18,5,252.64,2022-04-30 18:00:00+00:00,2022-04-30 19:00:00+00:00,50698.655,523.4975,4650.52,244.79,45192.28,5418.8075,0.8887010478292915,-0.4584871291400876,-1.0,-1.8369701987210294e-16,-0.9749279121818236,-0.2225209339563146,0,weekend,99.45
2022-05-01,2022,5,1,121,18,6,254.94,2022-05-01 18:00:00+00:00,2022-05-01 19:00:00+00:00,48795.105,105.425,3516.1875,275.9625,41407.8,3897.575,0.8806828564301475,-0.47370635037968,-1.0,-1.8369701987210294e-16,-0.7818314824680299,0.6234898018587334,1,holiday,98.25
2022-05-02,2022,5,2,122,18,0,265.41,2022-05-02 18:00:00+00:00,2022-05-02 19:00:00+00:00,59574.9775,934.6225,4108.0975,341.6175,50060.63,5384.3375,0.8724040568049612,-0.4887853942889926,-1.0,-1.8369701987210294e-16,0.0,1.0,0,weekday,97.05
2022-05-03,2022,5,3,123,18,1,270.23,2022-05-03 18:00:00+00:00,2022-05-03 19:00:00+00:00,59716.6975,826.6775,3825.2775,338.3025,52355.44,4990.2575,0.8638670987837349,-0.503719798736334,-1.0,-1.8369701987210294e-16,0.7818314824680298,0.6234898018587336,0,weekday,99.425
2022-05-04,2022,5,4,124,18,2,281.49,2022-05-04 18:00:00+00:00,2022-05-04 19:00:00+00:00,58392.4725,175.01749999999998,2147.6225,351.8225,50015.9,2674.4625,0.8550745085896932,-0.518505144391157,-1.0,-1.8369701987210294e-16,0.9749279121818236,-0.2225209339563143,0,weekday,103.82
2022-05-05,2022,5,5,125,18,3,276.61,2022-05-05 18:00:00+00:00,2022-05-05 19:00:00+00:00,58844.8575,235.5775,2876.1025,366.26,49207.87,3477.94,0.8460288880917339,-0.533137056031809,-1.0,-1.8369701987210294e-16,0.4338837391175582,-0.900968867902419,0,weekday,106.51
2022-05-06,2022,5,6,126,18,4,262.69,2022-05-06 18:00:00+00:00,2022-05-06 19:00:00+00:00,57235.28,1221.4175,1960.91,396.855,47558.5,3579.1825000000003,0.8367329140344921,-0.5476112038402312,-1.0,-1.8369701987210294e-16,-0.433883739117558,-0.9009688679024191,0,weekday,101.71
2022-05-07,2022,5,7,127,18,5,231.57,2022-05-07 18:00:00+00:00,2022-05-07 19:00:00+00:00,50343.1125,2294.945,6314.2475,422.8075,44049.19,9032.000000000002,0.8271893372462497,-0.5619233046832195,-1.0,-1.8369701987210294e-16,-0.9749279121818236,-0.2225209339563146,0,weekend,101.71
2022-05-08,2022,5,8,128,18,6,238.99,2022-05-08 18:00:00+00:00,2022-05-08 19:00:00+00:00,49600.62,541.125,5063.6125,469.955,42018.84,6074.6925,0.8174009818249189,-0.5760691233798758,-1.0,-1.8369701987210294e-16,-0.7818314824680299,0.6234898018587334,0,weekend,99.01249999999999
2022-05-09,2022,5,9,129,18,0,280.0,2022-05-09 18:00:00+00:00,2022-05-09 19:00:00+00:00,57862.955,892.16,2185.7825000000003,494.005,48669.77,3571.9475,0.8073707443023492,-0.5900444739548627,-1.0,-1.8369701987210294e-16,0.0,1.0,0,weekday,96.315
2022-05-10,2022,5,10,130,18,1,239.95,2022-05-10 18:00:00+00:00,2022-05-10 19:00:00+00:00,59052.965,3605.5475,12407.68,399.0425,56886.7,16412.27,0.7971015927871943,-0.6038452208771035,-1.0,-1.8369701987210294e-16,0.7818314824680298,0.6234898018587336,0,weekday,98.8
2022-05-11,2022,5,11,131,18,2,221.93,2022-05-11 18:00:00+00:00,2022-05-11 19:00:00+00:00,59056.93,3359.7,11960.805,465.65,51162.46,15786.155,0.7865965660866021,-0.6174672802835514,-1.0,-1.8369701987210294e-16,0.9749279121818236,-0.2225209339563143,0,weekday,94.01
2022-05-12,2022,5,12,132,18,3,241.77,2022-05-12 18:00:00+00:00,2022-05-12 19:00:00+00:00,59341.0325,2831.315,7399.79,542.4150000000001,47945.15,10773.52,0.7758587728069828,-0.6309066211876704,-1.0,-1.8369701987210294e-16,0.4338837391175582,-0.900968867902419,0,weekday,106.7
2022-05-13,2022,5,13,133,18,4,231.09,2022-05-13 18:00:00+00:00,2022-05-13 19:00:00+00:00,58085.0125,5253.47,12185.19,605.64,52943.11,18044.3,0.7648913904341225,-0.6441592666722685,-1.0,-1.8369701987210294e-16,-0.433883739117558,-0.9009688679024191,0,weekday,96.88
2022-05-14,2022,5,14,134,18,5,240.04,2022-05-14 18:00:00+00:00,2022-05-14 19:00:00+00:00,49039.0825,786.5625,4515.48,613.8075,39979.45,5915.849999999999,0.753697664392914,-0.6572212950663319,-1.0,-1.8369701987210294e-16,-0.9749279121818236,-0.2225209339563146,0,weekend,96.88
2022-05-15,2022,5,15,135,18,6,230.57,2022-05-15 18:00:00+00:00,2022-05-15 19:00:00+00:00,48962.3425,1401.1625,4548.0925,625.755,38816.25,6575.009999999999,0.742280907086982,-0.6700888411055113,-1.0,-1.8369701987210294e-16,-0.7818314824680299,0.6234898018587334,0,weekend,94.87
2022-05-16,2022,5,16,136,18,0,275.36,2022-05-16 18:00:00+00:00,2022-05-16 19:00:00+00:00,58643.83,2164.6025,8771.4875,481.305,51267.65,11417.395,0.7306444969184916,-0.6827580970759147,-1.0,-1.8369701987210294e-16,0.0,1.0,0,weekday,92.86
2022-05-17,2022,5,17,137,18,1,298.21,2022-05-17 18:00:00+00:00,2022-05-17 19:00:00+00:00,58594.1825,703.955,3311.8625,620.8325,48678.46,4636.65,0.7187918772884232,-0.6952253139408722,-1.0,-1.8369701987210294e-16,0.7818314824680298,0.6234898018587336,0,weekday,94.175
2022-05-18,2022,5,18,138,18,2,280.0,2022-05-18 18:00:00+00:00,2022-05-18 19:00:00+00:00,59116.345,612.0575,4946.4725,717.715,48385.99,6276.245,0.7067265555776158,-0.7074868024503348,-1.0,-1.8369701987210294e-16,0.9749279121818236,-0.2225209339563143,0,weekday,96.475
2022-05-19,2022,5,19,139,18,3,273.4,2022-05-19 18:00:00+00:00,2022-05-19 19:00:00+00:00,59065.0875,1444.415,7322.98,652.89,48580.65,9420.285,0.6944521021088763,-0.719538934232584,-1.0,-1.8369701987210294e-16,0.4338837391175582,-0.900968867902419,0,weekday,91.025
2022-05-20,2022,5,20,140,18,4,231.03,2022-05-20 18:00:00+00:00,2022-05-20 19:00:00+00:00,57471.7875,364.04,13231.35,492.825,50267.45,14088.215000000002,0.6819721490904629,-0.7313781428679254,-1.0,-1.8369701987210294e-16,-0.433883739117558,-0.9009688679024191,0,weekday,87.9
2022-05-21,2022,5,21,141,18,5,219.32,2022-05-21 18:00:00+00:00,2022-05-21 19:00:00+00:00,48755.2,2084.82,10294.0425,905.3225,43596.16,13284.185,0.6692903895412567,-0.7430009249440493,-1.0,-1.8369701987210294e-16,-0.9749279121818236,-0.2225209339563146,0,weekend,87.9
2022-05-22,2022,5,22,142,18,6,225.55,2022-05-22 18:00:00+00:00,2022-05-22 19:00:00+00:00,48536.185,642.615,2007.35,836.4399999999999,39647.98,3486.405,0.6564105761979381,-0.7544038410927472,-1.0,-1.8369701987210294e-16,-0.7818314824680299,0.6234898018587334,0,weekend,86.56
2022-05-23,2022,5,23,143,18,0,210.07,2022-05-23 18:00:00+00:00,2022-05-23 19:00:00+00:00,59084.3325,3531.3,19233.4025,594.7625,59546.16,23359.465,0.6433365204044917,-0.765583517007675,-1.0,-1.8369701987210294e-16,0.0,1.0,0,weekday,85.22
2022-05-24,2022,5,24,144,18,1,219.99,2022-05-24 18:00:00+00:00,2022-05-24 19:00:00+00:00,59546.53,4268.105,7234.309999999999,921.9225,51941.97,12424.337499999998,0.6300720909843687,-0.7765366444428655,-1.0,-1.8369701987210294e-16,0.7818314824680298,0.6234898018587336,0,weekday,86.875
2022-05-25,2022,5,25,145,18,2,210.13,2022-05-25 18:00:00+00:00,2022-05-25 19:00:00+00:00,59073.1675,4372.97,10618.505,959.615,51675.54,15951.089999999998,0.6166212130956382,-0.7872599821916922,-1.0,-1.8369701987210294e-16,0.9749279121818236,-0.2225209339563143,0,weekday,85.625
2022-05-26,2022,5,26,146,18,3,168.09,2022-05-26 18:00:00+00:00,2022-05-26 19:00:00+00:00,48939.34,4604.78,13499.9875,907.3875,49640.91,19012.155,0.6029878670694714,-0.7977503570459932,-1.0,-1.8369701987210294e-16,0.4338837391175582,-0.900968867902419,1,holiday,85.97
2022-05-27,2022,5,27,147,18,4,75.97,2022-05-27 18:00:00+00:00,2022-05-27 19:00:00+00:00,56236.04,4841.6325,29110.862500000003,1063.2875,64746.73,35015.7825,0.5891760872322963,-0.8080046647350754,-1.0,-1.8369701987210294e-16,-0.433883739117558,-0.9009688679024191,0,weekday,86.25
2022-05-28,2022,5,28,148,18,5,158.33,2022-05-28 18:00:00+00:00,2022-05-28 19:00:00+00:00,48773.0,4932.27,17941.33,1064.6975,55925.78,23938.2975,0.5751899607119775,-0.8180198708443174,-1.0,-1.8369701987210294e-16,-0.9749279121818236,-0.2225209339563146,0,weekend,86.875
2022-05-29,2022,5,29,149,18,6,214.94,2022-05-29 18:00:00+00:00,2022-05-29 19:00:00+00:00,48249.6275,2195.8675,4959.725,985.7425,42463.84,8141.335000000001,0.5610336262283677,-0.8277930117131022,-1.0,-1.8369701987210294e-16,-0.7818314824680299,0.6234898018587334,0,weekend,89.25166666666667
2022-05-30,2022,5,30,150,18,0,295.0,2022-05-30 18:00:00+00:00,2022-05-30 19:00:00+00:00,58926.9225,60.615,1404.5325,1105.79,44515.9,2570.9375,0.5467112728685939,-0.8373211953118121,-1.0,-1.8369701987210294e-16,0.0,1.0,0,weekday,91.62833333333333
2022-05-31,2022,5,31,151,18,1,258.67,2022-05-31 18:00:00+00:00,2022-05-31 19:00:00+00:00,58810.927500000005,317.5725,1966.95,1013.635,46501.39,3298.1575000000003,0.5322271388474397,-0.8466016020976267,-1.0,-1.8369701987210294e-16,0.7818314824680298,0.6234898018587336,0,weekday,94.005
2022-06-01,2022,6,1,152,18,2,257.71,2022-06-01 18:00:00+00:00,2022-06-01 19:00:00+00:00,57807.067500000005,521.39,3632.8125,1086.8625,47975.78,5241.0650000000005,0.5175855102531889,-0.8556314858488706,-1.0,-1.8369701987210294e-16,0.9749279121818236,-0.2225209339563143,0,weekday,85.55
2022-06-02,2022,6,2,153,18,3,238.97,2022-06-02 18:00:00+00:00,2022-06-02 19:00:00+00:00,58042.8975,1247.0700000000002,4196.8075,1231.77,49421.41,6675.647500000001,0.5027907197793043,-0.8644081744776648,-1.0,-1.8369701987210294e-16,0.4338837391175582,-0.900968867902419,0,weekday,83.945
2022-06-03,2022,6,3,154,18,4,221.83,2022-06-03 18:00:00+00:00,2022-06-03 19:00:00+00:00,56251.9375,991.7925,7750.110000000001,916.4875,49515.49,9658.39,0.4878471454423119,-0.8729290708206411,-1.0,-1.8369701987210294e-16,-0.433883739117558,-0.9009688679024191,0,weekday,83.1
2022-06-04,2022,6,4,155,18,5,209.24,2022-06-04 18:00:00+00:00,2022-06-04 19:00:00+00:00,48092.2975,668.2975,4974.55,1221.4325,41797.42,6864.28,0.4727592092862775,-0.881191653407483,-1.0,-1.8369701987210294e-16,-0.9749279121818236,-0.2225209339563146,0,weekend,83.1
2022-06-05,2022,6,5,156,18,6,169.44,2022-06-05 18:00:00+00:00,2022-06-05 19:00:00+00:00,44362.0625,4282.7325,12750.9475,822.9425,49167.82,17856.6225,0.4575313760742512,-0.8891934772070711,-1.0,-1.8369701987210294e-16,-0.7818314824680299,0.6234898018587334,0,weekend,83.0525
2022-06-06,2022,6,6,157,18,0,214.97,2022-06-06 18:00:00+00:00,2022-06-06 19:00:00+00:00,48906.02,2655.7625,9671.405,1199.5375,49301.72,13526.705,0.442168151967072,-0.8969321743510065,-1.0,-1.8369701987210294e-16,0.0,1.0,1,holiday,83.005
2022-06-07,2022,6,7,158,18,1,227.46,2022-06-07 18:00:00+00:00,2022-06-07 19:00:00+00:00,57642.1,2694.6075,6286.7725,1184.8275,50151.05,10166.2075,0.4266740831899246,-0.9044054548343,-1.0,-1.8369701987210294e-16,0.7818314824680298,0.6234898018587336,0,weekday,80.41
2022-06-08,2022,6,8,159,18,2,212.36,2022-06-08 18:00:00+00:00,2022-06-08 19:00:00+00:00,58251.6175,1103.5225,5935.94,692.9849999999999,46520.02,7732.447499999999,0.4110537546870351,-0.911611107193024,-1.0,-1.8369701987210294e-16,0.9749279121818236,-0.2225209339563143,0,weekday,79.405
2022-06-09,2022,6,9,160,18,3,202.28,2022-06-09 18:00:00+00:00,2022-06-09 19:00:00+00:00,57910.9125,1859.4275,7427.845,1270.8375,49142.45,10558.11,0.3953117887649151,-0.9185469991587164,-1.0,-1.8369701987210294e-16,0.4338837391175582,-0.900968867902419,0,weekday,84.88
2022-06-10,2022,6,10,161,18,4,220.46,2022-06-10 18:00:00+00:00,2022-06-10 19:00:00+00:00,56713.6825,846.0175,2409.175,1287.545,45577.72,4542.7375,0.3794528437245443,-0.925211078289358,-1.0,-1.8369701987210294e-16,-0.433883739117558,-0.9009688679024191,0,weekday,82.465
2022-06-11,2022,6,11,162,18,5,209.33,2022-06-11 18:00:00+00:00,2022-06-11 19:00:00+00:00,48058.7225,2553.5725,3703.4875,1324.4025,43907.05,7581.462500000001,0.3634816124829063,-0.9316013725767188,-1.0,-1.8369701987210294e-16,-0.9749279121818236,-0.2225209339563146,0,weekend,82.465
2022-06-12,2022,6,12,163,18,6,205.98,2022-06-12 18:00:00+00:00,2022-06-12 19:00:00+00:00,46837.38,1606.4299999999998,6388.17,1377.9375,43002.31,9372.5375,0.3474028211842774,-0.9377159910299092,-1.0,-1.8369701987210294e-16,-0.7818314824680299,0.6234898018587334,0,weekend,82.9325
2022-06-13,2022,6,13,164,18,0,224.9,2022-06-13 18:00:00+00:00,2022-06-13 19:00:00+00:00,57339.6325,2564.52,11245.8325,1473.295,54439.17,15283.6475,0.3312212278016865,-0.9435531242349544,-1.0,-1.8369701987210294e-16,0.0,1.0,0,weekday,83.4
2022-06-14,2022,6,14,165,18,1,295.68,2022-06-14 18:00:00+00:00,2022-06-14 19:00:00+00:00,57360.6025,561.7975,2092.3475,1393.13,48945.85,4047.275,0.3149416207289519,-0.9491110448902284,-1.0,-1.8369701987210294e-16,0.7818314824680298,0.6234898018587336,0,weekday,97.04
2022-06-15,2022,6,15,166,18,2,307.48,2022-06-15 18:00:00+00:00,2022-06-15 19:00:00+00:00,54706.715,112.4575,3108.5,1416.34,48798.31,4637.2975,0.2985688173637202,-0.9543881083175908,-1.0,-1.8369701987210294e-16,0.9749279121818236,-0.2225209339563143,0,weekday,120.33
2022-06-16,2022,6,16,167,18,3,265.18,2022-06-16 18:00:00+00:00,2022-06-16 19:00:00+00:00,51995.92,572.9825,6267.0375,1454.395,47183.67,8294.415,0.2821076626819194,-0.9593827529490744,-1.0,-1.8369701987210294e-16,0.4338837391175582,-0.900968867902419,0,weekday,124.365
2022-06-17,2022,6,17,168,18,4,355.39,2022-06-17 18:00:00+00:00,2022-06-17 19:00:00+00:00,54611.415,3975.2225,3622.3925,1339.2075,49926.67,8936.8225,0.2655630278040559,-0.9640935007889756,-1.0,-1.8369701987210294e-16,-0.433883739117558,-0.9009688679024191,0,weekday,117.74
2022-06-18,2022,6,18,169,18,5,330.47,2022-06-18 18:00:00+00:00,2022-06-18 19:00:00+00:00,47202.93,642.2674999999999,4432.45,1408.8775,42527.76,6483.594999999999,0.2489398085537665,-0.9685189578512204,-1.0,-1.8369701987210294e-16,-0.9749279121818236,-0.2225209339563146,0,weekend,117.74
2022-06-19,2022,6,19,170,18,6,282.69,2022-06-19 18:00:00+00:00,2022-06-19 19:00:00+00:00,48138.315,727.99,8081.6975,1330.2975,45291.0,10139.985,0.2322429240090701,-0.9726578145718654,-1.0,-1.8369701987210294e-16,-0.7818314824680299,0.6234898018587334,0,weekend,120.34666666666666
2022-06-20,2022,6,20,171,18,0,316.32,2022-06-20 18:00:00+00:00,2022-06-20 19:00:00+00:00,56503.3825,3106.76,14049.62,1451.165,58041.15,18607.545,0.2154773150467301,-0.976508846196619,-1.0,-1.8369701987210294e-16,0.0,1.0,0,weekday,122.95333333333333
2022-06-21,2022,6,21,172,18,1,458.04,2022-06-21 18:00:00+00:00,2022-06-21 19:00:00+00:00,56149.9775,384.3225,1919.805,1449.2075,48292.21,3753.335,0.1986479428801711,-0.9800709131432666,-1.0,-1.8369701987210294e-16,0.7818314824680298,0.6234898018587336,0,weekday,125.56
2022-06-22,2022,6,22,173,18,2,462.91,2022-06-22 18:00:00+00:00,2022-06-22 19:00:00+00:00,57376.36,160.5775,3703.6625,1246.3325,48188.48,5110.5725,0.1817597875913753,-0.9833429613388902,-1.0,-1.8369701987210294e-16,0.9749279121818236,-0.2225209339563143,0,weekday,127.17
2022-06-23,2022,6,23,174,18,3,413.99,2022-06-23 18:00:00+00:00,2022-06-23 19:00:00+00:00,57609.675,2764.11,6662.2075,1380.3925000000002,52325.68,10806.71,0.1648178466571979,-0.9863240225317866,-1.0,-1.8369701987210294e-16,0.4338837391175582,-0.900968867902419,0,weekday,133.345
2022-06-24,2022,6,24,175,18,4,335.2,2022-06-24 18:00:00+00:00,2022-06-24 19:00:00+00:00,57010.975,1326.9975,6510.1575,1118.3425,48449.47,8955.497500000001,0.1478271334705304,-0.9890132145779884,-1.0,-1.8369701987210294e-16,-0.433883739117558,-0.9009688679024191,0,weekday,128.505
2022-06-25,2022,6,25,176,18,5,327.17,2022-06-25 18:00:00+00:00,2022-06-25 19:00:00+00:00,47833.490000000005,189.3925,1616.4425,1387.9450000000002,40504.76,3193.78,0.1307926758567592,-0.9914097417023038,-1.0,-1.8369701987210294e-16,-0.9749279121818236,-0.2225209339563146,0,weekend,128.505
2022-06-26,2022,6,26,177,18,6,333.38,2022-06-26 18:00:00+00:00,2022-06-26 19:00:00+00:00,48460.2625,230.4425,2673.9175,1320.9275,43075.1,4225.2875,0.1137195145859496,-0.9935128947338008,-1.0,-1.8369701987210294e-16,-0.7818314824680299,0.6234898018587334,0,weekend,128.98250000000002
2022-06-27,2022,6,27,178,18,0,390.37,2022-06-27 18:00:00+00:00,2022-06-27 19:00:00+00:00,56772.85,606.7425,7121.27,994.9075,50259.31,8722.92,0.0966127018812031,-0.9953220513156602,-1.0,-1.8369701987210294e-16,0.0,1.0,0,weekday,129.46
2022-06-28,2022,6,28,179,18,1,453.14,2022-06-28 18:00:00+00:00,2022-06-28 19:00:00+00:00,56711.27,362.4675,2998.4925000000003,1245.465,50085.84,4606.425,0.0794772999236209,-0.9968366760893436,-1.0,-1.8369701987210294e-16,0.7818314824680298,0.6234898018587336,0,weekday,129.175
2022-06-29,2022,6,29,180,18,2,390.0,2022-06-29 18:00:00+00:00,2022-06-29 19:00:00+00:00,58466.465,3661.7475,6106.41,1176.0125,54339.95,10944.17,0.062318379354325,-0.998056320853012,-1.0,-1.8369701987210294e-16,0.9749279121818236,-0.2225209339563143,0,weekday,139.588
2022-06-30,2022,6,30,181,18,3,450.0,2022-06-30 18:00:00+00:00,2022-06-30 19:00:00+00:00,57877.725,1794.9,5190.255,1314.83,54532.66,8299.985,0.0451410177739719,-0.998980624694158,-1.0,-1.8369701987210294e-16,0.4338837391175582,-0.900968867902419,0,weekday,144.515
2022-07-01,2022,7,1,182,18,4,359.56,2022-07-01 18:00:00+00:00,2022-07-01 19:00:00+00:00,56582.0825,2700.695,5835.51,1403.6325000000002,51166.06,9939.8375,0.0279502982402103,-0.999609314096404,-1.0,-1.8369701987210294e-16,-0.433883739117558,-0.9009688679024191,0,weekday,147.785
2022-07-02,2022,7,2,183,18,5,362.85,2022-07-02 18:00:00+00:00,2022-07-02 19:00:00+00:00,47941.52,638.925,2085.0075,1493.76,41419.31,4217.6925,0.0107513077635219,-0.9999422030204416,-1.0,-1.8369701987210294e-16,-0.9749279121818236,-0.2225209339563146,0,weekend,147.785
2022-07-03,2022,7,3,184,18,6,340.1,2022-07-03 18:00:00+00:00,2022-07-03 19:00:00+00:00,47251.425,815.7125000000001,6289.2125,1493.16,44737.38,8598.085,-0.0064508641981051,-0.9999791929590824,-1.0,-1.8369701987210294e-16,-0.7818314824680299,0.6234898018587334,0,weekend,153.54833333333332
2022-07-04,2022,7,4,185,18,0,398.72,2022-07-04 18:00:00+00:00,2022-07-04 19:00:00+00:00,58075.745,3403.8225,7077.4725,1534.3125,54387.02,12015.6075,-0.0236511272452315,-0.9997202729664084,-1.0,-1.8369701987210294e-16,0.0,1.0,0,weekday,159.31166666666667
2022-07-05,2022,7,5,186,18,1,370.0,2022-07-05 18:00:00+00:00,2022-07-05 19:00:00+00:00,58525.8525,3082.8675000000003,9352.4575,1472.5625,53894.58,13907.8875,-0.0408443915432961,-0.9991655196610107,-1.0,-1.8369701987210294e-16,0.7818314824680298,0.6234898018587336,0,weekday,165.075
2022-07-06,2022,7,6,187,18,2,387.46,2022-07-06 18:00:00+00:00,2022-07-06 19:00:00+00:00,57960.27,5007.5475,10749.8225,1331.5075,56559.34,17088.8775,-0.0580255693287803,-0.9983150972033183,-1.0,-1.8369701987210294e-16,0.9749279121818236,-0.2225209339563143,0,weekday,171.0
2022-07-07,2022,7,7,188,18,3,242.42,2022-07-07 18:00:00+00:00,2022-07-07 19:00:00+00:00,58426.3675,4502.9475,22780.2675,1311.1775,62694.66,28594.392500000005,-0.0751895764147585,-0.9971692572470178,-1.0,-1.8369701987210294e-16,0.4338837391175582,-0.900968867902419,0,weekday,183.185
2022-07-08,2022,7,8,189,18,4,410.89,2022-07-08 18:00:00+00:00,2022-07-08 19:00:00+00:00,55979.905,1909.79,9493.175,1467.0700000000002,51496.47,12870.035,-0.0923313336953912,-0.9957283388645872,-1.0,-1.8369701987210294e-16,-0.433883739117558,-0.9009688679024191,0,weekday,175.21
2022-07-09,2022,7,9,190,18,5,100.86,2022-07-09 18:00:00+00:00,2022-07-09 19:00:00+00:00,48832.405,5196.06,19374.8125,1321.1875,54715.87,25892.06,-0.1094457686489155,-0.993992768446958,-1.0,-1.8369701987210294e-16,-0.9749279121818236,-0.2225209339563146,0,weekend,175.21
2022-07-10,2022,7,10,191,18,6,369.9,2022-07-10 18:00:00+00:00,2022-07-10 19:00:00+00:00,47921.3925,2790.565,10779.67,1192.4625,47157.68,14762.6975,-0.1265278168386831,-0.9919630595773395,-1.0,-1.8369701987210294e-16,-0.7818314824680299,0.6234898018587334,0,weekend,169.865
2022-07-11,2022,7,11,192,18,0,469.9,2022-07-11 18:00:00+00:00,2022-07-11 19:00:00+00:00,57523.085,516.1075000000001,3550.2975,1379.74,48840.32,5446.145,-0.1435724234118113,-0.9896398128792412,-1.0,-1.8369701987210294e-16,0.0,1.0,0,weekday,164.52
2022-07-12,2022,7,12,193,18,1,506.69,2022-07-12 18:00:00+00:00,2022-07-12 19:00:00+00:00,57243.3925,2308.505,3018.2725,1450.565,50706.3,6777.342500000001,-0.1605745445949937,-0.9870237158387384,-1.0,-1.8369701987210294e-16,0.7818314824680298,0.6234898018587336,0,weekday,172.61
2022-07-13,2022,7,13,194,18,2,448.22,2022-07-13 18:00:00+00:00,2022-07-13 19:00:00+00:00,57075.68,2482.755,12900.66,1336.715,58663.18,16720.13,-0.1775291491870349,-0.984115542601034,-1.0,-1.8369701987210294e-16,0.9749279121818236,-0.2225209339563143,0,weekday,180.505
2022-07-14,2022,7,14,195,18,3,436.27,2022-07-14 18:00:00+00:00,2022-07-14 19:00:00+00:00,57456.65,3392.4725,13827.825,1239.9325,55034.93,18460.23,-0.1944312200476619,-0.9809161537413774,-1.0,-1.8369701987210294e-16,0.4338837391175582,-0.900968867902419,0,weekday,175.035
2022-07-15,2022,7,15,196,18,4,430.45,2022-07-15 18:00:00+00:00,2022-07-15 19:00:00+00:00,55750.8225,2588.875,6853.355,1318.6875,51763.67,10760.9175,-0.2112757555821793,-0.9774264960104057,-1.0,-1.8369701987210294e-16,-0.433883739117558,-0.9009688679024191,0,weekday,159.565
2022-07-16,2022,7,16,197,18,5,334.25,2022-07-16 18:00:00+00:00,2022-07-16 19:00:00+00:00,48228.025,2377.725,11557.975,1400.985,49226.97,15336.685,-0.2280577712215198,-0.9736476020539838,-1.0,-1.8369701987210294e-16,-0.9749279121818236,-0.2225209339563146,0,weekend,159.565
2022-07-17,2022,7,17,198,18,6,426.4,2022-07-17 18:00:00+00:00,2022-07-17 19:00:00+00:00,46226.0825,981.1575,2013.4225,1304.8725,40597.72,4299.452499999999,-0.2447723008972595,-0.9695805901076308,-1.0,-1.8369701987210294e-16,-0.7818314824680299,0.6234898018587334,0,weekend,158.4125
2022-07-18,2022,7,18,199,18,0,679.54,2022-07-18 18:00:00+00:00,2022-07-18 19:00:00+00:00,56269.2325,594.2175,1004.9725,1279.395,47649.15,2878.585,-0.2614143985111562,-0.965226663665613,-1.0,-1.8369701987210294e-16,0.0,1.0,0,weekday,157.26
2022-07-19,2022,7,19,200,18,1,570.05,2022-07-19 18:00:00+00:00,2022-07-19 19:00:00+00:00,56930.6825,2946.2775,5992.014999999999,1305.275,51459.91,10243.5675,-0.2779791393987801,-0.9605871111248128,-1.0,-1.8369701987210294e-16,0.7818314824680298,0.6234898018587336,0,weekday,154.455
2022-07-20,2022,7,20,201,18,2,526.26,2022-07-20 18:00:00+00:00,2022-07-20 19:00:00+00:00,58294.8525,2500.175,10847.66,1076.0,56675.5,14423.835,-0.2944616217868012,-0.9556633054034704,-1.0,-1.8369701987210294e-16,0.9749279121818236,-0.2225209339563143,0,weekday,155.04
2022-07-21,2022,7,21,202,18,3,515.45,2022-07-21 18:00:00+00:00,2022-07-21 19:00:00+00:00,58904.2825,3529.66,7579.1275,1073.03,53780.29,12181.8175,-0.3108569682435036,-0.9504567035349152,-1.0,-1.8369701987210294e-16,0.4338837391175582,-0.900968867902419,0,weekday,155.6
2022-07-22,2022,7,22,203,18,4,480.9,2022-07-22 18:00:00+00:00,2022-07-22 19:00:00+00:00,56956.075,1259.0725,3018.425,1201.1,48580.55,5478.5975,-0.3271603271220951,-0.9449688462364056,-1.0,-1.8369701987210294e-16,-0.433883739117558,-0.9009688679024191,0,weekday,159.865
2022-07-23,2022,7,23,204,18,5,402.15,2022-07-23 18:00:00+00:00,2022-07-23 19:00:00+00:00,47322.82,950.92,4385.585,1165.5275,47092.93,6502.0325,-0.343366873996388,-0.939201357453208,-1.0,-1.8369701987210294e-16,-0.9749279121818236,-0.2225209339563146,0,weekend,159.865
2022-07-24,2022,7,24,205,18,6,418.85,2022-07-24 18:00:00+00:00,2022-07-24 19:00:00+00:00,46868.265,1399.11,1181.54,1070.8475,43691.34,3651.4975,-0.3594718130884232,-0.9331559438780432,-1.0,-1.8369701987210294e-16,-0.7818314824680299,0.6234898018587334,0,weekend,168.24
2022-07-25,2022,7,25,206,18,0,383.81,2022-07-25 18:00:00+00:00,2022-07-25 19:00:00+00:00,57515.895,3455.9125,13871.185,849.29,54009.24,18176.3875,-0.3754703786876202,-0.9268343944460494,-1.0,-1.8369701987210294e-16,0.0,1.0,0,weekday,176.615
2022-07-26,2022,7,26,207,18,1,438.97,2022-07-26 18:00:00+00:00,2022-07-26 19:00:00+00:00,57720.29,4114.7725,10569.3675,1015.745,58079.24,15699.885,-0.3913578365610259,-0.9202385798054076,-1.0,-1.8369701987210294e-16,0.7818314824680298,0.6234898018587336,0,weekday,199.92
2022-07-27,2022,7,27,208,18,2,549.87,2022-07-27 18:00:00+00:00,2022-07-27 19:00:00+00:00,58375.8575,2297.8525,6293.3025,1039.695,51785.89,9630.85,-0.4071294853542516,-0.9133704517637858,-1.0,-1.8369701987210294e-16,0.9749279121818236,-0.2225209339563143,0,weekday,205.225
2022-07-28,2022,7,28,209,18,3,586.99,2022-07-28 18:00:00+00:00,2022-07-28 19:00:00+00:00,55648.25,170.6,5541.842500000001,912.05,47901.18,6624.492500000001,-0.4227806579826773,-0.9062320427107696,-1.0,-1.8369701987210294e-16,0.4338837391175582,-0.900968867902419,0,weekday,198.93
2022-07-29,2022,7,29,210,18,4,504.33,2022-07-29 18:00:00+00:00,2022-07-29 19:00:00+00:00,53538.630000000005,1566.3525,5518.115,697.58,49132.14,7782.0475,-0.4383067230125192,-0.898825465016444,-1.0,-1.8369701987210294e-16,-0.433883739117558,-0.9009688679024191,0,weekday,190.915
2022-07-30,2022,7,30,211,18,5,467.71,2022-07-30 18:00:00+00:00,2022-07-30 19:00:00+00:00,46206.165,350.57,3201.83,838.0475,39715.39,4390.4475,-0.4537030860313442,-0.8911529104063088,-1.0,-1.8369701987210294e-16,-0.9749279121818236,-0.2225209339563146,0,weekend,190.915
2022-07-31,2022,7,31,212,18,6,452.95,2022-07-31 18:00:00+00:00,2022-07-31 19:00:00+00:00,46074.395,849.64,4111.745,575.335,40678.11,5536.72,-0.4689651910076318,-0.8832166493127127,-1.0,-1.8369701987210294e-16,-0.7818314824680299,0.6234898018587334,0,weekend,195.855
2022-08-01,2022,8,1,213,18,0,530.88,2022-08-01 18:00:00+00:00,2022-08-01 19:00:00+00:00,57181.0475,330.01750000000004,3644.3425,822.4925,47703.4,4796.8525,-0.4840885216389758,-0.8750190302029955,-1.0,-1.8369701987210294e-16,0.0,1.0,0,weekday,200.795
2022-08-02,2022,8,2,214,18,1,511.07,2022-08-02 18:00:00+00:00,2022-08-02 19:00:00+00:00,57723.1775,3178.2000000000003,1736.97,762.7075,49358.65,5677.8775000000005,-0.4990686026885319,-0.8665624788845385,-1.0,-1.8369701987210294e-16,0.7818314824680298,0.6234898018587336,0,weekday,205.175
2022-08-03,2022,8,3,215,18,2,566.89,2022-08-03 18:00:00+00:00,2022-08-03 19:00:00+00:00,55446.1725,738.45,1450.1925,774.02,48972.08,2962.6625,-0.5139010013093103,-0.8578494977869301,-1.0,-1.8369701987210294e-16,0.9749279121818236,-0.2225209339563143,0,weekday,199.195
2022-08-04,2022,8,4,216,18,3,504.33,2022-08-04 18:00:00+00:00,2022-08-04 19:00:00+00:00,56694.535,1337.355,5811.55,692.87,50430.7,7841.775000000001,-0.5285813283559292,-0.8488826652214553,-1.0,-1.8369701987210294e-16,0.4338837391175582,-0.900968867902419,0,weekday,199.25
2022-08-05,2022,8,5,217,18,4,424.89,2022-08-05 18:00:00+00:00,2022-08-05 19:00:00+00:00,55442.8275,2093.05,11951.6475,588.29,52374.95,14632.9875,-0.5431052396834317,-0.8396646346181327,-1.0,-1.8369701987210294e-16,-0.433883739117558,-0.9009688679024191,0,weekday,196.32
2022-08-06,2022,8,6,218,18,5,396.81,2022-08-06 18:00:00+00:00,2022-08-06 19:00:00+00:00,46906.31,864.1875,4485.65,672.4200000000001,43813.73,6022.2575,-0.5574684374327892,-0.8301981337405212,-1.0,-1.8369701987210294e-16,-0.9749279121818236,-0.2225209339563146,0,weekend,196.32
2022-08-07,2022,8,7,219,18,6,421.99,2022-08-07 18:00:00+00:00,2022-08-07 19:00:00+00:00,46381.1275,498.1325,3213.875,636.6075,40062.31,4348.615,-0.5716666713027052,-0.8204859638785327,-1.0,-1.8369701987210294e-16,-0.7818314824680299,0.6234898018587334,0,weekend,194.6875
2022-08-08,2022,8,8,220,18,0,493.85,2022-08-08 18:00:00+00:00,2022-08-08 19:00:00+00:00,55201.1325,186.2125,4978.0025,646.085,45744.64,5810.299999999999,-0.5856957398073508,-0.8105309990194823,-1.0,-1.8369701987210294e-16,0.0,1.0,0,weekday,193.055
2022-08-09,2022,8,9,221,18,1,469.72,2022-08-09 18:00:00+00:00,2022-08-09 19:00:00+00:00,55151.9275,98.6725,6724.5475,587.2175,48013.26,7410.437499999999,-0.5995514915196489,-0.8003361849976323,-1.0,-1.8369701987210294e-16,0.7818314824680298,0.6234898018587336,0,weekday,192.185
2022-08-10,2022,8,10,222,18,2,454.73,2022-08-10 18:00:00+00:00,2022-08-10 19:00:00+00:00,55909.6775,255.0675,5764.895,551.88,46516.83,6571.842500000001,-0.6132298262997502,-0.7899045386224707,-1.0,-1.8369701987210294e-16,0.9749279121818236,-0.2225209339563143,0,weekday,205.365
2022-08-11,2022,8,11,223,18,3,534.75,2022-08-11 18:00:00+00:00,2022-08-11 19:00:00+00:00,56151.615,265.555,6256.705,543.5425,46908.71,7065.8025,-0.6267266965083301,-0.7792391467859886,-1.0,-1.8369701987210294e-16,0.4338837391175582,-0.900968867902419,0,weekday,208.11
2022-08-12,2022,8,12,224,18,4,565.4,2022-08-12 18:00:00+00:00,2022-08-12 19:00:00+00:00,55009.385,791.795,7264.83,491.8725,48176.05,8548.4975,-0.6400381082043503,-0.7683431655492202,-1.0,-1.8369701987210294e-16,-0.433883739117558,-0.9009688679024191,0,weekday,206.11
2022-08-13,2022,8,13,225,18,5,504.7,2022-08-13 18:00:00+00:00,2022-08-13 19:00:00+00:00,47655.2725,821.9399999999999,6467.9025,417.58,43894.6,7707.4225,-0.65316012232693,-0.7572198192083127,-1.0,-1.8369701987210294e-16,-0.9749279121818236,-0.2225209339563146,0,weekend,206.11
2022-08-14,2022,8,14,226,18,6,459.96,2022-08-14 18:00:00+00:00,2022-08-14 19:00:00+00:00,47352.085,4061.925,8414.25,378.1525,46066.37,12854.3275,-0.666088855860977,-0.7458723993404063,-1.0,-1.8369701987210294e-16,-0.7818314824680299,0.6234898018587334,0,weekend,213.11
2022-08-15,2022,8,15,227,18,0,555.72,2022-08-15 18:00:00+00:00,2022-08-15 19:00:00+00:00,55181.8,1200.72,3131.62,341.9175,46885.64,4674.2575,-0.6788204829862355,-0.734304263829602,-1.0,-1.8369701987210294e-16,0.0,1.0,0,weekday,220.11
2022-08-16,2022,8,16,228,18,1,662.05,2022-08-16 18:00:00+00:00,2022-08-16 19:00:00+00:00,56921.2525,341.435,847.8050000000001,313.1525,47810.98,1502.3925,-0.6913512362094071,-0.722518835873311,-1.0,-1.8369701987210294e-16,0.7818314824680298,0.6234898018587336,0,weekday,225.915
2022-08-17,2022,8,17,229,18,2,681.0,2022-08-17 18:00:00+00:00,2022-08-17 19:00:00+00:00,56663.97,1134.045,4939.0075,255.03,49506.44,6328.0825,-0.7036774074790128,-0.7105196029692745,-1.0,-1.8369701987210294e-16,0.9749279121818236,-0.2225209339563143,0,weekday,225.835
2022-08-18,2022,8,18,230,18,3,646.96,2022-08-18 18:00:00+00:00,2022-08-18 19:00:00+00:00,56438.3175,869.6025,5928.975,216.2475,48555.96,7014.825000000001,-0.7157953492826642,-0.6983101158835584,-1.0,-1.8369701987210294e-16,0.4338837391175582,-0.900968867902419,0,weekday,241.005
2022-08-19,2022,8,19,231,18,4,569.4,2022-08-19 18:00:00+00:00,2022-08-19 19:00:00+00:00,54960.445,369.545,4242.17,208.285,45605.97,4820.0,-0.7277014757264236,-0.6858939875998223,-1.0,-1.8369701987210294e-16,-0.433883739117558,-0.9009688679024191,0,weekday,244.55
2022-08-20,2022,8,20,232,18,5,552.48,2022-08-20 18:00:00+00:00,2022-08-20 19:00:00+00:00,47911.68,1065.9,2991.2275,221.0,41354.51,4278.1275000000005,-0.7393922635959241,-0.673274892250183,-1.0,-1.8369701987210294e-16,-0.9749279121818236,-0.2225209339563146,0,weekend,244.55
2022-08-21,2022,8,21,233,18,6,623.89,2022-08-21 18:00:00+00:00,2022-08-21 19:00:00+00:00,46771.9475,766.7774999999999,2583.95,199.7475,42269.73,3550.475,-0.7508642533989489,-0.6604565640279754,-1.0,-1.8369701987210294e-16,-0.7818314824680299,0.6234898018587334,0,weekend,260.65
2022-08-22,2022,8,22,234,18,0,679.97,2022-08-22 18:00:00+00:00,2022-08-22 19:00:00+00:00,56486.495,714.6775,4572.2,163.5225,49256.76,5450.4,-0.7621140503891487,-0.6474427960827475,-1.0,-1.8369701987210294e-16,0.0,1.0,0,weekday,276.75
2022-08-23,2022,8,23,235,18,1,771.0,2022-08-23 18:00:00+00:00,2022-08-23 19:00:00+00:00,56963.9825,296.14,5346.5225,148.5925,49632.02,5791.255,-0.7731383255706026,-0.6342374393978054,-1.0,-1.8369701987210294e-16,0.7818314824680298,0.6234898018587336,0,weekday,269.05
2022-08-24,2022,8,24,236,18,2,783.56,2022-08-24 18:00:00+00:00,2022-08-24 19:00:00+00:00,56381.3825,348.96500000000003,6802.4025,122.68,51619.27,7274.047500000001,-0.7839338166829201,-0.620844401650647,-1.0,-1.8369701987210294e-16,0.9749279121818236,-0.2225209339563143,0,weekday,292.15
2022-08-25,2022,8,25,237,18,3,760.0,2022-08-25 18:00:00+00:00,2022-08-25 19:00:00+00:00,57018.1525,3130.5,6021.84,98.1675,53669.54,9250.5075,-0.7944973291665992,-0.6072676460566135,-1.0,-1.8369701987210294e-16,0.4338837391175582,-0.900968867902419,0,weekday,321.415
2022-08-26,2022,8,26,238,18,4,778.54,2022-08-26 18:00:00+00:00,2022-08-26 19:00:00+00:00,55792.235,2386.7325,4772.4575,81.695,50455.8,7240.885,-0.8048257371083452,-0.593511190196115,-1.0,-1.8369701987210294e-16,-0.433883739117558,-0.9009688679024191,0,weekday,339.195
2022-08-27,2022,8,27,239,18,5,700.06,2022-08-27 18:00:00+00:00,2022-08-27 19:00:00+00:00,48033.11,4026.9575,9138.9,81.315,51952.84,13247.1725,-0.8149159841660791,-0.5795791048257612,-1.0,-1.8369701987210294e-16,-0.9749279121818236,-0.2225209339563146,0,weekend,339.195
2022-08-28,2022,8,28,240,18,6,700.75,2022-08-28 18:00:00+00:00,2022-08-28 19:00:00+00:00,47682.855,3740.6675,9077.1825,81.5625,48116.55,12899.4125,-0.8247650844733614,-0.5654755126737576,-1.0,-1.8369701987210294e-16,-0.7818314824680299,0.6234898018587334,0,weekend,305.9
2022-08-29,2022,8,29,241,18,0,860.89,2022-08-29 18:00:00+00:00,2022-08-29 19:00:00+00:00,57129.39,1375.015,3668.555,70.32,51983.78,5113.889999999999,-0.8343701235229538,-0.5512045872199277,-1.0,-1.8369701987210294e-16,0.0,1.0,0,weekday,272.605
2022-08-30,2022,8,30,242,18,1,765.99,2022-08-30 18:00:00+00:00,2022-08-30 19:00:00+00:00,57757.0875,2107.5825,8371.885,51.77,55145.4,10531.2375,-0.8437282590292712,-0.5367705514607103,-1.0,-1.8369701987210294e-16,0.7818314824680298,0.6234898018587336,0,weekday,252.937
2022-08-31,2022,8,31,243,18,2,714.45,2022-08-31 18:00:00+00:00,2022-08-31 19:00:00+00:00,57223.265,2212.645,8340.872500000001,31.1875,56923.65,10584.705000000002,-0.8528367217694595,-0.522177676659508,-1.0,-1.8369701987210294e-16,0.9749279121818236,-0.2225209339563143,0,weekday,239.905
2022-09-01,2022,9,1,244,18,3,702.09,2022-09-01 18:00:00+00:00,2022-09-01 19:00:00+00:00,58542.6325,1204.5325,7996.35,28.5825,55535.42,9229.465,-0.8616928164028522,-0.5074302810827518,-1.0,-1.8369701987210294e-16,0.4338837391175582,-0.900968867902419,0,weekday,243.005
2022-09-02,2022,9,2,245,18,4,562.86,2022-09-02 18:00:00+00:00,2022-09-02 19:00:00+00:00,55833.7675,4053.315,13707.3325,19.7875,62084.2,17780.434999999998,-0.8702939222685674,-0.4925327287220543,-1.0,-1.8369701987210294e-16,-0.433883739117558,-0.9009688679024191,0,weekday,214.665
2022-09-03,2022,9,3,246,18,5,514.93,2022-09-03 18:00:00+00:00,2022-09-03 19:00:00+00:00,48391.715,4519.7775,11787.5125,14.3025,52935.23,16321.5925,-0.8786374941610001,-0.4774894280028391,-1.0,-1.8369701987210294e-16,-0.9749279121818236,-0.2225209339563146,0,weekend,214.665
2022-09-04,2022,9,4,247,18,6,509.93,2022-09-04 18:00:00+00:00,2022-09-04 19:00:00+00:00,47243.3725,4077.1175,9484.32,15.7575,50640.97,13577.195,-0.886721063082993,-0.4623048304798108,-1.0,-1.8369701987210294e-16,-0.7818314824680299,0.6234898018587334,0,weekend,223.05666666666667
2022-09-05,2022,9,5,248,18,0,523.03,2022-09-05 18:00:00+00:00,2022-09-05 19:00:00+00:00,57910.3175,4706.7775,14088.1175,7.2325,60709.02,18802.1275,-0.8945422369764496,-0.4469834295196741,-1.0,-1.8369701987210294e-16,0.0,1.0,0,weekday,231.44833333333332
2022-09-06,2022,9,6,249,18,1,594.0,2022-09-06 18:00:00+00:00,2022-09-06 19:00:00+00:00,57875.5025,3897.2925,10413.745,4.4075,59664.5,14315.445,-0.9020987014301836,-0.4315297589714714,-1.0,-1.8369701987210294e-16,0.7818314824680298,0.6234898018587336,0,weekday,239.84
2022-09-07,2022,9,7,250,18,2,599.98,2022-09-07 18:00:00+00:00,2022-09-07 19:00:00+00:00,57427.095,1286.7625,2589.53,0.2525,48771.21,3876.545000000001,-0.9093882203647924,-0.4159483918249421,-1.0,-1.8369701987210294e-16,0.9749279121818236,-0.2225209339563143,0,weekday,213.885
2022-09-08,2022,9,8,251,18,3,510.24,2022-09-08 18:00:00+00:00,2022-09-08 19:00:00+00:00,57646.44,2648.985,10059.205,0.0,55653.95,12708.19,-0.9164086366943458,-0.4002439388573056,-1.0,-1.8369701987210294e-16,0.4338837391175582,-0.900968867902419,0,weekday,220.54
2022-09-09,2022,9,9,252,18,4,465.0,2022-09-09 18:00:00+00:00,2022-09-09 19:00:00+00:00,57240.74,870.565,6702.2,0.0,51935.16,7572.764999999999,-0.923157872964704,-0.3844210472688554,-1.0,-1.8369701987210294e-16,-0.433883739117558,-0.9009688679024191,0,weekday,207.09
2022-09-10,2022,9,10,253,18,5,483.98,2022-09-10 18:00:00+00:00,2022-09-10 19:00:00+00:00,49200.0,481.15,4434.255,0.0,46419.77,4915.405,-0.9296339319682696,-0.3684843993077793,-1.0,-1.8369701987210294e-16,-0.9749279121818236,-0.2225209339563146,0,weekend,207.09
2022-09-11,2022,9,11,254,18,6,517.2,2022-09-11 18:00:00+00:00,2022-09-11 19:00:00+00:00,48109.965,47.7,1813.4525,0.0,43218.3,1861.1525,-0.935834897334994,-0.3524387108846032,-1.0,-1.8369701987210294e-16,-0.7818314824680299,0.6234898018587334,0,weekend,198.84
2022-09-12,2022,9,12,255,18,0,515.64,2022-09-12 18:00:00+00:00,2022-09-12 19:00:00+00:00,57315.7575,2622.52,3544.34,0.0,54269.01,6166.860000000001,-0.9417589340994617,-0.3362887301766828,-1.0,-1.8369701987210294e-16,0.0,1.0,0,weekday,190.59
2022-09-13,2022,9,13,256,18,1,521.15,2022-09-13 18:00:00+00:00,2022-09-13 19:00:00+00:00,58069.695,4015.105,8190.2025,0.0,56845.87,12205.3075,-0.9474042892438844,-0.3200392362231385,-1.0,-1.8369701987210294e-16,0.7818314824680298,0.6234898018587336,0,weekday,198.61
2022-09-14,2022,9,14,257,18,2,540.31,2022-09-14 18:00:00+00:00,2022-09-14 19:00:00+00:00,58302.2725,3193.5625,4411.2775,0.0,53867.8,7604.84,-0.9527692922168512,-0.3036950375106588,-1.0,-1.8369701987210294e-16,0.9749279121818236,-0.2225209339563143,0,weekday,217.88
2022-09-15,2022,9,15,258,18,3,460.33,2022-09-15 18:00:00+00:00,2022-09-15 19:00:00+00:00,58377.935,5663.4375,13056.4125,0.0,60574.65,18719.85,-0.9578523554276668,-0.2872609705505963,-1.0,-1.8369701987210294e-16,0.4338837391175582,-0.900968867902419,0,weekday,214.285
2022-09-16,2022,9,16,259,18,4,350.0,2022-09-16 18:00:00+00:00,2022-09-16 19:00:00+00:00,57304.9525,5084.875,21139.98,0.0,63865.67,26224.855,-0.9626519747161488,-0.2707418984477642,-1.0,-1.8369701987210294e-16,-0.433883739117558,-0.9009688679024191,0,weekday,187.795
2022-09-17,2022,9,17,260,18,5,106.36,2022-09-17 18:00:00+00:00,2022-09-17 19:00:00+00:00,50028.0325,5357.1025,24290.155,0.0,60225.61,29647.2575,-0.9671667297977312,-0.2541427094613622,-1.0,-1.8369701987210294e-16,-0.9749279121818236,-0.2225209339563146,0,weekend,187.795
2022-09-18,2022,9,18,261,18,6,214.68,2022-09-18 18:00:00+00:00,2022-09-18 19:00:00+00:00,49207.3825,5441.9125,20816.1325,0.0,58262.11,26258.045,-0.97139528468375,-0.2374683155584684,-1.0,-1.8369701987210294e-16,-0.7818314824680299,0.6234898018587334,0,weekend,185.02749999999997
2022-09-19,2022,9,19,262,18,0,420.05,2022-09-19 18:00:00+00:00,2022-09-19 19:00:00+00:00,58709.135,5074.5525,12426.3975,0.0,57608.58,17500.949999999997,-0.9753363880767836,-0.2207236509605022,-1.0,-1.8369701987210294e-16,0.0,1.0,0,weekday,182.26
2022-09-20,2022,9,20,263,18,1,508.1,2022-09-20 18:00:00+00:00,2022-09-20 19:00:00+00:00,58838.3625,413.9775,2918.55,0.0,51201.5,3332.5275,-0.978988873740932,-0.2039136706831147,-1.0,-1.8369701987210294e-16,0.7818314824680298,0.6234898018587336,0,weekday,194.26
2022-09-21,2022,9,21,264,18,2,490.53,2022-09-21 18:00:00+00:00,2022-09-21 19:00:00+00:00,59819.2475,47.595,1863.5725,0.0,51914.86,1911.1675,-0.9823516608469236,-0.1870433490699165,-1.0,-1.8369701987210294e-16,0.9749279121818236,-0.2225209339563143,0,weekday,189.78
2022-09-22,2022,9,22,265,18,3,510.0,2022-09-22 18:00:00+00:00,2022-09-22 19:00:00+00:00,60188.9025,702.5575,2596.7075,0.0,52499.76,3299.265,-0.9854237542919524,-0.1701176783204905,-1.0,-1.8369701987210294e-16,0.4338837391175582,-0.900968867902419,0,weekday,187.47
2022-09-23,2022,9,23,266,18,4,435.61,2022-09-23 18:00:00+00:00,2022-09-23 19:00:00+00:00,58955.96,1484.815,2765.875,0.0,50855.39,4250.6900000000005,-0.9882042449941422,-0.15314166701312,-1.0,-1.8369701987210294e-16,-0.433883739117558,-0.9009688679024191,0,weekday,185.495
2022-09-24,2022,9,24,267,18,5,407.68,2022-09-24 18:00:00+00:00,2022-09-24 19:00:00+00:00,52740.355,2264.0775,2260.91,0.0,44655.78,4524.987499999999,-0.9906923101615608,-0.136120338622667,-1.0,-1.8369701987210294e-16,-0.9749279121818236,-0.2225209339563146,0,weekend,185.495
2022-09-25,2022,9,25,268,18,6,393.92,2022-09-25 18:00:00+00:00,2022-09-25 19:00:00+00:00,52285.6575,1258.99,2978.1,0.0,45740.04,4237.09,-0.9928872135356962,-0.1190587300340498,-1.0,-1.8369701987210294e-16,-0.7818314824680299,0.6234898018587334,0,weekend,179.66500000000002
2022-09-26,2022,9,26,269,18,0,396.58,2022-09-26 18:00:00+00:00,2022-09-26 19:00:00+00:00,61891.455,1735.35,15485.835,0.0,58825.66,17221.184999999998,-0.994788305609327,-0.1019618900517457,-1.0,-1.8369701987210294e-16,0.0,1.0,0,weekday,173.835
2022-09-27,2022,9,27,270,18,1,400.52,2022-09-27 18:00:00+00:00,2022-09-27 19:00:00+00:00,62569.72,668.2375,10446.525,0.0,57947.28,11114.7625,-0.9963950238187232,-0.0848348779057653,-1.0,-1.8369701987210294e-16,0.7818314824680298,0.6234898018587336,0,weekday,186.1
2022-09-28,2022,9,28,271,18,2,510.0,2022-09-28 18:00:00+00:00,2022-09-28 19:00:00+00:00,62156.0975,102.45,2050.13,0.0,51513.47,2152.58,-0.9977068927101168,-0.0676827617545516,-1.0,-1.8369701987210294e-16,0.9749279121818236,-0.2225209339563143,0,weekday,207.185
2022-09-29,2022,9,29,272,18,3,520.0,2022-09-29 18:00:00+00:00,2022-09-29 19:00:00+00:00,61813.925,1751.185,1629.7425,0.0,53659.22,3380.9275,-0.9987235240803972,-0.0505106171852228,-1.0,-1.8369701987210294e-16,0.4338837391175582,-0.900968867902419,0,weekday,187.665
2022-09-30,2022,9,30,273,18,4,308.23,2022-09-30 18:00:00+00:00,2022-09-30 19:00:00+00:00,60645.15,5604.9125,11439.33,0.0,59109.83,17044.2425,-0.9994446170919858,-0.0333235257116313,-1.0,-1.8369701987210294e-16,-0.433883739117558,-0.9009688679024191,0,weekday,188.8
2022-10-01,2022,10,1,274,18,5,180.27,2022-10-01 18:00:00+00:00,2022-10-01 19:00:00+00:00,54403.815,5323.99,22098.1325,0.0,59987.67,27422.1225,-0.9998699583618592,-0.0161265732706577,-1.0,-1.8369701987210294e-16,-0.9749279121818236,-0.2225209339563146,0,weekend,188.8
2022-10-02,2022,10,2,275,18,6,289.98,2022-10-02 18:00:00+00:00,2022-10-02 19:00:00+00:00,51610.8075,5085.7625,13844.8425,0.0,53771.82,18930.605,-0.9999994220246924,0.0010751512827982,-1.0,-1.8369701987210294e-16,-0.7818314824680299,0.6234898018587334,0,weekend,179.35500000000002
2022-10-03,2022,10,3,276,18,0,379.85,2022-10-03 18:00:00+00:00,2022-10-03 19:00:00+00:00,57503.6225,1248.555,8051.1775,0.0,48466.84,9299.7325,-0.999832969770105,0.0182765576816912,-1.0,-1.8369701987210294e-16,0.0,1.0,1,holiday,169.91
2022-10-04,2022,10,4,277,18,1,319.09,2022-10-04 18:00:00+00:00,2022-10-04 19:00:00+00:00,62877.1875,5091.0075,11096.625,0.0,58680.43,16187.6325,-0.9993706508539968,0.0354725557531255,-1.0,-1.8369701987210294e-16,0.7818314824680298,0.6234898018587336,0,weekday,161.95
2022-10-05,2022,10,5,278,18,2,108.51,2022-10-05 18:00:00+00:00,2022-10-05 19:00:00+00:00,63892.1675,5404.52,27415.635,0.0,66444.98,32820.155,-0.9986126020839734,0.052658056924614,-1.0,-1.8369701987210294e-16,0.9749279121818236,-0.2225209339563143,0,weekday,173.695
2022-10-06,2022,10,6,279,18,3,274.09,2022-10-06 18:00:00+00:00,2022-10-06 19:00:00+00:00,63161.067500000005,5887.625,10325.9725,0.0,60746.07,16213.5975,-0.9975590477788612,0.0698279757298708,-1.0,-1.8369701987210294e-16,0.4338837391175582,-0.900968867902419,0,weekday,175.71
2022-10-07,2022,10,7,280,18,4,197.57,2022-10-07 18:00:00+00:00,2022-10-07 19:00:00+00:00,63031.5275,5325.615,12977.3625,0.0,60303.17,18302.9775,-0.9962102997023295,0.0869772313136861,-1.0,-1.8369701987210294e-16,-0.433883739117558,-0.9009688679024191,0,weekday,156.205
2022-10-08,2022,10,8,281,18,5,229.95,2022-10-08 18:00:00+00:00,2022-10-08 19:00:00+00:00,55940.630000000005,4109.48,11864.9325,0.0,54803.5,15974.4125,-0.9945667569706336,0.1041007489354256,-1.0,-1.8369701987210294e-16,-0.9749279121818236,-0.2225209339563146,0,weekend,156.205
2022-10-09,2022,10,9,282,18,6,178.58,2022-10-09 18:00:00+00:00,2022-10-09 19:00:00+00:00,54355.3475,3811.765,14572.41,0.0,54079.88,18384.175,-0.9926289059345096,0.121193461470736,-1.0,-1.8369701987210294e-16,-0.7818314824680299,0.6234898018587334,0,weekend,155.16250000000002
2022-10-10,2022,10,10,283,18,0,227.97,2022-10-10 18:00:00+00:00,2022-10-10 19:00:00+00:00,64267.255,5345.202499999999,15454.565,0.0,62672.63,20799.7675,-0.9903973200352558,0.1382503109109819,-1.0,-1.8369701987210294e-16,0.0,1.0,0,weekday,154.12
2022-10-11,2022,10,11,284,18,1,351.65,2022-10-11 18:00:00+00:00,2022-10-11 19:00:00+00:00,64424.565,732.8975,2370.8875,0.0,53101.26,3103.785,-0.9878726596350428,0.1552662498599956,-1.0,-1.8369701987210294e-16,0.7818314824680298,0.6234898018587336,0,weekday,156.78
2022-10-12,2022,10,12,285,18,2,324.38,2022-10-12 18:00:00+00:00,2022-10-12 19:00:00+00:00,63958.060000000005,1874.6175,3387.81,0.0,53831.6,5262.4275,-0.9850556718215012,0.172236243027682,-1.0,-1.8369701987210294e-16,0.9749279121818236,-0.2225209339563143,0,weekday,160.19
2022-10-13,2022,10,13,286,18,3,290.1,2022-10-13 18:00:00+00:00,2022-10-13 19:00:00+00:00,63959.10249999999,610.79,7676.375,0.0,54911.78,8287.165,-0.981947190186646,0.1891552687200409,-1.0,-1.8369701987210294e-16,0.4338837391175582,-0.900968867902419,0,weekday,153.81
2022-10-14,2022,10,14,287,18,4,266.99,2022-10-14 18:00:00+00:00,2022-10-14 19:00:00+00:00,60918.65,1360.07,9646.4275,0.0,54375.15,11006.4975,-0.9785481345802032,0.2060183203251708,-1.0,-1.8369701987210294e-16,-0.433883739117558,-0.9009688679024191,0,weekday,141.995
2022-10-15,2022,10,15,288,18,5,158.04,2022-10-15 18:00:00+00:00,2022-10-15 19:00:00+00:00,53192.9475,4846.9875,15434.9625,0.0,53407.59,20281.95,-0.9748595108374124,0.2228204077947995,-1.0,-1.8369701987210294e-16,-0.9749279121818236,-0.2225209339563146,0,weekend,141.995
2022-10-16,2022,10,16,289,18,6,177.16,2022-10-16 18:00:00+00:00,2022-10-16 19:00:00+00:00,53758.240000000005,1935.065,5428.335,0.0,46485.61,7363.4,-0.9708824104813836,0.239556559120927,-1.0,-1.8369701987210294e-16,-0.7818314824680299,0.6234898018587334,0,weekend,134.9875
2022-10-17,2022,10,17,290,18,0,229.93,2022-10-17 18:00:00+00:00,2022-10-17 19:00:00+00:00,62997.2975,4453.54,9393.2275,0.0,58553.24,13846.767500000002,-0.9666180104000972,0.2562218218071163,-1.0,-1.8369701987210294e-16,0.0,1.0,0,weekday,127.98
2022-10-18,2022,10,18,291,18,1,201.05,2022-10-18 18:00:00+00:00,2022-10-18 19:00:00+00:00,62708.115,3530.8925,7304.139999999999,0.0,57008.04,10835.0325,-0.9620675724981452,0.2728112643340191,-1.0,-1.8369701987210294e-16,0.7818314824680298,0.6234898018587336,0,weekday,113.22
2022-10-19,2022,10,19,292,18,2,166.5,2022-10-19 18:00:00+00:00,2022-10-19 19:00:00+00:00,62717.75,1670.3775,10761.0125,0.0,58183.3,12431.39,-0.957232443323312,0.2893199776186952,-1.0,-1.8369701987210294e-16,0.9749279121818236,-0.2225209339563143,0,weekday,112.51
2022-10-20,2022,10,20,293,18,3,167.18,2022-10-20 18:00:00+00:00,2022-10-20 19:00:00+00:00,63365.04,5543.965,20227.5125,0.0,61599.1,25771.4775,-0.9521140536681102,0.3057430764672831,-1.0,-1.8369701987210294e-16,0.4338837391175582,-0.900968867902419,0,weekday,127.145
2022-10-21,2022,10,21,294,18,4,179.04,2022-10-21 18:00:00+00:00,2022-10-21 19:00:00+00:00,62316.0275,944.6225,9629.8125,0.0,51033.49,10574.435,-0.9467139181463862,0.3220757010206104,-1.0,-1.8369701987210294e-16,-0.433883739117558,-0.9009688679024191,0,weekday,113.575
2022-10-22,2022,10,22,295,18,5,164.16,2022-10-22 18:00:00+00:00,2022-10-22 19:00:00+00:00,55044.61,2113.375,8532.1675,0.0,46867.67,10645.5425,-0.9410336347451196,0.3383130181923076,-1.0,-1.8369701987210294e-16,-0.9749279121818236,-0.2225209339563146,0,weekend,113.575
2022-10-23,2022,10,23,296,18,6,102.98,2022-10-23 18:00:00+00:00,2022-10-23 19:00:00+00:00,53568.65,4594.8125,19638.5875,0.0,54519.71,24233.4,-0.9350748843515574,0.3544502230989869,-1.0,-1.8369701987210294e-16,-0.7818314824680299,0.6234898018587334,0,weekend,106.3725
2022-10-24,2022,10,24,297,18,0,109.23,2022-10-24 18:00:00+00:00,2022-10-24 19:00:00+00:00,63738.2925,5092.005,22057.37,0.0,61408.09,27149.375,-0.9288394302558068,0.3704825404820963,-1.0,-1.8369701987210294e-16,0.0,1.0,0,weekday,99.17
2022-10-25,2022,10,25,298,18,1,152.7,2022-10-25 18:00:00+00:00,2022-10-25 19:00:00+00:00,61853.6675,2634.165,7201.08,0.0,50492.38,9835.245,-0.9223291176290545,0.3864052261209853,-1.0,-1.8369701987210294e-16,0.7818314824680298,0.6234898018587336,0,weekday,99.795
2022-10-26,2022,10,26,299,18,2,127.65,2022-10-26 18:00:00+00:00,2022-10-26 19:00:00+00:00,62375.9725,4356.6325,9615.645,0.0,51485.19,13972.2775,-0.9155458729775467,0.4022135682368036,-1.0,-1.8369701987210294e-16,0.9749279121818236,-0.2225209339563143,0,weekday,104.32
2022-10-27,2022,10,27,300,18,3,131.82,2022-10-27 18:00:00+00:00,2022-10-27 19:00:00+00:00,62288.9225,4462.93,17974.3875,0.0,56415.76,22437.3175,-0.9084917035725082,0.4179028888867866,-1.0,-1.8369701987210294e-16,0.4338837391175582,-0.900968867902419,0,weekday,107.385
2022-10-28,2022,10,28,301,18,4,112.9,2022-10-28 18:00:00+00:00,2022-10-28 19:00:00+00:00,61087.0075,4871.0825,19224.435,0.0,57003.55,24095.5175,-0.9011686968561567,0.4334685453485363,-1.0,-1.8369701987210294e-16,-0.433883739117558,-0.9009688679024191,0,weekday,112.244
2022-10-29,2022,10,29,302,18,5,121.85,2022-10-29 18:00:00+00:00,2022-10-29 19:00:00+00:00,53754.9775,1842.72,6576.795,0.0,42802.55,8419.515,-0.8935790198239952,0.4489059314938798,-1.0,-1.8369701987210294e-16,-0.9749279121818236,-0.2225209339563146,0,weekend,112.244
2022-10-30,2022,10,30,303,18,6,165.0,2022-10-30 18:00:00+00:00,2022-10-30 19:00:00+00:00,56389.2925,1387.9075,6832.145,0.0,45443.8,8220.0525,-0.8857249183835637,0.4642104791518923,-1.0,-1.8369701987210294e-16,-0.7818314824680299,0.6234898018587334,0,weekend,117.797
2022-10-31,2022,10,31,304,18,0,167.81,2022-10-31 18:00:00+00:00,2022-10-31 19:00:00+00:00,59920.6975,2426.6075,10371.455,0.0,48757.62,12798.0625,-0.8776087166898392,0.4793776594606945,-1.0,-1.8369701987210294e-16,0.0,1.0,0,weekday,123.35
2022-11-01,2022,11,1,305,18,1,102.08,2022-11-01 18:00:00+00:00,2022-11-01 19:00:00+00:00,58962.075,5637.41,21923.3425,0.0,61976.73,27560.7525,-0.8692328164574792,0.4944029842076181,-1.0,-1.8369701987210294e-16,0.7818314824680298,0.6234898018587336,0,weekday,116.195
2022-11-02,2022,11,2,306,18,2,130.0,2022-11-02 18:00:00+00:00,2022-11-02 19:00:00+00:00,63906.3925,6173.0825,16307.58,0.0,60952.01,22480.6625,-0.8605996962501181,0.5092820071573356,-1.0,-1.8369701987210294e-16,0.9749279121818236,-0.2225209339563143,0,weekday,125.865
2022-11-03,2022,11,3,307,18,3,132.21,2022-11-03 18:00:00+00:00,2022-11-03 19:00:00+00:00,66479.3775,5391.2725,21780.2225,0.0,64372.05,27171.495,-0.8517119107469189,0.5240103253675756,-1.0,-1.8369701987210294e-16,0.4338837391175582,-0.900968867902419,0,weekday,125.445
2022-11-04,2022,11,4,308,18,4,217.74,2022-11-04 18:00:00+00:00,2022-11-04 19:00:00+00:00,65711.8625,2483.74,5973.6325,0.0,55893.41,8457.3725,-0.8425720899866032,0.5385835804920232,-1.0,-1.8369701987210294e-16,-0.433883739117558,-0.9009688679024191,0,weekday,114.785
2022-11-05,2022,11,5,309,18,5,163.29,2022-11-05 18:00:00+00:00,2022-11-05 19:00:00+00:00,57472.795,5577.695,13837.5225,0.0,57891.47,19415.2175,-0.8331829385891785,0.5529974600700271,-1.0,-1.8369701987210294e-16,-0.9749279121818236,-0.2225209339563146,0,weekend,114.785
2022-11-06,2022,11,6,310,18,6,73.7,2022-11-06 18:00:00+00:00,2022-11-06 19:00:00+00:00,55879.515,6025.905,26332.1,0.0,61991.38,32358.005,-0.8235472349556007,0.5672476988027229,-1.0,-1.8369701987210294e-16,-0.7818314824680299,0.6234898018587334,0,weekend,112.235
2022-11-07,2022,11,7,311,18,0,140.15,2022-11-07 18:00:00+00:00,2022-11-07 19:00:00+00:00,68085.61750000001,5803.475,23029.0625,0.0,66390.57,28832.5375,-0.8136678304455991,0.5813300798152042,-1.0,-1.8369701987210294e-16,0.0,1.0,0,weekday,109.685
2022-11-08,2022,11,8,312,18,1,119.78,2022-11-08 18:00:00+00:00,2022-11-08 19:00:00+00:00,67266.245,5522.89,25408.275,0.0,67218.89,30931.165,-0.8035476485339116,0.5952404359043674,-1.0,-1.8369701987210294e-16,0.7818314824680298,0.6234898018587336,0,weekday,118.145
2022-11-09,2022,11,9,313,18,2,168.84,2022-11-09 18:00:00+00:00,2022-11-09 19:00:00+00:00,66806.435,4169.545,21402.535,0.0,67386.56,25572.08,-0.7931896839451843,0.6089746507720486,-1.0,-1.8369701987210294e-16,0.9749279121818236,-0.2225209339563143,0,weekday,113.145
2022-11-10,2022,11,10,314,18,3,181.95,2022-11-10 18:00:00+00:00,2022-11-10 19:00:00+00:00,67059.1175,5154.5875,19274.51,0.0,64284.48,24429.0975,-0.7825970017677834,0.6225286602431057,-1.0,-1.8369701987210294e-16,0.4338837391175582,-0.900968867902419,0,weekday,113.45
2022-11-11,2022,11,11,315,18,4,177.37,2022-11-11 18:00:00+00:00,2022-11-11 19:00:00+00:00,65587.605,5502.975,12879.9025,0.0,57503.53,18382.8775,-0.7717727365467836,0.6358984534680745,-1.0,-1.8369701987210294e-16,-0.433883739117558,-0.9009688679024191,0,weekday,97.855
2022-11-12,2022,11,12,316,18,5,199.71,2022-11-12 18:00:00+00:00,2022-11-12 19:00:00+00:00,56652.71,621.4125,4249.047500000001,0.0,47347.14,4870.460000000001,-0.7607200913564104,0.6490800741100398,-1.0,-1.8369701987210294e-16,-0.9749279121818236,-0.2225209339563146,0,weekend,97.855
2022-11-13,2022,11,13,317,18,6,165.12,2022-11-13 18:00:00+00:00,2022-11-13 19:00:00+00:00,56074.98,3874.5225,16871.91,0.0,57830.73,20746.4325,-0.7494423368521954,0.6620696215153815,-1.0,-1.8369701987210294e-16,-0.7818314824680299,0.6234898018587334,0,weekend,105.78
2022-11-14,2022,11,14,318,18,0,187.44,2022-11-14 18:00:00+00:00,2022-11-14 19:00:00+00:00,66574.275,3766.135,20175.625,0.0,68855.18,23941.76,-0.7379428103031386,0.6748632518680403,-1.0,-1.8369701987210294e-16,0.0,1.0,0,weekday,113.705
2022-11-15,2022,11,15,319,18,1,220.69,2022-11-15 18:00:00+00:00,2022-11-15 19:00:00+00:00,66887.9675,5615.285,15748.9925,0.0,69100.91,21364.2775,-0.7262249146041543,0.6874571793269664,-1.0,-1.8369701987210294e-16,0.7818314824680298,0.6234898018587336,0,weekday,124.105
2022-11-16,2022,11,16,320,18,2,163.72,2022-11-16 18:00:00+00:00,2022-11-16 19:00:00+00:00,65925.205,5843.03,17921.25,0.0,69684.18,23764.28,-0.7142921172691032,0.699847677146407,-1.0,-1.8369701987210294e-16,0.9749279121818236,-0.2225209339563143,0,weekday,113.9
2022-11-17,2022,11,17,321,18,3,153.63,2022-11-17 18:00:00+00:00,2022-11-17 19:00:00+00:00,66598.4325,5584.3175,24474.8175,0.0,69216.82,30059.135,-0.7021479494046978,0.7120310787787131,-1.0,-1.8369701987210294e-16,0.4338837391175582,-0.900968867902419,0,weekday,112.555
2022-11-18,2022,11,18,322,18,4,158.17,2022-11-18 18:00:00+00:00,2022-11-18 19:00:00+00:00,64951.475,5642.4075,16558.155,0.0,65605.3,22200.5625,-0.6897960046655887,0.7240037789593305,-1.0,-1.8369701987210294e-16,-0.433883739117558,-0.9009688679024191,0,weekday,115.51
2022-11-19,2022,11,19,323,18,5,260.7,2022-11-19 18:00:00+00:00,2022-11-19 19:00:00+00:00,56329.4775,920.6,4489.6325,0.0,53450.95,5410.2325,-0.6772399381909491,0.7357622347736527,-1.0,-1.8369701987210294e-16,-0.9749279121818236,-0.2225209339563146,0,weekend,115.51
2022-11-20,2022,11,20,324,18,6,266.44,2022-11-20 18:00:00+00:00,2022-11-20 19:00:00+00:00,55318.355,680.7574999999999,8244.3025,0.0,51994.39,8925.06,-0.6644834655228552,0.7473029667054296,-1.0,-1.8369701987210294e-16,-0.7818314824680299,0.6234898018587334,0,weekend,115.82
2022-11-21,2022,11,21,325,18,0,291.43,2022-11-21 18:00:00+00:00,2022-11-21 19:00:00+00:00,67049.25,1944.1025,11364.4325,0.0,61256.92,13308.535,-0.6515303615068021,0.75862255966641,-1.0,-1.8369701987210294e-16,0.0,1.0,0,weekday,116.13
2022-11-22,2022,11,22,326,18,1,272.49,2022-11-22 18:00:00+00:00,2022-11-22 19:00:00+00:00,67154.7625,4831.2125,18440.9775,0.0,71639.09,23272.19,-0.6383844591746642,0.7697176640069211,-1.0,-1.8369701987210294e-16,0.7818314824680298,0.6234898018587336,0,weekday,119.64
2022-11-23,2022,11,23,327,18,2,209.92,2022-11-23 18:00:00+00:00,2022-11-23 19:00:00+00:00,68732.8475,5788.2175,21949.565,0.0,72671.63,27737.7825,-0.6250496486104377,0.7805849965070866,-1.0,-1.8369701987210294e-16,0.9749279121818236,-0.2225209339563143,0,weekday,129.62
2022-11-24,2022,11,24,328,18,3,285.91,2022-11-24 18:00:00+00:00,2022-11-24 19:00:00+00:00,68526.0525,2939.7175,9333.41,0.0,63136.23,12273.1275,-0.6115298757991053,0.7912213413483807,-1.0,-1.8369701987210294e-16,0.4338837391175582,-0.900968867902419,0,weekday,129.62
2022-11-25,2022,11,25,329,18,4,314.37,2022-11-25 18:00:00+00:00,2022-11-25 19:00:00+00:00,66823.3175,1813.435,9648.7075,0.0,64869.15,11462.1425,-0.5978291414589552,0.801623551065242,-1.0,-1.8369701987210294e-16,-0.433883739117558,-0.9009688679024191,0,weekday,124.37
2022-11-26,2022,11,26,330,18,5,270.08,2022-11-26 18:00:00+00:00,2022-11-26 19:00:00+00:00,57473.6275,2471.39,5343.83,0.0,55980.69,7815.219999999999,-0.5839514998576998,0.8117885474764613,-1.0,-1.8369701987210294e-16,-0.9749279121818236,-0.2225209339563146,0,weekend,124.37
2022-11-27,2022,11,27,331,18,6,181.88,2022-11-27 18:00:00+00:00,2022-11-27 19:00:00+00:00,57790.715,4831.4275,19226.585,0.0,64181.07,24058.0125,-0.5699010576127624,0.8217133225960589,-1.0,-1.8369701987210294e-16,-0.7818314824680299,0.6234898018587334,0,weekend,123.825
2022-11-28,2022,11,28,332,18,0,374.7,2022-11-28 18:00:00+00:00,2022-11-28 19:00:00+00:00,67481.11750000001,1912.695,9666.0575,0.0,66557.36,11578.7525,-0.5556819724760489,0.8313949395234058,-1.0,-1.8369701987210294e-16,0.0,1.0,0,weekday,123.28
2022-11-29,2022,11,29,333,18,1,463.82,2022-11-29 18:00:00+00:00,2022-11-29 19:00:00+00:00,67346.315,952.91,3673.15,0.0,61463.03,4626.06,-0.5412984521036173,0.8408305333122887,-1.0,-1.8369701987210294e-16,0.7818314824680298,0.6234898018587336,0,weekday,132.286
2022-11-30,2022,11,30,334,18,2,465.14,2022-11-30 18:00:00+00:00,2022-11-30 19:00:00+00:00,65515.8275,812.72,3615.205,0.0,61938.76,4427.925,-0.5267547528105542,0.8500173118187018,-1.0,-1.8369701987210294e-16,0.9749279121818236,-0.2225209339563143,0,weekday,146.395
2022-12-01,2022,12,1,335,18,3,457.89,2022-12-01 18:00:00+00:00,2022-12-01 19:00:00+00:00,67745.95,1111.5475,5584.594999999999,0.0,64064.22,6696.142499999999,-0.5120551783114646,0.8589525565270845,-1.0,-1.8369701987210294e-16,0.4338837391175582,-0.900968867902419,0,weekday,139.26
2022-12-02,2022,12,2,336,18,4,340.04,2022-12-02 18:00:00+00:00,2022-12-02 19:00:00+00:00,66637.035,5224.297500000001,12919.135,0.0,69388.29,18143.432500000003,-0.4972040784469378,0.8676336233547726,-1.0,-1.8369701987210294e-16,-0.433883739117558,-0.9009688679024191,0,weekday,135.56
2022-12-03,2022,12,3,337,18,5,311.74,2022-12-03 18:00:00+00:00,2022-12-03 19:00:00+00:00,58057.395,5024.6225,9072.3425,0.0,63231.43,14096.965,-0.4822058478963526,0.8760579434344281,-1.0,-1.8369701987210294e-16,-0.9749279121818236,-0.2225209339563146,0,weekend,135.56
2022-12-04,2022,12,4,338,18,6,302.0,2022-12-04 18:00:00+00:00,2022-12-04 19:00:00+00:00,57205.802500000005,5853.35,11320.7425,0.0,63358.02,17174.0925,-0.4670649248774303,0.8842230238742036,-1.0,-1.8369701987210294e-16,-0.7818314824680299,0.6234898018587334,0,weekend,135.13
2022-12-05,2022,12,5,339,18,0,427.92,2022-12-05 18:00:00+00:00,2022-12-05 19:00:00+00:00,67060.935,4122.2825,5689.105,0.0,65749.7,9811.3875,-0.451785789832884,0.8921264484954345,-1.0,-1.8369701987210294e-16,0.0,1.0,0,weekday,134.7
2022-12-06,2022,12,6,340,18,1,418.26,2022-12-06 18:00:00+00:00,2022-12-06 19:00:00+00:00,66983.9475,3475.0825,7752.5925,0.0,66419.53,11227.675,-0.4363729641045924,0.8997658785476209,-1.0,-1.8369701987210294e-16,0.7818314824680298,0.6234898018587336,0,weekday,138.49
2022-12-07,2022,12,7,341,18,2,388.38,2022-12-07 18:00:00+00:00,2022-12-07 19:00:00+00:00,67733.8425,2174.88,13303.9025,0.0,69682.45,15478.7825,-0.4208310085956556,0.9071390534005044,-1.0,-1.8369701987210294e-16,0.9749279121818236,-0.2225209339563143,0,weekday,149.245
2022-12-08,2022,12,8,342,18,3,454.02,2022-12-08 18:00:00+00:00,2022-12-08 19:00:00+00:00,67778.5075,1145.8325,4582.755,0.0,63670.59,5728.5875,-0.4051645224207563,0.9142437912130223,-1.0,-1.8369701987210294e-16,0.4338837391175582,-0.900968867902419,0,weekday,138.895
2022-12-09,2022,12,9,343,18,4,451.51,2022-12-09 18:00:00+00:00,2022-12-09 19:00:00+00:00,67285.2825,2147.115,3104.3925,0.0,60203.7,5251.5075,-0.3893781415452015,0.9210779895789526,-1.0,-1.8369701987210294e-16,-0.433883739117558,-0.9009688679024191,0,weekday,139.115
2022-12-10,2022,12,10,344,18,5,420.72,2022-12-10 18:00:00+00:00,2022-12-10 19:00:00+00:00,57253.8275,1338.3425,1833.7825,0.0,55262.78,3172.125,-0.3734765374130707,0.9276396261490468,-1.0,-1.8369701987210294e-16,-0.9749279121818236,-0.2225209339563146,0,weekend,139.115
2022-12-11,2022,12,11,345,18,6,412.74,2022-12-11 18:00:00+00:00,2022-12-11 19:00:00+00:00,56152.15,1898.845,2022.465,0.0,54374.36,3921.31,-0.3574644155648614,0.9339267592294762,-1.0,-1.8369701987210294e-16,-0.7818314824680299,0.6234898018587334,0,weekend,137.85250000000002
2022-12-12,2022,12,12,346,18,0,508.04,2022-12-12 18:00:00+00:00,2022-12-12 19:00:00+00:00,67481.62,1500.9025,4169.5275,0.0,62370.65,5670.43,-0.3413465142450361,0.9399375283564132,-1.0,-1.8369701987210294e-16,0.0,1.0,0,weekday,136.59
2022-12-13,2022,12,13,347,18,1,522.58,2022-12-13 18:00:00+00:00,2022-12-13 19:00:00+00:00,67950.635,2382.175,8978.3575,0.0,69516.17,11360.5325,-0.3251276029999093,0.9456701548465688,-1.0,-1.8369701987210294e-16,0.7818314824680298,0.6234898018587336,0,weekday,137.53
2022-12-14,2022,12,14,348,18,2,520.57,2022-12-14 18:00:00+00:00,2022-12-14 19:00:00+00:00,68367.105,2169.4175,3651.575,0.0,62064.29,5820.9925,-0.3088124812662537,0.9511229423235356,-1.0,-1.8369701987210294e-16,0.9749279121818236,-0.2225209339563143,0,weekday,131.51
2022-12-15,2022,12,15,349,18,3,485.53,2022-12-15 18:00:00+00:00,2022-12-15 19:00:00+00:00,69101.9,3037.1725,8993.502499999999,0.0,66523.76,12030.675,-0.2924059769510773,0.956294277219772,-1.0,-1.8369701987210294e-16,0.4338837391175582,-0.900968867902419,0,weekday,134.765
2022-12-16,2022,12,16,350,18,4,467.8,2022-12-16 18:00:00+00:00,2022-12-16 19:00:00+00:00,67580.8175,549.605,1997.1475,0.0,57008.25,2546.7525,-0.2759129450029604,0.9611826292540836,-1.0,-1.8369701987210294e-16,-0.433883739117558,-0.9009688679024191,0,weekday,115.45
2022-12-17,2022,12,17,351,18,5,291.99,2022-12-17 18:00:00+00:00,2022-12-17 19:00:00+00:00,57797.21,5504.9325,8510.025,0.0,62699.95,14014.9575,-0.2593382659754056,0.9657865518844574,-1.0,-1.8369701987210294e-16,-0.9749279121818236,-0.2225209339563146,0,weekend,115.45
2022-12-18,2022,12,18,352,18,6,208.29,2022-12-18 18:00:00+00:00,2022-12-18 19:00:00+00:00,56822.365,5060.24,22703.625,0.0,66645.98,27763.865,-0.2426868445825954,0.9701046827361176,-1.0,-1.8369701987210294e-16,-0.7818314824680299,0.6234898018587334,0,weekend,111.9975
2022-12-19,2022,12,19,353,18,0,227.11,2022-12-19 18:00:00+00:00,2022-12-19 19:00:00+00:00,68864.215,5815.99,29226.93,0.0,75077.25,35042.92,-0.225963608248019,0.974135744004672,-1.0,-1.8369701987210294e-16,0.0,1.0,0,weekday,108.545
2022-12-20,2022,12,20,354,18,1,230.0,2022-12-20 18:00:00+00:00,2022-12-20 19:00:00+00:00,67762.9425,4240.55,24302.0825,0.0,72686.66,28542.6325,-0.2091735056463563,0.9778785428342386,-1.0,-1.8369701987210294e-16,0.7818314824680298,0.6234898018587336,0,weekday,105.69
2022-12-21,2022,12,21,355,18,2,225.81,2022-12-21 18:00:00+00:00,2022-12-21 19:00:00+00:00,66035.0475,5115.095,21984.2775,0.0,69191.51,27099.3725,-0.1923215052390948,0.9813319716704276,-1.0,-1.8369701987210294e-16,0.9749279121818236,-0.2225209339563143,0,weekday,97.75
2022-12-22,2022,12,22,356,18,3,221.82,2022-12-22 18:00:00+00:00,2022-12-22 19:00:00+00:00,63490.9775,4342.27,19800.72,0.0,65443.53,24142.99,-0.1754125938042784,0.9844950085880858,-1.0,-1.8369701987210294e-16,0.4338837391175582,-0.900968867902419,0,weekday,91.94
2022-12-23,2022,12,23,357,18,4,198.44,2022-12-23 18:00:00+00:00,2022-12-23 19:00:00+00:00,60079.9025,1864.82,14567.3625,0.0,56995.62,16432.1825,-0.1584517749608363,0.9873667175937016,-1.0,-1.8369701987210294e-16,-0.433883739117558,-0.9009688679024191,0,weekday,82.975
2022-12-24,2022,12,24,358,18,5,138.79,2022-12-24 18:00:00+00:00,2022-12-24 19:00:00+00:00,48137.305,3031.0575,12974.5325,0.0,52703.1,16005.59,-0.141444067687942,0.989946248902378,-1.0,-1.8369701987210294e-16,-0.9749279121818236,-0.2225209339563146,0,weekend,82.975
2022-12-25,2022,12,25,359,18,6,110.09,2022-12-25 18:00:00+00:00,2022-12-25 19:00:00+00:00,48345.8875,3195.02,13852.94,0.0,50686.51,17047.96,-0.1243945048397999,0.9922328391893008,-1.0,-1.8369701987210294e-16,-0.7818314824680299,0.6234898018587334,1,holiday,81.99833333333333
2022-12-26,2022,12,26,360,18,0,59.17,2022-12-26 18:00:00+00:00,2022-12-26 19:00:00+00:00,49596.915,5640.6625,30555.525,0.0,64758.75,36196.1875,-0.1073081316563624,0.994225811815616,-1.0,-1.8369701987210294e-16,0.0,1.0,1,holiday,81.02166666666666
2022-12-27,2022,12,27,361,18,1,156.93,2022-12-27 18:00:00+00:00,2022-12-27 19:00:00+00:00,59559.43,5733.18,19633.15,0.0,64166.82,25366.33,-0.0901900042703451,0.99592457702866,-1.0,-1.8369701987210294e-16,0.7818314824680298,0.6234898018587336,0,weekday,80.045
2022-12-28,2022,12,28,362,18,2,71.77,2022-12-28 18:00:00+00:00,2022-12-28 19:00:00+00:00,60651.945,5483.655,31161.92,0.0,68875.18,36645.575,-0.0730451882110474,0.9973286321364752,-1.0,-1.8369701987210294e-16,0.9749279121818236,-0.2225209339563143,0,weekday,81.35
2022-12-29,2022,12,29,363,18,3,47.94,2022-12-29 18:00:00+00:00,2022-12-29 19:00:00+00:00,57044.0375,6015.42,29207.3875,0.0,69688.54,35222.8075,-0.0558787569053731,0.9984375616565666,-1.0,-1.8369701987210294e-16,0.4338837391175582,-0.900968867902419,0,weekday,83.83
2022-12-30,2022,12,30,364,18,4,13.79,2022-12-30 18:00:00+00:00,2022-12-30 19:00:00+00:00,55758.295,5905.645,36898.815,0.0,76033.65,42804.46000000001,-0.0386957901765268,0.999251037438848,-1.0,-1.8369701987210294e-16,-0.433883739117558,-0.9009688679024191,0,weekday,76.315
2022-12-31,2022,12,31,365,18,5,-1.01,2022-12-31 18:00:00+00:00,2022-12-31 19:00:00+00:00,49408.555,3040.5275,34793.9975,0.0,64582.91,37834.525,-0.0215013727408137,0.999768818762748,-1.0,-1.8369701987210294e-16,-0.9749279121818236,-0.2225209339563146,0,weekend,76.315
2023-01-01,2023,1,1,1,18,6,54.95,2023-01-01 18:00:00+00:00,2023-01-01 19:00:00+00:00,48628.0925,5297.04,18911.4975,0.0,52279.02,24208.5375,0.0,1.0,-1.0,-1.8369701987210294e-16,-0.7818314824680299,0.6234898018587334,1,holiday,74.98166666666667
2023-01-02,2023,1,2,2,18,0,164.46,2023-01-02 18:00:00+00:00,2023-01-02 19:00:00+00:00,63126.5825,5046.29,22581.9925,0.0,66940.01,27628.2825,0.0172015754182605,0.9998520419557736,-1.0,-1.8369701987210294e-16,0.0,1.0,0,weekday,73.64833333333333
2023-01-03,2023,1,3,3,18,1,160.99,2023-01-03 18:00:00+00:00,2023-01-03 19:00:00+00:00,64279.3075,5555.1325,16400.0475,0.0,63336.18,21955.18,0.034398060613608,0.9994082116062598,-1.0,-1.8369701987210294e-16,0.7818314824680298,0.6234898018587336,0,weekday,72.315
2023-01-04,2023,1,4,4,18,2,66.61,2023-01-04 18:00:00+00:00,2023-01-04 19:00:00+00:00,65274.2175,5604.94,42070.4325,0.0,78449.23,47675.372500000005,0.0515843668694083,0.9986686402879996,-1.0,-1.8369701987210294e-16,0.9749279121818236,-0.2225209339563143,0,weekday,65.02
2023-01-05,2023,1,5,5,18,3,177.98,2023-01-05 18:00:00+00:00,2023-01-05 19:00:00+00:00,66478.9075,1252.1,10341.2325,0.0,52003.1,11593.3325,0.0687554084811394,0.9976335468520452,-1.0,-1.8369701987210294e-16,0.4338837391175582,-0.900968867902419,0,weekday,72.42
2023-01-06,2023,1,6,6,18,4,146.74,2023-01-06 18:00:00+00:00,2023-01-06 19:00:00+00:00,63352.745,5017.61,15822.9125,0.0,60547.91,20840.5225,0.0859061042613327,0.9963032375991964,-1.0,-1.8369701987210294e-16,-0.433883739117558,-0.9009688679024191,0,weekday,72.0
2023-01-07,2023,1,7,7,18,5,94.58,2023-01-07 18:00:00+00:00,2023-01-07 19:00:00+00:00,58524.735,5841.8425,25057.1025,0.0,63182.62,30898.945,0.1030313790431787,0.9946781061893646,-1.0,-1.8369701987210294e-16,-0.9749279121818236,-0.2225209339563146,0,weekend,69.535
2023-01-08,2023,1,8,8,18,6,109.11,2023-01-08 18:00:00+00:00,2023-01-08 19:00:00+00:00,55867.52,5078.3575,17191.04,0.0,56126.9,22269.3975,0.1201261651823505,0.9927586335250792,-1.0,-1.8369701987210294e-16,-0.7818314824680299,0.6234898018587334,0,weekend,70.29249999999999
2023-01-09,2023,1,9,9,18,0,170.79,2023-01-09 18:00:00+00:00,2023-01-09 19:00:00+00:00,65988.9075,3114.6625,17558.195,0.0,64032.06,20672.8575,0.1371854040566005,0.9905453876091832,-1.0,-1.8369701987210294e-16,0.0,1.0,0,weekday,71.05
2023-01-10,2023,1,10,10,18,1,124.44,2023-01-10 18:00:00+00:00,2023-01-10 19:00:00+00:00,66405.1825,5604.3775000000005,24887.3975,0.0,71012.86,30491.775,0.1542040475626894,0.988039023376751,-1.0,-1.8369701987210294e-16,0.7818314824680298,0.6234898018587336,0,weekday,73.0
2023-01-11,2023,1,11,11,18,2,127.8,2023-01-11 18:00:00+00:00,2023-01-11 19:00:00+00:00,68957.4175,5609.1525,25163.2925,0.0,69420.55,30772.445,0.1711770596101998,0.985240282501282,-1.0,-1.8369701987210294e-16,0.9749279121818236,-0.2225209339563143,0,weekday,67.595
2023-01-12,2023,1,12,12,18,3,100.79,2023-01-12 18:00:00+00:00,2023-01-12 19:00:00+00:00,70185.5075,5927.76,35175.745,0.0,76804.96,41103.505000000005,0.1880994176117975,0.9821499931752292,-1.0,-1.8369701987210294e-16,0.4338837391175582,-0.900968867902419,0,weekday,69.6
2023-01-13,2023,1,13,13,18,4,95.91,2023-01-13 18:00:00+00:00,2023-01-13 19:00:00+00:00,69678.85,5423.3525,39696.02,0.0,78997.87,45119.3725,0.2049661139694953,0.9787690698649216,-1.0,-1.8369701987210294e-16,-0.433883739117558,-0.9009688679024191,0,weekday,66.3
2023-01-14,2023,1,14,14,18,5,6.84,2023-01-14 18:00:00+00:00,2023-01-14 19:00:00+00:00,61375.605,5461.2775,42836.6875,0.0,76812.68,48297.965,0.2217721575564818,0.975098513039961,-1.0,-1.8369701987210294e-16,-0.9749279121818236,-0.2225209339563146,0,weekend,64.81
2023-01-15,2023,1,15,15,18,6,25.27,2023-01-15 18:00:00+00:00,2023-01-15 19:00:00+00:00,60098.405,5098.16,41840.2175,0.0,75305.02,46938.3775,0.2385125751940764,0.9711394088771652,-1.0,-1.8369701987210294e-16,-0.7818314824680299,0.6234898018587334,0,weekend,64.87333333333333
2023-01-16,2023,1,16,16,18,0,150.5,2023-01-16 18:00:00+00:00,2023-01-16 19:00:00+00:00,70065.88,2663.5275,26329.3425,0.0,73472.02,28992.87,0.2551824131233728,0.966892928939152,-1.0,-1.8369701987210294e-16,0.0,1.0,0,weekday,64.93666666666667
2023-01-17,2023,1,17,17,18,1,175.56,2023-01-17 18:00:00+00:00,2023-01-17 19:00:00+00:00,70482.4825,4939.335,14064.7225,0.0,67189.83,19004.0575,0.2717767384711357,0.9623603298276544,-1.0,-1.8369701987210294e-16,0.7818314824680298,0.6234898018587336,0,weekday,65.0
2023-01-18,2023,1,18,18,18,2,133.55,2023-01-18 18:00:00+00:00,2023-01-18 19:00:00+00:00,70941.9725,4255.95,13787.975,0.0,66792.59,18043.925,0.2882906407095177,0.957542952811672,-1.0,-1.8369701987210294e-16,0.9749279121818236,-0.2225209339563143,0,weekday,60.0
2023-01-19,2023,1,19,19,18,3,186.29,2023-01-19 18:00:00+00:00,2023-01-19 19:00:00+00:00,70647.17749999999,2808.8625,13348.4775,0.0,65768.46,16157.34,0.3047192331091634,0.9524422234305676,-1.0,-1.8369701987210294e-16,0.4338837391175582,-0.900968867902419,0,weekday,60.3
2023-01-20,2023,1,20,20,18,4,197.0,2023-01-20 18:00:00+00:00,2023-01-20 19:00:00+00:00,67461.6075,935.55,2123.535,0.0,57082.91,3059.085,0.321057654185271,0.9470596510722284,-1.0,-1.8369701987210294e-16,-0.433883739117558,-0.9009688679024191,0,weekday,66.5
2023-01-21,2023,1,21,21,18,5,143.52,2023-01-21 18:00:00+00:00,2023-01-21 19:00:00+00:00,61349.3125,1649.89,21887.9975,0.0,65350.3,23537.8875,0.3373010691361842,0.9413968285264122,-1.0,-1.8369701987210294e-16,-0.9749279121818236,-0.2225209339563146,0,weekend,66.9
2023-01-22,2023,1,22,22,18,6,199.19,2023-01-22 18:00:00+00:00,2023-01-22 19:00:00+00:00,59716.035,1389.9275,7893.747499999999,0.0,56719.53,9283.675,0.3534446712740877,0.9354554315134164,-1.0,-1.8369701987210294e-16,-0.7818314824680299,0.6234898018587334,0,weekend,66.05000000000001
2023-01-23,2023,1,23,23,18,0,223.19,2023-01-23 18:00:00+00:00,2023-01-23 19:00:00+00:00,68308.515,122.4075,8048.605,0.0,63191.86,8171.0125,0.3694836834473831,0.9292372181882051,-1.0,-1.8369701987210294e-16,0.0,1.0,0,weekday,65.2
2023-01-24,2023,1,24,24,18,1,231.15,2023-01-24 18:00:00+00:00,2023-01-24 19:00:00+00:00,68233.225,573.2275,4018.1725,0.0,59280.78,4591.4,0.3854133594543256,0.9227440286201428,-1.0,-1.8369701987210294e-16,0.7818314824680298,0.6234898018587336,0,weekday,58.27
2023-01-25,2023,1,25,25,18,2,193.21,2023-01-25 18:00:00+00:00,2023-01-25 19:00:00+00:00,68122.1625,3951.675,3810.745,0.0,62535.94,7762.42,0.4012289854475009,0.9159777842484876,-1.0,-1.8369701987210294e-16,0.9749279121818236,-0.2225209339563143,0,weekday,57.25
2023-01-26,2023,1,26,26,18,3,170.55,2023-01-26 18:00:00+00:00,2023-01-26 19:00:00+00:00,68743.4275,4639.62,7747.2125,0.0,64649.04,12386.8325,0.4169258813287287,0.908940487313808,-1.0,-1.8369701987210294e-16,0.4338837391175582,-0.900968867902419,0,weekday,56.6
2023-01-27,2023,1,27,27,18,4,193.7,2023-01-27 18:00:00+00:00,2023-01-27 19:00:00+00:00,67092.81,293.5325,8336.735,0.0,60760.55,8630.2675,0.4324994021339788,0.901634220265486,-1.0,-1.8369701987210294e-16,-0.433883739117558,-0.9009688679024191,0,weekday,53.5
2023-01-28,2023,1,28,28,18,5,163.56,2023-01-28 18:00:00+00:00,2023-01-28 19:00:00+00:00,59370.275,2344.6175000000003,7572.3175,0.0,57042.45,9916.935,0.4479449394078911,0.8940611451454876,-1.0,-1.8369701987210294e-16,-0.9749279121818236,-0.2225209339563146,0,weekend,55.425
2023-01-29,2023,1,29,29,18,6,128.65,2023-01-29 18:00:00+00:00,2023-01-29 19:00:00+00:00,58047.835,5438.435,27026.2025,0.0,63229.32,32464.6375,0.4632579225674917,0.88622350294858,-1.0,-1.8369701987210294e-16,-0.7818314824680299,0.6234898018587334,0,weekend,56.1375
2023-01-30,2023,1,30,30,18,0,100.7,2023-01-30 18:00:00+00:00,2023-01-30 19:00:00+00:00,69707.4725,5044.5425,40192.66,0.0,74718.64,45237.2025,0.4784338202547012,0.8781236129591848,-1.0,-1.8369701987210294e-16,0.0,1.0,0,weekday,56.85
2023-01-31,2023,1,31,31,18,1,100.28,2023-01-31 18:00:00+00:00,2023-01-31 19:00:00+00:00,68824.29000000001,4848.62,39413.8325,0.0,76259.78,44262.4525,0.4934681416772373,0.8697638720650646,-1.0,-1.8369701987210294e-16,0.7818314824680298,0.6234898018587336,0,weekday,60.2
2023-02-01,2023,2,1,32,18,2,100.88,2023-02-01 18:00:00+00:00,2023-02-01 19:00:00+00:00,70160.08,4794.7625,41654.07,0.0,78551.55,46448.8325,0.5083564379375122,0.8611467540480452,-1.0,-1.8369701987210294e-16,0.9749279121818236,-0.2225209339563143,0,weekday,57.4
2023-02-02,2023,2,2,33,18,3,172.18,2023-02-02 18:00:00+00:00,2023-02-02 19:00:00+00:00,69534.9375,3082.6725,13412.2875,0.0,63789.96,16494.96,0.5230943033491326,0.8522748088519838,-1.0,-1.8369701987210294e-16,0.4338837391175582,-0.900968867902419,0,weekday,57.1
2023-02-03,2023,2,3,34,18,4,108.07,2023-02-03 18:00:00+00:00,2023-02-03 19:00:00+00:00,69311.0075,4328.5650000000005,39711.385,0.0,75713.61,44039.95,0.5376773767406141,0.8431506618282,-1.0,-1.8369701987210294e-16,-0.433883739117558,-0.9009688679024191,0,weekday,58.0
2023-02-04,2023,2,4,35,18,5,179.96,2023-02-04 18:00:00+00:00,2023-02-04 19:00:00+00:00,57113.035,1464.79,1931.6675,0.0,47976.5,3396.4575,0.5521013427459208,0.8337770129585915,-1.0,-1.8369701987210294e-16,-0.9749279121818236,-0.2225209339563146,0,weekend,57.89
2023-02-05,2023,2,5,36,18,6,170.92,2023-02-05 18:00:00+00:00,2023-02-05 19:00:00+00:00,57440.525,4036.6175,13693.98,0.0,57481.46,17730.5975,0.5663619330814524,0.8241566360566663,-1.0,-1.8369701987210294e-16,-0.7818314824680299,0.6234898018587334,0,weekend,58.0
2023-02-06,2023,2,6,37,18,0,205.38,2023-02-06 18:00:00+00:00,2023-02-06 19:00:00+00:00,68568.635,240.75,5203.4475,0.0,56966.54,5444.1975,0.580454927809098,0.8142923779467267,-1.0,-1.8369701987210294e-16,0.0,1.0,0,weekday,58.11
2023-02-07,2023,2,7,38,18,1,229.0,2023-02-07 18:00:00+00:00,2023-02-07 19:00:00+00:00,68540.54000000001,924.215,2745.8525,0.0,58478.63,3670.0675,0.5943761565849831,0.804187157621448,-1.0,-1.8369701987210294e-16,0.7818314824680298,0.6234898018587336,0,weekday,57.4
2023-02-08,2023,2,8,39,18,2,153.0,2023-02-08 18:00:00+00:00,2023-02-08 19:00:00+00:00,67462.3225,4443.4725,17505.5925,0.0,69777.62,21949.065,0.6081214998935418,0.7938439653781019,-1.0,-1.8369701987210294e-16,0.9749279121818236,-0.2225209339563143,0,weekday,53.685
2023-02-09,2023,2,9,40,18,3,134.89,2023-02-09 18:00:00+00:00,2023-02-09 19:00:00+00:00,67941.06,4859.62,16056.56,0.0,68165.71,20916.18,0.6216868902665479,0.7832658619336791,-1.0,-1.8369701987210294e-16,0.4338837391175582,-0.900968867902419,0,weekday,52.735
2023-02-10,2023,2,10,41,18,4,108.29,2023-02-10 18:00:00+00:00,2023-02-10 19:00:00+00:00,66501.4,4998.5675,23660.3325,0.0,69688.77,28658.9,0.6350683134867438,0.7724559775191742,-1.0,-1.8369701987210294e-16,-0.433883739117558,-0.9009688679024191,0,weekday,53.25
2023-02-11,2023,2,11,42,18,5,140.73,2023-02-11 18:00:00+00:00,2023-02-11 19:00:00+00:00,57202.6375,2747.7675,16254.41,0.0,59213.75,19002.1775,0.6482618097757122,0.7614175109532997,-1.0,-1.8369701987210294e-16,-0.9749279121818236,-0.2225209339563146,0,weekend,53.945
2023-02-12,2023,2,12,43,18,6,169.49,2023-02-12 18:00:00+00:00,2023-02-12 19:00:00+00:00,55446.7425,1767.4299999999998,4124.29,0.0,54882.67,5891.719999999999,0.6612634749656386,0.7501537286959042,-1.0,-1.8369701987210294e-16,-0.7818314824680299,0.6234898018587334,0,weekend,52.825
2023-02-13,2023,2,13,44,18,0,206.6,2023-02-13 18:00:00+00:00,2023-02-13 19:00:00+00:00,66351.345,670.8475,2638.7975,0.0,58952.69,3309.645,0.6740694616546161,0.7386679638813748,-1.0,-1.8369701987210294e-16,0.0,1.0,0,weekday,51.705
2023-02-14,2023,2,14,45,18,1,192.97,2023-02-14 18:00:00+00:00,2023-02-14 19:00:00+00:00,66004.55,266.79,1891.125,0.0,55876.82,2157.915,0.6866759803451553,0.726963615332308,-1.0,-1.8369701987210294e-16,0.7818314824680298,0.6234898018587336,0,weekday,52.0
2023-02-15,2023,2,15,46,18,2,165.25,2023-02-15 18:00:00+00:00,2023-02-15 19:00:00+00:00,65854.7975,3076.9125,9738.87,0.0,64245.13,12815.7825,0.6990793005655562,0.7150441465537444,-1.0,-1.8369701987210294e-16,0.9749279121818236,-0.2225209339563143,0,weekday,54.2
2023-02-16,2023,2,16,47,18,3,160.59,2023-02-16 18:00:00+00:00,2023-02-16 19:00:00+00:00,65798.105,2501.3875,14911.085,0.0,65542.83,17412.4725,0.7112757519738152,0.7029130847082615,-1.0,-1.8369701987210294e-16,0.4338837391175582,-0.900968867902419,0,weekday,54.0
2023-02-17,2023,2,17,48,18,4,85.05,2023-02-17 18:00:00+00:00,2023-02-17 19:00:00+00:00,65840.8875,3746.145,40870.0425,0.0,75727.8,44616.1875,0.7232617254437388,0.6905740195722293,-1.0,-1.8369701987210294e-16,-0.433883739117558,-0.9009688679024191,0,weekday,49.7
2023-02-18,2023,2,18,49,18,5,149.95,2023-02-18 18:00:00+00:00,2023-02-18 19:00:00+00:00,56141.5225,1393.495,23597.6075,0.0,59747.65,24991.1025,0.7350336741329413,0.6780306024735382,-1.0,-1.8369701987210294e-16,-0.9749279121818236,-0.2225209339563146,0,weekend,49.045
2023-02-19,2023,2,19,50,18,6,158.38,2023-02-19 18:00:00+00:00,2023-02-19 19:00:00+00:00,55190.795,4726.8150000000005,12505.4225,0.0,54227.61,17232.237500000003,0.746588114532413,0.6652865452111116,-1.0,-1.8369701987210294e-16,-0.7818314824680299,0.6234898018587334,0,weekend,49.63
2023-02-20,2023,2,20,51,18,0,109.04,2023-02-20 18:00:00+00:00,2023-02-20 19:00:00+00:00,66779.3875,4470.8275,34888.625,0.0,74169.62,39359.4525,0.7579216274973472,0.6523456189565257,-1.0,-1.8369701987210294e-16,0.0,1.0,0,weekday,50.214999999999996
2023-02-21,2023,2,21,52,18,1,177.1,2023-02-21 18:00:00+00:00,2023-02-21 19:00:00+00:00,65138.1375,1188.9125,4973.987499999999,0.0,55949.58,6162.9,0.7690308592589181,0.6392116531380588,-1.0,-1.8369701987210294e-16,0.7818314824680298,0.6234898018587336,0,weekday,50.8
2023-02-22,2023,2,22,53,18,2,172.73,2023-02-22 18:00:00+00:00,2023-02-22 19:00:00+00:00,65877.98,1095.4,8871.8275,0.0,58748.86,9967.2275,0.7799125224167177,0.6258885343075018,-1.0,-1.8369701987210294e-16,0.9749279121818236,-0.2225209339563143,0,weekday,50.57
2023-02-23,2023,2,23,54,18,3,165.0,2023-02-23 18:00:00+00:00,2023-02-23 19:00:00+00:00,65125.9925,3092.55,8925.4475,0.0,62825.42,12017.9975,0.7905633969115482,0.612380204990065,-1.0,-1.8369701987210294e-16,0.4338837391175582,-0.900968867902419,0,weekday,50.78
2023-02-24,2023,2,24,55,18,4,116.96,2023-02-24 18:00:00+00:00,2023-02-24 19:00:00+00:00,64701.795,4365.1825,28673.64,0.0,68456.64,33038.8225,0.8009803309782905,0.5986906625177214,-1.0,-1.8369701987210294e-16,-0.433883739117558,-0.9009688679024191,0,weekday,51.015
2023-02-25,2023,2,25,56,18,5,130.85,2023-02-25 18:00:00+00:00,2023-02-25 19:00:00+00:00,58485.765,4812.345,20436.1125,0.0,60461.57,25248.4575,0.8111602420785621,0.5848239578463322,-1.0,-1.8369701987210294e-16,-0.9749279121818236,-0.2225209339563146,0,weekend,51.015
2023-02-26,2023,2,26,57,18,6,156.91,2023-02-26 18:00:00+00:00,2023-02-26 19:00:00+00:00,56277.75,2104.255,13368.5325,0.0,52446.02,15472.7875,0.8211001178128892,0.5707841943569036,-1.0,-1.8369701987210294e-16,-0.7818314824680299,0.6234898018587334,0,weekend,49.157
2023-02-27,2023,2,27,58,18,0,198.15,2023-02-27 18:00:00+00:00,2023-02-27 19:00:00+00:00,66912.1725,619.71,8971.3425,0.0,60352.96,9591.052500000002,0.8307970168121247,0.5565755266413303,-1.0,-1.8369701987210294e-16,0.0,1.0,0,weekday,47.299
2023-02-28,2023,2,28,59,18,1,193.78,2023-02-28 18:00:00+00:00,2023-02-28 19:00:00+00:00,66910.73999999999,140.99,7490.4725,0.0,59903.28,7631.4625,0.8402480696078469,0.5422021592729844,-1.0,-1.8369701987210294e-16,0.7818314824680298,0.6234898018587336,0,weekday,48.0
2023-03-01,2023,3,1,60,18,2,182.48,2023-03-01 18:00:00+00:00,2023-03-01 19:00:00+00:00,67279.52500000001,280.3725,12039.8675,0.0,61256.93,12320.24,0.8494504794814806,0.527668345562516,-1.0,-1.8369701987210294e-16,0.9749279121818236,-0.2225209339563143,0,weekday,47.25
2023-03-02,2023,3,2,61,18,3,184.13,2023-03-02 18:00:00+00:00,2023-03-02 19:00:00+00:00,67548.505,768.85,8138.975,0.0,60564.13,8907.825,0.8584015232918917,0.512978386299228,-1.0,-1.8369701987210294e-16,0.4338837391175582,-0.900968867902419,0,weekday,47.5
2023-03-03,2023,3,3,62,18,4,152.94,2023-03-03 18:00:00+00:00,2023-03-03 19:00:00+00:00,67308.035,4556.57,15933.5725,0.0,65722.78,20490.1425,0.8670985522812081,0.4981366284784055,-1.0,-1.8369701987210294e-16,-0.433883739117558,-0.9009688679024191,0,weekday,45.65
2023-03-04,2023,3,4,63,18,5,145.0,2023-03-04 18:00:00+00:00,2023-03-04 19:00:00+00:00,57782.9375,4789.5575,13462.05,0.0,56684.53,18251.6075,0.8755389928586302,0.4831474640149687,-1.0,-1.8369701987210294e-16,-0.9749279121818236,-0.2225209339563146,0,weekend,44.98
2023-03-05,2023,3,5,64,18,6,172.37,2023-03-05 18:00:00+00:00,2023-03-05 19:00:00+00:00,56430.205,2398.145,6648.82,0.0,51723.53,9046.965,0.8837203473619977,0.4680153284438345,-1.0,-1.8369701987210294e-16,-0.7818314824680299,0.6234898018587334,0,weekend,44.14
2023-03-06,2023,3,6,65,18,0,174.61,2023-03-06 18:00:00+00:00,2023-03-06 19:00:00+00:00,67015.6625,3866.7975,8767.895,0.0,64876.09,12634.6925,0.8916401947968874,0.452744699607371,-1.0,-1.8369701987210294e-16,0.0,1.0,0,weekday,43.3
2023-03-07,2023,3,7,66,18,1,143.91,2023-03-07 18:00:00+00:00,2023-03-07 19:00:00+00:00,67782.45999999999,3249.6975,18300.932500000003,0.0,63217.35,21550.630000000005,0.8992961915530253,0.4373400963303323,-1.0,-1.8369701987210294e-16,0.7818314824680298,0.6234898018587336,0,weekday,42.8
2023-03-08,2023,3,8,67,18,2,170.02,2023-03-08 18:00:00+00:00,2023-03-08 19:00:00+00:00,65949.0925,175.6525,6612.8150000000005,0.0,58698.05,6788.467500000001,0.9066860720977984,0.4218060770826634,-1.0,-1.8369701987210294e-16,0.9749279121818236,-0.2225209339563143,0,weekday,44.6
2023-03-09,2023,3,9,68,18,3,145.04,2023-03-09 18:00:00+00:00,2023-03-09 19:00:00+00:00,66619.27,676.0675,9049.0175,0.0,55812.12,9725.085,0.9138076496466616,0.4061472386305789,-1.0,-1.8369701987210294e-16,0.4338837391175582,-0.900968867902419,0,weekday,41.15
2023-03-10,2023,3,10,69,18,4,133.92,2023-03-10 18:00:00+00:00,2023-03-10 19:00:00+00:00,65473.7525,3691.6275,25307.6225,0.0,66620.46,28999.25,0.9206588168102428,0.3903682146763026,-1.0,-1.8369701987210294e-16,-0.433883739117558,-0.9009688679024191,0,weekday,48.0
2023-03-11,2023,3,11,70,18,5,136.63,2023-03-11 18:00:00+00:00,2023-03-11 19:00:00+00:00,57950.1475,3579.3125,14337.2825,0.0,52603.07,17916.595,0.9272375462179536,0.374473674486883,-1.0,-1.8369701987210294e-16,-0.9749279121818236,-0.2225209339563146,0,weekend,52.855
2023-03-12,2023,3,12,71,18,6,141.04,2023-03-12 18:00:00+00:00,2023-03-12 19:00:00+00:00,55715.9225,4385.245,22597.1225,0.0,58349.62,26982.3675,0.9335418911179212,0.3584683215124808,-1.0,-1.8369701987210294e-16,-0.7818314824680299,0.6234898018587334,0,weekend,51.052499999999995
2023-03-13,2023,3,13,72,18,0,95.0,2023-03-13 18:00:00+00:00,2023-03-13 19:00:00+00:00,67399.92749999999,4308.8525,34799.7625,0.0,71763.76,39108.615,0.9395699859530622,0.342356891994542,-1.0,-1.8369701987210294e-16,0.0,1.0,0,weekday,49.25
2023-03-14,2023,3,14,73,18,1,152.21,2023-03-14 18:00:00+00:00,2023-03-14 19:00:00+00:00,67037.9975,5033.985,28161.23,0.0,68354.55,33195.215,0.945320046913132,0.3261441535642696,-1.0,-1.8369701987210294e-16,0.7818314824680298,0.6234898018587336,0,weekday,46.75
2023-03-15,2023,3,15,74,18,2,199.28,2023-03-15 18:00:00+00:00,2023-03-15 19:00:00+00:00,67456.19,4613.68,11935.42,0.0,60491.74,16549.1,0.9507903724625832,0.3098349038318025,-1.0,-1.8369701987210294e-16,0.9749279121818236,-0.2225209339563143,0,weekday,43.85
2023-03-16,2023,3,16,75,18,3,129.97,2023-03-16 18:00:00+00:00,2023-03-16 19:00:00+00:00,66547.4825,4805.1725,26643.04,0.0,67002.19,31448.2125,0.9559793438440766,0.2934339689665273,-1.0,-1.8369701987210294e-16,0.4338837391175582,-0.900968867902419,0,weekday,42.0
2023-03-17,2023,3,17,76,18,4,134.23,2023-03-17 18:00:00+00:00,2023-03-17 19:00:00+00:00,64015.94,2861.765,17798.6525,0.0,56490.28,20660.4175,0.9608854255574976,0.2769462022689364,-1.0,-1.8369701987210294e-16,-0.433883739117558,-0.9009688679024191,0,weekday,43.8
2023-03-18,2023,3,18,77,18,5,169.54,2023-03-18 18:00:00+00:00,2023-03-18 19:00:00+00:00,55385.4175,336.3375,3948.8725,0.0,42930.02,4285.21,0.9655071658143364,0.2603764827344581,-1.0,-1.8369701987210294e-16,-0.9749279121818236,-0.2225209339563146,0,weekend,42.855
2023-03-19,2023,3,19,78,18,6,152.91,2023-03-19 18:00:00+00:00,2023-03-19 19:00:00+00:00,54800.41,1180.3025,4089.96,0.0,42485.39,5270.2625,0.969843196967294,0.2437297136096838,-1.0,-1.8369701987210294e-16,-0.7818314824680299,0.6234898018587334,0,weekend,41.4775
2023-03-20,2023,3,20,79,18,0,165.47,2023-03-20 18:00:00+00:00,2023-03-20 19:00:00+00:00,66655.75,2364.195,9221.235,0.0,55629.31,11585.43,0.9738922359149924,0.2270108209414184,-1.0,-1.8369701987210294e-16,0.0,1.0,0,weekday,40.1
2023-03-21,2023,3,21,80,18,1,143.29,2023-03-21 18:00:00+00:00,2023-03-21 19:00:00+00:00,66108.0175,4797.4325,13884.2675,0.0,61007.06,18681.7,0.977653084481664,0.2102247521189836,-1.0,-1.8369701987210294e-16,0.7818314824680298,0.6234898018587336,0,weekday,38.985
2023-03-22,2023,3,22,81,18,2,139.85,2023-03-22 18:00:00+00:00,2023-03-22 19:00:00+00:00,64427.81,4302.02,24634.89,0.0,61754.55,28936.91,0.981124629771712,0.1933764744102058,-1.0,-1.8369701987210294e-16,0.9749279121818236,-0.2225209339563143,0,weekday,41.55
2023-03-23,2023,3,23,82,18,3,144.38,2023-03-23 18:00:00+00:00,2023-03-23 19:00:00+00:00,64898.2275,4801.69,17928.1125,0.0,57182.19,22729.8025,0.984305844499033,0.1764709734915216,-1.0,-1.8369701987210294e-16,0.4338837391175582,-0.900968867902419,0,weekday,42.6
2023-03-24,2023,3,24,83,18,4,116.23,2023-03-24 18:00:00+00:00,2023-03-24 19:00:00+00:00,64268.67,5139.6475,21783.29,0.0,59661.86,26922.9375,0.9871957872910084,0.1595132519726365,-1.0,-1.8369701987210294e-16,-0.433883739117558,-0.9009688679024191,0,weekday,41.75
2023-03-25,2023,3,25,84,18,5,77.04,2023-03-25 18:00:00+00:00,2023-03-25 19:00:00+00:00,54790.6875,3724.435,33943.1425,0.0,68155.17,37667.5775,0.9897936029670716,0.1425083279161708,-1.0,-1.8369701987210294e-16,-0.9749279121818236,-0.2225209339563146,0,weekend,41.095
2023-03-26,2023,3,26,85,18,6,112.59,2023-03-26 18:00:00+00:00,2023-03-26 19:00:00+00:00,50510.515,4311.5575,15614.16,6.25,51363.94,19931.9675,0.992098522791769,0.1254612333527364,-1.0,-1.8369701987210294e-16,-0.7818314824680299,0.6234898018587334,0,weekend,41.8125
2023-03-27,2023,3,27,86,18,0,116.07,2023-03-27 18:00:00+00:00,2023-03-27 19:00:00+00:00,61200.465,3708.895,23845.545,0.0,61352.08,27554.44,0.9941098647022418,0.108377012791876,-1.0,-1.8369701987210294e-16,0.0,1.0,0,weekday,42.53
2023-03-28,2023,3,28,87,18,1,161.0,2023-03-28 18:00:00+00:00,2023-03-28 19:00:00+00:00,60506.8325,3857.4225,4373.67,5.125,50692.7,8236.2175,0.9958270335100596,0.0912607217293118,-1.0,-1.8369701987210294e-16,0.7818314824680298,0.6234898018587336,0,weekday,42.83
2023-03-29,2023,3,29,88,18,2,132.28,2023-03-29 18:00:00+00:00,2023-03-29 19:00:00+00:00,61511.04,1787.4725,9815.2575,3.9075,52094.4,11606.6375,0.9972495210773452,0.0741174251509443,-1.0,-1.8369701987210294e-16,0.9749279121818236,-0.2225209339563143,0,weekday,42.805
2023-03-30,2023,3,30,89,18,3,119.37,2023-03-30 18:00:00+00:00,2023-03-30 19:00:00+00:00,61075.565,3667.4825,24472.32,4.57,63105.65,28144.3725,0.998376906467142,0.0569521960340397,-1.0,-1.8369701987210294e-16,0.4338837391175582,-0.900968867902419,0,weekday,43.609
2023-03-31,2023,3,31,90,18,4,109.98,2023-03-31 18:00:00+00:00,2023-03-31 19:00:00+00:00,58749.715,2668.7250000000004,17310.0625,17.9025,52807.95,19996.69,0.9992088560679752,0.0397701138460557,-1.0,-1.8369701987210294e-16,-0.433883739117558,-0.9009688679024191,0,weekday,44.95
2023-04-01,2023,4,1,91,18,5,84.89,2023-04-01 18:00:00+00:00,2023-04-01 19:00:00+00:00,53399.1075,4663.735,26612.455,10.7025,61748.99,31286.8925,0.9997451236925734,0.0225762630415454,-1.0,-1.8369701987210294e-16,-0.9749279121818236,-0.2225209339563146,0,weekend,47.845
2023-04-02,2023,4,2,92,18,6,131.5,2023-04-02 18:00:00+00:00,2023-04-02 19:00:00+00:00,52070.3,2979.2525,18327.855,7.9925,51588.53,21315.1,0.9999855506507186,0.0053757315575838,-1.0,-1.8369701987210294e-16,-0.7818314824680299,0.6234898018587334,0,weekend,48.8725
2023-04-03,2023,4,3,93,18,0,156.25,2023-04-03 18:00:00+00:00,2023-04-03 19:00:00+00:00,61203.2925,328.58000000000004,11079.155,7.8625,51845.41,11415.5975,0.9999300657962056,-0.0118263906918325,-1.0,-1.8369701987210294e-16,0.0,1.0,0,weekday,49.9
2023-04-04,2023,4,4,94,18,1,177.32,2023-04-04 18:00:00+00:00,2023-04-04 19:00:00+00:00,61143.9225,149.845,3466.375,7.575,50814.84,3623.795,0.9995786855478958,-0.0290250133219752,-1.0,-1.8369701987210294e-16,0.7818314824680298,0.6234898018587336,0,weekday,48.945
2023-04-05,2023,4,5,95,18,2,191.68,2023-04-05 18:00:00+00:00,2023-04-05 19:00:00+00:00,59869.5325,213.755,1057.2,15.3325,50346.41,1286.2875,0.9989315138848576,-0.0462150469837083,-1.0,-1.8369701987210294e-16,0.9749279121818236,-0.2225209339563143,0,weekday,46.6
2023-04-06,2023,4,6,96,18,3,144.08,2023-04-06 18:00:00+00:00,2023-04-06 19:00:00+00:00,59952.94,3550.0975,10608.7075,17.265,54263.94,14176.07,0.9979887423155984,-0.0633914048695103,-1.0,-1.8369701987210294e-16,0.4338837391175582,-0.900968867902419,0,weekday,43.765
2023-04-07,2023,4,7,97,18,4,135.07,2023-04-07 18:00:00+00:00,2023-04-07 19:00:00+00:00,48758.5025,4133.4925,6250.7875,19.2225,47645.03,10403.5025,0.9967506498213928,-0.0805490042187416,-1.0,-1.8369701987210294e-16,-0.433883739117558,-0.9009688679024191,1,holiday,43.125
2023-04-08,2023,4,8,98,18,5,139.77,2023-04-08 18:00:00+00:00,2023-04-08 19:00:00+00:00,50501.2825,1015.4075,4449.1925,14.902500000000002,42595.89,5479.5025000000005,0.9952176027737294,-0.0976827678217159,-1.0,-1.8369701987210294e-16,-0.9749279121818236,-0.2225209339563146,0,weekend,43.125
2023-04-09,2023,4,9,99,18,6,133.46,2023-04-09 18:00:00+00:00,2023-04-09 19:00:00+00:00,46499.1775,1298.9425,3834.3425,20.2525,37512.04,5153.537499999999,0.9933900548258936,-0.114787625522127,-1.0,-1.8369701987210294e-16,-0.7818314824680299,0.6234898018587334,0,weekend,43.125
2023-04-10,2023,4,10,100,18,0,40.84,2023-04-10 18:00:00+00:00,2023-04-10 19:00:00+00:00,48306.575,4716.0375,26695.5825,24.975,60005.4,31436.595,0.9912685467787256,-0.1318585157173911,-1.0,-1.8369701987210294e-16,0.0,1.0,1,holiday,43.125
2023-04-11,2023,4,11,101,18,1,165.38,2023-04-11 18:00:00+00:00,2023-04-11 19:00:00+00:00,58899.8575,2339.8725,8457.52,24.8725,49253.14,10822.265,0.9888537064205885,-0.1488903868564548,-1.0,-1.8369701987210294e-16,0.7818314824680298,0.6234898018587336,0,weekday,43.1
2023-04-12,2023,4,12,102,18,2,129.7,2023-04-12 18:00:00+00:00,2023-04-12 19:00:00+00:00,59533.295,2994.66,14242.2325,40.0275,50517.36,17276.920000000002,0.986146248341595,-0.1658781989346314,-1.0,-1.8369701987210294e-16,0.9749279121818236,-0.2225209339563143,0,weekday,43.295
2023-04-13,2023,4,13,103,18,3,180.93,2023-04-13 18:00:00+00:00,2023-04-13 19:00:00+00:00,57810.630000000005,3886.1475,2418.1075,30.77,48548.96,6335.025000000001,0.98314697372215,-0.1828169249850199,-1.0,-1.8369701987210294e-16,0.4338837391175582,-0.900968867902419,0,weekday,42.6
2023-04-14,2023,4,14,104,18,4,152.21,2023-04-14 18:00:00+00:00,2023-04-14 19:00:00+00:00,57027.3725,1763.82,5639.53,55.23,47197.35,7458.579999999999,0.9798567700958664,-0.1997015525660636,-1.0,-1.8369701987210294e-16,-0.433883739117558,-0.9009688679024191,0,weekday,41.05
2023-04-15,2023,4,15,105,18,5,134.51,2023-04-15 18:00:00+00:00,2023-04-15 19:00:00+00:00,48812.8725,3000.88,12399.9275,48.4,47899.6,15449.2075,0.976276611086932,-0.2165270852448143,-1.0,-1.8369701987210294e-16,-0.9749279121818236,-0.2225209339563146,0,weekend,41.15
2023-04-16,2023,4,16,106,18,6,140.0,2023-04-16 18:00:00+00:00,2023-04-16 19:00:00+00:00,46981.3125,941.135,7242.17,53.9775,39199.54,8237.282500000001,0.9724075561219968,-0.2332885440754551,-1.0,-1.8369701987210294e-16,-0.7818314824680299,0.6234898018587334,0,weekend,41.667500000000004
2023-04-17,2023,4,17,107,18,0,142.78,2023-04-17 18:00:00+00:00,2023-04-17 19:00:00+00:00,59807.07,2106.4325,13302.995,54.0175,49840.05,15463.445000000002,0.9682507501166718,-0.2499809690726521,-1.0,-1.8369701987210294e-16,0.0,1.0,0,weekday,42.185
2023-04-18,2023,4,18,108,18,1,135.01,2023-04-18 18:00:00+00:00,2023-04-18 19:00:00+00:00,60068.75,4461.2225,19210.8575,60.84,56635.04,23732.92,0.9638074231367308,-0.2665994206792935,-1.0,-1.8369701987210294e-16,0.7818314824680298,0.6234898018587336,0,weekday,41.505
2023-04-19,2023,4,19,109,18,2,130.73,2023-04-19 18:00:00+00:00,2023-04-19 19:00:00+00:00,58797.11,4286.1825,23061.995,70.315,57438.82,27418.4925,0.9590788900341132,-0.2831389812281835,-1.0,-1.8369701987210294e-16,0.9749279121818236,-0.2225209339563143,0,weekday,42.425
2023-04-20,2023,4,20,110,18,3,146.45,2023-04-20 18:00:00+00:00,2023-04-20 19:00:00+00:00,58531.2675,4883.1025,18510.3525,71.92750000000001,55904.32,23465.382500000003,0.9540665500578388,-0.2995947563972602,-1.0,-1.8369701987210294e-16,0.4338837391175582,-0.900968867902419,0,weekday,40.4
2023-04-21,2023,4,21,111,18,4,143.88,2023-04-21 18:00:00+00:00,2023-04-21 19:00:00+00:00,57047.365,4295.765,19341.35,88.735,57276.52,23725.85,0.9487718864399473,-0.3159618766579029,-1.0,-1.8369701987210294e-16,-0.433883739117558,-0.9009688679024191,0,weekday,40.65
2023-04-22,2023,4,22,112,18,5,130.22,2023-04-22 18:00:00+00:00,2023-04-22 19:00:00+00:00,48970.085,2096.6075,16301.8475,95.6475,47279.53,18494.1025,0.9431964659565866,-0.3322354987159043,-1.0,-1.8369701987210294e-16,-0.9749279121818236,-0.2225209339563146,0,weekend,40.165
2023-04-23,2023,4,23,113,18,6,137.13,2023-04-23 18:00:00+00:00,2023-04-23 19:00:00+00:00,48219.5375,321.3325,6693.105,89.17,37684.65,7103.6075,0.9373419384643772,-0.3484108069446808,-1.0,-1.8369701987210294e-16,-0.7818314824680299,0.6234898018587334,0,weekend,40.045
2023-04-24,2023,4,24,114,18,0,135.97,2023-04-24 18:00:00+00:00,2023-04-24 19:00:00+00:00,58622.7025,3671.5375,20484.48,105.8625,55874.26,24261.88,0.9312100364121948,-0.3644830148102912,-1.0,-1.8369701987210294e-16,0.0,1.0,0,weekday,39.925
2023-04-25,2023,4,25,115,18,1,144.16,2023-04-25 18:00:00+00:00,2023-04-25 19:00:00+00:00,58541.985,4225.275,16638.2125,122.5975,55901.05,20986.085000000003,0.9248025743285088,-0.3804473662878516,-1.0,-1.8369701987210294e-16,0.7818314824680298,0.6234898018587336,0,weekday,39.835
2023-04-26,2023,4,26,116,18,2,154.97,2023-04-26 18:00:00+00:00,2023-04-26 19:00:00+00:00,58074.825,2916.4875,7365.2625,153.985,45824.95,10435.735,0.9181214482844364,-0.3962991372689181,-1.0,-1.8369701987210294e-16,0.9749279121818236,-0.2225209339563143,0,weekday,38.55
2023-04-27,2023,4,27,117,18,3,163.57,2023-04-27 18:00:00+00:00,2023-04-27 19:00:00+00:00,57869.2,743.7375,2443.485,179.13,40416.14,3366.3525,0.9111686353326632,-0.4120336369594263,-1.0,-1.8369701987210294e-16,0.4338837391175582,-0.900968867902419,0,weekday,39.039
2023-04-28,2023,4,28,118,18,4,125.4,2023-04-28 18:00:00+00:00,2023-04-28 19:00:00+00:00,56128.06,2907.0775,10360.945,122.705,45922.43,13390.7275,0.9039461929224012,-0.4276462092677746,-1.0,-1.8369701987210294e-16,-0.433883739117558,-0.9009688679024191,0,weekday,39.8
2023-04-29,2023,4,29,119,18,5,119.45,2023-04-29 18:00:00+00:00,2023-04-29 19:00:00+00:00,48097.7975,1405.0125,7883.375,162.755,39046.55,9451.1425,0.8964562582905575,-0.4431322341826345,-1.0,-1.8369701987210294e-16,-0.9749279121818236,-0.2225209339563146,0,weekend,38.54
2023-04-30,2023,4,30,120,18,6,123.6,2023-04-30 18:00:00+00:00,2023-04-30 19:00:00+00:00,46237.0825,603.7075,4437.755,228.29,35911.61,5269.7525,0.8887010478292915,-0.4584871291400876,-1.0,-1.8369701987210294e-16,-0.7818314824680299,0.6234898018587334,0,weekend,38.6875
2023-05-01,2023,5,1,121,18,0,125.8,2023-05-01 18:00:00+00:00,2023-05-01 19:00:00+00:00,49409.355,1177.3,3336.475,275.78,34748.15,4789.554999999999,0.8806828564301475,-0.47370635037968,-1.0,-1.8369701987210294e-16,0.0,1.0,1,holiday,38.835
2023-05-02,2023,5,2,122,18,1,142.86,2023-05-02 18:00:00+00:00,2023-05-02 19:00:00+00:00,58759.6675,1539.5275,8696.0,256.6675,44298.09,10492.195,0.8724040568049612,-0.4887853942889926,-1.0,-1.8369701987210294e-16,0.7818314824680298,0.6234898018587336,0,weekday,37.86
2023-05-03,2023,5,3,123,18,2,171.58,2023-05-03 18:00:00+00:00,2023-05-03 19:00:00+00:00,58494.8025,358.48,3707.57,352.2575,39980.52,4418.3075,0.8638670987837349,-0.503719798736334,-1.0,-1.8369701987210294e-16,0.9749279121818236,-0.2225209339563143,0,weekday,37.495
2023-05-04,2023,5,4,124,18,3,120.74,2023-05-04 18:00:00+00:00,2023-05-04 19:00:00+00:00,58095.6575,3846.945,11124.2675,384.665,47751.61,15355.8775,0.8550745085896932,-0.518505144391157,-1.0,-1.8369701987210294e-16,0.4338837391175582,-0.900968867902419,0,weekday,36.95
2023-05-05,2023,5,5,125,18,4,128.57,2023-05-05 18:00:00+00:00,2023-05-05 19:00:00+00:00,57114.2075,2690.51,13646.66,267.995,48948.99,16605.165,0.8460288880917339,-0.533137056031809,-1.0,-1.8369701987210294e-16,-0.433883739117558,-0.9009688679024191,0,weekday,35.925
2023-05-06,2023,5,6,126,18,5,111.81,2023-05-06 18:00:00+00:00,2023-05-06 19:00:00+00:00,48240.68,4268.7025,7833.345,325.1775,42793.2,12427.225,0.8367329140344921,-0.5476112038402312,-1.0,-1.8369701987210294e-16,-0.9749279121818236,-0.2225209339563146,0,weekend,36.575
2023-05-07,2023,5,7,127,18,6,106.45,2023-05-07 18:00:00+00:00,2023-05-07 19:00:00+00:00,46713.595,3530.07,13328.7825,335.6625,43673.16,17194.515,0.8271893372462497,-0.5619233046832195,-1.0,-1.8369701987210294e-16,-0.7818314824680299,0.6234898018587334,0,weekend,36.712500000000006
2023-05-08,2023,5,8,128,18,0,128.41,2023-05-08 18:00:00+00:00,2023-05-08 19:00:00+00:00,57208.3,2505.3575,11717.4625,478.105,46199.67,14700.925,0.8174009818249189,-0.5760691233798758,-1.0,-1.8369701987210294e-16,0.0,1.0,0,weekday,36.85
2023-05-09,2023,5,9,129,18,1,121.05,2023-05-09 18:00:00+00:00,2023-05-09 19:00:00+00:00,57105.84,2783.1575000000003,16416.614999999998,294.9425,50037.13,19494.715,0.8073707443023492,-0.5900444739548627,-1.0,-1.8369701987210294e-16,0.7818314824680298,0.6234898018587336,0,weekday,36.625
2023-05-10,2023,5,10,130,18,2,147.49,2023-05-10 18:00:00+00:00,2023-05-10 19:00:00+00:00,56371.6275,1266.6375,4302.545,413.815,41611.72,5982.9975,0.7971015927871943,-0.6038452208771035,-1.0,-1.8369701987210294e-16,0.9749279121818236,-0.2225209339563143,0,weekday,35.7
2023-05-11,2023,5,11,131,18,3,132.8,2023-05-11 18:00:00+00:00,2023-05-11 19:00:00+00:00,56595.935,2641.3825,6687.5575,304.25,44758.98,9633.19,0.7865965660866021,-0.6174672802835514,-1.0,-1.8369701987210294e-16,0.4338837391175582,-0.900968867902419,0,weekday,34.9
2023-05-12,2023,5,12,132,18,4,124.98,2023-05-12 18:00:00+00:00,2023-05-12 19:00:00+00:00,55307.8675,2766.79,12420.2325,539.2524999999999,49044.22,15726.275,0.7758587728069828,-0.6309066211876704,-1.0,-1.8369701987210294e-16,-0.433883739117558,-0.9009688679024191,0,weekday,33.95
2023-05-13,2023,5,13,133,18,5,119.32,2023-05-13 18:00:00+00:00,2023-05-13 19:00:00+00:00,46908.4075,2359.0225,7703.71,582.1949999999999,39896.68,10644.9275,0.7648913904341225,-0.6441592666722685,-1.0,-1.8369701987210294e-16,-0.9749279121818236,-0.2225209339563146,0,weekend,32.765
2023-05-14,2023,5,14,134,18,6,127.13,2023-05-14 18:00:00+00:00,2023-05-14 19:00:00+00:00,46403.4725,646.15,4017.7775,571.4025,34618.63,5235.33,0.753697664392914,-0.6572212950663319,-1.0,-1.8369701987210294e-16,-0.7818314824680299,0.6234898018587334,0,weekend,32.535
2023-05-15,2023,5,15,135,18,0,131.79,2023-05-15 18:00:00+00:00,2023-05-15 19:00:00+00:00,55888.475,3981.23,9358.76,608.85,46596.76,13948.84,0.742280907086982,-0.6700888411055113,-1.0,-1.8369701987210294e-16,0.0,1.0,0,weekday,32.305
2023-05-16,2023,5,16,136,18,1,110.09,2023-05-16 18:00:00+00:00,2023-05-16 19:00:00+00:00,56382.32,4533.1825,18893.6875,573.4925000000001,53755.28,24000.3625,0.7306444969184916,-0.6827580970759147,-1.0,-1.8369701987210294e-16,0.7818314824680298,0.6234898018587336,0,weekday,32.35
2023-05-17,2023,5,17,137,18,2,133.5,2023-05-17 18:00:00+00:00,2023-05-17 19:00:00+00:00,56462.96,1751.785,8073.764999999999,668.4675,43216.88,10494.0175,0.7187918772884232,-0.6952253139408722,-1.0,-1.8369701987210294e-16,0.9749279121818236,-0.2225209339563143,0,weekday,32.6
2023-05-18,2023,5,18,138,18,3,125.87,2023-05-18 18:00:00+00:00,2023-05-18 19:00:00+00:00,46540.9525,80.32,5223.77,760.9275,37596.0,6065.0175,0.7067265555776158,-0.7074868024503348,-1.0,-1.8369701987210294e-16,0.4338837391175582,-0.900968867902419,1,holiday,29.985
2023-05-19,2023,5,19,139,18,4,115.93,2023-05-19 18:00:00+00:00,2023-05-19 19:00:00+00:00,53596.81,2204.065,10883.625,781.1175000000001,43245.64,13868.8075,0.6944521021088763,-0.719538934232584,-1.0,-1.8369701987210294e-16,-0.433883739117558,-0.9009688679024191,0,weekday,30.175
2023-05-20,2023,5,20,140,18,5,87.69,2023-05-20 18:00:00+00:00,2023-05-20 19:00:00+00:00,47262.0575,3336.65,14697.9175,825.0125,44127.97,18859.58,0.6819721490904629,-0.7313781428679254,-1.0,-1.8369701987210294e-16,-0.9749279121818236,-0.2225209339563146,0,weekend,30.175
2023-05-21,2023,5,21,141,18,6,90.87,2023-05-21 18:00:00+00:00,2023-05-21 19:00:00+00:00,46085.255,4150.675,12976.5675,932.015,42445.56,18059.2575,0.6692903895412567,-0.7430009249440493,-1.0,-1.8369701987210294e-16,-0.7818314824680299,0.6234898018587334,0,weekend,30.1875
2023-05-22,2023,5,22,142,18,0,158.57,2023-05-22 18:00:00+00:00,2023-05-22 19:00:00+00:00,55767.1375,2411.725,7334.215,860.88,44825.6,10606.82,0.6564105761979381,-0.7544038410927472,-1.0,-1.8369701987210294e-16,0.0,1.0,0,weekday,30.2
2023-05-23,2023,5,23,143,18,1,100.95,2023-05-23 18:00:00+00:00,2023-05-23 19:00:00+00:00,56565.995,3794.405,20133.085,799.9325,54314.57,24727.4225,0.6433365204044917,-0.765583517007675,-1.0,-1.8369701987210294e-16,0.7818314824680298,0.6234898018587336,0,weekday,29.125
2023-05-24,2023,5,24,144,18,2,182.68,2023-05-24 18:00:00+00:00,2023-05-24 19:00:00+00:00,55666.8325,1610.125,4106.4275,980.3025,42658.62,6696.855,0.6300720909843687,-0.7765366444428655,-1.0,-1.8369701987210294e-16,0.9749279121818236,-0.2225209339563143,0,weekday,28.63
2023-05-25,2023,5,25,145,18,3,124.8,2023-05-25 18:00:00+00:00,2023-05-25 19:00:00+00:00,56307.715,3495.88,10827.3,1104.4025,45998.49,15427.5825,0.6166212130956382,-0.7872599821916922,-1.0,-1.8369701987210294e-16,0.4338837391175582,-0.900968867902419,0,weekday,26.9
2023-05-26,2023,5,26,146,18,4,115.62,2023-05-26 18:00:00+00:00,2023-05-26 19:00:00+00:00,54166.0975,1664.3575,10006.5225,1179.865,42256.76,12850.745,0.6029878670694714,-0.7977503570459932,-1.0,-1.8369701987210294e-16,-0.433883739117558,-0.9009688679024191,0,weekday,25.435
2023-05-27,2023,5,27,147,18,5,124.93,2023-05-27 18:00:00+00:00,2023-05-27 19:00:00+00:00,46587.39,64.765,2818.605,1208.1325,33406.09,4091.5025,0.5891760872322963,-0.8080046647350754,-1.0,-1.8369701987210294e-16,-0.9749279121818236,-0.2225209339563146,0,weekend,24.52
2023-05-28,2023,5,28,148,18,6,80.01,2023-05-28 18:00:00+00:00,2023-05-28 19:00:00+00:00,43334.845,2366.28,10515.3,1254.5075,37907.38,14136.0875,0.5751899607119775,-0.8180198708443174,-1.0,-1.8369701987210294e-16,-0.7818314824680299,0.6234898018587334,0,weekend,24.573666666666668
2023-05-29,2023,5,29,149,18,0,83.75,2023-05-29 18:00:00+00:00,2023-05-29 19:00:00+00:00,46457.255,3876.035,12547.83,1310.1625,40641.14,17734.027499999997,0.5610336262283677,-0.8277930117131022,-1.0,-1.8369701987210294e-16,0.0,1.0,1,holiday,24.627333333333333
2023-05-30,2023,5,30,150,18,1,154.56,2023-05-30 18:00:00+00:00,2023-05-30 19:00:00+00:00,55215.205,853.59,6097.3425,1311.3,43015.03,8262.2325,0.5467112728685939,-0.8373211953118121,-1.0,-1.8369701987210294e-16,0.7818314824680298,0.6234898018587336,0,weekday,24.681
2023-05-31,2023,5,31,151,18,2,119.6,2023-05-31 18:00:00+00:00,2023-05-31 19:00:00+00:00,55536.1125,3187.6825,10286.52,1337.065,43743.78,14811.2675,0.5322271388474397,-0.8466016020976267,-1.0,-1.8369701987210294e-16,0.9749279121818236,-0.2225209339563143,0,weekday,25.495
2023-06-01,2023,6,1,152,18,3,120.04,2023-06-01 18:00:00+00:00,2023-06-01 19:00:00+00:00,55955.71,4090.815,11128.855,1402.5075,45573.5,16622.1775,0.5175855102531889,-0.8556314858488706,-1.0,-1.8369701987210294e-16,0.4338837391175582,-0.900968867902419,0,weekday,25.2
2023-06-02,2023,6,2,153,18,4,110.5,2023-06-02 18:00:00+00:00,2023-06-02 19:00:00+00:00,53812.645,1358.2525,10403.2375,1383.2475,41750.37,13144.7375,0.5027907197793043,-0.8644081744776648,-1.0,-1.8369701987210294e-16,-0.433883739117558,-0.9009688679024191,0,weekday,23.75
2023-06-03,2023,6,3,154,18,5,94.9,2023-06-03 18:00:00+00:00,2023-06-03 19:00:00+00:00,46445.045,596.0425,7630.809999999999,1421.1425,35413.48,9647.995,0.4878471454423119,-0.8729290708206411,-1.0,-1.8369701987210294e-16,-0.9749279121818236,-0.2225209339563146,0,weekend,23.69
2023-06-04,2023,6,4,155,18,6,109.79,2023-06-04 18:00:00+00:00,2023-06-04 19:00:00+00:00,45045.3925,353.0475,6077.485,1506.675,34753.29,7937.207499999999,0.4727592092862775,-0.881191653407483,-1.0,-1.8369701987210294e-16,-0.7818314824680299,0.6234898018587334,0,weekend,23.97
2023-06-05,2023,6,5,156,18,0,157.37,2023-06-05 18:00:00+00:00,2023-06-05 19:00:00+00:00,55574.155,702.935,6638.13,1601.5925,43976.07,8942.657500000001,0.4575313760742512,-0.8891934772070711,-1.0,-1.8369701987210294e-16,0.0,1.0,0,weekday,24.25
2023-06-06,2023,6,6,157,18,1,152.4,2023-06-06 18:00:00+00:00,2023-06-06 19:00:00+00:00,55836.14,1224.5325,5972.16,1482.6575,43607.05,8679.35,0.442168151967072,-0.8969321743510065,-1.0,-1.8369701987210294e-16,0.7818314824680298,0.6234898018587336,0,weekday,28.3
2023-06-07,2023,6,7,158,18,2,147.7,2023-06-07 18:00:00+00:00,2023-06-07 19:00:00+00:00,55546.5175,1114.0775,4532.8575,1612.865,42854.88,7259.8,0.4266740831899246,-0.9044054548343,-1.0,-1.8369701987210294e-16,0.9749279121818236,-0.2225209339563143,0,weekday,25.35
2023-06-08,2023,6,8,159,18,3,113.84,2023-06-08 18:00:00+00:00,2023-06-08 19:00:00+00:00,49007.825,1752.0700000000002,5460.645,1652.485,37812.32,8865.2,0.4110537546870351,-0.911611107193024,-1.0,-1.8369701987210294e-16,0.4338837391175582,-0.900968867902419,0,weekday,26.55
2023-06-09,2023,6,9,160,18,4,106.45,2023-06-09 18:00:00+00:00,2023-06-09 19:00:00+00:00,52871.105,2602.04,13529.775,1630.8,45430.34,17762.614999999998,0.3953117887649151,-0.9185469991587164,-1.0,-1.8369701987210294e-16,-0.433883739117558,-0.9009688679024191,0,weekday,27.15
2023-06-10,2023,6,10,161,18,5,86.07,2023-06-10 18:00:00+00:00,2023-06-10 19:00:00+00:00,46596.1275,3720.375,17032.809999999998,1692.67,48717.56,22445.855,0.3794528437245443,-0.925211078289358,-1.0,-1.8369701987210294e-16,-0.9749279121818236,-0.2225209339563146,0,weekend,32.05
2023-06-11,2023,6,11,162,18,6,106.95,2023-06-11 18:00:00+00:00,2023-06-11 19:00:00+00:00,46903.72,4078.2025,13960.63,1708.77,44229.66,19747.6025,0.3634816124829063,-0.9316013725767188,-1.0,-1.8369701987210294e-16,-0.7818314824680299,0.6234898018587334,0,weekend,31.8275
2023-06-12,2023,6,12,163,18,0,142.89,2023-06-12 18:00:00+00:00,2023-06-12 19:00:00+00:00,55905.765,2873.1675,13340.91,1766.86,48753.52,17980.9375,0.3474028211842774,-0.9377159910299092,-1.0,-1.8369701987210294e-16,0.0,1.0,0,weekday,31.605
2023-06-13,2023,6,13,164,18,1,120.08,2023-06-13 18:00:00+00:00,2023-06-13 19:00:00+00:00,56799.0925,3171.205,14681.915,1870.5325,50054.91,19723.652500000004,0.3312212278016865,-0.9435531242349544,-1.0,-1.8369701987210294e-16,0.7818314824680298,0.6234898018587336,0,weekday,33.65
2023-06-14,2023,6,14,165,18,2,152.18,2023-06-14 18:00:00+00:00,2023-06-14 19:00:00+00:00,56578.665,2129.7625,7360.4675,1778.1950000000002,46714.4,11268.425,0.3149416207289519,-0.9491110448902284,-1.0,-1.8369701987210294e-16,0.9749279121818236,-0.2225209339563143,0,weekday,34.125
2023-06-15,2023,6,15,166,18,3,179.28,2023-06-15 18:00:00+00:00,2023-06-15 19:00:00+00:00,55638.71,1226.2725,4974.485000000001,1754.06,44651.37,7954.817500000001,0.2985688173637202,-0.9543881083175908,-1.0,-1.8369701987210294e-16,0.4338837391175582,-0.900968867902419,0,weekday,37.35
2023-06-16,2023,6,16,167,18,4,175.1,2023-06-16 18:00:00+00:00,2023-06-16 19:00:00+00:00,54826.7125,731.2875,4200.87,1729.615,42794.69,6661.7725,0.2821076626819194,-0.9593827529490744,-1.0,-1.8369701987210294e-16,-0.433883739117558,-0.9009688679024191,0,weekday,34.55
2023-06-17,2023,6,17,168,18,5,146.97,2023-06-17 18:00:00+00:00,2023-06-17 19:00:00+00:00,46320.78,186.825,1801.5275,1806.8825,33193.12,3795.235,0.2655630278040559,-0.9640935007889756,-1.0,-1.8369701987210294e-16,-0.9749279121818236,-0.2225209339563146,0,weekend,35.01
2023-06-18,2023,6,18,169,18,6,140.25,2023-06-18 18:00:00+00:00,2023-06-18 19:00:00+00:00,46207.665,1422.065,2941.71,1666.3725,35668.52,6030.147499999999,0.2489398085537665,-0.9685189578512204,-1.0,-1.8369701987210294e-16,-0.7818314824680299,0.6234898018587334,0,weekend,34.22333333333333
2023-06-19,2023,6,19,170,18,0,197.77,2023-06-19 18:00:00+00:00,2023-06-19 19:00:00+00:00,56240.8675,458.455,2634.1125,1808.07,44937.03,4900.6375,0.2322429240090701,-0.9726578145718654,-1.0,-1.8369701987210294e-16,0.0,1.0,0,weekday,33.43666666666667
2023-06-20,2023,6,20,171,18,1,165.08,2023-06-20 18:00:00+00:00,2023-06-20 19:00:00+00:00,56117.155,2904.9425,5297.055,1717.77,49112.01,9919.767500000002,0.2154773150467301,-0.976508846196619,-1.0,-1.8369701987210294e-16,0.7818314824680298,0.6234898018587336,0,weekday,32.65
2023-06-21,2023,6,21,172,18,2,190.71,2023-06-21 18:00:00+00:00,2023-06-21 19:00:00+00:00,56380.6225,475.215,2908.045,1716.4375,45395.0,5099.6975,0.1986479428801711,-0.9800709131432666,-1.0,-1.8369701987210294e-16,0.9749279121818236,-0.2225209339563143,0,weekday,36.8
2023-06-22,2023,6,22,173,18,3,155.0,2023-06-22 18:00:00+00:00,2023-06-22 19:00:00+00:00,57609.075,914.7275,13967.2975,992.4225,50948.3,15874.447500000002,0.1817597875913753,-0.9833429613388902,-1.0,-1.8369701987210294e-16,0.4338837391175582,-0.900968867902419,0,weekday,36.9
2023-06-23,2023,6,23,174,18,4,137.1,2023-06-23 18:00:00+00:00,2023-06-23 19:00:00+00:00,54791.4125,590.845,6688.2475,1719.795,40032.58,8998.8875,0.1648178466571979,-0.9863240225317866,-1.0,-1.8369701987210294e-16,-0.433883739117558,-0.9009688679024191,0,weekday,32.64
2023-06-24,2023,6,24,175,18,5,141.44,2023-06-24 18:00:00+00:00,2023-06-24 19:00:00+00:00,46302.94,531.9175,1539.025,1785.8000000000002,33790.98,3856.7425,0.1478271334705304,-0.9890132145779884,-1.0,-1.8369701987210294e-16,-0.9749279121818236,-0.2225209339563146,0,weekend,32.507
2023-06-25,2023,6,25,176,18,6,153.81,2023-06-25 18:00:00+00:00,2023-06-25 19:00:00+00:00,46502.4525,1342.87,890.97,1821.645,33321.88,4055.485,0.1307926758567592,-0.9914097417023038,-1.0,-1.8369701987210294e-16,-0.7818314824680299,0.6234898018587334,0,weekend,33.406
2023-06-26,2023,6,26,177,18,0,118.0,2023-06-26 18:00:00+00:00,2023-06-26 19:00:00+00:00,56647.1625,3285.6275,20171.3025,1759.74,52424.74,25216.67,0.1137195145859496,-0.9935128947338008,-1.0,-1.8369701987210294e-16,0.0,1.0,0,weekday,34.305
2023-06-27,2023,6,27,178,18,1,134.79,2023-06-27 18:00:00+00:00,2023-06-27 19:00:00+00:00,56085.65,2429.46,11925.6625,1543.815,47114.28,15898.937500000002,0.0966127018812031,-0.9953220513156602,-1.0,-1.8369701987210294e-16,0.7818314824680298,0.6234898018587336,0,weekday,32.905
2023-06-28,2023,6,28,179,18,2,167.62,2023-06-28 18:00:00+00:00,2023-06-28 19:00:00+00:00,53811.3775,593.6575,2141.05,1724.485,42551.62,4459.1925,0.0794772999236209,-0.9968366760893436,-1.0,-1.8369701987210294e-16,0.9749279121818236,-0.2225209339563143,0,weekday,33.8
2023-06-29,2023,6,29,180,18,3,171.58,2023-06-29 18:00:00+00:00,2023-06-29 19:00:00+00:00,53547.715,983.7075,1756.1725,1497.275,42719.3,4237.155000000001,0.062318379354325,-0.998056320853012,-1.0,-1.8369701987210294e-16,0.4338837391175582,-0.900968867902419,0,weekday,32.3
2023-06-30,2023,6,30,181,18,4,133.43,2023-06-30 18:00:00+00:00,2023-06-30 19:00:00+00:00,53742.56,676.775,2599.9425,1543.4075,36576.58,4820.125,0.0451410177739719,-0.998980624694158,-1.0,-1.8369701987210294e-16,-0.433883739117558,-0.9009688679024191,0,weekday,35.195
2023-07-01,2023,7,1,182,18,5,89.6,2023-07-01 18:00:00+00:00,2023-07-01 19:00:00+00:00,46469.065,4129.17,14438.1175,1017.3675,42300.89,19584.655,0.0279502982402103,-0.999609314096404,-1.0,-1.8369701987210294e-16,-0.9749279121818236,-0.2225209339563146,0,weekend,37.103
2023-07-02,2023,7,2,183,18,6,69.09,2023-07-02 18:00:00+00:00,2023-07-02 19:00:00+00:00,47428.6575,4589.95,22392.385,1914.715,50987.94,28897.05,0.0107513077635219,-0.9999422030204416,-1.0,-1.8369701987210294e-16,-0.7818314824680299,0.6234898018587334,0,weekend,37.4615
2023-07-03,2023,7,3,184,18,0,124.54,2023-07-03 18:00:00+00:00,2023-07-03 19:00:00+00:00,54392.6475,4204.9275,16694.5175,1801.28,50059.72,22700.725,-0.0064508641981051,-0.9999791929590824,-1.0,-1.8369701987210294e-16,0.0,1.0,0,weekday,37.82
2023-07-04,2023,7,4,185,18,1,173.99,2023-07-04 18:00:00+00:00,2023-07-04 19:00:00+00:00,54391.9275,2851.9225,5194.4475,1632.06,42157.26,9678.43,-0.0236511272452315,-0.9997202729664084,-1.0,-1.8369701987210294e-16,0.7818314824680298,0.6234898018587336,0,weekday,33.93
2023-07-05,2023,7,5,186,18,2,118.44,2023-07-05 18:00:00+00:00,2023-07-05 19:00:00+00:00,53520.365,3872.095,21821.9975,1780.395,55066.33,27474.487500000003,-0.0408443915432961,-0.9991655196610107,-1.0,-1.8369701987210294e-16,0.9749279121818236,-0.2225209339563143,0,weekday,33.825
2023-07-06,2023,7,6,187,18,3,184.13,2023-07-06 18:00:00+00:00,2023-07-06 19:00:00+00:00,53033.585,871.6075,1301.9325,1848.95,39380.26,4022.49,-0.0580255693287803,-0.9983150972033183,-1.0,-1.8369701987210294e-16,0.4338837391175582,-0.900968867902419,0,weekday,33.24
2023-07-07,2023,7,7,188,18,4,173.24,2023-07-07 18:00:00+00:00,2023-07-07 19:00:00+00:00,51324.65,1056.79,3344.1825,1860.965,36339.4,6261.9375,-0.0751895764147585,-0.9971692572470178,-1.0,-1.8369701987210294e-16,-0.433883739117558,-0.9009688679024191,0,weekday,33.3
2023-07-08,2023,7,8,189,18,5,128.76,2023-07-08 18:00:00+00:00,2023-07-08 19:00:00+00:00,44184.8275,2859.4925,4945.765,1845.5975,35897.77,9650.855,-0.0923313336953912,-0.9957283388645872,-1.0,-1.8369701987210294e-16,-0.9749279121818236,-0.2225209339563146,0,weekend,33.478
2023-07-09,2023,7,9,190,18,6,132.12,2023-07-09 18:00:00+00:00,2023-07-09 19:00:00+00:00,43156.8125,1340.09,6810.51,1671.675,36104.3,9822.275,-0.1094457686489155,-0.993992768446958,-1.0,-1.8369701987210294e-16,-0.7818314824680299,0.6234898018587334,0,weekend,33.153999999999996
2023-07-10,2023,7,10,191,18,0,176.01,2023-07-10 18:00:00+00:00,2023-07-10 19:00:00+00:00,53707.2925,952.0875,5717.0175,1633.6125,42909.62,8302.717499999999,-0.1265278168386831,-0.9919630595773395,-1.0,-1.8369701987210294e-16,0.0,1.0,0,weekday,32.83
2023-07-11,2023,7,11,192,18,1,180.99,2023-07-11 18:00:00+00:00,2023-07-11 19:00:00+00:00,53931.65,2117.53,5166.285,1532.8075,40935.53,8816.622500000001,-0.1435724234118113,-0.9896398128792412,-1.0,-1.8369701987210294e-16,0.7818314824680298,0.6234898018587336,0,weekday,29.93
2023-07-12,2023,7,12,193,18,2,146.26,2023-07-12 18:00:00+00:00,2023-07-12 19:00:00+00:00,54820.2325,2810.335,7177.795,1441.945,42706.59,11430.075,-0.1605745445949937,-0.9870237158387384,-1.0,-1.8369701987210294e-16,0.9749279121818236,-0.2225209339563143,0,weekday,28.455
2023-07-13,2023,7,13,194,18,3,130.86,2023-07-13 18:00:00+00:00,2023-07-13 19:00:00+00:00,55162.7625,2253.54,7294.8,1594.4175,42861.0,11142.7575,-0.1775291491870349,-0.984115542601034,-1.0,-1.8369701987210294e-16,0.4338837391175582,-0.900968867902419,0,weekday,26.885
2023-07-14,2023,7,14,195,18,4,139.92,2023-07-14 18:00:00+00:00,2023-07-14 19:00:00+00:00,52746.175,415.925,2440.8275,1514.8525,36243.2,4371.605,-0.1944312200476619,-0.9809161537413774,-1.0,-1.8369701987210294e-16,-0.433883739117558,-0.9009688679024191,0,weekday,27.57
2023-07-15,2023,7,15,196,18,5,88.36,2023-07-15 18:00:00+00:00,2023-07-15 19:00:00+00:00,46203.965,3494.045,14386.134999999998,1345.285,40315.91,19225.465,-0.2112757555821793,-0.9774264960104057,-1.0,-1.8369701987210294e-16,-0.9749279121818236,-0.2225209339563146,0,weekend,25.957
2023-07-16,2023,7,16,197,18,6,100.76,2023-07-16 18:00:00+00:00,2023-07-16 19:00:00+00:00,45755.3825,4191.8675,8713.8975,1529.605,37697.42,14435.37,-0.2280577712215198,-0.9736476020539838,-1.0,-1.8369701987210294e-16,-0.7818314824680299,0.6234898018587334,0,weekend,25.211
2023-07-17,2023,7,17,198,18,0,119.78,2023-07-17 18:00:00+00:00,2023-07-17 19:00:00+00:00,53950.0575,4203.84,14366.48,1397.9075,47467.49,19968.2275,-0.2447723008972595,-0.9695805901076308,-1.0,-1.8369701987210294e-16,0.0,1.0,0,weekday,24.465
2023-07-18,2023,7,18,199,18,1,188.0,2023-07-18 18:00:00+00:00,2023-07-18 19:00:00+00:00,53663.1975,483.1075,1318.3625,1341.3925,39530.74,3142.8625,-0.2614143985111562,-0.965226663665613,-1.0,-1.8369701987210294e-16,0.7818314824680298,0.6234898018587336,0,weekday,26.0
2023-07-19,2023,7,19,200,18,2,128.58,2023-07-19 18:00:00+00:00,2023-07-19 19:00:00+00:00,52623.9725,1475.0725,8041.1375,1217.0075,43122.72,10733.2175,-0.2779791393987801,-0.9605871111248128,-1.0,-1.8369701987210294e-16,0.9749279121818236,-0.2225209339563143,0,weekday,27.155
2023-07-20,2023,7,20,201,18,3,143.55,2023-07-20 18:00:00+00:00,2023-07-20 19:00:00+00:00,53211.3725,1472.575,3727.8425,1303.1,41291.58,6503.5175,-0.2944616217868012,-0.9556633054034704,-1.0,-1.8369701987210294e-16,0.4338837391175582,-0.900968867902419,0,weekday,25.54
2023-07-21,2023,7,21,202,18,4,132.38,2023-07-21 18:00:00+00:00,2023-07-21 19:00:00+00:00,51378.1475,1153.2275,3992.7275,1095.42,38884.42,6241.375,-0.3108569682435036,-0.9504567035349152,-1.0,-1.8369701987210294e-16,-0.433883739117558,-0.9009688679024191,0,weekday,30.0
2023-07-22,2023,7,22,203,18,5,106.83,2023-07-22 18:00:00+00:00,2023-07-22 19:00:00+00:00,44731.6025,2499.565,5154.41,1016.98,31031.44,8670.955,-0.3271603271220951,-0.9449688462364056,-1.0,-1.8369701987210294e-16,-0.9749279121818236,-0.2225209339563146,0,weekend,28.164
2023-07-23,2023,7,23,204,18,6,87.24,2023-07-23 18:00:00+00:00,2023-07-23 19:00:00+00:00,44844.91,3769.9675,21341.43,874.3875,45522.47,25985.785,-0.343366873996388,-0.939201357453208,-1.0,-1.8369701987210294e-16,-0.7818314824680299,0.6234898018587334,0,weekend,28.157
2023-07-24,2023,7,24,205,18,0,118.46,2023-07-24 18:00:00+00:00,2023-07-24 19:00:00+00:00,52103.2475,3256.9125,13920.125,1052.67,43136.1,18229.7075,-0.3594718130884232,-0.9331559438780432,-1.0,-1.8369701987210294e-16,0.0,1.0,0,weekday,28.15
2023-07-25,2023,7,25,206,18,1,119.04,2023-07-25 18:00:00+00:00,2023-07-25 19:00:00+00:00,51927.8975,3382.6775,10167.205,850.825,41240.69,14400.7075,-0.3754703786876202,-0.9268343944460494,-1.0,-1.8369701987210294e-16,0.7818314824680298,0.6234898018587336,0,weekday,30.22
2023-07-26,2023,7,26,207,18,2,120.58,2023-07-26 18:00:00+00:00,2023-07-26 19:00:00+00:00,50838.2725,3244.825,7230.55,1093.3475,38734.44,11568.7225,-0.3913578365610259,-0.9202385798054076,-1.0,-1.8369701987210294e-16,0.9749279121818236,-0.2225209339563143,0,weekday,32.78
2023-07-27,2023,7,27,208,18,3,109.97,2023-07-27 18:00:00+00:00,2023-07-27 19:00:00+00:00,50946.7,354.98749999999995,15360.2425,346.525,40809.46,16061.755,-0.4071294853542516,-0.9133704517637858,-1.0,-1.8369701987210294e-16,0.4338837391175582,-0.900968867902419,0,weekday,29.25
2023-07-28,2023,7,28,209,18,4,130.0,2023-07-28 18:00:00+00:00,2023-07-28 19:00:00+00:00,48882.56,319.8875,5051.345,816.255,34783.5,6187.4875,-0.4227806579826773,-0.9062320427107696,-1.0,-1.8369701987210294e-16,-0.433883739117558,-0.9009688679024191,0,weekday,27.275
2023-07-29,2023,7,29,210,18,5,99.93,2023-07-29 18:00:00+00:00,2023-07-29 19:00:00+00:00,42398.4025,1753.0375,8491.8,855.385,33780.53,11100.2225,-0.4383067230125192,-0.898825465016444,-1.0,-1.8369701987210294e-16,-0.9749279121818236,-0.2225209339563146,0,weekend,25.841
2023-07-30,2023,7,30,211,18,6,84.47,2023-07-30 18:00:00+00:00,2023-07-30 19:00:00+00:00,42236.6075,4311.775,15956.0475,926.5125,43174.72,21194.335000000003,-0.4537030860313442,-0.8911529104063088,-1.0,-1.8369701987210294e-16,-0.7818314824680299,0.6234898018587334,0,weekend,26.823
2023-07-31,2023,7,31,212,18,0,99.97,2023-07-31 18:00:00+00:00,2023-07-31 19:00:00+00:00,50174.1675,2773.1775,19650.9875,493.4975,45034.34,22917.6625,-0.4689651910076318,-0.8832166493127127,-1.0,-1.8369701987210294e-16,0.0,1.0,0,weekday,27.805
2023-08-01,2023,8,1,213,18,1,108.83,2023-08-01 18:00:00+00:00,2023-08-01 19:00:00+00:00,50216.3025,1741.4275,16656.1075,821.33,44730.99,19218.865,-0.4840885216389758,-0.8750190302029955,-1.0,-1.8369701987210294e-16,0.7818314824680298,0.6234898018587336,0,weekday,29.115
2023-08-02,2023,8,2,214,18,2,81.87,2023-08-02 18:00:00+00:00,2023-08-02 19:00:00+00:00,51470.31,3098.655,21904.0375,588.64,47726.2,25591.3325,-0.4990686026885319,-0.8665624788845385,-1.0,-1.8369701987210294e-16,0.9749279121818236,-0.2225209339563143,0,weekday,27.3
2023-08-03,2023,8,3,215,18,3,96.6,2023-08-03 18:00:00+00:00,2023-08-03 19:00:00+00:00,50411.3325,3867.545,20492.0725,634.6975,48774.59,24994.315,-0.5139010013093103,-0.8578494977869301,-1.0,-1.8369701987210294e-16,0.4338837391175582,-0.900968867902419,0,weekday,29.875
2023-08-04,2023,8,4,216,18,4,139.8,2023-08-04 18:00:00+00:00,2023-08-04 19:00:00+00:00,48380.1825,1997.69,4000.9725,636.1,37751.54,6634.762500000001,-0.5285813283559292,-0.8488826652214553,-1.0,-1.8369701987210294e-16,-0.433883739117558,-0.9009688679024191,0,weekday,29.5
2023-08-05,2023,8,5,217,18,5,128.99,2023-08-05 18:00:00+00:00,2023-08-05 19:00:00+00:00,41039.985,403.7375,3580.165,441.4075,32305.89,4425.31,-0.5431052396834317,-0.8396646346181327,-1.0,-1.8369701987210294e-16,-0.9749279121818236,-0.2225209339563146,0,weekend,28.853
2023-08-06,2023,8,6,218,18,6,76.85,2023-08-06 18:00:00+00:00,2023-08-06 19:00:00+00:00,40506.385,2166.67,14335.2125,345.95,40057.85,16847.8325,-0.5574684374327892,-0.8301981337405212,-1.0,-1.8369701987210294e-16,-0.7818314824680299,0.6234898018587334,0,weekend,29.326500000000003
2023-08-07,2023,8,7,219,18,0,30.71,2023-08-07 18:00:00+00:00,2023-08-07 19:00:00+00:00,51265.6,3939.3225,30068.3425,579.05,58676.27,34586.715000000004,-0.5716666713027052,-0.8204859638785327,-1.0,-1.8369701987210294e-16,0.0,1.0,0,weekday,29.8
2023-08-08,2023,8,8,220,18,1,83.96,2023-08-08 18:00:00+00:00,2023-08-08 19:00:00+00:00,51280.8325,3750.7725,23034.545,486.0775,55271.33,27271.395,-0.5856957398073508,-0.8105309990194823,-1.0,-1.8369701987210294e-16,0.7818314824680298,0.6234898018587336,0,weekday,29.81
2023-08-09,2023,8,9,221,18,2,139.08,2023-08-09 18:00:00+00:00,2023-08-09 19:00:00+00:00,49824.1575,3279.02,7788.9025,488.4375,42044.4,11556.36,-0.5995514915196489,-0.8003361849976323,-1.0,-1.8369701987210294e-16,0.9749279121818236,-0.2225209339563143,0,weekday,33.15
2023-08-10,2023,8,10,222,18,3,203.8,2023-08-10 18:00:00+00:00,2023-08-10 19:00:00+00:00,49518.345,796.105,1612.385,498.0075,36728.45,2906.4975,-0.6132298262997502,-0.7899045386224707,-1.0,-1.8369701987210294e-16,0.4338837391175582,-0.900968867902419,0,weekday,37.095
2023-08-11,2023,8,11,223,18,4,166.66,2023-08-11 18:00:00+00:00,2023-08-11 19:00:00+00:00,47756.7325,759.255,2081.86,487.3475,35706.14,3328.4625,-0.6267266965083301,-0.7792391467859886,-1.0,-1.8369701987210294e-16,-0.433883739117558,-0.9009688679024191,0,weekday,37.0
2023-08-12,2023,8,12,224,18,5,111.16,2023-08-12 18:00:00+00:00,2023-08-12 19:00:00+00:00,42696.625,1993.175,6388.0725,370.8925,31764.07,8752.14,-0.6400381082043503,-0.7683431655492202,-1.0,-1.8369701987210294e-16,-0.9749279121818236,-0.2225209339563146,0,weekend,35.3
2023-08-13,2023,8,13,225,18,6,116.02,2023-08-13 18:00:00+00:00,2023-08-13 19:00:00+00:00,42489.155,1028.7675,1198.6225,358.3775,30134.55,2585.7675,-0.65316012232693,-0.7572198192083127,-1.0,-1.8369701987210294e-16,-0.7818314824680299,0.6234898018587334,0,weekend,35.974999999999994
2023-08-14,2023,8,14,226,18,0,161.07,2023-08-14 18:00:00+00:00,2023-08-14 19:00:00+00:00,50271.08500000001,1370.47,3090.3125,339.0675,37077.4,4799.85,-0.666088855860977,-0.7458723993404063,-1.0,-1.8369701987210294e-16,0.0,1.0,0,weekday,36.65
2023-08-15,2023,8,15,227,18,1,142.61,2023-08-15 18:00:00+00:00,2023-08-15 19:00:00+00:00,53031.8375,2254.8575,3265.975,303.0675,36880.97,5823.900000000001,-0.6788204829862355,-0.734304263829602,-1.0,-1.8369701987210294e-16,0.7818314824680298,0.6234898018587336,0,weekday,36.835
2023-08-16,2023,8,16,228,18,2,160.03,2023-08-16 18:00:00+00:00,2023-08-16 19:00:00+00:00,50060.065,244.0775,4712.695,255.845,38519.61,5212.6175,-0.6913512362094071,-0.722518835873311,-1.0,-1.8369701987210294e-16,0.9749279121818236,-0.2225209339563143,0,weekday,41.83
2023-08-17,2023,8,17,229,18,3,145.62,2023-08-17 18:00:00+00:00,2023-08-17 19:00:00+00:00,49954.9675,2445.145,7865.025,198.715,40423.21,10508.885,-0.7036774074790128,-0.7105196029692745,-1.0,-1.8369701987210294e-16,0.4338837391175582,-0.900968867902419,0,weekday,37.15
2023-08-18,2023,8,18,230,18,4,150.24,2023-08-18 18:00:00+00:00,2023-08-18 19:00:00+00:00,50192.585,3586.55,5146.157499999999,246.54,39388.74,8979.247500000001,-0.7157953492826642,-0.6983101158835584,-1.0,-1.8369701987210294e-16,-0.433883739117558,-0.9009688679024191,0,weekday,36.265
2023-08-19,2023,8,19,231,18,5,129.19,2023-08-19 18:00:00+00:00,2023-08-19 19:00:00+00:00,43570.8225,1894.0225,4367.4275,191.5375,33835.24,6452.9875,-0.7277014757264236,-0.6858939875998223,-1.0,-1.8369701987210294e-16,-0.9749279121818236,-0.2225209339563146,0,weekend,36.41
2023-08-20,2023,8,20,232,18,6,140.0,2023-08-20 18:00:00+00:00,2023-08-20 19:00:00+00:00,43546.975,694.6125,2006.14,198.94,31584.6,2899.6925,-0.7393922635959241,-0.673274892250183,-1.0,-1.8369701987210294e-16,-0.7818314824680299,0.6234898018587334,0,weekend,37.4925
2023-08-21,2023,8,21,233,18,0,203.45,2023-08-21 18:00:00+00:00,2023-08-21 19:00:00+00:00,52468.9175,392.21,1827.61,174.675,40720.88,2394.495,-0.7508642533989489,-0.6604565640279754,-1.0,-1.8369701987210294e-16,0.0,1.0,0,weekday,38.575
2023-08-22,2023,8,22,234,18,1,206.48,2023-08-22 18:00:00+00:00,2023-08-22 19:00:00+00:00,52056.76,903.6375,2683.535,157.9525,43233.42,3745.125,-0.7621140503891487,-0.6474427960827475,-1.0,-1.8369701987210294e-16,0.7818314824680298,0.6234898018587336,0,weekday,39.355
2023-08-23,2023,8,23,235,18,2,291.93,2023-08-23 18:00:00+00:00,2023-08-23 19:00:00+00:00,52746.925,548.365,2063.4525,141.865,44057.2,2753.6825,-0.7731383255706026,-0.6342374393978054,-1.0,-1.8369701987210294e-16,0.9749279121818236,-0.2225209339563143,0,weekday,41.65
2023-08-24,2023,8,24,236,18,3,249.29,2023-08-24 18:00:00+00:00,2023-08-24 19:00:00+00:00,53542.335,1065.025,5965.9475,99.8425,47111.78,7130.815,-0.7839338166829201,-0.620844401650647,-1.0,-1.8369701987210294e-16,0.4338837391175582,-0.900968867902419,0,weekday,33.165
2023-08-25,2023,8,25,237,18,4,151.43,2023-08-25 18:00:00+00:00,2023-08-25 19:00:00+00:00,51487.2075,151.3225,4496.1975,89.5225,40330.52,4737.0425000000005,-0.7944973291665992,-0.6072676460566135,-1.0,-1.8369701987210294e-16,-0.433883739117558,-0.9009688679024191,0,weekday,34.3
2023-08-26,2023,8,26,238,18,5,132.21,2023-08-26 18:00:00+00:00,2023-08-26 19:00:00+00:00,43962.595,1096.7575,2486.0725,75.0475,33691.49,3657.8775,-0.8048257371083452,-0.593511190196115,-1.0,-1.8369701987210294e-16,-0.9749279121818236,-0.2225209339563146,0,weekend,34.775
2023-08-27,2023,8,27,239,18,6,125.08,2023-08-27 18:00:00+00:00,2023-08-27 19:00:00+00:00,44054.875,484.8025,4517.145,76.1525,33136.28,5078.1,-0.8149159841660791,-0.5795791048257612,-1.0,-1.8369701987210294e-16,-0.7818314824680299,0.6234898018587334,0,weekend,35.135
2023-08-28,2023,8,28,240,18,0,166.73,2023-08-28 18:00:00+00:00,2023-08-28 19:00:00+00:00,52844.1125,319.6825,3177.7475,54.3125,42783.19,3551.7425,-0.8247650844733614,-0.5654755126737576,-1.0,-1.8369701987210294e-16,0.0,1.0,0,weekday,35.495
2023-08-29,2023,8,29,241,18,1,162.5,2023-08-29 18:00:00+00:00,2023-08-29 19:00:00+00:00,52844.7575,405.6425,2325.1725,51.3425,42579.31,2782.1575000000003,-0.8343701235229538,-0.5512045872199277,-1.0,-1.8369701987210294e-16,0.7818314824680298,0.6234898018587336,0,weekday,36.885
2023-08-30,2023,8,30,242,18,2,168.09,2023-08-30 18:00:00+00:00,2023-08-30 19:00:00+00:00,53003.995,290.42,4667.8075,31.8525,43292.13,4990.08,-0.8437282590292712,-0.5367705514607103,-1.0,-1.8369701987210294e-16,0.9749279121818236,-0.2225209339563143,0,weekday,34.425
2023-08-31,2023,8,31,243,18,3,139.15,2023-08-31 18:00:00+00:00,2023-08-31 19:00:00+00:00,53696.7125,1949.9825,8664.6675,31.04,45454.57,10645.69,-0.8528367217694595,-0.522177676659508,-1.0,-1.8369701987210294e-16,0.4338837391175582,-0.900968867902419,0,weekday,39.0
2023-09-01,2023,9,1,244,18,4,147.34,2023-09-01 18:00:00+00:00,2023-09-01 19:00:00+00:00,52359.97,472.35,2552.8825,26.2375,38374.21,3051.4700000000003,-0.8616928164028522,-0.5074302810827518,-1.0,-1.8369701987210294e-16,-0.433883739117558,-0.9009688679024191,0,weekday,35.75
2023-09-02,2023,9,2,245,18,5,126.8,2023-09-02 18:00:00+00:00,2023-09-02 19:00:00+00:00,43350.975,554.355,1739.5975,27.4275,31411.77,2321.38,-0.8702939222685674,-0.4925327287220543,-1.0,-1.8369701987210294e-16,-0.9749279121818236,-0.2225209339563146,0,weekend,35.617
2023-09-03,2023,9,3,246,18,6,138.59,2023-09-03 18:00:00+00:00,2023-09-03 19:00:00+00:00,43932.07,832.9375,2494.5175,20.99,31582.1,3348.445,-0.8786374941610001,-0.4774894280028391,-1.0,-1.8369701987210294e-16,-0.7818314824680299,0.6234898018587334,0,weekend,35.827999999999996
2023-09-04,2023,9,4,247,18,0,172.77,2023-09-04 18:00:00+00:00,2023-09-04 19:00:00+00:00,53648.9225,416.935,6837.675,27.0875,42405.43,7281.6975,-0.886721063082993,-0.4623048304798108,-1.0,-1.8369701987210294e-16,0.0,1.0,0,weekday,36.039
2023-09-05,2023,9,5,248,18,1,154.53,2023-09-05 18:00:00+00:00,2023-09-05 19:00:00+00:00,54100.9,1134.275,5671.2625,14.5225,43152.28,6820.06,-0.8945422369764496,-0.4469834295196741,-1.0,-1.8369701987210294e-16,0.7818314824680298,0.6234898018587336,0,weekday,36.25
2023-09-06,2023,9,6,249,18,2,166.04,2023-09-06 18:00:00+00:00,2023-09-06 19:00:00+00:00,53669.3925,1229.1875,8964.2025,14.745,45698.93,10208.135,-0.9020987014301836,-0.4315297589714714,-1.0,-1.8369701987210294e-16,0.9749279121818236,-0.2225209339563143,0,weekday,33.68
2023-09-07,2023,9,7,250,18,3,146.73,2023-09-07 18:00:00+00:00,2023-09-07 19:00:00+00:00,54043.43,3731.7825,15042.77,11.7275,53412.5,18786.28,-0.9093882203647924,-0.4159483918249421,-1.0,-1.8369701987210294e-16,0.4338837391175582,-0.900968867902419,0,weekday,30.955
2023-09-08,2023,9,8,251,18,4,195.55,2023-09-08 18:00:00+00:00,2023-09-08 19:00:00+00:00,52160.52,705.1125,4715.4025,11.0125,41479.16,5431.5275,-0.9164086366943458,-0.4002439388573056,-1.0,-1.8369701987210294e-16,-0.433883739117558,-0.9009688679024191,0,weekday,35.09
2023-09-09,2023,9,9,252,18,5,156.51,2023-09-09 18:00:00+00:00,2023-09-09 19:00:00+00:00,43965.0325,301.85,1458.945,9.4525,34076.72,1770.2475000000002,-0.923157872964704,-0.3844210472688554,-1.0,-1.8369701987210294e-16,-0.9749279121818236,-0.2225209339563146,0,weekend,34.51
2023-09-10,2023,9,10,253,18,6,151.9,2023-09-10 18:00:00+00:00,2023-09-10 19:00:00+00:00,43701.45,336.6825,1197.8825,9.1325,35202.26,1543.6975,-0.9296339319682696,-0.3684843993077793,-1.0,-1.8369701987210294e-16,-0.7818314824680299,0.6234898018587334,0,weekend,35.525
2023-09-11,2023,9,11,254,18,0,448.13,2023-09-11 18:00:00+00:00,2023-09-11 19:00:00+00:00,53750.9675,350.435,1707.77,0.0,39890.71,2058.205,-0.935834897334994,-0.3524387108846032,-1.0,-1.8369701987210294e-16,0.0,1.0,0,weekday,36.54
2023-09-12,2023,9,12,255,18,1,185.62,2023-09-12 18:00:00+00:00,2023-09-12 19:00:00+00:00,53993.14,2543.2875,3359.775,0.0,45217.93,5903.0625,-0.9417589340994617,-0.3362887301766828,-1.0,-1.8369701987210294e-16,0.7818314824680298,0.6234898018587336,0,weekday,35.13
2023-09-13,2023,9,13,256,18,2,141.67,2023-09-13 18:00:00+00:00,2023-09-13 19:00:00+00:00,55428.43,1962.5975,9312.345,0.0,45111.17,11274.9425,-0.9474042892438844,-0.3200392362231385,-1.0,-1.8369701987210294e-16,0.9749279121818236,-0.2225209339563143,0,weekday,35.27
2023-09-14,2023,9,14,257,18,3,185.8,2023-09-14 18:00:00+00:00,2023-09-14 19:00:00+00:00,55791.2,871.6375,1871.5775,0.0,44557.73,2743.215,-0.9527692922168512,-0.3036950375106588,-1.0,-1.8369701987210294e-16,0.4338837391175582,-0.900968867902419,0,weekday,37.45
2023-09-15,2023,9,15,258,18,4,142.75,2023-09-15 18:00:00+00:00,2023-09-15 19:00:00+00:00,52748.16,539.6225000000001,8501.835,0.0,45576.09,9041.4575,-0.9578523554276668,-0.2872609705505963,-1.0,-1.8369701987210294e-16,-0.433883739117558,-0.9009688679024191,0,weekday,35.13
2023-09-16,2023,9,16,259,18,5,143.62,2023-09-16 18:00:00+00:00,2023-09-16 19:00:00+00:00,46793.5775,550.0425,2128.0375,0.0,33510.77,2678.08,-0.9626519747161488,-0.2707418984477642,-1.0,-1.8369701987210294e-16,-0.9749279121818236,-0.2225209339563146,0,weekend,36.485
2023-09-17,2023,9,17,260,18,6,126.81,2023-09-17 18:00:00+00:00,2023-09-17 19:00:00+00:00,46426.0275,2612.175,9928.4,0.0,39341.45,12540.575,-0.9671667297977312,-0.2541427094613622,-1.0,-1.8369701987210294e-16,-0.7818314824680299,0.6234898018587334,0,weekend,35.489999999999995
2023-09-18,2023,9,18,261,18,0,125.63,2023-09-18 18:00:00+00:00,2023-09-18 19:00:00+00:00,55635.03,5313.745000000001,15131.05,0.0,47889.13,20444.795,-0.97139528468375,-0.2374683155584684,-1.0,-1.8369701987210294e-16,0.0,1.0,0,weekday,34.495
2023-09-19,2023,9,19,262,18,1,109.64,2023-09-19 18:00:00+00:00,2023-09-19 19:00:00+00:00,55564.7625,4603.3375,25985.9725,0.0,58374.12,30589.31,-0.9753363880767836,-0.2207236509605022,-1.0,-1.8369701987210294e-16,0.7818314824680298,0.6234898018587336,0,weekday,34.25
2023-09-20,2023,9,20,263,18,2,122.4,2023-09-20 18:00:00+00:00,2023-09-20 19:00:00+00:00,54069.5225,3611.07,14213.7,0.0,46634.91,17824.77,-0.978988873740932,-0.2039136706831147,-1.0,-1.8369701987210294e-16,0.9749279121818236,-0.2225209339563143,0,weekday,38.575
2023-09-21,2023,9,21,264,18,3,154.8,2023-09-21 18:00:00+00:00,2023-09-21 19:00:00+00:00,53845.3425,1447.905,10059.9125,0.0,44288.88,11507.8175,-0.9823516608469236,-0.1870433490699165,-1.0,-1.8369701987210294e-16,0.4338837391175582,-0.900968867902419,0,weekday,35.695
2023-09-22,2023,9,22,265,18,4,133.45,2023-09-22 18:00:00+00:00,2023-09-22 19:00:00+00:00,51760.0175,2266.975,9745.2575,0.0,45437.48,12012.2325,-0.9854237542919524,-0.1701176783204905,-1.0,-1.8369701987210294e-16,-0.433883739117558,-0.9009688679024191,0,weekday,39.915
2023-09-23,2023,9,23,266,18,5,145.0,2023-09-23 18:00:00+00:00,2023-09-23 19:00:00+00:00,46052.7775,2630.565,8768.6525,0.0,37296.88,11399.2175,-0.9882042449941422,-0.15314166701312,-1.0,-1.8369701987210294e-16,-0.9749279121818236,-0.2225209339563146,0,weekend,39.791
2023-09-24,2023,9,24,267,18,6,134.98,2023-09-24 18:00:00+00:00,2023-09-24 19:00:00+00:00,43951.24,3554.5275,5773.4075,0.0,35804.9,9327.935,-0.9906923101615608,-0.136120338622667,-1.0,-1.8369701987210294e-16,-0.7818314824680299,0.6234898018587334,0,weekend,39.632999999999996
2023-09-25,2023,9,25,268,18,0,249.39,2023-09-25 18:00:00+00:00,2023-09-25 19:00:00+00:00,53456.045,1347.52,3371.0150000000003,0.0,43767.74,4718.535,-0.9928872135356962,-0.1190587300340498,-1.0,-1.8369701987210294e-16,0.0,1.0,0,weekday,39.475
2023-09-26,2023,9,26,269,18,1,160.34,2023-09-26 18:00:00+00:00,2023-09-26 19:00:00+00:00,54143.6275,2107.5525,3764.415,0.0,43647.07,5871.9675,-0.994788305609327,-0.1019618900517457,-1.0,-1.8369701987210294e-16,0.7818314824680298,0.6234898018587336,0,weekday,42.85
2023-09-27,2023,9,27,270,18,2,142.08,2023-09-27 18:00:00+00:00,2023-09-27 19:00:00+00:00,55513.38,2363.04,6879.0675,0.0,46565.33,9242.1075,-0.9963950238187232,-0.0848348779057653,-1.0,-1.8369701987210294e-16,0.9749279121818236,-0.2225209339563143,0,weekday,39.0
2023-09-28,2023,9,28,271,18,3,156.51,2023-09-28 18:00:00+00:00,2023-09-28 19:00:00+00:00,56585.3575,2183.3,2056.6225,0.0,43579.57,4239.922500000001,-0.9977068927101168,-0.0676827617545516,-1.0,-1.8369701987210294e-16,0.4338837391175582,-0.900968867902419,0,weekday,40.63
2023-09-29,2023,9,29,272,18,4,132.94,2023-09-29 18:00:00+00:00,2023-09-29 19:00:00+00:00,54944.185,4203.995,14421.635,0.0,48125.27,18625.63,-0.9987235240803972,-0.0505106171852228,-1.0,-1.8369701987210294e-16,-0.433883739117558,-0.9009688679024191,0,weekday,43.0
2023-09-30,2023,9,30,273,18,5,134.1,2023-09-30 18:00:00+00:00,2023-09-30 19:00:00+00:00,44941.7675,1589.48,3959.1175,0.0,32862.91,5548.5975,-0.9994446170919858,-0.0333235257116313,-1.0,-1.8369701987210294e-16,-0.9749279121818236,-0.2225209339563146,0,weekend,41.859
2023-10-01,2023,10,1,274,18,6,130.0,2023-10-01 18:00:00+00:00,2023-10-01 19:00:00+00:00,45276.5725,2476.1225,8229.3875,0.0,37549.14,10705.51,-0.9998699583618592,-0.0161265732706577,-1.0,-1.8369701987210294e-16,-0.7818314824680299,0.6234898018587334,0,weekend,41.2345
2023-10-02,2023,10,2,275,18,0,160.07,2023-10-02 18:00:00+00:00,2023-10-02 19:00:00+00:00,53789.7,402.645,3752.85,0.0,42059.64,4155.495,-0.9999994220246924,0.0010751512827982,-1.0,-1.8369701987210294e-16,0.0,1.0,0,weekday,40.61
2023-10-03,2023,10,3,276,18,1,47.51,2023-10-03 18:00:00+00:00,2023-10-03 19:00:00+00:00,46731.3725,3871.895,31646.825,0.0,56924.29,35518.72,-0.999832969770105,0.0182765576816912,-1.0,-1.8369701987210294e-16,0.7818314824680298,0.6234898018587336,1,holiday,37.89
2023-10-04,2023,10,4,277,18,2,116.1,2023-10-04 18:00:00+00:00,2023-10-04 19:00:00+00:00,55766.48,4406.7475,17366.0775,0.0,54642.61,21772.825,-0.9993706508539968,0.0354725557531255,-1.0,-1.8369701987210294e-16,0.9749279121818236,-0.2225209339563143,0,weekday,37.6
2023-10-05,2023,10,5,278,18,3,139.4,2023-10-05 18:00:00+00:00,2023-10-05 19:00:00+00:00,57204.115,2331.1875,7123.635,0.0,45041.22,9454.8225,-0.9986126020839734,0.052658056924614,-1.0,-1.8369701987210294e-16,0.4338837391175582,-0.900968867902419,0,weekday,37.62
2023-10-06,2023,10,6,279,18,4,101.0,2023-10-06 18:00:00+00:00,2023-10-06 19:00:00+00:00,54321.927500000005,4178.5525,26789.2,0.0,59472.35,30967.7525,-0.9975590477788612,0.0698279757298708,-1.0,-1.8369701987210294e-16,-0.433883739117558,-0.9009688679024191,0,weekday,36.0
2023-10-07,2023,10,7,280,18,5,100.0,2023-10-07 18:00:00+00:00,2023-10-07 19:00:00+00:00,46338.0825,2100.525,20186.8625,0.0,48762.47,22287.3875,-0.9962102997023295,0.0869772313136861,-1.0,-1.8369701987210294e-16,-0.9749279121818236,-0.2225209339563146,0,weekend,38.231
2023-10-08,2023,10,8,281,18,6,131.85,2023-10-08 18:00:00+00:00,2023-10-08 19:00:00+00:00,46965.825,569.5325,1566.385,0.0,34268.67,2135.9175,-0.9945667569706336,0.1041007489354256,-1.0,-1.8369701987210294e-16,-0.7818314824680299,0.6234898018587334,0,weekend,39.700500000000005
2023-10-09,2023,10,9,282,18,0,184.5,2023-10-09 18:00:00+00:00,2023-10-09 19:00:00+00:00,56138.465,393.305,7218.7675,0.0,50426.47,7612.0725,-0.9926289059345096,0.121193461470736,-1.0,-1.8369701987210294e-16,0.0,1.0,0,weekday,41.17
2023-10-10,2023,10,10,283,18,1,104.78,2023-10-10 18:00:00+00:00,2023-10-10 19:00:00+00:00,55843.0025,4898.6825,17314.455,0.0,57599.73,22213.1375,-0.9903973200352558,0.1382503109109819,-1.0,-1.8369701987210294e-16,0.7818314824680298,0.6234898018587336,0,weekday,46.01
2023-10-11,2023,10,11,284,18,2,122.55,2023-10-11 18:00:00+00:00,2023-10-11 19:00:00+00:00,58876.84,4314.195,27919.6675,0.0,61358.48,32233.8625,-0.9878726596350428,0.1552662498599956,-1.0,-1.8369701987210294e-16,0.9749279121818236,-0.2225209339563143,0,weekday,48.685
2023-10-12,2023,10,12,285,18,3,151.27,2023-10-12 18:00:00+00:00,2023-10-12 19:00:00+00:00,57571.765,967.185,6399.85,0.0,52109.84,7367.035,-0.9850556718215012,0.172236243027682,-1.0,-1.8369701987210294e-16,0.4338837391175582,-0.900968867902419,0,weekday,45.795
2023-10-13,2023,10,13,286,18,4,15.94,2023-10-13 18:00:00+00:00,2023-10-13 19:00:00+00:00,55767.5375,4305.9575,37095.805,0.0,65350.94,41401.7625,-0.981947190186646,0.1891552687200409,-1.0,-1.8369701987210294e-16,-0.433883739117558,-0.9009688679024191,0,weekday,53.31
2023-10-14,2023,10,14,287,18,5,96.91,2023-10-14 18:00:00+00:00,2023-10-14 19:00:00+00:00,48684.8325,4236.7575,25488.405,0.0,57566.72,29725.1625,-0.9785481345802032,0.2060183203251708,-1.0,-1.8369701987210294e-16,-0.9749279121818236,-0.2225209339563146,0,weekend,53.982
2023-10-15,2023,10,15,288,18,6,132.26,2023-10-15 18:00:00+00:00,2023-10-15 19:00:00+00:00,47811.4925,4936.605,20099.5425,0.0,51411.69,25036.1475,-0.9748595108374124,0.2228204077947995,-1.0,-1.8369701987210294e-16,-0.7818314824680299,0.6234898018587334,0,weekend,53.323499999999996
2023-10-16,2023,10,16,289,18,0,159.94,2023-10-16 18:00:00+00:00,2023-10-16 19:00:00+00:00,59061.1075,523.515,3852.44,0.0,50763.22,4375.955,-0.9708824104813836,0.239556559120927,-1.0,-1.8369701987210294e-16,0.0,1.0,0,weekday,52.665
2023-10-17,2023,10,17,290,18,1,129.97,2023-10-17 18:00:00+00:00,2023-10-17 19:00:00+00:00,59383.255,812.065,8644.945,0.0,51322.9,9457.01,-0.9666180104000972,0.2562218218071163,-1.0,-1.8369701987210294e-16,0.7818314824680298,0.6234898018587336,0,weekday,48.21
2023-10-18,2023,10,18,291,18,2,96.81,2023-10-18 18:00:00+00:00,2023-10-18 19:00:00+00:00,58603.26,4230.3925,24749.6225,0.0,58742.91,28980.015,-0.9620675724981452,0.2728112643340191,-1.0,-1.8369701987210294e-16,0.9749279121818236,-0.2225209339563143,0,weekday,48.9
2023-10-19,2023,10,19,292,18,3,116.79,2023-10-19 18:00:00+00:00,2023-10-19 19:00:00+00:00,57928.635,4447.6875,20407.51,0.0,58400.82,24855.1975,-0.957232443323312,0.2893199776186952,-1.0,-1.8369701987210294e-16,0.4338837391175582,-0.900968867902419,0,weekday,48.93
2023-10-20,2023,10,20,293,18,4,101.94,2023-10-20 18:00:00+00:00,2023-10-20 19:00:00+00:00,56422.9175,3030.775,25677.37,0.0,53582.59,28708.145,-0.9521140536681102,0.3057430764672831,-1.0,-1.8369701987210294e-16,-0.433883739117558,-0.9009688679024191,0,weekday,52.845
2023-10-21,2023,10,21,294,18,5,90.21,2023-10-21 18:00:00+00:00,2023-10-21 19:00:00+00:00,47664.4,4758.047500000001,19077.8775,0.0,47529.86,23835.925,-0.9467139181463862,0.3220757010206104,-1.0,-1.8369701987210294e-16,-0.9749279121818236,-0.2225209339563146,0,weekend,51.112
2023-10-22,2023,10,22,295,18,6,126.05,2023-10-22 18:00:00+00:00,2023-10-22 19:00:00+00:00,47371.47,3798.885,12257.585,0.0,45175.98,16056.47,-0.9410336347451196,0.3383130181923076,-1.0,-1.8369701987210294e-16,-0.7818314824680299,0.6234898018587334,0,weekend,49.671
2023-10-23,2023,10,23,296,18,0,127.33,2023-10-23 18:00:00+00:00,2023-10-23 19:00:00+00:00,57880.6075,881.0,12503.7625,0.0,53350.23,13384.7625,-0.9350748843515574,0.3544502230989869,-1.0,-1.8369701987210294e-16,0.0,1.0,0,weekday,48.23
2023-10-24,2023,10,24,297,18,1,133.45,2023-10-24 18:00:00+00:00,2023-10-24 19:00:00+00:00,57866.285,5154.512500000001,9488.425,0.0,54589.57,14642.9375,-0.9288394302558068,0.3704825404820963,-1.0,-1.8369701987210294e-16,0.7818314824680298,0.6234898018587336,0,weekday,50.6
2023-10-25,2023,10,25,298,18,2,137.08,2023-10-25 18:00:00+00:00,2023-10-25 19:00:00+00:00,57873.48,2793.9825,14628.9375,0.0,56332.16,17422.92,-0.9223291176290545,0.3864052261209853,-1.0,-1.8369701987210294e-16,0.9749279121818236,-0.2225209339563143,0,weekday,50.28
2023-10-26,2023,10,26,299,18,3,130.72,2023-10-26 18:00:00+00:00,2023-10-26 19:00:00+00:00,57532.03,4434.95,5730.995,0.0,50524.15,10165.945,-0.9155458729775467,0.4022135682368036,-1.0,-1.8369701987210294e-16,0.4338837391175582,-0.900968867902419,0,weekday,51.0
2023-10-27,2023,10,27,300,18,4,120.89,2023-10-27 18:00:00+00:00,2023-10-27 19:00:00+00:00,55348.7075,4097.665,10657.4775,0.0,49932.74,14755.142500000002,-0.9084917035725082,0.4179028888867866,-1.0,-1.8369701987210294e-16,-0.433883739117558,-0.9009688679024191,0,weekday,51.0
2023-10-28,2023,10,28,301,18,5,90.35,2023-10-28 18:00:00+00:00,2023-10-28 19:00:00+00:00,49407.442500000005,4070.215,15682.6,0.0,44145.16,19752.815,-0.9011686968561567,0.4334685453485363,-1.0,-1.8369701987210294e-16,-0.9749279121818236,-0.2225209339563146,0,weekend,50.53
2023-10-29,2023,10,29,302,18,6,67.37,2023-10-29 18:00:00+00:00,2023-10-29 19:00:00+00:00,49856.5075,4808.014999999999,25648.105,0.0,51017.45,30456.12,-0.8935790198239952,0.4489059314938798,-1.0,-1.8369701987210294e-16,-0.7818314824680299,0.6234898018587334,0,weekend,52.4775
2023-10-30,2023,10,30,303,18,0,151.1,2023-10-30 18:00:00+00:00,2023-10-30 19:00:00+00:00,60648.9675,2211.9175,8907.855,0.0,50238.47,11119.7725,-0.8857249183835637,0.4642104791518923,-1.0,-1.8369701987210294e-16,0.0,1.0,0,weekday,54.425
2023-10-31,2023,10,31,304,18,1,152.92,2023-10-31 18:00:00+00:00,2023-10-31 19:00:00+00:00,58574.245,1341.3125,11651.0275,0.0,48555.88,12992.34,-0.8776087166898392,0.4793776594606945,-1.0,-1.8369701987210294e-16,0.7818314824680298,0.6234898018587336,0,weekday,51.49
2023-11-01,2023,11,1,305,18,2,66.57,2023-11-01 18:00:00+00:00,2023-11-01 19:00:00+00:00,53902.765,5124.535,27684.8,0.0,57843.28,32809.335,-0.8692328164574792,0.4944029842076181,-1.0,-1.8369701987210294e-16,0.9749279121818236,-0.2225209339563143,0,weekday,46.59
2023-11-02,2023,11,2,306,18,3,93.84,2023-11-02 18:00:00+00:00,2023-11-02 19:00:00+00:00,61312.4325,4348.1,28076.54,0.0,60996.96,32424.64,-0.8605996962501181,0.5092820071573356,-1.0,-1.8369701987210294e-16,0.4338837391175582,-0.900968867902419,0,weekday,48.175
2023-11-03,2023,11,3,307,18,4,88.23,2023-11-03 18:00:00+00:00,2023-11-03 19:00:00+00:00,60830.2,4944.9975,26007.1175,0.0,60625.63,30952.115,-0.8517119107469189,0.5240103253675756,-1.0,-1.8369701987210294e-16,-0.433883739117558,-0.9009688679024191,0,weekday,49.225
2023-11-04,2023,11,4,308,18,5,29.61,2023-11-04 18:00:00+00:00,2023-11-04 19:00:00+00:00,52731.6925,5474.672500000001,35810.682499999995,0.0,64172.67,41285.355,-0.8425720899866032,0.5385835804920232,-1.0,-1.8369701987210294e-16,-0.9749279121818236,-0.2225209339563146,0,weekend,48.057
2023-11-05,2023,11,5,309,18,6,59.17,2023-11-05 18:00:00+00:00,2023-11-05 19:00:00+00:00,51976.4975,2275.71,31184.4575,0.0,56136.17,33460.1675,-0.8331829385891785,0.5529974600700271,-1.0,-1.8369701987210294e-16,-0.7818314824680299,0.6234898018587334,0,weekend,47.5285
2023-11-06,2023,11,6,310,18,0,139.52,2023-11-06 18:00:00+00:00,2023-11-06 19:00:00+00:00,60563.5475,4666.06,27893.4,0.0,64743.62,32559.460000000003,-0.8235472349556007,0.5672476988027229,-1.0,-1.8369701987210294e-16,0.0,1.0,0,weekday,47.0
2023-11-07,2023,11,7,311,18,1,132.42,2023-11-07 18:00:00+00:00,2023-11-07 19:00:00+00:00,60693.412500000006,4962.1675,24623.9225,0.0,63801.5,29586.09,-0.8136678304455991,0.5813300798152042,-1.0,-1.8369701987210294e-16,0.7818314824680298,0.6234898018587336,0,weekday,45.24
2023-11-08,2023,11,8,312,18,2,120.95,2023-11-08 18:00:00+00:00,2023-11-08 19:00:00+00:00,61772.29,5151.6125,28085.9775,0.0,64919.17,33237.590000000004,-0.8035476485339116,0.5952404359043674,-1.0,-1.8369701987210294e-16,0.9749279121818236,-0.2225209339563143,0,weekday,45.75
2023-11-09,2023,11,9,313,18,3,112.12,2023-11-09 18:00:00+00:00,2023-11-09 19:00:00+00:00,63091.24,4652.1475,21970.7225,0.0,62159.54,26622.87,-0.7931896839451843,0.6089746507720486,-1.0,-1.8369701987210294e-16,0.4338837391175582,-0.900968867902419,0,weekday,45.01
2023-11-10,2023,11,10,314,18,4,123.58,2023-11-10 18:00:00+00:00,2023-11-10 19:00:00+00:00,60080.565,1353.7825,15818.6625,0.0,54701.73,17172.445,-0.7825970017677834,0.6225286602431057,-1.0,-1.8369701987210294e-16,-0.433883739117558,-0.9009688679024191,0,weekday,47.045
2023-11-11,2023,11,11,315,18,5,124.47,2023-11-11 18:00:00+00:00,2023-11-11 19:00:00+00:00,53616.025,604.66,13020.13,0.0,48406.87,13624.79,-0.7717727365467836,0.6358984534680745,-1.0,-1.8369701987210294e-16,-0.9749279121818236,-0.2225209339563146,0,weekend,46.63
2023-11-12,2023,11,12,316,18,6,125.41,2023-11-12 18:00:00+00:00,2023-11-12 19:00:00+00:00,53626.03,461.1775,5739.6900000000005,0.0,41857.38,6200.8675,-0.7607200913564104,0.6490800741100398,-1.0,-1.8369701987210294e-16,-0.7818314824680299,0.6234898018587334,0,weekend,46.285
2023-11-13,2023,11,13,317,18,0,81.27,2023-11-13 18:00:00+00:00,2023-11-13 19:00:00+00:00,62897.57,4536.535,36746.88,0.0,70472.38,41283.41499999999,-0.7494423368521954,0.6620696215153815,-1.0,-1.8369701987210294e-16,0.0,1.0,0,weekday,45.94
2023-11-14,2023,11,14,318,18,1,116.96,2023-11-14 18:00:00+00:00,2023-11-14 19:00:00+00:00,63432.0125,2269.5950000000003,26355.0475,0.0,60680.22,28624.6425,-0.7379428103031386,0.6748632518680403,-1.0,-1.8369701987210294e-16,0.7818314824680298,0.6234898018587336,0,weekday,46.895
2023-11-15,2023,11,15,319,18,2,121.08,2023-11-15 18:00:00+00:00,2023-11-15 19:00:00+00:00,63582.22,3940.7575,18799.1825,0.0,64284.45,22739.94,-0.7262249146041543,0.6874571793269664,-1.0,-1.8369701987210294e-16,0.9749279121818236,-0.2225209339563143,0,weekday,48.495
2023-11-16,2023,11,16,320,18,3,125.23,2023-11-16 18:00:00+00:00,2023-11-16 19:00:00+00:00,63657.815,1846.875,10059.515,0.0,58145.58,11906.39,-0.7142921172691032,0.699847677146407,-1.0,-1.8369701987210294e-16,0.4338837391175582,-0.900968867902419,0,weekday,46.47
2023-11-17,2023,11,17,321,18,4,141.0,2023-11-17 18:00:00+00:00,2023-11-17 19:00:00+00:00,61153.2775,833.92,7767.8875,0.0,54372.99,8601.807499999999,-0.7021479494046978,0.7120310787787131,-1.0,-1.8369701987210294e-16,-0.433883739117558,-0.9009688679024191,0,weekday,46.1
2023-11-18,2023,11,18,322,18,5,91.24,2023-11-18 18:00:00+00:00,2023-11-18 19:00:00+00:00,54247.42,4493.2575,21793.6825,0.0,55668.76,26286.94,-0.6897960046655887,0.7240037789593305,-1.0,-1.8369701987210294e-16,-0.9749279121818236,-0.2225209339563146,0,weekend,45.064
2023-11-19,2023,11,19,323,18,6,103.82,2023-11-19 18:00:00+00:00,2023-11-19 19:00:00+00:00,52815.355,2023.7475,28245.33,0.0,55521.18,30269.077500000003,-0.6772399381909491,0.7357622347736527,-1.0,-1.8369701987210294e-16,-0.7818314824680299,0.6234898018587334,0,weekend,46.049499999999995
2023-11-20,2023,11,20,324,18,0,130.07,2023-11-20 18:00:00+00:00,2023-11-20 19:00:00+00:00,64362.94,2319.2625,12100.0875,0.0,59469.49,14419.35,-0.6644834655228552,0.7473029667054296,-1.0,-1.8369701987210294e-16,0.0,1.0,0,weekday,47.035
2023-11-21,2023,11,21,325,18,1,132.35,2023-11-21 18:00:00+00:00,2023-11-21 19:00:00+00:00,64417.9875,1940.035,10338.29,0.0,59328.0,12278.325,-0.6515303615068021,0.75862255966641,-1.0,-1.8369701987210294e-16,0.7818314824680298,0.6234898018587336,0,weekday,46.175
2023-11-22,2023,11,22,326,18,2,118.76,2023-11-22 18:00:00+00:00,2023-11-22 19:00:00+00:00,65524.5225,5501.935,18023.3175,0.0,67205.89,23525.2525,-0.6383844591746642,0.7697176640069211,-1.0,-1.8369701987210294e-16,0.9749279121818236,-0.2225209339563143,0,weekday,44.05
2023-11-23,2023,11,23,327,18,3,70.63,2023-11-23 18:00:00+00:00,2023-11-23 19:00:00+00:00,65942.11499999999,4928.9325,42198.77,0.0,76222.21,47127.7025,-0.6250496486104377,0.7805849965070866,-1.0,-1.8369701987210294e-16,0.4338837391175582,-0.900968867902419,0,weekday,44.615
2023-11-24,2023,11,24,328,18,4,86.23,2023-11-24 18:00:00+00:00,2023-11-24 19:00:00+00:00,64947.095,5035.92,37098.835,0.0,70972.13,42134.755,-0.6115298757991053,0.7912213413483807,-1.0,-1.8369701987210294e-16,-0.433883739117558,-0.9009688679024191,0,weekday,46.25
2023-11-25,2023,11,25,329,18,5,127.2,2023-11-25 18:00:00+00:00,2023-11-25 19:00:00+00:00,55875.2525,2037.8075,15213.1775,0.0,54181.0,17250.985,-0.5978291414589552,0.801623551065242,-1.0,-1.8369701987210294e-16,-0.9749279121818236,-0.2225209339563146,0,weekend,46.655
2023-11-26,2023,11,26,330,18,6,143.78,2023-11-26 18:00:00+00:00,2023-11-26 19:00:00+00:00,54164.2575,912.4075,8586.9775,0.0,50278.19,9499.385,-0.5839514998576998,0.8117885474764613,-1.0,-1.8369701987210294e-16,-0.7818314824680299,0.6234898018587334,0,weekend,45.85
2023-11-27,2023,11,27,331,18,0,117.12,2023-11-27 18:00:00+00:00,2023-11-27 19:00:00+00:00,65412.7375,5655.66,19610.9375,0.0,67725.92,25266.5975,-0.5699010576127624,0.8217133225960589,-1.0,-1.8369701987210294e-16,0.0,1.0,0,weekday,45.045
2023-11-28,2023,11,28,332,18,1,160.2,2023-11-28 18:00:00+00:00,2023-11-28 19:00:00+00:00,66521.1475,3624.73,5648.4275,0.0,57841.85,9273.1575,-0.5556819724760489,0.8313949395234058,-1.0,-1.8369701987210294e-16,0.7818314824680298,0.6234898018587336,0,weekday,44.095
2023-11-29,2023,11,29,333,18,2,200.0,2023-11-29 18:00:00+00:00,2023-11-29 19:00:00+00:00,66409.995,956.96,11211.84,0.0,62773.99,12168.8,-0.5412984521036173,0.8408305333122887,-1.0,-1.8369701987210294e-16,0.9749279121818236,-0.2225209339563143,0,weekday,41.275
2023-11-30,2023,11,30,334,18,3,194.49,2023-11-30 18:00:00+00:00,2023-11-30 19:00:00+00:00,66428.0225,2194.0175,2178.4925,0.0,54016.88,4372.51,-0.5267547528105542,0.8500173118187018,-1.0,-1.8369701987210294e-16,0.4338837391175582,-0.900968867902419,0,weekday,40.44
2023-12-01,2023,12,1,335,18,4,168.56,2023-12-01 18:00:00+00:00,2023-12-01 19:00:00+00:00,67731.5625,1492.6125,2956.1425,0.0,54094.81,4448.755,-0.5120551783114646,0.8589525565270845,-1.0,-1.8369701987210294e-16,-0.433883739117558,-0.9009688679024191,0,weekday,42.795
2023-12-02,2023,12,2,336,18,5,129.56,2023-12-02 18:00:00+00:00,2023-12-02 19:00:00+00:00,55805.055,471.77,5091.31,0.0,52573.38,5563.08,-0.4972040784469378,0.8676336233547726,-1.0,-1.8369701987210294e-16,-0.9749279121818236,-0.2225209339563146,0,weekend,43.496
2023-12-03,2023,12,3,337,18,6,126.07,2023-12-03 18:00:00+00:00,2023-12-03 19:00:00+00:00,56028.08,3868.7475,10583.465,0.0,55690.77,14452.2125,-0.4822058478963526,0.8760579434344281,-1.0,-1.8369701987210294e-16,-0.7818314824680299,0.6234898018587334,0,weekend,42.6555
2023-12-04,2023,12,4,338,18,0,120.97,2023-12-04 18:00:00+00:00,2023-12-04 19:00:00+00:00,67608.3175,4644.09,20134.5275,0.0,69711.26,24778.6175,-0.4670649248774303,0.8842230238742036,-1.0,-1.8369701987210294e-16,0.0,1.0,0,weekday,41.815
2023-12-05,2023,12,5,339,18,1,141.56,2023-12-05 18:00:00+00:00,2023-12-05 19:00:00+00:00,66926.975,5110.9575,15247.8275,0.0,66272.9,20358.785,-0.451785789832884,0.8921264484954345,-1.0,-1.8369701987210294e-16,0.7818314824680298,0.6234898018587336,0,weekday,39.455
2023-12-06,2023,12,6,340,18,2,149.93,2023-12-06 18:00:00+00:00,2023-12-06 19:00:00+00:00,66292.045,1145.56,6719.1625,0.0,57674.64,7864.7225,-0.4363729641045924,0.8997658785476209,-1.0,-1.8369701987210294e-16,0.9749279121818236,-0.2225209339563143,0,weekday,38.995
2023-12-07,2023,12,7,341,18,3,104.14,2023-12-07 18:00:00+00:00,2023-12-07 19:00:00+00:00,67314.6,3299.5925,10068.62,0.0,59347.03,13368.2125,-0.4208310085956556,0.9071390534005044,-1.0,-1.8369701987210294e-16,0.4338837391175582,-0.900968867902419,0,weekday,39.8
2023-12-08,2023,12,8,342,18,4,105.56,2023-12-08 18:00:00+00:00,2023-12-08 19:00:00+00:00,65216.4625,2314.8725,9417.565,0.0,54274.94,11732.4375,-0.4051645224207563,0.9142437912130223,-1.0,-1.8369701987210294e-16,-0.433883739117558,-0.9009688679024191,0,weekday,41.275
2023-12-09,2023,12,9,343,18,5,69.45,2023-12-09 18:00:00+00:00,2023-12-09 19:00:00+00:00,56760.035,5489.6025,33364.2375,0.0,65348.71,38853.84,-0.3893781415452015,0.9210779895789526,-1.0,-1.8369701987210294e-16,-0.9749279121818236,-0.2225209339563146,0,weekend,38.6
2023-12-10,2023,12,10,344,18,6,80.76,2023-12-10 18:00:00+00:00,2023-12-10 19:00:00+00:00,57301.61,3399.58,26956.945,0.0,57601.11,30356.525,-0.3734765374130707,0.9276396261490468,-1.0,-1.8369701987210294e-16,-0.7818314824680299,0.6234898018587334,0,weekend,37.4725
2023-12-11,2023,12,11,345,18,0,121.35,2023-12-11 18:00:00+00:00,2023-12-11 19:00:00+00:00,67378.9475,1248.245,24368.7325,0.0,65793.67,25616.9775,-0.3574644155648614,0.9339267592294762,-1.0,-1.8369701987210294e-16,0.0,1.0,0,weekday,36.345
2023-12-12,2023,12,12,346,18,1,94.22,2023-12-12 18:00:00+00:00,2023-12-12 19:00:00+00:00,65933.39,5481.4825,12870.7975,0.0,62117.13,18352.28,-0.3413465142450361,0.9399375283564132,-1.0,-1.8369701987210294e-16,0.7818314824680298,0.6234898018587336,0,weekday,36.43
2023-12-13,2023,12,13,347,18,2,102.41,2023-12-13 18:00:00+00:00,2023-12-13 19:00:00+00:00,65332.175,6197.1775,10564.175,0.0,60133.52,16761.3525,-0.3251276029999093,0.9456701548465688,-1.0,-1.8369701987210294e-16,0.9749279121818236,-0.2225209339563143,0,weekday,34.675
2023-12-14,2023,12,14,348,18,3,114.27,2023-12-14 18:00:00+00:00,2023-12-14 19:00:00+00:00,64882.3875,1815.3725,4055.995,0.0,54747.4,5871.3675,-0.3088124812662537,0.9511229423235356,-1.0,-1.8369701987210294e-16,0.4338837391175582,-0.900968867902419,0,weekday,36.65
2023-12-15,2023,12,15,349,18,4,93.18,2023-12-15 18:00:00+00:00,2023-12-15 19:00:00+00:00,62817.17,4552.8375,13752.7325,0.0,57470.14,18305.57,-0.2924059769510773,0.956294277219772,-1.0,-1.8369701987210294e-16,-0.433883739117558,-0.9009688679024191,0,weekday,33.895
2023-12-16,2023,12,16,350,18,5,81.94,2023-12-16 18:00:00+00:00,2023-12-16 19:00:00+00:00,54521.62,5866.225,24601.205,0.0,61645.0,30467.43,-0.2759129450029604,0.9611826292540836,-1.0,-1.8369701987210294e-16,-0.9749279121818236,-0.2225209339563146,0,weekend,33.19
2023-12-17,2023,12,17,351,18,6,70.67,2023-12-17 18:00:00+00:00,2023-12-17 19:00:00+00:00,53067.2775,5597.1625,27052.2225,0.0,60471.46,32649.385,-0.2593382659754056,0.9657865518844574,-1.0,-1.8369701987210294e-16,-0.7818314824680299,0.6234898018587334,0,weekend,33.412499999999994
2023-12-18,2023,12,18,352,18,0,96.18,2023-12-18 18:00:00+00:00,2023-12-18 19:00:00+00:00,64625.065,5945.295,28135.815,0.0,67164.86,34081.11,-0.2426868445825954,0.9701046827361176,-1.0,-1.8369701987210294e-16,0.0,1.0,0,weekday,33.635
2023-12-19,2023,12,19,353,18,1,90.8,2023-12-19 18:00:00+00:00,2023-12-19 19:00:00+00:00,64573.5425,5620.7075,24715.865,0.0,61210.03,30336.5725,-0.225963608248019,0.974135744004672,-1.0,-1.8369701987210294e-16,0.7818314824680298,0.6234898018587336,0,weekday,34.33
2023-12-20,2023,12,20,354,18,2,81.84,2023-12-20 18:00:00+00:00,2023-12-20 19:00:00+00:00,64036.5725,5128.2825,31306.985,0.0,65838.56,36435.2675,-0.2091735056463563,0.9778785428342386,-1.0,-1.8369701987210294e-16,0.9749279121818236,-0.2225209339563143,0,weekday,34.56
2023-12-21,2023,12,21,355,18,3,48.49,2023-12-21 18:00:00+00:00,2023-12-21 19:00:00+00:00,58777.215,3434.6,46295.86,0.0,73638.29,49730.46,-0.1923215052390948,0.9813319716704276,-1.0,-1.8369701987210294e-16,0.4338837391175582,-0.900968867902419,0,weekday,34.27
2023-12-22,2023,12,22,356,18,4,40.49,2023-12-22 18:00:00+00:00,2023-12-22 19:00:00+00:00,60950.41,5020.76,37348.19,0.0,68348.58,42368.95,-0.1754125938042784,0.9844950085880858,-1.0,-1.8369701987210294e-16,-0.433883739117558,-0.9009688679024191,0,weekday,34.56
2023-12-23,2023,12,23,357,18,5,61.55,2023-12-23 18:00:00+00:00,2023-12-23 19:00:00+00:00,52904.195,2913.54,25526.34,0.0,55336.43,28439.88,-0.1584517749608363,0.9873667175937016,-1.0,-1.8369701987210294e-16,-0.9749279121818236,-0.2225209339563146,0,weekend,34.174
2023-12-24,2023,12,24,358,18,6,-9.07,2023-12-24 18:00:00+00:00,2023-12-24 19:00:00+00:00,49697.9725,3412.085,44311.3825,0.0,66636.79,47723.4675,-0.141444067687942,0.989946248902378,-1.0,-1.8369701987210294e-16,-0.7818314824680299,0.6234898018587334,0,weekend,34.17433333333333
2023-12-25,2023,12,25,359,18,0,14.31,2023-12-25 18:00:00+00:00,2023-12-25 19:00:00+00:00,48656.3325,5574.775,28179.57,0.0,56359.52,33754.345,-0.1243945048397999,0.9922328391893008,-1.0,-1.8369701987210294e-16,0.0,1.0,1,holiday,34.17466666666667
2023-12-26,2023,12,26,360,18,1,53.05,2023-12-26 18:00:00+00:00,2023-12-26 19:00:00+00:00,49432.265,5158.37,29705.4475,0.0,57434.7,34863.8175,-0.1073081316563624,0.994225811815616,-1.0,-1.8369701987210294e-16,0.7818314824680298,0.6234898018587336,1,holiday,34.175
2023-12-27,2023,12,27,361,18,2,64.85,2023-12-27 18:00:00+00:00,2023-12-27 19:00:00+00:00,58901.7475,5242.07,27567.6625,0.0,61382.57,32809.7325,-0.0901900042703451,0.99592457702866,-1.0,-1.8369701987210294e-16,0.9749279121818236,-0.2225209339563143,0,weekday,36.875
2023-12-28,2023,12,28,362,18,3,38.55,2023-12-28 18:00:00+00:00,2023-12-28 19:00:00+00:00,61133.105,4922.025,38103.225,0.0,70704.46,43025.25,-0.0730451882110474,0.9973286321364752,-1.0,-1.8369701987210294e-16,0.4338837391175582,-0.900968867902419,0,weekday,34.015
2023-12-29,2023,12,29,363,18,4,17.17,2023-12-29 18:00:00+00:00,2023-12-29 19:00:00+00:00,58626.04,5030.29,37608.0275,0.0,68761.2,42638.3175,-0.0558787569053731,0.9984375616565666,-1.0,-1.8369701987210294e-16,-0.433883739117558,-0.9009688679024191,0,weekday,33.55
2023-12-30,2023,12,30,364,18,5,71.09,2023-12-30 18:00:00+00:00,2023-12-30 19:00:00+00:00,52177.1375,3802.2025,16705.145,0.0,47987.65,20507.3475,-0.0386957901765268,0.999251037438848,-1.0,-1.8369701987210294e-16,-0.9749279121818236,-0.2225209339563146,0,weekend,32.35
2023-12-31,2023,12,31,365,18,6,9.0,2023-12-31 18:00:00+00:00,2023-12-31 19:00:00+00:00,52657.805,6161.1275000000005,29587.8075,0.0,57980.08,35748.935,-0.0215013727408137,0.999768818762748,-1.0,-1.8369701987210294e-16,-0.7818314824680299,0.6234898018587334,0,weekend,32.69833333333334
2024-01-01,2024,1,1,1,18,0,54.25,2024-01-01 18:00:00+00:00,2024-01-01 19:00:00+00:00,52333.5425,4528.26,26318.8225,0.0,55728.05,30847.0825,0.0,1.0,-1.0,-1.8369701987210294e-16,0.0,1.0,1,holiday,33.04666666666667
2024-01-02,2024,1,2,2,18,1,63.18,2024-01-02 18:00:00+00:00,2024-01-02 19:00:00+00:00,61886.8125,4812.2625,31408.0675,0.0,64852.32,36220.33,0.0172015754182605,0.9998520419557736,-1.0,-1.8369701987210294e-16,0.7818314824680298,0.6234898018587336,0,weekday,33.395
2024-01-03,2024,1,3,3,18,2,79.03,2024-01-03 18:00:00+00:00,2024-01-03 19:00:00+00:00,63296.96,3002.48,31038.9075,0.0,63143.62,34041.387500000004,0.034398060613608,0.9994082116062598,-1.0,-1.8369701987210294e-16,0.9749279121818236,-0.2225209339563143,0,weekday,30.485
2024-01-04,2024,1,4,4,18,3,125.0,2024-01-04 18:00:00+00:00,2024-01-04 19:00:00+00:00,63582.61,1692.72,9164.055,0.0,46070.38,10856.775,0.0515843668694083,0.9986686402879996,-1.0,-1.8369701987210294e-16,0.4338837391175582,-0.900968867902419,0,weekday,33.575
2024-01-05,2024,1,5,5,18,4,103.96,2024-01-05 18:00:00+00:00,2024-01-05 19:00:00+00:00,62302.0825,5601.2025,19715.32,0.0,58271.53,25316.5225,0.0687554084811394,0.9976335468520452,-1.0,-1.8369701987210294e-16,-0.433883739117558,-0.9009688679024191,0,weekday,32.46
2024-01-06,2024,1,6,6,18,5,99.0,2024-01-06 18:00:00+00:00,2024-01-06 19:00:00+00:00,55887.4175,5160.1225,13965.6275,0.0,50477.2,19125.75,0.0859061042613327,0.9963032375991964,-1.0,-1.8369701987210294e-16,-0.9749279121818236,-0.2225209339563146,0,weekend,34.55
2024-01-07,2024,1,7,7,18,6,103.55,2024-01-07 18:00:00+00:00,2024-01-07 19:00:00+00:00,54010.205,3665.715,17290.3725,0.0,50934.79,20956.0875,0.1030313790431787,0.9946781061893646,-1.0,-1.8369701987210294e-16,-0.7818314824680299,0.6234898018587334,0,weekend,34.15
2024-01-08,2024,1,8,8,18,0,122.12,2024-01-08 18:00:00+00:00,2024-01-08 19:00:00+00:00,65122.355,3100.1325,17399.954999999998,0.0,61698.28,20500.0875,0.1201261651823505,0.9927586335250792,-1.0,-1.8369701987210294e-16,0.0,1.0,0,weekday,33.75
2024-01-09,2024,1,9,9,18,1,130.43,2024-01-09 18:00:00+00:00,2024-01-09 19:00:00+00:00,66065.3225,319.925,11403.62,0.0,58016.13,11723.545,0.1371854040566005,0.9905453876091832,-1.0,-1.8369701987210294e-16,0.7818314824680298,0.6234898018587336,0,weekday,30.405
2024-01-10,2024,1,10,10,18,2,132.15,2024-01-10 18:00:00+00:00,2024-01-10 19:00:00+00:00,67173.85250000001,793.1925,5409.6575,0.0,57345.41,6202.85,0.1542040475626894,0.988039023376751,-1.0,-1.8369701987210294e-16,0.9749279121818236,-0.2225209339563143,0,weekday,31.145
2024-01-11,2024,1,11,11,18,3,132.31,2024-01-11 18:00:00+00:00,2024-01-11 19:00:00+00:00,66630.08,947.0075,4794.645,0.0,55584.64,5741.6525,0.1711770596101998,0.985240282501282,-1.0,-1.8369701987210294e-16,0.4338837391175582,-0.900968867902419,0,weekday,30.7
2024-01-12,2024,1,12,12,18,4,119.47,2024-01-12 18:00:00+00:00,2024-01-12 19:00:00+00:00,64904.895,3721.685,9647.0425,0.0,60954.94,13368.7275,0.1880994176117975,0.9821499931752292,-1.0,-1.8369701987210294e-16,-0.433883739117558,-0.9009688679024191,0,weekday,31.46
2024-01-13,2024,1,13,13,18,5,73.82,2024-01-13 18:00:00+00:00,2024-01-13 19:00:00+00:00,56606.4675,5288.1925,32605.9325,0.0,67000.87,37894.125,0.2049661139694953,0.9787690698649216,-1.0,-1.8369701987210294e-16,-0.9749279121818236,-0.2225209339563146,0,weekend,31.99
2024-01-14,2024,1,14,14,18,6,88.91,2024-01-14 18:00:00+00:00,2024-01-14 19:00:00+00:00,56076.4725,5606.12,26312.6875,0.0,61786.85,31918.8075,0.2217721575564818,0.975098513039961,-1.0,-1.8369701987210294e-16,-0.7818314824680299,0.6234898018587334,0,weekend,31.763333333333332
2024-01-15,2024,1,15,15,18,0,110.38,2024-01-15 18:00:00+00:00,2024-01-15 19:00:00+00:00,68036.93,5009.5825,21208.335,0.0,66711.88,26217.9175,0.2385125751940764,0.9711394088771652,-1.0,-1.8369701987210294e-16,0.0,1.0,0,weekday,31.536666666666665
2024-01-16,2024,1,16,16,18,1,111.77,2024-01-16 18:00:00+00:00,2024-01-16 19:00:00+00:00,68430.2475,4570.2925,14584.32,0.0,65563.96,19154.6125,0.2551824131233728,0.966892928939152,-1.0,-1.8369701987210294e-16,0.7818314824680298,0.6234898018587336,0,weekday,31.31
2024-01-17,2024,1,17,17,18,2,114.28,2024-01-17 18:00:00+00:00,2024-01-17 19:00:00+00:00,67834.0925,1388.5625,4751.1475,0.0,53720.98,6139.71,0.2717767384711357,0.9623603298276544,-1.0,-1.8369701987210294e-16,0.9749279121818236,-0.2225209339563143,0,weekday,29.135
2024-01-18,2024,1,18,18,18,3,94.53,2024-01-18 18:00:00+00:00,2024-01-18 19:00:00+00:00,68725.4875,5099.5075,12959.3,0.0,61928.2,18058.8075,0.2882906407095177,0.957542952811672,-1.0,-1.8369701987210294e-16,0.4338837391175582,-0.900968867902419,0,weekday,27.675
2024-01-19,2024,1,19,19,18,4,82.23,2024-01-19 18:00:00+00:00,2024-01-19 19:00:00+00:00,67065.9375,5267.08,27372.84,0.0,70774.97,32639.92,0.3047192331091634,0.9524422234305676,-1.0,-1.8369701987210294e-16,-0.433883739117558,-0.9009688679024191,0,weekday,28.6
2024-01-20,2024,1,20,20,18,5,91.57,2024-01-20 18:00:00+00:00,2024-01-20 19:00:00+00:00,57830.865000000005,5907.3425,19536.4775,0.0,58328.66,25443.82,0.321057654185271,0.9470596510722284,-1.0,-1.8369701987210294e-16,-0.9749279121818236,-0.2225209339563146,0,weekend,28.429
2024-01-21,2024,1,21,21,18,6,58.64,2024-01-21 18:00:00+00:00,2024-01-21 19:00:00+00:00,58107.12,5484.9725,35481.8125,0.0,66286.47,40966.785,0.3373010691361842,0.9413968285264122,-1.0,-1.8369701987210294e-16,-0.7818314824680299,0.6234898018587334,0,weekend,27.767
2024-01-22,2024,1,22,22,18,0,71.99,2024-01-22 18:00:00+00:00,2024-01-22 19:00:00+00:00,69663.5075,4796.4,39977.985,0.0,74518.34,44774.385,0.3534446712740877,0.9354554315134164,-1.0,-1.8369701987210294e-16,0.0,1.0,0,weekday,27.105
2024-01-23,2024,1,23,23,18,1,74.55,2024-01-23 18:00:00+00:00,2024-01-23 19:00:00+00:00,69118.4275,5729.49,34122.0775,0.0,69565.62,39851.5675,0.3694836834473831,0.9292372181882051,-1.0,-1.8369701987210294e-16,0.7818314824680298,0.6234898018587336,0,weekday,27.375
2024-01-24,2024,1,24,24,18,2,50.09,2024-01-24 18:00:00+00:00,2024-01-24 19:00:00+00:00,69312.4225,4141.495,43075.4225,0.0,74524.14,47216.9175,0.3854133594543256,0.9227440286201428,-1.0,-1.8369701987210294e-16,0.9749279121818236,-0.2225209339563143,0,weekday,27.455
2024-01-25,2024,1,25,25,18,3,98.79,2024-01-25 18:00:00+00:00,2024-01-25 19:00:00+00:00,67541.8875,2542.1175000000003,10882.4175,0.0,51584.81,13424.535,0.4012289854475009,0.9159777842484876,-1.0,-1.8369701987210294e-16,0.4338837391175582,-0.900968867902419,0,weekday,28.8
2024-01-26,2024,1,26,26,18,4,64.96,2024-01-26 18:00:00+00:00,2024-01-26 19:00:00+00:00,66253.97,4885.9125,35344.195,0.0,69178.72,40230.1075,0.4169258813287287,0.908940487313808,-1.0,-1.8369701987210294e-16,-0.433883739117558,-0.9009688679024191,0,weekday,27.14
2024-01-27,2024,1,27,27,18,5,92.53,2024-01-27 18:00:00+00:00,2024-01-27 19:00:00+00:00,57151.5325,4471.125,10802.48,0.0,48251.44,15273.605,0.4324994021339788,0.901634220265486,-1.0,-1.8369701987210294e-16,-0.9749279121818236,-0.2225209339563146,0,weekend,28.079
2024-01-28,2024,1,28,28,18,6,69.88,2024-01-28 18:00:00+00:00,2024-01-28 19:00:00+00:00,56512.2825,5767.18,22552.2075,0.0,57860.91,28319.3875,0.4479449394078911,0.8940611451454876,-1.0,-1.8369701987210294e-16,-0.7818314824680299,0.6234898018587334,0,weekend,28.3095
2024-01-29,2024,1,29,29,18,0,107.52,2024-01-29 18:00:00+00:00,2024-01-29 19:00:00+00:00,68111.9275,1441.1575,8341.76,0.0,51327.31,9782.9175,0.4632579225674917,0.88622350294858,-1.0,-1.8369701987210294e-16,0.0,1.0,0,weekday,28.54
2024-01-30,2024,1,30,30,18,1,91.91,2024-01-30 18:00:00+00:00,2024-01-30 19:00:00+00:00,71028.7825,4675.535,23731.935,0.0,65943.95,28407.47,0.4784338202547012,0.8781236129591848,-1.0,-1.8369701987210294e-16,0.7818314824680298,0.6234898018587336,0,weekday,28.05
2024-01-31,2024,1,31,31,18,2,73.65,2024-01-31 18:00:00+00:00,2024-01-31 19:00:00+00:00,70897.42,5476.6425,27540.5625,0.0,67022.36,33017.205,0.4934681416772373,0.8697638720650646,-1.0,-1.8369701987210294e-16,0.9749279121818236,-0.2225209339563143,0,weekday,29.49
2024-02-01,2024,2,1,32,18,3,97.89,2024-02-01 18:00:00+00:00,2024-02-01 19:00:00+00:00,69843.11,4705.81,23415.77,0.0,61304.04,28121.58,0.5083564379375122,0.8611467540480452,-1.0,-1.8369701987210294e-16,0.4338837391175582,-0.900968867902419,0,weekday,30.14
2024-02-02,2024,2,2,33,18,4,63.34,2024-02-02 18:00:00+00:00,2024-02-02 19:00:00+00:00,65747.04,4728.6675,38411.0125,0.0,71653.09,43139.67999999999,0.5230943033491326,0.8522748088519838,-1.0,-1.8369701987210294e-16,-0.433883739117558,-0.9009688679024191,0,weekday,28.63
2024-02-03,2024,2,3,34,18,5,65.98,2024-02-03 18:00:00+00:00,2024-02-03 19:00:00+00:00,55771.7475,5169.895,29933.46,0.0,63257.86,35103.355,0.5376773767406141,0.8431506618282,-1.0,-1.8369701987210294e-16,-0.9749279121818236,-0.2225209339563146,0,weekend,29.305
2024-02-04,2024,2,4,35,18,6,36.17,2024-02-04 18:00:00+00:00,2024-02-04 19:00:00+00:00,54583.8775,5005.48,39496.0775,0.0,68348.4,44501.5575,0.5521013427459208,0.8337770129585915,-1.0,-1.8369701987210294e-16,-0.7818314824680299,0.6234898018587334,0,weekend,29.5775
2024-02-05,2024,2,5,36,18,0,61.84,2024-02-05 18:00:00+00:00,2024-02-05 19:00:00+00:00,66855.3725,4031.31,42140.195,0.0,76284.89,46171.505,0.5663619330814524,0.8241566360566663,-1.0,-1.8369701987210294e-16,0.0,1.0,0,weekday,29.85
2024-02-06,2024,2,6,37,18,1,61.16,2024-02-06 18:00:00+00:00,2024-02-06 19:00:00+00:00,67377.70999999999,4665.4275,43762.2475,0.0,76298.47,48427.675,0.580454927809098,0.8142923779467267,-1.0,-1.8369701987210294e-16,0.7818314824680298,0.6234898018587336,0,weekday,28.42
2024-02-07,2024,2,7,38,18,2,109.7,2024-02-07 18:00:00+00:00,2024-02-07 19:00:00+00:00,66308.4275,1505.7725,8357.9825,0.0,55410.27,9863.755,0.5943761565849831,0.804187157621448,-1.0,-1.8369701987210294e-16,0.9749279121818236,-0.2225209339563143,0,weekday,28.225
2024-02-08,2024,2,8,39,18,3,86.06,2024-02-08 18:00:00+00:00,2024-02-08 19:00:00+00:00,67234.0825,1952.0175,14405.5675,0.0,58732.57,16357.585,0.6081214998935418,0.7938439653781019,-1.0,-1.8369701987210294e-16,0.4338837391175582,-0.900968867902419,0,weekday,28.15
2024-02-09,2024,2,9,40,18,4,87.05,2024-02-09 18:00:00+00:00,2024-02-09 19:00:00+00:00,67208.3275,4081.47,15689.205,0.0,54182.31,19770.675,0.6216868902665479,0.7832658619336791,-1.0,-1.8369701987210294e-16,-0.433883739117558,-0.9009688679024191,0,weekday,27.255
2024-02-10,2024,2,10,41,18,5,81.01,2024-02-10 18:00:00+00:00,2024-02-10 19:00:00+00:00,56346.5375,2993.2825000000003,13490.3275,0.0,47666.4,16483.61,0.6350683134867438,0.7724559775191742,-1.0,-1.8369701987210294e-16,-0.9749279121818236,-0.2225209339563146,0,weekend,27.115
2024-02-11,2024,2,11,42,18,6,79.72,2024-02-11 18:00:00+00:00,2024-02-11 19:00:00+00:00,57031.01,2853.5825,10946.7025,0.0,45329.06,13800.285,0.6482618097757122,0.7614175109532997,-1.0,-1.8369701987210294e-16,-0.7818314824680299,0.6234898018587334,0,weekend,26.6475
2024-02-12,2024,2,12,43,18,0,89.08,2024-02-12 18:00:00+00:00,2024-02-12 19:00:00+00:00,67751.8625,3786.95,15811.5,0.0,54856.52,19598.45,0.6612634749656386,0.7501537286959042,-1.0,-1.8369701987210294e-16,0.0,1.0,0,weekday,26.18
2024-02-13,2024,2,13,44,18,1,90.99,2024-02-13 18:00:00+00:00,2024-02-13 19:00:00+00:00,68097.64,4224.2575,12602.355,0.0,54511.77,16826.6125,0.6740694616546161,0.7386679638813748,-1.0,-1.8369701987210294e-16,0.7818314824680298,0.6234898018587336,0,weekday,26.15
2024-02-14,2024,2,14,45,18,2,84.47,2024-02-14 18:00:00+00:00,2024-02-14 19:00:00+00:00,67443.7025,2314.1825,17015.9775,0.0,55846.25,19330.16,0.6866759803451553,0.726963615332308,-1.0,-1.8369701987210294e-16,0.9749279121818236,-0.2225209339563143,0,weekday,25.105
2024-02-15,2024,2,15,46,18,3,75.61,2024-02-15 18:00:00+00:00,2024-02-15 19:00:00+00:00,64418.465,3844.1275,13367.26,0.0,54824.5,17211.3875,0.6990793005655562,0.7150441465537444,-1.0,-1.8369701987210294e-16,0.4338837391175582,-0.900968867902419,0,weekday,24.85
2024-02-16,2024,2,16,47,18,4,76.78,2024-02-16 18:00:00+00:00,2024-02-16 19:00:00+00:00,63032.075,5116.59,20282.8975,0.0,57431.45,25399.4875,0.7112757519738152,0.7029130847082615,-1.0,-1.8369701987210294e-16,-0.433883739117558,-0.9009688679024191,0,weekday,25.2
2024-02-17,2024,2,17,48,18,5,90.28,2024-02-17 18:00:00+00:00,2024-02-17 19:00:00+00:00,55020.0,469.2525,2808.17,0.0,38563.36,3277.4225,0.7232617254437388,0.6905740195722293,-1.0,-1.8369701987210294e-16,-0.9749279121818236,-0.2225209339563146,0,weekend,24.82
2024-02-18,2024,2,18,49,18,6,70.59,2024-02-18 18:00:00+00:00,2024-02-18 19:00:00+00:00,53760.105,3370.205,17460.325,0.0,49335.27,20830.53,0.7350336741329413,0.6780306024735382,-1.0,-1.8369701987210294e-16,-0.7818314824680299,0.6234898018587334,0,weekend,24.665
2024-02-19,2024,2,19,50,18,0,79.98,2024-02-19 18:00:00+00:00,2024-02-19 19:00:00+00:00,65557.635,5010.7825,17546.0225,0.0,56390.82,22556.805,0.746588114532413,0.6652865452111116,-1.0,-1.8369701987210294e-16,0.0,1.0,0,weekday,24.51
2024-02-20,2024,2,20,51,18,1,73.47,2024-02-20 18:00:00+00:00,2024-02-20 19:00:00+00:00,65945.8275,5799.6675,22074.575,0.0,61354.12,27874.2425,0.7579216274973472,0.6523456189565257,-1.0,-1.8369701987210294e-16,0.7818314824680298,0.6234898018587336,0,weekday,24.355
2024-02-21,2024,2,21,52,18,2,61.39,2024-02-21 18:00:00+00:00,2024-02-21 19:00:00+00:00,65729.6075,5621.3675,27035.370000000003,0.0,64593.09,32656.737500000003,0.7690308592589181,0.6392116531380588,-1.0,-1.8369701987210294e-16,0.9749279121818236,-0.2225209339563143,0,weekday,24.1
2024-02-22,2024,2,22,53,18,3,52.42,2024-02-22 18:00:00+00:00,2024-02-22 19:00:00+00:00,66879.4625,4735.8875,39118.5675,0.0,72447.94,43854.455,0.7799125224167177,0.6258885343075018,-1.0,-1.8369701987210294e-16,0.4338837391175582,-0.900968867902419,0,weekday,23.975
2024-02-23,2024,2,23,54,18,4,84.01,2024-02-23 18:00:00+00:00,2024-02-23 19:00:00+00:00,65548.655,4594.04,19943.8475,0.0,57266.32,24537.8875,0.7905633969115482,0.612380204990065,-1.0,-1.8369701987210294e-16,-0.433883739117558,-0.9009688679024191,0,weekday,22.77
2024-02-24,2024,2,24,55,18,5,74.13,2024-02-24 18:00:00+00:00,2024-02-24 19:00:00+00:00,56469.6625,3729.31,16095.135,0.0,50354.44,19824.445,0.8009803309782905,0.5986906625177214,-1.0,-1.8369701987210294e-16,-0.9749279121818236,-0.2225209339563146,0,weekend,22.934
2024-02-25,2024,2,25,56,18,6,79.18,2024-02-25 18:00:00+00:00,2024-02-25 19:00:00+00:00,54580.13,708.9300000000001,7433.4025,0.0,40262.84,8142.3325,0.8111602420785621,0.5848239578463322,-1.0,-1.8369701987210294e-16,-0.7818314824680299,0.6234898018587334,0,weekend,23.067
2024-02-26,2024,2,26,57,18,0,81.01,2024-02-26 18:00:00+00:00,2024-02-26 19:00:00+00:00,65437.435,3037.105,15963.7925,0.0,55271.16,19000.8975,0.8211001178128892,0.5707841943569036,-1.0,-1.8369701987210294e-16,0.0,1.0,0,weekday,23.2
2024-02-27,2024,2,27,58,18,1,105.17,2024-02-27 18:00:00+00:00,2024-02-27 19:00:00+00:00,65782.575,658.8050000000001,3464.98,0.0,47998.51,4123.785,0.8307970168121247,0.5565755266413303,-1.0,-1.8369701987210294e-16,0.7818314824680298,0.6234898018587336,0,weekday,23.25
2024-02-28,2024,2,28,59,18,2,78.29,2024-02-28 18:00:00+00:00,2024-02-28 19:00:00+00:00,65736.75,3780.8625,5250.285,0.0,49035.23,9031.1475,0.8402480696078469,0.5422021592729844,-1.0,-1.8369701987210294e-16,0.9749279121818236,-0.2225209339563143,0,weekday,25.625
2024-02-29,2024,2,29,60,18,3,80.99,2024-02-29 18:00:00+00:00,2024-02-29 19:00:00+00:00,65780.1525,5879.4175,16701.045,0.0,56430.63,22580.4625,0.8494504794814806,0.527668345562516,-1.0,-1.8369701987210294e-16,0.4338837391175582,-0.900968867902419,0,weekday,25.55
2024-03-01,2024,3,1,61,18,4,87.19,2024-03-01 18:00:00+00:00,2024-03-01 19:00:00+00:00,62962.4975,4438.6425,12025.0075,0.0,51422.4,16463.65,0.8584015232918917,0.512978386299228,-1.0,-1.8369701987210294e-16,-0.433883739117558,-0.9009688679024191,0,weekday,25.275
2024-03-02,2024,3,2,62,18,5,89.9,2024-03-02 18:00:00+00:00,2024-03-02 19:00:00+00:00,54671.075,2983.5025,16013.1775,0.0,52045.42,18996.68,0.8670985522812081,0.4981366284784055,-1.0,-1.8369701987210294e-16,-0.9749279121818236,-0.2225209339563146,0,weekend,25.809
2024-03-03,2024,3,3,63,18,6,86.96,2024-03-03 18:00:00+00:00,2024-03-03 19:00:00+00:00,52233.86,3455.05,11416.645,0.0,45675.73,14871.695,0.8755389928586302,0.4831474640149687,-1.0,-1.8369701987210294e-16,-0.7818314824680299,0.6234898018587334,0,weekend,25.5045
2024-03-04,2024,3,4,64,18,0,99.13,2024-03-04 18:00:00+00:00,2024-03-04 19:00:00+00:00,64545.7075,3013.63,9080.8575,0.0,53976.75,12094.4875,0.8837203473619977,0.4680153284438345,-1.0,-1.8369701987210294e-16,0.0,1.0,0,weekday,25.2
2024-03-05,2024,3,5,65,18,1,112.99,2024-03-05 18:00:00+00:00,2024-03-05 19:00:00+00:00,65649.995,6242.115,8190.475,0.0,57448.44,14432.59,0.8916401947968874,0.452744699607371,-1.0,-1.8369701987210294e-16,0.7818314824680298,0.6234898018587336,0,weekday,26.66
2024-03-06,2024,3,6,66,18,2,119.25,2024-03-06 18:00:00+00:00,2024-03-06 19:00:00+00:00,65999.91500000001,1972.5325,6179.7625,0.0,52412.81,8152.295,0.8992961915530253,0.4373400963303323,-1.0,-1.8369701987210294e-16,0.9749279121818236,-0.2225209339563143,0,weekday,27.065
2024-03-07,2024,3,7,67,18,3,90.3,2024-03-07 18:00:00+00:00,2024-03-07 19:00:00+00:00,65482.865000000005,3855.91,16502.8,0.0,56691.58,20358.71,0.9066860720977984,0.4218060770826634,-1.0,-1.8369701987210294e-16,0.4338837391175582,-0.900968867902419,0,weekday,26.015
2024-03-08,2024,3,8,68,18,4,79.98,2024-03-08 18:00:00+00:00,2024-03-08 19:00:00+00:00,64172.0775,5134.79,28037.46,0.0,63057.14,33172.25,0.9138076496466616,0.4061472386305789,-1.0,-1.8369701987210294e-16,-0.433883739117558,-0.9009688679024191,0,weekday,26.335
2024-03-09,2024,3,9,69,18,5,74.99,2024-03-09 18:00:00+00:00,2024-03-09 19:00:00+00:00,53560.305,5937.5825,20887.4975,0.0,55774.74,26825.08,0.9206588168102428,0.3903682146763026,-1.0,-1.8369701987210294e-16,-0.9749279121818236,-0.2225209339563146,0,weekend,26.39
2024-03-10,2024,3,10,70,18,6,62.32,2024-03-10 18:00:00+00:00,2024-03-10 19:00:00+00:00,52886.945,5703.5525,25486.125,0.0,55687.83,31189.6775,0.9272375462179536,0.374473674486883,-1.0,-1.8369701987210294e-16,-0.7818314824680299,0.6234898018587334,0,weekend,26.18
2024-03-11,2024,3,11,71,18,0,108.01,2024-03-11 18:00:00+00:00,2024-03-11 19:00:00+00:00,64855.39,5300.705,9742.3825,0.0,55623.18,15043.0875,0.9335418911179212,0.3584683215124808,-1.0,-1.8369701987210294e-16,0.0,1.0,0,weekday,25.97
2024-03-12,2024,3,12,72,18,1,124.57,2024-03-12 18:00:00+00:00,2024-03-12 19:00:00+00:00,65245.7825,396.9425,4525.7425,0.0,50130.35,4922.685,0.9395699859530622,0.342356891994542,-1.0,-1.8369701987210294e-16,0.7818314824680298,0.6234898018587336,0,weekday,25.01
2024-03-13,2024,3,13,73,18,2,94.36,2024-03-13 18:00:00+00:00,2024-03-13 19:00:00+00:00,64846.9175,5920.469999999999,8587.765,0.0,53707.15,14508.235,0.945320046913132,0.3261441535642696,-1.0,-1.8369701987210294e-16,0.9749279121818236,-0.2225209339563143,0,weekday,25.1
2024-03-14,2024,3,14,74,18,3,91.04,2024-03-14 18:00:00+00:00,2024-03-14 19:00:00+00:00,63573.8325,5157.725,13352.935,0.0,56977.29,18510.66,0.9507903724625832,0.3098349038318025,-1.0,-1.8369701987210294e-16,0.4338837391175582,-0.900968867902419,0,weekday,24.675
2024-03-15,2024,3,15,75,18,4,87.99,2024-03-15 18:00:00+00:00,2024-03-15 19:00:00+00:00,62498.2325,5525.835,17220.6575,0.0,56477.29,22746.4925,0.9559793438440766,0.2934339689665273,-1.0,-1.8369701987210294e-16,-0.433883739117558,-0.9009688679024191,0,weekday,26.255
2024-03-16,2024,3,16,76,18,5,87.31,2024-03-16 18:00:00+00:00,2024-03-16 19:00:00+00:00,53899.745,3301.1625000000004,17142.247499999998,0.0,49800.89,20443.41,0.9608854255574976,0.2769462022689364,-1.0,-1.8369701987210294e-16,-0.9749279121818236,-0.2225209339563146,0,weekend,27.026
2024-03-17,2024,3,17,77,18,6,88.29,2024-03-17 18:00:00+00:00,2024-03-17 19:00:00+00:00,53079.4525,5618.115,8817.205,0.0,42873.8,14435.32,0.9655071658143364,0.2603764827344581,-1.0,-1.8369701987210294e-16,-0.7818314824680299,0.6234898018587334,0,weekend,27.5255
2024-03-18,2024,3,18,78,18,0,126.53,2024-03-18 18:00:00+00:00,2024-03-18 19:00:00+00:00,63187.735,1611.49,6319.8925,0.0,50886.94,7931.3825,0.969843196967294,0.2437297136096838,-1.0,-1.8369701987210294e-16,0.0,1.0,0,weekday,28.025
2024-03-19,2024,3,19,79,18,1,128.96,2024-03-19 18:00:00+00:00,2024-03-19 19:00:00+00:00,63487.425,2503.575,4772.385,0.0,50347.8,7275.96,0.9738922359149924,0.2270108209414184,-1.0,-1.8369701987210294e-16,0.7818314824680298,0.6234898018587336,0,weekday,28.9
2024-03-20,2024,3,20,80,18,2,159.05,2024-03-20 18:00:00+00:00,2024-03-20 19:00:00+00:00,63178.15,926.935,756.81,0.0,48014.22,1683.745,0.977653084481664,0.2102247521189836,-1.0,-1.8369701987210294e-16,0.9749279121818236,-0.2225209339563143,0,weekday,28.385
2024-03-21,2024,3,21,81,18,3,122.85,2024-03-21 18:00:00+00:00,2024-03-21 19:00:00+00:00,63065.1025,3332.5425,6516.465,0.0,49648.95,9849.0075,0.981124629771712,0.1933764744102058,-1.0,-1.8369701987210294e-16,0.4338837391175582,-0.900968867902419,0,weekday,27.045
2024-03-22,2024,3,22,82,18,4,118.71,2024-03-22 18:00:00+00:00,2024-03-22 19:00:00+00:00,61201.895,3833.6225,9750.575,0.0,48397.9,13584.1975,0.984305844499033,0.1764709734915216,-1.0,-1.8369701987210294e-16,-0.433883739117558,-0.9009688679024191,0,weekday,26.525
2024-03-23,2024,3,23,83,18,5,69.15,2024-03-23 18:00:00+00:00,2024-03-23 19:00:00+00:00,54993.695,5695.6425,22403.6575,0.0,53879.81,28099.300000000003,0.9871957872910084,0.1595132519726365,-1.0,-1.8369701987210294e-16,-0.9749279121818236,-0.2225209339563146,0,weekend,27.776
2024-03-24,2024,3,24,84,18,6,74.9,2024-03-24 18:00:00+00:00,2024-03-24 19:00:00+00:00,52999.5725,5156.2125,27693.425,0.0,56996.74,32849.6375,0.9897936029670716,0.1425083279161708,-1.0,-1.8369701987210294e-16,-0.7818314824680299,0.6234898018587334,0,weekend,28.3005
2024-03-25,2024,3,25,85,18,0,149.75,2024-03-25 18:00:00+00:00,2024-03-25 19:00:00+00:00,62189.9825,240.96,5522.21,0.0,46922.27,5763.17,0.992098522791769,0.1254612333527364,-1.0,-1.8369701987210294e-16,0.0,1.0,0,weekday,28.825
2024-03-26,2024,3,26,86,18,1,100.3,2024-03-26 18:00:00+00:00,2024-03-26 19:00:00+00:00,62853.2925,4382.407499999999,19188.8125,0.0,55320.53,23571.22,0.9941098647022418,0.108377012791876,-1.0,-1.8369701987210294e-16,0.7818314824680298,0.6234898018587336,0,weekday,27.61
2024-03-27,2024,3,27,87,18,2,118.94,2024-03-27 18:00:00+00:00,2024-03-27 19:00:00+00:00,63082.3725,1105.7375,9917.69,6.3675,46485.02,11029.795,0.9958270335100596,0.0912607217293118,-1.0,-1.8369701987210294e-16,0.9749279121818236,-0.2225209339563143,0,weekday,27.35
2024-03-28,2024,3,28,88,18,3,70.33,2024-03-28 18:00:00+00:00,2024-03-28 19:00:00+00:00,63247.5875,5388.64,26984.215,6.24,57651.42,32379.095,0.9972495210773452,0.0741174251509443,-1.0,-1.8369701987210294e-16,0.4338837391175582,-0.900968867902419,0,weekday,27.55
2024-03-29,2024,3,29,89,18,4,105.45,2024-03-29 18:00:00+00:00,2024-03-29 19:00:00+00:00,51267.435,3120.995,10568.6175,6.2525,40242.35,13695.865,0.998376906467142,0.0569521960340397,-1.0,-1.8369701987210294e-16,-0.433883739117558,-0.9009688679024191,1,holiday,27.34
2024-03-30,2024,3,30,90,18,5,83.53,2024-03-30 18:00:00+00:00,2024-03-30 19:00:00+00:00,53407.555,2015.4075,13618.2175,9.95,41982.79,15643.575,0.9992088560679752,0.0397701138460557,-1.0,-1.8369701987210294e-16,-0.9749279121818236,-0.2225209339563146,0,weekend,27.34
2024-03-31,2024,3,31,91,18,6,83.72,2024-03-31 18:00:00+00:00,2024-03-31 19:00:00+00:00,47540.345,1385.58,6000.245,12.2,33651.47,7398.025,0.9997451236925734,0.0225762630415454,-1.0,-1.8369701987210294e-16,-0.7818314824680299,0.6234898018587334,0,weekend,27.34
2024-04-01,2024,4,1,92,18,0,49.88,2024-04-01 18:00:00+00:00,2024-04-01 19:00:00+00:00,52377.7175,2475.7375,25291.0875,8.6175,48194.71,27775.4425,0.9999855506507186,0.0053757315575838,-1.0,-1.8369701987210294e-16,0.0,1.0,1,holiday,27.34
2024-04-02,2024,4,2,93,18,1,94.88,2024-04-02 18:00:00+00:00,2024-04-02 19:00:00+00:00,57724.1675,1673.61,26429.7475,1.4225,53881.69,28104.78,0.9999300657962056,-0.0118263906918325,-1.0,-1.8369701987210294e-16,0.7818314824680298,0.6234898018587336,0,weekday,27.35
2024-04-03,2024,4,3,94,18,2,101.58,2024-04-03 18:00:00+00:00,2024-04-03 19:00:00+00:00,58067.3575,3653.04,13904.6075,7.275,53612.29,17564.9225,0.9995786855478958,-0.0290250133219752,-1.0,-1.8369701987210294e-16,0.9749279121818236,-0.2225209339563143,0,weekday,25.7
2024-04-04,2024,4,4,95,18,3,80.58,2024-04-04 18:00:00+00:00,2024-04-04 19:00:00+00:00,57880.2425,3909.71,24517.0625,5.79,56078.1,28432.5625,0.9989315138848576,-0.0462150469837083,-1.0,-1.8369701987210294e-16,0.4338837391175582,-0.900968867902419,0,weekday,25.685
2024-04-05,2024,4,5,96,18,4,55.64,2024-04-05 18:00:00+00:00,2024-04-05 19:00:00+00:00,56841.69,5658.89,30757.71,19.6675,58677.81,36436.2675,0.9979887423155984,-0.0633914048695103,-1.0,-1.8369701987210294e-16,-0.433883739117558,-0.9009688679024191,0,weekday,26.56
2024-04-06,2024,4,6,97,18,5,68.65,2024-04-06 18:00:00+00:00,2024-04-06 19:00:00+00:00,49659.3575,5672.03,22794.0775,7.37,52743.52,28473.4775,0.9967506498213928,-0.0805490042187416,-1.0,-1.8369701987210294e-16,-0.9749279121818236,-0.2225209339563146,0,weekend,26.605
2024-04-07,2024,4,7,98,18,6,106.4,2024-04-07 18:00:00+00:00,2024-04-07 19:00:00+00:00,48376.695,4412.675,6296.415,19.4125,38685.02,10728.5025,0.9952176027737294,-0.0976827678217159,-1.0,-1.8369701987210294e-16,-0.7818314824680299,0.6234898018587334,0,weekend,26.55
2024-04-08,2024,4,8,99,18,0,124.8,2024-04-08 18:00:00+00:00,2024-04-08 19:00:00+00:00,58180.9775,2761.7125,11071.1575,14.46,50294.32,13847.329999999998,0.9933900548258936,-0.114787625522127,-1.0,-1.8369701987210294e-16,0.0,1.0,0,weekday,26.495
2024-04-09,2024,4,9,100,18,1,81.74,2024-04-09 18:00:00+00:00,2024-04-09 19:00:00+00:00,58574.677500000005,6163.33,26223.72,31.4175,58747.21,32418.4675,0.9912685467787256,-0.1318585157173911,-1.0,-1.8369701987210294e-16,0.7818314824680298,0.6234898018587336,0,weekday,27.955
2024-04-10,2024,4,10,101,18,2,191.19,2024-04-10 18:00:00+00:00,2024-04-10 19:00:00+00:00,58165.7675,4787.715,3748.6325,34.085,43331.05,8570.432499999999,0.9888537064205885,-0.1488903868564548,-1.0,-1.8369701987210294e-16,0.9749279121818236,-0.2225209339563143,0,weekday,27.53
2024-04-11,2024,4,11,102,18,3,137.82,2024-04-11 18:00:00+00:00,2024-04-11 19:00:00+00:00,59137.74,2865.0425,8501.2025,36.795,43767.55,11403.04,0.986146248341595,-0.1658781989346314,-1.0,-1.8369701987210294e-16,0.4338837391175582,-0.900968867902419,0,weekday,27.75
2024-04-12,2024,4,12,103,18,4,124.13,2024-04-12 18:00:00+00:00,2024-04-12 19:00:00+00:00,57861.6925,3925.8575,10815.9625,37.2075,44264.19,14779.0275,0.98314697372215,-0.1828169249850199,-1.0,-1.8369701987210294e-16,-0.433883739117558,-0.9009688679024191,0,weekday,29.565
2024-04-13,2024,4,13,104,18,5,65.78,2024-04-13 18:00:00+00:00,2024-04-13 19:00:00+00:00,49301.4975,4923.375,16317.3675,36.465,45385.66,21277.2075,0.9798567700958664,-0.1997015525660636,-1.0,-1.8369701987210294e-16,-0.9749279121818236,-0.2225209339563146,0,weekend,30.732
2024-04-14,2024,4,14,105,18,6,119.91,2024-04-14 18:00:00+00:00,2024-04-14 19:00:00+00:00,48041.567500000005,2689.0825,9557.45,54.3,39285.69,12300.8325,0.976276611086932,-0.2165270852448143,-1.0,-1.8369701987210294e-16,-0.7818314824680299,0.6234898018587334,0,weekend,30.981
2024-04-15,2024,4,15,106,18,0,77.02,2024-04-15 18:00:00+00:00,2024-04-15 19:00:00+00:00,58734.2825,4743.4975,31641.9475,35.69,60902.44,36421.135,0.9724075561219968,-0.2332885440754551,-1.0,-1.8369701987210294e-16,0.0,1.0,0,weekday,31.23
2024-04-16,2024,4,16,107,18,1,124.52,2024-04-16 18:00:00+00:00,2024-04-16 19:00:00+00:00,59805.4675,2865.12,12660.96,52.035,49799.91,15578.114999999998,0.9682507501166718,-0.2499809690726521,-1.0,-1.8369701987210294e-16,0.7818314824680298,0.6234898018587336,0,weekday,32.02
2024-04-17,2024,4,17,108,18,2,169.9,2024-04-17 18:00:00+00:00,2024-04-17 19:00:00+00:00,59514.25,1533.35,4123.3575,53.557500000000005,46563.65,5710.265,0.9638074231367308,-0.2665994206792935,-1.0,-1.8369701987210294e-16,0.9749279121818236,-0.2225209339563143,0,weekday,33.7
2024-04-18,2024,4,18,109,18,3,128.83,2024-04-18 18:00:00+00:00,2024-04-18 19:00:00+00:00,59230.4175,2991.8475,8662.845000000001,62.0625,49853.72,11716.755,0.9590788900341132,-0.2831389812281835,-1.0,-1.8369701987210294e-16,0.4338837391175582,-0.900968867902419,0,weekday,30.98
2024-04-19,2024,4,19,110,18,4,66.28,2024-04-19 18:00:00+00:00,2024-04-19 19:00:00+00:00,58153.16,4928.8775000000005,25606.62,74.115,56052.24,30609.6125,0.9540665500578388,-0.2995947563972602,-1.0,-1.8369701987210294e-16,-0.433883739117558,-0.9009688679024191,0,weekday,33.615
2024-04-20,2024,4,20,111,18,5,97.04,2024-04-20 18:00:00+00:00,2024-04-20 19:00:00+00:00,50010.0975,4550.0375,7450.1975,80.575,40801.53,12080.81,0.9487718864399473,-0.3159618766579029,-1.0,-1.8369701987210294e-16,-0.9749279121818236,-0.2225209339563146,0,weekend,30.758
2024-04-21,2024,4,21,112,18,6,95.26,2024-04-21 18:00:00+00:00,2024-04-21 19:00:00+00:00,49370.705,2963.505,8909.5825,103.1725,38393.64,11976.260000000002,0.9431964659565866,-0.3322354987159043,-1.0,-1.8369701987210294e-16,-0.7818314824680299,0.6234898018587334,0,weekend,30.304000000000002
2024-04-22,2024,4,22,113,18,0,170.96,2024-04-22 18:00:00+00:00,2024-04-22 19:00:00+00:00,59330.3125,556.76,3890.275,138.91,45427.27,4585.945,0.9373419384643772,-0.3484108069446808,-1.0,-1.8369701987210294e-16,0.0,1.0,0,weekday,29.85
2024-04-23,2024,4,23,114,18,1,125.07,2024-04-23 18:00:00+00:00,2024-04-23 19:00:00+00:00,59507.035,4405.0725,5408.56,125.5775,47759.12,9939.21,0.9312100364121948,-0.3644830148102912,-1.0,-1.8369701987210294e-16,0.7818314824680298,0.6234898018587336,0,weekday,28.965
2024-04-24,2024,4,24,115,18,2,143.44,2024-04-24 18:00:00+00:00,2024-04-24 19:00:00+00:00,59553.825,2080.2525,6867.13,125.6675,48481.31,9073.05,0.9248025743285088,-0.3804473662878516,-1.0,-1.8369701987210294e-16,0.9749279121818236,-0.2225209339563143,0,weekday,29.12
2024-04-25,2024,4,25,116,18,3,152.29,2024-04-25 18:00:00+00:00,2024-04-25 19:00:00+00:00,58338.7475,907.075,4260.32,176.7175,46056.34,5344.112499999999,0.9181214482844364,-0.3962991372689181,-1.0,-1.8369701987210294e-16,0.4338837391175582,-0.900968867902419,0,weekday,29.645
2024-04-26,2024,4,26,117,18,4,141.58,2024-04-26 18:00:00+00:00,2024-04-26 19:00:00+00:00,57716.89,380.59,2486.07,169.0575,42659.82,3035.7175,0.9111686353326632,-0.4120336369594263,-1.0,-1.8369701987210294e-16,-0.433883739117558,-0.9009688679024191,0,weekday,29.865
2024-04-27,2024,4,27,118,18,5,112.27,2024-04-27 18:00:00+00:00,2024-04-27 19:00:00+00:00,48134.3625,2267.565,10607.3875,202.62,39162.52,13077.572500000002,0.9039461929224012,-0.4276462092677746,-1.0,-1.8369701987210294e-16,-0.9749279121818236,-0.2225209339563146,0,weekend,28.885
2024-04-28,2024,4,28,119,18,6,77.45,2024-04-28 18:00:00+00:00,2024-04-28 19:00:00+00:00,47877.625,6415.407499999999,16524.005,220.815,44276.23,23160.2275,0.8964562582905575,-0.4431322341826345,-1.0,-1.8369701987210294e-16,-0.7818314824680299,0.6234898018587334,0,weekend,28.439500000000002
2024-04-29,2024,4,29,120,18,0,204.57,2024-04-29 18:00:00+00:00,2024-04-29 19:00:00+00:00,57030.81,1020.3275,5197.2475,210.6825,41935.27,6428.257500000001,0.8887010478292915,-0.4584871291400876,-1.0,-1.8369701987210294e-16,0.0,1.0,0,weekday,27.994
2024-04-30,2024,4,30,121,18,1,132.41,2024-04-30 18:00:00+00:00,2024-04-30 19:00:00+00:00,56263.77,4427.3,9477.99,245.1925,43072.98,14150.4825,0.8806828564301475,-0.47370635037968,-1.0,-1.8369701987210294e-16,0.7818314824680298,0.6234898018587336,0,weekday,28.45
2024-05-01,2024,5,1,122,18,2,50.0,2024-05-01 18:00:00+00:00,2024-05-01 19:00:00+00:00,46638.565,5312.0575,24222.96,314.2025,50233.22,29849.22,0.8724040568049612,-0.4887853942889926,-1.0,-1.8369701987210294e-16,0.9749279121818236,-0.2225209339563143,1,holiday,28.7
2024-05-02,2024,5,2,123,18,3,85.14,2024-05-02 18:00:00+00:00,2024-05-02 19:00:00+00:00,56413.985,5412.455,20360.9075,244.68,52472.99,26018.042500000003,0.8638670987837349,-0.503719798736334,-1.0,-1.8369701987210294e-16,0.4338837391175582,-0.900968867902419,0,weekday,28.525
2024-05-03,2024,5,3,124,18,4,119.94,2024-05-03 18:00:00+00:00,2024-05-03 19:00:00+00:00,56106.09,3962.495,8969.3825,267.98,41594.0,13199.857499999998,0.8550745085896932,-0.518505144391157,-1.0,-1.8369701987210294e-16,-0.433883739117558,-0.9009688679024191,0,weekday,30.71
2024-05-04,2024,5,4,125,18,5,135.4,2024-05-04 18:00:00+00:00,2024-05-04 19:00:00+00:00,47692.3375,915.2975,3313.4125,236.3475,37370.79,4465.0575,0.8460288880917339,-0.533137056031809,-1.0,-1.8369701987210294e-16,-0.9749279121818236,-0.2225209339563146,0,weekend,30.53
2024-05-05,2024,5,5,126,18,6,111.92,2024-05-05 18:00:00+00:00,2024-05-05 19:00:00+00:00,47694.76,1144.3525,9081.5875,367.195,38160.66,10593.134999999998,0.8367329140344921,-0.5476112038402312,-1.0,-1.8369701987210294e-16,-0.7818314824680299,0.6234898018587334,0,weekend,30.625
2024-05-06,2024,5,6,127,18,0,143.99,2024-05-06 18:00:00+00:00,2024-05-06 19:00:00+00:00,57476.19,624.6125,6456.8550000000005,321.65250000000003,41878.73,7403.120000000001,0.8271893372462497,-0.5619233046832195,-1.0,-1.8369701987210294e-16,0.0,1.0,0,weekday,30.72
2024-05-07,2024,5,7,128,18,1,151.05,2024-05-07 18:00:00+00:00,2024-05-07 19:00:00+00:00,57301.7475,457.2925,6304.995,396.5225,43292.93,7158.81,0.8174009818249189,-0.5760691233798758,-1.0,-1.8369701987210294e-16,0.7818314824680298,0.6234898018587336,0,weekday,31.6
2024-05-08,2024,5,8,129,18,2,134.42,2024-05-08 18:00:00+00:00,2024-05-08 19:00:00+00:00,57374.3375,197.0025,4217.055,480.0475,40364.6,4894.105,0.8073707443023492,-0.5900444739548627,-1.0,-1.8369701987210294e-16,0.9749279121818236,-0.2225209339563143,0,weekday,30.585
2024-05-09,2024,5,9,130,18,3,132.79,2024-05-09 18:00:00+00:00,2024-05-09 19:00:00+00:00,46732.7025,877.3675000000001,2931.8050000000003,465.3425,34843.2,4274.515,0.7971015927871943,-0.6038452208771035,-1.0,-1.8369701987210294e-16,0.4338837391175582,-0.900968867902419,1,holiday,30.835
2024-05-10,2024,5,10,131,18,4,170.72,2024-05-10 18:00:00+00:00,2024-05-10 19:00:00+00:00,55137.61,159.5,2830.7325,530.6,37344.0,3520.8325,0.7865965660866021,-0.6174672802835514,-1.0,-1.8369701987210294e-16,-0.433883739117558,-0.9009688679024191,0,weekday,30.74
2024-05-11,2024,5,11,132,18,5,122.5,2024-05-11 18:00:00+00:00,2024-05-11 19:00:00+00:00,46508.7725,1294.86,7214.835,643.2175,37520.37,9152.9125,0.7758587728069828,-0.6309066211876704,-1.0,-1.8369701987210294e-16,-0.9749279121818236,-0.2225209339563146,0,weekend,30.03
2024-05-12,2024,5,12,133,18,6,75.74,2024-05-12 18:00:00+00:00,2024-05-12 19:00:00+00:00,47393.0025,5258.825,15349.14,685.1,45727.88,21293.065,0.7648913904341225,-0.6441592666722685,-1.0,-1.8369701987210294e-16,-0.7818314824680299,0.6234898018587334,0,weekend,29.8125
2024-05-13,2024,5,13,134,18,0,139.0,2024-05-13 18:00:00+00:00,2024-05-13 19:00:00+00:00,55646.625,4642.4025,15848.8525,726.875,50390.71,21218.13,0.753697664392914,-0.6572212950663319,-1.0,-1.8369701987210294e-16,0.0,1.0,0,weekday,29.595
2024-05-14,2024,5,14,135,18,1,93.47,2024-05-14 18:00:00+00:00,2024-05-14 19:00:00+00:00,55853.22,5630.327499999999,22587.2,769.0225,56105.28,28986.55,0.742280907086982,-0.6700888411055113,-1.0,-1.8369701987210294e-16,0.7818314824680298,0.6234898018587336,0,weekday,29.765
2024-05-15,2024,5,15,136,18,2,110.2,2024-05-15 18:00:00+00:00,2024-05-15 19:00:00+00:00,56443.6475,5358.42,21882.255,697.49,54552.37,27938.165000000005,0.7306444969184916,-0.6827580970759147,-1.0,-1.8369701987210294e-16,0.9749279121818236,-0.2225209339563143,0,weekday,29.585
2024-05-16,2024,5,16,137,18,3,109.91,2024-05-16 18:00:00+00:00,2024-05-16 19:00:00+00:00,58027.315,4936.9875,19327.5625,592.2574999999999,51935.11,24856.8075,0.7187918772884232,-0.6952253139408722,-1.0,-1.8369701987210294e-16,0.4338837391175582,-0.900968867902419,0,weekday,29.51
2024-05-17,2024,5,17,138,18,4,107.94,2024-05-17 18:00:00+00:00,2024-05-17 19:00:00+00:00,57054.315,5362.7525,17011.8775,581.6424999999999,50261.77,22956.2725,0.7067265555776158,-0.7074868024503348,-1.0,-1.8369701987210294e-16,-0.433883739117558,-0.9009688679024191,0,weekday,30.88
2024-05-18,2024,5,18,139,18,5,131.66,2024-05-18 18:00:00+00:00,2024-05-18 19:00:00+00:00,46964.6725,2792.495,4737.13,822.1625,36298.35,8351.7875,0.6944521021088763,-0.719538934232584,-1.0,-1.8369701987210294e-16,-0.9749279121818236,-0.2225209339563146,0,weekend,30.769
2024-05-19,2024,5,19,140,18,6,113.66,2024-05-19 18:00:00+00:00,2024-05-19 19:00:00+00:00,44490.8675,4018.0425,3392.905,923.555,34062.53,8334.5025,0.6819721490904629,-0.7313781428679254,-1.0,-1.8369701987210294e-16,-0.7818314824680299,0.6234898018587334,0,weekend,31.0445
2024-05-20,2024,5,20,141,18,0,135.9,2024-05-20 18:00:00+00:00,2024-05-20 19:00:00+00:00,46847.96,2783.4875,3882.475,1048.4925,35763.01,7714.455,0.6692903895412567,-0.7430009249440493,-1.0,-1.8369701987210294e-16,0.0,1.0,1,holiday,31.32
2024-05-21,2024,5,21,142,18,1,99.07,2024-05-21 18:00:00+00:00,2024-05-21 19:00:00+00:00,57279.2625,4871.885,19227.8,661.4925000000001,52398.42,24761.1775,0.6564105761979381,-0.7544038410927472,-1.0,-1.8369701987210294e-16,0.7818314824680298,0.6234898018587336,0,weekday,31.625
2024-05-22,2024,5,22,143,18,2,154.88,2024-05-22 18:00:00+00:00,2024-05-22 19:00:00+00:00,58080.8175,1860.995,4209.02,898.8000000000001,41618.58,6968.8150000000005,0.6433365204044917,-0.765583517007675,-1.0,-1.8369701987210294e-16,0.9749279121818236,-0.2225209339563143,0,weekday,32.88
2024-05-23,2024,5,23,144,18,3,180.06,2024-05-23 18:00:00+00:00,2024-05-23 19:00:00+00:00,57563.4275,714.8075,1111.735,1011.365,42296.39,2837.9075000000003,0.6300720909843687,-0.7765366444428655,-1.0,-1.8369701987210294e-16,0.4338837391175582,-0.900968867902419,0,weekday,34.62
2024-05-24,2024,5,24,145,18,4,125.0,2024-05-24 18:00:00+00:00,2024-05-24 19:00:00+00:00,56396.9925,1312.5375,6621.4375,912.255,45533.33,8846.23,0.6166212130956382,-0.7872599821916922,-1.0,-1.8369701987210294e-16,-0.433883739117558,-0.9009688679024191,0,weekday,35.6
2024-05-25,2024,5,25,146,18,5,131.92,2024-05-25 18:00:00+00:00,2024-05-25 19:00:00+00:00,46534.235,1179.27,1156.1075,1232.915,34842.48,3568.2925,0.6029878670694714,-0.7977503570459932,-1.0,-1.8369701987210294e-16,-0.9749279121818236,-0.2225209339563146,0,weekend,34.115
2024-05-26,2024,5,26,147,18,6,118.74,2024-05-26 18:00:00+00:00,2024-05-26 19:00:00+00:00,45560.135,1402.7575,4162.22,1140.165,36428.8,6705.1425,0.5891760872322963,-0.8080046647350754,-1.0,-1.8369701987210294e-16,-0.7818314824680299,0.6234898018587334,0,weekend,34.21333333333333
2024-05-27,2024,5,27,148,18,0,221.46,2024-05-27 18:00:00+00:00,2024-05-27 19:00:00+00:00,56870.6825,172.0125,2558.61,840.7724999999999,43388.61,3571.395,0.5751899607119775,-0.8180198708443174,-1.0,-1.8369701987210294e-16,0.0,1.0,0,weekday,34.31166666666667
2024-05-28,2024,5,28,149,18,1,144.31,2024-05-28 18:00:00+00:00,2024-05-28 19:00:00+00:00,57470.5925,956.32,4516.835,1328.31,44188.22,6801.465,0.5610336262283677,-0.8277930117131022,-1.0,-1.8369701987210294e-16,0.7818314824680298,0.6234898018587336,0,weekday,34.41
2024-05-29,2024,5,29,150,18,2,140.5,2024-05-29 18:00:00+00:00,2024-05-29 19:00:00+00:00,57653.98,2561.955,7128.595,986.075,45453.3,10676.625,0.5467112728685939,-0.8373211953118121,-1.0,-1.8369701987210294e-16,0.9749279121818236,-0.2225209339563143,0,weekday,34.135
2024-05-30,2024,5,30,151,18,3,154.73,2024-05-30 18:00:00+00:00,2024-05-30 19:00:00+00:00,50468.6725,263.5025,2480.865,1233.155,37022.42,3977.5225,0.5322271388474397,-0.8466016020976267,-1.0,-1.8369701987210294e-16,0.4338837391175582,-0.900968867902419,0,weekday,33.875
2024-05-31,2024,5,31,152,18,4,115.0,2024-05-31 18:00:00+00:00,2024-05-31 19:00:00+00:00,53262.8675,4041.375,5920.8675,923.405,40977.39,10885.6475,0.5175855102531889,-0.8556314858488706,-1.0,-1.8369701987210294e-16,-0.433883739117558,-0.9009688679024191,0,weekday,35.28
2024-06-01,2024,6,1,153,18,5,85.86,2024-06-01 18:00:00+00:00,2024-06-01 19:00:00+00:00,47046.75,4863.0025000000005,10360.845,1096.6475,43171.71,16320.495,0.5027907197793043,-0.8644081744776648,-1.0,-1.8369701987210294e-16,-0.9749279121818236,-0.2225209339563146,0,weekend,34.223
2024-06-02,2024,6,2,154,18,6,94.99,2024-06-02 18:00:00+00:00,2024-06-02 19:00:00+00:00,46417.3475,4136.88,13276.11,1436.835,42979.22,18849.825,0.4878471454423119,-0.8729290708206411,-1.0,-1.8369701987210294e-16,-0.7818314824680299,0.6234898018587334,0,weekend,35.2265
2024-06-03,2024,6,3,155,18,0,215.28,2024-06-03 18:00:00+00:00,2024-06-03 19:00:00+00:00,56085.2175,1593.97,5160.7175,1421.2175,42432.33,8175.905,0.4727592092862775,-0.881191653407483,-1.0,-1.8369701987210294e-16,0.0,1.0,0,weekday,36.23
2024-06-04,2024,6,4,156,18,1,235.52,2024-06-04 18:00:00+00:00,2024-06-04 19:00:00+00:00,56406.1475,3730.495,4985.7925,1751.3200000000002,45988.09,10467.607499999998,0.4575313760742512,-0.8891934772070711,-1.0,-1.8369701987210294e-16,0.7818314824680298,0.6234898018587336,0,weekday,36.075
2024-06-05,2024,6,5,157,18,2,155.9,2024-06-05 18:00:00+00:00,2024-06-05 19:00:00+00:00,56091.51,2831.32,6038.37,1512.845,45740.0,10382.535,0.442168151967072,-0.8969321743510065,-1.0,-1.8369701987210294e-16,0.9749279121818236,-0.2225209339563143,0,weekday,33.75
2024-06-06,2024,6,6,158,18,3,163.98,2024-06-06 18:00:00+00:00,2024-06-06 19:00:00+00:00,56862.97,1248.065,3541.685,1847.3025,42731.87,6637.0525,0.4266740831899246,-0.9044054548343,-1.0,-1.8369701987210294e-16,0.4338837391175582,-0.900968867902419,0,weekday,33.225
2024-06-07,2024,6,7,159,18,4,154.75,2024-06-07 18:00:00+00:00,2024-06-07 19:00:00+00:00,54652.7225,2811.81,3084.515,1910.595,41165.83,7806.92,0.4110537546870351,-0.911611107193024,-1.0,-1.8369701987210294e-16,-0.433883739117558,-0.9009688679024191,0,weekday,32.885
2024-06-08,2024,6,8,160,18,5,99.32,2024-06-08 18:00:00+00:00,2024-06-08 19:00:00+00:00,47452.885,4376.345,16121.31,1615.765,46710.21,22113.42,0.3953117887649151,-0.9185469991587164,-1.0,-1.8369701987210294e-16,-0.9749279121818236,-0.2225209339563146,0,weekend,33.109
2024-06-09,2024,6,9,161,18,6,115.86,2024-06-09 18:00:00+00:00,2024-06-09 19:00:00+00:00,46736.495,5186.4575,9835.0725,1741.86,46066.0,16763.39,0.3794528437245443,-0.925211078289358,-1.0,-1.8369701987210294e-16,-0.7818314824680299,0.6234898018587334,0,weekend,33.057
2024-06-10,2024,6,10,162,18,0,124.45,2024-06-10 18:00:00+00:00,2024-06-10 19:00:00+00:00,56027.275,4685.3525,11638.21,1444.4450000000002,50143.27,17768.0075,0.3634816124829063,-0.9316013725767188,-1.0,-1.8369701987210294e-16,0.0,1.0,0,weekday,33.005
2024-06-11,2024,6,11,163,18,1,127.64,2024-06-11 18:00:00+00:00,2024-06-11 19:00:00+00:00,56209.2725,5135.9400000000005,12558.03,2009.79,50161.18,19703.76,0.3474028211842774,-0.9377159910299092,-1.0,-1.8369701987210294e-16,0.7818314824680298,0.6234898018587336,0,weekday,33.675
2024-06-12,2024,6,12,164,18,2,154.34,2024-06-12 18:00:00+00:00,2024-06-12 19:00:00+00:00,56195.2275,3180.7875,5594.665,2002.6675,47880.05,10778.12,0.3312212278016865,-0.9435531242349544,-1.0,-1.8369701987210294e-16,0.9749279121818236,-0.2225209339563143,0,weekday,34.055
2024-06-13,2024,6,13,165,18,3,188.35,2024-06-13 18:00:00+00:00,2024-06-13 19:00:00+00:00,56691.8775,935.1975,1892.9275,2056.41,43167.73,4884.535,0.3149416207289519,-0.9491110448902284,-1.0,-1.8369701987210294e-16,0.4338837391175582,-0.900968867902419,0,weekday,35.665
2024-06-14,2024,6,14,166,18,4,127.31,2024-06-14 18:00:00+00:00,2024-06-14 19:00:00+00:00,55342.74,2502.9125,8658.5375,1696.54,43589.35,12857.990000000002,0.2985688173637202,-0.9543881083175908,-1.0,-1.8369701987210294e-16,-0.433883739117558,-0.9009688679024191,0,weekday,35.375
2024-06-15,2024,6,15,167,18,5,84.28,2024-06-15 18:00:00+00:00,2024-06-15 19:00:00+00:00,47607.37,4382.0875,10878.0675,2019.85,39757.14,17280.004999999997,0.2821076626819194,-0.9593827529490744,-1.0,-1.8369701987210294e-16,-0.9749279121818236,-0.2225209339563146,0,weekend,35.36
2024-06-16,2024,6,16,168,18,6,119.15,2024-06-16 18:00:00+00:00,2024-06-16 19:00:00+00:00,47054.08,2512.82,7123.435,1716.405,38217.03,11352.660000000002,0.2655630278040559,-0.9640935007889756,-1.0,-1.8369701987210294e-16,-0.7818314824680299,0.6234898018587334,0,weekend,35.379999999999995
2024-06-17,2024,6,17,169,18,0,210.16,2024-06-17 18:00:00+00:00,2024-06-17 19:00:00+00:00,53458.46,500.7025,2246.5375,1824.8225,43560.57,4572.0625,0.2489398085537665,-0.9685189578512204,-1.0,-1.8369701987210294e-16,0.0,1.0,0,weekday,35.4
2024-06-18,2024,6,18,170,18,1,171.87,2024-06-18 18:00:00+00:00,2024-06-18 19:00:00+00:00,53286.8125,567.75,5052.9975,1433.8525,43680.1,7054.6,0.2322429240090701,-0.9726578145718654,-1.0,-1.8369701987210294e-16,0.7818314824680298,0.6234898018587336,0,weekday,34.28
2024-06-19,2024,6,19,171,18,2,143.66,2024-06-19 18:00:00+00:00,2024-06-19 19:00:00+00:00,53215.9975,2511.5225,7916.07,2089.59,45295.98,12517.1825,0.2154773150467301,-0.976508846196619,-1.0,-1.8369701987210294e-16,0.9749279121818236,-0.2225209339563143,0,weekday,34.7
2024-06-20,2024,6,20,172,18,3,200.09,2024-06-20 18:00:00+00:00,2024-06-20 19:00:00+00:00,55458.0375,301.88,4107.4975,1338.2075,42654.89,5747.585000000001,0.1986479428801711,-0.9800709131432666,-1.0,-1.8369701987210294e-16,0.4338837391175582,-0.900968867902419,0,weekday,34.53
2024-06-21,2024,6,21,173,18,4,114.4,2024-06-21 18:00:00+00:00,2024-06-21 19:00:00+00:00,54879.66,1585.9025,9885.77,1211.1575,43655.53,12682.83,0.1817597875913753,-0.9833429613388902,-1.0,-1.8369701987210294e-16,-0.433883739117558,-0.9009688679024191,0,weekday,34.4
2024-06-22,2024,6,22,174,18,5,122.81,2024-06-22 18:00:00+00:00,2024-06-22 19:00:00+00:00,47461.34,1601.47,7039.7075,1848.935,35237.94,10490.1125,0.1648178466571979,-0.9863240225317866,-1.0,-1.8369701987210294e-16,-0.9749279121818236,-0.2225209339563146,0,weekend,33.936
2024-06-23,2024,6,23,175,18,6,115.14,2024-06-23 18:00:00+00:00,2024-06-23 19:00:00+00:00,46049.9675,528.8075,3693.24,2170.64,34336.61,6392.6875,0.1478271334705304,-0.9890132145779884,-1.0,-1.8369701987210294e-16,-0.7818314824680299,0.6234898018587334,0,weekend,33.867999999999995
2024-06-24,2024,6,24,176,18,0,209.32,2024-06-24 18:00:00+00:00,2024-06-24 19:00:00+00:00,56100.8,66.9175,3925.0625,2244.33,43277.82,6236.31,0.1307926758567592,-0.9914097417023038,-1.0,-1.8369701987210294e-16,0.0,1.0,0,weekday,33.8
2024-06-25,2024,6,25,177,18,1,136.69,2024-06-25 18:00:00+00:00,2024-06-25 19:00:00+00:00,56076.3775,1159.7775,8303.1575,2273.77,45685.35,11736.705,0.1137195145859496,-0.9935128947338008,-1.0,-1.8369701987210294e-16,0.7818314824680298,0.6234898018587336,0,weekday,34.325
2024-06-26,2024,6,26,178,18,2,134.39,2024-06-26 18:00:00+00:00,2024-06-26 19:00:00+00:00,55883.9375,2138.0575,6666.0125,2014.885,46166.88,10818.955,0.0966127018812031,-0.9953220513156602,-1.0,-1.8369701987210294e-16,0.9749279121818236,-0.2225209339563143,0,weekday,35.15
2024-06-27,2024,6,27,179,18,3,200.04,2024-06-27 18:00:00+00:00,2024-06-27 19:00:00+00:00,55747.0475,1428.5425,3466.56,2047.905,42716.91,6943.0075,0.0794772999236209,-0.9968366760893436,-1.0,-1.8369701987210294e-16,0.4338837391175582,-0.900968867902419,0,weekday,34.125
2024-06-28,2024,6,28,180,18,4,108.93,2024-06-28 18:00:00+00:00,2024-06-28 19:00:00+00:00,54255.02,4045.5025,7807.255,2304.675,40427.73,14157.4325,0.062318379354325,-0.998056320853012,-1.0,-1.8369701987210294e-16,-0.433883739117558,-0.9009688679024191,0,weekday,34.675
2024-06-29,2024,6,29,181,18,5,139.2,2024-06-29 18:00:00+00:00,2024-06-29 19:00:00+00:00,46908.705,234.815,6008.575,1857.875,35994.45,8101.264999999999,0.0451410177739719,-0.998980624694158,-1.0,-1.8369701987210294e-16,-0.9749279121818236,-0.2225209339563146,0,weekend,34.48
2024-06-30,2024,6,30,182,18,6,99.9,2024-06-30 18:00:00+00:00,2024-06-30 19:00:00+00:00,46666.7,1758.4425,11906.475,1238.6225,37818.95,14903.54,0.0279502982402103,-0.999609314096404,-1.0,-1.8369701987210294e-16,-0.7818314824680299,0.6234898018587334,0,weekend,34.489999999999995
2024-07-01,2024,7,1,183,18,0,166.79,2024-07-01 18:00:00+00:00,2024-07-01 19:00:00+00:00,57399.6,2217.07,9238.3075,1838.6225,45896.94,13294.0,0.0107513077635219,-0.9999422030204416,-1.0,-1.8369701987210294e-16,0.0,1.0,0,weekday,34.5
2024-07-02,2024,7,2,184,18,1,115.0,2024-07-02 18:00:00+00:00,2024-07-02 19:00:00+00:00,57630.9975,4003.3875,11420.4625,913.265,47106.21,16337.114999999998,-0.0064508641981051,-0.9999791929590824,-1.0,-1.8369701987210294e-16,0.7818314824680298,0.6234898018587336,0,weekday,33.525
2024-07-03,2024,7,3,185,18,2,163.89,2024-07-03 18:00:00+00:00,2024-07-03 19:00:00+00:00,56835.7075,2940.7725,5515.5725,1063.1175,42848.37,9519.4625,-0.0236511272452315,-0.9997202729664084,-1.0,-1.8369701987210294e-16,0.9749279121818236,-0.2225209339563143,0,weekday,33.25
2024-07-04,2024,7,4,186,18,3,86.91,2024-07-04 18:00:00+00:00,2024-07-04 19:00:00+00:00,57147.1275,4878.0,15281.4025,2026.585,47570.04,22185.9875,-0.0408443915432961,-0.9991655196610107,-1.0,-1.8369701987210294e-16,0.4338837391175582,-0.900968867902419,0,weekday,32.69
2024-07-05,2024,7,5,187,18,4,142.36,2024-07-05 18:00:00+00:00,2024-07-05 19:00:00+00:00,54792.0875,2379.06,9633.2325,1693.9175,41122.04,13706.21,-0.0580255693287803,-0.9983150972033183,-1.0,-1.8369701987210294e-16,-0.433883739117558,-0.9009688679024191,0,weekday,32.505
2024-07-06,2024,7,6,188,18,5,6.69,2024-07-06 18:00:00+00:00,2024-07-06 19:00:00+00:00,46980.4575,3954.02,24771.5075,1259.1825,51440.98,29984.71,-0.0751895764147585,-0.9971692572470178,-1.0,-1.8369701987210294e-16,-0.9749279121818236,-0.2225209339563146,0,weekend,33.065
2024-07-07,2024,7,7,189,18,6,125.64,2024-07-07 18:00:00+00:00,2024-07-07 19:00:00+00:00,47257.07,1983.1475,2998.755,1839.6525,33428.36,6821.555,-0.0923313336953912,-0.9957283388645872,-1.0,-1.8369701987210294e-16,-0.7818314824680299,0.6234898018587334,0,weekend,33.129999999999995
2024-07-08,2024,7,8,190,18,0,257.35,2024-07-08 18:00:00+00:00,2024-07-08 19:00:00+00:00,56729.1875,83.4975,1019.57,1929.9775,42038.48,3033.045,-0.1094457686489155,-0.993992768446958,-1.0,-1.8369701987210294e-16,0.0,1.0,0,weekday,33.195
2024-07-09,2024,7,9,191,18,1,147.64,2024-07-09 18:00:00+00:00,2024-07-09 19:00:00+00:00,56870.86,3193.235,8426.4125,2049.68,45048.84,13669.3275,-0.1265278168386831,-0.9919630595773395,-1.0,-1.8369701987210294e-16,0.7818314824680298,0.6234898018587336,0,weekday,32.175
2024-07-10,2024,7,10,192,18,2,148.61,2024-07-10 18:00:00+00:00,2024-07-10 19:00:00+00:00,55989.815,1623.2725,2091.6725,1619.9275,40995.37,5334.8725,-0.1435724234118113,-0.9896398128792412,-1.0,-1.8369701987210294e-16,0.9749279121818236,-0.2225209339563143,0,weekday,31.25
2024-07-11,2024,7,11,193,18,3,184.33,2024-07-11 18:00:00+00:00,2024-07-11 19:00:00+00:00,56368.9525,898.21,1740.525,1879.35,41924.97,4518.085,-0.1605745445949937,-0.9870237158387384,-1.0,-1.8369701987210294e-16,0.4338837391175582,-0.900968867902419,0,weekday,30.85
2024-07-12,2024,7,12,194,18,4,93.29,2024-07-12 18:00:00+00:00,2024-07-12 19:00:00+00:00,53879.28,2890.34,9307.345,1004.3475,41436.21,13202.0325,-0.1775291491870349,-0.984115542601034,-1.0,-1.8369701987210294e-16,-0.433883739117558,-0.9009688679024191,0,weekday,31.27
2024-07-13,2024,7,13,195,18,5,75.45,2024-07-13 18:00:00+00:00,2024-07-13 19:00:00+00:00,46417.07,4146.2975,10025.55,1868.7875,39663.87,16040.635,-0.1944312200476619,-0.9809161537413774,-1.0,-1.8369701987210294e-16,-0.9749279121818236,-0.2225209339563146,0,weekend,31.72
2024-07-14,2024,7,14,196,18,6,115.8,2024-07-14 18:00:00+00:00,2024-07-14 19:00:00+00:00,46934.195,4522.7725,5045.6675,1493.9575,37689.27,11062.3975,-0.2112757555821793,-0.9774264960104057,-1.0,-1.8369701987210294e-16,-0.7818314824680299,0.6234898018587334,0,weekend,31.79
2024-07-15,2024,7,15,197,18,0,224.96,2024-07-15 18:00:00+00:00,2024-07-15 19:00:00+00:00,56541.305,293.34,4015.155,1666.1575,40889.63,5974.6525,-0.2280577712215198,-0.9736476020539838,-1.0,-1.8369701987210294e-16,0.0,1.0,0,weekday,31.86
2024-07-16,2024,7,16,198,18,1,121.6,2024-07-16 18:00:00+00:00,2024-07-16 19:00:00+00:00,56541.715,4149.5075,12262.33,1757.7025,46642.43,18169.54,-0.2447723008972595,-0.9695805901076308,-1.0,-1.8369701987210294e-16,0.7818314824680298,0.6234898018587336,0,weekday,31.495
2024-07-17,2024,7,17,199,18,2,187.95,2024-07-17 18:00:00+00:00,2024-07-17 19:00:00+00:00,55890.045,1862.96,5408.375,1771.785,43921.36,9043.12,-0.2614143985111562,-0.965226663665613,-1.0,-1.8369701987210294e-16,0.9749279121818236,-0.2225209339563143,0,weekday,32.905
2024-07-18,2024,7,18,200,18,3,227.6,2024-07-18 18:00:00+00:00,2024-07-18 19:00:00+00:00,55914.7525,395.59,1521.3225,1749.035,41968.68,3665.9475,-0.2779791393987801,-0.9605871111248128,-1.0,-1.8369701987210294e-16,0.4338837391175582,-0.900968867902419,0,weekday,31.84
2024-07-19,2024,7,19,201,18,4,190.46,2024-07-19 18:00:00+00:00,2024-07-19 19:00:00+00:00,52959.3375,953.2025,3135.79,1609.3875,40801.42,5698.38,-0.2944616217868012,-0.9556633054034704,-1.0,-1.8369701987210294e-16,-0.433883739117558,-0.9009688679024191,0,weekday,32.53
2024-07-20,2024,7,20,202,18,5,134.75,2024-07-20 18:00:00+00:00,2024-07-20 19:00:00+00:00,46613.5875,3002.16,7521.309999999999,1735.3425,37900.69,12258.812499999998,-0.3108569682435036,-0.9504567035349152,-1.0,-1.8369701987210294e-16,-0.9749279121818236,-0.2225209339563146,0,weekend,32.17
2024-07-21,2024,7,21,203,18,6,127.68,2024-07-21 18:00:00+00:00,2024-07-21 19:00:00+00:00,45738.1425,1649.0700000000002,5372.1275000000005,1177.7125,33634.32,8198.91,-0.3271603271220951,-0.9449688462364056,-1.0,-1.8369701987210294e-16,-0.7818314824680299,0.6234898018587334,0,weekend,31.985
2024-07-22,2024,7,22,204,18,0,186.24,2024-07-22 18:00:00+00:00,2024-07-22 19:00:00+00:00,55780.3925,1456.065,4748.3175,1427.1875,38553.01,7631.57,-0.343366873996388,-0.939201357453208,-1.0,-1.8369701987210294e-16,0.0,1.0,0,weekday,31.8
2024-07-23,2024,7,23,205,18,1,118.52,2024-07-23 18:00:00+00:00,2024-07-23 19:00:00+00:00,55444.08,2663.2825000000003,8467.192500000001,1086.605,42711.03,12217.080000000002,-0.3594718130884232,-0.9331559438780432,-1.0,-1.8369701987210294e-16,0.7818314824680298,0.6234898018587336,0,weekday,31.62
2024-07-24,2024,7,24,206,18,2,109.93,2024-07-24 18:00:00+00:00,2024-07-24 19:00:00+00:00,54934.7875,1786.55,8305.185,1437.0625,40966.17,11528.7975,-0.3754703786876202,-0.9268343944460494,-1.0,-1.8369701987210294e-16,0.9749279121818236,-0.2225209339563143,0,weekday,31.525
2024-07-25,2024,7,25,207,18,3,155.72,2024-07-25 18:00:00+00:00,2024-07-25 19:00:00+00:00,55101.56,1734.185,1700.3725,1212.7175,40321.86,4647.275,-0.3913578365610259,-0.9202385798054076,-1.0,-1.8369701987210294e-16,0.4338837391175582,-0.900968867902419,0,weekday,32.38
2024-07-26,2024,7,26,208,18,4,143.25,2024-07-26 18:00:00+00:00,2024-07-26 19:00:00+00:00,52302.21,660.7,2402.715,1064.755,39016.42,4128.17,-0.4071294853542516,-0.9133704517637858,-1.0,-1.8369701987210294e-16,-0.433883739117558,-0.9009688679024191,0,weekday,32.135
2024-07-27,2024,7,27,209,18,5,123.1,2024-07-27 18:00:00+00:00,2024-07-27 19:00:00+00:00,45840.4025,94.49,1789.89,600.815,34234.81,2485.195,-0.4227806579826773,-0.9062320427107696,-1.0,-1.8369701987210294e-16,-0.9749279121818236,-0.2225209339563146,0,weekend,32.475
2024-07-28,2024,7,28,210,18,6,111.85,2024-07-28 18:00:00+00:00,2024-07-28 19:00:00+00:00,45684.8175,2030.21,7699.43,1333.375,35642.22,11063.015,-0.4383067230125192,-0.898825465016444,-1.0,-1.8369701987210294e-16,-0.7818314824680299,0.6234898018587334,0,weekend,32.975
2024-07-29,2024,7,29,211,18,0,178.07,2024-07-29 18:00:00+00:00,2024-07-29 19:00:00+00:00,55323.135,454.1725,2117.26,1279.9375,39675.71,3851.37,-0.4537030860313442,-0.8911529104063088,-1.0,-1.8369701987210294e-16,0.0,1.0,0,weekday,33.475
2024-07-30,2024,7,30,212,18,1,177.13,2024-07-30 18:00:00+00:00,2024-07-30 19:00:00+00:00,55175.3475,159.395,2029.325,1178.6025,40566.76,3367.3225,-0.4689651910076318,-0.8832166493127127,-1.0,-1.8369701987210294e-16,0.7818314824680298,0.6234898018587336,0,weekday,33.74
2024-07-31,2024,7,31,213,18,2,136.15,2024-07-31 18:00:00+00:00,2024-07-31 19:00:00+00:00,54774.8725,1235.0775,5182.8975,952.705,40123.64,7370.68,-0.4840885216389758,-0.8750190302029955,-1.0,-1.8369701987210294e-16,0.9749279121818236,-0.2225209339563143,0,weekday,35.735
2024-08-01,2024,8,1,214,18,3,138.07,2024-08-01 18:00:00+00:00,2024-08-01 19:00:00+00:00,54950.9875,838.8625,5923.9725,549.94,43635.04,7312.775,-0.4990686026885319,-0.8665624788845385,-1.0,-1.8369701987210294e-16,0.4338837391175582,-0.900968867902419,0,weekday,36.14
2024-08-02,2024,8,2,215,18,4,146.19,2024-08-02 18:00:00+00:00,2024-08-02 19:00:00+00:00,52156.1275,141.4,1947.455,782.38,39363.77,2871.235,-0.5139010013093103,-0.8578494977869301,-1.0,-1.8369701987210294e-16,-0.433883739117558,-0.9009688679024191,0,weekday,36.67
2024-08-03,2024,8,3,216,18,5,124.64,2024-08-03 18:00:00+00:00,2024-08-03 19:00:00+00:00,45590.61,975.9625,3608.795,602.5274999999999,34428.9,5187.285,-0.5285813283559292,-0.8488826652214553,-1.0,-1.8369701987210294e-16,-0.9749279121818236,-0.2225209339563146,0,weekend,36.65
2024-08-04,2024,8,4,217,18,6,119.92,2024-08-04 18:00:00+00:00,2024-08-04 19:00:00+00:00,45256.78,1862.37,8654.625,543.6075,36392.97,11060.6025,-0.5431052396834317,-0.8396646346181327,-1.0,-1.8369701987210294e-16,-0.7818314824680299,0.6234898018587334,0,weekend,36.71
2024-08-05,2024,8,5,218,18,0,250.01,2024-08-05 18:00:00+00:00,2024-08-05 19:00:00+00:00,54207.2425,572.8925,1006.38,735.4025,40256.11,2314.675,-0.5574684374327892,-0.8301981337405212,-1.0,-1.8369701987210294e-16,0.0,1.0,0,weekday,36.77
2024-08-06,2024,8,6,219,18,1,230.85,2024-08-06 18:00:00+00:00,2024-08-06 19:00:00+00:00,53998.8,567.3875,2690.2475,716.6949999999999,43046.65,3974.33,-0.5716666713027052,-0.8204859638785327,-1.0,-1.8369701987210294e-16,0.7818314824680298,0.6234898018587336,0,weekday,36.25
2024-08-07,2024,8,7,220,18,2,149.28,2024-08-07 18:00:00+00:00,2024-08-07 19:00:00+00:00,53660.5575,1543.245,5421.7375,486.16,42681.87,7451.1425,-0.5856957398073508,-0.8105309990194823,-1.0,-1.8369701987210294e-16,0.9749279121818236,-0.2225209339563143,0,weekday,36.755
2024-08-08,2024,8,8,221,18,3,197.31,2024-08-08 18:00:00+00:00,2024-08-08 19:00:00+00:00,54291.745,1472.6775,1679.9075,574.88,40606.1,3727.465,-0.5995514915196489,-0.8003361849976323,-1.0,-1.8369701987210294e-16,0.4338837391175582,-0.900968867902419,0,weekday,38.62
2024-08-09,2024,8,9,222,18,4,124.97,2024-08-09 18:00:00+00:00,2024-08-09 19:00:00+00:00,52158.2625,4413.07,16686.8775,468.285,47030.28,21568.2325,-0.6132298262997502,-0.7899045386224707,-1.0,-1.8369701987210294e-16,-0.433883739117558,-0.9009688679024191,0,weekday,40.035
2024-08-10,2024,8,10,223,18,5,125.43,2024-08-10 18:00:00+00:00,2024-08-10 19:00:00+00:00,44779.5375,4109.575,7587.997499999999,508.19,38202.53,12205.7625,-0.6267266965083301,-0.7792391467859886,-1.0,-1.8369701987210294e-16,-0.9749279121818236,-0.2225209339563146,0,weekend,40.395
2024-08-11,2024,8,11,224,18,6,137.18,2024-08-11 18:00:00+00:00,2024-08-11 19:00:00+00:00,45446.195,1030.855,4613.9625,465.705,32665.83,6110.522499999999,-0.6400381082043503,-0.7683431655492202,-1.0,-1.8369701987210294e-16,-0.7818314824680299,0.6234898018587334,0,weekend,40.010000000000005
2024-08-12,2024,8,12,225,18,0,224.84,2024-08-12 18:00:00+00:00,2024-08-12 19:00:00+00:00,55998.33,3463.9625,6574.83,426.6225,46465.15,10465.415,-0.65316012232693,-0.7572198192083127,-1.0,-1.8369701987210294e-16,0.0,1.0,0,weekday,39.625
2024-08-13,2024,8,13,226,18,1,205.35,2024-08-13 18:00:00+00:00,2024-08-13 19:00:00+00:00,56452.605,1565.1175,9220.5125,336.97,47122.17,11122.6,-0.666088855860977,-0.7458723993404063,-1.0,-1.8369701987210294e-16,0.7818314824680298,0.6234898018587336,0,weekday,39.395
2024-08-14,2024,8,14,227,18,2,218.92,2024-08-14 18:00:00+00:00,2024-08-14 19:00:00+00:00,55757.4125,1548.7025,5735.9,238.825,44109.41,7523.4275,-0.6788204829862355,-0.734304263829602,-1.0,-1.8369701987210294e-16,0.9749279121818236,-0.2225209339563143,0,weekday,39.57
2024-08-15,2024,8,15,228,18,3,160.3,2024-08-15 18:00:00+00:00,2024-08-15 19:00:00+00:00,51962.0825,3496.9425,3094.565,274.805,41008.98,6866.3125,-0.6913512362094071,-0.722518835873311,-1.0,-1.8369701987210294e-16,0.4338837391175582,-0.900968867902419,0,weekday,39.095
2024-08-16,2024,8,16,229,18,4,243.12,2024-08-16 18:00:00+00:00,2024-08-16 19:00:00+00:00,53814.7925,286.18,2565.455,206.1675,40425.16,3057.8025,-0.7036774074790128,-0.7105196029692745,-1.0,-1.8369701987210294e-16,-0.433883739117558,-0.9009688679024191,0,weekday,39.69
2024-08-17,2024,8,17,230,18,5,149.18,2024-08-17 18:00:00+00:00,2024-08-17 19:00:00+00:00,46207.7575,156.6625,1978.905,183.8075,35726.02,2319.375,-0.7157953492826642,-0.6983101158835584,-1.0,-1.8369701987210294e-16,-0.9749279121818236,-0.2225209339563146,0,weekend,39.645
2024-08-18,2024,8,18,231,18,6,115.68,2024-08-18 18:00:00+00:00,2024-08-18 19:00:00+00:00,45434.75,2138.995,7561.332499999999,157.715,35607.08,9858.0425,-0.7277014757264236,-0.6858939875998223,-1.0,-1.8369701987210294e-16,-0.7818314824680299,0.6234898018587334,0,weekend,39.455
2024-08-19,2024,8,19,232,18,0,203.83,2024-08-19 18:00:00+00:00,2024-08-19 19:00:00+00:00,53949.535,1179.2375,1414.365,158.32,42627.31,2751.9225,-0.7393922635959241,-0.673274892250183,-1.0,-1.8369701987210294e-16,0.0,1.0,0,weekday,39.265
2024-08-20,2024,8,20,233,18,1,154.71,2024-08-20 18:00:00+00:00,2024-08-20 19:00:00+00:00,53991.880000000005,2220.2525,6492.34,115.995,44308.18,8828.587500000001,-0.7508642533989489,-0.6604565640279754,-1.0,-1.8369701987210294e-16,0.7818314824680298,0.6234898018587336,0,weekday,39.295
2024-08-21,2024,8,21,234,18,2,140.35,2024-08-21 18:00:00+00:00,2024-08-21 19:00:00+00:00,54440.7225,5309.5425,14120.96,132.1725,46273.1,19562.675,-0.7621140503891487,-0.6474427960827475,-1.0,-1.8369701987210294e-16,0.9749279121818236,-0.2225209339563143,0,weekday,37.91
2024-08-22,2024,8,22,235,18,3,111.5,2024-08-22 18:00:00+00:00,2024-08-22 19:00:00+00:00,52785.935,4732.455,13393.6875,109.9075,45370.42,18236.050000000003,-0.7731383255706026,-0.6342374393978054,-1.0,-1.8369701987210294e-16,0.4338837391175582,-0.900968867902419,0,weekday,37.225
2024-08-23,2024,8,23,236,18,4,118.57,2024-08-23 18:00:00+00:00,2024-08-23 19:00:00+00:00,53098.6575,5554.7725,18829.2625,89.9625,48756.97,24473.9975,-0.7839338166829201,-0.620844401650647,-1.0,-1.8369701987210294e-16,-0.433883739117558,-0.9009688679024191,0,weekday,36.975
2024-08-24,2024,8,24,237,18,5,80.08,2024-08-24 18:00:00+00:00,2024-08-24 19:00:00+00:00,45444.545,3326.4475,22510.995000000003,95.6,46544.28,25933.042500000003,-0.7944973291665992,-0.6072676460566135,-1.0,-1.8369701987210294e-16,-0.9749279121818236,-0.2225209339563146,0,weekend,36.865
2024-08-25,2024,8,25,238,18,6,119.45,2024-08-25 18:00:00+00:00,2024-08-25 19:00:00+00:00,45504.6275,5108.3175,3821.035,70.5125,34069.22,8999.865000000002,-0.8048257371083452,-0.593511190196115,-1.0,-1.8369701987210294e-16,-0.7818314824680299,0.6234898018587334,0,weekend,36.82
2024-08-26,2024,8,26,239,18,0,231.06,2024-08-26 18:00:00+00:00,2024-08-26 19:00:00+00:00,54892.09,1217.42,2538.9225,52.515,42277.95,3808.8575,-0.8149159841660791,-0.5795791048257612,-1.0,-1.8369701987210294e-16,0.0,1.0,0,weekday,36.775
2024-08-27,2024,8,27,240,18,1,217.92,2024-08-27 18:00:00+00:00,2024-08-27 19:00:00+00:00,55316.7875,590.2425000000001,7094.6825,50.8275,45888.33,7735.7525,-0.8247650844733614,-0.5654755126737576,-1.0,-1.8369701987210294e-16,0.7818314824680298,0.6234898018587336,0,weekday,37.475
2024-08-28,2024,8,28,241,18,2,204.03,2024-08-28 18:00:00+00:00,2024-08-28 19:00:00+00:00,55552.3825,3380.82,7116.175,42.0825,47402.21,10539.0775,-0.8343701235229538,-0.5512045872199277,-1.0,-1.8369701987210294e-16,0.9749279121818236,-0.2225209339563143,0,weekday,39.3
2024-08-29,2024,8,29,242,18,3,289.27,2024-08-29 18:00:00+00:00,2024-08-29 19:00:00+00:00,54885.405,1185.24,5843.7175,23.7175,45649.96,7052.674999999999,-0.8437282590292712,-0.5367705514607103,-1.0,-1.8369701987210294e-16,0.4338837391175582,-0.900968867902419,0,weekday,38.55
2024-08-30,2024,8,30,243,18,4,137.29,2024-08-30 18:00:00+00:00,2024-08-30 19:00:00+00:00,52853.3,637.985,8817.12,21.9075,44449.14,9477.0125,-0.8528367217694595,-0.522177676659508,-1.0,-1.8369701987210294e-16,-0.433883739117558,-0.9009688679024191,0,weekday,38.985
2024-08-31,2024,8,31,244,18,5,126.78,2024-08-31 18:00:00+00:00,2024-08-31 19:00:00+00:00,46409.89,2300.2625,11724.4875,18.555,39537.02,14043.305,-0.8616928164028522,-0.5074302810827518,-1.0,-1.8369701987210294e-16,-0.9749279121818236,-0.2225209339563146,0,weekend,39.825
2024-09-01,2024,9,1,245,18,6,123.91,2024-09-01 18:00:00+00:00,2024-09-01 19:00:00+00:00,46557.115,4250.192499999999,12637.7,15.9025,41847.86,16903.795000000002,-0.8702939222685674,-0.4925327287220543,-1.0,-1.8369701987210294e-16,-0.7818314824680299,0.6234898018587334,0,weekend,39.83166666666667
2024-09-02,2024,9,2,246,18,0,212.06,2024-09-02 18:00:00+00:00,2024-09-02 19:00:00+00:00,56089.94,2624.77,8416.3925,17.18,48334.88,11058.3425,-0.8786374941610001,-0.4774894280028391,-1.0,-1.8369701987210294e-16,0.0,1.0,0,weekday,39.83833333333333
2024-09-03,2024,9,3,247,18,1,520.32,2024-09-03 18:00:00+00:00,2024-09-03 19:00:00+00:00,55829.9525,1492.3225,1808.5175,8.4325,43237.5,3309.2725,-0.886721063082993,-0.4623048304798108,-1.0,-1.8369701987210294e-16,0.7818314824680298,0.6234898018587336,0,weekday,39.845
2024-09-04,2024,9,4,248,18,2,189.23,2024-09-04 18:00:00+00:00,2024-09-04 19:00:00+00:00,56136.575,2120.9725,9406.84,7.7,48781.38,11535.5125,-0.8945422369764496,-0.4469834295196741,-1.0,-1.8369701987210294e-16,0.9749279121818236,-0.2225209339563143,0,weekday,36.815
2024-09-05,2024,9,5,249,18,3,92.93,2024-09-05 18:00:00+00:00,2024-09-05 19:00:00+00:00,56350.035,4817.8325,31379.805,4.71,60590.77,36202.3475,-0.9020987014301836,-0.4315297589714714,-1.0,-1.8369701987210294e-16,0.4338837391175582,-0.900968867902419,0,weekday,35.705
2024-09-06,2024,9,6,250,18,4,136.49,2024-09-06 18:00:00+00:00,2024-09-06 19:00:00+00:00,53476.9875,5510.045,13052.74,1.5375,50996.65,18564.3225,-0.9093882203647924,-0.4159483918249421,-1.0,-1.8369701987210294e-16,-0.433883739117558,-0.9009688679024191,0,weekday,37.05
2024-09-07,2024,9,7,251,18,5,133.0,2024-09-07 18:00:00+00:00,2024-09-07 19:00:00+00:00,46677.8725,1583.5625,7004.77,3.96,38235.93,8592.2925,-0.9164086366943458,-0.4002439388573056,-1.0,-1.8369701987210294e-16,-0.9749279121818236,-0.2225209339563146,0,weekend,36.48
2024-09-08,2024,9,8,252,18,6,128.12,2024-09-08 18:00:00+00:00,2024-09-08 19:00:00+00:00,46427.84,1332.5925,4222.4725,2.4925,37640.44,5557.5575,-0.923157872964704,-0.3844210472688554,-1.0,-1.8369701987210294e-16,-0.7818314824680299,0.6234898018587334,0,weekend,36.69
2024-09-09,2024,9,9,253,18,0,111.53,2024-09-09 18:00:00+00:00,2024-09-09 19:00:00+00:00,57867.3925,5780.65,14203.935,1.1375,52715.16,19985.7225,-0.9296339319682696,-0.3684843993077793,-1.0,-1.8369701987210294e-16,0.0,1.0,0,weekday,36.9
2024-09-10,2024,9,10,254,18,1,83.25,2024-09-10 18:00:00+00:00,2024-09-10 19:00:00+00:00,58396.5075,5312.3475,24990.275,0.0,55616.05,30302.6225,-0.935834897334994,-0.3524387108846032,-1.0,-1.8369701987210294e-16,0.7818314824680298,0.6234898018587336,0,weekday,37.395
2024-09-11,2024,9,11,255,18,2,138.36,2024-09-11 18:00:00+00:00,2024-09-11 19:00:00+00:00,58404.285,2698.9,8935.4075,0.5900000000000001,47515.07,11634.8975,-0.9417589340994617,-0.3362887301766828,-1.0,-1.8369701987210294e-16,0.9749279121818236,-0.2225209339563143,0,weekday,35.45
2024-09-12,2024,9,12,256,18,3,250.02,2024-09-12 18:00:00+00:00,2024-09-12 19:00:00+00:00,57581.6725,1204.225,1800.2775,0.845,43748.48,3005.3474999999994,-0.9474042892438844,-0.3200392362231385,-1.0,-1.8369701987210294e-16,0.4338837391175582,-0.900968867902419,0,weekday,35.83
2024-09-13,2024,9,13,257,18,4,94.25,2024-09-13 18:00:00+00:00,2024-09-13 19:00:00+00:00,56092.98,4207.145,18470.5775,0.76,46556.38,22678.4825,-0.9527692922168512,-0.3036950375106588,-1.0,-1.8369701987210294e-16,-0.433883739117558,-0.9009688679024191,0,weekday,35.405
2024-09-14,2024,9,14,258,18,5,117.85,2024-09-14 18:00:00+00:00,2024-09-14 19:00:00+00:00,48504.3475,1487.7575,13537.395,0.2825,40366.07,15025.435,-0.9578523554276668,-0.2872609705505963,-1.0,-1.8369701987210294e-16,-0.9749279121818236,-0.2225209339563146,0,weekend,35.648
2024-09-15,2024,9,15,259,18,6,123.6,2024-09-15 18:00:00+00:00,2024-09-15 19:00:00+00:00,47440.855,1247.48,9368.955,0.5625,37520.53,10616.9975,-0.9626519747161488,-0.2707418984477642,-1.0,-1.8369701987210294e-16,-0.7818314824680299,0.6234898018587334,0,weekend,35.379000000000005
2024-09-16,2024,9,16,260,18,0,109.01,2024-09-16 18:00:00+00:00,2024-09-16 19:00:00+00:00,57584.2525,3946.1475,17849.345,0.3775,53342.14,21795.87,-0.9671667297977312,-0.2541427094613622,-1.0,-1.8369701987210294e-16,0.0,1.0,0,weekday,35.11
2024-09-17,2024,9,17,261,18,1,111.24,2024-09-17 18:00:00+00:00,2024-09-17 19:00:00+00:00,57355.3625,2790.81,16876.895,0.11,51248.35,19667.815,-0.97139528468375,-0.2374683155584684,-1.0,-1.8369701987210294e-16,0.7818314824680298,0.6234898018587336,0,weekday,34.15
2024-09-18,2024,9,18,262,18,2,108.2,2024-09-18 18:00:00+00:00,2024-09-18 19:00:00+00:00,57345.7475,2794.1800000000003,20549.655,0.15,51932.8,23343.985,-0.9753363880767836,-0.2207236509605022,-1.0,-1.8369701987210294e-16,0.9749279121818236,-0.2225209339563143,0,weekday,35.185
2024-09-19,2024,9,19,263,18,3,113.5,2024-09-19 18:00:00+00:00,2024-09-19 19:00:00+00:00,56612.2025,3670.1025,18477.03,0.1475,50930.96,22147.28,-0.978988873740932,-0.2039136706831147,-1.0,-1.8369701987210294e-16,0.4338837391175582,-0.900968867902419,0,weekday,35.98
2024-09-20,2024,9,20,264,18,4,108.84,2024-09-20 18:00:00+00:00,2024-09-20 19:00:00+00:00,54632.68,3837.4325,16754.64,0.1825,47657.69,20592.255,-0.9823516608469236,-0.1870433490699165,-1.0,-1.8369701987210294e-16,-0.433883739117558,-0.9009688679024191,0,weekday,34.485
2024-09-21,2024,9,21,265,18,5,112.5,2024-09-21 18:00:00+00:00,2024-09-21 19:00:00+00:00,46965.65,1911.5475,9313.765,0.1825,39370.26,11225.495,-0.9854237542919524,-0.1701176783204905,-1.0,-1.8369701987210294e-16,-0.9749279121818236,-0.2225209339563146,0,weekend,34.444
2024-09-22,2024,9,22,266,18,6,126.11,2024-09-22 18:00:00+00:00,2024-09-22 19:00:00+00:00,47188.45,564.3275,3211.6825,0.0,37261.7,3776.01,-0.9882042449941422,-0.15314166701312,-1.0,-1.8369701987210294e-16,-0.7818314824680299,0.6234898018587334,0,weekend,34.672
2024-09-23,2024,9,23,267,18,0,178.64,2024-09-23 18:00:00+00:00,2024-09-23 19:00:00+00:00,56855.8,1064.0325,4473.0725,0.0,43410.28,5537.1050000000005,-0.9906923101615608,-0.136120338622667,-1.0,-1.8369701987210294e-16,0.0,1.0,0,weekday,34.9
2024-09-24,2024,9,24,268,18,1,101.7,2024-09-24 18:00:00+00:00,2024-09-24 19:00:00+00:00,56921.6,4379.1175,16519.697500000002,0.0025,52801.91,20898.8175,-0.9928872135356962,-0.1190587300340498,-1.0,-1.8369701987210294e-16,0.7818314824680298,0.6234898018587336,0,weekday,35.413
2024-09-25,2024,9,25,269,18,2,131.84,2024-09-25 18:00:00+00:00,2024-09-25 19:00:00+00:00,56802.5825,941.0375,11290.2425,0.0,48869.36,12231.28,-0.994788305609327,-0.1019618900517457,-1.0,-1.8369701987210294e-16,0.9749279121818236,-0.2225209339563143,0,weekday,36.365
2024-09-26,2024,9,26,270,18,3,78.93,2024-09-26 18:00:00+00:00,2024-09-26 19:00:00+00:00,56740.3475,4388.675,27695.4525,0.0,53997.2,32084.1275,-0.9963950238187232,-0.0848348779057653,-1.0,-1.8369701987210294e-16,0.4338837391175582,-0.900968867902419,0,weekday,37.03
2024-09-27,2024,9,27,271,18,4,59.57,2024-09-27 18:00:00+00:00,2024-09-27 19:00:00+00:00,55607.5275,5879.8825,28086.525,0.0025,58434.29,33966.41,-0.9977068927101168,-0.0676827617545516,-1.0,-1.8369701987210294e-16,-0.433883739117558,-0.9009688679024191,0,weekday,37.28
2024-09-28,2024,9,28,272,18,5,96.31,2024-09-28 18:00:00+00:00,2024-09-28 19:00:00+00:00,47713.0375,5538.6,12244.24,0.0,43259.81,17782.84,-0.9987235240803972,-0.0505106171852228,-1.0,-1.8369701987210294e-16,-0.9749279121818236,-0.2225209339563146,0,weekend,38.114
2024-09-29,2024,9,29,273,18,6,109.61,2024-09-29 18:00:00+00:00,2024-09-29 19:00:00+00:00,47072.02,1734.8,8097.6075,0.0,37210.54,9832.4075,-0.9994446170919858,-0.0333235257116313,-1.0,-1.8369701987210294e-16,-0.7818314824680299,0.6234898018587334,0,weekend,38.659499999999994
2024-09-30,2024,9,30,274,18,0,42.35,2024-09-30 18:00:00+00:00,2024-09-30 19:00:00+00:00,58807.895,6008.695,29158.52,0.0,58656.55,35167.215,-0.9998699583618592,-0.0161265732706577,-1.0,-1.8369701987210294e-16,0.0,1.0,0,weekday,39.205
2024-10-01,2024,10,1,275,18,1,118.54,2024-10-01 18:00:00+00:00,2024-10-01 19:00:00+00:00,59082.715,6021.14,11795.495,0.0,49880.88,17816.635000000002,-0.9999994220246924,0.0010751512827982,-1.0,-1.8369701987210294e-16,0.7818314824680298,0.6234898018587336,0,weekday,38.395
2024-10-02,2024,10,2,276,18,2,114.37,2024-10-02 18:00:00+00:00,2024-10-02 19:00:00+00:00,58700.2625,5593.48,10356.375,0.0,48128.93,15949.855,-0.999832969770105,0.0182765576816912,-1.0,-1.8369701987210294e-16,0.9749279121818236,-0.2225209339563143,0,weekday,39.9
2024-10-03,2024,10,3,277,18,3,108.28,2024-10-03 18:00:00+00:00,2024-10-03 19:00:00+00:00,46705.11,1910.0225,11440.415,0.0,43051.43,13350.4375,-0.9993706508539968,0.0354725557531255,-1.0,-1.8369701987210294e-16,0.4338837391175582,-0.900968867902419,1,holiday,38.395
2024-10-04,2024,10,4,278,18,4,123.7,2024-10-04 18:00:00+00:00,2024-10-04 19:00:00+00:00,56076.1375,155.3725,6802.5925,0.0,42407.51,6957.965,-0.9986126020839734,0.052658056924614,-1.0,-1.8369701987210294e-16,-0.433883739117558,-0.9009688679024191,0,weekday,39.625
2024-10-05,2024,10,5,279,18,5,107.23,2024-10-05 18:00:00+00:00,2024-10-05 19:00:00+00:00,49589.385,1337.4725,4305.0,0.0,37389.73,5642.4725,-0.9975590477788612,0.0698279757298708,-1.0,-1.8369701987210294e-16,-0.9749279121818236,-0.2225209339563146,0,weekend,40.98
2024-10-06,2024,10,6,280,18,6,72.98,2024-10-06 18:00:00+00:00,2024-10-06 19:00:00+00:00,47301.6575,5241.94,13788.7275,0.0,46017.33,19030.6675,-0.9962102997023295,0.0869772313136861,-1.0,-1.8369701987210294e-16,-0.7818314824680299,0.6234898018587334,0,weekend,40.5925
2024-10-07,2024,10,7,281,18,0,121.98,2024-10-07 18:00:00+00:00,2024-10-07 19:00:00+00:00,57388.2025,2066.2375,9580.3525,0.0,49593.71,11646.59,-0.9945667569706336,0.1041007489354256,-1.0,-1.8369701987210294e-16,0.0,1.0,0,weekday,40.205
2024-10-08,2024,10,8,282,18,1,114.41,2024-10-08 18:00:00+00:00,2024-10-08 19:00:00+00:00,57619.6275,2748.3475,7532.49,0.0,45262.38,10280.8375,-0.9926289059345096,0.121193461470736,-1.0,-1.8369701987210294e-16,0.7818314824680298,0.6234898018587336,0,weekday,40.18
2024-10-09,2024,10,9,283,18,2,111.05,2024-10-09 18:00:00+00:00,2024-10-09 19:00:00+00:00,57151.3525,2117.7125,16906.375,0.0,48990.77,19024.0875,-0.9903973200352558,0.1382503109109819,-1.0,-1.8369701987210294e-16,0.9749279121818236,-0.2225209339563143,0,weekday,38.405
2024-10-10,2024,10,10,284,18,3,101.19,2024-10-10 18:00:00+00:00,2024-10-10 19:00:00+00:00,58939.965,5227.9525,20318.64,0.0,54075.92,25546.5925,-0.9878726596350428,0.1552662498599956,-1.0,-1.8369701987210294e-16,0.4338837391175582,-0.900968867902419,0,weekday,38.405
2024-10-11,2024,10,11,285,18,4,121.31,2024-10-11 18:00:00+00:00,2024-10-11 19:00:00+00:00,56354.655,4223.535,6226.2875,0.0,45742.68,10449.8225,-0.9850556718215012,0.172236243027682,-1.0,-1.8369701987210294e-16,-0.433883739117558,-0.9009688679024191,0,weekday,39.865
2024-10-12,2024,10,12,286,18,5,60.19,2024-10-12 18:00:00+00:00,2024-10-12 19:00:00+00:00,48568.2825,6283.4375,19318.91,0.0,47762.23,25602.3475,-0.981947190186646,0.1891552687200409,-1.0,-1.8369701987210294e-16,-0.9749279121818236,-0.2225209339563146,0,weekend,39.879
2024-10-13,2024,10,13,287,18,6,39.51,2024-10-13 18:00:00+00:00,2024-10-13 19:00:00+00:00,48305.12,5095.68,28963.46,0.0,53971.13,34059.14,-0.9785481345802032,0.2060183203251708,-1.0,-1.8369701987210294e-16,-0.7818314824680299,0.6234898018587334,0,weekend,39.5995
2024-10-14,2024,10,14,288,18,0,158.0,2024-10-14 18:00:00+00:00,2024-10-14 19:00:00+00:00,59086.485,1168.905,3330.03,0.0,44469.54,4498.935,-0.9748595108374124,0.2228204077947995,-1.0,-1.8369701987210294e-16,0.0,1.0,0,weekday,39.32
2024-10-15,2024,10,15,289,18,1,76.26,2024-10-15 18:00:00+00:00,2024-10-15 19:00:00+00:00,58888.395,4962.965,18489.6975,0.0,55835.34,23452.6625,-0.9708824104813836,0.239556559120927,-1.0,-1.8369701987210294e-16,0.7818314824680298,0.6234898018587336,0,weekday,39.85
2024-10-16,2024,10,16,290,18,2,65.31,2024-10-16 18:00:00+00:00,2024-10-16 19:00:00+00:00,58794.0625,5567.85,28212.6,0.0,58242.55,33780.45,-0.9666180104000972,0.2562218218071163,-1.0,-1.8369701987210294e-16,0.9749279121818236,-0.2225209339563143,0,weekday,40.205
2024-10-17,2024,10,17,291,18,3,117.5,2024-10-17 18:00:00+00:00,2024-10-17 19:00:00+00:00,58203.7625,1912.075,9492.165,0.0,46366.46,11404.240000000002,-0.9620675724981452,0.2728112643340191,-1.0,-1.8369701987210294e-16,0.4338837391175582,-0.900968867902419,0,weekday,39.45
2024-10-18,2024,10,18,292,18,4,103.25,2024-10-18 18:00:00+00:00,2024-10-18 19:00:00+00:00,55462.85,1407.9675,7164.4425,0.0,45327.62,8572.41,-0.957232443323312,0.2893199776186952,-1.0,-1.8369701987210294e-16,-0.433883739117558,-0.9009688679024191,0,weekday,39.74
2024-10-19,2024,10,19,293,18,5,96.8,2024-10-19 18:00:00+00:00,2024-10-19 19:00:00+00:00,49091.8925,3288.3975,7772.285,0.0,37809.72,11060.6825,-0.9521140536681102,0.3057430764672831,-1.0,-1.8369701987210294e-16,-0.9749279121818236,-0.2225209339563146,0,weekend,39.204
2024-10-20,2024,10,20,294,18,6,34.35,2024-10-20 18:00:00+00:00,2024-10-20 19:00:00+00:00,48553.37,5527.9925,23928.0425,0.0,50229.48,29456.035,-0.9467139181463862,0.3220757010206104,-1.0,-1.8369701987210294e-16,-0.7818314824680299,0.6234898018587334,0,weekend,39.507000000000005
2024-10-21,2024,10,21,295,18,0,128.44,2024-10-21 18:00:00+00:00,2024-10-21 19:00:00+00:00,58072.67,2614.5125,5791.2425,0.0,46196.45,8405.755000000001,-0.9410336347451196,0.3383130181923076,-1.0,-1.8369701987210294e-16,0.0,1.0,0,weekday,39.81
2024-10-22,2024,10,22,296,18,1,114.02,2024-10-22 18:00:00+00:00,2024-10-22 19:00:00+00:00,58713.317500000005,4323.2575,9174.0625,0.0,50598.23,13497.32,-0.9350748843515574,0.3544502230989869,-1.0,-1.8369701987210294e-16,0.7818314824680298,0.6234898018587336,0,weekday,39.93
2024-10-23,2024,10,23,297,18,2,111.71,2024-10-23 18:00:00+00:00,2024-10-23 19:00:00+00:00,58121.4025,2426.5575,4418.2375,0.0,48118.21,6844.795,-0.9288394302558068,0.3704825404820963,-1.0,-1.8369701987210294e-16,0.9749279121818236,-0.2225209339563143,0,weekday,40.8
2024-10-24,2024,10,24,298,18,3,96.61,2024-10-24 18:00:00+00:00,2024-10-24 19:00:00+00:00,58784.6475,3708.26,15341.54,0.0,52762.95,19049.800000000003,-0.9223291176290545,0.3864052261209853,-1.0,-1.8369701987210294e-16,0.4338837391175582,-0.900968867902419,0,weekday,41.85
2024-10-25,2024,10,25,299,18,4,123.86,2024-10-25 18:00:00+00:00,2024-10-25 19:00:00+00:00,56338.775,248.6,4359.1975,0.0,45207.02,4607.797500000001,-0.9155458729775467,0.4022135682368036,-1.0,-1.8369701987210294e-16,-0.433883739117558,-0.9009688679024191,0,weekday,42.2
2024-10-26,2024,10,26,300,18,5,96.48,2024-10-26 18:00:00+00:00,2024-10-26 19:00:00+00:00,48640.58,2108.54,10985.0275,0.0,45185.94,13093.5675,-0.9084917035725082,0.4179028888867866,-1.0,-1.8369701987210294e-16,-0.9749279121818236,-0.2225209339563146,0,weekend,43.513
2024-10-27,2024,10,27,301,18,6,130.47,2024-10-27 18:00:00+00:00,2024-10-27 19:00:00+00:00,50098.5425,1636.965,4077.455,0.0,39572.91,5714.42,-0.9011686968561567,0.4334685453485363,-1.0,-1.8369701987210294e-16,-0.7818314824680299,0.6234898018587334,0,weekend,43.0065
2024-10-28,2024,10,28,302,18,0,146.12,2024-10-28 18:00:00+00:00,2024-10-28 19:00:00+00:00,62479.445,3085.38,9666.835,0.0,53491.39,12752.215,-0.8935790198239952,0.4489059314938798,-1.0,-1.8369701987210294e-16,0.0,1.0,0,weekday,42.5
2024-10-29,2024,10,29,303,18,1,203.82,2024-10-29 18:00:00+00:00,2024-10-29 19:00:00+00:00,62448.2075,1190.71,5600.385,0.0,49095.48,6791.095,-0.8857249183835637,0.4642104791518923,-1.0,-1.8369701987210294e-16,0.7818314824680298,0.6234898018587336,0,weekday,43.44
2024-10-30,2024,10,30,304,18,2,159.44,2024-10-30 18:00:00+00:00,2024-10-30 19:00:00+00:00,62270.725,1699.805,4457.645,0.0,47853.42,6157.450000000001,-0.8776087166898392,0.4793776594606945,-1.0,-1.8369701987210294e-16,0.9749279121818236,-0.2225209339563143,0,weekday,41.565
2024-10-31,2024,10,31,305,18,3,117.84,2024-10-31 18:00:00+00:00,2024-10-31 19:00:00+00:00,61673.9575,4629.8575,14151.805,0.0,57191.76,18781.6625,-0.8692328164574792,0.4944029842076181,-1.0,-1.8369701987210294e-16,0.4338837391175582,-0.900968867902419,0,weekday,41.225
2024-11-01,2024,11,1,306,18,4,117.59,2024-11-01 18:00:00+00:00,2024-11-01 19:00:00+00:00,52986.25,4703.9125,14714.8725,0.0,50964.66,19418.785,-0.8605996962501181,0.5092820071573356,-1.0,-1.8369701987210294e-16,-0.433883739117558,-0.9009688679024191,0,weekday,39.325
2024-11-02,2024,11,2,307,18,5,134.96,2024-11-02 18:00:00+00:00,2024-11-02 19:00:00+00:00,52115.34,94.38,3689.765,0.0,40792.72,3784.145,-0.8517119107469189,0.5240103253675756,-1.0,-1.8369701987210294e-16,-0.9749279121818236,-0.2225209339563146,0,weekend,39.175
2024-11-03,2024,11,3,308,18,6,120.72,2024-11-03 18:00:00+00:00,2024-11-03 19:00:00+00:00,49859.31,1988.74,7013.2775,0.0,43654.4,9002.0175,-0.8425720899866032,0.5385835804920232,-1.0,-1.8369701987210294e-16,-0.7818314824680299,0.6234898018587334,0,weekend,39.334999999999994
2024-11-04,2024,11,4,309,18,0,162.09,2024-11-04 18:00:00+00:00,2024-11-04 19:00:00+00:00,62710.4575,473.71,6531.887500000001,0.0,51022.68,7005.597500000001,-0.8331829385891785,0.5529974600700271,-1.0,-1.8369701987210294e-16,0.0,1.0,0,weekday,39.495
2024-11-05,2024,11,5,310,18,1,341.7,2024-11-05 18:00:00+00:00,2024-11-05 19:00:00+00:00,62983.035,329.13,2207.7675,0.0,47104.64,2536.8975,-0.8235472349556007,0.5672476988027229,-1.0,-1.8369701987210294e-16,0.7818314824680298,0.6234898018587336,0,weekday,40.33
2024-11-06,2024,11,6,311,18,2,450.0,2024-11-06 18:00:00+00:00,2024-11-06 19:00:00+00:00,63159.0375,42.245,416.34,0.0,45861.19,458.585,-0.8136678304455991,0.5813300798152042,-1.0,-1.8369701987210294e-16,0.9749279121818236,-0.2225209339563143,0,weekday,40.1
2024-11-07,2024,11,7,312,18,3,175.11,2024-11-07 18:00:00+00:00,2024-11-07 19:00:00+00:00,61047.6825,639.0125,3375.69,0.0,47752.72,4014.7025,-0.8035476485339116,0.5952404359043674,-1.0,-1.8369701987210294e-16,0.4338837391175582,-0.900968867902419,0,weekday,40.505
2024-11-08,2024,11,8,313,18,4,127.19,2024-11-08 18:00:00+00:00,2024-11-08 19:00:00+00:00,61312.6,4129.7625,11818.0775,0.0,57276.02,15947.84,-0.7931896839451843,0.6089746507720486,-1.0,-1.8369701987210294e-16,-0.433883739117558,-0.9009688679024191,0,weekday,42.325
2024-11-09,2024,11,9,314,18,5,139.9,2024-11-09 18:00:00+00:00,2024-11-09 19:00:00+00:00,51666.2025,845.7825,3439.725,0.0,45096.28,4285.5075,-0.7825970017677834,0.6225286602431057,-1.0,-1.8369701987210294e-16,-0.9749279121818236,-0.2225209339563146,0,weekend,42.409
2024-11-10,2024,11,10,315,18,6,138.61,2024-11-10 18:00:00+00:00,2024-11-10 19:00:00+00:00,50984.2375,712.0,1752.66,0.0,41820.74,2464.66,-0.7717727365467836,0.6358984534680745,-1.0,-1.8369701987210294e-16,-0.7818314824680299,0.6234898018587334,0,weekend,42.042
2024-11-11,2024,11,11,316,18,0,133.7,2024-11-11 18:00:00+00:00,2024-11-11 19:00:00+00:00,63694.175,4689.015,8221.1675,0.0,57000.53,12910.1825,-0.7607200913564104,0.6490800741100398,-1.0,-1.8369701987210294e-16,0.0,1.0,0,weekday,41.675
2024-11-12,2024,11,12,317,18,1,171.35,2024-11-12 18:00:00+00:00,2024-11-12 19:00:00+00:00,64110.55,473.1975,5535.435,0.0,50921.33,6008.632500000001,-0.7494423368521954,0.6620696215153815,-1.0,-1.8369701987210294e-16,0.7818314824680298,0.6234898018587336,0,weekday,43.82
2024-11-13,2024,11,13,318,18,2,161.79,2024-11-13 18:00:00+00:00,2024-11-13 19:00:00+00:00,63191.36,4719.0425,6115.1175,0.0,55214.88,10834.16,-0.7379428103031386,0.6748632518680403,-1.0,-1.8369701987210294e-16,0.9749279121818236,-0.2225209339563143,0,weekday,43.625
2024-11-14,2024,11,14,319,18,3,148.29,2024-11-14 18:00:00+00:00,2024-11-14 19:00:00+00:00,63922.0725,4303.9,10254.6925,0.0,56501.96,14558.5925,-0.7262249146041543,0.6874571793269664,-1.0,-1.8369701987210294e-16,0.4338837391175582,-0.900968867902419,0,weekday,45.505
2024-11-15,2024,11,15,320,18,4,128.39,2024-11-15 18:00:00+00:00,2024-11-15 19:00:00+00:00,62231.2975,5899.5375,9833.1725,0.0,58099.17,15732.71,-0.7142921172691032,0.699847677146407,-1.0,-1.8369701987210294e-16,-0.433883739117558,-0.9009688679024191,0,weekday,46.0
2024-11-16,2024,11,16,321,18,5,104.18,2024-11-16 18:00:00+00:00,2024-11-16 19:00:00+00:00,54235.7025,5785.9725,21912.1225,0.0,57314.34,27698.095,-0.7021479494046978,0.7120310787787131,-1.0,-1.8369701987210294e-16,-0.9749279121818236,-0.2225209339563146,0,weekend,46.551
2024-11-17,2024,11,17,322,18,6,65.4,2024-11-17 18:00:00+00:00,2024-11-17 19:00:00+00:00,53170.12,5880.075,31263.7025,0.0,59690.62,37143.7775,-0.6897960046655887,0.7240037789593305,-1.0,-1.8369701987210294e-16,-0.7818314824680299,0.6234898018587334,0,weekend,46.0155
2024-11-18,2024,11,18,323,18,0,152.96,2024-11-18 18:00:00+00:00,2024-11-18 19:00:00+00:00,65202.2775,5061.764999999999,18102.5325,0.0,60179.59,23164.2975,-0.6772399381909491,0.7357622347736527,-1.0,-1.8369701987210294e-16,0.0,1.0,0,weekday,45.48
2024-11-19,2024,11,19,324,18,1,125.93,2024-11-19 18:00:00+00:00,2024-11-19 19:00:00+00:00,66149.9,2268.945,21955.487500000003,0.0,65872.57,24224.432500000003,-0.6644834655228552,0.7473029667054296,-1.0,-1.8369701987210294e-16,0.7818314824680298,0.6234898018587336,0,weekday,46.655
2024-11-20,2024,11,20,325,18,2,140.26,2024-11-20 18:00:00+00:00,2024-11-20 19:00:00+00:00,63563.575,1982.5125,23734.155,0.0,63486.97,25716.6675,-0.6515303615068021,0.75862255966641,-1.0,-1.8369701987210294e-16,0.9749279121818236,-0.2225209339563143,0,weekday,45.36
2024-11-21,2024,11,21,326,18,3,154.05,2024-11-21 18:00:00+00:00,2024-11-21 19:00:00+00:00,65929.3275,2739.5675,13141.615,0.0,56223.89,15881.1825,-0.6383844591746642,0.7697176640069211,-1.0,-1.8369701987210294e-16,0.4338837391175582,-0.900968867902419,0,weekday,47.12
2024-11-22,2024,11,22,327,18,4,128.8,2024-11-22 18:00:00+00:00,2024-11-22 19:00:00+00:00,64473.9975,5245.435,34021.7475,0.0,74490.91,39267.1825,-0.6250496486104377,0.7805849965070866,-1.0,-1.8369701987210294e-16,-0.433883739117558,-0.9009688679024191,0,weekday,49.05
2024-11-23,2024,11,23,328,18,5,71.0,2024-11-23 18:00:00+00:00,2024-11-23 19:00:00+00:00,55669.8975,5531.3125,31231.43,0.0,62075.56,36762.7425,-0.6115298757991053,0.7912213413483807,-1.0,-1.8369701987210294e-16,-0.9749279121818236,-0.2225209339563146,0,weekend,47.018
2024-11-24,2024,11,24,329,18,6,12.02,2024-11-24 18:00:00+00:00,2024-11-24 19:00:00+00:00,53292.22,4991.5825,38873.3725,0.0,65463.39,43864.955,-0.5978291414589552,0.801623551065242,-1.0,-1.8369701987210294e-16,-0.7818314824680299,0.6234898018587334,0,weekend,47.341499999999996
2024-11-25,2024,11,25,330,18,0,118.0,2024-11-25 18:00:00+00:00,2024-11-25 19:00:00+00:00,64015.235,6118.5075,28426.435,0.0,64760.83,34544.942500000005,-0.5839514998576998,0.8117885474764613,-1.0,-1.8369701987210294e-16,0.0,1.0,0,weekday,47.665
2024-11-26,2024,11,26,331,18,1,153.28,2024-11-26 18:00:00+00:00,2024-11-26 19:00:00+00:00,64961.545,4847.865,17839.695,0.0,61681.02,22687.56,-0.5699010576127624,0.8217133225960589,-1.0,-1.8369701987210294e-16,0.7818314824680298,0.6234898018587336,0,weekday,47.38
2024-11-27,2024,11,27,332,18,2,101.84,2024-11-27 18:00:00+00:00,2024-11-27 19:00:00+00:00,64444.9,4008.6275,37846.785,0.0,74226.26,41855.412500000006,-0.5556819724760489,0.8313949395234058,-1.0,-1.8369701987210294e-16,0.9749279121818236,-0.2225209339563143,0,weekday,46.535
2024-11-28,2024,11,28,333,18,3,153.91,2024-11-28 18:00:00+00:00,2024-11-28 19:00:00+00:00,65533.1275,2425.415,20118.3175,0.0,62141.93,22543.7325,-0.5412984521036173,0.8408305333122887,-1.0,-1.8369701987210294e-16,0.4338837391175582,-0.900968867902419,0,weekday,46.762
2024-11-29,2024,11,29,334,18,4,130.81,2024-11-29 18:00:00+00:00,2024-11-29 19:00:00+00:00,63580.015,3503.415,7114.93,0.0,54016.35,10618.345,-0.5267547528105542,0.8500173118187018,-1.0,-1.8369701987210294e-16,-0.433883739117558,-0.9009688679024191,0,weekday,47.48
2024-11-30,2024,11,30,335,18,5,131.96,2024-11-30 18:00:00+00:00,2024-11-30 19:00:00+00:00,55192.305,3258.9775,13097.615,0.0,52482.77,16356.5925,-0.5120551783114646,0.8589525565270845,-1.0,-1.8369701987210294e-16,-0.9749279121818236,-0.2225209339563146,0,weekend,47.811
2024-12-01,2024,12,1,336,18,6,110.23,2024-12-01 18:00:00+00:00,2024-12-01 19:00:00+00:00,54779.3525,4731.5375,18995.6975,0.0,56757.48,23727.235,-0.4972040784469378,0.8676336233547726,-1.0,-1.8369701987210294e-16,-0.7818314824680299,0.6234898018587334,0,weekend,48.335499999999996
2024-12-02,2024,12,2,337,18,0,138.0,2024-12-02 18:00:00+00:00,2024-12-02 19:00:00+00:00,64582.805,3509.7725,17789.79,0.0,61667.37,21299.5625,-0.4822058478963526,0.8760579434344281,-1.0,-1.8369701987210294e-16,0.0,1.0,0,weekday,48.86
2024-12-03,2024,12,3,338,18,1,189.83,2024-12-03 18:00:00+00:00,2024-12-03 19:00:00+00:00,65608.2575,2636.5,9952.485,0.0,57860.02,12588.985,-0.4670649248774303,0.8842230238742036,-1.0,-1.8369701987210294e-16,0.7818314824680298,0.6234898018587336,0,weekday,48.93
2024-12-04,2024,12,4,339,18,2,197.59,2024-12-04 18:00:00+00:00,2024-12-04 19:00:00+00:00,65632.0675,781.3725,5667.93,0.0,52140.78,6449.3025,-0.451785789832884,0.8921264484954345,-1.0,-1.8369701987210294e-16,0.9749279121818236,-0.2225209339563143,0,weekday,48.1
2024-12-05,2024,12,5,340,18,3,105.36,2024-12-05 18:00:00+00:00,2024-12-05 19:00:00+00:00,64572.61,4573.9275,33289.869999999995,0.0,71657.18,37863.79749999999,-0.4363729641045924,0.8997658785476209,-1.0,-1.8369701987210294e-16,0.4338837391175582,-0.900968867902419,0,weekday,47.51
2024-12-06,2024,12,6,341,18,4,142.48,2024-12-06 18:00:00+00:00,2024-12-06 19:00:00+00:00,63670.39,1102.6075,20482.8075,0.0,57874.94,21585.415,-0.4208310085956556,0.9071390534005044,-1.0,-1.8369701987210294e-16,-0.433883739117558,-0.9009688679024191,0,weekday,46.25
2024-12-07,2024,12,7,342,18,5,82.41,2024-12-07 18:00:00+00:00,2024-12-07 19:00:00+00:00,55269.035,5075.672500000001,23755.5475,0.0,56398.85,28831.22,-0.4051645224207563,0.9142437912130223,-1.0,-1.8369701987210294e-16,-0.9749279121818236,-0.2225209339563146,0,weekend,46.48
2024-12-08,2024,12,8,343,18,6,97.69,2024-12-08 18:00:00+00:00,2024-12-08 19:00:00+00:00,52964.44,5771.665,18192.4375,0.0,54729.47,23964.1025,-0.3893781415452015,0.9210779895789526,-1.0,-1.8369701987210294e-16,-0.7818314824680299,0.6234898018587334,0,weekend,46.34
2024-12-09,2024,12,9,344,18,0,125.76,2024-12-09 18:00:00+00:00,2024-12-09 19:00:00+00:00,65568.0425,5087.4400000000005,28580.085,0.0,68428.18,33667.525,-0.3734765374130707,0.9276396261490468,-1.0,-1.8369701987210294e-16,0.0,1.0,0,weekday,46.2
2024-12-10,2024,12,10,345,18,1,180.17,2024-12-10 18:00:00+00:00,2024-12-10 19:00:00+00:00,65809.6425,738.22,8725.3675,0.0,53729.74,9463.5875,-0.3574644155648614,0.9339267592294762,-1.0,-1.8369701987210294e-16,0.7818314824680298,0.6234898018587336,0,weekday,44.55
2024-12-11,2024,12,11,346,18,2,341.25,2024-12-11 18:00:00+00:00,2024-12-11 19:00:00+00:00,64676.135,1705.0075,2731.3900000000003,0.0,50324.72,4436.3975,-0.3413465142450361,0.9399375283564132,-1.0,-1.8369701987210294e-16,0.9749279121818236,-0.2225209339563143,0,weekday,45.25
2024-12-12,2024,12,12,347,18,3,551.01,2024-12-12 18:00:00+00:00,2024-12-12 19:00:00+00:00,64930.5725,596.57,1379.1125,0.0,47886.57,1975.6825,-0.3251276029999093,0.9456701548465688,-1.0,-1.8369701987210294e-16,0.4338837391175582,-0.900968867902419,0,weekday,44.4
2024-12-13,2024,12,13,348,18,4,225.6,2024-12-13 18:00:00+00:00,2024-12-13 19:00:00+00:00,62743.1925,640.47,5739.8825,0.0,50957.16,6380.3525,-0.3088124812662537,0.9511229423235356,-1.0,-1.8369701987210294e-16,-0.433883739117558,-0.9009688679024191,0,weekday,42.54
2024-12-14,2024,12,14,349,18,5,95.6,2024-12-14 18:00:00+00:00,2024-12-14 19:00:00+00:00,55193.8675,5543.37,26438.36,0.0,61197.91,31981.73,-0.2924059769510773,0.956294277219772,-1.0,-1.8369701987210294e-16,-0.9749279121818236,-0.2225209339563146,0,weekend,41.215
2024-12-15,2024,12,15,350,18,6,24.55,2024-12-15 18:00:00+00:00,2024-12-15 19:00:00+00:00,52738.96,4715.0025000000005,41278.2875,0.0,68997.77,45993.29,-0.2759129450029604,0.9611826292540836,-1.0,-1.8369701987210294e-16,-0.7818314824680299,0.6234898018587334,0,weekend,40.7
2024-12-16,2024,12,16,351,18,0,70.94,2024-12-16 18:00:00+00:00,2024-12-16 19:00:00+00:00,64222.615,4231.615,39804.97,0.0,72369.26,44036.585,-0.2593382659754056,0.9657865518844574,-1.0,-1.8369701987210294e-16,0.0,1.0,0,weekday,40.185
2024-12-17,2024,12,17,352,18,1,108.1,2024-12-17 18:00:00+00:00,2024-12-17 19:00:00+00:00,63031.105,5126.215,13613.3975,0.0,54680.42,18739.6125,-0.2426868445825954,0.9701046827361176,-1.0,-1.8369701987210294e-16,0.7818314824680298,0.6234898018587336,0,weekday,40.5
2024-12-18,2024,12,18,353,18,2,63.08,2024-12-18 18:00:00+00:00,2024-12-18 19:00:00+00:00,63714.83,4199.415,41354.4975,0.0,71554.71,45553.9125,-0.225963608248019,0.974135744004672,-1.0,-1.8369701987210294e-16,0.9749279121818236,-0.2225209339563143,0,weekday,42.355
2024-12-19,2024,12,19,354,18,3,87.36,2024-12-19 18:00:00+00:00,2024-12-19 19:00:00+00:00,64447.785,4811.8,32543.4125,0.0,66574.1,37355.2125,-0.2091735056463563,0.9778785428342386,-1.0,-1.8369701987210294e-16,0.4338837391175582,-0.900968867902419,0,weekday,41.475
2024-12-20,2024,12,20,355,18,4,98.65,2024-12-20 18:00:00+00:00,2024-12-20 19:00:00+00:00,60739.5025,5644.8125,26358.885,0.0,61028.94,32003.6975,-0.1923215052390948,0.9813319716704276,-1.0,-1.8369701987210294e-16,-0.433883739117558,-0.9009688679024191,0,weekday,43.875
2024-12-21,2024,12,21,356,18,5,20.73,2024-12-21 18:00:00+00:00,2024-12-21 19:00:00+00:00,52697.005000000005,4542.715,42943.6525,0.0,71001.24,47486.36749999999,-0.1754125938042784,0.9844950085880858,-1.0,-1.8369701987210294e-16,-0.9749279121818236,-0.2225209339563146,0,weekend,44.13
2024-12-22,2024,12,22,357,18,6,58.21,2024-12-22 18:00:00+00:00,2024-12-22 19:00:00+00:00,52563.685,5278.3625,29047.2125,0.0,59214.79,34325.575000000004,-0.1584517749608363,0.9873667175937016,-1.0,-1.8369701987210294e-16,-0.7818314824680299,0.6234898018587334,0,weekend,44.2325
2024-12-23,2024,12,23,358,18,0,97.47,2024-12-23 18:00:00+00:00,2024-12-23 19:00:00+00:00,62154.9525,4417.7675,26965.61,0.0,63532.07,31383.3775,-0.141444067687942,0.989946248902378,-1.0,-1.8369701987210294e-16,0.0,1.0,0,weekday,44.335
2024-12-24,2024,12,24,359,18,1,105.66,2024-12-24 18:00:00+00:00,2024-12-24 19:00:00+00:00,56808.34,2322.8900000000003,9628.9925,0.0,49690.91,11951.8825,-0.1243945048397999,0.9922328391893008,-1.0,-1.8369701987210294e-16,0.7818314824680298,0.6234898018587336,0,weekday,45.75
2024-12-25,2024,12,25,360,18,2,118.01,2024-12-25 18:00:00+00:00,2024-12-25 19:00:00+00:00,51163.3025,2283.6,4135.9,0.0,36594.3,6419.5,-0.1073081316563624,0.994225811815616,-1.0,-1.8369701987210294e-16,0.9749279121818236,-0.2225209339563143,1,holiday,45.731
2024-12-26,2024,12,26,361,18,3,135.71,2024-12-26 18:00:00+00:00,2024-12-26 19:00:00+00:00,49443.74,583.795,3288.3175,0.0,38061.29,3872.1125,-0.0901900042703451,0.99592457702866,-1.0,-1.8369701987210294e-16,0.4338837391175582,-0.900968867902419,1,holiday,45.731
2024-12-27,2024,12,27,362,18,4,146.43,2024-12-27 18:00:00+00:00,2024-12-27 19:00:00+00:00,52886.8925,254.1275,815.92,0.0,40013.94,1070.0475,-0.0730451882110474,0.9973286321364752,-1.0,-1.8369701987210294e-16,-0.433883739117558,-0.9009688679024191,0,weekday,47.18
2024-12-28,2024,12,28,363,18,5,140.48,2024-12-28 18:00:00+00:00,2024-12-28 19:00:00+00:00,53036.005000000005,1350.2475,2190.8125,0.0,40973.2,3541.06,-0.0558787569053731,0.9984375616565666,-1.0,-1.8369701987210294e-16,-0.9749279121818236,-0.2225209339563146,0,weekend,47.731
2024-12-29,2024,12,29,364,18,6,121.34,2024-12-29 18:00:00+00:00,2024-12-29 19:00:00+00:00,50977.6725,5108.5975,19372.29,0.0,54057.48,24480.8875,-0.0386957901765268,0.999251037438848,-1.0,-1.8369701987210294e-16,-0.7818314824680299,0.6234898018587334,0,weekend,48.0155
2024-12-30,2024,12,30,365,18,0,86.62,2024-12-30 18:00:00+00:00,2024-12-30 19:00:00+00:00,57239.9825,4434.935,28640.895,0.0,61588.34,33075.83,-0.0215013727408137,0.999768818762748,-1.0,-1.8369701987210294e-16,0.0,1.0,0,weekday,48.3
2024-12-31,2024,12,31,366,18,1,67.77,2024-12-31 18:00:00+00:00,2024-12-31 19:00:00+00:00,56659.9525,3935.8225,35308.54,0.0,62571.9,39244.3625,-0.0043005927029819,0.9999907524084426,-1.0,-1.8369701987210294e-16,0.7818314824680298,0.6234898018587336,0,weekday,48.35
2025-01-01,2025,1,1,1,18,2,1.48,2025-01-01 18:00:00+00:00,2025-01-01 19:00:00+00:00,53912.7975,4050.8725,45695.33,0.0,69086.2625,49746.2025,0.0,1.0,-1.0,-1.8369701987210294e-16,0.9749279121818236,-0.2225209339563143,1,holiday,48.889
2025-01-02,2025,1,2,2,18,3,139.15,2025-01-02 18:00:00+00:00,2025-01-02 19:00:00+00:00,63796.8025,5870.055,17666.822500000002,0.0,58454.4775,23536.8775,0.0172015754182605,0.9998520419557736,-1.0,-1.8369701987210294e-16,0.4338837391175582,-0.900968867902419,0,weekday,50.215
2025-01-03,2025,1,3,3,18,4,114.91,2025-01-03 18:00:00+00:00,2025-01-03 19:00:00+00:00,62577.935,5548.8525,24080.67,0.0,63568.8775,29629.5225,0.034398060613608,0.9994082116062598,-1.0,-1.8369701987210294e-16,-0.433883739117558,-0.9009688679024191,0,weekday,49.905
2025-01-04,2025,1,4,4,18,5,137.96,2025-01-04 18:00:00+00:00,2025-01-04 19:00:00+00:00,55762.4675,2265.865,8544.6625,0.0,46796.7975,10810.5275,0.0515843668694083,0.9986686402879996,-1.0,-1.8369701987210294e-16,-0.9749279121818236,-0.2225209339563146,0,weekend,49.622
2025-01-05,2025,1,5,5,18,6,51.28,2025-01-05 18:00:00+00:00,2025-01-05 19:00:00+00:00,54711.255000000005,5304.6625,34883.5225,0.0,59238.5175,40188.185,0.0687554084811394,0.9976335468520452,-1.0,-1.8369701987210294e-16,-0.7818314824680299,0.6234898018587334,0,weekend,49.361000000000004
2025-01-06,2025,1,6,6,18,0,28.74,2025-01-06 18:00:00+00:00,2025-01-06 19:00:00+00:00,60099.805,3736.88,44814.435,0.0,73610.02,48551.315,0.0859061042613327,0.9963032375991964,-1.0,-1.8369701987210294e-16,0.0,1.0,0,weekday,49.1
2025-01-07,2025,1,7,7,18,1,86.21,2025-01-07 18:00:00+00:00,2025-01-07 19:00:00+00:00,64693.065,5029.305,36153.4075,0.0,70140.5975,41182.7125,0.1030313790431787,0.9946781061893646,-1.0,-1.8369701987210294e-16,0.7818314824680298,0.6234898018587336,0,weekday,46.75
2025-01-08,2025,1,8,8,18,2,146.48,2025-01-08 18:00:00+00:00,2025-01-08 19:00:00+00:00,64555.942500000005,4209.9725,15696.55,0.0,57535.205,19906.5225,0.1201261651823505,0.9927586335250792,-1.0,-1.8369701987210294e-16,0.9749279121818236,-0.2225209339563143,0,weekday,47.995
2025-01-09,2025,1,9,9,18,3,125.44,2025-01-09 18:00:00+00:00,2025-01-09 19:00:00+00:00,63244.745,3265.675,26659.7125,0.0,65117.5,29925.3875,0.1371854040566005,0.9905453876091832,-1.0,-1.8369701987210294e-16,0.4338837391175582,-0.900968867902419,0,weekday,45.095
2025-01-10,2025,1,10,10,18,4,141.05,2025-01-10 18:00:00+00:00,2025-01-10 19:00:00+00:00,65987.64,2675.1725,15187.865,0.0,55399.155,17863.0375,0.1542040475626894,0.988039023376751,-1.0,-1.8369701987210294e-16,-0.433883739117558,-0.9009688679024191,0,weekday,44.85
2025-01-11,2025,1,11,11,18,5,114.85,2025-01-11 18:00:00+00:00,2025-01-11 19:00:00+00:00,56881.4475,3283.5725,21315.92,0.0,57553.3075,24599.4925,0.1711770596101998,0.985240282501282,-1.0,-1.8369701987210294e-16,-0.9749279121818236,-0.2225209339563146,0,weekend,45.008
2025-01-12,2025,1,12,12,18,6,143.66,2025-01-12 18:00:00+00:00,2025-01-12 19:00:00+00:00,56136.09,282.77,5825.92,0.0,41868.345,6108.6900000000005,0.1880994176117975,0.9821499931752292,-1.0,-1.8369701987210294e-16,-0.7818314824680299,0.6234898018587334,0,weekend,45.829
2025-01-13,2025,1,13,13,18,0,139.73,2025-01-13 18:00:00+00:00,2025-01-13 19:00:00+00:00,68449.3625,5564.47,11733.5375,0.0,59402.265,17298.0075,0.2049661139694953,0.9787690698649216,-1.0,-1.8369701987210294e-16,0.0,1.0,0,weekday,46.65
2025-01-14,2025,1,14,14,18,1,158.38,2025-01-14 18:00:00+00:00,2025-01-14 19:00:00+00:00,68715.5475,4589.04,18213.3775,0.0,63590.795,22802.4175,0.2217721575564818,0.975098513039961,-1.0,-1.8369701987210294e-16,0.7818314824680298,0.6234898018587336,0,weekday,48.53
2025-01-15,2025,1,15,15,18,2,270.09,2025-01-15 18:00:00+00:00,2025-01-15 19:00:00+00:00,68138.985,719.5525,2341.645,0.0,47338.07,3061.1975,0.2385125751940764,0.9711394088771652,-1.0,-1.8369701987210294e-16,0.9749279121818236,-0.2225209339563143,0,weekday,47.45
2025-01-16,2025,1,16,16,18,3,179.97,2025-01-16 18:00:00+00:00,2025-01-16 19:00:00+00:00,66168.75,3566.5775,5742.06,0.0,52165.94,9308.6375,0.2551824131233728,0.966892928939152,-1.0,-1.8369701987210294e-16,0.4338837391175582,-0.900968867902419,0,weekday,46.205
2025-01-17,2025,1,17,17,18,4,174.22,2025-01-17 18:00:00+00:00,2025-01-17 19:00:00+00:00,66555.21,2299.16,2939.045,0.0,46681.145,5238.205,0.2717767384711357,0.9623603298276544,-1.0,-1.8369701987210294e-16,-0.433883739117558,-0.9009688679024191,0,weekday,46.0
2025-01-18,2025,1,18,18,18,5,167.85,2025-01-18 18:00:00+00:00,2025-01-18 19:00:00+00:00,58437.76,477.7175,4655.4775,0.0,44777.375,5133.195,0.2882906407095177,0.957542952811672,-1.0,-1.8369701987210294e-16,-0.9749279121818236,-0.2225209339563146,0,weekend,46.887
2025-01-19,2025,1,19,19,18,6,156.6,2025-01-19 18:00:00+00:00,2025-01-19 19:00:00+00:00,56830.4025,227.05,8407.6425,0.0,46372.73,8634.6925,0.3047192331091634,0.9524422234305676,-1.0,-1.8369701987210294e-16,-0.7818314824680299,0.6234898018587334,0,weekend,46.808
2025-01-20,2025,1,20,20,18,0,295.57,2025-01-20 18:00:00+00:00,2025-01-20 19:00:00+00:00,69235.1475,1490.24,3152.7125,0.0,50047.66,4642.9525,0.321057654185271,0.9470596510722284,-1.0,-1.8369701987210294e-16,0.0,1.0,0,weekday,46.729
2025-01-21,2025,1,21,21,18,1,202.68,2025-01-21 18:00:00+00:00,2025-01-21 19:00:00+00:00,69330.2575,2706.4925,4962.5225,0.0,51347.63,7669.014999999999,0.3373010691361842,0.9413968285264122,-1.0,-1.8369701987210294e-16,0.7818314824680298,0.6234898018587336,0,weekday,46.65
2025-01-22,2025,1,22,22,18,2,167.08,2025-01-22 18:00:00+00:00,2025-01-22 19:00:00+00:00,68424.065,1421.8375,17830.2825,0.0,60635.655,19252.120000000003,0.3534446712740877,0.9354554315134164,-1.0,-1.8369701987210294e-16,0.9749279121818236,-0.2225209339563143,0,weekday,50.085
2025-01-23,2025,1,23,23,18,3,101.87,2025-01-23 18:00:00+00:00,2025-01-23 19:00:00+00:00,65560.8375,5802.025,30810.5125,0.0,67782.1925,36612.5375,0.3694836834473831,0.9292372181882051,-1.0,-1.8369701987210294e-16,0.4338837391175582,-0.900968867902419,0,weekday,48.83
2025-01-24,2025,1,24,24,18,4,91.78,2025-01-24 18:00:00+00:00,2025-01-24 19:00:00+00:00,66088.5425,5383.8675,35161.0925,0.0,68229.735,40544.96,0.3854133594543256,0.9227440286201428,-1.0,-1.8369701987210294e-16,-0.433883739117558,-0.9009688679024191,0,weekday,49.585
2025-01-25,2025,1,25,25,18,5,147.53,2025-01-25 18:00:00+00:00,2025-01-25 19:00:00+00:00,56702.82,2328.9475,8898.25,0.0,47147.2025,11227.1975,0.4012289854475009,0.9159777842484876,-1.0,-1.8369701987210294e-16,-0.9749279121818236,-0.2225209339563146,0,weekend,49.702
2025-01-26,2025,1,26,26,18,6,90.32,2025-01-26 18:00:00+00:00,2025-01-26 19:00:00+00:00,55837.165,4919.4325,16182.9925,0.0,52397.895,21102.425,0.4169258813287287,0.908940487313808,-1.0,-1.8369701987210294e-16,-0.7818314824680299,0.6234898018587334,0,weekend,49.2635
2025-01-27,2025,1,27,27,18,0,100.05,2025-01-27 18:00:00+00:00,2025-01-27 19:00:00+00:00,67291.69750000001,5915.24,27967.64,0.0,64577.665,33882.88,0.4324994021339788,0.901634220265486,-1.0,-1.8369701987210294e-16,0.0,1.0,0,weekday,48.825
2025-01-28,2025,1,28,28,18,1,128.9,2025-01-28 18:00:00+00:00,2025-01-28 19:00:00+00:00,67007.1575,4852.165,22500.925,0.0,61745.6825,27353.09,0.4479449394078911,0.8940611451454876,-1.0,-1.8369701987210294e-16,0.7818314824680298,0.6234898018587336,0,weekday,48.2
2025-01-29,2025,1,29,29,18,2,146.3,2025-01-29 18:00:00+00:00,2025-01-29 19:00:00+00:00,67259.7125,4776.9375,22279.1925,0.0,62636.71,27056.13,0.4632579225674917,0.88622350294858,-1.0,-1.8369701987210294e-16,0.9749279121818236,-0.2225209339563143,0,weekday,49.74
2025-01-30,2025,1,30,30,18,3,161.28,2025-01-30 18:00:00+00:00,2025-01-30 19:00:00+00:00,66979.045,3127.195,7822.5625,0.0,51675.385,10949.7575,0.4784338202547012,0.8781236129591848,-1.0,-1.8369701987210294e-16,0.4338837391175582,-0.900968867902419,0,weekday,52.02
2025-01-31,2025,1,31,31,18,4,178.99,2025-01-31 18:00:00+00:00,2025-01-31 19:00:00+00:00,65825.235,859.7,6955.92,0.0,50260.13,7815.62,0.4934681416772373,0.8697638720650646,-1.0,-1.8369701987210294e-16,-0.433883739117558,-0.9009688679024191,0,weekday,52.0
2025-02-01,2025,2,1,32,18,5,162.98,2025-02-01 18:00:00+00:00,2025-02-01 19:00:00+00:00,57162.745,309.8125,3915.2725,0.0,43548.3275,4225.085,0.5083564379375122,0.8611467540480452,-1.0,-1.8369701987210294e-16,-0.9749279121818236,-0.2225209339563146,0,weekend,53.237
2025-02-02,2025,2,2,33,18,6,173.95,2025-02-02 18:00:00+00:00,2025-02-02 19:00:00+00:00,54536.93,590.465,1071.8175,0.0,40818.54,1662.2825000000005,0.5230943033491326,0.8522748088519838,-1.0,-1.8369701987210294e-16,-0.7818314824680299,0.6234898018587334,0,weekend,53.718500000000006
2025-02-03,2025,2,3,34,18,0,201.1,2025-02-03 18:00:00+00:00,2025-02-03 19:00:00+00:00,66941.1125,1970.7625,2558.765,0.0,49253.355,4529.5275,0.5376773767406141,0.8431506618282,-1.0,-1.8369701987210294e-16,0.0,1.0,0,weekday,54.2
2025-02-04,2025,2,4,35,18,1,162.04,2025-02-04 18:00:00+00:00,2025-02-04 19:00:00+00:00,66188.78,5423.005,9377.095,0.0,57072.095,14800.1,0.5521013427459208,0.8337770129585915,-1.0,-1.8369701987210294e-16,0.7818314824680298,0.6234898018587336,0,weekday,52.905
2025-02-05,2025,2,5,36,18,2,189.63,2025-02-05 18:00:00+00:00,2025-02-05 19:00:00+00:00,67895.5825,1905.9675,7012.255,0.0,53829.18,8918.2225,0.5663619330814524,0.8241566360566663,-1.0,-1.8369701987210294e-16,0.9749279121818236,-0.2225209339563143,0,weekday,51.85
2025-02-06,2025,2,6,37,18,3,162.95,2025-02-06 18:00:00+00:00,2025-02-06 19:00:00+00:00,67793.84,3656.22,13799.0325,0.0,60510.2925,17455.2525,0.580454927809098,0.8142923779467267,-1.0,-1.8369701987210294e-16,0.4338837391175582,-0.900968867902419,0,weekday,53.91
2025-02-07,2025,2,7,38,18,4,144.32,2025-02-07 18:00:00+00:00,2025-02-07 19:00:00+00:00,68324.69750000001,6340.62,23318.425,0.0,67969.30249999999,29659.045,0.5943761565849831,0.804187157621448,-1.0,-1.8369701987210294e-16,-0.433883739117558,-0.9009688679024191,0,weekday,53.815
2025-02-08,2025,2,8,39,18,5,161.1,2025-02-08 18:00:00+00:00,2025-02-08 19:00:00+00:00,57038.1825,5172.145,13494.825,0.0,56400.8125,18666.97,0.6081214998935418,0.7938439653781019,-1.0,-1.8369701987210294e-16,-0.9749279121818236,-0.2225209339563146,0,weekend,55.723
2025-02-09,2025,2,9,40,18,6,156.13,2025-02-09 18:00:00+00:00,2025-02-09 19:00:00+00:00,56129.14,6451.8875,11077.5675,0.0,53818.4925,17529.454999999998,0.6216868902665479,0.7832658619336791,-1.0,-1.8369701987210294e-16,-0.7818314824680299,0.6234898018587334,0,weekend,56.5115
2025-02-10,2025,2,10,41,18,0,114.85,2025-02-10 18:00:00+00:00,2025-02-10 19:00:00+00:00,68551.48749999999,6095.0425,29656.2425,0.0,70499.7775,35751.285,0.6350683134867438,0.7724559775191742,-1.0,-1.8369701987210294e-16,0.0,1.0,0,weekday,57.3
2025-02-11,2025,2,11,42,18,1,167.45,2025-02-11 18:00:00+00:00,2025-02-11 19:00:00+00:00,67900.285,6309.1525,19873.01,0.0,64398.105,26182.1625,0.6482618097757122,0.7614175109532997,-1.0,-1.8369701987210294e-16,0.7818314824680298,0.6234898018587336,0,weekday,57.13
2025-02-12,2025,2,12,43,18,2,192.57,2025-02-12 18:00:00+00:00,2025-02-12 19:00:00+00:00,66731.755,5547.795,9323.72,0.0,58192.3275,14871.515,0.6612634749656386,0.7501537286959042,-1.0,-1.8369701987210294e-16,0.9749279121818236,-0.2225209339563143,0,weekday,56.2
2025-02-13,2025,2,13,44,18,3,196.52,2025-02-13 18:00:00+00:00,2025-02-13 19:00:00+00:00,66133.8775,2798.0125,9658.9025,0.0,54748.2425,12456.915,0.6740694616546161,0.7386679638813748,-1.0,-1.8369701987210294e-16,0.4338837391175582,-0.900968867902419,0,weekday,55.66
2025-02-14,2025,2,14,45,18,4,225.7,2025-02-14 18:00:00+00:00,2025-02-14 19:00:00+00:00,65662.11,103.215,1614.1325,0.0,45908.9275,1717.3475,0.6866759803451553,0.726963615332308,-1.0,-1.8369701987210294e-16,-0.433883739117558,-0.9009688679024191,0,weekday,50.05
2025-02-15,2025,2,15,46,18,5,164.76,2025-02-15 18:00:00+00:00,2025-02-15 19:00:00+00:00,58395.2425,1019.3225,2163.4575,0.0,43442.0625,3182.78,0.6990793005655562,0.7150441465537444,-1.0,-1.8369701987210294e-16,-0.9749279121818236,-0.2225209339563146,0,weekend,50.685
2025-02-16,2025,2,16,47,18,6,160.29,2025-02-16 18:00:00+00:00,2025-02-16 19:00:00+00:00,57545.805,1139.99,8757.5825,0.0,46540.715,9897.5725,0.7112757519738152,0.7029130847082615,-1.0,-1.8369701987210294e-16,-0.7818314824680299,0.6234898018587334,0,weekend,50.458333333333336
2025-02-17,2025,2,17,48,18,0,215.36,2025-02-17 18:00:00+00:00,2025-02-17 19:00:00+00:00,69984.9325,881.1075,5171.8475,0.0,53238.5425,6052.955,0.7232617254437388,0.6905740195722293,-1.0,-1.8369701987210294e-16,0.0,1.0,0,weekday,50.23166666666667
2025-02-18,2025,2,18,49,18,1,155.91,2025-02-18 18:00:00+00:00,2025-02-18 19:00:00+00:00,69785.4925,3605.4475,13998.7475,0.0,58155.205,17604.195,0.7350336741329413,0.6780306024735382,-1.0,-1.8369701987210294e-16,0.7818314824680298,0.6234898018587336,0,weekday,50.005
2025-02-19,2025,2,19,50,18,2,144.42,2025-02-19 18:00:00+00:00,2025-02-19 19:00:00+00:00,69427.2975,4982.969999999999,22675.5025,0.0,67508.665,27658.4725,0.746588114532413,0.6652865452111116,-1.0,-1.8369701987210294e-16,0.9749279121818236,-0.2225209339563143,0,weekday,50.0
2025-02-20,2025,2,20,51,18,3,122.45,2025-02-20 18:00:00+00:00,2025-02-20 19:00:00+00:00,66211.11,6255.7325,21640.95,0.0,64780.9775,27896.682500000003,0.7579216274973472,0.6523456189565257,-1.0,-1.8369701987210294e-16,0.4338837391175582,-0.900968867902419,0,weekday,47.35
2025-02-21,2025,2,21,52,18,4,81.95,2025-02-21 18:00:00+00:00,2025-02-21 19:00:00+00:00,65116.015,5823.0475,24550.555,0.0,62191.695,30373.6025,0.7690308592589181,0.6392116531380588,-1.0,-1.8369701987210294e-16,-0.433883739117558,-0.9009688679024191,0,weekday,47.65
2025-02-22,2025,2,22,53,18,5,115.18,2025-02-22 18:00:00+00:00,2025-02-22 19:00:00+00:00,56253.22,4328.5525,20218.0225,0.0,56675.02,24546.575,0.7799125224167177,0.6258885343075018,-1.0,-1.8369701987210294e-16,-0.9749279121818236,-0.2225209339563146,0,weekend,47.195
2025-02-23,2025,2,23,54,18,6,117.02,2025-02-23 18:00:00+00:00,2025-02-23 19:00:00+00:00,55404.5575,5495.8675,9385.62,0.0,46726.9925,14881.4875,0.7905633969115482,0.612380204990065,-1.0,-1.8369701987210294e-16,-0.7818314824680299,0.6234898018587334,0,weekend,46.665
2025-02-24,2025,2,24,55,18,0,148.71,2025-02-24 18:00:00+00:00,2025-02-24 19:00:00+00:00,66259.5825,5084.975,22114.4975,0.0,61993.4775,27199.472500000003,0.8009803309782905,0.5986906625177214,-1.0,-1.8369701987210294e-16,0.0,1.0,0,weekday,46.135
2025-02-25,2025,2,25,56,18,1,188.09,2025-02-25 18:00:00+00:00,2025-02-25 19:00:00+00:00,65536.8425,546.8175,3700.985,0.0,48273.1675,4247.8025,0.8111602420785621,0.5848239578463322,-1.0,-1.8369701987210294e-16,0.7818314824680298,0.6234898018587336,0,weekday,45.435
2025-02-26,2025,2,26,57,18,2,162.82,2025-02-26 18:00:00+00:00,2025-02-26 19:00:00+00:00,66106.505,681.245,8018.905,0.0,49944.1175,8700.15,0.8211001178128892,0.5707841943569036,-1.0,-1.8369701987210294e-16,0.9749279121818236,-0.2225209339563143,0,weekday,41.336
2025-02-27,2025,2,27,58,18,3,163.17,2025-02-27 18:00:00+00:00,2025-02-27 19:00:00+00:00,65756.56,1770.8,5844.345,0.0,49762.4275,7615.145,0.8307970168121247,0.5565755266413303,-1.0,-1.8369701987210294e-16,0.4338837391175582,-0.900968867902419,0,weekday,44.375
2025-02-28,2025,2,28,59,18,4,158.86,2025-02-28 18:00:00+00:00,2025-02-28 19:00:00+00:00,64659.055,939.9225,4649.9825,0.0,49206.2975,5589.905,0.8402480696078469,0.5422021592729844,-1.0,-1.8369701987210294e-16,-0.433883739117558,-0.9009688679024191,0,weekday,46.5
2025-03-01,2025,3,1,60,18,5,150.78,2025-03-01 18:00:00+00:00,2025-03-01 19:00:00+00:00,57261.7825,1623.52,5772.41,0.0,47086.89,7395.93,0.8494504794814806,0.527668345562516,-1.0,-1.8369701987210294e-16,-0.9749279121818236,-0.2225209339563146,0,weekend,44.32
2025-03-02,2025,3,2,61,18,6,146.1,2025-03-02 18:00:00+00:00,2025-03-02 19:00:00+00:00,55014.1625,3383.55,7474.195,0.0,47035.225,10857.745,0.8584015232918917,0.512978386299228,-1.0,-1.8369701987210294e-16,-0.7818314824680299,0.6234898018587334,0,weekend,45.635000000000005
2025-03-03,2025,3,3,62,18,0,175.93,2025-03-03 18:00:00+00:00,2025-03-03 19:00:00+00:00,67561.89,4072.6225,7869.870000000001,0.0,51146.2075,11942.4925,0.8670985522812081,0.4981366284784055,-1.0,-1.8369701987210294e-16,0.0,1.0,0,weekday,46.95
2025-03-04,2025,3,4,63,18,1,163.67,2025-03-04 18:00:00+00:00,2025-03-04 19:00:00+00:00,67104.03749999999,5752.6575,8527.9875,0.0,53116.5275,14280.645,0.8755389928586302,0.4831474640149687,-1.0,-1.8369701987210294e-16,0.7818314824680298,0.6234898018587336,0,weekday,45.315
2025-03-05,2025,3,5,64,18,2,145.89,2025-03-05 18:00:00+00:00,2025-03-05 19:00:00+00:00,66363.54,6187.62,11809.3675,0.0,57404.445,17996.9875,0.8837203473619977,0.4680153284438345,-1.0,-1.8369701987210294e-16,0.9749279121818236,-0.2225209339563143,0,weekday,43.485
2025-03-06,2025,3,6,65,18,3,149.1,2025-03-06 18:00:00+00:00,2025-03-06 19:00:00+00:00,63841.1325,3154.2175,10524.155,0.0,52389.57,13678.3725,0.8916401947968874,0.452744699607371,-1.0,-1.8369701987210294e-16,0.4338837391175582,-0.900968867902419,0,weekday,41.875
2025-03-07,2025,3,7,66,18,4,178.68,2025-03-07 18:00:00+00:00,2025-03-07 19:00:00+00:00,63029.315,541.5325,3167.4475,0.0,46436.6275,3708.980000000001,0.8992961915530253,0.4373400963303323,-1.0,-1.8369701987210294e-16,-0.433883739117558,-0.9009688679024191,0,weekday,37.325
2025-03-08,2025,3,8,67,18,5,140.03,2025-03-08 18:00:00+00:00,2025-03-08 19:00:00+00:00,54672.91,1898.0225,12429.0075,0.0,48921.7975,14327.03,0.9066860720977984,0.4218060770826634,-1.0,-1.8369701987210294e-16,-0.9749279121818236,-0.2225209339563146,0,weekend,39.971
2025-03-09,2025,3,9,68,18,6,136.7,2025-03-09 18:00:00+00:00,2025-03-09 19:00:00+00:00,53276.4225,2680.125,5528.8325,0.0,40977.7675,8208.9575,0.9138076496466616,0.4061472386305789,-1.0,-1.8369701987210294e-16,-0.7818314824680299,0.6234898018587334,0,weekend,40.0205
2025-03-10,2025,3,10,69,18,0,160.24,2025-03-10 18:00:00+00:00,2025-03-10 19:00:00+00:00,64758.4225,1606.8525,5443.3575,0.0,47005.765,7050.21,0.9206588168102428,0.3903682146763026,-1.0,-1.8369701987210294e-16,0.0,1.0,0,weekday,40.07
2025-03-11,2025,3,11,70,18,1,180.95,2025-03-11 18:00:00+00:00,2025-03-11 19:00:00+00:00,64284.665,1871.0725,3420.115,0.0,46695.745,5291.1875,0.9272375462179536,0.374473674486883,-1.0,-1.8369701987210294e-16,0.7818314824680298,0.6234898018587336,0,weekday,41.405
2025-03-12,2025,3,12,71,18,2,179.49,2025-03-12 18:00:00+00:00,2025-03-12 19:00:00+00:00,65433.05,770.4375,2549.4675,0.0,45670.085,3319.905,0.9335418911179212,0.3584683215124808,-1.0,-1.8369701987210294e-16,0.9749279121818236,-0.2225209339563143,0,weekday,42.645
2025-03-13,2025,3,13,72,18,3,173.47,2025-03-13 18:00:00+00:00,2025-03-13 19:00:00+00:00,65221.8225,2770.8825,3531.9925,0.0,48486.9175,6302.875,0.9395699859530622,0.342356891994542,-1.0,-1.8369701987210294e-16,0.4338837391175582,-0.900968867902419,0,weekday,42.455
2025-03-14,2025,3,14,73,18,4,150.91,2025-03-14 18:00:00+00:00,2025-03-14 19:00:00+00:00,63541.685,2149.7475,7342.7175,0.0,48921.3075,9492.465,0.945320046913132,0.3261441535642696,-1.0,-1.8369701987210294e-16,-0.433883739117558,-0.9009688679024191,0,weekday,41.3
2025-03-15,2025,3,15,74,18,5,132.96,2025-03-15 18:00:00+00:00,2025-03-15 19:00:00+00:00,56604.0975,347.21000000000004,14767.3075,0.0,49710.265,15114.517500000002,0.9507903724625832,0.3098349038318025,-1.0,-1.8369701987210294e-16,-0.9749279121818236,-0.2225209339563146,0,weekend,42.29
2025-03-16,2025,3,16,75,18,6,140.0,2025-03-16 18:00:00+00:00,2025-03-16 19:00:00+00:00,55542.4925,4975.74,12099.0875,0.0,51397.585,17074.8275,0.9559793438440766,0.2934339689665273,-1.0,-1.8369701987210294e-16,-0.7818314824680299,0.6234898018587334,0,weekend,41.8425
2025-03-17,2025,3,17,76,18,0,170.0,2025-03-17 18:00:00+00:00,2025-03-17 19:00:00+00:00,67166.37,668.41,9167.445,0.0,49630.725,9835.855,0.9608854255574976,0.2769462022689364,-1.0,-1.8369701987210294e-16,0.0,1.0,0,weekday,41.395
2025-03-18,2025,3,18,77,18,1,167.46,2025-03-18 18:00:00+00:00,2025-03-18 19:00:00+00:00,66351.155,1307.485,8841.4375,0.0,51640.6275,10148.9225,0.9655071658143364,0.2603764827344581,-1.0,-1.8369701987210294e-16,0.7818314824680298,0.6234898018587336,0,weekday,41.45
2025-03-19,2025,3,19,78,18,2,220.3,2025-03-19 18:00:00+00:00,2025-03-19 19:00:00+00:00,65597.595,551.3325,3507.17,0.0,47845.5725,4058.5025,0.969843196967294,0.2437297136096838,-1.0,-1.8369701987210294e-16,0.9749279121818236,-0.2225209339563143,0,weekday,42.505
2025-03-20,2025,3,20,79,18,3,253.85,2025-03-20 18:00:00+00:00,2025-03-20 19:00:00+00:00,64397.735,401.5825,2777.8675,0.0,46774.115,3179.45,0.9738922359149924,0.2270108209414184,-1.0,-1.8369701987210294e-16,0.4338837391175582,-0.900968867902419,0,weekday,43.86
2025-03-21,2025,3,21,80,18,4,83.5,2025-03-21 18:00:00+00:00,2025-03-21 19:00:00+00:00,60857.165,5830.8775000000005,30318.33,0.0,64938.5125,36149.2075,0.977653084481664,0.2102247521189836,-1.0,-1.8369701987210294e-16,-0.433883739117558,-0.9009688679024191,0,weekday,44.755
2025-03-22,2025,3,22,81,18,5,50.95,2025-03-22 18:00:00+00:00,2025-03-22 19:00:00+00:00,55278.7825,5511.81,30693.585,0.0,60512.4125,36205.395,0.981124629771712,0.1933764744102058,-1.0,-1.8369701987210294e-16,-0.9749279121818236,-0.2225209339563146,0,weekend,42.605
2025-03-23,2025,3,23,82,18,6,142.51,2025-03-23 18:00:00+00:00,2025-03-23 19:00:00+00:00,53075.4575,4308.035,5847.5575,0.0,44919.58,10155.5925,0.984305844499033,0.1764709734915216,-1.0,-1.8369701987210294e-16,-0.7818314824680299,0.6234898018587334,0,weekend,42.504999999999995
2025-03-24,2025,3,24,83,18,0,193.0,2025-03-24 18:00:00+00:00,2025-03-24 19:00:00+00:00,63163.195,204.22,2495.2675,0.0,45071.0325,2699.4875,0.9871957872910084,0.1595132519726365,-1.0,-1.8369701987210294e-16,0.0,1.0,0,weekday,42.405
2025-03-25,2025,3,25,84,18,1,166.36,2025-03-25 18:00:00+00:00,2025-03-25 19:00:00+00:00,63072.035,4753.095,8977.4325,0.0,52180.425,13730.5275,0.9897936029670716,0.1425083279161708,-1.0,-1.8369701987210294e-16,0.7818314824680298,0.6234898018587336,0,weekday,42.05
2025-03-26,2025,3,26,85,18,2,169.54,2025-03-26 18:00:00+00:00,2025-03-26 19:00:00+00:00,63224.67,1415.185,7803.925,0.0,48527.0075,9219.11,0.992098522791769,0.1254612333527364,-1.0,-1.8369701987210294e-16,0.9749279121818236,-0.2225209339563143,0,weekday,40.555
2025-03-27,2025,3,27,86,18,3,170.7,2025-03-27 18:00:00+00:00,2025-03-27 19:00:00+00:00,62087.225,4359.37,3072.37,0.0125,46516.7775,7431.7525,0.9941098647022418,0.108377012791876,-1.0,-1.8369701987210294e-16,0.4338837391175582,-0.900968867902419,0,weekday,41.1
2025-03-28,2025,3,28,87,18,4,165.9,2025-03-28 18:00:00+00:00,2025-03-28 19:00:00+00:00,60510.4575,1289.64,4610.4425,0.0,44170.7675,5900.0825,0.9958270335100596,0.0912607217293118,-1.0,-1.8369701987210294e-16,-0.433883739117558,-0.9009688679024191,0,weekday,40.9
2025-03-29,2025,3,29,88,18,5,152.22,2025-03-29 18:00:00+00:00,2025-03-29 19:00:00+00:00,55429.5725,1854.61,10782.6625,0.0125,44918.4125,12637.285000000002,0.9972495210773452,0.0741174251509443,-1.0,-1.8369701987210294e-16,-0.9749279121818236,-0.2225209339563146,0,weekend,40.587
2025-03-30,2025,3,30,89,18,6,58.86,2025-03-30 18:00:00+00:00,2025-03-30 19:00:00+00:00,52184.9675,4570.71,32382.4225,18.84,60395.145,36971.9725,0.998376906467142,0.0569521960340397,-1.0,-1.8369701987210294e-16,-0.7818314824680299,0.6234898018587334,0,weekend,40.706
2025-03-31,2025,3,31,90,18,0,172.73,2025-03-31 18:00:00+00:00,2025-03-31 19:00:00+00:00,61797.7725,1132.05,9461.3175,1.495,48728.8,10594.8625,0.9992088560679752,0.0397701138460557,-1.0,-1.8369701987210294e-16,0.0,1.0,0,weekday,40.825
2025-04-01,2025,4,1,91,18,1,138.0,2025-04-01 18:00:00+00:00,2025-04-01 19:00:00+00:00,60036.8225,1548.13,17265.510000000002,3.265,53740.1475,18816.905,0.9997451236925734,0.0225762630415454,-1.0,-1.8369701987210294e-16,0.7818314824680298,0.6234898018587336,0,weekday,40.875
2025-04-02,2025,4,2,92,18,2,114.0,2025-04-02 18:00:00+00:00,2025-04-02 19:00:00+00:00,60336.78,4073.57,24333.2525,4.9825,60710.91,28411.805,0.9999855506507186,0.0053757315575838,-1.0,-1.8369701987210294e-16,0.9749279121818236,-0.2225209339563143,0,weekday,42.475
2025-04-03,2025,4,3,93,18,3,155.88,2025-04-03 18:00:00+00:00,2025-04-03 19:00:00+00:00,59220.82,1406.675,9858.015,5.9075,47877.5425,11270.597499999998,0.9999300657962056,-0.0118263906918325,-1.0,-1.8369701987210294e-16,0.4338837391175582,-0.900968867902419,0,weekday,39.75
2025-04-04,2025,4,4,94,18,4,155.99,2025-04-04 18:00:00+00:00,2025-04-04 19:00:00+00:00,57082.87,2165.8175,9173.49,7.735,45870.405,11347.0425,0.9995786855478958,-0.0290250133219752,-1.0,-1.8369701987210294e-16,-0.433883739117558,-0.9009688679024191,0,weekday,39.25
2025-04-05,2025,4,5,95,18,5,98.9,2025-04-05 18:00:00+00:00,2025-04-05 19:00:00+00:00,51319.075,3651.9975,23447.29,13.0525,51462.82,27112.340000000004,0.9989315138848576,-0.0462150469837083,-1.0,-1.8369701987210294e-16,-0.9749279121818236,-0.2225209339563146,0,weekend,36.401
2025-04-06,2025,4,6,96,18,6,132.9,2025-04-06 18:00:00+00:00,2025-04-06 19:00:00+00:00,51958.1425,1094.4775,8609.27,14.235,41024.335,9717.982500000002,0.9979887423155984,-0.0633914048695103,-1.0,-1.8369701987210294e-16,-0.7818314824680299,0.6234898018587334,0,weekend,35.523
2025-04-07,2025,4,7,97,18,0,165.05,2025-04-07 18:00:00+00:00,2025-04-07 19:00:00+00:00,60754.8275,811.0975,5993.2625,16.9775,46333.4275,6821.3375,0.9967506498213928,-0.0805490042187416,-1.0,-1.8369701987210294e-16,0.0,1.0,0,weekday,34.645
2025-04-08,2025,4,8,98,18,1,171.31,2025-04-08 18:00:00+00:00,2025-04-08 19:00:00+00:00,60963.89,283.81,3543.4775,14.805,44952.2725,3842.0925,0.9952176027737294,-0.0976827678217159,-1.0,-1.8369701987210294e-16,0.7818314824680298,0.6234898018587336,0,weekday,36.335
2025-04-09,2025,4,9,99,18,2,138.73,2025-04-09 18:00:00+00:00,2025-04-09 19:00:00+00:00,59636.2325,4918.7775,10738.6725,19.205,51615.7775,15676.655,0.9933900548258936,-0.114787625522127,-1.0,-1.8369701987210294e-16,0.9749279121818236,-0.2225209339563143,0,weekday,34.6
2025-04-10,2025,4,10,100,18,3,137.17,2025-04-10 18:00:00+00:00,2025-04-10 19:00:00+00:00,59094.895,4330.8925,14550.8025,24.8675,52274.8525,18906.5625,0.9912685467787256,-0.1318585157173911,-1.0,-1.8369701987210294e-16,0.4338837391175582,-0.900968867902419,0,weekday,34.65
2025-04-11,2025,4,11,101,18,4,155.0,2025-04-11 18:00:00+00:00,2025-04-11 19:00:00+00:00,57129.1625,2221.075,11552.555,23.7875,47278.285,13797.4175,0.9888537064205885,-0.1488903868564548,-1.0,-1.8369701987210294e-16,-0.433883739117558,-0.9009688679024191,0,weekday,33.725
2025-04-12,2025,4,12,102,18,5,120.89,2025-04-12 18:00:00+00:00,2025-04-12 19:00:00+00:00,51367.7525,4311.325,11715.95,38.105,44600.8975,16065.38,0.986146248341595,-0.1658781989346314,-1.0,-1.8369701987210294e-16,-0.9749279121818236,-0.2225209339563146,0,weekend,33.463
2025-04-13,2025,4,13,103,18,6,118.01,2025-04-13 18:00:00+00:00,2025-04-13 19:00:00+00:00,49190.47,2358.7925,8351.0375,38.01,40551.2925,10747.84,0.98314697372215,-0.1828169249850199,-1.0,-1.8369701987210294e-16,-0.7818314824680299,0.6234898018587334,0,weekend,33.869
2025-04-14,2025,4,14,104,18,0,140.61,2025-04-14 18:00:00+00:00,2025-04-14 19:00:00+00:00,58427.6575,911.6825,7372.715,43.925,46216.0375,8328.3225,0.9798567700958664,-0.1997015525660636,-1.0,-1.8369701987210294e-16,0.0,1.0,0,weekday,34.275
2025-04-15,2025,4,15,105,18,1,141.54,2025-04-15 18:00:00+00:00,2025-04-15 19:00:00+00:00,59774.1125,3347.2,13616.7525,48.6225,48971.2,17012.575,0.976276611086932,-0.2165270852448143,-1.0,-1.8369701987210294e-16,0.7818314824680298,0.6234898018587336,0,weekday,34.5
2025-04-16,2025,4,16,106,18,2,136.48,2025-04-16 18:00:00+00:00,2025-04-16 19:00:00+00:00,58693.8975,963.8025,12968.5775,48.515,47577.79,13980.895,0.9724075561219968,-0.2332885440754551,-1.0,-1.8369701987210294e-16,0.9749279121818236,-0.2225209339563143,0,weekday,33.905
2025-04-17,2025,4,17,107,18,3,122.79,2025-04-17 18:00:00+00:00,2025-04-17 19:00:00+00:00,57074.2625,951.1275,18434.4925,38.38,52625.635,19424.0,0.9682507501166718,-0.2499809690726521,-1.0,-1.8369701987210294e-16,0.4338837391175582,-0.900968867902419,0,weekday,35.6
2025-04-18,2025,4,18,108,18,4,126.52,2025-04-18 18:00:00+00:00,2025-04-18 19:00:00+00:00,49330.66,1267.885,4945.475,57.2425,36806.8725,6270.602500000001,0.9638074231367308,-0.2665994206792935,-1.0,-1.8369701987210294e-16,-0.433883739117558,-0.9009688679024191,1,holiday,35.657
2025-04-19,2025,4,19,109,18,5,142.71,2025-04-19 18:00:00+00:00,2025-04-19 19:00:00+00:00,50844.3725,1265.6925,3507.9875,103.54,33706.1175,4877.22,0.9590788900341132,-0.2831389812281835,-1.0,-1.8369701987210294e-16,-0.9749279121818236,-0.2225209339563146,0,weekend,35.657
2025-04-20,2025,4,20,110,18,6,144.95,2025-04-20 18:00:00+00:00,2025-04-20 19:00:00+00:00,45500.71,180.7475,3718.2775,96.88,31497.6375,3995.905,0.9540665500578388,-0.2995947563972602,-1.0,-1.8369701987210294e-16,-0.7818314824680299,0.6234898018587334,0,weekend,35.657
2025-04-21,2025,4,21,111,18,0,139.14,2025-04-21 18:00:00+00:00,2025-04-21 19:00:00+00:00,48438.655,109.9475,2568.295,109.9275,34995.72,2788.17,0.9487718864399473,-0.3159618766579029,-1.0,-1.8369701987210294e-16,0.0,1.0,1,holiday,35.657
2025-04-22,2025,4,22,112,18,1,263.2,2025-04-22 18:00:00+00:00,2025-04-22 19:00:00+00:00,57976.0575,59.345,1165.8675,145.4425,42360.14,1370.6550000000002,0.9431964659565866,-0.3322354987159043,-1.0,-1.8369701987210294e-16,0.7818314824680298,0.6234898018587336,0,weekday,35.85
2025-04-23,2025,4,23,113,18,2,148.67,2025-04-23 18:00:00+00:00,2025-04-23 19:00:00+00:00,58692.1275,1512.105,6664.3150000000005,117.8025,44878.6625,8294.2225,0.9373419384643772,-0.3484108069446808,-1.0,-1.8369701987210294e-16,0.9749279121818236,-0.2225209339563143,0,weekday,34.675
2025-04-24,2025,4,24,114,18,3,121.61,2025-04-24 18:00:00+00:00,2025-04-24 19:00:00+00:00,58505.4925,1711.09,10222.4525,133.65,45015.39,12067.1925,0.9312100364121948,-0.3644830148102912,-1.0,-1.8369701987210294e-16,0.4338837391175582,-0.900968867902419,0,weekday,34.05
2025-04-25,2025,4,25,115,18,4,123.78,2025-04-25 18:00:00+00:00,2025-04-25 19:00:00+00:00,57271.2675,245.1375,6664.34,192.2,39373.79,7101.6775,0.9248025743285088,-0.3804473662878516,-1.0,-1.8369701987210294e-16,-0.433883739117558,-0.9009688679024191,0,weekday,33.445
2025-04-26,2025,4,26,116,18,5,107.4,2025-04-26 18:00:00+00:00,2025-04-26 19:00:00+00:00,49922.8625,1182.53,15282.925,240.8025,43833.3275,16706.2575,0.9181214482844364,-0.3962991372689181,-1.0,-1.8369701987210294e-16,-0.9749279121818236,-0.2225209339563146,0,weekend,32.432
2025-04-27,2025,4,27,117,18,6,124.23,2025-04-27 18:00:00+00:00,2025-04-27 19:00:00+00:00,48050.1675,262.55,5302.505,255.6025,34307.6025,5820.6575,0.9111686353326632,-0.4120336369594263,-1.0,-1.8369701987210294e-16,-0.7818314824680299,0.6234898018587334,0,weekend,32.566
2025-04-28,2025,4,28,118,18,0,194.81,2025-04-28 18:00:00+00:00,2025-04-28 19:00:00+00:00,58611.09,1271.51,3390.2025000000003,273.94,42711.635,4935.6525,0.9039461929224012,-0.4276462092677746,-1.0,-1.8369701987210294e-16,0.0,1.0,0,weekday,32.7
2025-04-29,2025,4,29,119,18,1,174.75,2025-04-29 18:00:00+00:00,2025-04-29 19:00:00+00:00,58731.525,554.5125,5183.985,294.685,42735.33,6033.1825,0.8964562582905575,-0.4431322341826345,-1.0,-1.8369701987210294e-16,0.7818314824680298,0.6234898018587336,0,weekday,30.9
2025-04-30,2025,4,30,120,18,2,176.43,2025-04-30 18:00:00+00:00,2025-04-30 19:00:00+00:00,57508.435,499.1125,2393.805,329.81,40457.7325,3222.7275,0.8887010478292915,-0.4584871291400876,-1.0,-1.8369701987210294e-16,0.9749279121818236,-0.2225209339563143,0,weekday,31.875
2025-05-01,2025,5,1,121,18,3,164.38,2025-05-01 18:00:00+00:00,2025-05-01 19:00:00+00:00,48108.6675,658.0375,2973.0125,384.4525,32175.94,4015.5025,0.8806828564301475,-0.47370635037968,-1.0,-1.8369701987210294e-16,0.4338837391175582,-0.900968867902419,1,holiday,32.03
2025-05-02,2025,5,2,122,18,4,150.4,2025-05-02 18:00:00+00:00,2025-05-02 19:00:00+00:00,55200.315,1275.0875,7128.805,452.8325,38289.43,8856.725,0.8724040568049612,-0.4887853942889926,-1.0,-1.8369701987210294e-16,-0.433883739117558,-0.9009688679024191,0,weekday,32.095
2025-05-03,2025,5,3,123,18,5,90.27,2025-05-03 18:00:00+00:00,2025-05-03 19:00:00+00:00,49309.775,4580.965,15910.99,372.975,45409.8225,20864.93,0.8638670987837349,-0.503719798736334,-1.0,-1.8369701987210294e-16,-0.9749279121818236,-0.2225209339563146,0,weekend,33.078
2025-05-04,2025,5,4,124,18,6,109.0,2025-05-04 18:00:00+00:00,2025-05-04 19:00:00+00:00,47501.085,2965.2075,8922.8925,427.66,36931.03,12315.76,0.8550745085896932,-0.518505144391157,-1.0,-1.8369701987210294e-16,-0.7818314824680299,0.6234898018587334,0,weekend,32.934
2025-05-05,2025,5,5,125,18,0,128.0,2025-05-05 18:00:00+00:00,2025-05-05 19:00:00+00:00,57073.8975,1977.2475,9801.9475,492.4925,44724.8475,12271.6875,0.8460288880917339,-0.533137056031809,-1.0,-1.8369701987210294e-16,0.0,1.0,0,weekday,32.79
2025-05-06,2025,5,6,126,18,1,161.18,2025-05-06 18:00:00+00:00,2025-05-06 19:00:00+00:00,56874.965,3392.9625,7526.8075,550.7625,45609.3075,11470.5325,0.8367329140344921,-0.5476112038402312,-1.0,-1.8369701987210294e-16,0.7818314824680298,0.6234898018587336,0,weekday,33.34
2025-05-07,2025,5,7,127,18,2,147.15,2025-05-07 18:00:00+00:00,2025-05-07 19:00:00+00:00,57394.455,1514.995,9610.41,564.3775,46288.17,11689.7825,0.8271893372462497,-0.5619233046832195,-1.0,-1.8369701987210294e-16,0.9749279121818236,-0.2225209339563143,0,weekday,34.615
2025-05-08,2025,5,8,128,18,3,185.08,2025-05-08 18:00:00+00:00,2025-05-08 19:00:00+00:00,58273.635,386.705,7719.452499999999,651.4375,45144.63,8757.595,0.8174009818249189,-0.5760691233798758,-1.0,-1.8369701987210294e-16,0.4338837391175582,-0.900968867902419,0,weekday,34.22
2025-05-09,2025,5,9,129,18,4,149.13,2025-05-09 18:00:00+00:00,2025-05-09 19:00:00+00:00,55682.085,769.175,6524.1875,771.0799999999999,41673.2525,8064.4425,0.8073707443023492,-0.5900444739548627,-1.0,-1.8369701987210294e-16,-0.433883739117558,-0.9009688679024191,0,weekday,35.7
2025-05-10,2025,5,10,130,18,5,163.2,2025-05-10 18:00:00+00:00,2025-05-10 19:00:00+00:00,48910.095,779.42,7657.9475,826.01,35378.055,9263.3775,0.7971015927871943,-0.6038452208771035,-1.0,-1.8369701987210294e-16,-0.9749279121818236,-0.2225209339563146,0,weekend,34.618
2025-05-11,2025,5,11,131,18,6,124.86,2025-05-11 18:00:00+00:00,2025-05-11 19:00:00+00:00,48891.945,3204.92,15364.345,916.34,44957.275,19485.605,0.7865965660866021,-0.6174672802835514,-1.0,-1.8369701987210294e-16,-0.7818314824680299,0.6234898018587334,0,weekend,34.5865
2025-05-12,2025,5,12,132,18,0,172.7,2025-05-12 18:00:00+00:00,2025-05-12 19:00:00+00:00,58657.8475,3413.975,14147.17,937.69,50121.9475,18498.835,0.7758587728069828,-0.6309066211876704,-1.0,-1.8369701987210294e-16,0.0,1.0,0,weekday,34.555
2025-05-13,2025,5,13,133,18,1,223.58,2025-05-13 18:00:00+00:00,2025-05-13 19:00:00+00:00,57509.75,2198.3975,5451.95,986.9625,43059.0425,8637.31,0.7648913904341225,-0.6441592666722685,-1.0,-1.8369701987210294e-16,0.7818314824680298,0.6234898018587336,0,weekday,35.015
2025-05-14,2025,5,14,134,18,2,158.45,2025-05-14 18:00:00+00:00,2025-05-14 19:00:00+00:00,57571.545,4056.1,13977.9,1074.155,47459.8325,19108.155,0.753697664392914,-0.6572212950663319,-1.0,-1.8369701987210294e-16,0.9749279121818236,-0.2225209339563143,0,weekday,35.65
2025-05-15,2025,5,15,135,18,3,130.74,2025-05-15 18:00:00+00:00,2025-05-15 19:00:00+00:00,57844.515,3854.11,13976.3175,1075.43,48109.9025,18905.8575,0.742280907086982,-0.6700888411055113,-1.0,-1.8369701987210294e-16,0.4338837391175582,-0.900968867902419,0,weekday,35.345
2025-05-16,2025,5,16,136,18,4,154.91,2025-05-16 18:00:00+00:00,2025-05-16 19:00:00+00:00,55782.5025,2891.3,10553.755,985.0125,43287.4525,14430.0675,0.7306444969184916,-0.6827580970759147,-1.0,-1.8369701987210294e-16,-0.433883739117558,-0.9009688679024191,0,weekday,35.35
2025-05-17,2025,5,17,137,18,5,121.38,2025-05-17 18:00:00+00:00,2025-05-17 19:00:00+00:00,48947.46,2058.7775,11829.035,1068.155,40285.4025,14955.9675,0.7187918772884232,-0.6952253139408722,-1.0,-1.8369701987210294e-16,-0.9749279121818236,-0.2225209339563146,0,weekend,35.156
2025-05-18,2025,5,18,138,18,6,125.17,2025-05-18 18:00:00+00:00,2025-05-18 19:00:00+00:00,47813.8225,2008.9925,8813.16,1166.5675,39320.3975,11988.72,0.7067265555776158,-0.7074868024503348,-1.0,-1.8369701987210294e-16,-0.7818314824680299,0.6234898018587334,0,weekend,35.078
2025-05-19,2025,5,19,139,18,0,229.11,2025-05-19 18:00:00+00:00,2025-05-19 19:00:00+00:00,57300.235,985.4375,3666.22,1260.19,41281.805,5911.8475,0.6944521021088763,-0.719538934232584,-1.0,-1.8369701987210294e-16,0.0,1.0,0,weekday,35.0
2025-05-20,2025,5,20,140,18,1,192.25,2025-05-20 18:00:00+00:00,2025-05-20 19:00:00+00:00,56967.5175,3364.525,5627.0375,1281.3025,45472.42,10272.865,0.6819721490904629,-0.7313781428679254,-1.0,-1.8369701987210294e-16,0.7818314824680298,0.6234898018587336,0,weekday,35.26
2025-05-21,2025,5,21,141,18,2,114.35,2025-05-21 18:00:00+00:00,2025-05-21 19:00:00+00:00,56791.6225,5158.035,19824.43,1130.58,53049.61,26113.045,0.6692903895412567,-0.7430009249440493,-1.0,-1.8369701987210294e-16,0.9749279121818236,-0.2225209339563143,0,weekday,37.25
2025-05-22,2025,5,22,142,18,3,115.0,2025-05-22 18:00:00+00:00,2025-05-22 19:00:00+00:00,56753.1925,5617.29,20820.3025,1392.895,52159.545,27830.487500000003,0.6564105761979381,-0.7544038410927472,-1.0,-1.8369701987210294e-16,0.4338837391175582,-0.900968867902419,0,weekday,36.54
2025-05-23,2025,5,23,143,18,4,130.47,2025-05-23 18:00:00+00:00,2025-05-23 19:00:00+00:00,54316.5175,5163.2525000000005,13079.76,1456.1,48112.5375,19699.1125,0.6433365204044917,-0.765583517007675,-1.0,-1.8369701987210294e-16,-0.433883739117558,-0.9009688679024191,0,weekday,36.4
2025-05-24,2025,5,24,144,18,5,111.0,2025-05-24 18:00:00+00:00,2025-05-24 19:00:00+00:00,48488.2275,3770.83,13564.5125,1054.7925,41538.2625,18390.135,0.6300720909843687,-0.7765366444428655,-1.0,-1.8369701987210294e-16,-0.9749279121818236,-0.2225209339563146,0,weekend,36.45
2025-05-25,2025,5,25,145,18,6,100.0,2025-05-25 18:00:00+00:00,2025-05-25 19:00:00+00:00,47471.94,4445.605,16057.09,1212.9775,43317.2725,21715.6725,0.6166212130956382,-0.7872599821916922,-1.0,-1.8369701987210294e-16,-0.7818314824680299,0.6234898018587334,0,weekend,36.625
2025-05-26,2025,5,26,146,18,0,169.87,2025-05-26 18:00:00+00:00,2025-05-26 19:00:00+00:00,57300.8825,4033.88,6801.2625,1573.385,40464.845,12408.5275,0.6029878670694714,-0.7977503570459932,-1.0,-1.8369701987210294e-16,0.0,1.0,0,weekday,36.800000000000004
2025-05-27,2025,5,27,147,18,1,137.6,2025-05-27 18:00:00+00:00,2025-05-27 19:00:00+00:00,57250.6125,2164.185,14693.05,1143.3875,45210.0775,18000.6225,0.5891760872322963,-0.8080046647350754,-1.0,-1.8369701987210294e-16,0.7818314824680298,0.6234898018587336,0,weekday,36.975
2025-05-28,2025,5,28,148,18,2,134.83,2025-05-28 18:00:00+00:00,2025-05-28 19:00:00+00:00,55983.815,2950.3875,16112.1325,1533.905,48878.2575,20596.425,0.5751899607119775,-0.8180198708443174,-1.0,-1.8369701987210294e-16,0.9749279121818236,-0.2225209339563143,0,weekday,36.8
2025-05-29,2025,5,29,149,18,3,77.17,2025-05-29 18:00:00+00:00,2025-05-29 19:00:00+00:00,47226.2775,5265.8125,12596.5125,1126.7875,41592.345,18989.1125,0.5610336262283677,-0.8277930117131022,-1.0,-1.8369701987210294e-16,0.4338837391175582,-0.900968867902419,1,holiday,35.158
2025-05-30,2025,5,30,150,18,4,136.95,2025-05-30 18:00:00+00:00,2025-05-30 19:00:00+00:00,50403.7775,4626.54,8663.02,1886.7725,42956.695,15176.3325,0.5467112728685939,-0.8373211953118121,-1.0,-1.8369701987210294e-16,-0.433883739117558,-0.9009688679024191,0,weekday,34.955
2025-05-31,2025,5,31,151,18,5,192.35,2025-05-31 18:00:00+00:00,2025-05-31 19:00:00+00:00,46915.57,207.515,1938.6575,1655.16,33397.6325,3801.3325,0.5322271388474397,-0.8466016020976267,-1.0,-1.8369701987210294e-16,-0.9749279121818236,-0.2225209339563146,0,weekend,34.228
2025-06-01,2025,6,1,152,18,6,93.66,2025-06-01 18:00:00+00:00,2025-06-01 19:00:00+00:00,46252.9775,3471.775,10327.095,1774.8675,37226.4,15573.7375,0.5175855102531889,-0.8556314858488706,-1.0,-1.8369701987210294e-16,-0.7818314824680299,0.6234898018587334,0,weekend,34.164
2025-06-02,2025,6,2,153,18,0,195.91,2025-06-02 18:00:00+00:00,2025-06-02 19:00:00+00:00,55298.1475,1187.475,5742.655,1757.8149999999998,42986.145,8687.945,0.5027907197793043,-0.8644081744776648,-1.0,-1.8369701987210294e-16,0.0,1.0,0,weekday,34.1
2025-06-03,2025,6,3,154,18,1,132.9,2025-06-03 18:00:00+00:00,2025-06-03 19:00:00+00:00,55742.815,4918.74,8532.932499999999,1880.285,44183.175,15331.9575,0.4878471454423119,-0.8729290708206411,-1.0,-1.8369701987210294e-16,0.7818314824680298,0.6234898018587336,0,weekday,35.265
2025-06-04,2025,6,4,155,18,2,192.85,2025-06-04 18:00:00+00:00,2025-06-04 19:00:00+00:00,55174.72,1550.625,8190.325,1330.0975,41400.880000000005,11071.0475,0.4727592092862775,-0.881191653407483,-1.0,-1.8369701987210294e-16,0.9749279121818236,-0.2225209339563143,0,weekday,36.005
2025-06-05,2025,6,5,156,18,3,136.4,2025-06-05 18:00:00+00:00,2025-06-05 19:00:00+00:00,56356.305,5026.4125,14359.615,1504.54,48010.9,20890.5675,0.4575313760742512,-0.8891934772070711,-1.0,-1.8369701987210294e-16,0.4338837391175582,-0.900968867902419,0,weekday,35.705
2025-06-06,2025,6,6,157,18,4,112.57,2025-06-06 18:00:00+00:00,2025-06-06 19:00:00+00:00,55077.2325,4807.58,16122.1975,1824.035,48237.8025,22753.8125,0.442168151967072,-0.8969321743510065,-1.0,-1.8369701987210294e-16,-0.433883739117558,-0.9009688679024191,0,weekday,36.55
2025-06-07,2025,6,7,158,18,5,109.9,2025-06-07 18:00:00+00:00,2025-06-07 19:00:00+00:00,49276.86,1032.4875,15004.5,1803.1075,41208.5475,17840.095,0.4266740831899246,-0.9044054548343,-1.0,-1.8369701987210294e-16,-0.9749279121818236,-0.2225209339563146,0,weekend,36.251
2025-06-08,2025,6,8,159,18,6,60.88,2025-06-08 18:00:00+00:00,2025-06-08 19:00:00+00:00,45474.805,3677.9625,24157.5525,2052.4425,48485.1575,29887.957500000004,0.4110537546870351,-0.911611107193024,-1.0,-1.8369701987210294e-16,-0.7818314824680299,0.6234898018587334,0,weekend,36.198
2025-06-09,2025,6,9,160,18,0,141.4,2025-06-09 18:00:00+00:00,2025-06-09 19:00:00+00:00,46613.325,2109.74,4052.74,2222.29,35700.6125,8384.77,0.3953117887649151,-0.9185469991587164,-1.0,-1.8369701987210294e-16,0.0,1.0,1,holiday,36.145
2025-06-10,2025,6,10,161,18,1,83.97,2025-06-10 18:00:00+00:00,2025-06-10 19:00:00+00:00,55184.145,4373.0025000000005,25711.4775,1779.5275,56203.2125,31864.007500000003,0.3794528437245443,-0.925211078289358,-1.0,-1.8369701987210294e-16,0.7818314824680298,0.6234898018587336,0,weekday,35.555
2025-06-11,2025,6,11,162,18,2,217.0,2025-06-11 18:00:00+00:00,2025-06-11 19:00:00+00:00,54603.32,968.175,6008.4975,2193.9675,41001.725,9170.64,0.3634816124829063,-0.9316013725767188,-1.0,-1.8369701987210294e-16,0.9749279121818236,-0.2225209339563143,0,weekday,35.165
2025-06-12,2025,6,12,163,18,3,132.0,2025-06-12 18:00:00+00:00,2025-06-12 19:00:00+00:00,54426.6175,4720.045,16417.8175,2190.57,51448.5725,23328.432500000003,0.3474028211842774,-0.9377159910299092,-1.0,-1.8369701987210294e-16,0.4338837391175582,-0.900968867902419,0,weekday,36.405
2025-06-13,2025,6,13,164,18,4,111.19,2025-06-13 18:00:00+00:00,2025-06-13 19:00:00+00:00,52659.015,4903.27,18041.845,2262.5150000000003,49797.9125,25207.63,0.3312212278016865,-0.9435531242349544,-1.0,-1.8369701987210294e-16,-0.433883739117558,-0.9009688679024191,0,weekday,37.595
2025-06-14,2025,6,14,165,18,5,127.27,2025-06-14 18:00:00+00:00,2025-06-14 19:00:00+00:00,47635.5475,2808.6775,10326.3225,2162.045,38922.765,15297.045,0.3149416207289519,-0.9491110448902284,-1.0,-1.8369701987210294e-16,-0.9749279121818236,-0.2225209339563146,0,weekend,37.894
2025-06-15,2025,6,15,166,18,6,114.59,2025-06-15 18:00:00+00:00,2025-06-15 19:00:00+00:00,47953.7025,2114.345,13776.63,1646.9225,38483.7775,17537.8975,0.2985688173637202,-0.9543881083175908,-1.0,-1.8369701987210294e-16,-0.7818314824680299,0.6234898018587334,0,weekend,38.282
2025-06-16,2025,6,16,167,18,0,186.1,2025-06-16 18:00:00+00:00,2025-06-16 19:00:00+00:00,55723.0825,2245.8175,7640.1575,2466.48,45258.2975,12352.455,0.2821076626819194,-0.9593827529490744,-1.0,-1.8369701987210294e-16,0.0,1.0,0,weekday,38.67
2025-06-17,2025,6,17,168,18,1,241.8,2025-06-17 18:00:00+00:00,2025-06-17 19:00:00+00:00,55217.7275,2440.495,3831.1275,2473.735,44213.4075,8745.3575,0.2655630278040559,-0.9640935007889756,-1.0,-1.8369701987210294e-16,0.7818314824680298,0.6234898018587336,0,weekday,38.18
2025-06-18,2025,6,18,169,18,2,140.99,2025-06-18 18:00:00+00:00,2025-06-18 19:00:00+00:00,54697.7475,3273.9675,11508.0475,2465.2925,46276.4875,17247.307500000003,0.2489398085537665,-0.9685189578512204,-1.0,-1.8369701987210294e-16,0.9749279121818236,-0.2225209339563143,0,weekday,39.55
2025-06-19,2025,6,19,170,18,3,138.85,2025-06-19 18:00:00+00:00,2025-06-19 19:00:00+00:00,49054.7125,1363.065,11268.955,2491.675,42223.255,15123.695,0.2322429240090701,-0.9726578145718654,-1.0,-1.8369701987210294e-16,0.4338837391175582,-0.900968867902419,0,weekday,41.485
2025-06-20,2025,6,20,171,18,4,201.29,2025-06-20 18:00:00+00:00,2025-06-20 19:00:00+00:00,50646.815,404.0,3135.5325000000003,2425.44,38651.9225,5964.9725,0.2154773150467301,-0.976508846196619,-1.0,-1.8369701987210294e-16,-0.433883739117558,-0.9009688679024191,0,weekday,39.955
2025-06-21,2025,6,21,172,18,5,156.74,2025-06-21 18:00:00+00:00,2025-06-21 19:00:00+00:00,46356.39,1414.4125,1962.77,2386.9975,35405.9125,5764.18,0.1986479428801711,-0.9800709131432666,-1.0,-1.8369701987210294e-16,-0.9749279121818236,-0.2225209339563146,0,weekend,40.929
2025-06-22,2025,6,22,173,18,6,123.9,2025-06-22 18:00:00+00:00,2025-06-22 19:00:00+00:00,48511.8625,3068.345,10148.8475,2305.7275,39133.055,15522.919999999998,0.1817597875913753,-0.9833429613388902,-1.0,-1.8369701987210294e-16,-0.7818314824680299,0.6234898018587334,0,weekend,41.2645
2025-06-23,2025,6,23,174,18,0,83.5,2025-06-23 18:00:00+00:00,2025-06-23 19:00:00+00:00,56143.2875,5018.6225,31538.6025,2454.32,60232.3475,39011.545,0.1648178466571979,-0.9863240225317866,-1.0,-1.8369701987210294e-16,0.0,1.0,0,weekday,41.6
2025-06-24,2025,6,24,175,18,1,123.9,2025-06-24 18:00:00+00:00,2025-06-24 19:00:00+00:00,55060.945,5676.15,21243.61,2062.0475,57499.6325,28981.807500000003,0.1478271334705304,-0.9890132145779884,-1.0,-1.8369701987210294e-16,0.7818314824680298,0.6234898018587336,0,weekday,36.485
2025-06-25,2025,6,25,176,18,2,200.0,2025-06-25 18:00:00+00:00,2025-06-25 19:00:00+00:00,56878.9975,794.505,4593.185,2501.38,42881.0875,7889.070000000001,0.1307926758567592,-0.9914097417023038,-1.0,-1.8369701987210294e-16,0.9749279121818236,-0.2225209339563143,0,weekday,35.45
2025-06-26,2025,6,26,177,18,3,99.14,2025-06-26 18:00:00+00:00,2025-06-26 19:00:00+00:00,57347.2525,2906.155,19930.3275,2130.18,51824.6,24966.6625,0.1137195145859496,-0.9935128947338008,-1.0,-1.8369701987210294e-16,0.4338837391175582,-0.900968867902419,0,weekday,35.305
2025-06-27,2025,6,27,178,18,4,124.86,2025-06-27 18:00:00+00:00,2025-06-27 19:00:00+00:00,54426.8275,3830.5325,8251.905,2361.9625,40899.655,14444.4,0.0966127018812031,-0.9953220513156602,-1.0,-1.8369701987210294e-16,-0.433883739117558,-0.9009688679024191,0,weekday,33.087
2025-06-28,2025,6,28,179,18,5,108.99,2025-06-28 18:00:00+00:00,2025-06-28 19:00:00+00:00,46641.235,4779.13,10613.8625,2382.5325000000003,41083.1125,17775.525,0.0794772999236209,-0.9968366760893436,-1.0,-1.8369701987210294e-16,-0.9749279121818236,-0.2225209339563146,0,weekend,33.087
2025-06-29,2025,6,29,180,18,6,111.98,2025-06-29 18:00:00+00:00,2025-06-29 19:00:00+00:00,47877.805,1856.7175,10735.8375,2575.1,40609.775,15167.655,0.062318379354325,-0.998056320853012,-1.0,-1.8369701987210294e-16,-0.7818314824680299,0.6234898018587334,0,weekend,33.218500000000006
2025-06-30,2025,6,30,181,18,0,288.97,2025-06-30 18:00:00+00:00,2025-06-30 19:00:00+00:00,56586.6075,1132.875,3161.12,2375.5,43167.8375,6669.495,0.0451410177739719,-0.998980624694158,-1.0,-1.8369701987210294e-16,0.0,1.0,0,weekday,33.35
2025-07-01,2025,7,1,182,18,1,476.19,2025-07-01 18:00:00+00:00,2025-07-01 19:00:00+00:00,56385.6425,743.7575,2764.7,2413.3375,42215.2225,5921.795,0.0279502982402103,-0.999609314096404,-1.0,-1.8369701987210294e-16,0.7818314824680298,0.6234898018587336,0,weekday,33.1
2025-07-02,2025,7,2,183,18,2,240.07,2025-07-02 18:00:00+00:00,2025-07-02 19:00:00+00:00,56404.4975,1864.415,11474.5775,2273.0875,48309.6725,15612.08,0.0107513077635219,-0.9999422030204416,-1.0,-1.8369701987210294e-16,0.9749279121818236,-0.2225209339563143,0,weekday,33.98
2025-07-03,2025,7,3,184,18,3,146.96,2025-07-03 18:00:00+00:00,2025-07-03 19:00:00+00:00,55885.2175,2349.8025,8436.705,2326.17,46317.66,13112.6775,-0.0064508641981051,-0.9999791929590824,-1.0,-1.8369701987210294e-16,0.4338837391175582,-0.900968867902419,0,weekday,33.65
2025-07-04,2025,7,4,185,18,4,130.74,2025-07-04 18:00:00+00:00,2025-07-04 19:00:00+00:00,55407.75,3992.3775,4560.9125,2564.3425,43042.135,11117.632500000002,-0.0236511272452315,-0.9997202729664084,-1.0,-1.8369701987210294e-16,-0.433883739117558,-0.9009688679024191,0,weekday,33.95
2025-07-05,2025,7,5,186,18,5,111.01,2025-07-05 18:00:00+00:00,2025-07-05 19:00:00+00:00,48467.47,5244.73,11266.87,2330.74,41843.87,18842.34,-0.0408443915432961,-0.9991655196610107,-1.0,-1.8369701987210294e-16,-0.9749279121818236,-0.2225209339563146,0,weekend,33.43
2025-07-06,2025,7,6,187,18,6,120.32,2025-07-06 18:00:00+00:00,2025-07-06 19:00:00+00:00,49732.55,250.7375,9520.155,1238.7125,38237.355,11009.605,-0.0580255693287803,-0.9983150972033183,-1.0,-1.8369701987210294e-16,-0.7818314824680299,0.6234898018587334,0,weekend,33.32
2025-07-07,2025,7,7,188,18,0,97.28,2025-07-07 18:00:00+00:00,2025-07-07 19:00:00+00:00,57104.33,4747.5425,12541.3175,1923.0425,49235.5975,19211.9025,-0.0751895764147585,-0.9971692572470178,-1.0,-1.8369701987210294e-16,0.0,1.0,0,weekday,33.21
2025-07-08,2025,7,8,189,18,1,122.77,2025-07-08 18:00:00+00:00,2025-07-08 19:00:00+00:00,57170.3375,2420.985,11008.535,2385.1775,44709.5725,15814.6975,-0.0923313336953912,-0.9957283388645872,-1.0,-1.8369701987210294e-16,0.7818314824680298,0.6234898018587336,0,weekday,34.005
2025-07-09,2025,7,9,190,18,2,135.34,2025-07-09 18:00:00+00:00,2025-07-09 19:00:00+00:00,55162.035,596.9175,7650.54,2456.565,44505.23,10704.0225,-0.1094457686489155,-0.993992768446958,-1.0,-1.8369701987210294e-16,0.9749279121818236,-0.2225209339563143,0,weekday,34.32
2025-07-10,2025,7,10,191,18,3,134.67,2025-07-10 18:00:00+00:00,2025-07-10 19:00:00+00:00,55689.69,959.8425,6324.725,2411.31,44443.942500000005,9695.8775,-0.1265278168386831,-0.9919630595773395,-1.0,-1.8369701987210294e-16,0.4338837391175582,-0.900968867902419,0,weekday,34.655
2025-07-11,2025,7,11,192,18,4,117.5,2025-07-11 18:00:00+00:00,2025-07-11 19:00:00+00:00,54082.26,2580.4925,11326.1275,2230.09,44709.6575,16136.71,-0.1435724234118113,-0.9896398128792412,-1.0,-1.8369701987210294e-16,-0.433883739117558,-0.9009688679024191,0,weekday,34.93
2025-07-12,2025,7,12,193,18,5,120.0,2025-07-12 18:00:00+00:00,2025-07-12 19:00:00+00:00,48568.795,3627.2175,6857.465,1861.205,37292.865,12345.8875,-0.1605745445949937,-0.9870237158387384,-1.0,-1.8369701987210294e-16,-0.9749279121818236,-0.2225209339563146,0,weekend,35.561
2025-07-13,2025,7,13,194,18,6,120.0,2025-07-13 18:00:00+00:00,2025-07-13 19:00:00+00:00,48202.4575,1320.7525,2271.545,2314.6025,36081.9875,5906.9,-0.1775291491870349,-0.984115542601034,-1.0,-1.8369701987210294e-16,-0.7818314824680299,0.6234898018587334,0,weekend,35.5505
2025-07-14,2025,7,14,195,18,0,139.99,2025-07-14 18:00:00+00:00,2025-07-14 19:00:00+00:00,55824.0575,47.415,4303.8825,2164.02,39919.4375,6515.317499999999,-0.1944312200476619,-0.9809161537413774,-1.0,-1.8369701987210294e-16,0.0,1.0,0,weekday,35.54
2025-07-15,2025,7,15,196,18,1,119.78,2025-07-15 18:00:00+00:00,2025-07-15 19:00:00+00:00,55233.155,1001.48,5245.2625,2145.695,40994.9475,8392.4375,-0.2112757555821793,-0.9774264960104057,-1.0,-1.8369701987210294e-16,0.7818314824680298,0.6234898018587336,0,weekday,35.105
2025-07-16,2025,7,16,197,18,2,119.72,2025-07-16 18:00:00+00:00,2025-07-16 19:00:00+00:00,54509.46,1347.335,8364.2025,1945.7425,45033.075,11657.28,-0.2280577712215198,-0.9736476020539838,-1.0,-1.8369701987210294e-16,0.9749279121818236,-0.2225209339563143,0,weekday,34.655
2025-07-17,2025,7,17,198,18,3,120.75,2025-07-17 18:00:00+00:00,2025-07-17 19:00:00+00:00,54005.195,1470.68,9051.115,1900.1125,45335.395,12421.9075,-0.2447723008972595,-0.9695805901076308,-1.0,-1.8369701987210294e-16,0.4338837391175582,-0.900968867902419,0,weekday,35.14
2025-07-18,2025,7,18,199,18,4,146.55,2025-07-18 18:00:00+00:00,2025-07-18 19:00:00+00:00,52631.365,37.09,932.655,2135.9825,40670.415,3105.7275,-0.2614143985111562,-0.965226663665613,-1.0,-1.8369701987210294e-16,-0.433883739117558,-0.9009688679024191,0,weekday,34.6
2025-07-19,2025,7,19,200,18,5,112.87,2025-07-19 18:00:00+00:00,2025-07-19 19:00:00+00:00,46789.465,2534.7175,7673.47,1743.1925,38163.0825,11951.38,-0.2779791393987801,-0.9605871111248128,-1.0,-1.8369701987210294e-16,-0.9749279121818236,-0.2225209339563146,0,weekend,33.595
2025-07-20,2025,7,20,201,18,6,116.0,2025-07-20 18:00:00+00:00,2025-07-20 19:00:00+00:00,48265.6425,1118.5775,4668.3625,1704.03,35850.8875,7490.97,-0.2944616217868012,-0.9556633054034704,-1.0,-1.8369701987210294e-16,-0.7818314824680299,0.6234898018587334,0,weekend,33.7125
2025-07-21,2025,7,21,202,18,0,123.25,2025-07-21 18:00:00+00:00,2025-07-21 19:00:00+00:00,56384.7925,1431.32,8698.435000000001,1619.7975,45388.7875,11749.552500000002,-0.3108569682435036,-0.9504567035349152,-1.0,-1.8369701987210294e-16,0.0,1.0,0,weekday,33.83
2025-07-22,2025,7,22,203,18,1,112.56,2025-07-22 18:00:00+00:00,2025-07-22 19:00:00+00:00,54708.7825,1510.645,13613.25,1743.2725,45052.15,16867.1675,-0.3271603271220951,-0.9449688462364056,-1.0,-1.8369701987210294e-16,0.7818314824680298,0.6234898018587336,0,weekday,33.215
2025-07-23,2025,7,23,204,18,2,112.98,2025-07-23 18:00:00+00:00,2025-07-23 19:00:00+00:00,54237.3375,2703.15,9819.765,1628.95,45370.8425,14151.865,-0.343366873996388,-0.939201357453208,-1.0,-1.8369701987210294e-16,0.9749279121818236,-0.2225209339563143,0,weekday,33.505
2025-07-24,2025,7,24,205,18,3,154.16,2025-07-24 18:00:00+00:00,2025-07-24 19:00:00+00:00,54907.645,1549.185,2404.475,1476.7675,42337.81,5430.4275,-0.3594718130884232,-0.9331559438780432,-1.0,-1.8369701987210294e-16,0.4338837391175582,-0.900968867902419,0,weekday,32.385
2025-07-25,2025,7,25,206,18,4,109.28,2025-07-25 18:00:00+00:00,2025-07-25 19:00:00+00:00,52862.2975,937.7825,5239.8125,1579.4075,41569.9325,7757.0025,-0.3754703786876202,-0.9268343944460494,-1.0,-1.8369701987210294e-16,-0.433883739117558,-0.9009688679024191,0,weekday,32.1
2025-07-26,2025,7,26,207,18,5,121.95,2025-07-26 18:00:00+00:00,2025-07-26 19:00:00+00:00,46850.4,680.395,1770.8625,1341.42,34274.82,3792.6775,-0.3913578365610259,-0.9202385798054076,-1.0,-1.8369701987210294e-16,-0.9749279121818236,-0.2225209339563146,0,weekend,32.499
2025-07-27,2025,7,27,208,18,6,107.95,2025-07-27 18:00:00+00:00,2025-07-27 19:00:00+00:00,47862.5275,1020.7775,6381.695,1196.2675,34337.23,8598.74,-0.4071294853542516,-0.9133704517637858,-1.0,-1.8369701987210294e-16,-0.7818314824680299,0.6234898018587334,0,weekend,32.397000000000006
2025-07-28,2025,7,28,209,18,0,114.14,2025-07-28 18:00:00+00:00,2025-07-28 19:00:00+00:00,55701.555,2855.0675,11722.2075,1339.5375,41662.9975,15916.812500000002,-0.4227806579826773,-0.9062320427107696,-1.0,-1.8369701987210294e-16,0.0,1.0,0,weekday,32.295
2025-07-29,2025,7,29,210,18,1,123.56,2025-07-29 18:00:00+00:00,2025-07-29 19:00:00+00:00,54587.4225,4306.8825,7043.5275,1334.19,43191.83,12684.6,-0.4383067230125192,-0.898825465016444,-1.0,-1.8369701987210294e-16,0.7818314824680298,0.6234898018587336,0,weekday,34.103
2025-07-30,2025,7,30,211,18,2,109.07,2025-07-30 18:00:00+00:00,2025-07-30 19:00:00+00:00,54037.5825,4318.705,13242.4825,1150.665,48260.9725,18711.8525,-0.4537030860313442,-0.8911529104063088,-1.0,-1.8369701987210294e-16,0.9749279121818236,-0.2225209339563143,0,weekday,33.65
2025-07-31,2025,7,31,212,18,3,128.27,2025-07-31 18:00:00+00:00,2025-07-31 19:00:00+00:00,55491.995,1959.785,11289.9075,980.15,43829.795,14229.8425,-0.4689651910076318,-0.8832166493127127,-1.0,-1.8369701987210294e-16,0.4338837391175582,-0.900968867902419,0,weekday,34.685
2025-08-01,2025,8,1,213,18,4,119.23,2025-08-01 18:00:00+00:00,2025-08-01 19:00:00+00:00,52584.375,1270.7375,6860.7075,1095.2075,39269.7225,9226.6525,-0.4840885216389758,-0.8750190302029955,-1.0,-1.8369701987210294e-16,-0.433883739117558,-0.9009688679024191,0,weekday,35.15
2025-08-02,2025,8,2,214,18,5,109.49,2025-08-02 18:00:00+00:00,2025-08-02 19:00:00+00:00,47073.7875,4741.455,9087.03,937.2625,41094.5325,14765.7475,-0.4990686026885319,-0.8665624788845385,-1.0,-1.8369701987210294e-16,-0.9749279121818236,-0.2225209339563146,0,weekend,33.972
2025-08-03,2025,8,3,215,18,6,97.87,2025-08-03 18:00:00+00:00,2025-08-03 19:00:00+00:00,47216.025,4713.115,11706.035,780.2125,41773.005000000005,17199.362500000003,-0.5139010013093103,-0.8578494977869301,-1.0,-1.8369701987210294e-16,-0.7818314824680299,0.6234898018587334,0,weekend,34.0185
2025-08-04,2025,8,4,216,18,0,80.21,2025-08-04 18:00:00+00:00,2025-08-04 19:00:00+00:00,54582.505000000005,4924.01,17083.170000000002,601.0074999999999,46905.94,22608.1875,-0.5285813283559292,-0.8488826652214553,-1.0,-1.8369701987210294e-16,0.0,1.0,0,weekday,34.065
2025-08-05,2025,8,5,217,18,1,89.97,2025-08-05 18:00:00+00:00,2025-08-05 19:00:00+00:00,53400.490000000005,5730.1975,20876.6375,925.74,53213.3475,27532.575,-0.5431052396834317,-0.8396646346181327,-1.0,-1.8369701987210294e-16,0.7818314824680298,0.6234898018587336,0,weekday,34.19
2025-08-06,2025,8,6,218,18,2,170.16,2025-08-06 18:00:00+00:00,2025-08-06 19:00:00+00:00,52449.105,3891.5875,5733.3025,891.8000000000001,40786.535,10516.69,-0.5574684374327892,-0.8301981337405212,-1.0,-1.8369701987210294e-16,0.9749279121818236,-0.2225209339563143,0,weekday,33.995
2025-08-07,2025,8,7,219,18,3,141.94,2025-08-07 18:00:00+00:00,2025-08-07 19:00:00+00:00,53566.64,3523.9625,5304.0575,760.8875,39982.9375,9588.9075,-0.5716666713027052,-0.8204859638785327,-1.0,-1.8369701987210294e-16,0.4338837391175582,-0.900968867902419,0,weekday,32.95
2025-08-08,2025,8,8,220,18,4,144.62,2025-08-08 18:00:00+00:00,2025-08-08 19:00:00+00:00,51914.1375,1605.63,3851.1225,763.8824999999999,38009.4925,6220.635,-0.5856957398073508,-0.8105309990194823,-1.0,-1.8369701987210294e-16,-0.433883739117558,-0.9009688679024191,0,weekday,32.78
2025-08-09,2025,8,9,221,18,5,127.62,2025-08-09 18:00:00+00:00,2025-08-09 19:00:00+00:00,46171.68,2322.275,8462.825,712.6275,37728.692500000005,11497.7275,-0.5995514915196489,-0.8003361849976323,-1.0,-1.8369701987210294e-16,-0.9749279121818236,-0.2225209339563146,0,weekend,32.446
2025-08-10,2025,8,10,222,18,6,118.95,2025-08-10 18:00:00+00:00,2025-08-10 19:00:00+00:00,46717.725,788.34,6013.885,741.1,34120.78,7543.325000000001,-0.6132298262997502,-0.7899045386224707,-1.0,-1.8369701987210294e-16,-0.7818314824680299,0.6234898018587334,0,weekend,32.468
2025-08-11,2025,8,11,223,18,0,191.95,2025-08-11 18:00:00+00:00,2025-08-11 19:00:00+00:00,54168.78,280.7425,3439.9575,655.7025,41707.4075,4376.4025,-0.6267266965083301,-0.7792391467859886,-1.0,-1.8369701987210294e-16,0.0,1.0,0,weekday,32.49
2025-08-12,2025,8,12,224,18,1,156.16,2025-08-12 18:00:00+00:00,2025-08-12 19:00:00+00:00,54157.785,2087.2925,9308.97,591.7875,48826.38,11988.05,-0.6400381082043503,-0.7683431655492202,-1.0,-1.8369701987210294e-16,0.7818314824680298,0.6234898018587336,0,weekday,33.065
2025-08-13,2025,8,13,225,18,2,226.64,2025-08-13 18:00:00+00:00,2025-08-13 19:00:00+00:00,53096.9125,1463.735,5679.5275,558.4699999999999,45200.0975,7701.7325,-0.65316012232693,-0.7572198192083127,-1.0,-1.8369701987210294e-16,0.9749279121818236,-0.2225209339563143,0,weekday,32.615
2025-08-14,2025,8,14,226,18,3,283.89,2025-08-14 18:00:00+00:00,2025-08-14 19:00:00+00:00,53897.775,802.485,3942.94,436.37,43481.2675,5181.795,-0.666088855860977,-0.7458723993404063,-1.0,-1.8369701987210294e-16,0.4338837391175582,-0.900968867902419,0,weekday,32.86
2025-08-15,2025,8,15,227,18,4,124.01,2025-08-15 18:00:00+00:00,2025-08-15 19:00:00+00:00,51596.305,3418.0875,12714.78,401.0525,42585.9225,16533.920000000002,-0.6788204829862355,-0.734304263829602,-1.0,-1.8369701987210294e-16,-0.433883739117558,-0.9009688679024191,0,weekday,31.975
2025-08-16,2025,8,16,228,18,5,102.62,2025-08-16 18:00:00+00:00,2025-08-16 19:00:00+00:00,47655.5825,4855.46,15766.5075,378.185,44914.4175,21000.1525,-0.6913512362094071,-0.722518835873311,-1.0,-1.8369701987210294e-16,-0.9749279121818236,-0.2225209339563146,0,weekend,31.031
2025-08-17,2025,8,17,229,18,6,110.66,2025-08-17 18:00:00+00:00,2025-08-17 19:00:00+00:00,47132.995,798.1949999999999,5363.025,323.35,37130.255000000005,6484.57,-0.7036774074790128,-0.7105196029692745,-1.0,-1.8369701987210294e-16,-0.7818314824680299,0.6234898018587334,0,weekend,30.8405
2025-08-18,2025,8,18,230,18,0,197.42,2025-08-18 18:00:00+00:00,2025-08-18 19:00:00+00:00,54441.035,240.3275,3773.345,295.145,43362.6525,4308.817499999999,-0.7157953492826642,-0.6983101158835584,-1.0,-1.8369701987210294e-16,0.0,1.0,0,weekday,30.65
2025-08-19,2025,8,19,231,18,1,128.62,2025-08-19 18:00:00+00:00,2025-08-19 19:00:00+00:00,55118.755,2601.93,5797.995,245.0325,43152.035,8644.957499999999,-0.7277014757264236,-0.6858939875998223,-1.0,-1.8369701987210294e-16,0.7818314824680298,0.6234898018587336,0,weekday,30.725
2025-08-20,2025,8,20,232,18,2,126.11,2025-08-20 18:00:00+00:00,2025-08-20 19:00:00+00:00,54363.5075,1918.0825,10326.47,217.24,46424.66,12461.7925,-0.7393922635959241,-0.673274892250183,-1.0,-1.8369701987210294e-16,0.9749279121818236,-0.2225209339563143,0,weekday,31.375
2025-08-21,2025,8,21,233,18,3,110.73,2025-08-21 18:00:00+00:00,2025-08-21 19:00:00+00:00,54164.46,4005.345,16666.8825,188.4975,50763.72,20860.725,-0.7508642533989489,-0.6604565640279754,-1.0,-1.8369701987210294e-16,0.4338837391175582,-0.900968867902419,0,weekday,32.245
2025-08-22,2025,8,22,234,18,4,113.0,2025-08-22 18:00:00+00:00,2025-08-22 19:00:00+00:00,52283.2425,4356.6025,13161.315,156.76,46228.115000000005,17674.677499999998,-0.7621140503891487,-0.6474427960827475,-1.0,-1.8369701987210294e-16,-0.433883739117558,-0.9009688679024191,0,weekday,33.4
2025-08-23,2025,8,23,235,18,5,123.67,2025-08-23 18:00:00+00:00,2025-08-23 19:00:00+00:00,46910.8125,2516.6825,7937.5175,152.235,38738.545,10606.435,-0.7731383255706026,-0.6342374393978054,-1.0,-1.8369701987210294e-16,-0.9749279121818236,-0.2225209339563146,0,weekend,33.573
2025-08-24,2025,8,24,236,18,6,117.31,2025-08-24 18:00:00+00:00,2025-08-24 19:00:00+00:00,47188.5925,1839.195,6481.665,125.43,37120.5325,8446.29,-0.7839338166829201,-0.620844401650647,-1.0,-1.8369701987210294e-16,-0.7818314824680299,0.6234898018587334,0,weekend,33.424
2025-08-25,2025,8,25,237,18,0,232.82,2025-08-25 18:00:00+00:00,2025-08-25 19:00:00+00:00,55136.442500000005,808.2725,2952.415,98.16,43315.0325,3858.8475,-0.7944973291665992,-0.6072676460566135,-1.0,-1.8369701987210294e-16,0.0,1.0,0,weekday,33.275
2025-08-26,2025,8,26,238,18,1,180.17,2025-08-26 18:00:00+00:00,2025-08-26 19:00:00+00:00,55043.87,2364.17,4919.6875,74.3575,45522.075,7358.215,-0.8048257371083452,-0.593511190196115,-1.0,-1.8369701987210294e-16,0.7818314824680298,0.6234898018587336,0,weekday,33.6
2025-08-27,2025,8,27,239,18,2,222.04,2025-08-27 18:00:00+00:00,2025-08-27 19:00:00+00:00,54812.805,528.0025,4006.3575,55.65,43263.59,4590.01,-0.8149159841660791,-0.5795791048257612,-1.0,-1.8369701987210294e-16,0.9749279121818236,-0.2225209339563143,0,weekday,32.7
2025-08-28,2025,8,28,240,18,3,153.16,2025-08-28 18:00:00+00:00,2025-08-28 19:00:00+00:00,55052.325,876.29,5119.1025,47.155,42269.6525,6042.5475,-0.8247650844733614,-0.5654755126737576,-1.0,-1.8369701987210294e-16,0.4338837391175582,-0.900968867902419,0,weekday,31.275
2025-08-29,2025,8,29,241,18,4,116.5,2025-08-29 18:00:00+00:00,2025-08-29 19:00:00+00:00,53232.93,1270.6425,9035.5875,39.91,44273.9825,10346.14,-0.8343701235229538,-0.5512045872199277,-1.0,-1.8369701987210294e-16,-0.433883739117558,-0.9009688679024191,0,weekday,31.75
2025-08-30,2025,8,30,242,18,5,129.98,2025-08-30 18:00:00+00:00,2025-08-30 19:00:00+00:00,47841.0925,1179.6975,3981.57,38.705,34474.134999999995,5199.9725,-0.8437282590292712,-0.5367705514607103,-1.0,-1.8369701987210294e-16,-0.9749279121818236,-0.2225209339563146,0,weekend,31.622
2025-08-31,2025,8,31,243,18,6,132.07,2025-08-31 18:00:00+00:00,2025-08-31 19:00:00+00:00,48431.2575,908.9475,4946.7125,26.325000000000003,36621.8125,5881.985,-0.8528367217694595,-0.522177676659508,-1.0,-1.8369701987210294e-16,-0.7818314824680299,0.6234898018587334,0,weekend,31.9485
2025-09-01,2025,9,1,244,18,0,210.56,2025-09-01 18:00:00+00:00,2025-09-01 19:00:00+00:00,56131.6175,1693.0075000000002,4173.1825,23.8225,44585.505000000005,5890.012500000001,-0.8616928164028522,-0.5074302810827518,-1.0,-1.8369701987210294e-16,0.0,1.0,0,weekday,32.275
2025-09-02,2025,9,2,245,18,1,263.79,2025-09-02 18:00:00+00:00,2025-09-02 19:00:00+00:00,55861.3525,447.135,4511.1975,27.87,43890.485,4986.2025,-0.8702939222685674,-0.4925327287220543,-1.0,-1.8369701987210294e-16,0.7818314824680298,0.6234898018587336,0,weekday,32.2
2025-09-03,2025,9,3,246,18,2,104.0,2025-09-03 18:00:00+00:00,2025-09-03 19:00:00+00:00,55284.285,4740.335,23704.1,19.06,53803.34,28463.495,-0.8786374941610001,-0.4774894280028391,-1.0,-1.8369701987210294e-16,0.9749279121818236,-0.2225209339563143,0,weekday,31.525
2025-09-04,2025,9,4,247,18,3,218.82,2025-09-04 18:00:00+00:00,2025-09-04 19:00:00+00:00,55478.955,1130.57,4404.265,15.72,43810.385,5550.555,-0.886721063082993,-0.4623048304798108,-1.0,-1.8369701987210294e-16,0.4338837391175582,-0.900968867902419,0,weekday,31.84
2025-09-05,2025,9,5,248,18,4,150.75,2025-09-05 18:00:00+00:00,2025-09-05 19:00:00+00:00,54019.92,1223.5525,4852.0650000000005,13.6425,42715.3,6089.26,-0.8945422369764496,-0.4469834295196741,-1.0,-1.8369701987210294e-16,-0.433883739117558,-0.9009688679024191,0,weekday,32.52
2025-09-06,2025,9,6,249,18,5,139.54,2025-09-06 18:00:00+00:00,2025-09-06 19:00:00+00:00,46854.0375,766.9725,5181.702499999999,12.12,36544.8375,5960.794999999999,-0.9020987014301836,-0.4315297589714714,-1.0,-1.8369701987210294e-16,-0.9749279121818236,-0.2225209339563146,0,weekend,31.969
2025-09-07,2025,9,7,250,18,6,96.25,2025-09-07 18:00:00+00:00,2025-09-07 19:00:00+00:00,48660.345,5534.705,17214.0475,9.305,46867.275,22758.057500000003,-0.9093882203647924,-0.4159483918249421,-1.0,-1.8369701987210294e-16,-0.7818314824680299,0.6234898018587334,0,weekend,32.084500000000006
2025-09-08,2025,9,8,251,18,0,308.52,2025-09-08 18:00:00+00:00,2025-09-08 19:00:00+00:00,57894.655,504.9525,4323.4125,7.5875,43407.3875,4835.9525,-0.9164086366943458,-0.4002439388573056,-1.0,-1.8369701987210294e-16,0.0,1.0,0,weekday,32.2
2025-09-09,2025,9,9,252,18,1,215.59,2025-09-09 18:00:00+00:00,2025-09-09 19:00:00+00:00,56732.255000000005,2263.8225,5124.45,6.2425,44841.7875,7394.515,-0.923157872964704,-0.3844210472688554,-1.0,-1.8369701987210294e-16,0.7818314824680298,0.6234898018587336,0,weekday,33.085
2025-09-10,2025,9,10,253,18,2,169.07,2025-09-10 18:00:00+00:00,2025-09-10 19:00:00+00:00,56119.7275,1896.2275,3188.66,6.3725,43491.315,5091.26,-0.9296339319682696,-0.3684843993077793,-1.0,-1.8369701987210294e-16,0.9749279121818236,-0.2225209339563143,0,weekday,33.24
2025-09-11,2025,9,11,254,18,3,125.25,2025-09-11 18:00:00+00:00,2025-09-11 19:00:00+00:00,56916.805,5310.675,16364.2725,0.0,48078.9225,21674.9475,-0.935834897334994,-0.3524387108846032,-1.0,-1.8369701987210294e-16,0.4338837391175582,-0.900968867902419,0,weekday,32.51
2025-09-12,2025,9,12,255,18,4,152.24,2025-09-12 18:00:00+00:00,2025-09-12 19:00:00+00:00,55185.355,5148.79,11069.5125,0.25,44182.755,16218.552500000002,-0.9417589340994617,-0.3362887301766828,-1.0,-1.8369701987210294e-16,-0.433883739117558,-0.9009688679024191,0,weekday,32.395
2025-09-13,2025,9,13,256,18,5,118.77,2025-09-13 18:00:00+00:00,2025-09-13 19:00:00+00:00,48397.3875,4512.06,12313.57,0.0,42905.9,16825.63,-0.9474042892438844,-0.3200392362231385,-1.0,-1.8369701987210294e-16,-0.9749279121818236,-0.2225209339563146,0,weekend,32.662
2025-09-14,2025,9,14,257,18,6,126.01,2025-09-14 18:00:00+00:00,2025-09-14 19:00:00+00:00,49516.52,2852.1425,7214.42,0.0,38070.8975,10066.5625,-0.9527692922168512,-0.3036950375106588,-1.0,-1.8369701987210294e-16,-0.7818314824680299,0.6234898018587334,0,weekend,32.431
2025-09-15,2025,9,15,258,18,0,47.37,2025-09-15 18:00:00+00:00,2025-09-15 19:00:00+00:00,58744.5075,4998.625,35901.82,0.0,64431.3125,40900.445,-0.9578523554276668,-0.2872609705505963,-1.0,-1.8369701987210294e-16,0.0,1.0,0,weekday,32.2
2025-09-16,2025,9,16,259,18,1,112.97,2025-09-16 18:00:00+00:00,2025-09-16 19:00:00+00:00,57622.8425,6346.24,30515.4225,0.0,62409.240000000005,36861.6625,-0.9626519747161488,-0.2707418984477642,-1.0,-1.8369701987210294e-16,0.7818314824680298,0.6234898018587336,0,weekday,31.91
2025-09-17,2025,9,17,260,18,2,123.52,2025-09-17 18:00:00+00:00,2025-09-17 19:00:00+00:00,57040.3075,6772.845,17211.425,0.0,50403.78,23984.27,-0.9671667297977312,-0.2541427094613622,-1.0,-1.8369701987210294e-16,0.9749279121818236,-0.2225209339563143,0,weekday,32.605
2025-09-18,2025,9,18,261,18,3,128.68,2025-09-18 18:00:00+00:00,2025-09-18 19:00:00+00:00,56710.705,6586.9475,17002.6,0.0,50837.155,23589.5475,-0.97139528468375,-0.2374683155584684,-1.0,-1.8369701987210294e-16,0.4338837391175582,-0.900968867902419,0,weekday,32.555
2025-09-19,2025,9,19,262,18,4,167.59,2025-09-19 18:00:00+00:00,2025-09-19 19:00:00+00:00,56646.7075,2396.075,9244.8525,0.0,47858.2575,11640.927500000002,-0.9753363880767836,-0.2207236509605022,-1.0,-1.8369701987210294e-16,-0.433883739117558,-0.9009688679024191,0,weekday,32.66
2025-09-20,2025,9,20,263,18,5,99.08,2025-09-20 18:00:00+00:00,2025-09-20 19:00:00+00:00,48903.7425,4751.4175,15186.4325,0.0,44128.385,19937.85,-0.978988873740932,-0.2039136706831147,-1.0,-1.8369701987210294e-16,-0.9749279121818236,-0.2225209339563146,0,weekend,32.308
2025-09-21,2025,9,21,264,18,6,118.84,2025-09-21 18:00:00+00:00,2025-09-21 19:00:00+00:00,49831.065,5518.5525,12377.935,0.0,41014.4325,17896.4875,-0.9823516608469236,-0.1870433490699165,-1.0,-1.8369701987210294e-16,-0.7818314824680299,0.6234898018587334,0,weekend,32.204
2025-09-22,2025,9,22,265,18,0,130.0,2025-09-22 18:00:00+00:00,2025-09-22 19:00:00+00:00,57647.2075,3684.9625,12289.5975,0.0,48998.905,15974.56,-0.9854237542919524,-0.1701176783204905,-1.0,-1.8369701987210294e-16,0.0,1.0,0,weekday,32.1
2025-09-23,2025,9,23,266,18,1,115.81,2025-09-23 18:00:00+00:00,2025-09-23 19:00:00+00:00,57796.9275,1521.925,17068.552499999998,0.0,52998.6175,18590.4775,-0.9882042449941422,-0.15314166701312,-1.0,-1.8369701987210294e-16,0.7818314824680298,0.6234898018587336,0,weekday,32.03
2025-09-24,2025,9,24,267,18,2,113.95,2025-09-24 18:00:00+00:00,2025-09-24 19:00:00+00:00,57264.7475,4516.53,28068.565,0.0,58909.7225,32585.095,-0.9906923101615608,-0.136120338622667,-1.0,-1.8369701987210294e-16,0.9749279121818236,-0.2225209339563143,0,weekday,32.16
2025-09-25,2025,9,25,268,18,3,123.75,2025-09-25 18:00:00+00:00,2025-09-25 19:00:00+00:00,58071.7025,5834.0725,23115.2875,0.0,57319.567500000005,28949.36,-0.9928872135356962,-0.1190587300340498,-1.0,-1.8369701987210294e-16,0.4338837391175582,-0.900968867902419,0,weekday,32.405
2025-09-26,2025,9,26,269,18,4,119.61,2025-09-26 18:00:00+00:00,2025-09-26 19:00:00+00:00,55783.8625,5208.255,16010.9425,0.0,50891.0525,21219.1975,-0.994788305609327,-0.1019618900517457,-1.0,-1.8369701987210294e-16,-0.433883739117558,-0.9009688679024191,0,weekday,32.655
2025-09-27,2025,9,27,270,18,5,122.53,2025-09-27 18:00:00+00:00,2025-09-27 19:00:00+00:00,48651.0,2373.6825,7356.1275,0.0,39285.9775,9729.81,-0.9963950238187232,-0.0848348779057653,-1.0,-1.8369701987210294e-16,-0.9749279121818236,-0.2225209339563146,0,weekend,32.697
2025-09-28,2025,9,28,271,18,6,125.93,2025-09-28 18:00:00+00:00,2025-09-28 19:00:00+00:00,50176.2075,881.985,7749.315,0.0,40455.1775,8631.3,-0.9977068927101168,-0.0676827617545516,-1.0,-1.8369701987210294e-16,-0.7818314824680299,0.6234898018587334,0,weekend,32.4885
2025-09-29,2025,9,29,272,18,0,167.6,2025-09-29 18:00:00+00:00,2025-09-29 19:00:00+00:00,59507.4375,939.275,6625.645,0.0,45654.2975,7564.92,-0.9987235240803972,-0.0505106171852228,-1.0,-1.8369701987210294e-16,0.0,1.0,0,weekday,32.28
2025-09-30,2025,9,30,273,18,1,147.28,2025-09-30 18:00:00+00:00,2025-09-30 19:00:00+00:00,59102.01,1345.1675,8927.86,0.0,49151.5475,10273.0275,-0.9994446170919858,-0.0333235257116313,-1.0,-1.8369701987210294e-16,0.7818314824680298,0.6234898018587336,0,weekday,32.255
2025-10-01,2025,10,1,274,18,2,152.0225,2025-10-01 18:00:00+00:00,2025-10-01 19:00:00+00:00,59163.0425,986.6925,5056.5,0.0,45882.035,6043.1925,-0.9998699583618592,-0.0161265732706577,-1.0,-1.8369701987210294e-16,0.9749279121818236,-0.2225209339563143,0,weekday,31.275
2025-10-02,2025,10,2,275,18,3,109.92,2025-10-02 18:00:00+00:00,2025-10-02 19:00:00+00:00,57970.445,4252.825000000001,7643.08,0.0,49608.6775,11895.905,-0.9999994220246924,0.0010751512827982,-1.0,-1.8369701987210294e-16,0.4338837391175582,-0.900968867902419,0,weekday,31.445
2025-10-03,2025,10,3,276,18,4,75.03999999999999,2025-10-03 18:00:00+00:00,2025-10-03 19:00:00+00:00,50969.2375,4963.5225,23302.1625,0.0,49353.725,28265.685,-0.999832969770105,0.0182765576816912,-1.0,-1.8369701987210294e-16,-0.433883739117558,-0.9009688679024191,1,holiday,31.105
2025-10-04,2025,10,4,277,18,5,0.3225,2025-10-04 18:00:00+00:00,2025-10-04 19:00:00+00:00,50523.85,5884.9400000000005,42295.1275,0.0,65500.185,48180.067500000005,-0.9993706508539968,0.0354725557531255,-1.0,-1.8369701987210294e-16,-0.9749279121818236,-0.2225209339563146,0,weekend,31.438
2025-10-05,2025,10,5,278,18,6,19.83,2025-10-05 18:00:00+00:00,2025-10-05 19:00:00+00:00,51769.6425,4728.1675,37056.375,0.0,62845.575,41784.5425,-0.9986126020839734,0.052658056924614,-1.0,-1.8369701987210294e-16,-0.7818314824680299,0.6234898018587334,0,weekend,31.944000000000003
2025-10-06,2025,10,6,279,18,0,133.6775,2025-10-06 18:00:00+00:00,2025-10-06 19:00:00+00:00,60214.4525,2438.325,14934.995,0.0,51676.3575,17373.32,-0.9975590477788612,0.0698279757298708,-1.0,-1.8369701987210294e-16,0.0,1.0,0,weekday,32.45
2025-10-07,2025,10,7,280,18,1,146.34,2025-10-07 18:00:00+00:00,2025-10-07 19:00:00+00:00,59665.61,3116.745,5311.275,0.0,45802.0575,8428.02,-0.9962102997023295,0.0869772313136861,-1.0,-1.8369701987210294e-16,0.7818314824680298,0.6234898018587336,0,weekday,33.5
2025-10-08,2025,10,8,281,18,2,141.695,2025-10-08 18:00:00+00:00,2025-10-08 19:00:00+00:00,59292.6675,1699.51,4561.25,0.0,47253.035,6260.76,-0.9945667569706336,0.1041007489354256,-1.0,-1.8369701987210294e-16,0.9749279121818236,-0.2225209339563143,0,weekday,33.57
2025-10-09,2025,10,9,282,18,3,112.3625,2025-10-09 18:00:00+00:00,2025-10-09 19:00:00+00:00,59082.835,6112.0675,15382.1525,0.0,56951.5475,21494.22,-0.9926289059345096,0.121193461470736,-1.0,-1.8369701987210294e-16,0.4338837391175582,-0.900968867902419,0,weekday,32.195
2025-10-10,2025,10,10,283,18,4,115.39,2025-10-10 18:00:00+00:00,2025-10-10 19:00:00+00:00,57712.6175,3811.04,14301.8875,0.0,50422.645,18112.9275,-0.9903973200352558,0.1382503109109819,-1.0,-1.8369701987210294e-16,-0.433883739117558,-0.9009688679024191,0,weekday,32.08
2025-10-11,2025,10,11,284,18,5,120.635,2025-10-11 18:00:00+00:00,2025-10-11 19:00:00+00:00,51007.305,2729.0525,8453.785,0.0,42555.24,11182.8375,-0.9878726596350428,0.1552662498599956,-1.0,-1.8369701987210294e-16,-0.9749279121818236,-0.2225209339563146,0,weekend,32.17
2025-10-12,2025,10,12,285,18,6,115.5275,2025-10-12 18:00:00+00:00,2025-10-12 19:00:00+00:00,52662.6325,2474.2675,7429.22,0.0,43479.3825,9903.4875,-0.9850556718215012,0.172236243027682,-1.0,-1.8369701987210294e-16,-0.7818314824680299,0.6234898018587334,0,weekend,31.997500000000002
2025-10-13,2025,10,13,286,18,0,186.9525,2025-10-13 18:00:00+00:00,2025-10-13 19:00:00+00:00,60813.9975,1445.885,3208.5975,0.0,45326.0625,4654.4825,-0.981947190186646,0.1891552687200409,-1.0,-1.8369701987210294e-16,0.0,1.0,0,weekday,31.825
2025-10-14,2025,10,14,287,18,1,225.48,2025-10-14 18:00:00+00:00,2025-10-14 19:00:00+00:00,59664.8625,1683.4225,3153.4225,0.0,46706.33,4836.845,-0.9785481345802032,0.2060183203251708,-1.0,-1.8369701987210294e-16,0.7818314824680298,0.6234898018587336,0,weekday,31.46
2025-10-15,2025,10,15,288,18,2,152.845,2025-10-15 18:00:00+00:00,2025-10-15 19:00:00+00:00,59686.595,3737.0125,5020.1525,0.0,49664.3475,8757.165,-0.9748595108374124,0.2228204077947995,-1.0,-1.8369701987210294e-16,0.9749279121818236,-0.2225209339563143,0,weekday,31.75
2025-10-16,2025,10,16,289,18,3,125.595,2025-10-16 18:00:00+00:00,2025-10-16 19:00:00+00:00,59840.0725,4760.3775,10959.165,0.0,52817.9725,15719.5425,-0.9708824104813836,0.239556559120927,-1.0,-1.8369701987210294e-16,0.4338837391175582,-0.900968867902419,0,weekday,32.265
2025-10-17,2025,10,17,290,18,4,116.9875,2025-10-17 18:00:00+00:00,2025-10-17 19:00:00+00:00,57656.2625,4054.2425,10958.7625,0.0,51735.3825,15013.005,-0.9666180104000972,0.2562218218071163,-1.0,-1.8369701987210294e-16,-0.433883739117558,-0.9009688679024191,0,weekday,32.195
2025-10-18,2025,10,18,291,18,5,112.995,2025-10-18 18:00:00+00:00,2025-10-18 19:00:00+00:00,51211.05,1099.895,6924.0650000000005,0.0,42918.5425,8023.960000000001,-0.9620675724981452,0.2728112643340191,-1.0,-1.8369701987210294e-16,-0.9749279121818236,-0.2225209339563146,0,weekend,31.816
2025-10-19,2025,10,19,292,18,6,75.5025,2025-10-19 18:00:00+00:00,2025-10-19 19:00:00+00:00,52797.7525,6213.26,22768.85,0.0,51197.4475,28982.11,-0.957232443323312,0.2893199776186952,-1.0,-1.8369701987210294e-16,-0.7818314824680299,0.6234898018587334,0,weekend,31.795499999999997
2025-10-20,2025,10,20,293,18,0,82.29,2025-10-20 18:00:00+00:00,2025-10-20 19:00:00+00:00,60135.665,5878.799999999999,27736.565,0.0,59595.0775,33615.365,-0.9521140536681102,0.3057430764672831,-1.0,-1.8369701987210294e-16,0.0,1.0,0,weekday,31.775
2025-10-21,2025,10,21,294,18,1,99.6725,2025-10-21 18:00:00+00:00,2025-10-21 19:00:00+00:00,59094.7925,6214.1675,24517.307500000003,0.0,59262.3075,30731.475,-0.9467139181463862,0.3220757010206104,-1.0,-1.8369701987210294e-16,0.7818314824680298,0.6234898018587336,0,weekday,31.435
2025-10-22,2025,10,22,295,18,2,185.31,2025-10-22 18:00:00+00:00,2025-10-22 19:00:00+00:00,58590.4175,1157.1475,4900.639999999999,0.0,48551.1725,6057.787499999999,-0.9410336347451196,0.3383130181923076,-1.0,-1.8369701987210294e-16,0.9749279121818236,-0.2225209339563143,0,weekday,32.05
2025-10-23,2025,10,23,296,18,3,87.7125,2025-10-23 18:00:00+00:00,2025-10-23 19:00:00+00:00,61324.245,3931.44,36364.605,0.0,61821.880000000005,40296.045000000006,-0.9350748843515574,0.3544502230989869,-1.0,-1.8369701987210294e-16,0.4338837391175582,-0.900968867902419,0,weekday,32.25
2025-10-24,2025,10,24,297,18,4,57.05,2025-10-24 18:00:00+00:00,2025-10-24 19:00:00+00:00,59250.7575,4831.172500000001,42468.2375,0.0,67354.575,47299.41,-0.9288394302558068,0.3704825404820963,-1.0,-1.8369701987210294e-16,-0.433883739117558,-0.9009688679024191,0,weekday,32.2
2025-10-25,2025,10,25,298,18,5,33.995,2025-10-25 18:00:00+00:00,2025-10-25 19:00:00+00:00,51219.5275,5682.105,37379.345,0.0,64875.2325,43061.45,-0.9223291176290545,0.3864052261209853,-1.0,-1.8369701987210294e-16,-0.9749279121818236,-0.2225209339563146,0,weekend,32.016
2025-10-26,2025,10,26,299,18,6,34.730000000000004,2025-10-26 18:00:00+00:00,2025-10-26 19:00:00+00:00,54048.475000000006,5381.7725,43977.265,0.0,70902.51250000001,49359.0375,-0.9155458729775467,0.4022135682368036,-1.0,-1.8369701987210294e-16,-0.7818314824680299,0.6234898018587334,0,weekend,31.698
2025-10-27,2025,10,27,300,18,0,113.4975,2025-10-27 18:00:00+00:00,2025-10-27 19:00:00+00:00,65593.93,5583.8,34647.465,0.0,69772.8925,40231.265,-0.9084917035725082,0.4179028888867866,-1.0,-1.8369701987210294e-16,0.0,1.0,0,weekday,31.38
2025-10-28,2025,10,28,301,18,1,106.9125,2025-10-28 18:00:00+00:00,2025-10-28 19:00:00+00:00,64646.0,5371.9400000000005,35389.445,0.0,70957.0975,40761.385,-0.9011686968561567,0.4334685453485363,-1.0,-1.8369701987210294e-16,0.7818314824680298,0.6234898018587336,0,weekday,31.315
2025-10-29,2025,10,29,302,18,2,113.5425,2025-10-29 18:00:00+00:00,2025-10-29 19:00:00+00:00,64306.2975,3842.5825,22636.8275,0.0,58796.7175,26479.41,-0.8935790198239952,0.4489059314938798,-1.0,-1.8369701987210294e-16,0.9749279121818236,-0.2225209339563143,0,weekday,31.869
2025-10-30,2025,10,30,303,18,3,117.6725,2025-10-30 18:00:00+00:00,2025-10-30 19:00:00+00:00,64767.075,3830.6875,19572.9475,0.0,54410.94,23403.635,-0.8857249183835637,0.4642104791518923,-1.0,-1.8369701987210294e-16,0.4338837391175582,-0.900968867902419,0,weekday,36.0
2025-10-31,2025,10,31,304,18,4,90.005,2025-10-31 18:00:00+00:00,2025-10-31 19:00:00+00:00,60783.6,5235.9975,20645.63,0.0,53480.7825,25881.6275,-0.8776087166898392,0.4793776594606945,-1.0,-1.8369701987210294e-16,-0.433883739117558,-0.9009688679024191,0,weekday,31.185
2025-11-01,2025,11,1,305,18,5,86.4,2025-11-01 18:00:00+00:00,2025-11-01 19:00:00+00:00,51863.5375,6360.44,23437.305,0.0,53047.9525,29797.745,-0.8692328164574792,0.4944029842076181,-1.0,-1.8369701987210294e-16,-0.9749279121818236,-0.2225209339563146,0,weekend,31.122
2025-11-02,2025,11,2,306,18,6,113.6075,2025-11-02 18:00:00+00:00,2025-11-02 19:00:00+00:00,55912.1575,3255.45,11657.8775,0.0,44897.535,14913.3275,-0.8605996962501181,0.5092820071573356,-1.0,-1.8369701987210294e-16,-0.7818314824680299,0.6234898018587334,0,weekend,31.3385
2025-11-03,2025,11,3,307,18,0,81.57499999999999,2025-11-03 18:00:00+00:00,2025-11-03 19:00:00+00:00,63709.9225,5971.21,28135.765,0.0,63682.065,34106.975,-0.8517119107469189,0.5240103253675756,-1.0,-1.8369701987210294e-16,0.0,1.0,0,weekday,31.555
2025-11-04,2025,11,4,308,18,1,106.6975,2025-11-04 18:00:00+00:00,2025-11-04 19:00:00+00:00,62681.065,5800.4425,18291.2625,0.0,57743.4125,24091.705,-0.8425720899866032,0.5385835804920232,-1.0,-1.8369701987210294e-16,0.7818314824680298,0.6234898018587336,0,weekday,31.94
2025-11-05,2025,11,5,309,18,2,114.755,2025-11-05 18:00:00+00:00,2025-11-05 19:00:00+00:00,62985.53,3465.3525,14437.8575,0.0,55373.15,17903.21,-0.8331829385891785,0.5529974600700271,-1.0,-1.8369701987210294e-16,0.9749279121818236,-0.2225209339563143,0,weekday,32.1
2025-11-06,2025,11,6,310,18,3,126.4625,2025-11-06 18:00:00+00:00,2025-11-06 19:00:00+00:00,64502.3,2032.5325,11204.765,0.0,53394.8625,13237.2975,-0.8235472349556007,0.5672476988027229,-1.0,-1.8369701987210294e-16,0.4338837391175582,-0.900968867902419,0,weekday,31.445
2025-11-07,2025,11,7,311,18,4,131.4825,2025-11-07 18:00:00+00:00,2025-11-07 19:00:00+00:00,64584.98,567.0425,3418.9075,0.0,45911.5625,3985.95,-0.8136678304455991,0.5813300798152042,-1.0,-1.8369701987210294e-16,-0.433883739117558,-0.9009688679024191,0,weekday,31.49
2025-11-08,2025,11,8,312,18,5,131.98000000000002,2025-11-08 18:00:00+00:00,2025-11-08 19:00:00+00:00,56812.7225,126.745,1021.52,0.0,42662.2625,1148.265,-0.8035476485339116,0.5952404359043674,-1.0,-1.8369701987210294e-16,-0.9749279121818236,-0.2225209339563146,0,weekend,31.201
2025-11-09,2025,11,9,313,18,6,117.955,2025-11-09 18:00:00+00:00,2025-11-09 19:00:00+00:00,56649.9875,420.11,3548.795,0.0,42484.8075,3968.905,-0.7931896839451843,0.6089746507720486,-1.0,-1.8369701987210294e-16,-0.7818314824680299,0.6234898018587334,0,weekend,31.250500000000002
2025-11-10,2025,11,10,314,18,0,103.6625,2025-11-10 18:00:00+00:00,2025-11-10 19:00:00+00:00,66417.4225,4255.1875,8472.175,0.0,54896.35,12727.3625,-0.7825970017677834,0.6225286602431057,-1.0,-1.8369701987210294e-16,0.0,1.0,0,weekday,31.3
2025-11-11,2025,11,11,315,18,1,105.0325,2025-11-11 18:00:00+00:00,2025-11-11 19:00:00+00:00,65343.6775,5193.87,11431.0075,0.0,56239.045,16624.8775,-0.7717727365467836,0.6358984534680745,-1.0,-1.8369701987210294e-16,0.7818314824680298,0.6234898018587336,0,weekday,31.04
2025-11-12,2025,11,12,316,18,2,88.9275,2025-11-12 18:00:00+00:00,2025-11-12 19:00:00+00:00,65289.99,6118.2425,28072.89,0.0,62980.630000000005,34191.1325,-0.7607200913564104,0.6490800741100398,-1.0,-1.8369701987210294e-16,0.9749279121818236,-0.2225209339563143,0,weekday,31.365
2025-11-13,2025,11,13,317,18,3,129.8875,2025-11-13 18:00:00+00:00,2025-11-13 19:00:00+00:00,65851.9175,2460.335,20739.0825,0.0,58023.0925,23199.4175,-0.7494423368521954,0.6620696215153815,-1.0,-1.8369701987210294e-16,0.4338837391175582,-0.900968867902419,0,weekday,31.01
2025-11-14,2025,11,14,318,18,4,106.49,2025-11-14 18:00:00+00:00,2025-11-14 19:00:00+00:00,63918.7025,4300.075,12251.795,0.0,55589.3275,16551.87,-0.7379428103031386,0.6748632518680403,-1.0,-1.8369701987210294e-16,-0.433883739117558,-0.9009688679024191,0,weekday,30.745
2025-11-15,2025,11,15,319,18,5,114.065,2025-11-15 18:00:00+00:00,2025-11-15 19:00:00+00:00,56886.355,5024.865,14900.4625,0.0,52106.3825,19925.3275,-0.7262249146041543,0.6874571793269664,-1.0,-1.8369701987210294e-16,-0.9749279121818236,-0.2225209339563146,0,weekend,31.25
2025-11-16,2025,11,16,320,18,6,115.33,2025-11-16 18:00:00+00:00,2025-11-16 19:00:00+00:00,57705.6025,4062.765,6968.5225,0.0,45044.215,11031.2875,-0.7142921172691032,0.699847677146407,-1.0,-1.8369701987210294e-16,-0.7818314824680299,0.6234898018587334,0,weekend,31.3625
2025-11-17,2025,11,17,321,18,0,110.7025,2025-11-17 18:00:00+00:00,2025-11-17 19:00:00+00:00,66801.3325,5539.325,18380.5475,0.0,60357.32,23919.8725,-0.7021479494046978,0.7120310787787131,-1.0,-1.8369701987210294e-16,0.0,1.0,0,weekday,31.475
2025-11-18,2025,11,18,322,18,1,131.15,2025-11-18 18:00:00+00:00,2025-11-18 19:00:00+00:00,67165.63,1097.1275,18763.44,0.0,61763.4225,19860.5675,-0.6897960046655887,0.7240037789593305,-1.0,-1.8369701987210294e-16,0.7818314824680298,0.6234898018587336,0,weekday,31.74
2025-11-19,2025,11,19,323,18,2,119.05,2025-11-19 18:00:00+00:00,2025-11-19 19:00:00+00:00,64305.3275,4322.3875,16188.285,0.0,60244.9925,20510.6725,-0.6772399381909491,0.7357622347736527,-1.0,-1.8369701987210294e-16,0.9749279121818236,-0.2225209339563143,0,weekday,31.155
2025-11-20,2025,11,20,324,18,3,156.01749999999998,2025-11-20 18:00:00+00:00,2025-11-20 19:00:00+00:00,68425.97750000001,2334.985,9646.1975,0.0,54904.755,11981.1825,-0.6644834655228552,0.7473029667054296,-1.0,-1.8369701987210294e-16,0.4338837391175582,-0.900968867902419,0,weekday,31.035
2025-11-21,2025,11,21,325,18,4,171.3675,2025-11-21 18:00:00+00:00,2025-11-21 19:00:00+00:00,66408.9075,943.955,7839.2925,0.0,52596.625,8783.2475,-0.6515303615068021,0.75862255966641,-1.0,-1.8369701987210294e-16,-0.433883739117558,-0.9009688679024191,0,weekday,30.62
2025-11-22,2025,11,22,326,18,5,98.33,2025-11-22 18:00:00+00:00,2025-11-22 19:00:00+00:00,59534.465,5919.7575,18726.92,0.0,55330.0475,24646.6775,-0.6383844591746642,0.7697176640069211,-1.0,-1.8369701987210294e-16,-0.9749279121818236,-0.2225209339563146,0,weekend,30.198
2025-11-23,2025,11,23,327,18,6,83.7975,2025-11-23 18:00:00+00:00,2025-11-23 19:00:00+00:00,59838.14,6079.2725,32439.1675,0.0,62834.4875,38518.44,-0.6250496486104377,0.7805849965070866,-1.0,-1.8369701987210294e-16,-0.7818314824680299,0.6234898018587334,0,weekend,30.1115
2025-11-24,2025,11,24,328,18,0,188.305,2025-11-24 18:00:00+00:00,2025-11-24 19:00:00+00:00,70217.755,1238.835,9891.2425,0.0,55164.7575,11130.0775,-0.6115298757991053,0.7912213413483807,-1.0,-1.8369701987210294e-16,0.0,1.0,0,weekday,30.025
2025-11-25,2025,11,25,329,18,1,249.3725,2025-11-25 18:00:00+00:00,2025-11-25 19:00:00+00:00,70536.9,2114.675,4615.66,0.0,52455.1025,6730.335,-0.5978291414589552,0.801623551065242,-1.0,-1.8369701987210294e-16,0.7818314824680298,0.6234898018587336,0,weekday,29.65
2025-11-26,2025,11,26,330,18,2,183.675,2025-11-26 18:00:00+00:00,2025-11-26 19:00:00+00:00,68724.1275,639.02,5945.57,0.0,51670.54,6584.59,-0.5839514998576998,0.8117885474764613,-1.0,-1.8369701987210294e-16,0.9749279121818236,-0.2225209339563143,0,weekday,29.37
2025-11-27,2025,11,27,331,18,3,88.27,2025-11-27 18:00:00+00:00,2025-11-27 19:00:00+00:00,68471.5425,5887.7675,27759.4075,0.0,67088.8825,33647.175,-0.5699010576127624,0.8217133225960589,-1.0,-1.8369701987210294e-16,0.4338837391175582,-0.900968867902419,0,weekday,29.368
2025-11-28,2025,11,28,332,18,4,93.32,2025-11-28 18:00:00+00:00,2025-11-28 19:00:00+00:00,67905.94,5886.2,22577.9125,0.0,61041.255,28464.1125,-0.5556819724760489,0.8313949395234058,-1.0,-1.8369701987210294e-16,-0.433883739117558,-0.9009688679024191,0,weekday,29.07
2025-11-29,2025,11,29,333,18,5,88.43,2025-11-29 18:00:00+00:00,2025-11-29 19:00:00+00:00,60030.8375,5435.605,20449.395,0.0,56028.8,25885.0,-0.5412984521036173,0.8408305333122887,-1.0,-1.8369701987210294e-16,-0.9749279121818236,-0.2225209339563146,0,weekend,28.817
2025-11-30,2025,11,30,334,18,6,104.1275,2025-11-30 18:00:00+00:00,2025-11-30 19:00:00+00:00,60365.075,5109.5125,18882.42,0.0,56290.5875,23991.9325,-0.5267547528105542,0.8500173118187018,-1.0,-1.8369701987210294e-16,-0.7818314824680299,0.6234898018587334,0,weekend,28.546
2025-12-01,2025,12,1,335,18,0,86.7675,2025-12-01 18:00:00+00:00,2025-12-01 19:00:00+00:00,69267.7625,5396.7875,27681.495,0.0,65765.8775,33078.2825,-0.5120551783114646,0.8589525565270845,-1.0,-1.8369701987210294e-16,0.0,1.0,0,weekday,28.275
2025-12-02,2025,12,2,336,18,1,163.2025,2025-12-02 18:00:00+00:00,2025-12-02 19:00:00+00:00,69686.1275,2819.315,10066.8125,0.0,56437.9975,12886.1275,-0.4972040784469378,0.8676336233547726,-1.0,-1.8369701987210294e-16,0.7818314824680298,0.6234898018587336,0,weekday,27.715
2025-12-03,2025,12,3,337,18,2,172.6275,2025-12-03 18:00:00+00:00,2025-12-03 19:00:00+00:00,68304.69,1376.0425,4360.955,0.0,50631.725,5736.9975,-0.4822058478963526,0.8760579434344281,-1.0,-1.8369701987210294e-16,0.9749279121818236,-0.2225209339563143,0,weekday,27.995
2025-12-04,2025,12,4,338,18,3,134.985,2025-12-04 18:00:00+00:00,2025-12-04 19:00:00+00:00,69302.8225,3230.3575,10414.855,0.0,56212.075,13645.2125,-0.4670649248774303,0.8842230238742036,-1.0,-1.8369701987210294e-16,0.4338837391175582,-0.900968867902419,0,weekday,27.575
2025-12-05,2025,12,5,339,18,4,131.54,2025-12-05 18:00:00+00:00,2025-12-05 19:00:00+00:00,67692.5175,1672.94,4289.1575,0.0,49202.4525,5962.0975,-0.451785789832884,0.8921264484954345,-1.0,-1.8369701987210294e-16,-0.433883739117558,-0.9009688679024191,0,weekday,27.36
2025-12-06,2025,12,6,340,18,5,89.655,2025-12-06 18:00:00+00:00,2025-12-06 19:00:00+00:00,60704.18,5834.99,25585.057500000003,0.0,59379.145,31420.0475,-0.4363729641045924,0.8997658785476209,-1.0,-1.8369701987210294e-16,-0.9749279121818236,-0.2225209339563146,0,weekend,27.266
2025-12-07,2025,12,7,341,18,6,87.4625,2025-12-07 18:00:00+00:00,2025-12-07 19:00:00+00:00,60216.725,4346.327499999999,18933.415,0.0,51247.78,23279.7425,-0.4208310085956556,0.9071390534005044,-1.0,-1.8369701987210294e-16,-0.7818314824680299,0.6234898018587334,0,weekend,27.408
2025-12-08,2025,12,8,342,18,0,96.635,2025-12-08 18:00:00+00:00,2025-12-08 19:00:00+00:00,64980.6025,5805.9775,27362.2875,0.0,63555.4725,33168.265,-0.4051645224207563,0.9142437912130223,-1.0,-1.8369701987210294e-16,0.0,1.0,0,weekday,27.55
2025-12-09,2025,12,9,343,18,1,85.1025,2025-12-09 18:00:00+00:00,2025-12-09 19:00:00+00:00,66422.1575,5636.84,25446.8675,0.0,61575.25,31083.7075,-0.3893781415452015,0.9210779895789526,-1.0,-1.8369701987210294e-16,0.7818314824680298,0.6234898018587336,0,weekday,27.4
2025-12-10,2025,12,10,344,18,2,96.7725,2025-12-10 18:00:00+00:00,2025-12-10 19:00:00+00:00,66956.205,5874.6575,22076.15,0.0,62546.2625,27950.807500000003,-0.3734765374130707,0.9276396261490468,-1.0,-1.8369701987210294e-16,0.9749279121818236,-0.2225209339563143,0,weekday,27.015
2025-12-11,2025,12,11,345,18,3,107.79,2025-12-11 18:00:00+00:00,2025-12-11 19:00:00+00:00,67162.615,5597.5225,14455.625,0.0,59053.0675,20053.1475,-0.3574644155648614,0.9339267592294762,-1.0,-1.8369701987210294e-16,0.4338837391175582,-0.900968867902419,0,weekday,26.715
2025-12-12,2025,12,12,346,18,4,128.0575,2025-12-12 18:00:00+00:00,2025-12-12 19:00:00+00:00,65759.09,1423.84,3745.0125,0.0,51068.025,5168.8525,-0.3413465142450361,0.9399375283564132,-1.0,-1.8369701987210294e-16,-0.433883739117558,-0.9009688679024191,0,weekday,27.355
2025-12-13,2025,12,13,347,18,5,103.63,2025-12-13 18:00:00+00:00,2025-12-13 19:00:00+00:00,59512.54,4279.5575,9159.7425,0.0,49568.7925,13439.3,-0.3251276029999093,0.9456701548465688,-1.0,-1.8369701987210294e-16,-0.9749279121818236,-0.2225209339563146,0,weekend,27.684
2025-12-14,2025,12,14,348,18,6,92.99,2025-12-14 18:00:00+00:00,2025-12-14 19:00:00+00:00,59138.875,6054.7775,18427.5925,0.0,53055.255000000005,24482.37,-0.3088124812662537,0.9511229423235356,-1.0,-1.8369701987210294e-16,-0.7818314824680299,0.6234898018587334,0,weekend,27.707
2025-12-15,2025,12,15,349,18,0,90.4175,2025-12-15 18:00:00+00:00,2025-12-15 19:00:00+00:00,68229.43,4896.205,22366.0775,0.0,61995.325,27262.2825,-0.2924059769510773,0.956294277219772,-1.0,-1.8369701987210294e-16,0.0,1.0,0,weekday,27.73
2025-12-16,2025,12,16,350,18,1,137.0975,2025-12-16 18:00:00+00:00,2025-12-16 19:00:00+00:00,68172.9825,2047.68,7428.0975,0.0,52954.335,9475.7775,-0.2759129450029604,0.9611826292540836,-1.0,-1.8369701987210294e-16,0.7818314824680298,0.6234898018587336,0,weekday,26.97
2025-12-17,2025,12,17,351,18,2,97.505,2025-12-17 18:00:00+00:00,2025-12-17 19:00:00+00:00,66429.43,4337.7775,10663.85,0.0,54950.927500000005,15001.6275,-0.2593382659754056,0.9657865518844574,-1.0,-1.8369701987210294e-16,0.9749279121818236,-0.2225209339563143,0,weekday,27.085
2025-12-18,2025,12,18,352,18,3,80.14,2025-12-18 18:00:00+00:00,2025-12-18 19:00:00+00:00,65401.537500000006,6009.3025,33264.4,0.0,65429.305,39273.7025,-0.2426868445825954,0.9701046827361176,-1.0,-1.8369701987210294e-16,0.4338837391175582,-0.900968867902419,0,weekday,27.55
2025-12-19,2025,12,19,353,18,4,105.1225,2025-12-19 18:00:00+00:00,2025-12-19 19:00:00+00:00,63492.44,6191.27,14867.645,0.0,55678.79,21058.915,-0.225963608248019,0.974135744004672,-1.0,-1.8369701987210294e-16,-0.433883739117558,-0.9009688679024191,0,weekday,27.95
2025-12-20,2025,12,20,354,18,5,104.11,2025-12-20 18:00:00+00:00,2025-12-20 19:00:00+00:00,56734.855,1645.205,9795.68,0.0,49673.7325,11440.885,-0.2091735056463563,0.9778785428342386,-1.0,-1.8369701987210294e-16,-0.9749279121818236,-0.2225209339563146,0,weekend,28.161
2025-12-21,2025,12,21,355,18,6,86.14,2025-12-21 18:00:00+00:00,2025-12-21 19:00:00+00:00,58478.5275,5127.705,22774.83,0.0,56067.25,27902.535000000003,-0.1923215052390948,0.9813319716704276,-1.0,-1.8369701987210294e-16,-0.7818314824680299,0.6234898018587334,0,weekend,27.924
2025-12-22,2025,12,22,356,18,0,93.79,2025-12-22 18:00:00+00:00,2025-12-22 19:00:00+00:00,65996.32,6181.9025,20329.0125,0.0,57462.2375,26510.915,-0.1754125938042784,0.9844950085880858,-1.0,-1.8369701987210294e-16,0.0,1.0,0,weekday,27.687
2025-12-23,2025,12,23,357,18,1,82.465,2025-12-23 18:00:00+00:00,2025-12-23 19:00:00+00:00,64516.41,6743.82,30733.91,0.0,64883.805,37477.73,-0.1584517749608363,0.9873667175937016,-1.0,-1.8369701987210294e-16,0.7818314824680298,0.6234898018587336,0,weekday,27.79
2025-12-24,2025,12,24,358,18,2,71.77250000000001,2025-12-24 18:00:00+00:00,2025-12-24 19:00:00+00:00,57639.3875,4725.9025,32292.21,0.0,63425.095,37018.1125,-0.141444067687942,0.989946248902378,-1.0,-1.8369701987210294e-16,0.9749279121818236,-0.2225209339563143,0,weekday,28.22
2025-12-25,2025,12,25,359,18,3,91.715,2025-12-25 18:00:00+00:00,2025-12-25 19:00:00+00:00,51184.2575,2248.6725,20231.275,0.0,49651.695,22479.9475,-0.1243945048397999,0.9922328391893008,-1.0,-1.8369701987210294e-16,0.4338837391175582,-0.900968867902419,1,holiday,28.095
2025-12-26,2025,12,26,360,18,4,116.2625,2025-12-26 18:00:00+00:00,2025-12-26 19:00:00+00:00,51919.5975,240.8025,9669.125,0.0,40256.89,9909.9275,-0.1073081316563624,0.994225811815616,-1.0,-1.8369701987210294e-16,-0.433883739117558,-0.9009688679024191,1,holiday,28.095
2025-12-27,2025,12,27,361,18,5,105.0,2025-12-27 18:00:00+00:00,2025-12-27 19:00:00+00:00,54343.495,5915.592500000001,15853.0325,0.0,50394.95,21768.625,-0.0901900042703451,0.99592457702866,-1.0,-1.8369701987210294e-16,-0.9749279121818236,-0.2225209339563146,0,weekend,28.095
2025-12-28,2025,12,28,362,18,6,109.3325,2025-12-28 18:00:00+00:00,2025-12-28 19:00:00+00:00,57262.43,3181.2200000000003,15054.9725,0.0,48800.215,18236.1925,-0.0730451882110474,0.9973286321364752,-1.0,-1.8369701987210294e-16,-0.7818314824680299,0.6234898018587334,0,weekend,28.2725
2025-12-29,2025,12,29,363,18,0,95.1475,2025-12-29 18:00:00+00:00,2025-12-29 19:00:00+00:00,66038.1225,6444.5975,21959.0075,0.0,57196.0525,28403.605,-0.0558787569053731,0.9984375616565666,-1.0,-1.8369701987210294e-16,0.0,1.0,0,weekday,28.45
2025-12-30,2025,12,30,364,18,1,105.6075,2025-12-30 18:00:00+00:00,2025-12-30 19:00:00+00:00,64349.685,5599.4575,15188.9375,0.0,53161.3525,20788.395,-0.0386957901765268,0.999251037438848,-1.0,-1.8369701987210294e-16,0.7818314824680298,0.6234898018587336,0,weekday,27.766
2025-12-31,2025,12,31,365,18,2,95.99,2025-12-31 18:00:00+00:00,2025-12-31 19:00:00+00:00,61429.2525,5430.047500000001,25289.8075,0.0,58900.98,30719.855,-0.0215013727408137,0.999768818762748,-1.0,-1.8369701987210294e-16,0.9749279121818236,-0.2225209339563143,0,weekday,27.755
