date,year,month,day,dayofyear,hour,dayofweek,price,period_start_utc,period_end_utc,load_forecast_da,off_wind_da,on_wind_da,solar_da,gen_forecast_da,res_sum_da,dayofyear_sin1,dayofyear_cos1,hour_sin1,hour_cos1,dayofweek_sin1,dayofweek_cos1,is_holiday,day_type,price_gas
2019-01-01,2019,1,1,1,23,1,-33.57,2019-01-01 23:00:00+00:00,2019-01-02 00:00:00+00:00,42885.6225,4185.6325,34192.0275,0.0,58567.44,38377.66,0.0,1.0,-0.2588190451025215,0.965925826289068,0.7818314824680298,0.6234898018587336,1,holiday,22.28
2019-01-02,2019,1,2,2,23,2,42.91,2019-01-02 23:00:00+00:00,2019-01-03 00:00:00+00:00,48324.7825,3879.7225,11456.585,0.0,54526.69,15336.3075,0.0172015754182605,0.9998520419557736,-0.2588190451025215,0.965925826289068,0.9749279121818236,-0.2225209339563143,0,weekday,22.28
2019-01-03,2019,1,3,3,23,3,50.73,2019-01-03 23:00:00+00:00,2019-01-04 00:00:00+00:00,46467.495,2081.3675000000003,6929.9825,0.0,54539.96,9011.35,0.034398060613608,0.9994082116062598,-0.2588190451025215,0.965925826289068,0.4338837391175582,-0.900968867902419,0,weekday,22.215
2019-01-04,2019,1,4,4,23,4,26.9,2019-01-04 23:00:00+00:00,2019-01-05 00:00:00+00:00,47728.935,4079.3375,23779.6825,0.0,59250.62,27859.02,0.0515843668694083,0.9986686402879996,-0.2588190451025215,0.965925826289068,-0.433883739117558,-0.9009688679024191,0,weekday,22.845
2019-01-05,2019,1,5,5,23,5,50.29,2019-01-05 23:00:00+00:00,2019-01-06 00:00:00+00:00,45710.6125,3379.6075,10267.9175,0.0,53073.61,13647.525,0.0687554084811394,0.9976335468520452,-0.2588190451025215,0.965925826289068,-0.9749279121818236,-0.2225209339563146,0,weekend,22.93
2019-01-06,2019,1,6,6,23,6,46.03,2019-01-06 23:00:00+00:00,2019-01-07 00:00:00+00:00,45036.36,2574.9775,7354.8325,0.0,54197.06,9929.81,0.0859061042613327,0.9963032375991964,-0.2588190451025215,0.965925826289068,-0.7818314824680299,0.6234898018587334,0,weekend,22.42
2019-01-07,2019,1,7,7,23,0,17.94,2019-01-07 23:00:00+00:00,2019-01-08 00:00:00+00:00,51986.7775,4520.875,32831.9675,0.0,64713.31,37352.8425,0.1030313790431787,0.9946781061893646,-0.2588190451025215,0.965925826289068,0.0,1.0,0,weekday,21.91
2019-01-08,2019,1,8,8,23,1,20.04,2019-01-08 23:00:00+00:00,2019-01-09 00:00:00+00:00,52533.0325,4772.2075,34442.7375,0.0,66180.57,39214.94500000001,0.1201261651823505,0.9927586335250792,-0.2588190451025215,0.965925826289068,0.7818314824680298,0.6234898018587336,0,weekday,22.165
2019-01-09,2019,1,9,9,23,2,46.48,2019-01-09 23:00:00+00:00,2019-01-10 00:00:00+00:00,53964.565,3128.95,16919.052499999998,0.0,61625.7,20048.0025,0.1371854040566005,0.9905453876091832,-0.2588190451025215,0.965925826289068,0.9749279121818236,-0.2225209339563143,0,weekday,22.515
2019-01-10,2019,1,10,10,23,3,47.84,2019-01-10 23:00:00+00:00,2019-01-11 00:00:00+00:00,52513.1475,3141.8625,6049.205,0.0,58767.97,9191.0675,0.1542040475626894,0.988039023376751,-0.2588190451025215,0.965925826289068,0.4338837391175582,-0.900968867902419,0,weekday,21.705
2019-01-11,2019,1,11,11,23,4,47.24,2019-01-11 23:00:00+00:00,2019-01-12 00:00:00+00:00,51128.1225,3665.89,20005.2725,0.0,61179.22,23671.1625,0.1711770596101998,0.985240282501282,-0.2588190451025215,0.965925826289068,-0.433883739117558,-0.9009688679024191,0,weekday,22.39
2019-01-12,2019,1,12,12,23,5,23.35,2019-01-12 23:00:00+00:00,2019-01-13 00:00:00+00:00,47911.575,4668.110000000001,27466.7125,0.0,59379.18,32134.8225,0.1880994176117975,0.9821499931752292,-0.2588190451025215,0.965925826289068,-0.9749279121818236,-0.2225209339563146,0,weekend,22.255
2019-01-13,2019,1,13,13,23,6,-3.14,2019-01-13 23:00:00+00:00,2019-01-14 00:00:00+00:00,48945.45,4422.0275,37601.2575,0.0,64227.33,42023.285,0.2049661139694953,0.9787690698649216,-0.2588190451025215,0.965925826289068,-0.7818314824680299,0.6234898018587334,0,weekend,22.0825
2019-01-14,2019,1,14,14,23,0,35.18,2019-01-14 23:00:00+00:00,2019-01-15 00:00:00+00:00,54578.3075,4999.0025000000005,24868.41,0.0,64611.5,29867.4125,0.2217721575564818,0.975098513039961,-0.2588190451025215,0.965925826289068,0.0,1.0,0,weekday,21.91
2019-01-15,2019,1,15,15,23,1,29.23,2019-01-15 23:00:00+00:00,2019-01-16 00:00:00+00:00,54804.3675,4646.915,26771.5975,0.0,64362.33,31418.5125,0.2385125751940764,0.9711394088771652,-0.2588190451025215,0.965925826289068,0.7818314824680298,0.6234898018587336,0,weekday,22.035
2019-01-16,2019,1,16,16,23,2,26.35,2019-01-16 23:00:00+00:00,2019-01-17 00:00:00+00:00,55039.2575,5002.2825,28126.2675,0.0,66532.36,33128.55,0.2551824131233728,0.966892928939152,-0.2588190451025215,0.965925826289068,0.9749279121818236,-0.2225209339563143,0,weekday,22.3
2019-01-17,2019,1,17,17,23,3,42.26,2019-01-17 23:00:00+00:00,2019-01-18 00:00:00+00:00,55980.6725,2755.9275,20091.21,0.0,63231.41,22847.1375,0.2717767384711357,0.9623603298276544,-0.2588190451025215,0.965925826289068,0.4338837391175582,-0.900968867902419,0,weekday,22.64
2019-01-18,2019,1,18,18,23,4,52.47,2019-01-18 23:00:00+00:00,2019-01-19 00:00:00+00:00,53650.56,906.235,4759.0175,0.0,56199.11,5665.2525,0.2882906407095177,0.957542952811672,-0.2588190451025215,0.965925826289068,-0.433883739117558,-0.9009688679024191,0,weekday,22.84
2019-01-19,2019,1,19,19,23,5,47.74,2019-01-19 23:00:00+00:00,2019-01-20 00:00:00+00:00,50225.68,581.6375,4734.725,0.0,53682.11,5316.3625,0.3047192331091634,0.9524422234305676,-0.2588190451025215,0.965925826289068,-0.9749279121818236,-0.2225209339563146,0,weekend,22.605
2019-01-20,2019,1,20,20,23,6,55.54,2019-01-20 23:00:00+00:00,2019-01-21 00:00:00+00:00,52119.74,912.14,1808.5225,0.0,54080.86,2720.6625,0.321057654185271,0.9470596510722284,-0.2588190451025215,0.965925826289068,-0.7818314824680299,0.6234898018587334,0,weekend,22.338333333333335
2019-01-21,2019,1,21,21,23,0,54.19,2019-01-21 23:00:00+00:00,2019-01-22 00:00:00+00:00,55979.69,1950.4625,5275.3625,0.0,62804.7,7225.825000000001,0.3373010691361842,0.9413968285264122,-0.2588190451025215,0.965925826289068,0.0,1.0,0,weekday,22.071666666666665
2019-01-22,2019,1,22,22,23,1,53.2,2019-01-22 23:00:00+00:00,2019-01-23 00:00:00+00:00,54761.83,2993.035,9471.0025,0.0,64900.91,12464.0375,0.3534446712740877,0.9354554315134164,-0.2588190451025215,0.965925826289068,0.7818314824680298,0.6234898018587336,0,weekday,21.805
2019-01-23,2019,1,23,23,23,2,61.88,2019-01-23 23:00:00+00:00,2019-01-24 00:00:00+00:00,56445.9325,566.7425,4734.6925,0.0,57974.09,5301.435,0.3694836834473831,0.9292372181882051,-0.2588190451025215,0.965925826289068,0.9749279121818236,-0.2225209339563143,0,weekday,22.225
2019-01-24,2019,1,24,24,23,3,64.63,2019-01-24 23:00:00+00:00,2019-01-25 00:00:00+00:00,56398.6275,185.1175,664.7275,0.0,54649.46,849.845,0.3854133594543256,0.9227440286201428,-0.2588190451025215,0.965925826289068,0.4338837391175582,-0.900968867902419,0,weekday,21.72
2019-01-25,2019,1,25,25,23,4,44.29,2019-01-25 23:00:00+00:00,2019-01-26 00:00:00+00:00,53504.59,3553.545,18845.9075,0.0,64419.65,22399.4525,0.4012289854475009,0.9159777842484876,-0.2588190451025215,0.965925826289068,-0.433883739117558,-0.9009688679024191,0,weekday,20.735
2019-01-26,2019,1,26,26,23,5,28.42,2019-01-26 23:00:00+00:00,2019-01-27 00:00:00+00:00,49153.6425,4683.8125,22253.4225,0.0,57503.84,26937.235,0.4169258813287287,0.908940487313808,-0.2588190451025215,0.965925826289068,-0.9749279121818236,-0.2225209339563146,0,weekend,20.89
2019-01-27,2019,1,27,27,23,6,42.4,2019-01-27 23:00:00+00:00,2019-01-28 00:00:00+00:00,50400.5625,1032.5575,17728.64,0.0,57357.23,18761.1975,0.4324994021339788,0.901634220265486,-0.2588190451025215,0.965925826289068,-0.7818314824680299,0.6234898018587334,0,weekend,20.705
2019-01-28,2019,1,28,28,23,0,44.87,2019-01-28 23:00:00+00:00,2019-01-29 00:00:00+00:00,53623.82,3187.0,15309.21,0.0,65072.61,18496.21,0.4479449394078911,0.8940611451454876,-0.2588190451025215,0.965925826289068,0.0,1.0,0,weekday,20.52
2019-01-29,2019,1,29,29,23,1,46.52,2019-01-29 23:00:00+00:00,2019-01-30 00:00:00+00:00,54840.7575,3147.14,10456.25,0.0,64736.72,13603.39,0.4632579225674917,0.88622350294858,-0.2588190451025215,0.965925826289068,0.7818314824680298,0.6234898018587336,0,weekday,20.6
2019-01-30,2019,1,30,30,23,2,47.17,2019-01-30 23:00:00+00:00,2019-01-31 00:00:00+00:00,55839.155,2561.6925,13149.9025,0.0,65668.99,15711.595,0.4784338202547012,0.8781236129591848,-0.2588190451025215,0.965925826289068,0.9749279121818236,-0.2225209339563143,0,weekday,20.18
2019-01-31,2019,1,31,31,23,3,43.55,2019-01-31 23:00:00+00:00,2019-02-01 00:00:00+00:00,55448.4075,3084.7275,14521.77,0.0,63874.82,17606.4975,0.4934681416772373,0.8697638720650646,-0.2588190451025215,0.965925826289068,0.4338837391175582,-0.900968867902419,0,weekday,19.665
2019-02-01,2019,2,1,32,23,4,50.04,2019-02-01 23:00:00+00:00,2019-02-02 00:00:00+00:00,53554.990000000005,1605.0475,4537.1,0.0,55327.85,6142.1475,0.5083564379375122,0.8611467540480452,-0.2588190451025215,0.965925826289068,-0.433883739117558,-0.9009688679024191,0,weekday,19.3
2019-02-02,2019,2,2,33,23,5,44.8,2019-02-02 23:00:00+00:00,2019-02-03 00:00:00+00:00,49346.45,2671.2275,5317.795,0.0,52052.49,7989.0225,0.5230943033491326,0.8522748088519838,-0.2588190451025215,0.965925826289068,-0.9749279121818236,-0.2225209339563146,0,weekend,19.3
2019-02-03,2019,2,3,34,23,6,43.7,2019-02-03 23:00:00+00:00,2019-02-04 00:00:00+00:00,49742.23,3466.5075,8921.9625,0.0,55356.6,12388.47,0.5376773767406141,0.8431506618282,-0.2588190451025215,0.965925826289068,-0.7818314824680299,0.6234898018587334,0,weekend,19.3275
2019-02-04,2019,2,4,35,23,0,34.49,2019-02-04 23:00:00+00:00,2019-02-05 00:00:00+00:00,54346.3325,4487.405,20208.07,0.0,63978.62,24695.475,0.5521013427459208,0.8337770129585915,-0.2588190451025215,0.965925826289068,0.0,1.0,0,weekday,19.355
2019-02-05,2019,2,5,36,23,1,42.8,2019-02-05 23:00:00+00:00,2019-02-06 00:00:00+00:00,54810.925,3912.4275,7882.415,0.0,58758.31,11794.8425,0.5663619330814524,0.8241566360566663,-0.2588190451025215,0.965925826289068,0.7818314824680298,0.6234898018587336,0,weekday,19.14
2019-02-06,2019,2,6,37,23,2,46.25,2019-02-06 23:00:00+00:00,2019-02-07 00:00:00+00:00,55489.1625,1482.8425,11075.6075,0.0,56625.1,12558.45,0.580454927809098,0.8142923779467267,-0.2588190451025215,0.965925826289068,0.9749279121818236,-0.2225209339563143,0,weekday,19.075
2019-02-07,2019,2,7,38,23,3,32.73,2019-02-07 23:00:00+00:00,2019-02-08 00:00:00+00:00,53563.0525,4809.7975,26027.38,0.0,64335.77,30837.1775,0.5943761565849831,0.804187157621448,-0.2588190451025215,0.965925826289068,0.4338837391175582,-0.900968867902419,0,weekday,19.185
2019-02-08,2019,2,8,39,23,4,0.02,2019-02-08 23:00:00+00:00,2019-02-09 00:00:00+00:00,53313.635,4563.725,32841.36,0.0,62010.47,37405.085,0.6081214998935418,0.7938439653781019,-0.2588190451025215,0.965925826289068,-0.433883739117558,-0.9009688679024191,0,weekday,18.515
2019-02-09,2019,2,9,40,23,5,22.88,2019-02-09 23:00:00+00:00,2019-02-10 00:00:00+00:00,46747.095,4331.125,26841.9275,0.0,59004.68,31173.0525,0.6216868902665479,0.7832658619336791,-0.2588190451025215,0.965925826289068,-0.9749279121818236,-0.2225209339563146,0,weekend,18.265
2019-02-10,2019,2,10,41,23,6,-0.01,2019-02-10 23:00:00+00:00,2019-02-11 00:00:00+00:00,48746.695,4449.0325,31818.5525,0.0,60774.0,36267.585,0.6350683134867438,0.7724559775191742,-0.2588190451025215,0.965925826289068,-0.7818314824680299,0.6234898018587334,0,weekend,18.045
2019-02-11,2019,2,11,42,23,0,37.29,2019-02-11 23:00:00+00:00,2019-02-12 00:00:00+00:00,53835.2325,3480.675,21503.37,0.0,63694.55,24984.045,0.6482618097757122,0.7614175109532997,-0.2588190451025215,0.965925826289068,0.0,1.0,0,weekday,17.825
2019-02-12,2019,2,12,43,23,1,34.14,2019-02-12 23:00:00+00:00,2019-02-13 00:00:00+00:00,54134.53,4650.9575,16774.9175,0.0,63287.79,21425.875,0.6612634749656386,0.7501537286959042,-0.2588190451025215,0.965925826289068,0.7818314824680298,0.6234898018587336,0,weekday,18.0
2019-02-13,2019,2,13,44,23,2,40.74,2019-02-13 23:00:00+00:00,2019-02-14 00:00:00+00:00,54463.985,3857.155,9600.625,0.0,59224.58,13457.78,0.6740694616546161,0.7386679638813748,-0.2588190451025215,0.965925826289068,0.9749279121818236,-0.2225209339563143,0,weekday,17.8
2019-02-14,2019,2,14,45,23,3,43.75,2019-02-14 23:00:00+00:00,2019-02-15 00:00:00+00:00,54090.6875,1684.83,5549.3375,0.0,54292.15,7234.1675,0.6866759803451553,0.726963615332308,-0.2588190451025215,0.965925826289068,0.4338837391175582,-0.900968867902419,0,weekday,18.165
2019-02-15,2019,2,15,46,23,4,35.42,2019-02-15 23:00:00+00:00,2019-02-16 00:00:00+00:00,51245.015,4007.305,13482.8975,0.0,56356.76,17490.2025,0.6990793005655562,0.7150441465537444,-0.2588190451025215,0.965925826289068,-0.433883739117558,-0.9009688679024191,0,weekday,18.1
2019-02-16,2019,2,16,47,23,5,35.57,2019-02-16 23:00:00+00:00,2019-02-17 00:00:00+00:00,48347.645,3356.75,9370.155,0.0,54065.23,12726.905,0.7112757519738152,0.7029130847082615,-0.2588190451025215,0.965925826289068,-0.9749279121818236,-0.2225209339563146,0,weekend,18.1
2019-02-17,2019,2,17,48,23,6,39.41,2019-02-17 23:00:00+00:00,2019-02-18 00:00:00+00:00,50023.285,3911.6925,10870.87,0.0,54838.33,14782.5625,0.7232617254437388,0.6905740195722293,-0.2588190451025215,0.965925826289068,-0.7818314824680299,0.6234898018587334,0,weekend,17.983333333333334
2019-02-18,2019,2,18,49,23,0,36.09,2019-02-18 23:00:00+00:00,2019-02-19 00:00:00+00:00,52821.595,3850.7575,15237.0525,0.0,61660.66,19087.81,0.7350336741329413,0.6780306024735382,-0.2588190451025215,0.965925826289068,0.0,1.0,0,weekday,17.866666666666667
2019-02-19,2019,2,19,50,23,1,35.26,2019-02-19 23:00:00+00:00,2019-02-20 00:00:00+00:00,51815.8925,4296.535,17380.5225,0.0,60468.48,21677.0575,0.746588114532413,0.6652865452111116,-0.2588190451025215,0.965925826289068,0.7818314824680298,0.6234898018587336,0,weekday,17.75
2019-02-20,2019,2,20,51,23,2,37.13,2019-02-20 23:00:00+00:00,2019-02-21 00:00:00+00:00,52689.895,4576.2875,11070.7875,0.0,59582.61,15647.075,0.7579216274973472,0.6523456189565257,-0.2588190451025215,0.965925826289068,0.9749279121818236,-0.2225209339563143,0,weekday,18.145
2019-02-21,2019,2,21,52,23,3,41.48,2019-02-21 23:00:00+00:00,2019-02-22 00:00:00+00:00,52865.575,1507.3975,12119.595,0.0,59477.42,13626.9925,0.7690308592589181,0.6392116531380588,-0.2588190451025215,0.965925826289068,0.4338837391175582,-0.900968867902419,0,weekday,17.52
2019-02-22,2019,2,22,53,23,4,38.04,2019-02-22 23:00:00+00:00,2019-02-23 00:00:00+00:00,49439.4875,2567.335,10053.475,0.0,55308.72,12620.81,0.7799125224167177,0.6258885343075018,-0.2588190451025215,0.965925826289068,-0.433883739117558,-0.9009688679024191,0,weekday,17.23
2019-02-23,2019,2,23,54,23,5,37.82,2019-02-23 23:00:00+00:00,2019-02-24 00:00:00+00:00,45952.0125,1719.74,7650.9975,0.0,51496.67,9370.7375,0.7905633969115482,0.612380204990065,-0.2588190451025215,0.965925826289068,-0.9749279121818236,-0.2225209339563146,0,weekend,17.23
2019-02-24,2019,2,24,55,23,6,38.7,2019-02-24 23:00:00+00:00,2019-02-25 00:00:00+00:00,47702.91,398.99,3222.4075000000003,0.0,45228.73,3621.3975,0.8009803309782905,0.5986906625177214,-0.2588190451025215,0.965925826289068,-0.7818314824680299,0.6234898018587334,0,weekend,17.115000000000002
2019-02-25,2019,2,25,56,23,0,37.1,2019-02-25 23:00:00+00:00,2019-02-26 00:00:00+00:00,50324.81,1354.4575,6478.6325,0.0,52956.98,7833.09,0.8111602420785621,0.5848239578463322,-0.2588190451025215,0.965925826289068,0.0,1.0,0,weekday,17.0
2019-02-26,2019,2,26,57,23,1,40.98,2019-02-26 23:00:00+00:00,2019-02-27 00:00:00+00:00,49856.3925,541.855,1323.65,0.0,46781.53,1865.505,0.8211001178128892,0.5707841943569036,-0.2588190451025215,0.965925826289068,0.7818314824680298,0.6234898018587336,0,weekday,17.045
2019-02-27,2019,2,27,58,23,2,29.78,2019-02-27 23:00:00+00:00,2019-02-28 00:00:00+00:00,49932.08,3607.6,18443.195,0.0,60073.48,22050.795,0.8307970168121247,0.5565755266413303,-0.2588190451025215,0.965925826289068,0.9749279121818236,-0.2225209339563143,0,weekday,17.325
2019-02-28,2019,2,28,59,23,3,39.4,2019-02-28 23:00:00+00:00,2019-03-01 00:00:00+00:00,50941.585,416.2325,8191.645,0.0,51876.43,8607.8775,0.8402480696078469,0.5422021592729844,-0.2588190451025215,0.965925826289068,0.4338837391175582,-0.900968867902419,0,weekday,17.815
2019-03-01,2019,3,1,60,23,4,44.19,2019-03-01 23:00:00+00:00,2019-03-02 00:00:00+00:00,48214.2,543.13,5302.62,0.0,48499.16,5845.75,0.8494504794814806,0.527668345562516,-0.2588190451025215,0.965925826289068,-0.433883739117558,-0.9009688679024191,0,weekday,17.32
2019-03-02,2019,3,2,61,23,5,22.77,2019-03-02 23:00:00+00:00,2019-03-03 00:00:00+00:00,44109.9425,4710.73,22842.465,0.0,54844.65,27553.195,0.8584015232918917,0.512978386299228,-0.2588190451025215,0.965925826289068,-0.9749279121818236,-0.2225209339563146,0,weekend,17.32
2019-03-03,2019,3,3,62,23,6,-0.07,2019-03-03 23:00:00+00:00,2019-03-04 00:00:00+00:00,45163.895,4571.01,30773.7375,0.0,59589.97,35344.7475,0.8670985522812081,0.4981366284784055,-0.2588190451025215,0.965925826289068,-0.7818314824680299,0.6234898018587334,0,weekend,17.3475
2019-03-04,2019,3,4,63,23,0,-0.08,2019-03-04 23:00:00+00:00,2019-03-05 00:00:00+00:00,49481.125,4353.505,35843.2575,0.0,63658.08,40196.7625,0.8755389928586302,0.4831474640149687,-0.2588190451025215,0.965925826289068,0.0,1.0,0,weekday,17.375
2019-03-05,2019,3,5,64,23,1,36.08,2019-03-05 23:00:00+00:00,2019-03-06 00:00:00+00:00,50941.177500000005,3438.2200000000003,12464.08,0.0,50521.53,15902.3,0.8837203473619977,0.4680153284438345,-0.2588190451025215,0.965925826289068,0.7818314824680298,0.6234898018587336,0,weekday,17.475
2019-03-06,2019,3,6,65,23,2,25.05,2019-03-06 23:00:00+00:00,2019-03-07 00:00:00+00:00,50166.65,5160.5875,24343.405,0.0,58873.4,29503.9925,0.8916401947968874,0.452744699607371,-0.2588190451025215,0.965925826289068,0.9749279121818236,-0.2225209339563143,0,weekday,17.025
2019-03-07,2019,3,7,66,23,3,12.49,2019-03-07 23:00:00+00:00,2019-03-08 00:00:00+00:00,49258.2075,4182.345,36688.8,0.0,65576.33,40871.145,0.8992961915530253,0.4373400963303323,-0.2588190451025215,0.965925826289068,0.4338837391175582,-0.900968867902419,0,weekday,16.95
2019-03-08,2019,3,8,67,23,4,27.67,2019-03-08 23:00:00+00:00,2019-03-09 00:00:00+00:00,49333.1525,4766.4175,23188.705,0.0,58750.75,27955.1225,0.9066860720977984,0.4218060770826634,-0.2588190451025215,0.965925826289068,-0.433883739117558,-0.9009688679024191,0,weekday,16.85
2019-03-09,2019,3,9,68,23,5,-23.04,2019-03-09 23:00:00+00:00,2019-03-10 00:00:00+00:00,43784.7225,4302.53,31835.4775,0.0,60106.51,36138.0075,0.9138076496466616,0.4061472386305789,-0.2588190451025215,0.965925826289068,-0.9749279121818236,-0.2225209339563146,0,weekend,16.73
2019-03-10,2019,3,10,69,23,6,21.8,2019-03-10 23:00:00+00:00,2019-03-11 00:00:00+00:00,46496.9175,2725.63,27893.635,0.0,53988.79,30619.265,0.9206588168102428,0.3903682146763026,-0.2588190451025215,0.965925826289068,-0.7818314824680299,0.6234898018587334,0,weekend,16.715
2019-03-11,2019,3,11,70,23,0,40.98,2019-03-11 23:00:00+00:00,2019-03-12 00:00:00+00:00,51828.1625,1970.31,13504.465,0.0,49653.26,15474.775,0.9272375462179536,0.374473674486883,-0.2588190451025215,0.965925826289068,0.0,1.0,0,weekday,16.7
2019-03-12,2019,3,12,71,23,1,7.07,2019-03-12 23:00:00+00:00,2019-03-13 00:00:00+00:00,50285.0275,5731.7625,32445.67,0.0,63597.04,38177.4325,0.9335418911179212,0.3584683215124808,-0.2588190451025215,0.965925826289068,0.7818314824680298,0.6234898018587336,0,weekday,16.425
2019-03-13,2019,3,13,72,23,2,24.17,2019-03-13 23:00:00+00:00,2019-03-14 00:00:00+00:00,52036.965,4503.8875,31466.3425,0.0,64747.5,35970.23,0.9395699859530622,0.342356891994542,-0.2588190451025215,0.965925826289068,0.9749279121818236,-0.2225209339563143,0,weekday,15.725
2019-03-14,2019,3,14,73,23,3,11.91,2019-03-14 23:00:00+00:00,2019-03-15 00:00:00+00:00,51316.82,4347.2275,31518.07,0.0,62843.23,35865.2975,0.945320046913132,0.3261441535642696,-0.2588190451025215,0.965925826289068,0.4338837391175582,-0.900968867902419,0,weekday,15.825
2019-03-15,2019,3,15,74,23,4,-1.0,2019-03-15 23:00:00+00:00,2019-03-16 00:00:00+00:00,50258.675,5270.775,34725.46,0.0,63679.97,39996.235,0.9507903724625832,0.3098349038318025,-0.2588190451025215,0.965925826289068,-0.433883739117558,-0.9009688679024191,0,weekday,15.485
2019-03-16,2019,3,16,75,23,5,-2.3,2019-03-16 23:00:00+00:00,2019-03-17 00:00:00+00:00,45187.4,4942.6375,30671.1775,0.0,60396.14,35613.815,0.9559793438440766,0.2934339689665273,-0.2588190451025215,0.965925826289068,-0.9749279121818236,-0.2225209339563146,0,weekend,15.25
2019-03-17,2019,3,17,76,23,6,17.65,2019-03-17 23:00:00+00:00,2019-03-18 00:00:00+00:00,46603.1475,4906.4875,27224.99,0.0,58246.76,32131.4775,0.9608854255574976,0.2769462022689364,-0.2588190451025215,0.965925826289068,-0.7818314824680299,0.6234898018587334,0,weekend,15.075
2019-03-18,2019,3,18,77,23,0,39.08,2019-03-18 23:00:00+00:00,2019-03-19 00:00:00+00:00,50134.785,3577.76,14192.515,0.0,56965.47,17770.275,0.9655071658143364,0.2603764827344581,-0.2588190451025215,0.965925826289068,0.0,1.0,0,weekday,14.9
2019-03-19,2019,3,19,78,23,1,38.28,2019-03-19 23:00:00+00:00,2019-03-20 00:00:00+00:00,50855.7075,3051.685,4813.02,0.0,51948.92,7864.705,0.969843196967294,0.2437297136096838,-0.2588190451025215,0.965925826289068,0.7818314824680298,0.6234898018587336,0,weekday,15.2
2019-03-20,2019,3,20,79,23,2,35.47,2019-03-20 23:00:00+00:00,2019-03-21 00:00:00+00:00,49547.185,3390.5325000000003,5958.0975,0.0,51780.85,9348.63,0.9738922359149924,0.2270108209414184,-0.2588190451025215,0.965925826289068,0.9749279121818236,-0.2225209339563143,0,weekday,15.075
2019-03-21,2019,3,21,80,23,3,39.0,2019-03-21 23:00:00+00:00,2019-03-22 00:00:00+00:00,48906.775,947.42,2900.8525,0.0,49211.39,3848.2725,0.977653084481664,0.2102247521189836,-0.2588190451025215,0.965925826289068,0.4338837391175582,-0.900968867902419,0,weekday,14.92
2019-03-22,2019,3,22,81,23,4,35.53,2019-03-22 23:00:00+00:00,2019-03-23 00:00:00+00:00,47077.0225,2373.56,7461.6125,0.0,50486.84,9835.1725,0.981124629771712,0.1933764744102058,-0.2588190451025215,0.965925826289068,-0.433883739117558,-0.9009688679024191,0,weekday,14.425
2019-03-23,2019,3,23,82,23,5,39.15,2019-03-23 23:00:00+00:00,2019-03-24 00:00:00+00:00,44452.1575,663.575,4810.49,0.0,43308.33,5474.065,0.984305844499033,0.1764709734915216,-0.2588190451025215,0.965925826289068,-0.9749279121818236,-0.2225209339563146,0,weekend,14.455
2019-03-24,2019,3,24,83,23,6,24.34,2019-03-24 23:00:00+00:00,2019-03-25 00:00:00+00:00,46427.0125,4979.33,16197.745,0.0,54121.13,21177.075,0.9871957872910084,0.1595132519726365,-0.2588190451025215,0.965925826289068,-0.7818314824680299,0.6234898018587334,0,weekend,14.32
2019-03-25,2019,3,25,84,23,0,33.25,2019-03-25 23:00:00+00:00,2019-03-26 00:00:00+00:00,49357.1875,3794.5275,11979.44,0.0,54181.78,15773.9675,0.9897936029670716,0.1425083279161708,-0.2588190451025215,0.965925826289068,0.0,1.0,0,weekday,14.185
2019-03-26,2019,3,26,85,23,1,36.62,2019-03-26 23:00:00+00:00,2019-03-27 00:00:00+00:00,48540.8725,1725.0,7455.015,0.0,50907.18,9180.015,0.992098522791769,0.1254612333527364,-0.2588190451025215,0.965925826289068,0.7818314824680298,0.6234898018587336,0,weekday,14.2
2019-03-27,2019,3,27,86,23,2,32.73,2019-03-27 23:00:00+00:00,2019-03-28 00:00:00+00:00,48073.735,1513.6799999999998,7718.215,0.0,51452.68,9231.895,0.9941098647022418,0.108377012791876,-0.2588190451025215,0.965925826289068,0.9749279121818236,-0.2225209339563143,0,weekday,14.5
2019-03-28,2019,3,28,87,23,3,39.28,2019-03-28 23:00:00+00:00,2019-03-29 00:00:00+00:00,47697.45,1259.22,2713.2175,0.0,46568.87,3972.4375,0.9958270335100596,0.0912607217293118,-0.2588190451025215,0.965925826289068,0.4338837391175582,-0.900968867902419,0,weekday,14.8
2019-03-29,2019,3,29,88,23,4,37.49,2019-03-29 23:00:00+00:00,2019-03-30 00:00:00+00:00,45981.305,1864.4725,3311.5725,0.0,44845.82,5176.045,0.9972495210773452,0.0741174251509443,-0.2588190451025215,0.965925826289068,-0.433883739117558,-0.9009688679024191,0,weekday,14.225
2019-03-30,2019,3,30,89,23,5,40.1,2019-03-30 23:00:00+00:00,2019-03-31 00:00:00+00:00,41455.2125,2557.115,7021.07,0.0,44630.52,9578.185,0.998376906467142,0.0569521960340397,-0.2588190451025215,0.965925826289068,-0.9749279121818236,-0.2225209339563146,0,weekend,14.215
2019-03-31,2019,3,31,90,23,6,29.96,2019-03-31 23:00:00+00:00,2019-04-01 00:00:00+00:00,41136.3625,624.375,10255.3725,0.0,42920.09,10879.7475,0.9992088560679752,0.0397701138460557,-0.2588190451025215,0.965925826289068,-0.7818314824680299,0.6234898018587334,0,weekend,14.030000000000001
2019-04-01,2019,4,1,91,23,0,26.93,2019-04-01 23:00:00+00:00,2019-04-02 00:00:00+00:00,45523.805,3799.575,18274.985,0.0,56732.75,22074.56,0.9997451236925734,0.0225762630415454,-0.2588190451025215,0.965925826289068,0.0,1.0,0,weekday,13.845
2019-04-02,2019,4,2,92,23,1,31.5,2019-04-02 23:00:00+00:00,2019-04-03 00:00:00+00:00,45753.305,3439.0325000000003,15516.755,0.0,55787.92,18955.7875,0.9999855506507186,0.0053757315575838,-0.2588190451025215,0.965925826289068,0.7818314824680298,0.6234898018587336,0,weekday,13.455
2019-04-03,2019,4,3,93,23,2,35.12,2019-04-03 23:00:00+00:00,2019-04-04 00:00:00+00:00,45831.715,1319.7125,8938.195,0.0,52512.27,10257.9075,0.9999300657962056,-0.0118263906918325,-0.2588190451025215,0.965925826289068,0.9749279121818236,-0.2225209339563143,0,weekday,13.7
2019-04-04,2019,4,4,94,23,3,35.47,2019-04-04 23:00:00+00:00,2019-04-05 00:00:00+00:00,45245.5175,1874.015,9162.99,0.0,53039.35,11037.005,0.9995786855478958,-0.0290250133219752,-0.2588190451025215,0.965925826289068,0.4338837391175582,-0.900968867902419,0,weekday,14.6
2019-04-05,2019,4,5,95,23,4,39.86,2019-04-05 23:00:00+00:00,2019-04-06 00:00:00+00:00,43242.29,1343.91,4277.9375,0.0,46194.5,5621.8475,0.9989315138848576,-0.0462150469837083,-0.2588190451025215,0.965925826289068,-0.433883739117558,-0.9009688679024191,0,weekday,16.635
2019-04-06,2019,4,6,96,23,5,37.71,2019-04-06 23:00:00+00:00,2019-04-07 00:00:00+00:00,39035.185,2262.92,10318.345,0.0,49997.46,12581.265,0.9979887423155984,-0.0633914048695103,-0.2588190451025215,0.965925826289068,-0.9749279121818236,-0.2225209339563146,0,weekend,16.635
2019-04-07,2019,4,7,97,23,6,37.7,2019-04-07 23:00:00+00:00,2019-04-08 00:00:00+00:00,40492.130000000005,935.225,7186.3,0.0,45657.96,8121.525000000001,0.9967506498213928,-0.0805490042187416,-0.2588190451025215,0.965925826289068,-0.7818314824680299,0.6234898018587334,0,weekend,16.605
2019-04-08,2019,4,8,98,23,0,34.69,2019-04-08 23:00:00+00:00,2019-04-09 00:00:00+00:00,44763.1575,3335.9425,9976.8425,0.0,52417.42,13312.785,0.9952176027737294,-0.0976827678217159,-0.2588190451025215,0.965925826289068,0.0,1.0,0,weekday,16.575
2019-04-09,2019,4,9,99,23,1,37.18,2019-04-09 23:00:00+00:00,2019-04-10 00:00:00+00:00,45238.6675,1663.5075,12034.0925,0.0,53154.08,13697.6,0.9933900548258936,-0.114787625522127,-0.2588190451025215,0.965925826289068,0.7818314824680298,0.6234898018587336,0,weekday,16.755
2019-04-10,2019,4,10,100,23,2,37.07,2019-04-10 23:00:00+00:00,2019-04-11 00:00:00+00:00,45729.5175,798.1275,11580.5075,0.0,52243.11,12378.635,0.9912685467787256,-0.1318585157173911,-0.2588190451025215,0.965925826289068,0.9749279121818236,-0.2225209339563143,0,weekday,15.73
2019-04-11,2019,4,11,101,23,3,39.01,2019-04-11 23:00:00+00:00,2019-04-12 00:00:00+00:00,46138.815,967.255,7951.795,0.0,50305.18,8919.05,0.9888537064205885,-0.1488903868564548,-0.2588190451025215,0.965925826289068,0.4338837391175582,-0.900968867902419,0,weekday,15.55
2019-04-12,2019,4,12,102,23,4,43.53,2019-04-12 23:00:00+00:00,2019-04-13 00:00:00+00:00,44541.6825,1596.0375,7635.2825,0.0,49884.33,9231.32,0.986146248341595,-0.1658781989346314,-0.2588190451025215,0.965925826289068,-0.433883739117558,-0.9009688679024191,0,weekday,15.895
2019-04-13,2019,4,13,103,23,5,35.31,2019-04-13 23:00:00+00:00,2019-04-14 00:00:00+00:00,40795.515,4339.1775,10146.64,0.0,49647.91,14485.8175,0.98314697372215,-0.1828169249850199,-0.2588190451025215,0.965925826289068,-0.9749279121818236,-0.2225209339563146,0,weekend,15.855
2019-04-14,2019,4,14,104,23,6,37.11,2019-04-14 23:00:00+00:00,2019-04-15 00:00:00+00:00,41109.2575,3689.13,12095.7,0.0,50544.82,15784.830000000002,0.9798567700958664,-0.1997015525660636,-0.2588190451025215,0.965925826289068,-0.7818314824680299,0.6234898018587334,0,weekend,15.7475
2019-04-15,2019,4,15,105,23,0,35.85,2019-04-15 23:00:00+00:00,2019-04-16 00:00:00+00:00,44461.91,4857.025,16064.455,0.0,53306.85,20921.48,0.976276611086932,-0.2165270852448143,-0.2588190451025215,0.965925826289068,0.0,1.0,0,weekday,15.64
2019-04-16,2019,4,16,106,23,1,32.99,2019-04-16 23:00:00+00:00,2019-04-17 00:00:00+00:00,45650.2375,4757.5225,15933.8875,0.0,52708.93,20691.41,0.9724075561219968,-0.2332885440754551,-0.2588190451025215,0.965925826289068,0.7818314824680298,0.6234898018587336,0,weekday,14.85
2019-04-17,2019,4,17,107,23,2,37.3,2019-04-17 23:00:00+00:00,2019-04-18 00:00:00+00:00,45361.685,4149.88,14124.6525,0.0,50157.98,18274.5325,0.9682507501166718,-0.2499809690726521,-0.2588190451025215,0.965925826289068,0.9749279121818236,-0.2225209339563143,0,weekday,15.195
2019-04-18,2019,4,18,108,23,3,32.54,2019-04-18 23:00:00+00:00,2019-04-19 00:00:00+00:00,41847.81,3922.435,16842.510000000002,0.0,48633.5,20764.945000000003,0.9638074231367308,-0.2665994206792935,-0.2588190451025215,0.965925826289068,0.4338837391175582,-0.900968867902419,0,weekday,15.0
2019-04-19,2019,4,19,109,23,4,31.57,2019-04-19 23:00:00+00:00,2019-04-20 00:00:00+00:00,38722.33,2017.5475,10435.85,0.0,40311.58,12453.3975,0.9590788900341132,-0.2831389812281835,-0.2588190451025215,0.965925826289068,-0.433883739117558,-0.9009688679024191,1,holiday,14.46
2019-04-20,2019,4,20,110,23,5,34.02,2019-04-20 23:00:00+00:00,2019-04-21 00:00:00+00:00,38368.19,410.125,7634.0125,0.0,33643.13,8044.1375,0.9540665500578388,-0.2995947563972602,-0.2588190451025215,0.965925826289068,-0.9749279121818236,-0.2225209339563146,0,weekend,14.46
2019-04-21,2019,4,21,111,23,6,19.18,2019-04-21 23:00:00+00:00,2019-04-22 00:00:00+00:00,38615.990000000005,2891.1625,13694.25,0.0,38594.95,16585.4125,0.9487718864399473,-0.3159618766579029,-0.2588190451025215,0.965925826289068,-0.7818314824680299,0.6234898018587334,0,weekend,14.46
2019-04-22,2019,4,22,112,23,0,-6.95,2019-04-22 23:00:00+00:00,2019-04-23 00:00:00+00:00,41298.27,4596.1575,26134.7625,0.0,50704.6,30730.92,0.9431964659565866,-0.3322354987159043,-0.2588190451025215,0.965925826289068,0.0,1.0,1,holiday,14.46
2019-04-23,2019,4,23,113,23,1,24.57,2019-04-23 23:00:00+00:00,2019-04-24 00:00:00+00:00,44638.2,5221.67,21532.22,0.0,48803.59,26753.89,0.9373419384643772,-0.3484108069446808,-0.2588190451025215,0.965925826289068,0.7818314824680298,0.6234898018587336,0,weekday,14.105
2019-04-24,2019,4,24,114,23,2,26.1,2019-04-24 23:00:00+00:00,2019-04-25 00:00:00+00:00,44289.1225,3825.5725,16094.8075,0.0,42138.63,19920.38,0.9312100364121948,-0.3644830148102912,-0.2588190451025215,0.965925826289068,0.9749279121818236,-0.2225209339563143,0,weekday,14.425
2019-04-25,2019,4,25,115,23,3,35.0,2019-04-25 23:00:00+00:00,2019-04-26 00:00:00+00:00,45127.045,592.755,12818.905,0.0,40655.89,13411.66,0.9248025743285088,-0.3804473662878516,-0.2588190451025215,0.965925826289068,0.4338837391175582,-0.900968867902419,0,weekday,14.535
2019-04-26,2019,4,26,116,23,4,30.1,2019-04-26 23:00:00+00:00,2019-04-27 00:00:00+00:00,41776.785,1764.21,9073.545,0.0,38569.44,10837.755,0.9181214482844364,-0.3962991372689181,-0.2588190451025215,0.965925826289068,-0.433883739117558,-0.9009688679024191,0,weekday,14.725
2019-04-27,2019,4,27,117,23,5,29.05,2019-04-27 23:00:00+00:00,2019-04-28 00:00:00+00:00,37576.78999999999,1154.7275,9922.79,0.0,37507.5,11077.517500000002,0.9111686353326632,-0.4120336369594263,-0.2588190451025215,0.965925826289068,-0.9749279121818236,-0.2225209339563146,0,weekend,14.425
2019-04-28,2019,4,28,118,23,6,36.22,2019-04-28 23:00:00+00:00,2019-04-29 00:00:00+00:00,39332.8425,502.6475,3853.3675,0.0,35995.54,4356.014999999999,0.9039461929224012,-0.4276462092677746,-0.2588190451025215,0.965925826289068,-0.7818314824680299,0.6234898018587334,0,weekend,14.475000000000001
2019-04-29,2019,4,29,119,23,0,36.07,2019-04-29 23:00:00+00:00,2019-04-30 00:00:00+00:00,42804.765,866.115,9027.1375,0.0,42524.39,9893.2525,0.8964562582905575,-0.4431322341826345,-0.2588190451025215,0.965925826289068,0.0,1.0,0,weekday,14.525
2019-04-30,2019,4,30,120,23,1,35.2,2019-04-30 23:00:00+00:00,2019-05-01 00:00:00+00:00,39589.22,1001.54,5660.1675,0.0,35457.52,6661.7075,0.8887010478292915,-0.4584871291400876,-0.2588190451025215,0.965925826289068,0.7818314824680298,0.6234898018587336,0,weekday,14.425
2019-05-01,2019,5,1,121,23,2,27.67,2019-05-01 23:00:00+00:00,2019-05-02 00:00:00+00:00,39170.3525,3607.675,12489.0925,0.0,41716.14,16096.767500000002,0.8806828564301475,-0.47370635037968,-0.2588190451025215,0.965925826289068,0.9749279121818236,-0.2225209339563143,1,holiday,14.1
2019-05-02,2019,5,2,122,23,3,34.9,2019-05-02 23:00:00+00:00,2019-05-03 00:00:00+00:00,43576.0475,5028.725,14219.7125,0.0,47086.79,19248.4375,0.8724040568049612,-0.4887853942889926,-0.2588190451025215,0.965925826289068,0.4338837391175582,-0.900968867902419,0,weekday,14.365
2019-05-03,2019,5,3,123,23,4,36.77,2019-05-03 23:00:00+00:00,2019-05-04 00:00:00+00:00,43046.825,4726.5825,9801.405,0.0,44164.07,14527.9875,0.8638670987837349,-0.503719798736334,-0.2588190451025215,0.965925826289068,-0.433883739117558,-0.9009688679024191,0,weekday,14.565
2019-05-04,2019,5,4,124,23,5,32.02,2019-05-04 23:00:00+00:00,2019-05-05 00:00:00+00:00,38830.64,2965.365,7860.6825,0.0,37742.84,10826.0475,0.8550745085896932,-0.518505144391157,-0.2588190451025215,0.965925826289068,-0.9749279121818236,-0.2225209339563146,0,weekend,14.565
2019-05-05,2019,5,5,125,23,6,34.99,2019-05-05 23:00:00+00:00,2019-05-06 00:00:00+00:00,38986.1325,4144.0575,9696.0575,0.0,42157.91,13840.115000000002,0.8460288880917339,-0.533137056031809,-0.2588190451025215,0.965925826289068,-0.7818314824680299,0.6234898018587334,0,weekend,14.45
2019-05-06,2019,5,6,126,23,0,40.98,2019-05-06 23:00:00+00:00,2019-05-07 00:00:00+00:00,43059.29,2646.3425,7144.2475,0.0,45221.62,9790.59,0.8367329140344921,-0.5476112038402312,-0.2588190451025215,0.965925826289068,0.0,1.0,0,weekday,14.335
2019-05-07,2019,5,7,127,23,1,39.03,2019-05-07 23:00:00+00:00,2019-05-08 00:00:00+00:00,44148.89,560.1075000000001,5323.4725,0.0,41056.21,5883.58,0.8271893372462497,-0.5619233046832195,-0.2588190451025215,0.965925826289068,0.7818314824680298,0.6234898018587336,0,weekday,14.325
2019-05-08,2019,5,8,128,23,2,32.01,2019-05-08 23:00:00+00:00,2019-05-09 00:00:00+00:00,42288.96,3521.875,17093.05,0.0,49195.28,20614.925,0.8174009818249189,-0.5760691233798758,-0.2588190451025215,0.965925826289068,0.9749279121818236,-0.2225209339563143,0,weekday,14.175
2019-05-09,2019,5,9,129,23,3,38.83,2019-05-09 23:00:00+00:00,2019-05-10 00:00:00+00:00,43902.9525,1518.38,8513.36,0.0,44274.24,10031.740000000002,0.8073707443023492,-0.5900444739548627,-0.2588190451025215,0.965925826289068,0.4338837391175582,-0.900968867902419,0,weekday,14.455
2019-05-10,2019,5,10,130,23,4,40.0,2019-05-10 23:00:00+00:00,2019-05-11 00:00:00+00:00,41677.91,365.9825,2770.5425,0.0,37013.96,3136.525,0.7971015927871943,-0.6038452208771035,-0.2588190451025215,0.965925826289068,-0.433883739117558,-0.9009688679024191,0,weekday,13.995
2019-05-11,2019,5,11,131,23,5,29.56,2019-05-11 23:00:00+00:00,2019-05-12 00:00:00+00:00,38642.095,2541.775,15116.17,0.0,43507.44,17657.945,0.7865965660866021,-0.6174672802835514,-0.2588190451025215,0.965925826289068,-0.9749279121818236,-0.2225209339563146,0,weekend,13.995
2019-05-12,2019,5,12,132,23,6,29.74,2019-05-12 23:00:00+00:00,2019-05-13 00:00:00+00:00,39623.53,1755.7775,12680.21,0.0,41064.32,14435.9875,0.7758587728069828,-0.6309066211876704,-0.2588190451025215,0.965925826289068,-0.7818314824680299,0.6234898018587334,0,weekend,13.8775
2019-05-13,2019,5,13,133,23,0,35.83,2019-05-13 23:00:00+00:00,2019-05-14 00:00:00+00:00,44137.4825,687.02,9301.3,0.0,41510.87,9988.32,0.7648913904341225,-0.6441592666722685,-0.2588190451025215,0.965925826289068,0.0,1.0,0,weekday,13.76
2019-05-14,2019,5,14,134,23,1,35.68,2019-05-14 23:00:00+00:00,2019-05-15 00:00:00+00:00,43230.6325,143.72,9030.6825,0.0,41405.43,9174.4025,0.753697664392914,-0.6572212950663319,-0.2588190451025215,0.965925826289068,0.7818314824680298,0.6234898018587336,0,weekday,13.785
2019-05-15,2019,5,15,135,23,2,34.5,2019-05-15 23:00:00+00:00,2019-05-16 00:00:00+00:00,43175.3275,1764.02,10683.9275,0.0,44063.42,12447.9475,0.742280907086982,-0.6700888411055113,-0.2588190451025215,0.965925826289068,0.9749279121818236,-0.2225209339563143,0,weekday,13.855
2019-05-16,2019,5,16,136,23,3,35.18,2019-05-16 23:00:00+00:00,2019-05-17 00:00:00+00:00,42874.9925,4983.7225,6072.9325,0.0,42842.36,11056.655,0.7306444969184916,-0.6827580970759147,-0.2588190451025215,0.965925826289068,0.4338837391175582,-0.900968867902419,0,weekday,13.385
2019-05-17,2019,5,17,137,23,4,34.39,2019-05-17 23:00:00+00:00,2019-05-18 00:00:00+00:00,42509.5875,1742.285,9056.0525,0.0,40885.93,10798.3375,0.7187918772884232,-0.6952253139408722,-0.2588190451025215,0.965925826289068,-0.433883739117558,-0.9009688679024191,0,weekday,12.935
2019-05-18,2019,5,18,138,23,5,36.02,2019-05-18 23:00:00+00:00,2019-05-19 00:00:00+00:00,38070.585,1235.89,5591.8425,0.0,35810.75,6827.7325,0.7067265555776158,-0.7074868024503348,-0.2588190451025215,0.965925826289068,-0.9749279121818236,-0.2225209339563146,0,weekend,12.855
2019-05-19,2019,5,19,139,23,6,35.0,2019-05-19 23:00:00+00:00,2019-05-20 00:00:00+00:00,38912.3075,1395.44,5376.705,0.0,37302.0,6772.145,0.6944521021088763,-0.719538934232584,-0.2588190451025215,0.965925826289068,-0.7818314824680299,0.6234898018587334,0,weekend,12.879999999999999
2019-05-20,2019,5,20,140,23,0,34.44,2019-05-20 23:00:00+00:00,2019-05-21 00:00:00+00:00,43198.03,2151.1175000000003,12475.93,0.0,42962.76,14627.0475,0.6819721490904629,-0.7313781428679254,-0.2588190451025215,0.965925826289068,0.0,1.0,0,weekday,12.905
2019-05-21,2019,5,21,141,23,1,32.5,2019-05-21 23:00:00+00:00,2019-05-22 00:00:00+00:00,43377.3175,3629.8525,15661.0175,0.0,46967.61,19290.87,0.6692903895412567,-0.7430009249440493,-0.2588190451025215,0.965925826289068,0.7818314824680298,0.6234898018587336,0,weekday,12.6
2019-05-22,2019,5,22,142,23,2,33.32,2019-05-22 23:00:00+00:00,2019-05-23 00:00:00+00:00,43178.4,1906.3,6126.375,0.0,35864.3,8032.675,0.6564105761979381,-0.7544038410927472,-0.2588190451025215,0.965925826289068,0.9749279121818236,-0.2225209339563143,0,weekday,12.885
2019-05-23,2019,5,23,143,23,3,35.24,2019-05-23 23:00:00+00:00,2019-05-24 00:00:00+00:00,42839.55,1367.035,3435.6025,0.0,33873.32,4802.6375,0.6433365204044917,-0.765583517007675,-0.2588190451025215,0.965925826289068,0.4338837391175582,-0.900968867902419,0,weekday,12.595
2019-05-24,2019,5,24,144,23,4,37.15,2019-05-24 23:00:00+00:00,2019-05-25 00:00:00+00:00,40721.4775,1727.7775,5555.04,0.0,35668.82,7282.8175,0.6300720909843687,-0.7765366444428655,-0.2588190451025215,0.965925826289068,-0.433883739117558,-0.9009688679024191,0,weekday,12.435
2019-05-25,2019,5,25,145,23,5,33.04,2019-05-25 23:00:00+00:00,2019-05-26 00:00:00+00:00,37711.3475,2069.08,3421.965,0.0,31529.42,5491.045,0.6166212130956382,-0.7872599821916922,-0.2588190451025215,0.965925826289068,-0.9749279121818236,-0.2225209339563146,0,weekend,12.25
2019-05-26,2019,5,26,146,23,6,12.86,2019-05-26 23:00:00+00:00,2019-05-27 00:00:00+00:00,38501.2325,3972.385,17185.5675,0.0,44606.51,21157.9525,0.6029878670694714,-0.7977503570459932,-0.2588190451025215,0.965925826289068,-0.7818314824680299,0.6234898018587334,0,weekend,12.34
2019-05-27,2019,5,27,147,23,0,33.42,2019-05-27 23:00:00+00:00,2019-05-28 00:00:00+00:00,43003.165,1330.325,3472.89,0.0,34392.7,4803.215,0.5891760872322963,-0.8080046647350754,-0.2588190451025215,0.965925826289068,0.0,1.0,0,weekday,12.43
2019-05-28,2019,5,28,148,23,1,33.07,2019-05-28 23:00:00+00:00,2019-05-29 00:00:00+00:00,41832.055,1352.63,7519.8025,0.0,37656.18,8872.432499999999,0.5751899607119775,-0.8180198708443174,-0.2588190451025215,0.965925826289068,0.7818314824680298,0.6234898018587336,0,weekday,12.52
2019-05-29,2019,5,29,149,23,2,28.41,2019-05-29 23:00:00+00:00,2019-05-30 00:00:00+00:00,39200.505,3772.7725,10240.375,0.0,40372.79,14013.1475,0.5610336262283677,-0.8277930117131022,-0.2588190451025215,0.965925826289068,0.9749279121818236,-0.2225209339563143,0,weekday,12.225
2019-05-30,2019,5,30,150,23,3,29.49,2019-05-30 23:00:00+00:00,2019-05-31 00:00:00+00:00,37810.9925,3952.105,9017.2125,0.0,38675.02,12969.3175,0.5467112728685939,-0.8373211953118121,-0.2588190451025215,0.965925826289068,0.4338837391175582,-0.900968867902419,1,holiday,11.475
2019-05-31,2019,5,31,151,23,4,31.03,2019-05-31 23:00:00+00:00,2019-06-01 00:00:00+00:00,39866.9625,2966.355,2265.2475,0.0,33347.92,5231.6025,0.5322271388474397,-0.8466016020976267,-0.2588190451025215,0.965925826289068,-0.433883739117558,-0.9009688679024191,0,weekday,11.205
2019-06-01,2019,6,1,152,23,5,29.0,2019-06-01 23:00:00+00:00,2019-06-02 00:00:00+00:00,37316.5575,614.8175,1955.365,0.0,29604.02,2570.1825,0.5175855102531889,-0.8556314858488706,-0.2588190451025215,0.965925826289068,-0.9749279121818236,-0.2225209339563146,0,weekend,11.205
2019-06-02,2019,6,2,153,23,6,23.34,2019-06-02 23:00:00+00:00,2019-06-03 00:00:00+00:00,39071.18,4272.13,15027.635,0.0,40306.76,19299.765,0.5027907197793043,-0.8644081744776648,-0.2588190451025215,0.965925826289068,-0.7818314824680299,0.6234898018587334,0,weekend,11.1525
2019-06-03,2019,6,3,154,23,0,32.99,2019-06-03 23:00:00+00:00,2019-06-04 00:00:00+00:00,42605.0775,730.1025,2368.1275,0.0,34836.59,3098.23,0.4878471454423119,-0.8729290708206411,-0.2588190451025215,0.965925826289068,0.0,1.0,0,weekday,11.1
2019-06-04,2019,6,4,155,23,1,26.06,2019-06-04 23:00:00+00:00,2019-06-05 00:00:00+00:00,43707.4325,4457.045,16530.4125,0.0,46615.8,20987.4575,0.4727592092862775,-0.881191653407483,-0.2588190451025215,0.965925826289068,0.7818314824680298,0.6234898018587336,0,weekday,11.91
2019-06-05,2019,6,5,156,23,2,26.5,2019-06-05 23:00:00+00:00,2019-06-06 00:00:00+00:00,45156.165,4353.64,15705.0475,0.0,43710.59,20058.6875,0.4575313760742512,-0.8891934772070711,-0.2588190451025215,0.965925826289068,0.9749279121818236,-0.2225209339563143,0,weekday,11.6
2019-06-06,2019,6,6,157,23,3,34.15,2019-06-06 23:00:00+00:00,2019-06-07 00:00:00+00:00,44207.6725,937.4625,3042.155,0.0,33405.46,3979.6175,0.442168151967072,-0.8969321743510065,-0.2588190451025215,0.965925826289068,0.4338837391175582,-0.900968867902419,0,weekday,11.32
2019-06-07,2019,6,7,158,23,4,-19.95,2019-06-07 23:00:00+00:00,2019-06-08 00:00:00+00:00,40415.7275,4104.6525,21091.185,0.0,46703.28,25195.8375,0.4266740831899246,-0.9044054548343,-0.2588190451025215,0.965925826289068,-0.433883739117558,-0.9009688679024191,0,weekday,11.245
2019-06-08,2019,6,8,159,23,5,14.24,2019-06-08 23:00:00+00:00,2019-06-09 00:00:00+00:00,35300.835,4573.36,13727.5075,0.0,38058.36,18300.8675,0.4110537546870351,-0.911611107193024,-0.2588190451025215,0.965925826289068,-0.9749279121818236,-0.2225209339563146,0,weekend,11.52
2019-06-09,2019,6,9,160,23,6,28.84,2019-06-09 23:00:00+00:00,2019-06-10 00:00:00+00:00,36294.5725,517.275,9896.7675,0.0,31202.25,10414.0425,0.3953117887649151,-0.9185469991587164,-0.2588190451025215,0.965925826289068,-0.7818314824680299,0.6234898018587334,0,weekend,11.585
2019-06-10,2019,6,10,161,23,0,29.21,2019-06-10 23:00:00+00:00,2019-06-11 00:00:00+00:00,38765.88,4768.7125,8077.985,0.0,35631.15,12846.697499999998,0.3794528437245443,-0.925211078289358,-0.2588190451025215,0.965925826289068,0.0,1.0,1,holiday,11.65
2019-06-11,2019,6,11,162,23,1,35.65,2019-06-11 23:00:00+00:00,2019-06-12 00:00:00+00:00,42957.4075,803.91,5689.5775,0.0,35937.46,6493.4875,0.3634816124829063,-0.9316013725767188,-0.2588190451025215,0.965925826289068,0.7818314824680298,0.6234898018587336,0,weekday,11.48
2019-06-12,2019,6,12,163,23,2,28.34,2019-06-12 23:00:00+00:00,2019-06-13 00:00:00+00:00,43650.58,3886.6875,10059.085,0.0,39803.23,13945.7725,0.3474028211842774,-0.9377159910299092,-0.2588190451025215,0.965925826289068,0.9749279121818236,-0.2225209339563143,0,weekday,11.205
2019-06-13,2019,6,13,164,23,3,29.78,2019-06-13 23:00:00+00:00,2019-06-14 00:00:00+00:00,43200.26,3201.185,7874.595,0.0,37963.53,11075.78,0.3312212278016865,-0.9435531242349544,-0.2588190451025215,0.965925826289068,0.4338837391175582,-0.900968867902419,0,weekday,11.52
2019-06-14,2019,6,14,165,23,4,31.47,2019-06-14 23:00:00+00:00,2019-06-15 00:00:00+00:00,41062.54,1639.53,11953.01,0.0,39369.9,13592.54,0.3149416207289519,-0.9491110448902284,-0.2588190451025215,0.965925826289068,-0.433883739117558,-0.9009688679024191,0,weekday,11.35
2019-06-15,2019,6,15,166,23,5,27.52,2019-06-15 23:00:00+00:00,2019-06-16 00:00:00+00:00,37172.655,2011.2625,7273.5625,0.0,32274.94,9284.825,0.2985688173637202,-0.9543881083175908,-0.2588190451025215,0.965925826289068,-0.9749279121818236,-0.2225209339563146,0,weekend,11.32
2019-06-16,2019,6,16,167,23,6,30.28,2019-06-16 23:00:00+00:00,2019-06-17 00:00:00+00:00,37043.835,2050.7625,1293.6975,0.0,29745.11,3344.46,0.2821076626819194,-0.9593827529490744,-0.2588190451025215,0.965925826289068,-0.7818314824680299,0.6234898018587334,0,weekend,11.3375
2019-06-17,2019,6,17,168,23,0,32.85,2019-06-17 23:00:00+00:00,2019-06-18 00:00:00+00:00,41910.8025,647.12,8922.635,0.0,39506.71,9569.755,0.2655630278040559,-0.9640935007889756,-0.2588190451025215,0.965925826289068,0.0,1.0,0,weekday,11.355
2019-06-18,2019,6,18,169,23,1,33.26,2019-06-18 23:00:00+00:00,2019-06-19 00:00:00+00:00,42742.3025,1122.3975,6480.3375,0.0,39395.71,7602.735,0.2489398085537665,-0.9685189578512204,-0.2588190451025215,0.965925826289068,0.7818314824680298,0.6234898018587336,0,weekday,11.4
2019-06-19,2019,6,19,170,23,2,30.23,2019-06-19 23:00:00+00:00,2019-06-20 00:00:00+00:00,41153.3875,1651.03,7902.915,0.0,39369.61,9553.945,0.2322429240090701,-0.9726578145718654,-0.2588190451025215,0.965925826289068,0.9749279121818236,-0.2225209339563143,0,weekday,10.485
2019-06-20,2019,6,20,171,23,3,32.17,2019-06-20 23:00:00+00:00,2019-06-21 00:00:00+00:00,40020.1775,441.555,2846.77,0.0,33456.41,3288.325,0.2154773150467301,-0.976508846196619,-0.2588190451025215,0.965925826289068,0.4338837391175582,-0.900968867902419,0,weekday,10.15
2019-06-21,2019,6,21,172,23,4,31.91,2019-06-21 23:00:00+00:00,2019-06-22 00:00:00+00:00,40701.035,332.3225,4565.6225,0.0,34017.45,4897.945000000001,0.1986479428801711,-0.9800709131432666,-0.2588190451025215,0.965925826289068,-0.433883739117558,-0.9009688679024191,0,weekday,9.8
2019-06-22,2019,6,22,173,23,5,26.76,2019-06-22 23:00:00+00:00,2019-06-23 00:00:00+00:00,38295.7725,868.365,11452.0975,0.0,36144.12,12320.4625,0.1817597875913753,-0.9833429613388902,-0.2588190451025215,0.965925826289068,-0.9749279121818236,-0.2225209339563146,0,weekend,10.355
2019-06-23,2019,6,23,174,23,6,25.68,2019-06-23 23:00:00+00:00,2019-06-24 00:00:00+00:00,38533.8575,4025.72,13399.01,0.0,39838.89,17424.73,0.1648178466571979,-0.9863240225317866,-0.2588190451025215,0.965925826289068,-0.7818314824680299,0.6234898018587334,0,weekend,10.2775
2019-06-24,2019,6,24,175,23,0,25.6,2019-06-24 23:00:00+00:00,2019-06-25 00:00:00+00:00,43099.1375,4357.6900000000005,15287.56,0.0,44476.35,19645.25,0.1478271334705304,-0.9890132145779884,-0.2588190451025215,0.965925826289068,0.0,1.0,0,weekday,10.2
2019-06-25,2019,6,25,176,23,1,33.37,2019-06-25 23:00:00+00:00,2019-06-26 00:00:00+00:00,44937.1775,1029.04,6574.335,0.0,39442.28,7603.375,0.1307926758567592,-0.9914097417023038,-0.2588190451025215,0.965925826289068,0.7818314824680298,0.6234898018587336,0,weekday,9.875
2019-06-26,2019,6,26,177,23,2,26.53,2019-06-26 23:00:00+00:00,2019-06-27 00:00:00+00:00,44255.605,4300.8175,13799.935,0.0,43569.75,18100.7525,0.1137195145859496,-0.9935128947338008,-0.2588190451025215,0.965925826289068,0.9749279121818236,-0.2225209339563143,0,weekday,9.62
2019-06-27,2019,6,27,178,23,3,31.68,2019-06-27 23:00:00+00:00,2019-06-28 00:00:00+00:00,44485.0325,1772.96,6857.575,0.0,38449.59,8630.535,0.0966127018812031,-0.9953220513156602,-0.2588190451025215,0.965925826289068,0.4338837391175582,-0.900968867902419,0,weekday,9.375
2019-06-28,2019,6,28,179,23,4,31.63,2019-06-28 23:00:00+00:00,2019-06-29 00:00:00+00:00,42129.475,234.6325,3179.5375,0.0,33089.18,3414.17,0.0794772999236209,-0.9968366760893436,-0.2588190451025215,0.965925826289068,-0.433883739117558,-0.9009688679024191,0,weekday,9.75
2019-06-29,2019,6,29,180,23,5,26.9,2019-06-29 23:00:00+00:00,2019-06-30 00:00:00+00:00,39297.855,2255.905,8753.9475,0.0,35957.11,11009.8525,0.062318379354325,-0.998056320853012,-0.2588190451025215,0.965925826289068,-0.9749279121818236,-0.2225209339563146,0,weekend,10.115
2019-06-30,2019,6,30,181,23,6,26.23,2019-06-30 23:00:00+00:00,2019-07-01 00:00:00+00:00,41152.36,4664.81,7535.674999999999,0.0,35987.36,12200.485,0.0451410177739719,-0.998980624694158,-0.2588190451025215,0.965925826289068,-0.7818314824680299,0.6234898018587334,0,weekend,10.342500000000001
2019-07-01,2019,7,1,182,23,0,26.97,2019-07-01 23:00:00+00:00,2019-07-02 00:00:00+00:00,45873.95,5249.5575,13284.9875,0.0,44394.47,18534.545,0.0279502982402103,-0.999609314096404,-0.2588190451025215,0.965925826289068,0.0,1.0,0,weekday,10.57
2019-07-02,2019,7,2,183,23,1,28.07,2019-07-02 23:00:00+00:00,2019-07-03 00:00:00+00:00,47291.317500000005,3272.4075000000003,6976.395,0.0,37772.15,10248.802500000002,0.0107513077635219,-0.9999422030204416,-0.2588190451025215,0.965925826289068,0.7818314824680298,0.6234898018587336,0,weekday,10.65
2019-07-03,2019,7,3,184,23,2,28.83,2019-07-03 23:00:00+00:00,2019-07-04 00:00:00+00:00,46258.0775,2773.36,8536.775,0.0,38476.13,11310.135,-0.0064508641981051,-0.9999791929590824,-0.2588190451025215,0.965925826289068,0.9749279121818236,-0.2225209339563143,0,weekday,10.375
2019-07-04,2019,7,4,185,23,3,29.0,2019-07-04 23:00:00+00:00,2019-07-05 00:00:00+00:00,46206.1025,4507.5175,10878.5075,0.0,41602.87,15386.025,-0.0236511272452315,-0.9997202729664084,-0.2588190451025215,0.965925826289068,0.4338837391175582,-0.900968867902419,0,weekday,10.295
2019-07-05,2019,7,5,186,23,4,34.1,2019-07-05 23:00:00+00:00,2019-07-06 00:00:00+00:00,44911.45,1627.595,3468.71,0.0,36108.79,5096.305,-0.0408443915432961,-0.9991655196610107,-0.2588190451025215,0.965925826289068,-0.433883739117558,-0.9009688679024191,0,weekday,10.575
2019-07-06,2019,7,6,187,23,5,25.98,2019-07-06 23:00:00+00:00,2019-07-07 00:00:00+00:00,39559.442500000005,5000.8125,12446.4275,0.0,39208.97,17447.239999999998,-0.0580255693287803,-0.9983150972033183,-0.2588190451025215,0.965925826289068,-0.9749279121818236,-0.2225209339563146,0,weekend,11.215
2019-07-07,2019,7,7,188,23,6,30.11,2019-07-07 23:00:00+00:00,2019-07-08 00:00:00+00:00,42038.975,2991.8825,7189.895,0.0,36728.94,10181.7775,-0.0751895764147585,-0.9971692572470178,-0.2588190451025215,0.965925826289068,-0.7818314824680299,0.6234898018587334,0,weekend,11.16
2019-07-08,2019,7,8,189,23,0,30.19,2019-07-08 23:00:00+00:00,2019-07-09 00:00:00+00:00,46913.4175,3092.8825,7551.1025,0.0,40499.73,10643.985,-0.0923313336953912,-0.9957283388645872,-0.2588190451025215,0.965925826289068,0.0,1.0,0,weekday,11.105
2019-07-09,2019,7,9,190,23,1,33.54,2019-07-09 23:00:00+00:00,2019-07-10 00:00:00+00:00,45276.625,816.95,6936.895,0.0,39712.02,7753.845,-0.1094457686489155,-0.993992768446958,-0.2588190451025215,0.965925826289068,0.7818314824680298,0.6234898018587336,0,weekday,12.225
2019-07-10,2019,7,10,191,23,2,35.99,2019-07-10 23:00:00+00:00,2019-07-11 00:00:00+00:00,45654.675,801.645,2727.2025000000003,0.0,37809.89,3528.8475000000003,-0.1265278168386831,-0.9919630595773395,-0.2588190451025215,0.965925826289068,0.9749279121818236,-0.2225209339563143,0,weekday,11.35
2019-07-11,2019,7,11,192,23,3,37.89,2019-07-11 23:00:00+00:00,2019-07-12 00:00:00+00:00,45372.31,194.685,2874.2375,0.0,38747.44,3068.9225,-0.1435724234118113,-0.9896398128792412,-0.2588190451025215,0.965925826289068,0.4338837391175582,-0.900968867902419,0,weekday,12.725
2019-07-12,2019,7,12,193,23,4,38.38,2019-07-12 23:00:00+00:00,2019-07-13 00:00:00+00:00,43487.78,1019.2275,5482.452499999999,0.0,36786.55,6501.679999999999,-0.1605745445949937,-0.9870237158387384,-0.2588190451025215,0.965925826289068,-0.433883739117558,-0.9009688679024191,0,weekday,12.65
2019-07-13,2019,7,13,194,23,5,35.04,2019-07-13 23:00:00+00:00,2019-07-14 00:00:00+00:00,40670.385,2039.9725,5023.3925,0.0,36238.7,7063.365,-0.1775291491870349,-0.984115542601034,-0.2588190451025215,0.965925826289068,-0.9749279121818236,-0.2225209339563146,0,weekend,13.28
2019-07-14,2019,7,14,195,23,6,36.58,2019-07-14 23:00:00+00:00,2019-07-15 00:00:00+00:00,41442.265,1330.1775,4608.7875,0.0,36381.81,5938.965,-0.1944312200476619,-0.9809161537413774,-0.2588190451025215,0.965925826289068,-0.7818314824680299,0.6234898018587334,0,weekend,13.5025
2019-07-15,2019,7,15,196,23,0,36.27,2019-07-15 23:00:00+00:00,2019-07-16 00:00:00+00:00,45081.175,3360.38,8596.54,0.0,46190.95,11956.920000000002,-0.2112757555821793,-0.9774264960104057,-0.2588190451025215,0.965925826289068,0.0,1.0,0,weekday,13.725
2019-07-16,2019,7,16,197,23,1,38.87,2019-07-16 23:00:00+00:00,2019-07-17 00:00:00+00:00,44841.565,766.6125,4762.88,0.0,42115.75,5529.4925,-0.2280577712215198,-0.9736476020539838,-0.2588190451025215,0.965925826289068,0.7818314824680298,0.6234898018587336,0,weekday,12.13
2019-07-17,2019,7,17,198,23,2,39.0,2019-07-17 23:00:00+00:00,2019-07-18 00:00:00+00:00,44445.46,383.555,1395.965,0.0,39447.23,1779.52,-0.2447723008972595,-0.9695805901076308,-0.2588190451025215,0.965925826289068,0.9749279121818236,-0.2225209339563143,0,weekday,11.0
2019-07-18,2019,7,18,199,23,3,37.06,2019-07-18 23:00:00+00:00,2019-07-19 00:00:00+00:00,44312.49,491.005,3826.705,0.0,40678.93,4317.71,-0.2614143985111562,-0.965226663665613,-0.2588190451025215,0.965925826289068,0.4338837391175582,-0.900968867902419,0,weekday,11.075
2019-07-19,2019,7,19,200,23,4,38.08,2019-07-19 23:00:00+00:00,2019-07-20 00:00:00+00:00,42749.4525,2104.335,3132.91,0.0,38039.0,5237.245,-0.2779791393987801,-0.9605871111248128,-0.2588190451025215,0.965925826289068,-0.433883739117558,-0.9009688679024191,0,weekday,10.9
2019-07-20,2019,7,20,201,23,5,32.4,2019-07-20 23:00:00+00:00,2019-07-21 00:00:00+00:00,38862.6825,3628.7975,9751.94,0.0,41484.57,13380.7375,-0.2944616217868012,-0.9556633054034704,-0.2588190451025215,0.965925826289068,-0.9749279121818236,-0.2225209339563146,0,weekend,10.815
2019-07-21,2019,7,21,202,23,6,35.11,2019-07-21 23:00:00+00:00,2019-07-22 00:00:00+00:00,40413.96,1401.94,1987.42,0.0,34981.75,3389.36,-0.3108569682435036,-0.9504567035349152,-0.2588190451025215,0.965925826289068,-0.7818314824680299,0.6234898018587334,0,weekend,10.8575
2019-07-22,2019,7,22,203,23,0,37.58,2019-07-22 23:00:00+00:00,2019-07-23 00:00:00+00:00,44255.005,2326.0375,5111.3025,0.0,41299.38,7437.34,-0.3271603271220951,-0.9449688462364056,-0.2588190451025215,0.965925826289068,0.0,1.0,0,weekday,10.9
2019-07-23,2019,7,23,204,23,1,39.65,2019-07-23 23:00:00+00:00,2019-07-24 00:00:00+00:00,45422.885,754.2175,5087.8175,0.0,41908.73,5842.035,-0.343366873996388,-0.939201357453208,-0.2588190451025215,0.965925826289068,0.7818314824680298,0.6234898018587336,0,weekday,10.125
2019-07-24,2019,7,24,205,23,2,42.05,2019-07-24 23:00:00+00:00,2019-07-25 00:00:00+00:00,46111.1225,1014.725,7434.29,0.0,44202.3,8449.015,-0.3594718130884232,-0.9331559438780432,-0.2588190451025215,0.965925826289068,0.9749279121818236,-0.2225209339563143,0,weekday,10.375
2019-07-25,2019,7,25,206,23,3,37.73,2019-07-25 23:00:00+00:00,2019-07-26 00:00:00+00:00,47163.845,4012.8,11220.08,0.0,48509.65,15232.88,-0.3754703786876202,-0.9268343944460494,-0.2588190451025215,0.965925826289068,0.4338837391175582,-0.900968867902419,0,weekday,10.25
2019-07-26,2019,7,26,207,23,4,37.59,2019-07-26 23:00:00+00:00,2019-07-27 00:00:00+00:00,46238.1325,4596.0975,15597.59,0.0,46843.05,20193.6875,-0.3913578365610259,-0.9202385798054076,-0.2588190451025215,0.965925826289068,-0.433883739117558,-0.9009688679024191,0,weekday,10.0
2019-07-27,2019,7,27,208,23,5,30.02,2019-07-27 23:00:00+00:00,2019-07-28 00:00:00+00:00,39125.08,4913.4025,11999.49,0.0,40675.95,16912.8925,-0.4071294853542516,-0.9133704517637858,-0.2588190451025215,0.965925826289068,-0.9749279121818236,-0.2225209339563146,0,weekend,9.965
2019-07-28,2019,7,28,209,23,6,34.05,2019-07-28 23:00:00+00:00,2019-07-29 00:00:00+00:00,40115.68,1036.415,6011.6900000000005,0.0,37261.87,7048.1050000000005,-0.4227806579826773,-0.9062320427107696,-0.2588190451025215,0.965925826289068,-0.7818314824680299,0.6234898018587334,0,weekend,10.02
2019-07-29,2019,7,29,210,23,0,38.35,2019-07-29 23:00:00+00:00,2019-07-30 00:00:00+00:00,44494.3025,108.0125,3206.925,0.0,37923.86,3314.9375,-0.4383067230125192,-0.898825465016444,-0.2588190451025215,0.965925826289068,0.0,1.0,0,weekday,10.075
2019-07-30,2019,7,30,211,23,1,37.54,2019-07-30 23:00:00+00:00,2019-07-31 00:00:00+00:00,43825.567500000005,1160.685,5140.115,0.0,38582.38,6300.799999999999,-0.4537030860313442,-0.8911529104063088,-0.2588190451025215,0.965925826289068,0.7818314824680298,0.6234898018587336,0,weekday,9.85
2019-07-31,2019,7,31,212,23,2,37.07,2019-07-31 23:00:00+00:00,2019-08-01 00:00:00+00:00,43749.1025,1750.1175,2381.2775,0.0,39454.66,4131.395,-0.4689651910076318,-0.8832166493127127,-0.2588190451025215,0.965925826289068,0.9749279121818236,-0.2225209339563143,0,weekday,11.0
2019-08-01,2019,8,1,213,23,3,38.89,2019-08-01 23:00:00+00:00,2019-08-02 00:00:00+00:00,43780.325,228.39,1042.1225,0.0,39198.85,1270.5124999999998,-0.4840885216389758,-0.8750190302029955,-0.2588190451025215,0.965925826289068,0.4338837391175582,-0.900968867902419,0,weekday,11.675
2019-08-02,2019,8,2,214,23,4,36.94,2019-08-02 23:00:00+00:00,2019-08-03 00:00:00+00:00,41518.66,958.6175,2587.985,0.0,36769.36,3546.6025,-0.4990686026885319,-0.8665624788845385,-0.2588190451025215,0.965925826289068,-0.433883739117558,-0.9009688679024191,0,weekday,11.96
2019-08-03,2019,8,3,215,23,5,35.0,2019-08-03 23:00:00+00:00,2019-08-04 00:00:00+00:00,38091.955,262.82,1693.535,0.0,32601.39,1956.355,-0.5139010013093103,-0.8578494977869301,-0.2588190451025215,0.965925826289068,-0.9749279121818236,-0.2225209339563146,0,weekend,12.015
2019-08-04,2019,8,4,216,23,6,35.31,2019-08-04 23:00:00+00:00,2019-08-05 00:00:00+00:00,39716.375,291.08,2286.825,0.0,34754.64,2577.905,-0.5285813283559292,-0.8488826652214553,-0.2588190451025215,0.965925826289068,-0.7818314824680299,0.6234898018587334,0,weekend,11.995000000000001
2019-08-05,2019,8,5,217,23,0,36.92,2019-08-05 23:00:00+00:00,2019-08-06 00:00:00+00:00,43463.27,1808.775,6044.15,0.0,42162.89,7852.924999999999,-0.5431052396834317,-0.8396646346181327,-0.2588190451025215,0.965925826289068,0.0,1.0,0,weekday,11.975
2019-08-06,2019,8,6,218,23,1,35.41,2019-08-06 23:00:00+00:00,2019-08-07 00:00:00+00:00,43102.6025,1795.135,3932.59,0.0,41686.71,5727.725,-0.5574684374327892,-0.8301981337405212,-0.2588190451025215,0.965925826289068,0.7818314824680298,0.6234898018587336,0,weekday,11.175
2019-08-07,2019,8,7,219,23,2,31.35,2019-08-07 23:00:00+00:00,2019-08-08 00:00:00+00:00,43078.4525,2555.5475,8240.3525,0.0,41557.13,10795.9,-0.5716666713027052,-0.8204859638785327,-0.2588190451025215,0.965925826289068,0.9749279121818236,-0.2225209339563143,0,weekday,11.0
2019-08-08,2019,8,8,220,23,3,34.57,2019-08-08 23:00:00+00:00,2019-08-09 00:00:00+00:00,43041.1125,1660.165,4849.115,0.0,39425.85,6509.28,-0.5856957398073508,-0.8105309990194823,-0.2588190451025215,0.965925826289068,0.4338837391175582,-0.900968867902419,0,weekday,11.25
2019-08-09,2019,8,9,221,23,4,29.09,2019-08-09 23:00:00+00:00,2019-08-10 00:00:00+00:00,41806.18,3197.76,14621.9075,0.0,42563.62,17819.6675,-0.5995514915196489,-0.8003361849976323,-0.2588190451025215,0.965925826289068,-0.433883739117558,-0.9009688679024191,0,weekday,12.05
2019-08-10,2019,8,10,222,23,5,18.58,2019-08-10 23:00:00+00:00,2019-08-11 00:00:00+00:00,37005.54,4488.405,17325.622499999998,0.0,41729.81,21814.0275,-0.6132298262997502,-0.7899045386224707,-0.2588190451025215,0.965925826289068,-0.9749279121818236,-0.2225209339563146,0,weekend,12.025
2019-08-11,2019,8,11,223,23,6,28.62,2019-08-11 23:00:00+00:00,2019-08-12 00:00:00+00:00,38604.76,4424.9375,8443.752499999999,0.0,36127.74,12868.69,-0.6267266965083301,-0.7792391467859886,-0.2588190451025215,0.965925826289068,-0.7818314824680299,0.6234898018587334,0,weekend,11.9875
2019-08-12,2019,8,12,224,23,0,34.01,2019-08-12 23:00:00+00:00,2019-08-13 00:00:00+00:00,42773.225,711.6125,5342.5025,0.0,35438.64,6054.115,-0.6400381082043503,-0.7683431655492202,-0.2588190451025215,0.965925826289068,0.0,1.0,0,weekday,11.95
2019-08-13,2019,8,13,225,23,1,30.45,2019-08-13 23:00:00+00:00,2019-08-14 00:00:00+00:00,42478.0975,1497.45,5176.875,0.0,34975.06,6674.325,-0.65316012232693,-0.7572198192083127,-0.2588190451025215,0.965925826289068,0.7818314824680298,0.6234898018587336,0,weekday,11.45
2019-08-14,2019,8,14,226,23,2,27.12,2019-08-14 23:00:00+00:00,2019-08-15 00:00:00+00:00,42885.305,3663.52,7941.747499999999,0.0,36777.6,11605.267499999998,-0.666088855860977,-0.7458723993404063,-0.2588190451025215,0.965925826289068,0.9749279121818236,-0.2225209339563143,0,weekday,11.5
2019-08-15,2019,8,15,227,23,3,27.3,2019-08-15 23:00:00+00:00,2019-08-16 00:00:00+00:00,42673.1875,3441.215,11465.9875,0.0,41961.22,14907.2025,-0.6788204829862355,-0.734304263829602,-0.2588190451025215,0.965925826289068,0.4338837391175582,-0.900968867902419,0,weekday,11.15
2019-08-16,2019,8,16,228,23,4,26.74,2019-08-16 23:00:00+00:00,2019-08-17 00:00:00+00:00,42134.6275,4000.875,10825.4075,0.0,38961.34,14826.2825,-0.6913512362094071,-0.722518835873311,-0.2588190451025215,0.965925826289068,-0.433883739117558,-0.9009688679024191,0,weekday,11.175
2019-08-17,2019,8,17,229,23,5,28.61,2019-08-17 23:00:00+00:00,2019-08-18 00:00:00+00:00,38096.1325,1399.1575,7675.077499999999,0.0,33483.65,9074.235,-0.7036774074790128,-0.7105196029692745,-0.2588190451025215,0.965925826289068,-0.9749279121818236,-0.2225209339563146,0,weekend,10.955
2019-08-18,2019,8,18,230,23,6,27.45,2019-08-18 23:00:00+00:00,2019-08-19 00:00:00+00:00,39783.4975,3619.9875,7655.6675,0.0,34424.64,11275.655,-0.7157953492826642,-0.6983101158835584,-0.2588190451025215,0.965925826289068,-0.7818314824680299,0.6234898018587334,0,weekend,10.877500000000001
2019-08-19,2019,8,19,231,23,0,29.74,2019-08-19 23:00:00+00:00,2019-08-20 00:00:00+00:00,40523.3175,1757.9925,5140.045,0.0,37858.56,6898.0375,-0.7277014757264236,-0.6858939875998223,-0.2588190451025215,0.965925826289068,0.0,1.0,0,weekday,10.8
2019-08-20,2019,8,20,232,23,1,33.11,2019-08-20 23:00:00+00:00,2019-08-21 00:00:00+00:00,42556.6,1730.58,3293.09,0.0,37467.24,5023.67,-0.7393922635959241,-0.673274892250183,-0.2588190451025215,0.965925826289068,0.7818314824680298,0.6234898018587336,0,weekday,11.3
2019-08-21,2019,8,21,233,23,2,32.02,2019-08-21 23:00:00+00:00,2019-08-22 00:00:00+00:00,42543.395,1264.245,3804.7975,0.0,38745.64,5069.0425,-0.7508642533989489,-0.6604565640279754,-0.2588190451025215,0.965925826289068,0.9749279121818236,-0.2225209339563143,0,weekday,11.2
2019-08-22,2019,8,22,234,23,3,30.17,2019-08-22 23:00:00+00:00,2019-08-23 00:00:00+00:00,42416.485,2823.38,4061.755,0.0,38207.79,6885.135,-0.7621140503891487,-0.6474427960827475,-0.2588190451025215,0.965925826289068,0.4338837391175582,-0.900968867902419,0,weekday,11.275
2019-08-23,2019,8,23,235,23,4,31.92,2019-08-23 23:00:00+00:00,2019-08-24 00:00:00+00:00,41339.07,223.425,5955.935,0.0,36257.02,6179.360000000001,-0.7731383255706026,-0.6342374393978054,-0.2588190451025215,0.965925826289068,-0.433883739117558,-0.9009688679024191,0,weekday,10.825
2019-08-24,2019,8,24,236,23,5,28.65,2019-08-24 23:00:00+00:00,2019-08-25 00:00:00+00:00,36871.12,3330.625,8669.7975,0.0,39698.38,12000.4225,-0.7839338166829201,-0.620844401650647,-0.2588190451025215,0.965925826289068,-0.9749279121818236,-0.2225209339563146,0,weekend,10.585
2019-08-25,2019,8,25,237,23,6,32.95,2019-08-25 23:00:00+00:00,2019-08-26 00:00:00+00:00,39476.9075,785.93,4816.405,0.0,36071.58,5602.335,-0.7944973291665992,-0.6072676460566135,-0.2588190451025215,0.965925826289068,-0.7818314824680299,0.6234898018587334,0,weekend,10.45
2019-08-26,2019,8,26,238,23,0,35.26,2019-08-26 23:00:00+00:00,2019-08-27 00:00:00+00:00,43123.9025,981.015,4500.89,0.0,42009.82,5481.905000000001,-0.8048257371083452,-0.593511190196115,-0.2588190451025215,0.965925826289068,0.0,1.0,0,weekday,10.315
2019-08-27,2019,8,27,239,23,1,35.55,2019-08-27 23:00:00+00:00,2019-08-28 00:00:00+00:00,44056.0675,1504.7325,4452.78,0.0,42161.56,5957.5125,-0.8149159841660791,-0.5795791048257612,-0.2588190451025215,0.965925826289068,0.7818314824680298,0.6234898018587336,0,weekday,10.15
2019-08-28,2019,8,28,240,23,2,35.64,2019-08-28 23:00:00+00:00,2019-08-29 00:00:00+00:00,44696.6625,790.8075,2445.6375,0.0,41308.95,3236.445,-0.8247650844733614,-0.5654755126737576,-0.2588190451025215,0.965925826289068,0.9749279121818236,-0.2225209339563143,0,weekday,10.35
2019-08-29,2019,8,29,241,23,3,33.1,2019-08-29 23:00:00+00:00,2019-08-30 00:00:00+00:00,44120.2325,743.0175,1517.13,0.0,39473.69,2260.1475,-0.8343701235229538,-0.5512045872199277,-0.2588190451025215,0.965925826289068,0.4338837391175582,-0.900968867902419,0,weekday,10.425
2019-08-30,2019,8,30,242,23,4,32.66,2019-08-30 23:00:00+00:00,2019-08-31 00:00:00+00:00,42369.4975,1464.965,1597.1174999999998,0.0,36001.18,3062.0824999999995,-0.8437282590292712,-0.5367705514607103,-0.2588190451025215,0.965925826289068,-0.433883739117558,-0.9009688679024191,0,weekday,12.795
2019-08-31,2019,8,31,243,23,5,26.7,2019-08-31 23:00:00+00:00,2019-09-01 00:00:00+00:00,39022.5675,1915.2675,11057.1275,0.0,38517.25,12972.395,-0.8528367217694595,-0.522177676659508,-0.2588190451025215,0.965925826289068,-0.9749279121818236,-0.2225209339563146,0,weekend,12.795
2019-09-01,2019,9,1,244,23,6,26.97,2019-09-01 23:00:00+00:00,2019-09-02 00:00:00+00:00,39628.5225,2842.0275,6325.28,0.0,35766.37,9167.3075,-0.8616928164028522,-0.5074302810827518,-0.2588190451025215,0.965925826289068,-0.7818314824680299,0.6234898018587334,0,weekend,12.513333333333334
2019-09-02,2019,9,2,245,23,0,28.14,2019-09-02 23:00:00+00:00,2019-09-03 00:00:00+00:00,44001.1675,4825.51,5000.7425,0.0,40871.05,9826.2525,-0.8702939222685674,-0.4925327287220543,-0.2588190451025215,0.965925826289068,0.0,1.0,0,weekday,12.231666666666666
2019-09-03,2019,9,3,246,23,1,29.0,2019-09-03 23:00:00+00:00,2019-09-04 00:00:00+00:00,43875.8175,3439.0925,4606.6675,0.0,40495.87,8045.76,-0.8786374941610001,-0.4774894280028391,-0.2588190451025215,0.965925826289068,0.7818314824680298,0.6234898018587336,0,weekday,11.95
2019-09-04,2019,9,4,247,23,2,25.96,2019-09-04 23:00:00+00:00,2019-09-05 00:00:00+00:00,44708.6975,2539.3525,9969.8925,0.0,39431.99,12509.245,-0.886721063082993,-0.4623048304798108,-0.2588190451025215,0.965925826289068,0.9749279121818236,-0.2225209339563143,0,weekday,12.15
2019-09-05,2019,9,5,248,23,3,25.64,2019-09-05 23:00:00+00:00,2019-09-06 00:00:00+00:00,44760.3725,3777.39,9973.275,0.0,41001.01,13750.665,-0.8945422369764496,-0.4469834295196741,-0.2588190451025215,0.965925826289068,0.4338837391175582,-0.900968867902419,0,weekday,11.8
2019-09-06,2019,9,6,249,23,4,30.0,2019-09-06 23:00:00+00:00,2019-09-07 00:00:00+00:00,42911.4225,2081.29,8857.445,0.0,40490.04,10938.735,-0.9020987014301836,-0.4315297589714714,-0.2588190451025215,0.965925826289068,-0.433883739117558,-0.9009688679024191,0,weekday,12.175
2019-09-07,2019,9,7,250,23,5,32.61,2019-09-07 23:00:00+00:00,2019-09-08 00:00:00+00:00,39287.8725,1483.1,1157.5325,0.0,33770.87,2640.6325,-0.9093882203647924,-0.4159483918249421,-0.2588190451025215,0.965925826289068,-0.9749279121818236,-0.2225209339563146,0,weekend,12.35
2019-09-08,2019,9,8,251,23,6,34.09,2019-09-08 23:00:00+00:00,2019-09-09 00:00:00+00:00,39804.8675,84.93,2617.725,0.0,35976.61,2702.655,-0.9164086366943458,-0.4002439388573056,-0.2588190451025215,0.965925826289068,-0.7818314824680299,0.6234898018587334,0,weekend,12.5125
2019-09-09,2019,9,9,252,23,0,32.45,2019-09-09 23:00:00+00:00,2019-09-10 00:00:00+00:00,42631.0825,1092.8575,8787.845,0.0,43060.24,9880.7025,-0.923157872964704,-0.3844210472688554,-0.2588190451025215,0.965925826289068,0.0,1.0,0,weekday,12.675
2019-09-10,2019,9,10,253,23,1,30.23,2019-09-10 23:00:00+00:00,2019-09-11 00:00:00+00:00,43106.9825,1897.2375,5213.3575,0.0,38673.76,7110.595,-0.9296339319682696,-0.3684843993077793,-0.2588190451025215,0.965925826289068,0.7818314824680298,0.6234898018587336,0,weekday,12.35
2019-09-11,2019,9,11,254,23,2,27.21,2019-09-11 23:00:00+00:00,2019-09-12 00:00:00+00:00,43307.3775,2648.53,13056.8,0.0,44512.13,15705.33,-0.935834897334994,-0.3524387108846032,-0.2588190451025215,0.965925826289068,0.9749279121818236,-0.2225209339563143,0,weekday,14.05
2019-09-12,2019,9,12,255,23,3,28.31,2019-09-12 23:00:00+00:00,2019-09-13 00:00:00+00:00,45051.215,5168.855,11134.63,0.0,44372.4,16303.485,-0.9417589340994617,-0.3362887301766828,-0.2588190451025215,0.965925826289068,0.4338837391175582,-0.900968867902419,0,weekday,14.545
2019-09-13,2019,9,13,256,23,4,32.5,2019-09-13 23:00:00+00:00,2019-09-14 00:00:00+00:00,42277.5275,1184.795,4947.115,0.0,37060.96,6131.91,-0.9474042892438844,-0.3200392362231385,-0.2588190451025215,0.965925826289068,-0.433883739117558,-0.9009688679024191,0,weekday,15.65
2019-09-14,2019,9,14,257,23,5,29.4,2019-09-14 23:00:00+00:00,2019-09-15 00:00:00+00:00,36704.465,5424.8675,7550.6375,0.0,39201.57,12975.505,-0.9527692922168512,-0.3036950375106588,-0.2588190451025215,0.965925826289068,-0.9749279121818236,-0.2225209339563146,0,weekend,14.71
2019-09-15,2019,9,15,258,23,6,32.57,2019-09-15 23:00:00+00:00,2019-09-16 00:00:00+00:00,38546.355,3343.3450000000003,7748.1275,0.0,41010.59,11091.4725,-0.9578523554276668,-0.2872609705505963,-0.2588190451025215,0.965925826289068,-0.7818314824680299,0.6234898018587334,0,weekend,14.932500000000001
2019-09-16,2019,9,16,259,23,0,33.02,2019-09-16 23:00:00+00:00,2019-09-17 00:00:00+00:00,42816.5275,4684.82,7662.3325,0.0,44098.1,12347.1525,-0.9626519747161488,-0.2707418984477642,-0.2588190451025215,0.965925826289068,0.0,1.0,0,weekday,15.155
2019-09-17,2019,9,17,260,23,1,27.16,2019-09-17 23:00:00+00:00,2019-09-18 00:00:00+00:00,44102.99,4695.0425,17436.6925,0.0,49828.14,22131.735,-0.9671667297977312,-0.2541427094613622,-0.2588190451025215,0.965925826289068,0.7818314824680298,0.6234898018587336,0,weekday,14.175
2019-09-18,2019,9,18,261,23,2,31.15,2019-09-18 23:00:00+00:00,2019-09-19 00:00:00+00:00,44665.285,2797.9425,9889.83,0.0,47259.16,12687.7725,-0.97139528468375,-0.2374683155584684,-0.2588190451025215,0.965925826289068,0.9749279121818236,-0.2225209339563143,0,weekday,12.8
2019-09-19,2019,9,19,262,23,3,36.06,2019-09-19 23:00:00+00:00,2019-09-20 00:00:00+00:00,44567.4325,449.9875,4448.389999999999,0.0,43474.0,4898.3775,-0.9753363880767836,-0.2207236509605022,-0.2588190451025215,0.965925826289068,0.4338837391175582,-0.900968867902419,0,weekday,12.255
2019-09-20,2019,9,20,263,23,4,30.01,2019-09-20 23:00:00+00:00,2019-09-21 00:00:00+00:00,41644.162500000006,600.36,6361.56,0.0,40171.23,6961.92,-0.978988873740932,-0.2039136706831147,-0.2588190451025215,0.965925826289068,-0.433883739117558,-0.9009688679024191,0,weekday,12.575
2019-09-21,2019,9,21,264,23,5,28.14,2019-09-21 23:00:00+00:00,2019-09-22 00:00:00+00:00,38025.465,2212.91,10557.6175,0.0,41908.57,12770.5275,-0.9823516608469236,-0.1870433490699165,-0.2588190451025215,0.965925826289068,-0.9749279121818236,-0.2225209339563146,0,weekend,12.71
2019-09-22,2019,9,22,265,23,6,27.2,2019-09-22 23:00:00+00:00,2019-09-23 00:00:00+00:00,40274.9,3083.1025,9251.8625,0.0,41974.42,12334.965,-0.9854237542919524,-0.1701176783204905,-0.2588190451025215,0.965925826289068,-0.7818314824680299,0.6234898018587334,0,weekend,12.4775
2019-09-23,2019,9,23,266,23,0,35.44,2019-09-23 23:00:00+00:00,2019-09-24 00:00:00+00:00,44101.83,846.6600000000001,3627.095,0.0,41392.82,4473.755,-0.9882042449941422,-0.15314166701312,-0.2588190451025215,0.965925826289068,0.0,1.0,0,weekday,12.245
2019-09-24,2019,9,24,267,23,1,33.17,2019-09-24 23:00:00+00:00,2019-09-25 00:00:00+00:00,43525.5425,2244.84,7397.9925,0.0,46322.62,9642.8325,-0.9906923101615608,-0.136120338622667,-0.2588190451025215,0.965925826289068,0.7818314824680298,0.6234898018587336,0,weekday,12.175
2019-09-25,2019,9,25,268,23,2,32.92,2019-09-25 23:00:00+00:00,2019-09-26 00:00:00+00:00,43847.7275,1710.4525,7127.51,0.0,45784.28,8837.9625,-0.9928872135356962,-0.1190587300340498,-0.2588190451025215,0.965925826289068,0.9749279121818236,-0.2225209339563143,0,weekday,11.935
2019-09-26,2019,9,26,269,23,3,27.95,2019-09-26 23:00:00+00:00,2019-09-27 00:00:00+00:00,44209.1075,2949.465,14146.8075,0.0,48919.22,17096.2725,-0.994788305609327,-0.1019618900517457,-0.2588190451025215,0.965925826289068,0.4338837391175582,-0.900968867902419,0,weekday,12.045
2019-09-27,2019,9,27,270,23,4,24.5,2019-09-27 23:00:00+00:00,2019-09-28 00:00:00+00:00,43565.405,4657.0125,19249.725,0.0,46008.76,23906.7375,-0.9963950238187232,-0.0848348779057653,-0.2588190451025215,0.965925826289068,-0.433883739117558,-0.9009688679024191,0,weekday,11.94
2019-09-28,2019,9,28,271,23,5,1.19,2019-09-28 23:00:00+00:00,2019-09-29 00:00:00+00:00,39088.77,4810.4825,23916.5,0.0,48510.47,28726.9825,-0.9977068927101168,-0.0676827617545516,-0.2588190451025215,0.965925826289068,-0.9749279121818236,-0.2225209339563146,0,weekend,11.94
2019-09-29,2019,9,29,272,23,6,-3.93,2019-09-29 23:00:00+00:00,2019-09-30 00:00:00+00:00,41341.4875,3464.09,30526.35,0.0,52655.8,33990.44,-0.9987235240803972,-0.0505106171852228,-0.2588190451025215,0.965925826289068,-0.7818314824680299,0.6234898018587334,0,weekend,14.309999999999999
2019-09-30,2019,9,30,273,23,0,31.58,2019-09-30 23:00:00+00:00,2019-10-01 00:00:00+00:00,43761.5225,1444.7725,11445.465,0.0,41983.6,12890.2375,-0.9994446170919858,-0.0333235257116313,-0.2588190451025215,0.965925826289068,0.0,1.0,0,weekday,16.68
2019-10-01,2019,10,1,274,23,1,31.92,2019-10-01 23:00:00+00:00,2019-10-02 00:00:00+00:00,45055.8925,2888.145,8902.4375,0.0,43156.58,11790.5825,-0.9998699583618592,-0.0161265732706577,-0.2588190451025215,0.965925826289068,0.7818314824680298,0.6234898018587336,0,weekday,16.25
2019-10-02,2019,10,2,275,23,2,26.41,2019-10-02 23:00:00+00:00,2019-10-03 00:00:00+00:00,41661.6475,2711.9,17648.7375,0.0,49826.49,20360.6375,-0.9999994220246924,0.0010751512827982,-0.2588190451025215,0.965925826289068,0.9749279121818236,-0.2225209339563143,0,weekday,16.3
2019-10-03,2019,10,3,276,23,3,34.96,2019-10-03 23:00:00+00:00,2019-10-04 00:00:00+00:00,41960.2775,709.21,2931.325,0.0,37995.77,3640.535,-0.999832969770105,0.0182765576816912,-0.2588190451025215,0.965925826289068,0.4338837391175582,-0.900968867902419,1,holiday,16.0
2019-10-04,2019,10,4,277,23,4,32.17,2019-10-04 23:00:00+00:00,2019-10-05 00:00:00+00:00,43702.065,3165.0375,15677.42,0.0,52307.98,18842.4575,-0.9993706508539968,0.0354725557531255,-0.2588190451025215,0.965925826289068,-0.433883739117558,-0.9009688679024191,0,weekday,16.35
2019-10-05,2019,10,5,278,23,5,28.94,2019-10-05 23:00:00+00:00,2019-10-06 00:00:00+00:00,41159.6025,3028.75,6328.515,0.0,41999.98,9357.265,-0.9986126020839734,0.052658056924614,-0.2588190451025215,0.965925826289068,-0.9749279121818236,-0.2225209339563146,0,weekend,15.77
2019-10-06,2019,10,6,279,23,6,27.07,2019-10-06 23:00:00+00:00,2019-10-07 00:00:00+00:00,42010.645,2713.975,10481.565,0.0,45630.86,13195.54,-0.9975590477788612,0.0698279757298708,-0.2588190451025215,0.965925826289068,-0.7818314824680299,0.6234898018587334,0,weekend,15.485
2019-10-07,2019,10,7,280,23,0,27.93,2019-10-07 23:00:00+00:00,2019-10-08 00:00:00+00:00,45253.19,4736.32,13007.2475,0.0,51988.14,17743.567499999997,-0.9962102997023295,0.0869772313136861,-0.2588190451025215,0.965925826289068,0.0,1.0,0,weekday,15.2
2019-10-08,2019,10,8,281,23,1,23.63,2019-10-08 23:00:00+00:00,2019-10-09 00:00:00+00:00,45316.9525,5209.9,20954.3275,0.0,54564.61,26164.2275,-0.9945667569706336,0.1041007489354256,-0.2588190451025215,0.965925826289068,0.7818314824680298,0.6234898018587336,0,weekday,15.65
2019-10-09,2019,10,9,282,23,2,22.73,2019-10-09 23:00:00+00:00,2019-10-10 00:00:00+00:00,45894.3925,3513.8325,21629.175,0.0,52252.32,25143.0075,-0.9926289059345096,0.121193461470736,-0.2588190451025215,0.965925826289068,0.9749279121818236,-0.2225209339563143,0,weekday,15.3
2019-10-10,2019,10,10,283,23,3,22.34,2019-10-10 23:00:00+00:00,2019-10-11 00:00:00+00:00,46197.6,5606.7525000000005,23142.28,0.0,53735.73,28749.0325,-0.9903973200352558,0.1382503109109819,-0.2588190451025215,0.965925826289068,0.4338837391175582,-0.900968867902419,0,weekday,15.825
2019-10-11,2019,10,11,284,23,4,0.03,2019-10-11 23:00:00+00:00,2019-10-12 00:00:00+00:00,44709.08,5212.9,29622.355,0.0,56447.94,34835.255,-0.9878726596350428,0.1552662498599956,-0.2588190451025215,0.965925826289068,-0.433883739117558,-0.9009688679024191,0,weekday,16.125
2019-10-12,2019,10,12,285,23,5,25.66,2019-10-12 23:00:00+00:00,2019-10-13 00:00:00+00:00,38727.005,1245.98,10601.4325,0.0,40364.32,11847.4125,-0.9850556718215012,0.172236243027682,-0.2588190451025215,0.965925826289068,-0.9749279121818236,-0.2225209339563146,0,weekend,16.135
2019-10-13,2019,10,13,286,23,6,3.17,2019-10-13 23:00:00+00:00,2019-10-14 00:00:00+00:00,41121.27,5429.2525000000005,22830.6975,0.0,53202.28,28259.95,-0.981947190186646,0.1891552687200409,-0.2588190451025215,0.965925826289068,-0.7818314824680299,0.6234898018587334,0,weekend,16.0425
2019-10-14,2019,10,14,287,23,0,25.72,2019-10-14 23:00:00+00:00,2019-10-15 00:00:00+00:00,45205.44,3903.4325,12359.99,0.0,51778.92,16263.4225,-0.9785481345802032,0.2060183203251708,-0.2588190451025215,0.965925826289068,0.0,1.0,0,weekday,15.95
2019-10-15,2019,10,15,288,23,1,33.02,2019-10-15 23:00:00+00:00,2019-10-16 00:00:00+00:00,45841.3325,653.06,11286.625,0.0,47549.22,11939.685,-0.9748595108374124,0.2228204077947995,-0.2588190451025215,0.965925826289068,0.7818314824680298,0.6234898018587336,0,weekday,16.05
2019-10-16,2019,10,16,289,23,2,28.1,2019-10-16 23:00:00+00:00,2019-10-17 00:00:00+00:00,44883.675,4185.9725,17360.239999999998,0.0,55646.64,21546.2125,-0.9708824104813836,0.239556559120927,-0.2588190451025215,0.965925826289068,0.9749279121818236,-0.2225209339563143,0,weekday,16.225
2019-10-17,2019,10,17,290,23,3,31.05,2019-10-17 23:00:00+00:00,2019-10-18 00:00:00+00:00,46368.84,2465.4225,10432.0625,0.0,47407.07,12897.485,-0.9666180104000972,0.2562218218071163,-0.2588190451025215,0.965925826289068,0.4338837391175582,-0.900968867902419,0,weekday,15.825
2019-10-18,2019,10,18,291,23,4,27.56,2019-10-18 23:00:00+00:00,2019-10-19 00:00:00+00:00,44327.8925,5430.1225,15769.4275,0.0,51064.5,21199.55,-0.9620675724981452,0.2728112643340191,-0.2588190451025215,0.965925826289068,-0.433883739117558,-0.9009688679024191,0,weekday,16.245
2019-10-19,2019,10,19,292,23,5,26.01,2019-10-19 23:00:00+00:00,2019-10-20 00:00:00+00:00,39322.2,3828.8575,8195.565,0.0,41069.22,12024.4225,-0.957232443323312,0.2893199776186952,-0.2588190451025215,0.965925826289068,-0.9749279121818236,-0.2225209339563146,0,weekend,15.965
2019-10-20,2019,10,20,293,23,6,27.11,2019-10-20 23:00:00+00:00,2019-10-21 00:00:00+00:00,43334.705,854.395,7816.0575,0.0,41992.21,8670.4525,-0.9521140536681102,0.3057430764672831,-0.2588190451025215,0.965925826289068,-0.7818314824680299,0.6234898018587334,0,weekend,16.0875
2019-10-21,2019,10,21,294,23,0,35.88,2019-10-21 23:00:00+00:00,2019-10-22 00:00:00+00:00,45229.2,1347.35,6809.0425,0.0,47874.9,8156.3925,-0.9467139181463862,0.3220757010206104,-0.2588190451025215,0.965925826289068,0.0,1.0,0,weekday,16.21
2019-10-22,2019,10,22,295,23,1,32.31,2019-10-22 23:00:00+00:00,2019-10-23 00:00:00+00:00,45190.555,2132.51,3186.435,0.0,44022.41,5318.945,-0.9410336347451196,0.3383130181923076,-0.2588190451025215,0.965925826289068,0.7818314824680298,0.6234898018587336,0,weekday,15.75
2019-10-23,2019,10,23,296,23,2,31.04,2019-10-23 23:00:00+00:00,2019-10-24 00:00:00+00:00,45555.415,1978.6075,9568.82,0.0,48519.02,11547.4275,-0.9350748843515574,0.3544502230989869,-0.2588190451025215,0.965925826289068,0.9749279121818236,-0.2225209339563143,0,weekday,15.3
2019-10-24,2019,10,24,297,23,3,25.27,2019-10-24 23:00:00+00:00,2019-10-25 00:00:00+00:00,45046.3875,4716.755,18353.295,0.0,54183.19,23070.05,-0.9288394302558068,0.3704825404820963,-0.2588190451025215,0.965925826289068,0.4338837391175582,-0.900968867902419,0,weekday,15.15
2019-10-25,2019,10,25,298,23,4,18.84,2019-10-25 23:00:00+00:00,2019-10-26 00:00:00+00:00,44667.685,5492.7725,22776.255,0.0,53821.88,28269.0275,-0.9223291176290545,0.3864052261209853,-0.2588190451025215,0.965925826289068,-0.433883739117558,-0.9009688679024191,0,weekday,15.55
2019-10-26,2019,10,26,299,23,5,-34.57,2019-10-26 23:00:00+00:00,2019-10-27 00:00:00+00:00,40071.485,5484.06,28666.8225,0.0,53521.76,34150.8825,-0.9155458729775467,0.4022135682368036,-0.2588190451025215,0.965925826289068,-0.9749279121818236,-0.2225209339563146,0,weekend,15.235
2019-10-27,2019,10,27,300,23,6,26.4,2019-10-27 23:00:00+00:00,2019-10-28 00:00:00+00:00,42656.5275,5609.8975,15511.6575,0.0,54806.56,21121.555,-0.9084917035725082,0.4179028888867866,-0.2588190451025215,0.965925826289068,-0.7818314824680299,0.6234898018587334,0,weekend,14.905
2019-10-28,2019,10,28,301,23,0,37.02,2019-10-28 23:00:00+00:00,2019-10-29 00:00:00+00:00,47661.1075,903.4775,5112.83,0.0,51847.92,6016.3075,-0.9011686968561567,0.4334685453485363,-0.2588190451025215,0.965925826289068,0.0,1.0,0,weekday,14.575
2019-10-29,2019,10,29,302,23,1,37.92,2019-10-29 23:00:00+00:00,2019-10-30 00:00:00+00:00,47608.7175,202.91,5257.365,0.0,48378.77,5460.275,-0.8935790198239952,0.4489059314938798,-0.2588190451025215,0.965925826289068,0.7818314824680298,0.6234898018587336,0,weekday,14.5
2019-10-30,2019,10,30,303,23,2,36.2,2019-10-30 23:00:00+00:00,2019-10-31 00:00:00+00:00,47186.9825,365.365,6124.4400000000005,0.0,49627.25,6489.805,-0.8857249183835637,0.4642104791518923,-0.2588190451025215,0.965925826289068,0.9749279121818236,-0.2225209339563143,0,weekday,13.625
2019-10-31,2019,10,31,304,23,3,35.94,2019-10-31 23:00:00+00:00,2019-11-01 00:00:00+00:00,47516.067500000005,2506.9525,10128.235,0.0,49724.15,12635.1875,-0.8776087166898392,0.4793776594606945,-0.2588190451025215,0.965925826289068,0.4338837391175582,-0.900968867902419,0,weekday,16.05
2019-11-01,2019,11,1,305,23,4,25.79,2019-11-01 23:00:00+00:00,2019-11-02 00:00:00+00:00,44639.9225,3484.86,18780.2175,0.0,50369.5,22265.0775,-0.8692328164574792,0.4944029842076181,-0.2588190451025215,0.965925826289068,-0.433883739117558,-0.9009688679024191,0,weekday,16.35
2019-11-02,2019,11,2,306,23,5,15.1,2019-11-02 23:00:00+00:00,2019-11-03 00:00:00+00:00,44893.5775,5523.145,20983.8175,0.0,50867.29,26506.9625,-0.8605996962501181,0.5092820071573356,-0.2588190451025215,0.965925826289068,-0.9749279121818236,-0.2225209339563146,0,weekend,16.175
2019-11-03,2019,11,3,307,23,6,26.68,2019-11-03 23:00:00+00:00,2019-11-04 00:00:00+00:00,45130.06,2252.7875,12153.75,0.0,42887.15,14406.5375,-0.8517119107469189,0.5240103253675756,-0.2588190451025215,0.965925826289068,-0.7818314824680299,0.6234898018587334,0,weekend,16.2375
2019-11-04,2019,11,4,308,23,0,26.5,2019-11-04 23:00:00+00:00,2019-11-05 00:00:00+00:00,47261.23,1749.4875,9981.23,0.0,47977.04,11730.7175,-0.8425720899866032,0.5385835804920232,-0.2588190451025215,0.965925826289068,0.0,1.0,0,weekday,16.3
2019-11-05,2019,11,5,309,23,1,36.97,2019-11-05 23:00:00+00:00,2019-11-06 00:00:00+00:00,47877.9625,1506.49,5073.21,0.0,48039.81,6579.7,-0.8331829385891785,0.5529974600700271,-0.2588190451025215,0.965925826289068,0.7818314824680298,0.6234898018587336,0,weekday,16.75
2019-11-06,2019,11,6,310,23,2,39.07,2019-11-06 23:00:00+00:00,2019-11-07 00:00:00+00:00,47809.76,95.89,3378.8275,0.0,47431.64,3474.7175,-0.8235472349556007,0.5672476988027229,-0.2588190451025215,0.965925826289068,0.9749279121818236,-0.2225209339563143,0,weekday,16.575
2019-11-07,2019,11,7,311,23,3,32.8,2019-11-07 23:00:00+00:00,2019-11-08 00:00:00+00:00,47605.9875,3830.365,11107.3975,0.0,54500.91,14937.7625,-0.8136678304455991,0.5813300798152042,-0.2588190451025215,0.965925826289068,0.4338837391175582,-0.900968867902419,0,weekday,16.225
2019-11-08,2019,11,8,312,23,4,42.63,2019-11-08 23:00:00+00:00,2019-11-09 00:00:00+00:00,46392.6,563.99,3476.1975,0.0,47399.48,4040.1875,-0.8035476485339116,0.5952404359043674,-0.2588190451025215,0.965925826289068,-0.433883739117558,-0.9009688679024191,0,weekday,16.175
2019-11-09,2019,11,9,313,23,5,37.57,2019-11-09 23:00:00+00:00,2019-11-10 00:00:00+00:00,43335.815,2431.585,5266.615,0.0,46141.23,7698.2,-0.7931896839451843,0.6089746507720486,-0.2588190451025215,0.965925826289068,-0.9749279121818236,-0.2225209339563146,0,weekend,15.94
2019-11-10,2019,11,10,314,23,6,35.66,2019-11-10 23:00:00+00:00,2019-11-11 00:00:00+00:00,43802.445,2137.4700000000003,5918.665,0.0,48483.83,8056.135,-0.7825970017677834,0.6225286602431057,-0.2588190451025215,0.965925826289068,-0.7818314824680299,0.6234898018587334,0,weekend,15.907499999999999
2019-11-11,2019,11,11,315,23,0,30.9,2019-11-11 23:00:00+00:00,2019-11-12 00:00:00+00:00,48625.375,4837.455,19107.38,0.0,58606.05,23944.835,-0.7717727365467836,0.6358984534680745,-0.2588190451025215,0.965925826289068,0.0,1.0,0,weekday,15.875
2019-11-12,2019,11,12,316,23,1,34.0,2019-11-12 23:00:00+00:00,2019-11-13 00:00:00+00:00,50336.3525,4218.035,12704.5425,0.0,55149.49,16922.5775,-0.7607200913564104,0.6490800741100398,-0.2588190451025215,0.965925826289068,0.7818314824680298,0.6234898018587336,0,weekday,15.6
2019-11-13,2019,11,13,317,23,2,37.6,2019-11-13 23:00:00+00:00,2019-11-14 00:00:00+00:00,50001.2275,1393.215,7782.66,0.0,54117.02,9175.875,-0.7494423368521954,0.6620696215153815,-0.2588190451025215,0.965925826289068,0.9749279121818236,-0.2225209339563143,0,weekday,15.275
2019-11-14,2019,11,14,318,23,3,29.65,2019-11-14 23:00:00+00:00,2019-11-15 00:00:00+00:00,49016.3375,4024.5525,20490.3575,0.0,61528.89,24514.91,-0.7379428103031386,0.6748632518680403,-0.2588190451025215,0.965925826289068,0.4338837391175582,-0.900968867902419,0,weekday,15.45
2019-11-15,2019,11,15,319,23,4,36.98,2019-11-15 23:00:00+00:00,2019-11-16 00:00:00+00:00,48855.0825,1612.9975,4701.4625,0.0,48705.41,6314.459999999999,-0.7262249146041543,0.6874571793269664,-0.2588190451025215,0.965925826289068,-0.433883739117558,-0.9009688679024191,0,weekday,15.4
2019-11-16,2019,11,16,320,23,5,29.06,2019-11-16 23:00:00+00:00,2019-11-17 00:00:00+00:00,43720.74,5106.9775,10282.445,0.0,51977.45,15389.4225,-0.7142921172691032,0.699847677146407,-0.2588190451025215,0.965925826289068,-0.9749279121818236,-0.2225209339563146,0,weekend,15.715
2019-11-17,2019,11,17,321,23,6,24.76,2019-11-17 23:00:00+00:00,2019-11-18 00:00:00+00:00,45769.64,3453.1375,14609.1575,0.0,52204.74,18062.295,-0.7021479494046978,0.7120310787787131,-0.2588190451025215,0.965925826289068,-0.7818314824680299,0.6234898018587334,0,weekend,15.545
2019-11-18,2019,11,18,322,23,0,27.75,2019-11-18 23:00:00+00:00,2019-11-19 00:00:00+00:00,51598.79,4368.8575,22674.4125,0.0,59056.07,27043.27,-0.6897960046655887,0.7240037789593305,-0.2588190451025215,0.965925826289068,0.0,1.0,0,weekday,15.375
2019-11-19,2019,11,19,323,23,1,38.77,2019-11-19 23:00:00+00:00,2019-11-20 00:00:00+00:00,51415.5725,297.8175,1430.4,0.0,49142.23,1728.2175000000002,-0.6772399381909491,0.7357622347736527,-0.2588190451025215,0.965925826289068,0.7818314824680298,0.6234898018587336,0,weekday,15.15
2019-11-20,2019,11,20,324,23,2,38.62,2019-11-20 23:00:00+00:00,2019-11-21 00:00:00+00:00,50340.095,309.61,2691.195,0.0,49321.89,3000.8050000000003,-0.6644834655228552,0.7473029667054296,-0.2588190451025215,0.965925826289068,0.9749279121818236,-0.2225209339563143,0,weekday,15.3
2019-11-21,2019,11,21,325,23,3,35.3,2019-11-21 23:00:00+00:00,2019-11-22 00:00:00+00:00,50626.57,2230.6775,4540.2875,0.0,49916.98,6770.965,-0.6515303615068021,0.75862255966641,-0.2588190451025215,0.965925826289068,0.4338837391175582,-0.900968867902419,0,weekday,15.675
2019-11-22,2019,11,22,326,23,4,32.31,2019-11-22 23:00:00+00:00,2019-11-23 00:00:00+00:00,49193.1975,3541.2,14535.64,0.0,53495.87,18076.84,-0.6383844591746642,0.7697176640069211,-0.2588190451025215,0.965925826289068,-0.433883739117558,-0.9009688679024191,0,weekday,16.0
2019-11-23,2019,11,23,327,23,5,13.15,2019-11-23 23:00:00+00:00,2019-11-24 00:00:00+00:00,44919.59,6106.2475,16525.8475,0.0,49843.42,22632.095,-0.6250496486104377,0.7805849965070866,-0.2588190451025215,0.965925826289068,-0.9749279121818236,-0.2225209339563146,0,weekend,16.05
2019-11-24,2019,11,24,328,23,6,38.19,2019-11-24 23:00:00+00:00,2019-11-25 00:00:00+00:00,45755.49,1064.565,2954.59,0.0,41356.94,4019.155,-0.6115298757991053,0.7912213413483807,-0.2588190451025215,0.965925826289068,-0.7818314824680299,0.6234898018587334,0,weekend,16.262500000000003
2019-11-25,2019,11,25,329,23,0,39.07,2019-11-25 23:00:00+00:00,2019-11-26 00:00:00+00:00,51764.475,1276.9725,3685.655,0.0,50535.03,4962.6275000000005,-0.5978291414589552,0.801623551065242,-0.2588190451025215,0.965925826289068,0.0,1.0,0,weekday,16.475
2019-11-26,2019,11,26,330,23,1,36.2,2019-11-26 23:00:00+00:00,2019-11-27 00:00:00+00:00,50685.3675,3349.8225,11145.985,0.0,53006.55,14495.8075,-0.5839514998576998,0.8117885474764613,-0.2588190451025215,0.965925826289068,0.7818314824680298,0.6234898018587336,0,weekday,16.0
2019-11-27,2019,11,27,331,23,2,25.24,2019-11-27 23:00:00+00:00,2019-11-28 00:00:00+00:00,51442.865,3446.675,28716.22,0.0,60539.94,32162.895,-0.5699010576127624,0.8217133225960589,-0.2588190451025215,0.965925826289068,0.9749279121818236,-0.2225209339563143,0,weekday,15.95
2019-11-28,2019,11,28,332,23,3,23.95,2019-11-28 23:00:00+00:00,2019-11-29 00:00:00+00:00,52353.9025,6305.24,26404.2875,0.0,59904.72,32709.5275,-0.5556819724760489,0.8313949395234058,-0.2588190451025215,0.965925826289068,0.4338837391175582,-0.900968867902419,0,weekday,15.98
2019-11-29,2019,11,29,333,23,4,36.29,2019-11-29 23:00:00+00:00,2019-11-30 00:00:00+00:00,51666.57,4368.325,10718.1525,0.0,54798.81,15086.4775,-0.5412984521036173,0.8408305333122887,-0.2588190451025215,0.965925826289068,-0.433883739117558,-0.9009688679024191,0,weekday,16.33
2019-11-30,2019,11,30,334,23,5,38.55,2019-11-30 23:00:00+00:00,2019-12-01 00:00:00+00:00,45916.9625,407.54,4115.775,0.0,47310.17,4523.315,-0.5267547528105542,0.8500173118187018,-0.2588190451025215,0.965925826289068,-0.9749279121818236,-0.2225209339563146,0,weekend,16.33
2019-12-01,2019,12,1,335,23,6,36.03,2019-12-01 23:00:00+00:00,2019-12-02 00:00:00+00:00,45537.885,4192.445,4165.797500000001,0.0,49458.67,8358.2425,-0.5120551783114646,0.8589525565270845,-0.2588190451025215,0.965925826289068,-0.7818314824680299,0.6234898018587334,0,weekend,16.1425
2019-12-02,2019,12,2,336,23,0,40.19,2019-12-02 23:00:00+00:00,2019-12-03 00:00:00+00:00,49844.715,1135.735,6480.7625,0.0,53022.27,7616.497499999999,-0.4972040784469378,0.8676336233547726,-0.2588190451025215,0.965925826289068,0.0,1.0,0,weekday,15.955
2019-12-03,2019,12,3,337,23,1,35.0,2019-12-03 23:00:00+00:00,2019-12-04 00:00:00+00:00,49892.56,4335.0925,11910.8525,0.0,56973.8,16245.945,-0.4822058478963526,0.8760579434344281,-0.2588190451025215,0.965925826289068,0.7818314824680298,0.6234898018587336,0,weekday,15.675
2019-12-04,2019,12,4,338,23,2,36.16,2019-12-04 23:00:00+00:00,2019-12-05 00:00:00+00:00,51499.28,4503.2875,5125.665,0.0,53031.21,9628.9525,-0.4670649248774303,0.8842230238742036,-0.2588190451025215,0.965925826289068,0.9749279121818236,-0.2225209339563143,0,weekday,15.6
2019-12-05,2019,12,5,339,23,3,25.18,2019-12-05 23:00:00+00:00,2019-12-06 00:00:00+00:00,52294.775,5953.755,24492.29,0.0,61847.54,30446.045,-0.451785789832884,0.8921264484954345,-0.2588190451025215,0.965925826289068,0.4338837391175582,-0.900968867902419,0,weekday,15.6
2019-12-06,2019,12,6,340,23,4,14.55,2019-12-06 23:00:00+00:00,2019-12-07 00:00:00+00:00,52685.53,5887.87,33228.7925,0.0,61487.32,39116.662500000006,-0.4363729641045924,0.8997658785476209,-0.2588190451025215,0.965925826289068,-0.433883739117558,-0.9009688679024191,0,weekday,15.175
2019-12-07,2019,12,7,341,23,5,1.34,2019-12-07 23:00:00+00:00,2019-12-08 00:00:00+00:00,44980.635,6151.9775,25374.92,0.0,55816.78,31526.8975,-0.4208310085956556,0.9071390534005044,-0.2588190451025215,0.965925826289068,-0.9749279121818236,-0.2225209339563146,0,weekend,15.14
2019-12-08,2019,12,8,342,23,6,-11.1,2019-12-08 23:00:00+00:00,2019-12-09 00:00:00+00:00,47007.785,6166.4400000000005,32063.9075,0.0,57482.65,38230.3475,-0.4051645224207563,0.9142437912130223,-0.2588190451025215,0.965925826289068,-0.7818314824680299,0.6234898018587334,0,weekend,14.9575
2019-12-09,2019,12,9,343,23,0,26.02,2019-12-09 23:00:00+00:00,2019-12-10 00:00:00+00:00,50788.9375,5815.6375,26692.76,0.0,63523.14,32508.3975,-0.3893781415452015,0.9210779895789526,-0.2588190451025215,0.965925826289068,0.0,1.0,0,weekday,14.775
2019-12-10,2019,12,10,344,23,1,17.85,2019-12-10 23:00:00+00:00,2019-12-11 00:00:00+00:00,53480.6825,5172.6900000000005,28974.4725,0.0,62744.51,34147.1625,-0.3734765374130707,0.9276396261490468,-0.2588190451025215,0.965925826289068,0.7818314824680298,0.6234898018587336,0,weekday,14.37
2019-12-11,2019,12,11,345,23,2,37.0,2019-12-11 23:00:00+00:00,2019-12-12 00:00:00+00:00,54637.74,3079.9025,8097.19,0.0,53970.7,11177.0925,-0.3574644155648614,0.9339267592294762,-0.2588190451025215,0.965925826289068,0.9749279121818236,-0.2225209339563143,0,weekday,14.17
2019-12-12,2019,12,12,346,23,3,28.64,2019-12-12 23:00:00+00:00,2019-12-13 00:00:00+00:00,52960.755,5114.4425,24895.3325,0.0,61813.16,30009.775,-0.3413465142450361,0.9399375283564132,-0.2588190451025215,0.965925826289068,0.4338837391175582,-0.900968867902419,0,weekday,14.15
2019-12-13,2019,12,13,347,23,4,34.39,2019-12-13 23:00:00+00:00,2019-12-14 00:00:00+00:00,52156.4775,2333.17,18318.14,0.0,53142.11,20651.31,-0.3251276029999093,0.9456701548465688,-0.2588190451025215,0.965925826289068,-0.433883739117558,-0.9009688679024191,0,weekday,14.23
2019-12-14,2019,12,14,348,23,5,0.32,2019-12-14 23:00:00+00:00,2019-12-15 00:00:00+00:00,47926.7725,5478.43,29413.145,0.0,55423.59,34891.575,-0.3088124812662537,0.9511229423235356,-0.2588190451025215,0.965925826289068,-0.9749279121818236,-0.2225209339563146,0,weekend,13.805
2019-12-15,2019,12,15,349,23,6,29.46,2019-12-15 23:00:00+00:00,2019-12-16 00:00:00+00:00,49052.9475,6428.639999999999,19893.335,0.0,55262.87,26321.975,-0.2924059769510773,0.956294277219772,-0.2588190451025215,0.965925826289068,-0.7818314824680299,0.6234898018587334,0,weekend,13.8775
2019-12-16,2019,12,16,350,23,0,32.71,2019-12-16 23:00:00+00:00,2019-12-17 00:00:00+00:00,52577.9525,784.4425,12341.92,0.0,52429.64,13126.3625,-0.2759129450029604,0.9611826292540836,-0.2588190451025215,0.965925826289068,0.0,1.0,0,weekday,13.95
2019-12-17,2019,12,17,351,23,1,21.95,2019-12-17 23:00:00+00:00,2019-12-18 00:00:00+00:00,49684.1975,5020.045,25491.8225,0.0,60134.45,30511.8675,-0.2593382659754056,0.9657865518844574,-0.2588190451025215,0.965925826289068,0.7818314824680298,0.6234898018587336,0,weekday,14.47
2019-12-18,2019,12,18,352,23,2,29.08,2019-12-18 23:00:00+00:00,2019-12-19 00:00:00+00:00,51342.17,4731.3825,11472.11,0.0,47931.15,16203.4925,-0.2426868445825954,0.9701046827361176,-0.2588190451025215,0.965925826289068,0.9749279121818236,-0.2225209339563143,0,weekday,14.35
2019-12-19,2019,12,19,353,23,3,26.56,2019-12-19 23:00:00+00:00,2019-12-20 00:00:00+00:00,50248.8275,5644.945,16440.95,0.0,49637.15,22085.895,-0.225963608248019,0.974135744004672,-0.2588190451025215,0.965925826289068,0.4338837391175582,-0.900968867902419,0,weekday,14.4
2019-12-20,2019,12,20,354,23,4,18.11,2019-12-20 23:00:00+00:00,2019-12-21 00:00:00+00:00,47447.75,5573.205,17396.682500000003,0.0,49752.59,22969.887500000004,-0.2091735056463563,0.9778785428342386,-0.2588190451025215,0.965925826289068,-0.433883739117558,-0.9009688679024191,0,weekday,14.075
2019-12-21,2019,12,21,355,23,5,18.43,2019-12-21 23:00:00+00:00,2019-12-22 00:00:00+00:00,45966.0575,4026.77,13120.0875,0.0,43046.94,17146.8575,-0.1923215052390948,0.9813319716704276,-0.2588190451025215,0.965925826289068,-0.9749279121818236,-0.2225209339563146,0,weekend,14.235
2019-12-22,2019,12,22,356,23,6,6.89,2019-12-22 23:00:00+00:00,2019-12-23 00:00:00+00:00,45245.2975,3298.4875,18423.1575,0.0,44255.16,21721.645,-0.1754125938042784,0.9844950085880858,-0.2588190451025215,0.965925826289068,-0.7818314824680299,0.6234898018587334,0,weekend,13.7225
2019-12-23,2019,12,23,357,23,0,0.4,2019-12-23 23:00:00+00:00,2019-12-24 00:00:00+00:00,43808.16,5587.405,20325.5125,0.0,49503.08,25912.9175,-0.1584517749608363,0.9873667175937016,-0.2588190451025215,0.965925826289068,0.0,1.0,0,weekday,13.21
2019-12-24,2019,12,24,358,23,1,22.95,2019-12-24 23:00:00+00:00,2019-12-25 00:00:00+00:00,41303.3275,559.825,15694.59,0.0,41486.28,16254.415,-0.141444067687942,0.989946248902378,-0.2588190451025215,0.965925826289068,0.7818314824680298,0.6234898018587336,0,weekday,12.61
2019-12-25,2019,12,25,359,23,2,27.95,2019-12-25 23:00:00+00:00,2019-12-26 00:00:00+00:00,40239.325,1946.2675,8486.975,0.0,36028.2,10433.2425,-0.1243945048397999,0.9922328391893008,-0.2588190451025215,0.965925826289068,0.9749279121818236,-0.2225209339563143,1,holiday,12.605
2019-12-26,2019,12,26,360,23,3,31.17,2019-12-26 23:00:00+00:00,2019-12-27 00:00:00+00:00,41919.97,594.6875,3473.6425,0.0,34730.24,4068.33,-0.1073081316563624,0.994225811815616,-0.2588190451025215,0.965925826289068,0.4338837391175582,-0.900968867902419,1,holiday,12.605
2019-12-27,2019,12,27,361,23,4,30.17,2019-12-27 23:00:00+00:00,2019-12-28 00:00:00+00:00,44758.955,1064.4325,3194.455,0.0,36985.15,4258.8875,-0.0901900042703451,0.99592457702866,-0.2588190451025215,0.965925826289068,-0.433883739117558,-0.9009688679024191,0,weekday,12.765
2019-12-28,2019,12,28,362,23,5,30.6,2019-12-28 23:00:00+00:00,2019-12-29 00:00:00+00:00,41706.8675,3805.515,6444.5625,0.0,39855.53,10250.0775,-0.0730451882110474,0.9973286321364752,-0.2588190451025215,0.965925826289068,-0.9749279121818236,-0.2225209339563146,0,weekend,12.765
2019-12-29,2019,12,29,363,23,6,11.07,2019-12-29 23:00:00+00:00,2019-12-30 00:00:00+00:00,42469.65,6268.01,16391.53,0.0,47940.83,22659.54,-0.0558787569053731,0.9984375616565666,-0.2588190451025215,0.965925826289068,-0.7818314824680299,0.6234898018587334,0,weekend,12.530000000000001
2019-12-30,2019,12,30,364,23,0,24.14,2019-12-30 23:00:00+00:00,2019-12-31 00:00:00+00:00,45281.2775,5509.125,24293.625,0.0,68666.18,29802.75,-0.0386957901765268,0.999251037438848,-0.2588190451025215,0.965925826289068,0.0,1.0,0,weekday,12.295
2019-12-31,2019,12,31,365,23,1,41.88,2019-12-31 23:00:00+00:00,2020-01-01 00:00:00+00:00,45898.7675,723.6700000000001,5781.0625,0.0,38023.37,6504.7325,-0.0215013727408137,0.999768818762748,-0.2588190451025215,0.965925826289068,0.7818314824680298,0.6234898018587336,0,weekday,12.05
2020-01-01,2020,1,1,1,23,2,35.4,2020-01-01 23:00:00+00:00,2020-01-02 00:00:00+00:00,46393.7425,4101.31,7172.3075,0.0,43068.06,11273.6175,0.0,1.0,-0.2588190451025215,0.965925826289068,0.9749279121818236,-0.2225209339563143,1,holiday,12.05
2020-01-02,2020,1,2,2,23,3,21.47,2020-01-02 23:00:00+00:00,2020-01-03 00:00:00+00:00,50215.31,6520.32,21802.845,0.0,53536.7,28323.165,0.0172015754182605,0.9998520419557736,-0.2588190451025215,0.965925826289068,0.4338837391175582,-0.900968867902419,0,weekday,12.435
2020-01-03,2020,1,3,3,23,4,22.9,2020-01-03 23:00:00+00:00,2020-01-04 00:00:00+00:00,51288.93,6450.8475,23089.67,0.0,54850.55,29540.5175,0.034398060613608,0.9994082116062598,-0.2588190451025215,0.965925826289068,-0.433883739117558,-0.9009688679024191,0,weekday,12.405
2020-01-04,2020,1,4,4,23,5,33.1,2020-01-04 23:00:00+00:00,2020-01-05 00:00:00+00:00,43287.8,1515.685,14233.14,0.0,47092.16,15748.825,0.0515843668694083,0.9986686402879996,-0.2588190451025215,0.965925826289068,-0.9749279121818236,-0.2225209339563146,0,weekend,12.985
2020-01-05,2020,1,5,5,23,6,29.16,2020-01-05 23:00:00+00:00,2020-01-06 00:00:00+00:00,44839.6675,5862.365,12380.6575,0.0,49784.44,18243.0225,0.0687554084811394,0.9976335468520452,-0.2588190451025215,0.965925826289068,-0.7818314824680299,0.6234898018587334,0,weekend,12.84
2020-01-06,2020,1,6,6,23,0,30.75,2020-01-06 23:00:00+00:00,2020-01-07 00:00:00+00:00,47277.3525,5262.2225,15509.6775,0.0,56479.22,20771.9,0.0859061042613327,0.9963032375991964,-0.2588190451025215,0.965925826289068,0.0,1.0,0,weekday,12.695
2020-01-07,2020,1,7,7,23,1,18.95,2020-01-07 23:00:00+00:00,2020-01-08 00:00:00+00:00,50138.205,6432.205,24315.7075,0.0,59276.17,30747.9125,0.1030313790431787,0.9946781061893646,-0.2588190451025215,0.965925826289068,0.7818314824680298,0.6234898018587336,0,weekday,11.95
2020-01-08,2020,1,8,8,23,2,34.08,2020-01-08 23:00:00+00:00,2020-01-09 00:00:00+00:00,51945.9475,935.8625,6838.0875,0.0,48359.16,7773.95,0.1201261651823505,0.9927586335250792,-0.2588190451025215,0.965925826289068,0.9749279121818236,-0.2225209339563143,0,weekday,11.835
2020-01-09,2020,1,9,9,23,3,26.94,2020-01-09 23:00:00+00:00,2020-01-10 00:00:00+00:00,50562.3875,2827.35,21173.3375,0.0,55927.48,24000.6875,0.1371854040566005,0.9905453876091832,-0.2588190451025215,0.965925826289068,0.4338837391175582,-0.900968867902419,0,weekday,11.925
2020-01-10,2020,1,10,10,23,4,35.01,2020-01-10 23:00:00+00:00,2020-01-11 00:00:00+00:00,50398.0275,2000.17,15097.925,0.0,52702.5,17098.095,0.1542040475626894,0.988039023376751,-0.2588190451025215,0.965925826289068,-0.433883739117558,-0.9009688679024191,0,weekday,12.2
2020-01-11,2020,1,11,11,23,5,22.82,2020-01-11 23:00:00+00:00,2020-01-12 00:00:00+00:00,46213.205,6314.585,23007.1425,0.0,55971.85,29321.7275,0.1711770596101998,0.985240282501282,-0.2588190451025215,0.965925826289068,-0.9749279121818236,-0.2225209339563146,0,weekend,11.94
2020-01-12,2020,1,12,12,23,6,21.82,2020-01-12 23:00:00+00:00,2020-01-13 00:00:00+00:00,46591.1575,4736.844999999999,22465.66,0.0,54397.29,27202.505,0.1880994176117975,0.9821499931752292,-0.2588190451025215,0.965925826289068,-0.7818314824680299,0.6234898018587334,0,weekend,12.045
2020-01-13,2020,1,13,13,23,0,22.59,2020-01-13 23:00:00+00:00,2020-01-14 00:00:00+00:00,52752.8575,5240.34,27129.6925,0.0,58906.71,32370.0325,0.2049661139694953,0.9787690698649216,-0.2588190451025215,0.965925826289068,0.0,1.0,0,weekday,12.15
2020-01-14,2020,1,14,14,23,1,16.14,2020-01-14 23:00:00+00:00,2020-01-15 00:00:00+00:00,54776.9775,4118.53,35390.7,0.0,61708.42,39509.23,0.2217721575564818,0.975098513039961,-0.2588190451025215,0.965925826289068,0.7818314824680298,0.6234898018587336,0,weekday,12.025
2020-01-15,2020,1,15,15,23,2,28.38,2020-01-15 23:00:00+00:00,2020-01-16 00:00:00+00:00,53498.045,6052.4,22068.3275,0.0,58696.29,28120.7275,0.2385125751940764,0.9711394088771652,-0.2588190451025215,0.965925826289068,0.9749279121818236,-0.2225209339563143,0,weekday,11.275
2020-01-16,2020,1,16,16,23,3,27.36,2020-01-16 23:00:00+00:00,2020-01-17 00:00:00+00:00,53714.7025,5831.172500000001,20113.8725,0.0,54734.78,25945.045,0.2551824131233728,0.966892928939152,-0.2588190451025215,0.965925826289068,0.4338837391175582,-0.900968867902419,0,weekday,11.425
2020-01-17,2020,1,17,17,23,4,22.15,2020-01-17 23:00:00+00:00,2020-01-18 00:00:00+00:00,53186.375,4895.9075,22999.7675,0.0,55289.94,27895.675000000003,0.2717767384711357,0.9623603298276544,-0.2588190451025215,0.965925826289068,-0.433883739117558,-0.9009688679024191,0,weekday,11.05
2020-01-18,2020,1,18,18,23,5,33.1,2020-01-18 23:00:00+00:00,2020-01-19 00:00:00+00:00,49879.9775,5243.685,10187.97,0.0,50935.92,15431.655,0.2882906407095177,0.957542952811672,-0.2588190451025215,0.965925826289068,-0.9749279121818236,-0.2225209339563146,0,weekend,10.93
2020-01-19,2020,1,19,19,23,6,34.24,2020-01-19 23:00:00+00:00,2020-01-20 00:00:00+00:00,50919.595,1283.17,4423.605,0.0,43761.22,5706.775,0.3047192331091634,0.9524422234305676,-0.2588190451025215,0.965925826289068,-0.7818314824680299,0.6234898018587334,0,weekend,10.841666666666667
2020-01-20,2020,1,20,20,23,0,33.17,2020-01-20 23:00:00+00:00,2020-01-21 00:00:00+00:00,55109.0625,4480.9675,11261.63,0.0,57620.88,15742.5975,0.321057654185271,0.9470596510722284,-0.2588190451025215,0.965925826289068,0.0,1.0,0,weekday,10.753333333333332
2020-01-21,2020,1,21,21,23,1,34.7,2020-01-21 23:00:00+00:00,2020-01-22 00:00:00+00:00,53687.7425,4032.6175,11306.0625,0.0,58067.98,15338.68,0.3373010691361842,0.9413968285264122,-0.2588190451025215,0.965925826289068,0.7818314824680298,0.6234898018587336,0,weekday,10.665
2020-01-22,2020,1,22,22,23,2,40.1,2020-01-22 23:00:00+00:00,2020-01-23 00:00:00+00:00,54084.7425,226.4025,2532.46,0.0,51343.52,2758.8625,0.3534446712740877,0.9354554315134164,-0.2588190451025215,0.965925826289068,0.9749279121818236,-0.2225209339563143,0,weekday,10.66
2020-01-23,2020,1,23,23,23,3,36.23,2020-01-23 23:00:00+00:00,2020-01-24 00:00:00+00:00,54079.75,3550.55,3692.22,0.0,55175.14,7242.77,0.3694836834473831,0.9292372181882051,-0.2588190451025215,0.965925826289068,0.4338837391175582,-0.900968867902419,0,weekday,10.375
2020-01-24,2020,1,24,24,23,4,36.19,2020-01-24 23:00:00+00:00,2020-01-25 00:00:00+00:00,51815.065,3650.035,7155.1325,0.0,54628.64,10805.1675,0.3854133594543256,0.9227440286201428,-0.2588190451025215,0.965925826289068,-0.433883739117558,-0.9009688679024191,0,weekday,10.63
2020-01-25,2020,1,25,25,23,5,34.39,2020-01-25 23:00:00+00:00,2020-01-26 00:00:00+00:00,47616.5025,3763.605,3358.985,0.0,46025.03,7122.59,0.4012289854475009,0.9159777842484876,-0.2588190451025215,0.965925826289068,-0.9749279121818236,-0.2225209339563146,0,weekend,10.455
2020-01-26,2020,1,26,26,23,6,28.09,2020-01-26 23:00:00+00:00,2020-01-27 00:00:00+00:00,48568.47,4945.9475,15014.285,0.0,50726.03,19960.2325,0.4169258813287287,0.908940487313808,-0.2588190451025215,0.965925826289068,-0.7818314824680299,0.6234898018587334,0,weekend,10.48
2020-01-27,2020,1,27,27,23,0,27.54,2020-01-27 23:00:00+00:00,2020-01-28 00:00:00+00:00,54330.3275,2907.1525,21658.015,0.0,53307.48,24565.1675,0.4324994021339788,0.901634220265486,-0.2588190451025215,0.965925826289068,0.0,1.0,0,weekday,10.505
2020-01-28,2020,1,28,28,23,1,20.44,2020-01-28 23:00:00+00:00,2020-01-29 00:00:00+00:00,54158.78,4677.0650000000005,32027.01,0.0,61438.55,36704.075,0.4479449394078911,0.8940611451454876,-0.2588190451025215,0.965925826289068,0.7818314824680298,0.6234898018587336,0,weekday,10.8
2020-01-29,2020,1,29,29,23,2,28.97,2020-01-29 23:00:00+00:00,2020-01-30 00:00:00+00:00,55933.9075,5707.1025,27729.8675,0.0,60371.5,33436.97,0.4632579225674917,0.88622350294858,-0.2588190451025215,0.965925826289068,0.9749279121818236,-0.2225209339563143,0,weekday,10.675
2020-01-30,2020,1,30,30,23,3,-0.04,2020-01-30 23:00:00+00:00,2020-01-31 00:00:00+00:00,54819.1175,5309.5525,35588.0625,0.0,62354.51,40897.615,0.4784338202547012,0.8781236129591848,-0.2588190451025215,0.965925826289068,0.4338837391175582,-0.900968867902419,0,weekday,10.0
2020-01-31,2020,1,31,31,23,4,0.07,2020-01-31 23:00:00+00:00,2020-02-01 00:00:00+00:00,53590.265,5628.1,30761.965,0.0,58499.61,36390.065,0.4934681416772373,0.8697638720650646,-0.2588190451025215,0.965925826289068,-0.433883739117558,-0.9009688679024191,0,weekday,9.975
2020-02-01,2020,2,1,32,23,5,-4.97,2020-02-01 23:00:00+00:00,2020-02-02 00:00:00+00:00,46846.2525,5566.202499999999,35605.2775,0.0,58446.99,41171.48,0.5083564379375122,0.8611467540480452,-0.2588190451025215,0.965925826289068,-0.9749279121818236,-0.2225209339563146,0,weekend,9.755
2020-02-02,2020,2,2,33,23,6,15.92,2020-02-02 23:00:00+00:00,2020-02-03 00:00:00+00:00,48221.82,2866.7525,21594.85,0.0,46982.04,24461.6025,0.5230943033491326,0.8522748088519838,-0.2588190451025215,0.965925826289068,-0.7818314824680299,0.6234898018587334,0,weekend,9.6775
2020-02-03,2020,2,3,34,23,0,20.79,2020-02-03 23:00:00+00:00,2020-02-04 00:00:00+00:00,52698.6675,5660.9575,17778.4775,0.0,50117.0,23439.435,0.5376773767406141,0.8431506618282,-0.2588190451025215,0.965925826289068,0.0,1.0,0,weekday,9.6
2020-02-04,2020,2,4,35,23,1,25.44,2020-02-04 23:00:00+00:00,2020-02-05 00:00:00+00:00,53109.6,3435.44,24557.7175,0.0,59101.95,27993.1575,0.5521013427459208,0.8337770129585915,-0.2588190451025215,0.965925826289068,0.7818314824680298,0.6234898018587336,0,weekday,9.285
2020-02-05,2020,2,5,36,23,2,26.51,2020-02-05 23:00:00+00:00,2020-02-06 00:00:00+00:00,54796.8575,4197.0375,14144.7425,0.0,54559.95,18341.78,0.5663619330814524,0.8241566360566663,-0.2588190451025215,0.965925826289068,0.9749279121818236,-0.2225209339563143,0,weekday,9.435
2020-02-06,2020,2,6,37,23,3,33.32,2020-02-06 23:00:00+00:00,2020-02-07 00:00:00+00:00,54151.79,396.37,5389.535,0.0,50542.81,5785.905,0.580454927809098,0.8142923779467267,-0.2588190451025215,0.965925826289068,0.4338837391175582,-0.900968867902419,0,weekday,8.925
2020-02-07,2020,2,7,38,23,4,25.21,2020-02-07 23:00:00+00:00,2020-02-08 00:00:00+00:00,51162.08,4766.7875,15225.7875,0.0,52969.98,19992.575,0.5943761565849831,0.804187157621448,-0.2588190451025215,0.965925826289068,-0.433883739117558,-0.9009688679024191,0,weekday,9.22
2020-02-08,2020,2,8,39,23,5,23.06,2020-02-08 23:00:00+00:00,2020-02-09 00:00:00+00:00,48898.1375,5438.325,17422.09,0.0,49551.88,22860.415,0.6081214998935418,0.7938439653781019,-0.2588190451025215,0.965925826289068,-0.9749279121818236,-0.2225209339563146,0,weekend,9.07
2020-02-09,2020,2,9,40,23,6,-4.97,2020-02-09 23:00:00+00:00,2020-02-10 00:00:00+00:00,46394.92,4657.965,37904.005000000005,0.0,59640.38,42561.97,0.6216868902665479,0.7832658619336791,-0.2588190451025215,0.965925826289068,-0.7818314824680299,0.6234898018587334,0,weekend,8.9225
2020-02-10,2020,2,10,41,23,0,10.96,2020-02-10 23:00:00+00:00,2020-02-11 00:00:00+00:00,51453.645,5924.6025,34932.9825,0.0,62704.74,40857.585,0.6350683134867438,0.7724559775191742,-0.2588190451025215,0.965925826289068,0.0,1.0,0,weekday,8.775
2020-02-11,2020,2,11,42,23,1,3.12,2020-02-11 23:00:00+00:00,2020-02-12 00:00:00+00:00,53986.385,5036.3075,38173.2275,0.0,63486.44,43209.535,0.6482618097757122,0.7614175109532997,-0.2588190451025215,0.965925826289068,0.7818314824680298,0.6234898018587336,0,weekday,8.5
2020-02-12,2020,2,12,43,23,2,25.53,2020-02-12 23:00:00+00:00,2020-02-13 00:00:00+00:00,54989.715,5973.77,26499.915,0.0,60678.13,32473.685,0.6612634749656386,0.7501537286959042,-0.2588190451025215,0.965925826289068,0.9749279121818236,-0.2225209339563143,0,weekday,8.575
2020-02-13,2020,2,13,44,23,3,27.36,2020-02-13 23:00:00+00:00,2020-02-14 00:00:00+00:00,54513.6175,904.0425,12419.965,0.0,46874.51,13324.0075,0.6740694616546161,0.7386679638813748,-0.2588190451025215,0.965925826289068,0.4338837391175582,-0.900968867902419,0,weekday,8.575
2020-02-14,2020,2,14,45,23,4,28.2,2020-02-14 23:00:00+00:00,2020-02-15 00:00:00+00:00,50928.0025,5407.9,13245.665,0.0,51443.68,18653.565,0.6866759803451553,0.726963615332308,-0.2588190451025215,0.965925826289068,-0.433883739117558,-0.9009688679024191,0,weekday,8.925
2020-02-15,2020,2,15,46,23,5,-5.9,2020-02-15 23:00:00+00:00,2020-02-16 00:00:00+00:00,46601.5725,4388.1975,34426.3575,0.0,57903.06,38814.555,0.6990793005655562,0.7150441465537444,-0.2588190451025215,0.965925826289068,-0.9749279121818236,-0.2225209339563146,0,weekend,8.88
2020-02-16,2020,2,16,47,23,6,-25.04,2020-02-16 23:00:00+00:00,2020-02-17 00:00:00+00:00,47217.105,5733.46,36489.465,0.0,59645.3,42222.925,0.7112757519738152,0.7029130847082615,-0.2588190451025215,0.965925826289068,-0.7818314824680299,0.6234898018587334,0,weekend,8.986666666666666
2020-02-17,2020,2,17,48,23,0,20.64,2020-02-17 23:00:00+00:00,2020-02-18 00:00:00+00:00,52506.95,6104.9625,31459.5825,0.0,61062.83,37564.545,0.7232617254437388,0.6905740195722293,-0.2588190451025215,0.965925826289068,0.0,1.0,0,weekday,9.093333333333334
2020-02-18,2020,2,18,49,23,1,23.0,2020-02-18 23:00:00+00:00,2020-02-19 00:00:00+00:00,52989.115,5648.297500000001,30888.22,0.0,61084.1,36536.5175,0.7350336741329413,0.6780306024735382,-0.2588190451025215,0.965925826289068,0.7818314824680298,0.6234898018587336,0,weekday,9.2
2020-02-19,2020,2,19,50,23,2,26.45,2020-02-19 23:00:00+00:00,2020-02-20 00:00:00+00:00,54734.7,5084.21,19104.91,0.0,53051.75,24189.12,0.746588114532413,0.6652865452111116,-0.2588190451025215,0.965925826289068,0.9749279121818236,-0.2225209339563143,0,weekday,9.225
2020-02-20,2020,2,20,51,23,3,8.67,2020-02-20 23:00:00+00:00,2020-02-21 00:00:00+00:00,52149.1275,5922.065,36038.33,0.0,64094.98,41960.395,0.7579216274973472,0.6523456189565257,-0.2588190451025215,0.965925826289068,0.4338837391175582,-0.900968867902419,0,weekday,9.575
2020-02-21,2020,2,21,52,23,4,8.02,2020-02-21 23:00:00+00:00,2020-02-22 00:00:00+00:00,52600.0875,5844.2425,29954.55,0.0,59753.93,35798.7925,0.7690308592589181,0.6392116531380588,-0.2588190451025215,0.965925826289068,-0.433883739117558,-0.9009688679024191,0,weekday,9.3
2020-02-22,2020,2,22,53,23,5,-4.87,2020-02-22 23:00:00+00:00,2020-02-23 00:00:00+00:00,47610.425,5617.545,34553.74,0.0,58358.59,40171.285,0.7799125224167177,0.6258885343075018,-0.2588190451025215,0.965925826289068,-0.9749279121818236,-0.2225209339563146,0,weekend,9.41
2020-02-23,2020,2,23,54,23,6,-0.08,2020-02-23 23:00:00+00:00,2020-02-24 00:00:00+00:00,47852.5025,5951.655000000001,31273.0975,0.0,58701.54,37224.7525,0.7905633969115482,0.612380204990065,-0.2588190451025215,0.965925826289068,-0.7818314824680299,0.6234898018587334,0,weekend,9.31
2020-02-24,2020,2,24,55,23,0,9.92,2020-02-24 23:00:00+00:00,2020-02-25 00:00:00+00:00,52509.7025,5808.9375,34983.18,0.0,63960.75,40792.1175,0.8009803309782905,0.5986906625177214,-0.2588190451025215,0.965925826289068,0.0,1.0,0,weekday,9.21
2020-02-25,2020,2,25,56,23,1,25.56,2020-02-25 23:00:00+00:00,2020-02-26 00:00:00+00:00,53005.905,2275.9375,21001.375,0.0,52563.66,23277.3125,0.8111602420785621,0.5848239578463322,-0.2588190451025215,0.965925826289068,0.7818314824680298,0.6234898018587336,0,weekday,9.0
2020-02-26,2020,2,26,57,23,2,31.57,2020-02-26 23:00:00+00:00,2020-02-27 00:00:00+00:00,52795.18,1735.8575,15549.235,0.0,53832.67,17285.0925,0.8211001178128892,0.5707841943569036,-0.2588190451025215,0.965925826289068,0.9749279121818236,-0.2225209339563143,0,weekday,8.875
2020-02-27,2020,2,27,58,23,3,29.54,2020-02-27 23:00:00+00:00,2020-02-28 00:00:00+00:00,52218.265,4595.9275,13809.515,0.0,54052.78,18405.4425,0.8307970168121247,0.5565755266413303,-0.2588190451025215,0.965925826289068,0.4338837391175582,-0.900968867902419,0,weekday,8.87
2020-02-28,2020,2,28,59,23,4,0.4,2020-02-28 23:00:00+00:00,2020-02-29 00:00:00+00:00,50861.4025,5463.925,27564.5725,0.0,59365.21,33028.4975,0.8402480696078469,0.5422021592729844,-0.2588190451025215,0.965925826289068,-0.433883739117558,-0.9009688679024191,0,weekday,8.65
2020-02-29,2020,2,29,60,23,5,-4.92,2020-02-29 23:00:00+00:00,2020-03-01 00:00:00+00:00,47573.9275,6157.0125,31375.1525,0.0,58005.15,37532.165,0.8494504794814806,0.527668345562516,-0.2588190451025215,0.965925826289068,-0.9749279121818236,-0.2225209339563146,0,weekend,8.875
2020-03-01,2020,3,1,61,23,6,24.31,2020-03-01 23:00:00+00:00,2020-03-02 00:00:00+00:00,47733.6325,4477.385,16806.48,0.0,47241.34,21283.865,0.8584015232918917,0.512978386299228,-0.2588190451025215,0.965925826289068,-0.7818314824680299,0.6234898018587334,0,weekend,8.9375
2020-03-02,2020,3,2,62,23,0,26.04,2020-03-02 23:00:00+00:00,2020-03-03 00:00:00+00:00,51910.2925,724.46,9561.7375,0.0,46373.36,10286.197499999998,0.8670985522812081,0.4981366284784055,-0.2588190451025215,0.965925826289068,0.0,1.0,0,weekday,9.0
2020-03-03,2020,3,3,63,23,1,30.1,2020-03-03 23:00:00+00:00,2020-03-04 00:00:00+00:00,50962.955,1201.1475,11057.345,0.0,50622.47,12258.4925,0.8755389928586302,0.4831474640149687,-0.2588190451025215,0.965925826289068,0.7818314824680298,0.6234898018587336,0,weekday,9.02
2020-03-04,2020,3,4,64,23,2,30.24,2020-03-04 23:00:00+00:00,2020-03-05 00:00:00+00:00,51715.995,636.8475,6645.24,0.0,47197.22,7282.0875,0.8837203473619977,0.4680153284438345,-0.2588190451025215,0.965925826289068,0.9749279121818236,-0.2225209339563143,0,weekday,8.975
2020-03-05,2020,3,5,65,23,3,24.55,2020-03-05 23:00:00+00:00,2020-03-06 00:00:00+00:00,51669.785,5064.6900000000005,19423.1325,0.0,53501.17,24487.8225,0.8916401947968874,0.452744699607371,-0.2588190451025215,0.965925826289068,0.4338837391175582,-0.900968867902419,0,weekday,8.9
2020-03-06,2020,3,6,66,23,4,31.01,2020-03-06 23:00:00+00:00,2020-03-07 00:00:00+00:00,50923.065,1616.7825,16117.775,0.0,51372.04,17734.5575,0.8992961915530253,0.4373400963303323,-0.2588190451025215,0.965925826289068,-0.433883739117558,-0.9009688679024191,0,weekday,8.775
2020-03-07,2020,3,7,67,23,5,20.8,2020-03-07 23:00:00+00:00,2020-03-08 00:00:00+00:00,47237.125,5038.62,15267.4325,0.0,46327.66,20306.0525,0.9066860720977984,0.4218060770826634,-0.2588190451025215,0.965925826289068,-0.9749279121818236,-0.2225209339563146,0,weekend,8.645
2020-03-08,2020,3,8,68,23,6,25.02,2020-03-08 23:00:00+00:00,2020-03-09 00:00:00+00:00,46376.0825,3721.88,13363.15,0.0,45833.73,17085.03,0.9138076496466616,0.4061472386305789,-0.2588190451025215,0.965925826289068,-0.7818314824680299,0.6234898018587334,0,weekend,8.46
2020-03-09,2020,3,9,69,23,0,24.06,2020-03-09 23:00:00+00:00,2020-03-10 00:00:00+00:00,50113.185,5557.7075,17234.21,0.0,51170.18,22791.9175,0.9206588168102428,0.3903682146763026,-0.2588190451025215,0.965925826289068,0.0,1.0,0,weekday,8.275
2020-03-10,2020,3,10,70,23,1,-0.05,2020-03-10 23:00:00+00:00,2020-03-11 00:00:00+00:00,51942.5025,6469.895,35850.81,0.0,64477.67,42320.705,0.9272375462179536,0.374473674486883,-0.2588190451025215,0.965925826289068,0.7818314824680298,0.6234898018587336,0,weekday,8.875
2020-03-11,2020,3,11,71,23,2,7.37,2020-03-11 23:00:00+00:00,2020-03-12 00:00:00+00:00,53109.5125,6237.1025,31035.6525,0.0,60596.0,37272.755,0.9335418911179212,0.3584683215124808,-0.2588190451025215,0.965925826289068,0.9749279121818236,-0.2225209339563143,0,weekday,8.975
2020-03-12,2020,3,12,72,23,3,7.59,2020-03-12 23:00:00+00:00,2020-03-13 00:00:00+00:00,52281.0275,5682.5825,30095.3125,0.0,61196.8,35777.895000000004,0.9395699859530622,0.342356891994542,-0.2588190451025215,0.965925826289068,0.4338837391175582,-0.900968867902419,0,weekday,9.1
2020-03-13,2020,3,13,73,23,4,34.29,2020-03-13 23:00:00+00:00,2020-03-14 00:00:00+00:00,51602.802500000005,1113.29,7380.702499999999,0.0,38927.39,8493.9925,0.945320046913132,0.3261441535642696,-0.2588190451025215,0.965925826289068,-0.433883739117558,-0.9009688679024191,0,weekday,9.36
2020-03-14,2020,3,14,74,23,5,14.23,2020-03-14 23:00:00+00:00,2020-03-15 00:00:00+00:00,46428.5825,6202.52,21088.3075,0.0,53541.39,27290.8275,0.9507903724625832,0.3098349038318025,-0.2588190451025215,0.965925826289068,-0.9749279121818236,-0.2225209339563146,0,weekend,9.285
2020-03-15,2020,3,15,75,23,6,20.01,2020-03-15 23:00:00+00:00,2020-03-16 00:00:00+00:00,46204.5875,5805.415,16085.31,0.0,48821.01,21890.725,0.9559793438440766,0.2934339689665273,-0.2588190451025215,0.965925826289068,-0.7818314824680299,0.6234898018587334,0,weekend,8.9925
2020-03-16,2020,3,16,76,23,0,25.54,2020-03-16 23:00:00+00:00,2020-03-17 00:00:00+00:00,51672.8675,1890.2075,1717.875,0.0,40913.36,3608.0825,0.9608854255574976,0.2769462022689364,-0.2588190451025215,0.965925826289068,0.0,1.0,0,weekday,8.7
2020-03-17,2020,3,17,77,23,1,22.02,2020-03-17 23:00:00+00:00,2020-03-18 00:00:00+00:00,50362.1175,6248.2625,12396.6275,0.0,51719.61,18644.89,0.9655071658143364,0.2603764827344581,-0.2588190451025215,0.965925826289068,0.7818314824680298,0.6234898018587336,0,weekday,8.775
2020-03-18,2020,3,18,78,23,2,26.67,2020-03-18 23:00:00+00:00,2020-03-19 00:00:00+00:00,51716.8125,816.3275,5626.465,0.0,41750.65,6442.7925000000005,0.969843196967294,0.2437297136096838,-0.2588190451025215,0.965925826289068,0.9749279121818236,-0.2225209339563143,0,weekday,8.3
2020-03-19,2020,3,19,79,23,3,25.18,2020-03-19 23:00:00+00:00,2020-03-20 00:00:00+00:00,50794.4575,321.12,2527.4625,0.0,39624.78,2848.5825,0.9738922359149924,0.2270108209414184,-0.2588190451025215,0.965925826289068,0.4338837391175582,-0.900968867902419,0,weekday,8.425
2020-03-20,2020,3,20,80,23,4,18.23,2020-03-20 23:00:00+00:00,2020-03-21 00:00:00+00:00,48999.565,4449.9675,15314.665,0.0,46572.2,19764.6325,0.977653084481664,0.2102247521189836,-0.2588190451025215,0.965925826289068,-0.433883739117558,-0.9009688679024191,0,weekday,8.295
2020-03-21,2020,3,21,81,23,5,7.51,2020-03-21 23:00:00+00:00,2020-03-22 00:00:00+00:00,46262.07,4806.4775,19546.735,0.0,49891.86,24353.2125,0.981124629771712,0.1933764744102058,-0.2588190451025215,0.965925826289068,-0.9749279121818236,-0.2225209339563146,0,weekend,8.295
2020-03-22,2020,3,22,82,23,6,12.07,2020-03-22 23:00:00+00:00,2020-03-23 00:00:00+00:00,47392.8,5405.4675,18627.2975,0.0,47445.85,24032.765,0.984305844499033,0.1764709734915216,-0.2588190451025215,0.965925826289068,-0.7818314824680299,0.6234898018587334,0,weekend,8.157499999999999
2020-03-23,2020,3,23,83,23,0,16.63,2020-03-23 23:00:00+00:00,2020-03-24 00:00:00+00:00,50251.2475,5363.6975,17371.985,0.0,49476.84,22735.682500000003,0.9871957872910084,0.1595132519726365,-0.2588190451025215,0.965925826289068,0.0,1.0,0,weekday,8.02
2020-03-24,2020,3,24,84,23,1,19.29,2020-03-24 23:00:00+00:00,2020-03-25 00:00:00+00:00,51888.9725,4981.925,17104.445,0.0,51385.17,22086.37,0.9897936029670716,0.1425083279161708,-0.2588190451025215,0.965925826289068,0.7818314824680298,0.6234898018587336,0,weekday,8.05
2020-03-25,2020,3,25,85,23,2,19.68,2020-03-25 23:00:00+00:00,2020-03-26 00:00:00+00:00,51676.08,2834.6275,17183.550000000003,0.0,49916.94,20018.1775,0.992098522791769,0.1254612333527364,-0.2588190451025215,0.965925826289068,0.9749279121818236,-0.2225209339563143,0,weekday,7.765
2020-03-26,2020,3,26,86,23,3,21.26,2020-03-26 23:00:00+00:00,2020-03-27 00:00:00+00:00,49910.3825,1898.775,15883.705,0.0,49241.3,17782.48,0.9941098647022418,0.108377012791876,-0.2588190451025215,0.965925826289068,0.4338837391175582,-0.900968867902419,0,weekday,7.58
2020-03-27,2020,3,27,87,23,4,21.93,2020-03-27 23:00:00+00:00,2020-03-28 00:00:00+00:00,47874.11,2561.66,10752.7825,0.0,43657.12,13314.4425,0.9958270335100596,0.0912607217293118,-0.2588190451025215,0.965925826289068,-0.433883739117558,-0.9009688679024191,0,weekday,7.25
2020-03-28,2020,3,28,88,23,5,11.76,2020-03-28 23:00:00+00:00,2020-03-29 00:00:00+00:00,45490.9075,6032.755,14577.6175,0.0,45882.49,20610.3725,0.9972495210773452,0.0741174251509443,-0.2588190451025215,0.965925826289068,-0.9749279121818236,-0.2225209339563146,0,weekend,7.22
2020-03-29,2020,3,29,89,23,6,17.81,2020-03-29 23:00:00+00:00,2020-03-30 00:00:00+00:00,44230.2175,3178.07,11078.0925,0.0,38624.85,14256.1625,0.998376906467142,0.0569521960340397,-0.2588190451025215,0.965925826289068,-0.7818314824680299,0.6234898018587334,0,weekend,7.057499999999999
2020-03-30,2020,3,30,90,23,0,19.69,2020-03-30 23:00:00+00:00,2020-03-31 00:00:00+00:00,48065.145,1530.515,7396.9325,0.0,39611.08,8927.4475,0.9992088560679752,0.0397701138460557,-0.2588190451025215,0.965925826289068,0.0,1.0,0,weekday,6.895
2020-03-31,2020,3,31,91,23,1,20.22,2020-03-31 23:00:00+00:00,2020-04-01 00:00:00+00:00,47495.6225,3499.8525,7603.3625,0.0,41791.1,11103.215,0.9997451236925734,0.0225762630415454,-0.2588190451025215,0.965925826289068,0.7818314824680298,0.6234898018587336,0,weekday,7.1
2020-04-01,2020,4,1,92,23,2,22.93,2020-04-01 23:00:00+00:00,2020-04-02 00:00:00+00:00,46900.685,5085.535,10260.9575,0.0,47179.85,15346.4925,0.9999855506507186,0.0053757315575838,-0.2588190451025215,0.965925826289068,0.9749279121818236,-0.2225209339563143,0,weekday,6.725
2020-04-02,2020,4,2,93,23,3,18.93,2020-04-02 23:00:00+00:00,2020-04-03 00:00:00+00:00,46160.7275,6133.4425,22085.215,0.0,52834.69,28218.6575,0.9999300657962056,-0.0118263906918325,-0.2588190451025215,0.965925826289068,0.4338837391175582,-0.900968867902419,0,weekday,7.275
2020-04-03,2020,4,3,94,23,4,22.99,2020-04-03 23:00:00+00:00,2020-04-04 00:00:00+00:00,45187.03,2051.5475,4297.1875,0.0,35545.29,6348.735000000001,0.9995786855478958,-0.0290250133219752,-0.2588190451025215,0.965925826289068,-0.433883739117558,-0.9009688679024191,0,weekday,6.825
2020-04-04,2020,4,4,95,23,5,11.4,2020-04-04 23:00:00+00:00,2020-04-05 00:00:00+00:00,40517.91,3482.3325,14847.935,0.0,41169.41,18330.2675,0.9989315138848576,-0.0462150469837083,-0.2588190451025215,0.965925826289068,-0.9749279121818236,-0.2225209339563146,0,weekend,6.92
2020-04-05,2020,4,5,96,23,6,4.28,2020-04-05 23:00:00+00:00,2020-04-06 00:00:00+00:00,41958.6775,6194.73,20545.0625,0.0,47875.04,26739.7925,0.9979887423155984,-0.0633914048695103,-0.2588190451025215,0.965925826289068,-0.7818314824680299,0.6234898018587334,0,weekend,6.859999999999999
2020-04-06,2020,4,6,97,23,0,19.97,2020-04-06 23:00:00+00:00,2020-04-07 00:00:00+00:00,44515.2025,2402.0225,9130.055,0.0,37520.17,11532.0775,0.9967506498213928,-0.0805490042187416,-0.2588190451025215,0.965925826289068,0.0,1.0,0,weekday,6.8
2020-04-07,2020,4,7,98,23,1,20.53,2020-04-07 23:00:00+00:00,2020-04-08 00:00:00+00:00,43888.0725,2327.2925,11455.1375,0.0,38012.41,13782.43,0.9952176027737294,-0.0976827678217159,-0.2588190451025215,0.965925826289068,0.7818314824680298,0.6234898018587336,0,weekday,7.4
2020-04-08,2020,4,8,99,23,2,21.3,2020-04-08 23:00:00+00:00,2020-04-09 00:00:00+00:00,43989.68,1640.8,4712.8325,0.0,34587.12,6353.632500000001,0.9933900548258936,-0.114787625522127,-0.2588190451025215,0.965925826289068,0.9749279121818236,-0.2225209339563143,0,weekday,7.3
2020-04-09,2020,4,9,100,23,3,25.02,2020-04-09 23:00:00+00:00,2020-04-10 00:00:00+00:00,40771.7575,633.1,5248.8725,0.0,33940.58,5881.972500000001,0.9912685467787256,-0.1318585157173911,-0.2588190451025215,0.965925826289068,0.4338837391175582,-0.900968867902419,0,weekday,7.475
2020-04-10,2020,4,10,101,23,4,21.84,2020-04-10 23:00:00+00:00,2020-04-11 00:00:00+00:00,38931.105,271.8275,4192.465,0.0,31481.81,4464.2925000000005,0.9888537064205885,-0.1488903868564548,-0.2588190451025215,0.965925826289068,-0.433883739117558,-0.9009688679024191,1,holiday,7.28
2020-04-11,2020,4,11,102,23,5,19.01,2020-04-11 23:00:00+00:00,2020-04-12 00:00:00+00:00,36730.2725,2329.7025,8236.925,0.0,36546.01,10566.6275,0.986146248341595,-0.1658781989346314,-0.2588190451025215,0.965925826289068,-0.9749279121818236,-0.2225209339563146,0,weekend,7.28
2020-04-12,2020,4,12,103,23,6,0.07,2020-04-12 23:00:00+00:00,2020-04-13 00:00:00+00:00,38088.3975,6143.7325,10309.835,0.0,40927.71,16453.567499999997,0.98314697372215,-0.1828169249850199,-0.2588190451025215,0.965925826289068,-0.7818314824680299,0.6234898018587334,0,weekend,7.28
2020-04-13,2020,4,13,104,23,0,4.4,2020-04-13 23:00:00+00:00,2020-04-14 00:00:00+00:00,41180.42,5715.37,16604.715,0.0,41495.83,22320.085,0.9798567700958664,-0.1997015525660636,-0.2588190451025215,0.965925826289068,0.0,1.0,1,holiday,7.28
2020-04-14,2020,4,14,105,23,1,17.08,2020-04-14 23:00:00+00:00,2020-04-15 00:00:00+00:00,42786.6975,4629.83,10338.4875,0.0,35964.68,14968.3175,0.976276611086932,-0.2165270852448143,-0.2588190451025215,0.965925826289068,0.7818314824680298,0.6234898018587336,0,weekday,7.175
2020-04-15,2020,4,15,106,23,2,20.61,2020-04-15 23:00:00+00:00,2020-04-16 00:00:00+00:00,42172.55,2588.4975,9971.9575,0.0,34404.63,12560.455,0.9724075561219968,-0.2332885440754551,-0.2588190451025215,0.965925826289068,0.9749279121818236,-0.2225209339563143,0,weekday,6.825
2020-04-16,2020,4,16,107,23,3,21.58,2020-04-16 23:00:00+00:00,2020-04-17 00:00:00+00:00,42622.5025,1487.9025,5371.225,0.0,30478.54,6859.1275000000005,0.9682507501166718,-0.2499809690726521,-0.2588190451025215,0.965925826289068,0.4338837391175582,-0.900968867902419,0,weekday,6.98
2020-04-17,2020,4,17,108,23,4,20.13,2020-04-17 23:00:00+00:00,2020-04-18 00:00:00+00:00,39784.725,1266.6275,7569.9575,0.0,30297.36,8836.585000000001,0.9638074231367308,-0.2665994206792935,-0.2588190451025215,0.965925826289068,-0.433883739117558,-0.9009688679024191,0,weekday,7.18
2020-04-18,2020,4,18,109,23,5,13.71,2020-04-18 23:00:00+00:00,2020-04-19 00:00:00+00:00,35714.2425,3887.5025,11450.7375,0.0,35275.71,15338.24,0.9590788900341132,-0.2831389812281835,-0.2588190451025215,0.965925826289068,-0.9749279121818236,-0.2225209339563146,0,weekend,6.995
2020-04-19,2020,4,19,110,23,6,4.38,2020-04-19 23:00:00+00:00,2020-04-20 00:00:00+00:00,38336.3125,3315.5550000000003,20360.0775,0.0,43936.88,23675.6325,0.9540665500578388,-0.2995947563972602,-0.2588190451025215,0.965925826289068,-0.7818314824680299,0.6234898018587334,0,weekend,6.865
2020-04-20,2020,4,20,111,23,0,4.31,2020-04-20 23:00:00+00:00,2020-04-21 00:00:00+00:00,41414.6425,5076.4275,26517.595,0.0,52412.86,31594.0225,0.9487718864399473,-0.3159618766579029,-0.2588190451025215,0.965925826289068,0.0,1.0,0,weekday,6.735
2020-04-21,2020,4,21,112,23,1,4.12,2020-04-21 23:00:00+00:00,2020-04-22 00:00:00+00:00,43607.2125,5296.264999999999,24534.7825,0.0,49773.88,29831.0475,0.9431964659565866,-0.3322354987159043,-0.2588190451025215,0.965925826289068,0.7818314824680298,0.6234898018587336,0,weekday,6.6
2020-04-22,2020,4,22,113,23,2,19.68,2020-04-22 23:00:00+00:00,2020-04-23 00:00:00+00:00,43863.485,2998.61,14824.5125,0.0,37362.03,17823.1225,0.9373419384643772,-0.3484108069446808,-0.2588190451025215,0.965925826289068,0.9749279121818236,-0.2225209339563143,0,weekday,6.125
2020-04-23,2020,4,23,114,23,3,21.63,2020-04-23 23:00:00+00:00,2020-04-24 00:00:00+00:00,43600.885,1060.97,2392.4675,0.0,29609.18,3453.4375,0.9312100364121948,-0.3644830148102912,-0.2588190451025215,0.965925826289068,0.4338837391175582,-0.900968867902419,0,weekday,6.15
2020-04-24,2020,4,24,115,23,4,9.07,2020-04-24 23:00:00+00:00,2020-04-25 00:00:00+00:00,40719.9725,4605.665,16840.505,0.0,40903.83,21446.17,0.9248025743285088,-0.3804473662878516,-0.2588190451025215,0.965925826289068,-0.433883739117558,-0.9009688679024191,0,weekday,5.83
2020-04-25,2020,4,25,116,23,5,19.79,2020-04-25 23:00:00+00:00,2020-04-26 00:00:00+00:00,38167.215,590.365,2846.64,0.0,26638.32,3437.005,0.9181214482844364,-0.3962991372689181,-0.2588190451025215,0.965925826289068,-0.9749279121818236,-0.2225209339563146,0,weekend,5.77
2020-04-26,2020,4,26,117,23,6,21.11,2020-04-26 23:00:00+00:00,2020-04-27 00:00:00+00:00,39645.380000000005,1318.4,2089.7,0.0,27247.37,3408.1,0.9111686353326632,-0.4120336369594263,-0.2588190451025215,0.965925826289068,-0.7818314824680299,0.6234898018587334,0,weekend,5.797499999999999
2020-04-27,2020,4,27,118,23,0,20.27,2020-04-27 23:00:00+00:00,2020-04-28 00:00:00+00:00,44231.4325,700.02,3251.0,0.0,31022.27,3951.02,0.9039461929224012,-0.4276462092677746,-0.2588190451025215,0.965925826289068,0.0,1.0,0,weekday,5.825
2020-04-28,2020,4,28,119,23,1,17.58,2020-04-28 23:00:00+00:00,2020-04-29 00:00:00+00:00,43173.7775,1087.5175,9167.84,0.0,33198.93,10255.3575,0.8964562582905575,-0.4431322341826345,-0.2588190451025215,0.965925826289068,0.7818314824680298,0.6234898018587336,0,weekday,5.975
2020-04-29,2020,4,29,120,23,2,15.57,2020-04-29 23:00:00+00:00,2020-04-30 00:00:00+00:00,44066.885,4040.705,11325.085,0.0,36839.1,15365.79,0.8887010478292915,-0.4584871291400876,-0.2588190451025215,0.965925826289068,0.9749279121818236,-0.2225209339563143,0,weekday,6.015
2020-04-30,2020,4,30,121,23,3,5.35,2020-04-30 23:00:00+00:00,2020-05-01 00:00:00+00:00,41598.035,3369.78,16808.065000000002,0.0,42416.82,20177.845,0.8806828564301475,-0.47370635037968,-0.2588190451025215,0.965925826289068,0.4338837391175582,-0.900968867902419,0,weekday,6.325
2020-05-01,2020,5,1,122,23,4,10.0,2020-05-01 23:00:00+00:00,2020-05-02 00:00:00+00:00,39111.245,968.0225,13426.9825,0.0,35173.03,14395.005,0.8724040568049612,-0.4887853942889926,-0.2588190451025215,0.965925826289068,-0.433883739117558,-0.9009688679024191,1,holiday,6.2
2020-05-02,2020,5,2,123,23,5,13.76,2020-05-02 23:00:00+00:00,2020-05-03 00:00:00+00:00,38899.8125,1108.1975,9901.4575,0.0,32288.52,11009.655,0.8638670987837349,-0.503719798736334,-0.2588190451025215,0.965925826289068,-0.9749279121818236,-0.2225209339563146,0,weekend,5.845
2020-05-03,2020,5,3,124,23,6,20.46,2020-05-03 23:00:00+00:00,2020-05-04 00:00:00+00:00,39530.1,469.4575,2234.405,0.0,26001.96,2703.8625,0.8550745085896932,-0.518505144391157,-0.2588190451025215,0.965925826289068,-0.7818314824680299,0.6234898018587334,0,weekend,5.8725000000000005
2020-05-04,2020,5,4,125,23,0,17.99,2020-05-04 23:00:00+00:00,2020-05-05 00:00:00+00:00,42970.15,3403.8825,9965.33,0.0,36352.02,13369.2125,0.8460288880917339,-0.533137056031809,-0.2588190451025215,0.965925826289068,0.0,1.0,0,weekday,5.9
2020-05-05,2020,5,5,126,23,1,20.06,2020-05-05 23:00:00+00:00,2020-05-06 00:00:00+00:00,44193.465,807.245,7737.4025,0.0,35150.64,8544.647500000001,0.8367329140344921,-0.5476112038402312,-0.2588190451025215,0.965925826289068,0.7818314824680298,0.6234898018587336,0,weekday,5.85
2020-05-06,2020,5,6,127,23,2,19.03,2020-05-06 23:00:00+00:00,2020-05-07 00:00:00+00:00,43855.45,2936.3425,10196.5875,0.0,38366.48,13132.93,0.8271893372462497,-0.5619233046832195,-0.2588190451025215,0.965925826289068,0.9749279121818236,-0.2225209339563143,0,weekday,5.74
2020-05-07,2020,5,7,128,23,3,20.44,2020-05-07 23:00:00+00:00,2020-05-08 00:00:00+00:00,43845.2075,717.8125,1868.745,0.0,31583.87,2586.5575,0.8174009818249189,-0.5760691233798758,-0.2588190451025215,0.965925826289068,0.4338837391175582,-0.900968867902419,0,weekday,5.84
2020-05-08,2020,5,8,129,23,4,20.72,2020-05-08 23:00:00+00:00,2020-05-09 00:00:00+00:00,40497.3025,469.5475,3213.1825,0.0,29554.78,3682.73,0.8073707443023492,-0.5900444739548627,-0.2588190451025215,0.965925826289068,-0.433883739117558,-0.9009688679024191,0,weekday,5.83
2020-05-09,2020,5,9,130,23,5,19.41,2020-05-09 23:00:00+00:00,2020-05-10 00:00:00+00:00,37784.685,282.15250000000003,6444.0175,0.0,27825.37,6726.17,0.7971015927871943,-0.6038452208771035,-0.2588190451025215,0.965925826289068,-0.9749279121818236,-0.2225209339563146,0,weekend,5.83
2020-05-10,2020,5,10,131,23,6,2.02,2020-05-10 23:00:00+00:00,2020-05-11 00:00:00+00:00,37060.045,6216.085,17678.425,0.0,41809.78,23894.51,0.7865965660866021,-0.6174672802835514,-0.2588190451025215,0.965925826289068,-0.7818314824680299,0.6234898018587334,0,weekend,5.765000000000001
2020-05-11,2020,5,11,132,23,0,18.93,2020-05-11 23:00:00+00:00,2020-05-12 00:00:00+00:00,44296.515,3743.89,11213.58,0.0,36485.49,14957.47,0.7758587728069828,-0.6309066211876704,-0.2588190451025215,0.965925826289068,0.0,1.0,0,weekday,5.7
2020-05-12,2020,5,12,133,23,1,22.05,2020-05-12 23:00:00+00:00,2020-05-13 00:00:00+00:00,44349.255,1852.8975,4513.13,0.0,35881.11,6366.0275,0.7648913904341225,-0.6441592666722685,-0.2588190451025215,0.965925826289068,0.7818314824680298,0.6234898018587336,0,weekday,5.575
2020-05-13,2020,5,13,134,23,2,17.91,2020-05-13 23:00:00+00:00,2020-05-14 00:00:00+00:00,44175.6675,2352.4825,8685.067500000001,0.0,39630.1,11037.55,0.753697664392914,-0.6572212950663319,-0.2588190451025215,0.965925826289068,0.9749279121818236,-0.2225209339563143,0,weekday,5.375
2020-05-14,2020,5,14,135,23,3,17.53,2020-05-14 23:00:00+00:00,2020-05-15 00:00:00+00:00,43786.2575,1883.2675,8532.2025,0.0,38581.92,10415.47,0.742280907086982,-0.6700888411055113,-0.2588190451025215,0.965925826289068,0.4338837391175582,-0.900968867902419,0,weekday,5.175
2020-05-15,2020,5,15,136,23,4,18.14,2020-05-15 23:00:00+00:00,2020-05-16 00:00:00+00:00,41860.990000000005,4029.6625,9955.045,0.0,39260.04,13984.7075,0.7306444969184916,-0.6827580970759147,-0.2588190451025215,0.965925826289068,-0.433883739117558,-0.9009688679024191,0,weekday,5.4
2020-05-16,2020,5,16,137,23,5,17.79,2020-05-16 23:00:00+00:00,2020-05-17 00:00:00+00:00,37591.27,4041.2525,7341.5175,0.0,35236.28,11382.77,0.7187918772884232,-0.6952253139408722,-0.2588190451025215,0.965925826289068,-0.9749279121818236,-0.2225209339563146,0,weekend,5.22
2020-05-17,2020,5,17,138,23,6,15.54,2020-05-17 23:00:00+00:00,2020-05-18 00:00:00+00:00,39488.5925,5134.32,9949.2725,0.0,36445.04,15083.5925,0.7067265555776158,-0.7074868024503348,-0.2588190451025215,0.965925826289068,-0.7818314824680299,0.6234898018587334,0,weekend,5.25
2020-05-18,2020,5,18,139,23,0,16.13,2020-05-18 23:00:00+00:00,2020-05-19 00:00:00+00:00,43499.7625,3979.6325,8070.5575,0.0,35799.81,12050.19,0.6944521021088763,-0.719538934232584,-0.2588190451025215,0.965925826289068,0.0,1.0,0,weekday,5.28
2020-05-19,2020,5,19,140,23,1,22.35,2020-05-19 23:00:00+00:00,2020-05-20 00:00:00+00:00,43510.5075,200.0225,3105.3475,0.0,32099.79,3305.37,0.6819721490904629,-0.7313781428679254,-0.2588190451025215,0.965925826289068,0.7818314824680298,0.6234898018587336,0,weekday,4.775
2020-05-20,2020,5,20,141,23,2,20.01,2020-05-20 23:00:00+00:00,2020-05-21 00:00:00+00:00,40445.2025,220.655,3416.1875,0.0,29286.36,3636.8425,0.6692903895412567,-0.7430009249440493,-0.2588190451025215,0.965925826289068,0.9749279121818236,-0.2225209339563143,0,weekday,4.75
2020-05-21,2020,5,21,142,23,3,17.03,2020-05-21 23:00:00+00:00,2020-05-22 00:00:00+00:00,41619.5525,2854.625,10177.5625,0.0,36357.25,13032.1875,0.6564105761979381,-0.7544038410927472,-0.2588190451025215,0.965925826289068,0.4338837391175582,-0.900968867902419,1,holiday,3.965
2020-05-22,2020,5,22,143,23,4,11.48,2020-05-22 23:00:00+00:00,2020-05-23 00:00:00+00:00,41316.395,4638.6275000000005,11323.2,0.0,37536.97,15961.8275,0.6433365204044917,-0.765583517007675,-0.2588190451025215,0.965925826289068,-0.433883739117558,-0.9009688679024191,0,weekday,3.75
2020-05-23,2020,5,23,144,23,5,-2.44,2020-05-23 23:00:00+00:00,2020-05-24 00:00:00+00:00,37933.7975,6032.02,18149.4375,0.0,43113.23,24181.4575,0.6300720909843687,-0.7765366444428655,-0.2588190451025215,0.965925826289068,-0.9749279121818236,-0.2225209339563146,0,weekend,3.89
2020-05-24,2020,5,24,145,23,6,12.03,2020-05-24 23:00:00+00:00,2020-05-25 00:00:00+00:00,39364.74,5164.2625,17764.8475,0.0,43979.79,22929.11,0.6166212130956382,-0.7872599821916922,-0.2588190451025215,0.965925826289068,-0.7818314824680299,0.6234898018587334,0,weekend,4.043333333333333
2020-05-25,2020,5,25,146,23,0,22.63,2020-05-25 23:00:00+00:00,2020-05-26 00:00:00+00:00,42912.685,206.375,3948.0775,0.0,35472.17,4154.452499999999,0.6029878670694714,-0.7977503570459932,-0.2588190451025215,0.965925826289068,0.0,1.0,0,weekday,4.196666666666666
2020-05-26,2020,5,26,147,23,1,21.68,2020-05-26 23:00:00+00:00,2020-05-27 00:00:00+00:00,42633.162500000006,136.04,1425.6275,0.0,32129.11,1561.6675,0.5891760872322963,-0.8080046647350754,-0.2588190451025215,0.965925826289068,0.7818314824680298,0.6234898018587336,0,weekday,4.35
2020-05-27,2020,5,27,148,23,2,16.31,2020-05-27 23:00:00+00:00,2020-05-28 00:00:00+00:00,42113.1,2580.23,10428.41,0.0,39972.03,13008.64,0.5751899607119775,-0.8180198708443174,-0.2588190451025215,0.965925826289068,0.9749279121818236,-0.2225209339563143,0,weekday,3.8
2020-05-28,2020,5,28,149,23,3,18.88,2020-05-28 23:00:00+00:00,2020-05-29 00:00:00+00:00,42533.5425,368.4575,6444.85,0.0,34478.88,6813.307500000001,0.5610336262283677,-0.8277930117131022,-0.2588190451025215,0.965925826289068,0.4338837391175582,-0.900968867902419,0,weekday,3.7
2020-05-29,2020,5,29,150,23,4,15.55,2020-05-29 23:00:00+00:00,2020-05-30 00:00:00+00:00,40746.5175,1049.105,7716.7775,0.0,34728.75,8765.8825,0.5467112728685939,-0.8373211953118121,-0.2588190451025215,0.965925826289068,-0.433883739117558,-0.9009688679024191,0,weekday,4.425
2020-05-30,2020,5,30,151,23,5,11.6,2020-05-30 23:00:00+00:00,2020-05-31 00:00:00+00:00,36655.0975,1835.01,8669.0,0.0,33682.26,10504.01,0.5322271388474397,-0.8466016020976267,-0.2588190451025215,0.965925826289068,-0.9749279121818236,-0.2225209339563146,0,weekend,4.385
2020-05-31,2020,5,31,152,23,6,8.93,2020-05-31 23:00:00+00:00,2020-06-01 00:00:00+00:00,36798.4675,3673.025,11474.605,0.0,38268.62,15147.63,0.5175855102531889,-0.8556314858488706,-0.2588190451025215,0.965925826289068,-0.7818314824680299,0.6234898018587334,0,weekend,4.2425
2020-06-01,2020,6,1,153,23,0,16.33,2020-06-01 23:00:00+00:00,2020-06-02 00:00:00+00:00,39056.2625,1616.865,7971.165,0.0,34425.03,9588.03,0.5027907197793043,-0.8644081744776648,-0.2588190451025215,0.965925826289068,0.0,1.0,1,holiday,4.1
2020-06-02,2020,6,2,154,23,1,24.0,2020-06-02 23:00:00+00:00,2020-06-03 00:00:00+00:00,42173.4675,1617.835,3800.115,0.0,35182.94,5417.95,0.4878471454423119,-0.8729290708206411,-0.2588190451025215,0.965925826289068,0.7818314824680298,0.6234898018587336,0,weekday,4.37
2020-06-03,2020,6,3,155,23,2,20.98,2020-06-03 23:00:00+00:00,2020-06-04 00:00:00+00:00,42682.0,4112.17,6287.815,0.0,39604.02,10399.985,0.4727592092862775,-0.881191653407483,-0.2588190451025215,0.965925826289068,0.9749279121818236,-0.2225209339563143,0,weekday,5.15
2020-06-04,2020,6,4,156,23,3,16.8,2020-06-04 23:00:00+00:00,2020-06-05 00:00:00+00:00,43229.615,4534.0425,11925.4325,0.0,42885.76,16459.475,0.4575313760742512,-0.8891934772070711,-0.2588190451025215,0.965925826289068,0.4338837391175582,-0.900968867902419,0,weekday,4.975
2020-06-05,2020,6,5,157,23,4,1.46,2020-06-05 23:00:00+00:00,2020-06-06 00:00:00+00:00,41451.55,4536.9925,23981.555,0.0,49457.27,28518.5475,0.442168151967072,-0.8969321743510065,-0.2588190451025215,0.965925826289068,-0.433883739117558,-0.9009688679024191,0,weekday,5.35
2020-06-06,2020,6,6,158,23,5,17.21,2020-06-06 23:00:00+00:00,2020-06-07 00:00:00+00:00,37075.3075,4052.395,11898.1075,0.0,38707.68,15950.5025,0.4266740831899246,-0.9044054548343,-0.2588190451025215,0.965925826289068,-0.9749279121818236,-0.2225209339563146,0,weekend,5.71
2020-06-07,2020,6,7,159,23,6,22.7,2020-06-07 23:00:00+00:00,2020-06-08 00:00:00+00:00,38738.115,268.9625,2617.6025,0.0,29804.89,2886.565,0.4110537546870351,-0.911611107193024,-0.2588190451025215,0.965925826289068,-0.7818314824680299,0.6234898018587334,0,weekend,5.654999999999999
2020-06-08,2020,6,8,160,23,0,25.79,2020-06-08 23:00:00+00:00,2020-06-09 00:00:00+00:00,42308.0275,344.695,3882.8125,0.0,38043.26,4227.5075,0.3953117887649151,-0.9185469991587164,-0.2588190451025215,0.965925826289068,0.0,1.0,0,weekday,5.6
2020-06-09,2020,6,9,161,23,1,24.2,2020-06-09 23:00:00+00:00,2020-06-10 00:00:00+00:00,41827.6825,161.60000000000002,5547.9,0.0,39396.26,5709.5,0.3794528437245443,-0.925211078289358,-0.2588190451025215,0.965925826289068,0.7818314824680298,0.6234898018587336,0,weekday,5.275
2020-06-10,2020,6,10,162,23,2,22.75,2020-06-10 23:00:00+00:00,2020-06-11 00:00:00+00:00,40821.9125,3623.62,5319.37,0.0,39875.63,8942.99,0.3634816124829063,-0.9316013725767188,-0.2588190451025215,0.965925826289068,0.9749279121818236,-0.2225209339563143,0,weekday,4.7
2020-06-11,2020,6,11,163,23,3,17.96,2020-06-11 23:00:00+00:00,2020-06-12 00:00:00+00:00,39258.4175,4126.83,4725.8775000000005,0.0,37509.27,8852.7075,0.3474028211842774,-0.9377159910299092,-0.2588190451025215,0.965925826289068,0.4338837391175582,-0.900968867902419,0,weekday,4.775
2020-06-12,2020,6,12,164,23,4,19.44,2020-06-12 23:00:00+00:00,2020-06-13 00:00:00+00:00,40210.915,5865.8375,11364.6375,0.0,42738.06,17230.475,0.3312212278016865,-0.9435531242349544,-0.2588190451025215,0.965925826289068,-0.433883739117558,-0.9009688679024191,0,weekday,5.15
2020-06-13,2020,6,13,165,23,5,16.8,2020-06-13 23:00:00+00:00,2020-06-14 00:00:00+00:00,36350.255000000005,4133.9725,9685.4225,0.0,37811.64,13819.395,0.3149416207289519,-0.9491110448902284,-0.2588190451025215,0.965925826289068,-0.9749279121818236,-0.2225209339563146,0,weekend,5.275
2020-06-14,2020,6,14,166,23,6,20.65,2020-06-14 23:00:00+00:00,2020-06-15 00:00:00+00:00,37429.415,3854.78,11264.43,0.0,39616.94,15119.21,0.2985688173637202,-0.9543881083175908,-0.2588190451025215,0.965925826289068,-0.7818314824680299,0.6234898018587334,0,weekend,5.362500000000001
2020-06-15,2020,6,15,167,23,0,26.59,2020-06-15 23:00:00+00:00,2020-06-16 00:00:00+00:00,41602.19,480.5325,1929.915,0.0,37064.52,2410.4475,0.2821076626819194,-0.9593827529490744,-0.2588190451025215,0.965925826289068,0.0,1.0,0,weekday,5.45
2020-06-16,2020,6,16,168,23,1,30.38,2020-06-16 23:00:00+00:00,2020-06-17 00:00:00+00:00,41555.41,133.6875,1104.84,0.0,37662.18,1238.5275,0.2655630278040559,-0.9640935007889756,-0.2588190451025215,0.965925826289068,0.7818314824680298,0.6234898018587336,0,weekday,5.55
2020-06-17,2020,6,17,169,23,2,25.26,2020-06-17 23:00:00+00:00,2020-06-18 00:00:00+00:00,41972.085,1910.9975,5847.235,0.0,42202.59,7758.2325,0.2489398085537665,-0.9685189578512204,-0.2588190451025215,0.965925826289068,0.9749279121818236,-0.2225209339563143,0,weekday,5.2
2020-06-18,2020,6,18,170,23,3,24.45,2020-06-18 23:00:00+00:00,2020-06-19 00:00:00+00:00,43534.495,603.1525,4779.7025,0.0,39142.68,5382.8550000000005,0.2322429240090701,-0.9726578145718654,-0.2588190451025215,0.965925826289068,0.4338837391175582,-0.900968867902419,0,weekday,5.425
2020-06-19,2020,6,19,171,23,4,24.73,2020-06-19 23:00:00+00:00,2020-06-20 00:00:00+00:00,40830.8925,894.1675,8083.385,0.0,37011.25,8977.5525,0.2154773150467301,-0.976508846196619,-0.2588190451025215,0.965925826289068,-0.433883739117558,-0.9009688679024191,0,weekday,5.55
2020-06-20,2020,6,20,172,23,5,25.07,2020-06-20 23:00:00+00:00,2020-06-21 00:00:00+00:00,37132.18,635.2950000000001,5190.9775,0.0,30115.1,5826.2725,0.1986479428801711,-0.9800709131432666,-0.2588190451025215,0.965925826289068,-0.9749279121818236,-0.2225209339563146,0,weekend,5.615
2020-06-21,2020,6,21,173,23,6,21.88,2020-06-21 23:00:00+00:00,2020-06-22 00:00:00+00:00,37538.275,1406.6625,4156.1175,0.0,31913.65,5562.780000000001,0.1817597875913753,-0.9833429613388902,-0.2588190451025215,0.965925826289068,-0.7818314824680299,0.6234898018587334,0,weekend,5.532500000000001
2020-06-22,2020,6,22,174,23,0,27.12,2020-06-22 23:00:00+00:00,2020-06-23 00:00:00+00:00,40899.7975,663.4675,4246.6525,0.0,34627.82,4910.12,0.1648178466571979,-0.9863240225317866,-0.2588190451025215,0.965925826289068,0.0,1.0,0,weekday,5.45
2020-06-23,2020,6,23,175,23,1,31.37,2020-06-23 23:00:00+00:00,2020-06-24 00:00:00+00:00,41815.4025,180.135,4656.985000000001,0.0,37810.72,4837.120000000001,0.1478271334705304,-0.9890132145779884,-0.2588190451025215,0.965925826289068,0.7818314824680298,0.6234898018587336,0,weekday,5.7
2020-06-24,2020,6,24,176,23,2,27.54,2020-06-24 23:00:00+00:00,2020-06-25 00:00:00+00:00,42673.1775,1831.5975,8948.0625,0.0,44308.87,10779.66,0.1307926758567592,-0.9914097417023038,-0.2588190451025215,0.965925826289068,0.9749279121818236,-0.2225209339563143,0,weekday,5.825
2020-06-25,2020,6,25,177,23,3,28.12,2020-06-25 23:00:00+00:00,2020-06-26 00:00:00+00:00,42092.6725,3052.4225,8201.735,0.0,41871.33,11254.1575,0.1137195145859496,-0.9935128947338008,-0.2588190451025215,0.965925826289068,0.4338837391175582,-0.900968867902419,0,weekday,5.425
2020-06-26,2020,6,26,178,23,4,30.68,2020-06-26 23:00:00+00:00,2020-06-27 00:00:00+00:00,41116.75,2608.6275,5434.35,0.0,37177.93,8042.977500000001,0.0966127018812031,-0.9953220513156602,-0.2588190451025215,0.965925826289068,-0.433883739117558,-0.9009688679024191,0,weekday,5.065
2020-06-27,2020,6,27,179,23,5,21.03,2020-06-27 23:00:00+00:00,2020-06-28 00:00:00+00:00,36115.32,2993.5725,8422.725,0.0,35000.68,11416.2975,0.0794772999236209,-0.9968366760893436,-0.2588190451025215,0.965925826289068,-0.9749279121818236,-0.2225209339563146,0,weekend,5.105
2020-06-28,2020,6,28,180,23,6,19.77,2020-06-28 23:00:00+00:00,2020-06-29 00:00:00+00:00,37016.7225,3243.7525,6028.71,0.0,35283.03,9272.4625,0.062318379354325,-0.998056320853012,-0.2588190451025215,0.965925826289068,-0.7818314824680299,0.6234898018587334,0,weekend,5.2525
2020-06-29,2020,6,29,181,23,0,21.02,2020-06-29 23:00:00+00:00,2020-06-30 00:00:00+00:00,42094.4175,4242.0375,16313.45,0.0,45422.47,20555.487500000003,0.0451410177739719,-0.998980624694158,-0.2588190451025215,0.965925826289068,0.0,1.0,0,weekday,5.4
2020-06-30,2020,6,30,182,23,1,25.04,2020-06-30 23:00:00+00:00,2020-07-01 00:00:00+00:00,41428.235,3465.605,15307.2,0.0,44114.96,18772.805,0.0279502982402103,-0.999609314096404,-0.2588190451025215,0.965925826289068,0.7818314824680298,0.6234898018587336,0,weekday,6.105
2020-07-01,2020,7,1,183,23,2,30.91,2020-07-01 23:00:00+00:00,2020-07-02 00:00:00+00:00,42191.38,1919.9425,9930.845,0.0,40691.19,11850.7875,0.0107513077635219,-0.9999422030204416,-0.2588190451025215,0.965925826289068,0.9749279121818236,-0.2225209339563143,0,weekday,5.95
2020-07-02,2020,7,2,184,23,3,35.0,2020-07-02 23:00:00+00:00,2020-07-03 00:00:00+00:00,42568.1525,130.1725,6453.8825,0.0,37729.45,6584.054999999999,-0.0064508641981051,-0.9999791929590824,-0.2588190451025215,0.965925826289068,0.4338837391175582,-0.900968867902419,0,weekday,5.765
2020-07-03,2020,7,3,185,23,4,24.28,2020-07-03 23:00:00+00:00,2020-07-04 00:00:00+00:00,40650.655,4938.5125,13163.955,0.0,42555.61,18102.4675,-0.0236511272452315,-0.9997202729664084,-0.2588190451025215,0.965925826289068,-0.433883739117558,-0.9009688679024191,0,weekday,5.945
2020-07-04,2020,7,4,186,23,5,2.19,2020-07-04 23:00:00+00:00,2020-07-05 00:00:00+00:00,36295.1275,4825.65,20033.8325,0.0,43335.73,24859.4825,-0.0408443915432961,-0.9991655196610107,-0.2588190451025215,0.965925826289068,-0.9749279121818236,-0.2225209339563146,0,weekend,6.011666666666667
2020-07-05,2020,7,5,187,23,6,7.71,2020-07-05 23:00:00+00:00,2020-07-06 00:00:00+00:00,37241.240000000005,5631.155,19130.725,0.0,43934.53,24761.88,-0.0580255693287803,-0.9983150972033183,-0.2588190451025215,0.965925826289068,-0.7818314824680299,0.6234898018587334,0,weekend,6.078333333333333
2020-07-06,2020,7,6,188,23,0,28.54,2020-07-06 23:00:00+00:00,2020-07-07 00:00:00+00:00,40846.47,4284.745,14380.0775,0.0,42868.75,18664.8225,-0.0751895764147585,-0.9971692572470178,-0.2588190451025215,0.965925826289068,0.0,1.0,0,weekday,6.145
2020-07-07,2020,7,7,189,23,1,31.05,2020-07-07 23:00:00+00:00,2020-07-08 00:00:00+00:00,42855.2925,1834.4975,5116.2925,0.0,36766.27,6950.789999999999,-0.0923313336953912,-0.9957283388645872,-0.2588190451025215,0.965925826289068,0.7818314824680298,0.6234898018587336,0,weekday,6.13
2020-07-08,2020,7,8,190,23,2,35.41,2020-07-08 23:00:00+00:00,2020-07-09 00:00:00+00:00,42315.235,329.275,2206.56,0.0,35294.04,2535.835,-0.1094457686489155,-0.993992768446958,-0.2588190451025215,0.965925826289068,0.9749279121818236,-0.2225209339563143,0,weekday,6.09
2020-07-09,2020,7,9,191,23,3,34.62,2020-07-09 23:00:00+00:00,2020-07-10 00:00:00+00:00,42976.15,623.66,4208.745000000001,0.0,36022.81,4832.405000000001,-0.1265278168386831,-0.9919630595773395,-0.2588190451025215,0.965925826289068,0.4338837391175582,-0.900968867902419,0,weekday,5.855
2020-07-10,2020,7,10,192,23,4,29.9,2020-07-10 23:00:00+00:00,2020-07-11 00:00:00+00:00,40289.92,3166.7,7510.4375,0.0,36723.82,10677.1375,-0.1435724234118113,-0.9896398128792412,-0.2588190451025215,0.965925826289068,-0.433883739117558,-0.9009688679024191,0,weekday,5.57
2020-07-11,2020,7,11,193,23,5,28.82,2020-07-11 23:00:00+00:00,2020-07-12 00:00:00+00:00,36475.81,1261.6175,3419.5425,0.0,30255.49,4681.16,-0.1605745445949937,-0.9870237158387384,-0.2588190451025215,0.965925826289068,-0.9749279121818236,-0.2225209339563146,0,weekend,5.475
2020-07-12,2020,7,12,194,23,6,26.03,2020-07-12 23:00:00+00:00,2020-07-13 00:00:00+00:00,37657.8725,1017.9925,4479.585,0.0,31376.55,5497.5775,-0.1775291491870349,-0.984115542601034,-0.2588190451025215,0.965925826289068,-0.7818314824680299,0.6234898018587334,0,weekend,5.4975
2020-07-13,2020,7,13,195,23,0,29.79,2020-07-13 23:00:00+00:00,2020-07-14 00:00:00+00:00,43069.65,1240.31,3330.7575,0.0,33750.52,4571.0675,-0.1944312200476619,-0.9809161537413774,-0.2588190451025215,0.965925826289068,0.0,1.0,0,weekday,5.52
2020-07-14,2020,7,14,196,23,1,30.22,2020-07-14 23:00:00+00:00,2020-07-15 00:00:00+00:00,41966.97,347.145,3085.525,0.0,33884.0,3432.67,-0.2112757555821793,-0.9774264960104057,-0.2588190451025215,0.965925826289068,0.7818314824680298,0.6234898018587336,0,weekday,5.16
2020-07-15,2020,7,15,197,23,2,32.5,2020-07-15 23:00:00+00:00,2020-07-16 00:00:00+00:00,43183.7,69.345,2652.085,0.0,33561.98,2721.43,-0.2280577712215198,-0.9736476020539838,-0.2588190451025215,0.965925826289068,0.9749279121818236,-0.2225209339563143,0,weekday,5.35
2020-07-16,2020,7,16,198,23,3,31.85,2020-07-16 23:00:00+00:00,2020-07-17 00:00:00+00:00,42664.8325,344.2625,2538.5425,0.0,34553.44,2882.805,-0.2447723008972595,-0.9695805901076308,-0.2588190451025215,0.965925826289068,0.4338837391175582,-0.900968867902419,0,weekday,5.09
2020-07-17,2020,7,17,199,23,4,30.54,2020-07-17 23:00:00+00:00,2020-07-18 00:00:00+00:00,40592.1125,307.28,895.0525,0.0,32861.9,1202.3325,-0.2614143985111562,-0.965226663665613,-0.2588190451025215,0.965925826289068,-0.433883739117558,-0.9009688679024191,0,weekday,5.16
2020-07-18,2020,7,18,200,23,5,28.36,2020-07-18 23:00:00+00:00,2020-07-19 00:00:00+00:00,36138.2425,253.4325,2045.0575,0.0,31544.77,2298.49,-0.2779791393987801,-0.9605871111248128,-0.2588190451025215,0.965925826289068,-0.9749279121818236,-0.2225209339563146,0,weekend,5.115
2020-07-19,2020,7,19,201,23,6,27.57,2020-07-19 23:00:00+00:00,2020-07-20 00:00:00+00:00,37875.5775,1239.4,3167.62,0.0,32692.96,4407.02,-0.2944616217868012,-0.9556633054034704,-0.2588190451025215,0.965925826289068,-0.7818314824680299,0.6234898018587334,0,weekend,5.032500000000001
2020-07-20,2020,7,20,202,23,0,27.85,2020-07-20 23:00:00+00:00,2020-07-21 00:00:00+00:00,41763.12,1043.095,4554.46,0.0,37979.85,5597.555,-0.3108569682435036,-0.9504567035349152,-0.2588190451025215,0.965925826289068,0.0,1.0,0,weekday,4.95
2020-07-21,2020,7,21,203,23,1,28.39,2020-07-21 23:00:00+00:00,2020-07-22 00:00:00+00:00,41762.4675,1249.7025,4494.7175,0.0,37797.36,5744.42,-0.3271603271220951,-0.9449688462364056,-0.2588190451025215,0.965925826289068,0.7818314824680298,0.6234898018587336,0,weekday,4.9
2020-07-22,2020,7,22,204,23,2,32.98,2020-07-22 23:00:00+00:00,2020-07-23 00:00:00+00:00,41690.145,522.1225000000001,2449.365,0.0,36120.69,2971.4875,-0.343366873996388,-0.939201357453208,-0.2588190451025215,0.965925826289068,0.9749279121818236,-0.2225209339563143,0,weekday,4.82
2020-07-23,2020,7,23,205,23,3,25.63,2020-07-23 23:00:00+00:00,2020-07-24 00:00:00+00:00,41955.4775,2539.425,5038.145,0.0,39278.2,7577.570000000001,-0.3594718130884232,-0.9331559438780432,-0.2588190451025215,0.965925826289068,0.4338837391175582,-0.900968867902419,0,weekday,4.925
2020-07-24,2020,7,24,206,23,4,30.56,2020-07-24 23:00:00+00:00,2020-07-25 00:00:00+00:00,40290.2925,704.9300000000001,3219.0625,0.0,31872.64,3923.9925,-0.3754703786876202,-0.9268343944460494,-0.2588190451025215,0.965925826289068,-0.433883739117558,-0.9009688679024191,0,weekday,5.025
2020-07-25,2020,7,25,207,23,5,21.6,2020-07-25 23:00:00+00:00,2020-07-26 00:00:00+00:00,36147.817500000005,3774.3925,8739.157500000001,0.0,37116.4,12513.55,-0.3913578365610259,-0.9202385798054076,-0.2588190451025215,0.965925826289068,-0.9749279121818236,-0.2225209339563146,0,weekend,5.01
2020-07-26,2020,7,26,208,23,6,27.11,2020-07-26 23:00:00+00:00,2020-07-27 00:00:00+00:00,38016.935,2545.0,2616.0825,0.0,32198.12,5161.0825,-0.4071294853542516,-0.9133704517637858,-0.2588190451025215,0.965925826289068,-0.7818314824680299,0.6234898018587334,0,weekend,4.98
2020-07-27,2020,7,27,209,23,0,19.16,2020-07-27 23:00:00+00:00,2020-07-28 00:00:00+00:00,41888.8625,5103.95,17240.59,0.0,46407.5,22344.54,-0.4227806579826773,-0.9062320427107696,-0.2588190451025215,0.965925826289068,0.0,1.0,0,weekday,4.95
2020-07-28,2020,7,28,210,23,1,23.5,2020-07-28 23:00:00+00:00,2020-07-29 00:00:00+00:00,42637.5625,5698.825,10145.78,0.0,43074.02,15844.605,-0.4383067230125192,-0.898825465016444,-0.2588190451025215,0.965925826289068,0.7818314824680298,0.6234898018587336,0,weekday,4.775
2020-07-29,2020,7,29,211,23,2,31.78,2020-07-29 23:00:00+00:00,2020-07-30 00:00:00+00:00,41749.77,3638.545,6428.2525000000005,0.0,40277.01,10066.7975,-0.4537030860313442,-0.8911529104063088,-0.2588190451025215,0.965925826289068,0.9749279121818236,-0.2225209339563143,0,weekday,5.15
2020-07-30,2020,7,30,212,23,3,33.9,2020-07-30 23:00:00+00:00,2020-07-31 00:00:00+00:00,41479.1275,836.4775,3239.8825,0.0,36214.12,4076.36,-0.4689651910076318,-0.8832166493127127,-0.2588190451025215,0.965925826289068,0.4338837391175582,-0.900968867902419,0,weekday,5.19
2020-07-31,2020,7,31,213,23,4,24.6,2020-07-31 23:00:00+00:00,2020-08-01 00:00:00+00:00,40302.585,4307.8025,9455.4475,0.0,39971.65,13763.25,-0.4840885216389758,-0.8750190302029955,-0.2588190451025215,0.965925826289068,-0.433883739117558,-0.9009688679024191,0,weekday,6.0
2020-08-01,2020,8,1,214,23,5,27.82,2020-08-01 23:00:00+00:00,2020-08-02 00:00:00+00:00,36570.395,1420.1475,4746.9175,0.0,31779.62,6167.065,-0.4990686026885319,-0.8665624788845385,-0.2588190451025215,0.965925826289068,-0.9749279121818236,-0.2225209339563146,0,weekend,6.025
2020-08-02,2020,8,2,215,23,6,26.19,2020-08-02 23:00:00+00:00,2020-08-03 00:00:00+00:00,37237.7025,872.8575000000001,4706.0125,0.0,32176.79,5578.87,-0.5139010013093103,-0.8578494977869301,-0.2588190451025215,0.965925826289068,-0.7818314824680299,0.6234898018587334,0,weekend,6.1775
2020-08-03,2020,8,3,216,23,0,28.02,2020-08-03 23:00:00+00:00,2020-08-04 00:00:00+00:00,41508.87,215.6025,4363.0675,0.0,35386.26,4578.67,-0.5285813283559292,-0.8488826652214553,-0.2588190451025215,0.965925826289068,0.0,1.0,0,weekday,6.33
2020-08-04,2020,8,4,217,23,1,26.29,2020-08-04 23:00:00+00:00,2020-08-05 00:00:00+00:00,41177.905,4372.7075,2906.6875,0.0,36696.45,7279.395,-0.5431052396834317,-0.8396646346181327,-0.2588190451025215,0.965925826289068,0.7818314824680298,0.6234898018587336,0,weekday,7.185
2020-08-05,2020,8,5,218,23,2,23.99,2020-08-05 23:00:00+00:00,2020-08-06 00:00:00+00:00,40586.62,2990.6275,7515.45,0.0,41376.73,10506.0775,-0.5574684374327892,-0.8301981337405212,-0.2588190451025215,0.965925826289068,0.9749279121818236,-0.2225209339563143,0,weekday,7.37
2020-08-06,2020,8,6,219,23,3,31.01,2020-08-06 23:00:00+00:00,2020-08-07 00:00:00+00:00,41046.265,772.8199999999999,6022.0275,0.0,38895.73,6794.8475,-0.5716666713027052,-0.8204859638785327,-0.2588190451025215,0.965925826289068,0.4338837391175582,-0.900968867902419,0,weekday,7.75
2020-08-07,2020,8,7,220,23,4,32.8,2020-08-07 23:00:00+00:00,2020-08-08 00:00:00+00:00,39606.5875,1392.6,3806.805,0.0,37142.04,5199.405,-0.5856957398073508,-0.8105309990194823,-0.2588190451025215,0.965925826289068,-0.433883739117558,-0.9009688679024191,0,weekday,7.55
2020-08-08,2020,8,8,221,23,5,29.16,2020-08-08 23:00:00+00:00,2020-08-09 00:00:00+00:00,36168.045,1186.7125,4566.38,0.0,33019.78,5753.092500000001,-0.5995514915196489,-0.8003361849976323,-0.2588190451025215,0.965925826289068,-0.9749279121818236,-0.2225209339563146,0,weekend,7.93
2020-08-09,2020,8,9,222,23,6,28.7,2020-08-09 23:00:00+00:00,2020-08-10 00:00:00+00:00,36818.7775,2584.65,6112.5525,0.0,37173.52,8697.2025,-0.6132298262997502,-0.7899045386224707,-0.2588190451025215,0.965925826289068,-0.7818314824680299,0.6234898018587334,0,weekend,8.105
2020-08-10,2020,8,10,223,23,0,33.12,2020-08-10 23:00:00+00:00,2020-08-11 00:00:00+00:00,41175.9375,3363.54,8538.1675,0.0,42748.19,11901.7075,-0.6267266965083301,-0.7792391467859886,-0.2588190451025215,0.965925826289068,0.0,1.0,0,weekday,8.28
2020-08-11,2020,8,11,224,23,1,24.34,2020-08-11 23:00:00+00:00,2020-08-12 00:00:00+00:00,42951.27,5153.35,11674.15,0.0,45959.83,16827.5,-0.6400381082043503,-0.7683431655492202,-0.2588190451025215,0.965925826289068,0.7818314824680298,0.6234898018587336,0,weekday,7.495
2020-08-12,2020,8,12,225,23,2,29.16,2020-08-12 23:00:00+00:00,2020-08-13 00:00:00+00:00,43507.8475,4386.005,9414.305,0.0,44381.34,13800.31,-0.65316012232693,-0.7572198192083127,-0.2588190451025215,0.965925826289068,0.9749279121818236,-0.2225209339563143,0,weekday,7.175
2020-08-13,2020,8,13,226,23,3,32.24,2020-08-13 23:00:00+00:00,2020-08-14 00:00:00+00:00,43040.375,2548.5375,5001.105,0.0,38757.64,7549.6425,-0.666088855860977,-0.7458723993404063,-0.2588190451025215,0.965925826289068,0.4338837391175582,-0.900968867902419,0,weekday,7.4
2020-08-14,2020,8,14,227,23,4,33.9,2020-08-14 23:00:00+00:00,2020-08-15 00:00:00+00:00,40734.1575,1450.815,2070.6025,0.0,35741.44,3521.4175,-0.6788204829862355,-0.734304263829602,-0.2588190451025215,0.965925826289068,-0.433883739117558,-0.9009688679024191,0,weekday,7.45
2020-08-15,2020,8,15,228,23,5,29.0,2020-08-15 23:00:00+00:00,2020-08-16 00:00:00+00:00,36083.045,1325.405,2504.9875,0.0,32133.07,3830.3925,-0.6913512362094071,-0.722518835873311,-0.2588190451025215,0.965925826289068,-0.9749279121818236,-0.2225209339563146,0,weekend,8.02
2020-08-16,2020,8,16,229,23,6,28.72,2020-08-16 23:00:00+00:00,2020-08-17 00:00:00+00:00,36645.2925,2177.995,7604.8175,0.0,36608.27,9782.8125,-0.7036774074790128,-0.7105196029692745,-0.2588190451025215,0.965925826289068,-0.7818314824680299,0.6234898018587334,0,weekend,8.14
2020-08-17,2020,8,17,230,23,0,33.4,2020-08-17 23:00:00+00:00,2020-08-18 00:00:00+00:00,42273.03,456.915,3878.8025,0.0,35883.3,4335.7175,-0.7157953492826642,-0.6983101158835584,-0.2588190451025215,0.965925826289068,0.0,1.0,0,weekday,8.26
2020-08-18,2020,8,18,231,23,1,33.91,2020-08-18 23:00:00+00:00,2020-08-19 00:00:00+00:00,42460.365,387.475,2066.87,0.0,35559.63,2454.345,-0.7277014757264236,-0.6858939875998223,-0.2588190451025215,0.965925826289068,0.7818314824680298,0.6234898018587336,0,weekday,8.225
2020-08-19,2020,8,19,232,23,2,28.6,2020-08-19 23:00:00+00:00,2020-08-20 00:00:00+00:00,42559.3725,3415.76,7221.34,0.0,40665.2,10637.1,-0.7393922635959241,-0.673274892250183,-0.2588190451025215,0.965925826289068,0.9749279121818236,-0.2225209339563143,0,weekday,8.815
2020-08-20,2020,8,20,233,23,3,28.45,2020-08-20 23:00:00+00:00,2020-08-21 00:00:00+00:00,42448.7725,3609.1625,11444.435,0.0,44029.65,15053.5975,-0.7508642533989489,-0.6604565640279754,-0.2588190451025215,0.965925826289068,0.4338837391175582,-0.900968867902419,0,weekday,8.325
2020-08-21,2020,8,21,234,23,4,26.4,2020-08-21 23:00:00+00:00,2020-08-22 00:00:00+00:00,41434.035,4483.945,5555.23,0.0,37564.92,10039.175,-0.7621140503891487,-0.6474427960827475,-0.2588190451025215,0.965925826289068,-0.433883739117558,-0.9009688679024191,0,weekday,7.975
2020-08-22,2020,8,22,235,23,5,24.41,2020-08-22 23:00:00+00:00,2020-08-23 00:00:00+00:00,36526.64,4344.845,11984.1775,0.0,39430.4,16329.0225,-0.7731383255706026,-0.6342374393978054,-0.2588190451025215,0.965925826289068,-0.9749279121818236,-0.2225209339563146,0,weekend,7.62
2020-08-23,2020,8,23,236,23,6,27.95,2020-08-23 23:00:00+00:00,2020-08-24 00:00:00+00:00,38099.15,1783.9075,8694.7575,0.0,36359.87,10478.665,-0.7839338166829201,-0.620844401650647,-0.2588190451025215,0.965925826289068,-0.7818314824680299,0.6234898018587334,0,weekend,7.8725000000000005
2020-08-24,2020,8,24,237,23,0,37.96,2020-08-24 23:00:00+00:00,2020-08-25 00:00:00+00:00,41792.9025,418.3575,5641.797500000001,0.0,39367.46,6060.155000000001,-0.7944973291665992,-0.6072676460566135,-0.2588190451025215,0.965925826289068,0.0,1.0,0,weekday,8.125
2020-08-25,2020,8,25,238,23,1,3.55,2020-08-25 23:00:00+00:00,2020-08-26 00:00:00+00:00,42415.09,5881.85,26176.04,0.0,50963.05,32057.89,-0.8048257371083452,-0.593511190196115,-0.2588190451025215,0.965925826289068,0.7818314824680298,0.6234898018587336,0,weekday,8.36
2020-08-26,2020,8,26,239,23,2,19.6,2020-08-26 23:00:00+00:00,2020-08-27 00:00:00+00:00,42502.7,4695.5925,26651.8625,0.0,50094.07,31347.455,-0.8149159841660791,-0.5795791048257612,-0.2588190451025215,0.965925826289068,0.9749279121818236,-0.2225209339563143,0,weekday,9.34
2020-08-27,2020,8,27,240,23,3,32.75,2020-08-27 23:00:00+00:00,2020-08-28 00:00:00+00:00,44035.5775,2014.7975,7862.1275,0.0,40743.66,9876.925,-0.8247650844733614,-0.5654755126737576,-0.2588190451025215,0.965925826289068,0.4338837391175582,-0.900968867902419,0,weekday,9.25
2020-08-28,2020,8,28,241,23,4,33.76,2020-08-28 23:00:00+00:00,2020-08-29 00:00:00+00:00,39837.55,1189.44,7789.8975,0.0,35407.62,8979.3375,-0.8343701235229538,-0.5512045872199277,-0.2588190451025215,0.965925826289068,-0.433883739117558,-0.9009688679024191,0,weekday,11.125
2020-08-29,2020,8,29,242,23,5,34.98,2020-08-29 23:00:00+00:00,2020-08-30 00:00:00+00:00,36033.53,532.2275,1540.7075,0.0,29718.83,2072.935,-0.8437282590292712,-0.5367705514607103,-0.2588190451025215,0.965925826289068,-0.9749279121818236,-0.2225209339563146,0,weekend,11.17
2020-08-30,2020,8,30,243,23,6,27.92,2020-08-30 23:00:00+00:00,2020-08-31 00:00:00+00:00,37803.7425,2089.7525,8480.1725,0.0,36347.06,10569.925,-0.8528367217694595,-0.522177676659508,-0.2588190451025215,0.965925826289068,-0.7818314824680299,0.6234898018587334,0,weekend,11.205
2020-08-31,2020,8,31,244,23,0,37.91,2020-08-31 23:00:00+00:00,2020-09-01 00:00:00+00:00,41501.025,408.6625,3350.3225,0.0,37035.0,3758.985,-0.8616928164028522,-0.5074302810827518,-0.2588190451025215,0.965925826289068,0.0,1.0,0,weekday,11.24
2020-09-01,2020,9,1,245,23,1,38.02,2020-09-01 23:00:00+00:00,2020-09-02 00:00:00+00:00,41957.7625,812.47,2584.2275,0.0,36861.2,3396.6975,-0.8702939222685674,-0.4925327287220543,-0.2588190451025215,0.965925826289068,0.7818314824680298,0.6234898018587336,0,weekday,11.2
2020-09-02,2020,9,2,246,23,2,39.04,2020-09-02 23:00:00+00:00,2020-09-03 00:00:00+00:00,42709.6525,528.1175000000001,2783.715,0.0,38141.08,3311.8325000000004,-0.8786374941610001,-0.4774894280028391,-0.2588190451025215,0.965925826289068,0.9749279121818236,-0.2225209339563143,0,weekday,11.4
2020-09-03,2020,9,3,247,23,3,25.71,2020-09-03 23:00:00+00:00,2020-09-04 00:00:00+00:00,41545.75,3559.995,18460.025,0.0,45191.66,22020.02,-0.886721063082993,-0.4623048304798108,-0.2588190451025215,0.965925826289068,0.4338837391175582,-0.900968867902419,0,weekday,11.515
2020-09-04,2020,9,4,248,23,4,35.34,2020-09-04 23:00:00+00:00,2020-09-05 00:00:00+00:00,40988.905,3945.5,5775.237499999999,0.0,35301.83,9720.7375,-0.8945422369764496,-0.4469834295196741,-0.2588190451025215,0.965925826289068,-0.433883739117558,-0.9009688679024191,0,weekday,12.105
2020-09-05,2020,9,5,249,23,5,31.0,2020-09-05 23:00:00+00:00,2020-09-06 00:00:00+00:00,36055.2675,3078.5575,7533.6025,0.0,32071.55,10612.16,-0.9020987014301836,-0.4315297589714714,-0.2588190451025215,0.965925826289068,-0.9749279121818236,-0.2225209339563146,0,weekend,11.68
2020-09-06,2020,9,6,250,23,6,31.07,2020-09-06 23:00:00+00:00,2020-09-07 00:00:00+00:00,37840.595,1165.9625,3428.6325,0.0,30832.72,4594.595,-0.9093882203647924,-0.4159483918249421,-0.2588190451025215,0.965925826289068,-0.7818314824680299,0.6234898018587334,0,weekend,11.586666666666666
2020-09-07,2020,9,7,251,23,0,28.63,2020-09-07 23:00:00+00:00,2020-09-08 00:00:00+00:00,42029.575,5685.0175,11760.6325,0.0,44334.96,17445.65,-0.9164086366943458,-0.4002439388573056,-0.2588190451025215,0.965925826289068,0.0,1.0,0,weekday,11.493333333333334
2020-09-08,2020,9,8,252,23,1,32.92,2020-09-08 23:00:00+00:00,2020-09-09 00:00:00+00:00,41904.3,4134.14,6407.685,0.0,39947.49,10541.825,-0.923157872964704,-0.3844210472688554,-0.2588190451025215,0.965925826289068,0.7818314824680298,0.6234898018587336,0,weekday,11.4
2020-09-09,2020,9,9,253,23,2,28.97,2020-09-09 23:00:00+00:00,2020-09-10 00:00:00+00:00,41783.755,4813.915,11357.535,0.0,43017.6,16171.45,-0.9296339319682696,-0.3684843993077793,-0.2588190451025215,0.965925826289068,0.9749279121818236,-0.2225209339563143,0,weekday,10.6
2020-09-10,2020,9,10,254,23,3,40.0,2020-09-10 23:00:00+00:00,2020-09-11 00:00:00+00:00,42793.37,1107.1325,1206.2575,0.0,38202.31,2313.39,-0.935834897334994,-0.3524387108846032,-0.2588190451025215,0.965925826289068,0.4338837391175582,-0.900968867902419,0,weekday,10.85
2020-09-11,2020,9,11,255,23,4,37.27,2020-09-11 23:00:00+00:00,2020-09-12 00:00:00+00:00,39983.43,3415.59,3574.9475,0.0,36194.75,6990.5375,-0.9417589340994617,-0.3362887301766828,-0.2588190451025215,0.965925826289068,-0.433883739117558,-0.9009688679024191,0,weekday,10.4
2020-09-12,2020,9,12,256,23,5,33.31,2020-09-12 23:00:00+00:00,2020-09-13 00:00:00+00:00,36892.2,3589.7225,5103.435,0.0,32599.39,8693.157500000001,-0.9474042892438844,-0.3200392362231385,-0.2588190451025215,0.965925826289068,-0.9749279121818236,-0.2225209339563146,0,weekend,10.495
2020-09-13,2020,9,13,257,23,6,34.28,2020-09-13 23:00:00+00:00,2020-09-14 00:00:00+00:00,37687.0925,2838.225,4370.610000000001,0.0,34576.77,7208.835000000001,-0.9527692922168512,-0.3036950375106588,-0.2588190451025215,0.965925826289068,-0.7818314824680299,0.6234898018587334,0,weekend,10.61
2020-09-14,2020,9,14,258,23,0,40.81,2020-09-14 23:00:00+00:00,2020-09-15 00:00:00+00:00,41666.3875,453.07,5228.577499999999,0.0,36866.05,5681.647499999999,-0.9578523554276668,-0.2872609705505963,-0.2588190451025215,0.965925826289068,0.0,1.0,0,weekday,10.725
2020-09-15,2020,9,15,259,23,1,46.3,2020-09-15 23:00:00+00:00,2020-09-16 00:00:00+00:00,42206.4275,360.38,2627.8575,0.0,38078.32,2988.2375,-0.9626519747161488,-0.2707418984477642,-0.2588190451025215,0.965925826289068,0.7818314824680298,0.6234898018587336,0,weekday,10.85
2020-09-16,2020,9,16,260,23,2,34.85,2020-09-16 23:00:00+00:00,2020-09-17 00:00:00+00:00,42143.9075,3832.085,11129.2175,0.0,42422.73,14961.302500000002,-0.9671667297977312,-0.2541427094613622,-0.2588190451025215,0.965925826289068,0.9749279121818236,-0.2225209339563143,0,weekday,11.2
2020-09-17,2020,9,17,261,23,3,35.06,2020-09-17 23:00:00+00:00,2020-09-18 00:00:00+00:00,43664.925,671.1975,9766.66,0.0,41045.28,10437.8575,-0.97139528468375,-0.2374683155584684,-0.2588190451025215,0.965925826289068,0.4338837391175582,-0.900968867902419,0,weekday,11.515
2020-09-18,2020,9,18,262,23,4,31.08,2020-09-18 23:00:00+00:00,2020-09-19 00:00:00+00:00,41077.8,1683.3,10824.66,0.0,39724.21,12507.96,-0.9753363880767836,-0.2207236509605022,-0.2588190451025215,0.965925826289068,-0.433883739117558,-0.9009688679024191,0,weekday,11.105
2020-09-19,2020,9,19,263,23,5,36.77,2020-09-19 23:00:00+00:00,2020-09-20 00:00:00+00:00,36580.22,1152.1975,8704.8725,0.0,34243.28,9857.07,-0.978988873740932,-0.2039136706831147,-0.2588190451025215,0.965925826289068,-0.9749279121818236,-0.2225209339563146,0,weekend,11.475
2020-09-20,2020,9,20,264,23,6,35.46,2020-09-20 23:00:00+00:00,2020-09-21 00:00:00+00:00,37298.1825,404.5825,5339.13,0.0,33087.44,5743.7125,-0.9823516608469236,-0.1870433490699165,-0.2588190451025215,0.965925826289068,-0.7818314824680299,0.6234898018587334,0,weekend,11.4875
2020-09-21,2020,9,21,265,23,0,43.17,2020-09-21 23:00:00+00:00,2020-09-22 00:00:00+00:00,42206.7625,106.5625,1750.3075,0.0,36386.55,1856.87,-0.9854237542919524,-0.1701176783204905,-0.2588190451025215,0.965925826289068,0.0,1.0,0,weekday,11.5
2020-09-22,2020,9,22,266,23,1,41.08,2020-09-22 23:00:00+00:00,2020-09-23 00:00:00+00:00,42931.630000000005,1256.43,3450.655,0.0,37353.36,4707.085,-0.9882042449941422,-0.15314166701312,-0.2588190451025215,0.965925826289068,0.7818314824680298,0.6234898018587336,0,weekday,11.33
2020-09-23,2020,9,23,267,23,2,28.44,2020-09-23 23:00:00+00:00,2020-09-24 00:00:00+00:00,43416.7075,4985.85,17392.59,0.0,46938.38,22378.44,-0.9906923101615608,-0.136120338622667,-0.2588190451025215,0.965925826289068,0.9749279121818236,-0.2225209339563143,0,weekday,11.77
2020-09-24,2020,9,24,268,23,3,31.92,2020-09-24 23:00:00+00:00,2020-09-25 00:00:00+00:00,43933.475,1380.5725,12296.91,0.0,38064.57,13677.4825,-0.9928872135356962,-0.1190587300340498,-0.2588190451025215,0.965925826289068,0.4338837391175582,-0.900968867902419,0,weekday,11.95
2020-09-25,2020,9,25,269,23,4,30.71,2020-09-25 23:00:00+00:00,2020-09-26 00:00:00+00:00,42227.8,755.895,8100.2625,0.0,32305.23,8856.1575,-0.994788305609327,-0.1019618900517457,-0.2588190451025215,0.965925826289068,-0.433883739117558,-0.9009688679024191,0,weekday,11.5
2020-09-26,2020,9,26,270,23,5,19.92,2020-09-26 23:00:00+00:00,2020-09-27 00:00:00+00:00,38367.915,6004.1525,16902.1625,0.0,41770.73,22906.315,-0.9963950238187232,-0.0848348779057653,-0.2588190451025215,0.965925826289068,-0.9749279121818236,-0.2225209339563146,0,weekend,11.665
2020-09-27,2020,9,27,271,23,6,30.82,2020-09-27 23:00:00+00:00,2020-09-28 00:00:00+00:00,39380.96,1982.79,4315.1425,0.0,32609.85,6297.9325,-0.9977068927101168,-0.0676827617545516,-0.2588190451025215,0.965925826289068,-0.7818314824680299,0.6234898018587334,0,weekend,11.8625
2020-09-28,2020,9,28,272,23,0,37.43,2020-09-28 23:00:00+00:00,2020-09-29 00:00:00+00:00,44001.2325,807.635,2918.0325000000003,0.0,36551.2,3725.667500000001,-0.9987235240803972,-0.0505106171852228,-0.2588190451025215,0.965925826289068,0.0,1.0,0,weekday,12.06
2020-09-29,2020,9,29,273,23,1,41.78,2020-09-29 23:00:00+00:00,2020-09-30 00:00:00+00:00,44457.6275,305.955,2066.2325,0.0,37551.04,2372.1875,-0.9994446170919858,-0.0333235257116313,-0.2588190451025215,0.965925826289068,0.7818314824680298,0.6234898018587336,0,weekday,12.4
2020-09-30,2020,9,30,274,23,2,34.0,2020-09-30 23:00:00+00:00,2020-10-01 00:00:00+00:00,45285.6025,4478.925,7937.7,0.0,39472.68,12416.625,-0.9998699583618592,-0.0161265732706577,-0.2588190451025215,0.965925826289068,0.9749279121818236,-0.2225209339563143,0,weekday,13.31
2020-10-01,2020,10,1,275,23,3,32.9,2020-10-01 23:00:00+00:00,2020-10-02 00:00:00+00:00,45598.0625,2311.56,5532.55,0.0,37164.84,7844.110000000001,-0.9999994220246924,0.0010751512827982,-0.2588190451025215,0.965925826289068,0.4338837391175582,-0.900968867902419,0,weekday,13.35
2020-10-02,2020,10,2,276,23,4,0.12,2020-10-02 23:00:00+00:00,2020-10-03 00:00:00+00:00,41223.9325,6115.6075,26153.4625,0.0,49455.84,32269.07,-0.999832969770105,0.0182765576816912,-0.2588190451025215,0.965925826289068,-0.433883739117558,-0.9009688679024191,0,weekday,12.875
2020-10-03,2020,10,3,277,23,5,17.75,2020-10-03 23:00:00+00:00,2020-10-04 00:00:00+00:00,37769.9075,3708.5275,13108.0125,0.0,35386.74,16816.54,-0.9993706508539968,0.0354725557531255,-0.2588190451025215,0.965925826289068,-0.9749279121818236,-0.2225209339563146,1,holiday,13.025
2020-10-04,2020,10,4,278,23,6,11.88,2020-10-04 23:00:00+00:00,2020-10-05 00:00:00+00:00,40134.05,4820.4775,15847.33,0.0,39220.46,20667.8075,-0.9986126020839734,0.052658056924614,-0.2588190451025215,0.965925826289068,-0.7818314824680299,0.6234898018587334,0,weekend,13.205
2020-10-05,2020,10,5,279,23,0,26.17,2020-10-05 23:00:00+00:00,2020-10-06 00:00:00+00:00,44764.425,4910.1025,18531.19,0.0,44491.01,23441.2925,-0.9975590477788612,0.0698279757298708,-0.2588190451025215,0.965925826289068,0.0,1.0,0,weekday,13.385
2020-10-06,2020,10,6,280,23,1,26.79,2020-10-06 23:00:00+00:00,2020-10-07 00:00:00+00:00,46059.8,1635.365,18866.1275,0.0,40649.02,20501.4925,-0.9962102997023295,0.0869772313136861,-0.2588190451025215,0.965925826289068,0.7818314824680298,0.6234898018587336,0,weekday,13.225
2020-10-07,2020,10,7,281,23,2,25.56,2020-10-07 23:00:00+00:00,2020-10-08 00:00:00+00:00,45826.915,4657.67,17262.925000000003,0.0,43657.03,21920.595,-0.9945667569706336,0.1041007489354256,-0.2588190451025215,0.965925826289068,0.9749279121818236,-0.2225209339563143,0,weekday,13.425
2020-10-08,2020,10,8,282,23,3,23.01,2020-10-08 23:00:00+00:00,2020-10-09 00:00:00+00:00,45245.57,4604.92,21659.9625,0.0,47912.54,26264.8825,-0.9926289059345096,0.121193461470736,-0.2588190451025215,0.965925826289068,0.4338837391175582,-0.900968867902419,0,weekday,13.75
2020-10-09,2020,10,9,283,23,4,32.28,2020-10-09 23:00:00+00:00,2020-10-10 00:00:00+00:00,44759.4275,2609.5725,11416.26,0.0,41121.96,14025.8325,-0.9903973200352558,0.1382503109109819,-0.2588190451025215,0.965925826289068,-0.433883739117558,-0.9009688679024191,0,weekday,13.73
2020-10-10,2020,10,10,284,23,5,26.2,2020-10-10 23:00:00+00:00,2020-10-11 00:00:00+00:00,39338.605,4795.547500000001,10882.325,0.0,38393.18,15677.8725,-0.9878726596350428,0.1552662498599956,-0.2588190451025215,0.965925826289068,-0.9749279121818236,-0.2225209339563146,0,weekend,13.755
2020-10-11,2020,10,11,285,23,6,29.0,2020-10-11 23:00:00+00:00,2020-10-12 00:00:00+00:00,41729.14,2218.6125,6272.7275,0.0,33991.17,8491.34,-0.9850556718215012,0.172236243027682,-0.2588190451025215,0.965925826289068,-0.7818314824680299,0.6234898018587334,0,weekend,13.682500000000001
2020-10-12,2020,10,12,286,23,0,32.17,2020-10-12 23:00:00+00:00,2020-10-13 00:00:00+00:00,46622.8625,1319.3475,1792.61,0.0,36587.1,3111.9575,-0.981947190186646,0.1891552687200409,-0.2588190451025215,0.965925826289068,0.0,1.0,0,weekday,13.61
2020-10-13,2020,10,13,287,23,1,31.3,2020-10-13 23:00:00+00:00,2020-10-14 00:00:00+00:00,46580.4675,3236.0025,12414.605,0.0,41774.64,15650.6075,-0.9785481345802032,0.2060183203251708,-0.2588190451025215,0.965925826289068,0.7818314824680298,0.6234898018587336,0,weekday,13.69
2020-10-14,2020,10,14,288,23,2,27.48,2020-10-14 23:00:00+00:00,2020-10-15 00:00:00+00:00,47376.1725,5492.1325,18591.8925,0.0,47279.01,24084.025,-0.9748595108374124,0.2228204077947995,-0.2588190451025215,0.965925826289068,0.9749279121818236,-0.2225209339563143,0,weekday,13.74
2020-10-15,2020,10,15,289,23,3,34.36,2020-10-15 23:00:00+00:00,2020-10-16 00:00:00+00:00,46682.6725,1057.0925,10221.65,0.0,41508.87,11278.7425,-0.9708824104813836,0.239556559120927,-0.2588190451025215,0.965925826289068,0.4338837391175582,-0.900968867902419,0,weekday,14.175
2020-10-16,2020,10,16,290,23,4,37.48,2020-10-16 23:00:00+00:00,2020-10-17 00:00:00+00:00,43678.3375,708.4675,2838.9675,0.0,37026.75,3547.4350000000004,-0.9666180104000972,0.2562218218071163,-0.2588190451025215,0.965925826289068,-0.433883739117558,-0.9009688679024191,0,weekday,14.525
2020-10-17,2020,10,17,291,23,5,31.2,2020-10-17 23:00:00+00:00,2020-10-18 00:00:00+00:00,40836.67,3780.7775,8939.765,0.0,38112.1,12720.5425,-0.9620675724981452,0.2728112643340191,-0.2588190451025215,0.965925826289068,-0.9749279121818236,-0.2225209339563146,0,weekend,14.5
2020-10-18,2020,10,18,292,23,6,34.73,2020-10-18 23:00:00+00:00,2020-10-19 00:00:00+00:00,41452.2,1412.7075,7249.105,0.0,37004.4,8661.8125,-0.957232443323312,0.2893199776186952,-0.2588190451025215,0.965925826289068,-0.7818314824680299,0.6234898018587334,0,weekend,14.575
2020-10-19,2020,10,19,293,23,0,29.04,2020-10-19 23:00:00+00:00,2020-10-20 00:00:00+00:00,44046.4175,3718.255,14244.355,0.0,43371.07,17962.61,-0.9521140536681102,0.3057430764672831,-0.2588190451025215,0.965925826289068,0.0,1.0,0,weekday,14.65
2020-10-20,2020,10,20,294,23,1,28.27,2020-10-20 23:00:00+00:00,2020-10-21 00:00:00+00:00,45003.1125,3940.1375,15326.515,0.0,41871.4,19266.6525,-0.9467139181463862,0.3220757010206104,-0.2588190451025215,0.965925826289068,0.7818314824680298,0.6234898018587336,0,weekday,14.56
2020-10-21,2020,10,21,295,23,2,1.09,2020-10-21 23:00:00+00:00,2020-10-22 00:00:00+00:00,46141.8775,5566.505,31657.5775,0.0,56212.15,37224.0825,-0.9410336347451196,0.3383130181923076,-0.2588190451025215,0.965925826289068,0.9749279121818236,-0.2225209339563143,0,weekday,14.81
2020-10-22,2020,10,22,296,23,3,30.03,2020-10-22 23:00:00+00:00,2020-10-23 00:00:00+00:00,47286.125,5287.225,15616.645,0.0,46619.89,20903.870000000003,-0.9350748843515574,0.3544502230989869,-0.2588190451025215,0.965925826289068,0.4338837391175582,-0.900968867902419,0,weekday,14.825
2020-10-23,2020,10,23,297,23,4,31.94,2020-10-23 23:00:00+00:00,2020-10-24 00:00:00+00:00,44937.105,3638.0575,13911.38,0.0,42969.06,17549.4375,-0.9288394302558068,0.3704825404820963,-0.2588190451025215,0.965925826289068,-0.433883739117558,-0.9009688679024191,0,weekday,15.245
2020-10-24,2020,10,24,298,23,5,0.06,2020-10-24 23:00:00+00:00,2020-10-25 00:00:00+00:00,39248.995,5244.737499999999,23695.66,0.0,47630.42,28940.3975,-0.9223291176290545,0.3864052261209853,-0.2588190451025215,0.965925826289068,-0.9749279121818236,-0.2225209339563146,0,weekend,15.41
2020-10-25,2020,10,25,299,23,6,24.29,2020-10-25 23:00:00+00:00,2020-10-26 00:00:00+00:00,43162.61,4774.085,11508.36,0.0,38504.84,16282.445,-0.9155458729775467,0.4022135682368036,-0.2588190451025215,0.965925826289068,-0.7818314824680299,0.6234898018587334,0,weekend,15.280000000000001
2020-10-26,2020,10,26,300,23,0,28.76,2020-10-26 23:00:00+00:00,2020-10-27 00:00:00+00:00,48143.9875,4861.385,17078.4875,0.0,47587.26,21939.8725,-0.9084917035725082,0.4179028888867866,-0.2588190451025215,0.965925826289068,0.0,1.0,0,weekday,15.15
2020-10-27,2020,10,27,301,23,1,4.79,2020-10-27 23:00:00+00:00,2020-10-28 00:00:00+00:00,48237.69,5742.4875,28990.27,0.0,56718.43,34732.7575,-0.9011686968561567,0.4334685453485363,-0.2588190451025215,0.965925826289068,0.7818314824680298,0.6234898018587336,0,weekday,14.7
2020-10-28,2020,10,28,302,23,2,23.11,2020-10-28 23:00:00+00:00,2020-10-29 00:00:00+00:00,49411.76,3950.68,27008.765,0.0,53983.11,30959.445,-0.8935790198239952,0.4489059314938798,-0.2588190451025215,0.965925826289068,0.9749279121818236,-0.2225209339563143,0,weekday,14.525
2020-10-29,2020,10,29,303,23,3,21.61,2020-10-29 23:00:00+00:00,2020-10-30 00:00:00+00:00,49817.06,4608.2025,19795.595,0.0,48062.29,24403.7975,-0.8857249183835637,0.4642104791518923,-0.2588190451025215,0.965925826289068,0.4338837391175582,-0.900968867902419,0,weekday,14.4
2020-10-30,2020,10,30,304,23,4,35.04,2020-10-30 23:00:00+00:00,2020-10-31 00:00:00+00:00,46355.79,1383.005,13233.0725,0.0,39799.89,14616.0775,-0.8776087166898392,0.4793776594606945,-0.2588190451025215,0.965925826289068,-0.433883739117558,-0.9009688679024191,0,weekday,14.335
2020-10-31,2020,10,31,305,23,5,24.26,2020-10-31 23:00:00+00:00,2020-11-01 00:00:00+00:00,42996.435,5051.5575,18609.5725,0.0,43797.69,23661.13,-0.8692328164574792,0.4944029842076181,-0.2588190451025215,0.965925826289068,-0.9749279121818236,-0.2225209339563146,0,weekend,14.06
2020-11-01,2020,11,1,306,23,6,0.12,2020-11-01 23:00:00+00:00,2020-11-02 00:00:00+00:00,43197.545,5824.835,27140.3725,0.0,50439.3,32965.207500000004,-0.8605996962501181,0.5092820071573356,-0.2588190451025215,0.965925826289068,-0.7818314824680299,0.6234898018587334,0,weekend,13.787500000000001
2020-11-02,2020,11,2,307,23,0,23.22,2020-11-02 23:00:00+00:00,2020-11-03 00:00:00+00:00,48594.0775,5688.2625,23899.9,0.0,51517.35,29588.1625,-0.8517119107469189,0.5240103253675756,-0.2588190451025215,0.965925826289068,0.0,1.0,0,weekday,13.515
2020-11-03,2020,11,3,308,23,1,28.75,2020-11-03 23:00:00+00:00,2020-11-04 00:00:00+00:00,49698.32,5478.3625,18058.8775,0.0,49017.13,23537.24,-0.8425720899866032,0.5385835804920232,-0.2588190451025215,0.965925826289068,0.7818314824680298,0.6234898018587336,0,weekday,13.73
2020-11-04,2020,11,4,309,23,2,32.1,2020-11-04 23:00:00+00:00,2020-11-05 00:00:00+00:00,50137.75,3577.145,9875.0575,0.0,44395.7,13452.2025,-0.8331829385891785,0.5529974600700271,-0.2588190451025215,0.965925826289068,0.9749279121818236,-0.2225209339563143,0,weekday,13.725
2020-11-05,2020,11,5,310,23,3,34.0,2020-11-05 23:00:00+00:00,2020-11-06 00:00:00+00:00,50143.5175,2027.945,8946.835,0.0,44285.66,10974.78,-0.8235472349556007,0.5672476988027229,-0.2588190451025215,0.965925826289068,0.4338837391175582,-0.900968867902419,0,weekday,14.3
2020-11-06,2020,11,6,311,23,4,35.05,2020-11-06 23:00:00+00:00,2020-11-07 00:00:00+00:00,48541.6025,940.1725,7997.33,0.0,39724.55,8937.5025,-0.8136678304455991,0.5813300798152042,-0.2588190451025215,0.965925826289068,-0.433883739117558,-0.9009688679024191,0,weekday,14.115
2020-11-07,2020,11,7,312,23,5,35.87,2020-11-07 23:00:00+00:00,2020-11-08 00:00:00+00:00,44377.8325,182.0325,2512.2425000000003,0.0,33029.31,2694.275,-0.8035476485339116,0.5952404359043674,-0.2588190451025215,0.965925826289068,-0.9749279121818236,-0.2225209339563146,0,weekend,13.9
2020-11-08,2020,11,8,313,23,6,32.5,2020-11-08 23:00:00+00:00,2020-11-09 00:00:00+00:00,44943.725,1130.0625,3697.0675,0.0,35267.78,4827.13,-0.7931896839451843,0.6089746507720486,-0.2588190451025215,0.965925826289068,-0.7818314824680299,0.6234898018587334,0,weekend,13.8375
2020-11-09,2020,11,9,314,23,0,33.67,2020-11-09 23:00:00+00:00,2020-11-10 00:00:00+00:00,50588.88,940.0975,4575.48,0.0,41013.06,5515.577499999999,-0.7825970017677834,0.6225286602431057,-0.2588190451025215,0.965925826289068,0.0,1.0,0,weekday,13.775
2020-11-10,2020,11,10,315,23,1,40.07,2020-11-10 23:00:00+00:00,2020-11-11 00:00:00+00:00,49336.925,305.985,1702.6825,0.0,41770.69,2008.6675,-0.7717727365467836,0.6358984534680745,-0.2588190451025215,0.965925826289068,0.7818314824680298,0.6234898018587336,0,weekday,13.8
2020-11-11,2020,11,11,316,23,2,32.67,2020-11-11 23:00:00+00:00,2020-11-12 00:00:00+00:00,49916.2375,3479.5075,6882.28,0.0,39909.53,10361.7875,-0.7607200913564104,0.6490800741100398,-0.2588190451025215,0.965925826289068,0.9749279121818236,-0.2225209339563143,0,weekday,14.05
2020-11-12,2020,11,12,317,23,3,33.44,2020-11-12 23:00:00+00:00,2020-11-13 00:00:00+00:00,49197.7575,2384.7325,10141.0325,0.0,45346.17,12525.765,-0.7494423368521954,0.6620696215153815,-0.2588190451025215,0.965925826289068,0.4338837391175582,-0.900968867902419,0,weekday,14.05
2020-11-13,2020,11,13,318,23,4,37.02,2020-11-13 23:00:00+00:00,2020-11-14 00:00:00+00:00,47913.2125,1445.0775,11773.5625,0.0,42158.43,13218.64,-0.7379428103031386,0.6748632518680403,-0.2588190451025215,0.965925826289068,-0.433883739117558,-0.9009688679024191,0,weekday,14.2
2020-11-14,2020,11,14,319,23,5,4.04,2020-11-14 23:00:00+00:00,2020-11-15 00:00:00+00:00,43267.83,5917.165,20460.9925,0.0,45015.36,26378.1575,-0.7262249146041543,0.6874571793269664,-0.2588190451025215,0.965925826289068,-0.9749279121818236,-0.2225209339563146,0,weekend,14.24
2020-11-15,2020,11,15,320,23,6,-0.55,2020-11-15 23:00:00+00:00,2020-11-16 00:00:00+00:00,44686.045,6772.8925,28317.5925,0.0,54002.78,35090.485,-0.7142921172691032,0.699847677146407,-0.2588190451025215,0.965925826289068,-0.7818314824680299,0.6234898018587334,0,weekend,14.3325
2020-11-16,2020,11,16,321,23,0,32.05,2020-11-16 23:00:00+00:00,2020-11-17 00:00:00+00:00,48138.3225,5695.3975,17110.7075,0.0,47725.41,22806.105,-0.7021479494046978,0.7120310787787131,-0.2588190451025215,0.965925826289068,0.0,1.0,0,weekday,14.425
2020-11-17,2020,11,17,322,23,1,32.77,2020-11-17 23:00:00+00:00,2020-11-18 00:00:00+00:00,49452.86,6421.175,16249.45,0.0,49097.68,22670.625,-0.6897960046655887,0.7240037789593305,-0.2588190451025215,0.965925826289068,0.7818314824680298,0.6234898018587336,0,weekday,14.35
2020-11-18,2020,11,18,323,23,2,3.03,2020-11-18 23:00:00+00:00,2020-11-19 00:00:00+00:00,50731.21,6353.17,30686.8325,0.0,56427.33,37040.0025,-0.6772399381909491,0.7357622347736527,-0.2588190451025215,0.965925826289068,0.9749279121818236,-0.2225209339563143,0,weekday,13.85
2020-11-19,2020,11,19,324,23,3,32.49,2020-11-19 23:00:00+00:00,2020-11-20 00:00:00+00:00,52005.2525,5363.2275,19929.1775,0.0,50858.96,25292.405,-0.6644834655228552,0.7473029667054296,-0.2588190451025215,0.965925826289068,0.4338837391175582,-0.900968867902419,0,weekday,13.475
2020-11-20,2020,11,20,325,23,4,35.33,2020-11-20 23:00:00+00:00,2020-11-21 00:00:00+00:00,50417.665,5991.935,11271.94,0.0,44144.24,17263.875,-0.6515303615068021,0.75862255966641,-0.2588190451025215,0.965925826289068,-0.433883739117558,-0.9009688679024191,0,weekday,12.7
2020-11-21,2020,11,21,326,23,5,10.04,2020-11-21 23:00:00+00:00,2020-11-22 00:00:00+00:00,44342.975,5575.5125,24856.5425,0.0,52338.84,30432.055,-0.6383844591746642,0.7697176640069211,-0.2588190451025215,0.965925826289068,-0.9749279121818236,-0.2225209339563146,0,weekend,12.895
2020-11-22,2020,11,22,327,23,6,33.08,2020-11-22 23:00:00+00:00,2020-11-23 00:00:00+00:00,45706.42,6155.3825,14457.46,0.0,47383.13,20612.8425,-0.6250496486104377,0.7805849965070866,-0.2588190451025215,0.965925826289068,-0.7818314824680299,0.6234898018587334,0,weekend,13.0975
2020-11-23,2020,11,23,328,23,0,32.55,2020-11-23 23:00:00+00:00,2020-11-24 00:00:00+00:00,49949.1175,6490.0225,11454.1225,0.0,51052.16,17944.145,-0.6115298757991053,0.7912213413483807,-0.2588190451025215,0.965925826289068,0.0,1.0,0,weekday,13.3
2020-11-24,2020,11,24,329,23,1,35.44,2020-11-24 23:00:00+00:00,2020-11-25 00:00:00+00:00,50436.2225,5246.9975,9579.7125,0.0,46959.65,14826.71,-0.5978291414589552,0.801623551065242,-0.2588190451025215,0.965925826289068,0.7818314824680298,0.6234898018587336,0,weekday,13.45
2020-11-25,2020,11,25,330,23,2,37.39,2020-11-25 23:00:00+00:00,2020-11-26 00:00:00+00:00,50663.4675,3726.445,9831.72,0.0,48593.43,13558.165,-0.5839514998576998,0.8117885474764613,-0.2588190451025215,0.965925826289068,0.9749279121818236,-0.2225209339563143,0,weekday,14.15
2020-11-26,2020,11,26,331,23,3,45.97,2020-11-26 23:00:00+00:00,2020-11-27 00:00:00+00:00,51026.895,493.4475,1453.23,0.0,44301.29,1946.6775,-0.5699010576127624,0.8217133225960589,-0.2588190451025215,0.965925826289068,0.4338837391175582,-0.900968867902419,0,weekday,13.93
2020-11-27,2020,11,27,332,23,4,48.93,2020-11-27 23:00:00+00:00,2020-11-28 00:00:00+00:00,48490.76,1559.0925,2877.36,0.0,45346.56,4436.4525,-0.5556819724760489,0.8313949395234058,-0.2588190451025215,0.965925826289068,-0.433883739117558,-0.9009688679024191,0,weekday,13.835
2020-11-28,2020,11,28,333,23,5,38.9,2020-11-28 23:00:00+00:00,2020-11-29 00:00:00+00:00,46030.98,1649.7875,6491.3525,0.0,40247.07,8141.139999999999,-0.5412984521036173,0.8408305333122887,-0.2588190451025215,0.965925826289068,-0.9749279121818236,-0.2225209339563146,0,weekend,14.485
2020-11-29,2020,11,29,334,23,6,46.6,2020-11-29 23:00:00+00:00,2020-11-30 00:00:00+00:00,47497.3375,525.8275,1913.6925,0.0,39399.91,2439.52,-0.5267547528105542,0.8500173118187018,-0.2588190451025215,0.965925826289068,-0.7818314824680299,0.6234898018587334,0,weekend,14.735
2020-11-30,2020,11,30,335,23,0,32.04,2020-11-30 23:00:00+00:00,2020-12-01 00:00:00+00:00,51416.6625,3720.9575,17247.225,0.0,51180.76,20968.1825,-0.5120551783114646,0.8589525565270845,-0.2588190451025215,0.965925826289068,0.0,1.0,0,weekday,14.985
2020-12-01,2020,12,1,336,23,1,47.8,2020-12-01 23:00:00+00:00,2020-12-02 00:00:00+00:00,52191.7025,748.7625,2095.04,0.0,46785.39,2843.8025,-0.4972040784469378,0.8676336233547726,-0.2588190451025215,0.965925826289068,0.7818314824680298,0.6234898018587336,0,weekday,15.475
2020-12-02,2020,12,2,337,23,2,41.85,2020-12-02 23:00:00+00:00,2020-12-03 00:00:00+00:00,53009.235,4979.4075,6693.2575,0.0,48391.38,11672.665,-0.4822058478963526,0.8760579434344281,-0.2588190451025215,0.965925826289068,0.9749279121818236,-0.2225209339563143,0,weekday,14.45
2020-12-03,2020,12,3,338,23,3,30.83,2020-12-03 23:00:00+00:00,2020-12-04 00:00:00+00:00,53003.35,6639.2275,23864.5375,0.0,56271.29,30503.765,-0.4670649248774303,0.8842230238742036,-0.2588190451025215,0.965925826289068,0.4338837391175582,-0.900968867902419,0,weekday,14.6
2020-12-04,2020,12,4,339,23,4,41.03,2020-12-04 23:00:00+00:00,2020-12-05 00:00:00+00:00,52679.3325,1826.35,8382.650000000001,0.0,44830.83,10209.000000000002,-0.451785789832884,0.8921264484954345,-0.2588190451025215,0.965925826289068,-0.433883739117558,-0.9009688679024191,0,weekday,14.55
2020-12-05,2020,12,5,340,23,5,41.06,2020-12-05 23:00:00+00:00,2020-12-06 00:00:00+00:00,45855.7875,1703.385,5214.15,0.0,41274.39,6917.535,-0.4363729641045924,0.8997658785476209,-0.2588190451025215,0.965925826289068,-0.9749279121818236,-0.2225209339563146,0,weekend,14.645
2020-12-06,2020,12,6,341,23,6,36.17,2020-12-06 23:00:00+00:00,2020-12-07 00:00:00+00:00,47238.240000000005,1695.1875,11452.66,0.0,47841.02,13147.8475,-0.4208310085956556,0.9071390534005044,-0.2588190451025215,0.965925826289068,-0.7818314824680299,0.6234898018587334,0,weekend,14.372499999999999
2020-12-07,2020,12,7,342,23,0,41.12,2020-12-07 23:00:00+00:00,2020-12-08 00:00:00+00:00,51815.880000000005,3338.9275,3775.9125,0.0,46386.41,7114.84,-0.4051645224207563,0.9142437912130223,-0.2588190451025215,0.965925826289068,0.0,1.0,0,weekday,14.1
2020-12-08,2020,12,8,343,23,1,40.32,2020-12-08 23:00:00+00:00,2020-12-09 00:00:00+00:00,52285.08,927.4875,4513.2625,0.0,47558.25,5440.75,-0.3893781415452015,0.9210779895789526,-0.2588190451025215,0.965925826289068,0.7818314824680298,0.6234898018587336,0,weekday,14.3
2020-12-09,2020,12,9,344,23,2,40.7,2020-12-09 23:00:00+00:00,2020-12-10 00:00:00+00:00,51868.67,2394.79,2515.1675,0.0,45219.21,4909.9575,-0.3734765374130707,0.9276396261490468,-0.2588190451025215,0.965925826289068,0.9749279121818236,-0.2225209339563143,0,weekday,14.35
2020-12-10,2020,12,10,345,23,3,40.55,2020-12-10 23:00:00+00:00,2020-12-11 00:00:00+00:00,51078.81,2367.92,4167.6125,0.0,42800.32,6535.5325,-0.3574644155648614,0.9339267592294762,-0.2588190451025215,0.965925826289068,0.4338837391175582,-0.900968867902419,0,weekday,15.3
2020-12-11,2020,12,11,346,23,4,37.0,2020-12-11 23:00:00+00:00,2020-12-12 00:00:00+00:00,49415.195,5111.1775,13819.84,0.0,49770.09,18931.0175,-0.3413465142450361,0.9399375283564132,-0.2588190451025215,0.965925826289068,-0.433883739117558,-0.9009688679024191,0,weekday,15.525
2020-12-12,2020,12,12,347,23,5,42.99,2020-12-12 23:00:00+00:00,2020-12-13 00:00:00+00:00,44770.3125,540.79,3920.9225,0.0,36873.71,4461.7125,-0.3251276029999093,0.9456701548465688,-0.2588190451025215,0.965925826289068,-0.9749279121818236,-0.2225209339563146,0,weekend,15.96
2020-12-13,2020,12,13,348,23,6,34.01,2020-12-13 23:00:00+00:00,2020-12-14 00:00:00+00:00,46981.9525,5435.24,11572.255,0.0,43872.81,17007.495,-0.3088124812662537,0.9511229423235356,-0.2588190451025215,0.965925826289068,-0.7818314824680299,0.6234898018587334,0,weekend,16.205
2020-12-14,2020,12,14,349,23,0,37.03,2020-12-14 23:00:00+00:00,2020-12-15 00:00:00+00:00,51108.39,4507.7125,12489.42,0.0,48094.5,16997.1325,-0.2924059769510773,0.956294277219772,-0.2588190451025215,0.965925826289068,0.0,1.0,0,weekday,16.45
2020-12-15,2020,12,15,350,23,1,43.52,2020-12-15 23:00:00+00:00,2020-12-16 00:00:00+00:00,51038.817500000005,2910.045,6117.965,0.0,44179.45,9028.01,-0.2759129450029604,0.9611826292540836,-0.2588190451025215,0.965925826289068,0.7818314824680298,0.6234898018587336,0,weekday,17.1
2020-12-16,2020,12,16,351,23,2,35.47,2020-12-16 23:00:00+00:00,2020-12-17 00:00:00+00:00,50399.5575,5579.505,16603.0775,0.0,49618.4,22182.5825,-0.2593382659754056,0.9657865518844574,-0.2588190451025215,0.965925826289068,0.9749279121818236,-0.2225209339563143,0,weekday,17.05
2020-12-17,2020,12,17,352,23,3,40.0,2020-12-17 23:00:00+00:00,2020-12-18 00:00:00+00:00,50569.802500000005,5844.8675,13361.41,0.0,47014.85,19206.2775,-0.2426868445825954,0.9701046827361176,-0.2588190451025215,0.965925826289068,0.4338837391175582,-0.900968867902419,0,weekday,16.175
2020-12-18,2020,12,18,353,23,4,34.62,2020-12-18 23:00:00+00:00,2020-12-19 00:00:00+00:00,49433.74,6101.9325,15669.12,0.0,47482.88,21771.0525,-0.225963608248019,0.974135744004672,-0.2588190451025215,0.965925826289068,-0.433883739117558,-0.9009688679024191,0,weekday,15.75
2020-12-19,2020,12,19,354,23,5,30.58,2020-12-19 23:00:00+00:00,2020-12-20 00:00:00+00:00,44259.37,5854.5975,16303.3575,0.0,46867.43,22157.955,-0.2091735056463563,0.9778785428342386,-0.2588190451025215,0.965925826289068,-0.9749279121818236,-0.2225209339563146,0,weekend,15.885
2020-12-20,2020,12,20,355,23,6,39.3,2020-12-20 23:00:00+00:00,2020-12-21 00:00:00+00:00,44287.545,5404.6975,13794.0075,0.0,43831.39,19198.705,-0.1923215052390948,0.9813319716704276,-0.2588190451025215,0.965925826289068,-0.7818314824680299,0.6234898018587334,0,weekend,16.1425
2020-12-21,2020,12,21,356,23,0,1.49,2020-12-21 23:00:00+00:00,2020-12-22 00:00:00+00:00,46344.465,6260.335,29986.3925,0.0,55282.42,36246.7275,-0.1754125938042784,0.9844950085880858,-0.2588190451025215,0.965925826289068,0.0,1.0,0,weekday,16.4
2020-12-22,2020,12,22,357,23,1,38.6,2020-12-22 23:00:00+00:00,2020-12-23 00:00:00+00:00,47870.2075,1405.31,8645.11,0.0,36368.54,10050.42,-0.1584517749608363,0.9873667175937016,-0.2588190451025215,0.965925826289068,0.7818314824680298,0.6234898018587336,0,weekday,17.2
2020-12-23,2020,12,23,358,23,2,1.59,2020-12-23 23:00:00+00:00,2020-12-24 00:00:00+00:00,43473.985,4131.6225,23173.36,0.0,47748.5,27304.9825,-0.141444067687942,0.989946248902378,-0.2588190451025215,0.965925826289068,0.9749279121818236,-0.2225209339563143,0,weekday,17.65
2020-12-24,2020,12,24,359,23,3,29.9,2020-12-24 23:00:00+00:00,2020-12-25 00:00:00+00:00,42271.57,3850.795,11266.485,0.0,36992.77,15117.28,-0.1243945048397999,0.9922328391893008,-0.2588190451025215,0.965925826289068,0.4338837391175582,-0.900968867902419,0,weekday,17.65
2020-12-25,2020,12,25,360,23,4,39.8,2020-12-25 23:00:00+00:00,2020-12-26 00:00:00+00:00,41198.805,1599.575,6424.9175,0.0,32916.01,8024.492499999999,-0.1073081316563624,0.994225811815616,-0.2588190451025215,0.965925826289068,-0.433883739117558,-0.9009688679024191,1,holiday,17.65
2020-12-26,2020,12,26,361,23,5,-6.87,2020-12-26 23:00:00+00:00,2020-12-27 00:00:00+00:00,40524.5625,3883.47,32670.565,0.0,55685.46,36554.035,-0.0901900042703451,0.99592457702866,-0.2588190451025215,0.965925826289068,-0.9749279121818236,-0.2225209339563146,1,holiday,18.15
2020-12-27,2020,12,27,362,23,6,4.5,2020-12-27 23:00:00+00:00,2020-12-28 00:00:00+00:00,42431.73,2347.97,27720.05,0.0,48315.64,30068.02,-0.0730451882110474,0.9973286321364752,-0.2588190451025215,0.965925826289068,-0.7818314824680299,0.6234898018587334,0,weekend,18.65
2020-12-28,2020,12,28,363,23,0,38.8,2020-12-28 23:00:00+00:00,2020-12-29 00:00:00+00:00,46751.53,878.89,6580.5525,0.0,31792.34,7459.4425,-0.0558787569053731,0.9984375616565666,-0.2588190451025215,0.965925826289068,0.0,1.0,0,weekday,19.15
2020-12-29,2020,12,29,364,23,1,38.05,2020-12-29 23:00:00+00:00,2020-12-30 00:00:00+00:00,43995.605,2165.205,15844.2975,0.0,41694.22,18009.502500000002,-0.0386957901765268,0.999251037438848,-0.2588190451025215,0.965925826289068,0.7818314824680298,0.6234898018587336,0,weekday,19.0
2020-12-30,2020,12,30,365,23,2,38.54,2020-12-30 23:00:00+00:00,2020-12-31 00:00:00+00:00,46261.265,3590.19,16383.9625,0.0,44448.36,19974.1525,-0.0215013727408137,0.999768818762748,-0.2588190451025215,0.965925826289068,0.9749279121818236,-0.2225209339563143,0,weekday,19.15
2020-12-31,2020,12,31,366,23,3,50.87,2020-12-31 23:00:00+00:00,2021-01-01 00:00:00+00:00,43520.585,531.235,4102.2925,0.0,43269.72,4633.527499999999,-0.0043005927029819,0.9999907524084426,-0.2588190451025215,0.965925826289068,0.4338837391175582,-0.900968867902419,0,weekday,19.125
2021-01-01,2021,1,1,1,23,4,46.69,2021-01-01 23:00:00+00:00,2021-01-02 00:00:00+00:00,42874.62,430.1725,4434.69,0.0,42710.61,4864.862499999999,0.0,1.0,-0.2588190451025215,0.965925826289068,-0.433883739117558,-0.9009688679024191,1,holiday,19.125
2021-01-02,2021,1,2,2,23,5,46.11,2021-01-02 23:00:00+00:00,2021-01-03 00:00:00+00:00,42478.6875,2282.8450000000003,5190.72,0.0,44869.97,7473.565,0.0172015754182605,0.9998520419557736,-0.2588190451025215,0.965925826289068,-0.9749279121818236,-0.2225209339563146,0,weekend,19.233333333333334
2021-01-03,2021,1,3,3,23,6,29.33,2021-01-03 23:00:00+00:00,2021-01-04 00:00:00+00:00,43894.505,6292.91,15892.505,0.0,57002.93,22185.415,0.034398060613608,0.9994082116062598,-0.2588190451025215,0.965925826289068,-0.7818314824680299,0.6234898018587334,0,weekend,19.341666666666665
2021-01-04,2021,1,4,4,23,0,37.54,2021-01-04 23:00:00+00:00,2021-01-05 00:00:00+00:00,45670.795,6231.2825,11035.3,0.0,57109.2,17266.5825,0.0515843668694083,0.9986686402879996,-0.2588190451025215,0.965925826289068,0.0,1.0,0,weekday,19.45
2021-01-05,2021,1,5,5,23,1,44.41,2021-01-05 23:00:00+00:00,2021-01-06 00:00:00+00:00,47066.9775,4413.7575,11868.14,0.0,56082.38,16281.8975,0.0687554084811394,0.9976335468520452,-0.2588190451025215,0.965925826289068,0.7818314824680298,0.6234898018587336,0,weekday,18.905
2021-01-06,2021,1,6,6,23,2,51.03,2021-01-06 23:00:00+00:00,2021-01-07 00:00:00+00:00,47719.3875,1550.33,5743.2775,0.0,54878.53,7293.6075,0.0859061042613327,0.9963032375991964,-0.2588190451025215,0.965925826289068,0.9749279121818236,-0.2225209339563143,0,weekday,17.875
2021-01-07,2021,1,7,7,23,3,50.53,2021-01-07 23:00:00+00:00,2021-01-08 00:00:00+00:00,48679.415,1052.37,6425.9825,0.0,56349.98,7478.3525,0.1030313790431787,0.9946781061893646,-0.2588190451025215,0.965925826289068,0.4338837391175582,-0.900968867902419,0,weekday,18.275
2021-01-08,2021,1,8,8,23,4,54.73,2021-01-08 23:00:00+00:00,2021-01-09 00:00:00+00:00,47945.2275,750.5325,3928.16,0.0,53819.48,4678.6925,0.1201261651823505,0.9927586335250792,-0.2588190451025215,0.965925826289068,-0.433883739117558,-0.9009688679024191,0,weekday,20.4
2021-01-09,2021,1,9,9,23,5,54.65,2021-01-09 23:00:00+00:00,2021-01-10 00:00:00+00:00,45597.6175,1153.785,1982.7675,0.0,50153.49,3136.5525,0.1371854040566005,0.9905453876091832,-0.2588190451025215,0.965925826289068,-0.9749279121818236,-0.2225209339563146,0,weekend,20.12
2021-01-10,2021,1,10,10,23,6,44.9,2021-01-10 23:00:00+00:00,2021-01-11 00:00:00+00:00,47677.5675,3924.455,10678.4525,0.0,52440.84,14602.9075,0.1542040475626894,0.988039023376751,-0.2588190451025215,0.965925826289068,-0.7818314824680299,0.6234898018587334,0,weekend,20.735
2021-01-11,2021,1,11,11,23,0,18.96,2021-01-11 23:00:00+00:00,2021-01-12 00:00:00+00:00,51216.2275,5263.8,33522.0,0.0,68860.86,38785.8,0.1711770596101998,0.985240282501282,-0.2588190451025215,0.965925826289068,0.0,1.0,0,weekday,21.35
2021-01-12,2021,1,12,12,23,1,34.59,2021-01-12 23:00:00+00:00,2021-01-13 00:00:00+00:00,54797.74,6191.5675,25339.9925,0.0,63562.93,31531.56,0.1880994176117975,0.9821499931752292,-0.2588190451025215,0.965925826289068,0.7818314824680298,0.6234898018587336,0,weekday,23.24
2021-01-13,2021,1,13,13,23,2,37.3,2021-01-13 23:00:00+00:00,2021-01-14 00:00:00+00:00,53416.98,5332.52,26228.4125,0.0,63110.64,31560.9325,0.2049661139694953,0.9787690698649216,-0.2588190451025215,0.965925826289068,0.9749279121818236,-0.2225209339563143,0,weekday,23.475
2021-01-14,2021,1,14,14,23,3,48.98,2021-01-14 23:00:00+00:00,2021-01-15 00:00:00+00:00,56068.125,625.1275,6687.9475,0.0,54289.16,7313.075000000001,0.2217721575564818,0.975098513039961,-0.2588190451025215,0.965925826289068,0.4338837391175582,-0.900968867902419,0,weekday,21.25
2021-01-15,2021,1,15,15,23,4,58.41,2021-01-15 23:00:00+00:00,2021-01-16 00:00:00+00:00,53146.9925,206.115,3427.0775000000003,0.0,50903.24,3633.1925,0.2385125751940764,0.9711394088771652,-0.2588190451025215,0.965925826289068,-0.433883739117558,-0.9009688679024191,0,weekday,20.1
2021-01-16,2021,1,16,16,23,5,47.99,2021-01-16 23:00:00+00:00,2021-01-17 00:00:00+00:00,46832.015,3720.0175,4980.4925,0.0,49998.44,8700.51,0.2551824131233728,0.966892928939152,-0.2588190451025215,0.965925826289068,-0.9749279121818236,-0.2225209339563146,0,weekend,20.2
2021-01-17,2021,1,17,17,23,6,50.22,2021-01-17 23:00:00+00:00,2021-01-18 00:00:00+00:00,48850.615,1872.1475,7825.1075,0.0,53484.89,9697.255,0.2717767384711357,0.9623603298276544,-0.2588190451025215,0.965925826289068,-0.7818314824680299,0.6234898018587334,0,weekend,19.833333333333332
2021-01-18,2021,1,18,18,23,0,36.68,2021-01-18 23:00:00+00:00,2021-01-19 00:00:00+00:00,57042.1575,5787.98,24438.84,0.0,63569.24,30226.82,0.2882906407095177,0.957542952811672,-0.2588190451025215,0.965925826289068,0.0,1.0,0,weekday,19.46666666666667
2021-01-19,2021,1,19,19,23,1,30.33,2021-01-19 23:00:00+00:00,2021-01-20 00:00:00+00:00,55597.385,5299.5975,31427.9175,0.0,67360.09,36727.515,0.3047192331091634,0.9524422234305676,-0.2588190451025215,0.965925826289068,0.7818314824680298,0.6234898018587336,0,weekday,19.1
2021-01-20,2021,1,20,20,23,2,24.85,2021-01-20 23:00:00+00:00,2021-01-21 00:00:00+00:00,57423.605,6119.8925,32760.9625,0.0,67258.71,38880.855,0.321057654185271,0.9470596510722284,-0.2588190451025215,0.965925826289068,0.9749279121818236,-0.2225209339563143,0,weekday,21.4
2021-01-21,2021,1,21,21,23,3,9.1,2021-01-21 23:00:00+00:00,2021-01-22 00:00:00+00:00,53431.2625,4688.4475,32743.23,0.0,64750.64,37431.6775,0.3373010691361842,0.9413968285264122,-0.2588190451025215,0.965925826289068,0.4338837391175582,-0.900968867902419,0,weekday,19.825
2021-01-22,2021,1,22,22,23,4,44.61,2021-01-22 23:00:00+00:00,2021-01-23 00:00:00+00:00,52502.8675,4075.6375,8341.915,0.0,53453.01,12417.552500000002,0.3534446712740877,0.9354554315134164,-0.2588190451025215,0.965925826289068,-0.433883739117558,-0.9009688679024191,0,weekday,20.75
2021-01-23,2021,1,23,23,23,5,44.8,2021-01-23 23:00:00+00:00,2021-01-24 00:00:00+00:00,46818.33,248.2775,4928.06,0.0,47538.29,5176.337500000001,0.3694836834473831,0.9292372181882051,-0.2588190451025215,0.965925826289068,-0.9749279121818236,-0.2225209339563146,0,weekend,21.485
2021-01-24,2021,1,24,24,23,6,46.62,2021-01-24 23:00:00+00:00,2021-01-25 00:00:00+00:00,48297.2625,230.2975,3526.145,0.0,47051.52,3756.4425,0.3854133594543256,0.9227440286201428,-0.2588190451025215,0.965925826289068,-0.7818314824680299,0.6234898018587334,0,weekend,21.8175
2021-01-25,2021,1,25,25,23,0,50.95,2021-01-25 23:00:00+00:00,2021-01-26 00:00:00+00:00,54801.5425,840.535,12158.4625,0.0,57489.85,12998.9975,0.4012289854475009,0.9159777842484876,-0.2588190451025215,0.965925826289068,0.0,1.0,0,weekday,22.15
2021-01-26,2021,1,26,26,23,1,46.83,2021-01-26 23:00:00+00:00,2021-01-27 00:00:00+00:00,53543.895,2443.3,12038.98,0.0,58410.99,14482.28,0.4169258813287287,0.908940487313808,-0.2588190451025215,0.965925826289068,0.7818314824680298,0.6234898018587336,0,weekday,19.8
2021-01-27,2021,1,27,27,23,2,46.87,2021-01-27 23:00:00+00:00,2021-01-28 00:00:00+00:00,53103.27,1412.475,12743.215,0.0,61338.73,14155.69,0.4324994021339788,0.901634220265486,-0.2588190451025215,0.965925826289068,0.9749279121818236,-0.2225209339563143,0,weekday,19.0
2021-01-28,2021,1,28,28,23,3,42.71,2021-01-28 23:00:00+00:00,2021-01-29 00:00:00+00:00,53472.14,4145.24,8126.4425,0.0,52159.15,12271.6825,0.4479449394078911,0.8940611451454876,-0.2588190451025215,0.965925826289068,0.4338837391175582,-0.900968867902419,0,weekday,20.6
2021-01-29,2021,1,29,29,23,4,42.02,2021-01-29 23:00:00+00:00,2021-01-30 00:00:00+00:00,50984.9925,3770.9575,16727.78,0.0,57399.39,20498.7375,0.4632579225674917,0.88622350294858,-0.2588190451025215,0.965925826289068,-0.433883739117558,-0.9009688679024191,0,weekday,20.6
2021-01-30,2021,1,30,30,23,5,42.08,2021-01-30 23:00:00+00:00,2021-01-31 00:00:00+00:00,45422.52,1062.96,7392.705,0.0,44725.88,8455.665,0.4784338202547012,0.8781236129591848,-0.2588190451025215,0.965925826289068,-0.9749279121818236,-0.2225209339563146,0,weekend,19.82
2021-01-31,2021,1,31,31,23,6,41.18,2021-01-31 23:00:00+00:00,2021-02-01 00:00:00+00:00,48230.9,1539.86,10751.7475,0.0,48034.07,12291.6075,0.4934681416772373,0.8697638720650646,-0.2588190451025215,0.965925826289068,-0.7818314824680299,0.6234898018587334,0,weekend,19.435000000000002
2021-02-01,2021,2,1,32,23,0,46.13,2021-02-01 23:00:00+00:00,2021-02-02 00:00:00+00:00,52923.37,399.155,4899.0825,0.0,50613.98,5298.2375,0.5083564379375122,0.8611467540480452,-0.2588190451025215,0.965925826289068,0.0,1.0,0,weekday,19.05
2021-02-02,2021,2,2,33,23,1,35.58,2021-02-02 23:00:00+00:00,2021-02-03 00:00:00+00:00,53141.4275,4958.1325,14791.075,0.0,52891.41,19749.2075,0.5230943033491326,0.8522748088519838,-0.2588190451025215,0.965925826289068,0.7818314824680298,0.6234898018587336,0,weekday,18.2
2021-02-03,2021,2,3,34,23,2,33.87,2021-02-03 23:00:00+00:00,2021-02-04 00:00:00+00:00,53047.1875,6435.185,23172.2025,0.0,62485.81,29607.3875,0.5376773767406141,0.8431506618282,-0.2588190451025215,0.965925826289068,0.9749279121818236,-0.2225209339563143,0,weekday,17.65
2021-02-04,2021,2,4,35,23,3,45.57,2021-02-04 23:00:00+00:00,2021-02-05 00:00:00+00:00,53605.065,4831.7475,6316.385,0.0,54025.29,11148.1325,0.5521013427459208,0.8337770129585915,-0.2588190451025215,0.965925826289068,0.4338837391175582,-0.900968867902419,0,weekday,17.85
2021-02-05,2021,2,5,36,23,4,40.68,2021-02-05 23:00:00+00:00,2021-02-06 00:00:00+00:00,49746.855,6699.0,15233.515,0.0,53281.12,21932.515,0.5663619330814524,0.8241566360566663,-0.2588190451025215,0.965925826289068,-0.433883739117558,-0.9009688679024191,0,weekday,18.55
2021-02-06,2021,2,6,37,23,5,-1.24,2021-02-06 23:00:00+00:00,2021-02-07 00:00:00+00:00,46191.7575,3737.485,31200.15,0.0,62198.35,34937.635,0.580454927809098,0.8142923779467267,-0.2588190451025215,0.965925826289068,-0.9749279121818236,-0.2225209339563146,0,weekend,18.38
2021-02-07,2021,2,7,38,23,6,7.69,2021-02-07 23:00:00+00:00,2021-02-08 00:00:00+00:00,49504.3275,4867.8175,27289.36,0.0,61174.94,32157.1775,0.5943761565849831,0.804187157621448,-0.2588190451025215,0.965925826289068,-0.7818314824680299,0.6234898018587334,0,weekend,19.377499999999998
2021-02-08,2021,2,8,39,23,0,47.75,2021-02-08 23:00:00+00:00,2021-02-09 00:00:00+00:00,55235.3275,5571.8775000000005,6677.855,0.0,57046.93,12249.7325,0.6081214998935418,0.7938439653781019,-0.2588190451025215,0.965925826289068,0.0,1.0,0,weekday,20.375
2021-02-09,2021,2,9,40,23,1,51.5,2021-02-09 23:00:00+00:00,2021-02-10 00:00:00+00:00,56534.3525,3350.435,4639.68,0.0,54959.89,7990.115,0.6216868902665479,0.7832658619336791,-0.2588190451025215,0.965925826289068,0.7818314824680298,0.6234898018587336,0,weekday,18.855
2021-02-10,2021,2,10,41,23,2,55.64,2021-02-10 23:00:00+00:00,2021-02-11 00:00:00+00:00,56608.65,1580.7875,7305.915,0.0,56788.91,8886.7025,0.6350683134867438,0.7724559775191742,-0.2588190451025215,0.965925826289068,0.9749279121818236,-0.2225209339563143,0,weekday,18.85
2021-02-11,2021,2,11,42,23,3,51.05,2021-02-11 23:00:00+00:00,2021-02-12 00:00:00+00:00,57001.4375,2836.295,6624.5975,0.0,56061.96,9460.8925,0.6482618097757122,0.7614175109532997,-0.2588190451025215,0.965925826289068,0.4338837391175582,-0.900968867902419,0,weekday,18.15
2021-02-12,2021,2,12,43,23,4,48.07,2021-02-12 23:00:00+00:00,2021-02-13 00:00:00+00:00,55523.7825,960.56,11836.8725,0.0,55803.77,12797.4325,0.6612634749656386,0.7501537286959042,-0.2588190451025215,0.965925826289068,-0.433883739117558,-0.9009688679024191,0,weekday,17.07
2021-02-13,2021,2,13,44,23,5,45.72,2021-02-13 23:00:00+00:00,2021-02-14 00:00:00+00:00,52596.7675,2545.4525,8478.8025,0.0,51586.39,11024.255,0.6740694616546161,0.7386679638813748,-0.2588190451025215,0.965925826289068,-0.9749279121818236,-0.2225209339563146,0,weekend,17.62
2021-02-14,2021,2,14,45,23,6,38.46,2021-02-14 23:00:00+00:00,2021-02-15 00:00:00+00:00,53216.4875,6059.27,19096.1725,0.0,60352.07,25155.4425,0.6866759803451553,0.726963615332308,-0.2588190451025215,0.965925826289068,-0.7818314824680299,0.6234898018587334,0,weekend,17.330000000000002
2021-02-15,2021,2,15,46,23,0,46.29,2021-02-15 23:00:00+00:00,2021-02-16 00:00:00+00:00,54024.9825,1700.365,12881.28,0.0,55654.09,14581.645,0.6990793005655562,0.7150441465537444,-0.2588190451025215,0.965925826289068,0.0,1.0,0,weekday,17.04
2021-02-16,2021,2,16,47,23,1,42.01,2021-02-16 23:00:00+00:00,2021-02-17 00:00:00+00:00,53255.575,4975.3825,21377.4025,0.0,60675.7,26352.785,0.7112757519738152,0.7029130847082615,-0.2588190451025215,0.965925826289068,0.7818314824680298,0.6234898018587336,0,weekday,16.75
2021-02-17,2021,2,17,48,23,2,42.26,2021-02-17 23:00:00+00:00,2021-02-18 00:00:00+00:00,53589.15,5371.585,11225.5575,0.0,52546.64,16597.1425,0.7232617254437388,0.6905740195722293,-0.2588190451025215,0.965925826289068,0.9749279121818236,-0.2225209339563143,0,weekday,17.15
2021-02-18,2021,2,18,49,23,3,37.1,2021-02-18 23:00:00+00:00,2021-02-19 00:00:00+00:00,52493.585,6267.545,25861.4775,0.0,62222.73,32129.0225,0.7350336741329413,0.6780306024735382,-0.2588190451025215,0.965925826289068,0.4338837391175582,-0.900968867902419,0,weekday,16.9
2021-02-19,2021,2,19,50,23,4,39.51,2021-02-19 23:00:00+00:00,2021-02-20 00:00:00+00:00,52547.225,5817.8175,13740.6875,0.0,52530.3,19558.505,0.746588114532413,0.6652865452111116,-0.2588190451025215,0.965925826289068,-0.433883739117558,-0.9009688679024191,0,weekday,17.325
2021-02-20,2021,2,20,51,23,5,19.11,2021-02-20 23:00:00+00:00,2021-02-21 00:00:00+00:00,47164.75,6216.135,21413.1375,0.0,55866.7,27629.2725,0.7579216274973472,0.6523456189565257,-0.2588190451025215,0.965925826289068,-0.9749279121818236,-0.2225209339563146,0,weekend,16.555
2021-02-21,2021,2,21,52,23,6,40.04,2021-02-21 23:00:00+00:00,2021-02-22 00:00:00+00:00,48082.92,1934.7725,10545.9375,0.0,45613.52,12480.71,0.7690308592589181,0.6392116531380588,-0.2588190451025215,0.965925826289068,-0.7818314824680299,0.6234898018587334,0,weekend,16.4025
2021-02-22,2021,2,22,53,23,0,41.71,2021-02-22 23:00:00+00:00,2021-02-23 00:00:00+00:00,52042.81,4353.6375,11914.2275,0.0,52998.6,16267.865000000002,0.7799125224167177,0.6258885343075018,-0.2588190451025215,0.965925826289068,0.0,1.0,0,weekday,16.25
2021-02-23,2021,2,23,54,23,1,20.62,2021-02-23 23:00:00+00:00,2021-02-24 00:00:00+00:00,50670.235,6057.3025,17216.3425,0.0,53691.79,23273.645,0.7905633969115482,0.612380204990065,-0.2588190451025215,0.965925826289068,0.7818314824680298,0.6234898018587336,0,weekday,16.1
2021-02-24,2021,2,24,55,23,2,35.57,2021-02-24 23:00:00+00:00,2021-02-25 00:00:00+00:00,51494.7575,6223.5375,15357.225,0.0,55583.4,21580.7625,0.8009803309782905,0.5986906625177214,-0.2588190451025215,0.965925826289068,0.9749279121818236,-0.2225209339563143,0,weekday,16.125
2021-02-25,2021,2,25,56,23,3,45.1,2021-02-25 23:00:00+00:00,2021-02-26 00:00:00+00:00,50887.0975,3370.175,6632.1825,0.0,48505.43,10002.3575,0.8111602420785621,0.5848239578463322,-0.2588190451025215,0.965925826289068,0.4338837391175582,-0.900968867902419,0,weekday,16.4
2021-02-26,2021,2,26,57,23,4,44.0,2021-02-26 23:00:00+00:00,2021-02-27 00:00:00+00:00,48005.6875,2803.0975,10996.3025,0.0,49550.43,13799.4,0.8211001178128892,0.5707841943569036,-0.2588190451025215,0.965925826289068,-0.433883739117558,-0.9009688679024191,0,weekday,15.95
2021-02-27,2021,2,27,58,23,5,41.7,2021-02-27 23:00:00+00:00,2021-02-28 00:00:00+00:00,47089.7975,973.4975,5869.56,0.0,42177.41,6843.057500000001,0.8307970168121247,0.5565755266413303,-0.2588190451025215,0.965925826289068,-0.9749279121818236,-0.2225209339563146,0,weekend,15.695
2021-02-28,2021,2,28,59,23,6,42.5,2021-02-28 23:00:00+00:00,2021-03-01 00:00:00+00:00,45651.9725,310.6225,4011.1725,0.0,40985.68,4321.795,0.8402480696078469,0.5422021592729844,-0.2588190451025215,0.965925826289068,-0.7818314824680299,0.6234898018587334,0,weekend,15.8475
2021-03-01,2021,3,1,60,23,0,44.32,2021-03-01 23:00:00+00:00,2021-03-02 00:00:00+00:00,50840.345,930.1475,5021.175,0.0,48755.49,5951.3225,0.8494504794814806,0.527668345562516,-0.2588190451025215,0.965925826289068,0.0,1.0,0,weekday,16.0
2021-03-02,2021,3,2,61,23,1,45.52,2021-03-02 23:00:00+00:00,2021-03-03 00:00:00+00:00,50000.7725,379.7125,3568.955,0.0,50633.85,3948.6675,0.8584015232918917,0.512978386299228,-0.2588190451025215,0.965925826289068,0.7818314824680298,0.6234898018587336,0,weekday,16.005
2021-03-03,2021,3,3,62,23,2,48.12,2021-03-03 23:00:00+00:00,2021-03-04 00:00:00+00:00,49140.8,1576.955,9144.5925,0.0,52673.14,10721.5475,0.8670985522812081,0.4981366284784055,-0.2588190451025215,0.965925826289068,0.9749279121818236,-0.2225209339563143,0,weekday,15.6
2021-03-04,2021,3,4,63,23,3,45.63,2021-03-04 23:00:00+00:00,2021-03-05 00:00:00+00:00,49775.7825,2079.9125,8868.575,0.0,52526.23,10948.4875,0.8755389928586302,0.4831474640149687,-0.2588190451025215,0.965925826289068,0.4338837391175582,-0.900968867902419,0,weekday,15.59
2021-03-05,2021,3,5,64,23,4,48.0,2021-03-05 23:00:00+00:00,2021-03-06 00:00:00+00:00,48480.385,1426.835,4813.3825,0.0,48021.2,6240.2175,0.8837203473619977,0.4680153284438345,-0.2588190451025215,0.965925826289068,-0.433883739117558,-0.9009688679024191,0,weekday,15.85
2021-03-06,2021,3,6,65,23,5,45.25,2021-03-06 23:00:00+00:00,2021-03-07 00:00:00+00:00,44527.575,4533.7,10682.63,0.0,50834.11,15216.329999999998,0.8916401947968874,0.452744699607371,-0.2588190451025215,0.965925826289068,-0.9749279121818236,-0.2225209339563146,0,weekend,16.365
2021-03-07,2021,3,7,66,23,6,47.3,2021-03-07 23:00:00+00:00,2021-03-08 00:00:00+00:00,45624.5725,671.4475,6565.3150000000005,0.0,47550.3,7236.762500000001,0.8992961915530253,0.4373400963303323,-0.2588190451025215,0.965925826289068,-0.7818314824680299,0.6234898018587334,0,weekend,16.4575
2021-03-08,2021,3,8,67,23,0,47.52,2021-03-08 23:00:00+00:00,2021-03-09 00:00:00+00:00,50422.755,2552.9225,4927.915,0.0,53961.66,7480.8375,0.9066860720977984,0.4218060770826634,-0.2588190451025215,0.965925826289068,0.0,1.0,0,weekday,16.55
2021-03-09,2021,3,9,68,23,1,55.57,2021-03-09 23:00:00+00:00,2021-03-10 00:00:00+00:00,50686.1725,433.865,3092.5075,0.0,50298.74,3526.3725000000004,0.9138076496466616,0.4061472386305789,-0.2588190451025215,0.965925826289068,0.7818314824680298,0.6234898018587336,0,weekday,16.375
2021-03-10,2021,3,10,69,23,2,17.8,2021-03-10 23:00:00+00:00,2021-03-11 00:00:00+00:00,50967.8025,6306.9575,30666.7075,0.0,62668.04,36973.665,0.9206588168102428,0.3903682146763026,-0.2588190451025215,0.965925826289068,0.9749279121818236,-0.2225209339563143,0,weekday,17.15
2021-03-11,2021,3,11,70,23,3,17.61,2021-03-11 23:00:00+00:00,2021-03-12 00:00:00+00:00,53154.7825,5851.125,33196.2525,0.0,64103.69,39047.3775,0.9272375462179536,0.374473674486883,-0.2588190451025215,0.965925826289068,0.4338837391175582,-0.900968867902419,0,weekday,17.475
2021-03-12,2021,3,12,71,23,4,26.61,2021-03-12 23:00:00+00:00,2021-03-13 00:00:00+00:00,53521.5925,5816.095,30799.2625,0.0,62175.03,36615.3575,0.9335418911179212,0.3584683215124808,-0.2588190451025215,0.965925826289068,-0.433883739117558,-0.9009688679024191,0,weekday,17.97
2021-03-13,2021,3,13,72,23,5,-4.92,2021-03-13 23:00:00+00:00,2021-03-14 00:00:00+00:00,45548.1675,5696.41,35932.0175,0.0,60761.99,41628.427500000005,0.9395699859530622,0.342356891994542,-0.2588190451025215,0.965925826289068,-0.9749279121818236,-0.2225209339563146,0,weekend,18.45
2021-03-14,2021,3,14,73,23,6,40.67,2021-03-14 23:00:00+00:00,2021-03-15 00:00:00+00:00,46319.5775,5581.3825,18055.86,0.0,50568.8,23637.2425,0.945320046913132,0.3261441535642696,-0.2588190451025215,0.965925826289068,-0.7818314824680299,0.6234898018587334,0,weekend,18.310000000000002
2021-03-15,2021,3,15,74,23,0,45.46,2021-03-15 23:00:00+00:00,2021-03-16 00:00:00+00:00,49561.94,4844.6675,21162.4775,0.0,55721.6,26007.145,0.9507903724625832,0.3098349038318025,-0.2588190451025215,0.965925826289068,0.0,1.0,0,weekday,18.17
2021-03-16,2021,3,16,75,23,1,46.14,2021-03-16 23:00:00+00:00,2021-03-17 00:00:00+00:00,52188.8275,3417.28,6223.775,0.0,47595.63,9641.055,0.9559793438440766,0.2934339689665273,-0.2588190451025215,0.965925826289068,0.7818314824680298,0.6234898018587336,0,weekday,17.83
2021-03-17,2021,3,17,76,23,2,51.12,2021-03-17 23:00:00+00:00,2021-03-18 00:00:00+00:00,50922.94,395.465,2928.3975,0.0,48363.47,3323.8625,0.9608854255574976,0.2769462022689364,-0.2588190451025215,0.965925826289068,0.9749279121818236,-0.2225209339563143,0,weekday,17.45
2021-03-18,2021,3,18,77,23,3,61.12,2021-03-18 23:00:00+00:00,2021-03-19 00:00:00+00:00,51554.0825,1338.2325,5502.4725,0.0,50586.55,6840.705,0.9655071658143364,0.2603764827344581,-0.2588190451025215,0.965925826289068,0.4338837391175582,-0.900968867902419,0,weekday,18.16
2021-03-19,2021,3,19,78,23,4,58.82,2021-03-19 23:00:00+00:00,2021-03-20 00:00:00+00:00,49816.225000000006,134.0575,6838.2825,0.0,47216.82,6972.34,0.969843196967294,0.2437297136096838,-0.2588190451025215,0.965925826289068,-0.433883739117558,-0.9009688679024191,0,weekday,17.35
2021-03-20,2021,3,20,79,23,5,39.65,2021-03-20 23:00:00+00:00,2021-03-21 00:00:00+00:00,50834.975,6096.905,18458.3375,0.0,52956.57,24555.2425,0.9738922359149924,0.2270108209414184,-0.2588190451025215,0.965925826289068,-0.9749279121818236,-0.2225209339563146,0,weekend,17.265
2021-03-21,2021,3,21,80,23,6,49.55,2021-03-21 23:00:00+00:00,2021-03-22 00:00:00+00:00,47173.0875,4385.9175,11775.875,0.0,49880.8,16161.7925,0.977653084481664,0.2102247521189836,-0.2588190451025215,0.965925826289068,-0.7818314824680299,0.6234898018587334,0,weekend,17.2675
2021-03-22,2021,3,22,81,23,0,54.55,2021-03-22 23:00:00+00:00,2021-03-23 00:00:00+00:00,52086.7025,2392.28,7650.0,0.0,51262.38,10042.28,0.981124629771712,0.1933764744102058,-0.2588190451025215,0.965925826289068,0.0,1.0,0,weekday,17.27
2021-03-23,2021,3,23,82,23,1,47.59,2021-03-23 23:00:00+00:00,2021-03-24 00:00:00+00:00,50250.9375,4118.7375,6454.3725,0.0,52782.55,10573.11,0.984305844499033,0.1764709734915216,-0.2588190451025215,0.965925826289068,0.7818314824680298,0.6234898018587336,0,weekday,17.85
2021-03-24,2021,3,24,83,23,2,54.56,2021-03-24 23:00:00+00:00,2021-03-25 00:00:00+00:00,50048.17,1577.1925,6197.245,0.0,51621.95,7774.4375,0.9871957872910084,0.1595132519726365,-0.2588190451025215,0.965925826289068,0.9749279121818236,-0.2225209339563143,0,weekday,18.65
2021-03-25,2021,3,25,84,23,3,52.3,2021-03-25 23:00:00+00:00,2021-03-26 00:00:00+00:00,49869.9375,4657.755,6665.655,0.0,50804.77,11323.41,0.9897936029670716,0.1425083279161708,-0.2588190451025215,0.965925826289068,0.4338837391175582,-0.900968867902419,0,weekday,18.6
2021-03-26,2021,3,26,85,23,4,43.0,2021-03-26 23:00:00+00:00,2021-03-27 00:00:00+00:00,48124.8425,4239.6675,20152.745000000003,0.0,53080.13,24392.4125,0.992098522791769,0.1254612333527364,-0.2588190451025215,0.965925826289068,-0.433883739117558,-0.9009688679024191,0,weekday,18.6
2021-03-27,2021,3,27,86,23,5,43.77,2021-03-27 23:00:00+00:00,2021-03-28 00:00:00+00:00,45923.175,5255.0325,17087.02,0.0,50619.76,22342.0525,0.9941098647022418,0.108377012791876,-0.2588190451025215,0.965925826289068,-0.9749279121818236,-0.2225209339563146,0,weekend,18.7
2021-03-28,2021,3,28,87,23,6,23.03,2021-03-28 23:00:00+00:00,2021-03-29 00:00:00+00:00,43854.875,6289.81,21802.925,0.0,52887.71,28092.735,0.9958270335100596,0.0912607217293118,-0.2588190451025215,0.965925826289068,-0.7818314824680299,0.6234898018587334,0,weekend,18.48
2021-03-29,2021,3,29,88,23,0,46.46,2021-03-29 23:00:00+00:00,2021-03-30 00:00:00+00:00,46372.9625,5644.8550000000005,12611.7525,0.0,49301.66,18256.6075,0.9972495210773452,0.0741174251509443,-0.2588190451025215,0.965925826289068,0.0,1.0,0,weekday,18.26
2021-03-30,2021,3,30,89,23,1,50.97,2021-03-30 23:00:00+00:00,2021-03-31 00:00:00+00:00,46830.835,1348.67,2905.855,0.0,42829.77,4254.525,0.998376906467142,0.0569521960340397,-0.2588190451025215,0.965925826289068,0.7818314824680298,0.6234898018587336,0,weekday,18.2
2021-03-31,2021,3,31,90,23,2,47.82,2021-03-31 23:00:00+00:00,2021-04-01 00:00:00+00:00,45558.575,1574.5175,4482.6675,0.0,40108.16,6057.185,0.9992088560679752,0.0397701138460557,-0.2588190451025215,0.965925826289068,0.9749279121818236,-0.2225209339563143,0,weekday,19.05
2021-04-01,2021,4,1,91,23,3,49.77,2021-04-01 23:00:00+00:00,2021-04-02 00:00:00+00:00,40897.455,2558.0375,7556.86,0.0,38260.42,10114.8975,0.9997451236925734,0.0225762630415454,-0.2588190451025215,0.965925826289068,0.4338837391175582,-0.900968867902419,0,weekday,19.0
2021-04-02,2021,4,2,92,23,4,38.4,2021-04-02 23:00:00+00:00,2021-04-03 00:00:00+00:00,41312.875,5215.9175000000005,15019.4025,0.0,43629.78,20235.32,0.9999855506507186,0.0053757315575838,-0.2588190451025215,0.965925826289068,-0.433883739117558,-0.9009688679024191,1,holiday,19.17
2021-04-03,2021,4,3,93,23,5,41.56,2021-04-03 23:00:00+00:00,2021-04-04 00:00:00+00:00,40679.4475,1904.3675,3154.8125,0.0,31640.13,5059.18,0.9999300657962056,-0.0118263906918325,-0.2588190451025215,0.965925826289068,-0.9749279121818236,-0.2225209339563146,0,weekend,19.17
2021-04-04,2021,4,4,94,23,6,-10.0,2021-04-04 23:00:00+00:00,2021-04-05 00:00:00+00:00,42287.74,3998.905,25084.24,0.0,52591.93,29083.145,0.9995786855478958,-0.0290250133219752,-0.2588190451025215,0.965925826289068,-0.7818314824680299,0.6234898018587334,0,weekend,19.17
2021-04-05,2021,4,5,95,23,0,13.9,2021-04-05 23:00:00+00:00,2021-04-06 00:00:00+00:00,43713.3525,6106.28,26588.8825,0.0,54954.86,32695.1625,0.9989315138848576,-0.0462150469837083,-0.2588190451025215,0.965925826289068,0.0,1.0,1,holiday,19.17
2021-04-06,2021,4,6,96,23,1,46.3,2021-04-06 23:00:00+00:00,2021-04-07 00:00:00+00:00,47896.8875,5407.99,19385.1925,0.0,51390.95,24793.182500000003,0.9979887423155984,-0.0633914048695103,-0.2588190451025215,0.965925826289068,0.7818314824680298,0.6234898018587336,0,weekday,19.745
2021-04-07,2021,4,7,97,23,2,40.26,2021-04-07 23:00:00+00:00,2021-04-08 00:00:00+00:00,48203.19,5180.78,25468.0875,0.0,56594.86,30648.8675,0.9967506498213928,-0.0805490042187416,-0.2588190451025215,0.965925826289068,0.9749279121818236,-0.2225209339563143,0,weekday,19.65
2021-04-08,2021,4,8,98,23,3,41.9,2021-04-08 23:00:00+00:00,2021-04-09 00:00:00+00:00,49468.1825,5112.4175,21759.5225,0.0,55212.83,26871.94,0.9952176027737294,-0.0976827678217159,-0.2588190451025215,0.965925826289068,0.4338837391175582,-0.900968867902419,0,weekday,19.325
2021-04-09,2021,4,9,99,23,4,61.21,2021-04-09 23:00:00+00:00,2021-04-10 00:00:00+00:00,46151.675,1436.875,5349.385,0.0,42211.71,6786.26,0.9933900548258936,-0.114787625522127,-0.2588190451025215,0.965925826289068,-0.433883739117558,-0.9009688679024191,0,weekday,19.35
2021-04-10,2021,4,10,100,23,5,46.33,2021-04-10 23:00:00+00:00,2021-04-11 00:00:00+00:00,40112.81,2983.855,17305.92,0.0,46107.97,20289.775,0.9912685467787256,-0.1318585157173911,-0.2588190451025215,0.965925826289068,-0.9749279121818236,-0.2225209339563146,0,weekend,18.94
2021-04-11,2021,4,11,101,23,6,49.08,2021-04-11 23:00:00+00:00,2021-04-12 00:00:00+00:00,43439.9775,3048.245,13076.595,0.0,44407.38,16124.84,0.9888537064205885,-0.1488903868564548,-0.2588190451025215,0.965925826289068,-0.7818314824680299,0.6234898018587334,0,weekend,19.1675
2021-04-12,2021,4,12,102,23,0,51.9,2021-04-12 23:00:00+00:00,2021-04-13 00:00:00+00:00,45983.2925,4724.2225,10623.9975,0.0,49472.33,15348.22,0.986146248341595,-0.1658781989346314,-0.2588190451025215,0.965925826289068,0.0,1.0,0,weekday,19.395
2021-04-13,2021,4,13,103,23,1,53.46,2021-04-13 23:00:00+00:00,2021-04-14 00:00:00+00:00,46350.7525,1291.895,8702.654999999999,0.0,48185.79,9994.55,0.98314697372215,-0.1828169249850199,-0.2588190451025215,0.965925826289068,0.7818314824680298,0.6234898018587336,0,weekday,19.72
2021-04-14,2021,4,14,104,23,2,57.81,2021-04-14 23:00:00+00:00,2021-04-15 00:00:00+00:00,46738.9725,779.06,4072.845,0.0,47940.65,4851.905,0.9798567700958664,-0.1997015525660636,-0.2588190451025215,0.965925826289068,0.9749279121818236,-0.2225209339563143,0,weekday,19.6
2021-04-15,2021,4,15,105,23,3,52.5,2021-04-15 23:00:00+00:00,2021-04-16 00:00:00+00:00,46389.7675,1820.5725,10170.495,0.0,51781.15,11991.0675,0.976276611086932,-0.2165270852448143,-0.2588190451025215,0.965925826289068,0.4338837391175582,-0.900968867902419,0,weekday,19.9
2021-04-16,2021,4,16,106,23,4,55.56,2021-04-16 23:00:00+00:00,2021-04-17 00:00:00+00:00,44042.4475,1978.4225,7091.1425,0.0,47083.69,9069.565,0.9724075561219968,-0.2332885440754551,-0.2588190451025215,0.965925826289068,-0.433883739117558,-0.9009688679024191,0,weekday,20.625
2021-04-17,2021,4,17,107,23,5,63.98,2021-04-17 23:00:00+00:00,2021-04-18 00:00:00+00:00,40624.9025,1065.725,4850.2725,0.0,42626.42,5915.9975,0.9682507501166718,-0.2499809690726521,-0.2588190451025215,0.965925826289068,-0.9749279121818236,-0.2225209339563146,0,weekend,20.54
2021-04-18,2021,4,18,108,23,6,58.09,2021-04-18 23:00:00+00:00,2021-04-19 00:00:00+00:00,42202.68,1160.2525,4324.9275,0.0,43753.76,5485.18,0.9638074231367308,-0.2665994206792935,-0.2588190451025215,0.965925826289068,-0.7818314824680299,0.6234898018587334,0,weekend,20.7075
2021-04-19,2021,4,19,109,23,0,62.61,2021-04-19 23:00:00+00:00,2021-04-20 00:00:00+00:00,45925.9525,1026.905,3688.41,0.0,46218.51,4715.315,0.9590788900341132,-0.2831389812281835,-0.2588190451025215,0.965925826289068,0.0,1.0,0,weekday,20.875
2021-04-20,2021,4,20,110,23,1,63.08,2021-04-20 23:00:00+00:00,2021-04-21 00:00:00+00:00,45677.72,259.3225,2109.25,0.0,45415.08,2368.5725,0.9540665500578388,-0.2995947563972602,-0.2588190451025215,0.965925826289068,0.7818314824680298,0.6234898018587336,0,weekday,20.85
2021-04-21,2021,4,21,111,23,2,46.79,2021-04-21 23:00:00+00:00,2021-04-22 00:00:00+00:00,45951.6375,5541.4525,18525.8675,0.0,53858.33,24067.32,0.9487718864399473,-0.3159618766579029,-0.2588190451025215,0.965925826289068,0.9749279121818236,-0.2225209339563143,0,weekday,21.015
2021-04-22,2021,4,22,112,23,3,58.4,2021-04-22 23:00:00+00:00,2021-04-23 00:00:00+00:00,47434.325,4148.175,12673.5675,0.0,47278.98,16821.7425,0.9431964659565866,-0.3322354987159043,-0.2588190451025215,0.965925826289068,0.4338837391175582,-0.900968867902419,0,weekday,21.3
2021-04-23,2021,4,23,113,23,4,64.5,2021-04-23 23:00:00+00:00,2021-04-24 00:00:00+00:00,45607.79,1155.4475,7483.1175,0.0,41019.57,8638.565,0.9373419384643772,-0.3484108069446808,-0.2588190451025215,0.965925826289068,-0.433883739117558,-0.9009688679024191,0,weekday,20.8
2021-04-24,2021,4,24,114,23,5,48.55,2021-04-24 23:00:00+00:00,2021-04-25 00:00:00+00:00,38891.615,2580.86,7267.389999999999,0.0,38192.85,9848.25,0.9312100364121948,-0.3644830148102912,-0.2588190451025215,0.965925826289068,-0.9749279121818236,-0.2225209339563146,0,weekend,20.045
2021-04-25,2021,4,25,115,23,6,51.14,2021-04-25 23:00:00+00:00,2021-04-26 00:00:00+00:00,40885.6325,491.845,6496.4400000000005,0.0,37299.99,6988.285000000001,0.9248025743285088,-0.3804473662878516,-0.2588190451025215,0.965925826289068,-0.7818314824680299,0.6234898018587334,0,weekend,20.122500000000002
2021-04-26,2021,4,26,116,23,0,52.02,2021-04-26 23:00:00+00:00,2021-04-27 00:00:00+00:00,45048.34,553.0,10442.36,0.0,44902.83,10995.36,0.9181214482844364,-0.3962991372689181,-0.2588190451025215,0.965925826289068,0.0,1.0,0,weekday,20.2
2021-04-27,2021,4,27,117,23,1,54.37,2021-04-27 23:00:00+00:00,2021-04-28 00:00:00+00:00,46083.8925,2426.8875,14396.15,0.0,49345.61,16823.0375,0.9111686353326632,-0.4120336369594263,-0.2588190451025215,0.965925826289068,0.7818314824680298,0.6234898018587336,0,weekday,19.93
2021-04-28,2021,4,28,118,23,2,53.36,2021-04-28 23:00:00+00:00,2021-04-29 00:00:00+00:00,47308.275,3053.5,11010.5625,0.0,48444.23,14064.0625,0.9039461929224012,-0.4276462092677746,-0.2588190451025215,0.965925826289068,0.9749279121818236,-0.2225209339563143,0,weekday,21.79
2021-04-29,2021,4,29,119,23,3,56.9,2021-04-29 23:00:00+00:00,2021-04-30 00:00:00+00:00,46566.4025,1862.935,13256.34,0.0,47500.49,15119.275,0.8964562582905575,-0.4431322341826345,-0.2588190451025215,0.965925826289068,0.4338837391175582,-0.900968867902419,0,weekday,21.665
2021-04-30,2021,4,30,120,23,4,64.6,2021-04-30 23:00:00+00:00,2021-05-01 00:00:00+00:00,42990.795,205.12,3042.5525,0.0,37315.32,3247.6725,0.8887010478292915,-0.4584871291400876,-0.2588190451025215,0.965925826289068,-0.433883739117558,-0.9009688679024191,0,weekday,22.965
2021-05-01,2021,5,1,121,23,5,52.09,2021-05-01 23:00:00+00:00,2021-05-02 00:00:00+00:00,40553.19,1654.9225,5587.84,0.0,35049.68,7242.7625,0.8806828564301475,-0.47370635037968,-0.2588190451025215,0.965925826289068,-0.9749279121818236,-0.2225209339563146,1,holiday,23.285
2021-05-02,2021,5,2,122,23,6,52.73,2021-05-02 23:00:00+00:00,2021-05-03 00:00:00+00:00,42396.0925,1648.0425,13148.3575,0.0,40906.83,14796.4,0.8724040568049612,-0.4887853942889926,-0.2588190451025215,0.965925826289068,-0.7818314824680299,0.6234898018587334,0,weekend,23.55
2021-05-03,2021,5,3,123,23,0,37.82,2021-05-03 23:00:00+00:00,2021-05-04 00:00:00+00:00,47074.7225,3719.295,23449.8475,0.0,51161.09,27169.1425,0.8638670987837349,-0.503719798736334,-0.2588190451025215,0.965925826289068,0.0,1.0,0,weekday,23.815
2021-05-04,2021,5,4,124,23,1,22.37,2021-05-04 23:00:00+00:00,2021-05-05 00:00:00+00:00,47577.875,3843.9825,33798.14,0.0,60160.48,37642.1225,0.8550745085896932,-0.518505144391157,-0.2588190451025215,0.965925826289068,0.7818314824680298,0.6234898018587336,0,weekday,24.105
2021-05-05,2021,5,5,125,23,2,48.95,2021-05-05 23:00:00+00:00,2021-05-06 00:00:00+00:00,52261.22,4747.595,26412.925,0.0,56413.54,31160.52,0.8460288880917339,-0.533137056031809,-0.2588190451025215,0.965925826289068,0.9749279121818236,-0.2225209339563143,0,weekday,23.4
2021-05-06,2021,5,6,126,23,3,68.82,2021-05-06 23:00:00+00:00,2021-05-07 00:00:00+00:00,49928.5125,415.18,4863.485,0.0,39820.25,5278.665,0.8367329140344921,-0.5476112038402312,-0.2588190451025215,0.965925826289068,0.4338837391175582,-0.900968867902419,0,weekday,24.13
2021-05-07,2021,5,7,127,23,4,60.07,2021-05-07 23:00:00+00:00,2021-05-08 00:00:00+00:00,43837.6675,1410.2775,9679.975,0.0,40364.14,11090.2525,0.8271893372462497,-0.5619233046832195,-0.2588190451025215,0.965925826289068,-0.433883739117558,-0.9009688679024191,0,weekday,24.225
2021-05-08,2021,5,8,128,23,5,6.71,2021-05-08 23:00:00+00:00,2021-05-09 00:00:00+00:00,40636.4075,4340.2625,21588.56,0.0,47377.07,25928.8225,0.8174009818249189,-0.5760691233798758,-0.2588190451025215,0.965925826289068,-0.9749279121818236,-0.2225209339563146,0,weekend,23.94
2021-05-09,2021,5,9,129,23,6,42.11,2021-05-09 23:00:00+00:00,2021-05-10 00:00:00+00:00,43324.4325,1758.5875,21450.155,0.0,42209.76,23208.7425,0.8073707443023492,-0.5900444739548627,-0.2588190451025215,0.965925826289068,-0.7818314824680299,0.6234898018587334,0,weekend,24.5575
2021-05-10,2021,5,10,130,23,0,64.92,2021-05-10 23:00:00+00:00,2021-05-11 00:00:00+00:00,47235.09,996.675,6322.415,0.0,38031.44,7319.09,0.7971015927871943,-0.6038452208771035,-0.2588190451025215,0.965925826289068,0.0,1.0,0,weekday,25.175
2021-05-11,2021,5,11,131,23,1,58.2,2021-05-11 23:00:00+00:00,2021-05-12 00:00:00+00:00,45969.6225,612.0225,7225.2825,0.0,39549.71,7837.305,0.7865965660866021,-0.6174672802835514,-0.2588190451025215,0.965925826289068,0.7818314824680298,0.6234898018587336,0,weekday,24.8
2021-05-12,2021,5,12,132,23,2,63.15,2021-05-12 23:00:00+00:00,2021-05-13 00:00:00+00:00,42672.0975,349.9525,4750.46,0.0,34497.27,5100.4125,0.7758587728069828,-0.6309066211876704,-0.2588190451025215,0.965925826289068,0.9749279121818236,-0.2225209339563143,0,weekday,26.44
2021-05-13,2021,5,13,133,23,3,69.0,2021-05-13 23:00:00+00:00,2021-05-14 00:00:00+00:00,41671.7925,521.405,5333.702499999999,0.0,33098.08,5855.107499999999,0.7648913904341225,-0.6441592666722685,-0.2588190451025215,0.965925826289068,0.4338837391175582,-0.900968867902419,1,holiday,25.75
2021-05-14,2021,5,14,134,23,4,66.75,2021-05-14 23:00:00+00:00,2021-05-15 00:00:00+00:00,45327.755,489.7825,5258.12,0.0,34599.91,5747.9025,0.753697664392914,-0.6572212950663319,-0.2588190451025215,0.965925826289068,-0.433883739117558,-0.9009688679024191,0,weekday,26.35
2021-05-15,2021,5,15,135,23,5,47.63,2021-05-15 23:00:00+00:00,2021-05-16 00:00:00+00:00,42737.6975,689.905,9563.275,0.0,34450.39,10253.18,0.742280907086982,-0.6700888411055113,-0.2588190451025215,0.965925826289068,-0.9749279121818236,-0.2225209339563146,0,weekend,26.83
2021-05-16,2021,5,16,136,23,6,53.03,2021-05-16 23:00:00+00:00,2021-05-17 00:00:00+00:00,43623.9625,212.8975,7343.1325,0.0,33091.83,7556.03,0.7306444969184916,-0.6827580970759147,-0.2588190451025215,0.965925826289068,-0.7818314824680299,0.6234898018587334,0,weekend,26.465
2021-05-17,2021,5,17,137,23,0,62.0,2021-05-17 23:00:00+00:00,2021-05-18 00:00:00+00:00,45674.11,317.5,9806.59,0.0,38680.31,10124.09,0.7187918772884232,-0.6952253139408722,-0.2588190451025215,0.965925826289068,0.0,1.0,0,weekday,26.1
2021-05-18,2021,5,18,138,23,1,65.49,2021-05-18 23:00:00+00:00,2021-05-19 00:00:00+00:00,46026.56,328.03,4383.7725,0.0,37797.07,4711.8025,0.7067265555776158,-0.7074868024503348,-0.2588190451025215,0.965925826289068,0.7818314824680298,0.6234898018587336,0,weekday,25.4
2021-05-19,2021,5,19,139,23,2,61.67,2021-05-19 23:00:00+00:00,2021-05-20 00:00:00+00:00,46198.84,650.1500000000001,4315.0,0.0,37922.17,4965.15,0.6944521021088763,-0.719538934232584,-0.2588190451025215,0.965925826289068,0.9749279121818236,-0.2225209339563143,0,weekday,24.05
2021-05-20,2021,5,20,140,23,3,22.9,2021-05-20 23:00:00+00:00,2021-05-21 00:00:00+00:00,46386.9325,4678.215,15185.47,0.0,46149.66,19863.685,0.6819721490904629,-0.7313781428679254,-0.2588190451025215,0.965925826289068,0.4338837391175582,-0.900968867902419,0,weekday,23.1
2021-05-21,2021,5,21,141,23,4,4.07,2021-05-21 23:00:00+00:00,2021-05-22 00:00:00+00:00,44082.5,4858.4575,21383.545,0.0,51596.99,26242.0025,0.6692903895412567,-0.7430009249440493,-0.2588190451025215,0.965925826289068,-0.433883739117558,-0.9009688679024191,0,weekday,25.3
2021-05-22,2021,5,22,142,23,5,15.47,2021-05-22 23:00:00+00:00,2021-05-23 00:00:00+00:00,37301.3475,5444.165,18368.17,0.0,47902.04,23812.335,0.6564105761979381,-0.7544038410927472,-0.2588190451025215,0.965925826289068,-0.9749279121818236,-0.2225209339563146,0,weekend,24.795
2021-05-23,2021,5,23,143,23,6,25.63,2021-05-23 23:00:00+00:00,2021-05-24 00:00:00+00:00,37407.3375,3337.0475,10943.7675,0.0,39802.63,14280.815,0.6433365204044917,-0.765583517007675,-0.2588190451025215,0.965925826289068,-0.7818314824680299,0.6234898018587334,0,weekend,24.635
2021-05-24,2021,5,24,144,23,0,48.78,2021-05-24 23:00:00+00:00,2021-05-25 00:00:00+00:00,41965.3475,1106.845,12905.06,0.0,39830.86,14011.905,0.6300720909843687,-0.7765366444428655,-0.2588190451025215,0.965925826289068,0.0,1.0,1,holiday,24.475
2021-05-25,2021,5,25,145,23,1,54.76,2021-05-25 23:00:00+00:00,2021-05-26 00:00:00+00:00,45540.325,2125.02,18126.9525,0.0,47085.68,20251.9725,0.6166212130956382,-0.7872599821916922,-0.2588190451025215,0.965925826289068,0.7818314824680298,0.6234898018587336,0,weekday,25.25
2021-05-26,2021,5,26,146,23,2,58.15,2021-05-26 23:00:00+00:00,2021-05-27 00:00:00+00:00,46856.71,3798.3375,19871.8175,0.0,50308.02,23670.155,0.6029878670694714,-0.7977503570459932,-0.2588190451025215,0.965925826289068,0.9749279121818236,-0.2225209339563143,0,weekday,26.775
2021-05-27,2021,5,27,147,23,3,63.0,2021-05-27 23:00:00+00:00,2021-05-28 00:00:00+00:00,47845.8975,1399.6875,7667.945,0.0,43166.41,9067.6325,0.5891760872322963,-0.8080046647350754,-0.2588190451025215,0.965925826289068,0.4338837391175582,-0.900968867902419,0,weekday,25.645
2021-05-28,2021,5,28,148,23,4,68.37,2021-05-28 23:00:00+00:00,2021-05-29 00:00:00+00:00,44691.095,578.3199999999999,3863.7525,0.0,37967.96,4442.0725,0.5751899607119775,-0.8180198708443174,-0.2588190451025215,0.965925826289068,-0.433883739117558,-0.9009688679024191,0,weekday,25.1
2021-05-29,2021,5,29,149,23,5,55.07,2021-05-29 23:00:00+00:00,2021-05-30 00:00:00+00:00,42426.775,413.34,5462.59,0.0,33521.65,5875.93,0.5610336262283677,-0.8277930117131022,-0.2588190451025215,0.965925826289068,-0.9749279121818236,-0.2225209339563146,0,weekend,24.93
2021-05-30,2021,5,30,150,23,6,57.3,2021-05-30 23:00:00+00:00,2021-05-31 00:00:00+00:00,40037.7775,148.695,5481.675,0.0,34302.28,5630.37,0.5467112728685939,-0.8373211953118121,-0.2588190451025215,0.965925826289068,-0.7818314824680299,0.6234898018587334,0,weekend,25.013333333333332
2021-05-31,2021,5,31,151,23,0,58.94,2021-05-31 23:00:00+00:00,2021-06-01 00:00:00+00:00,44340.645,924.7575,5261.702499999999,0.0,37544.25,6186.459999999999,0.5322271388474397,-0.8466016020976267,-0.2588190451025215,0.965925826289068,0.0,1.0,0,weekday,25.096666666666668
2021-06-01,2021,6,1,152,23,1,61.37,2021-06-01 23:00:00+00:00,2021-06-02 00:00:00+00:00,44761.84,1038.395,6965.9425,0.0,38090.69,8004.3375,0.5175855102531889,-0.8556314858488706,-0.2588190451025215,0.965925826289068,0.7818314824680298,0.6234898018587336,0,weekday,25.18
2021-06-02,2021,6,2,153,23,2,54.08,2021-06-02 23:00:00+00:00,2021-06-03 00:00:00+00:00,44256.84,3780.4075,14220.565,0.0,45830.07,18000.9725,0.5027907197793043,-0.8644081744776648,-0.2588190451025215,0.965925826289068,0.9749279121818236,-0.2225209339563143,0,weekday,25.7
2021-06-03,2021,6,3,154,23,3,62.92,2021-06-03 23:00:00+00:00,2021-06-04 00:00:00+00:00,42655.6475,1222.465,6855.075,0.0,37395.37,8077.54,0.4878471454423119,-0.8729290708206411,-0.2588190451025215,0.965925826289068,0.4338837391175582,-0.900968867902419,0,weekday,26.25
2021-06-04,2021,6,4,155,23,4,65.25,2021-06-04 23:00:00+00:00,2021-06-05 00:00:00+00:00,43544.735,840.7675,4097.595,0.0,34475.34,4938.3625,0.4727592092862775,-0.881191653407483,-0.2588190451025215,0.965925826289068,-0.433883739117558,-0.9009688679024191,0,weekday,25.75
2021-06-05,2021,6,5,156,23,5,58.08,2021-06-05 23:00:00+00:00,2021-06-06 00:00:00+00:00,39446.505000000005,1340.6725,6577.6075,0.0,34534.45,7918.28,0.4575313760742512,-0.8891934772070711,-0.2588190451025215,0.965925826289068,-0.9749279121818236,-0.2225209339563146,0,weekend,25.795
2021-06-06,2021,6,6,157,23,6,60.22,2021-06-06 23:00:00+00:00,2021-06-07 00:00:00+00:00,39870.2675,1179.7425,3430.9825,0.0,34549.25,4610.725,0.442168151967072,-0.8969321743510065,-0.2588190451025215,0.965925826289068,-0.7818314824680299,0.6234898018587334,0,weekend,25.8475
2021-06-07,2021,6,7,158,23,0,64.21,2021-06-07 23:00:00+00:00,2021-06-08 00:00:00+00:00,43404.025,251.115,4658.135,0.0,40029.4,4909.25,0.4266740831899246,-0.9044054548343,-0.2588190451025215,0.965925826289068,0.0,1.0,0,weekday,25.9
2021-06-08,2021,6,8,159,23,1,66.04,2021-06-08 23:00:00+00:00,2021-06-09 00:00:00+00:00,45430.7125,247.4025,2776.6875,0.0,38359.92,3024.09,0.4110537546870351,-0.911611107193024,-0.2588190451025215,0.965925826289068,0.7818314824680298,0.6234898018587336,0,weekday,27.475
2021-06-09,2021,6,9,160,23,2,72.7,2021-06-09 23:00:00+00:00,2021-06-10 00:00:00+00:00,46022.8125,378.3,1139.0825,0.0,37953.51,1517.3825,0.3953117887649151,-0.9185469991587164,-0.2588190451025215,0.965925826289068,0.9749279121818236,-0.2225209339563143,0,weekday,27.9
2021-06-10,2021,6,10,161,23,3,74.87,2021-06-10 23:00:00+00:00,2021-06-11 00:00:00+00:00,45949.39,397.9375,1304.3025,0.0,38098.69,1702.24,0.3794528437245443,-0.925211078289358,-0.2588190451025215,0.965925826289068,0.4338837391175582,-0.900968867902419,0,weekday,28.275
2021-06-11,2021,6,11,162,23,4,70.58,2021-06-11 23:00:00+00:00,2021-06-12 00:00:00+00:00,42353.4575,2308.055,4405.7175,0.0,35811.45,6713.772499999999,0.3634816124829063,-0.9316013725767188,-0.2588190451025215,0.965925826289068,-0.433883739117558,-0.9009688679024191,0,weekday,28.5
2021-06-12,2021,6,12,163,23,5,10.19,2021-06-12 23:00:00+00:00,2021-06-13 00:00:00+00:00,39340.16,3908.53,16178.5375,0.0,39840.72,20087.0675,0.3474028211842774,-0.9377159910299092,-0.2588190451025215,0.965925826289068,-0.9749279121818236,-0.2225209339563146,0,weekend,27.845
2021-06-13,2021,6,13,164,23,6,62.83,2021-06-13 23:00:00+00:00,2021-06-14 00:00:00+00:00,40944.5375,906.62,3642.6775,0.0,31041.21,4549.2975,0.3312212278016865,-0.9435531242349544,-0.2588190451025215,0.965925826289068,-0.7818314824680299,0.6234898018587334,0,weekend,28.4725
2021-06-14,2021,6,14,165,23,0,71.52,2021-06-14 23:00:00+00:00,2021-06-15 00:00:00+00:00,44314.48,988.5425,4175.28,0.0,38659.33,5163.8225,0.3149416207289519,-0.9491110448902284,-0.2588190451025215,0.965925826289068,0.0,1.0,0,weekday,29.1
2021-06-15,2021,6,15,166,23,1,70.77,2021-06-15 23:00:00+00:00,2021-06-16 00:00:00+00:00,45593.8275,139.96,4120.094999999999,0.0,40473.28,4260.054999999999,0.2985688173637202,-0.9543881083175908,-0.2588190451025215,0.965925826289068,0.7818314824680298,0.6234898018587336,0,weekday,28.3
2021-06-16,2021,6,16,167,23,2,66.0,2021-06-16 23:00:00+00:00,2021-06-17 00:00:00+00:00,45911.81,2783.8,12553.165,0.0,48282.03,15336.965,0.2821076626819194,-0.9593827529490744,-0.2588190451025215,0.965925826289068,0.9749279121818236,-0.2225209339563143,0,weekday,28.0
2021-06-17,2021,6,17,168,23,3,69.97,2021-06-17 23:00:00+00:00,2021-06-18 00:00:00+00:00,47326.0525,1218.6475,8517.905,0.0,42221.19,9736.552500000002,0.2655630278040559,-0.9640935007889756,-0.2588190451025215,0.965925826289068,0.4338837391175582,-0.900968867902419,0,weekday,27.8
2021-06-18,2021,6,18,169,23,4,74.23,2021-06-18 23:00:00+00:00,2021-06-19 00:00:00+00:00,44260.065,2238.46,7968.945,0.0,39180.48,10207.405,0.2489398085537665,-0.9685189578512204,-0.2588190451025215,0.965925826289068,-0.433883739117558,-0.9009688679024191,0,weekday,28.935
2021-06-19,2021,6,19,170,23,5,66.8,2021-06-19 23:00:00+00:00,2021-06-20 00:00:00+00:00,42249.2775,917.705,8194.7475,0.0,35307.77,9112.4525,0.2322429240090701,-0.9726578145718654,-0.2588190451025215,0.965925826289068,-0.9749279121818236,-0.2225209339563146,0,weekend,29.405
2021-06-20,2021,6,20,171,23,6,62.96,2021-06-20 23:00:00+00:00,2021-06-21 00:00:00+00:00,42136.09,1127.1875,8695.8925,0.0,36949.88,9823.08,0.2154773150467301,-0.976508846196619,-0.2588190451025215,0.965925826289068,-0.7818314824680299,0.6234898018587334,0,weekend,29.6875
2021-06-21,2021,6,21,172,23,0,68.38,2021-06-21 23:00:00+00:00,2021-06-22 00:00:00+00:00,45983.4375,2533.81,7009.68,0.0,40666.38,9543.49,0.1986479428801711,-0.9800709131432666,-0.2588190451025215,0.965925826289068,0.0,1.0,0,weekday,29.97
2021-06-22,2021,6,22,173,23,1,72.53,2021-06-22 23:00:00+00:00,2021-06-23 00:00:00+00:00,46979.685,1735.8925,4419.005,0.0,40432.75,6154.8975,0.1817597875913753,-0.9833429613388902,-0.2588190451025215,0.965925826289068,0.7818314824680298,0.6234898018587336,0,weekday,30.05
2021-06-23,2021,6,23,174,23,2,79.29,2021-06-23 23:00:00+00:00,2021-06-24 00:00:00+00:00,46462.9475,206.1675,4085.14,0.0,41609.1,4291.3075,0.1648178466571979,-0.9863240225317866,-0.2588190451025215,0.965925826289068,0.9749279121818236,-0.2225209339563143,0,weekday,31.35
2021-06-24,2021,6,24,175,23,3,79.62,2021-06-24 23:00:00+00:00,2021-06-25 00:00:00+00:00,45713.655,155.5725,1648.13,0.0,38637.54,1803.7025,0.1478271334705304,-0.9890132145779884,-0.2588190451025215,0.965925826289068,0.4338837391175582,-0.900968867902419,0,weekday,31.55
2021-06-25,2021,6,25,176,23,4,84.33,2021-06-25 23:00:00+00:00,2021-06-26 00:00:00+00:00,44461.29,161.08249999999998,547.6,0.0,33075.14,708.6825,0.1307926758567592,-0.9914097417023038,-0.2588190451025215,0.965925826289068,-0.433883739117558,-0.9009688679024191,0,weekday,31.95
2021-06-26,2021,6,26,177,23,5,71.0,2021-06-26 23:00:00+00:00,2021-06-27 00:00:00+00:00,39849.9375,142.5775,3313.5875,0.0,32188.49,3456.165,0.1137195145859496,-0.9935128947338008,-0.2588190451025215,0.965925826289068,-0.9749279121818236,-0.2225209339563146,0,weekend,32.385
2021-06-27,2021,6,27,178,23,6,73.38,2021-06-27 23:00:00+00:00,2021-06-28 00:00:00+00:00,42325.92,611.8299999999999,4839.35,0.0,33848.87,5451.18,0.0966127018812031,-0.9953220513156602,-0.2588190451025215,0.965925826289068,-0.7818314824680299,0.6234898018587334,0,weekend,32.2425
2021-06-28,2021,6,28,179,23,0,76.33,2021-06-28 23:00:00+00:00,2021-06-29 00:00:00+00:00,44722.355,2608.5025,6298.75,0.0,42593.76,8907.2525,0.0794772999236209,-0.9968366760893436,-0.2588190451025215,0.965925826289068,0.0,1.0,0,weekday,32.1
2021-06-29,2021,6,29,180,23,1,79.02,2021-06-29 23:00:00+00:00,2021-06-30 00:00:00+00:00,46840.63,2226.46,5145.5875,0.0,39920.21,7372.0475,0.062318379354325,-0.998056320853012,-0.2588190451025215,0.965925826289068,0.7818314824680298,0.6234898018587336,0,weekday,32.855
2021-06-30,2021,6,30,181,23,2,75.9,2021-06-30 23:00:00+00:00,2021-07-01 00:00:00+00:00,47403.0075,2011.53,10356.745,0.0,41855.81,12368.275,0.0451410177739719,-0.998980624694158,-0.2588190451025215,0.965925826289068,0.9749279121818236,-0.2225209339563143,0,weekday,33.875
2021-07-01,2021,7,1,182,23,3,85.36,2021-07-01 23:00:00+00:00,2021-07-02 00:00:00+00:00,47030.3575,944.0025,6328.6825,0.0,38987.61,7272.684999999999,0.0279502982402103,-0.999609314096404,-0.2588190451025215,0.965925826289068,0.4338837391175582,-0.900968867902419,0,weekday,35.5
2021-07-02,2021,7,2,183,23,4,84.39,2021-07-02 23:00:00+00:00,2021-07-03 00:00:00+00:00,43007.9275,297.4575,3927.82,0.0,33722.23,4225.2775,0.0107513077635219,-0.9999422030204416,-0.2588190451025215,0.965925826289068,-0.433883739117558,-0.9009688679024191,0,weekday,34.925
2021-07-03,2021,7,3,184,23,5,86.74,2021-07-03 23:00:00+00:00,2021-07-04 00:00:00+00:00,39268.19,377.0675,1518.7975,0.0,30429.04,1895.865,-0.0064508641981051,-0.9999791929590824,-0.2588190451025215,0.965925826289068,-0.9749279121818236,-0.2225209339563146,0,weekend,35.827
2021-07-04,2021,7,4,185,23,6,75.22,2021-07-04 23:00:00+00:00,2021-07-05 00:00:00+00:00,41551.2475,537.03,6142.3275,0.0,36193.79,6679.3575,-0.0236511272452315,-0.9997202729664084,-0.2588190451025215,0.965925826289068,-0.7818314824680299,0.6234898018587334,0,weekend,36.30133333333333
2021-07-05,2021,7,5,186,23,0,78.09,2021-07-05 23:00:00+00:00,2021-07-06 00:00:00+00:00,44737.95,1478.2775,6469.49,0.0,37670.73,7947.7675,-0.0408443915432961,-0.9991655196610107,-0.2588190451025215,0.965925826289068,0.0,1.0,0,weekday,36.775666666666666
2021-07-06,2021,7,6,187,23,1,75.06,2021-07-06 23:00:00+00:00,2021-07-07 00:00:00+00:00,45377.545,4740.4775,8686.037499999999,0.0,42216.7,13426.515,-0.0580255693287803,-0.9983150972033183,-0.2588190451025215,0.965925826289068,0.7818314824680298,0.6234898018587336,0,weekday,37.25
2021-07-07,2021,7,7,188,23,2,83.08,2021-07-07 23:00:00+00:00,2021-07-08 00:00:00+00:00,46801.8225,963.2425,2088.145,0.0,38593.5,3051.3875,-0.0751895764147585,-0.9971692572470178,-0.2588190451025215,0.965925826289068,0.9749279121818236,-0.2225209339563143,0,weekday,34.315
2021-07-08,2021,7,8,189,23,3,78.07,2021-07-08 23:00:00+00:00,2021-07-09 00:00:00+00:00,45418.44,182.6375,3880.0,0.0,38469.89,4062.6375,-0.0923313336953912,-0.9957283388645872,-0.2588190451025215,0.965925826289068,0.4338837391175582,-0.900968867902419,0,weekday,32.29
2021-07-09,2021,7,9,190,23,4,80.86,2021-07-09 23:00:00+00:00,2021-07-10 00:00:00+00:00,42704.380000000005,675.4675,7963.42,0.0,37284.52,8638.8875,-0.1094457686489155,-0.993992768446958,-0.2588190451025215,0.965925826289068,-0.433883739117558,-0.9009688679024191,0,weekday,35.84
2021-07-10,2021,7,10,191,23,5,79.09,2021-07-10 23:00:00+00:00,2021-07-11 00:00:00+00:00,38519.130000000005,116.2425,2839.7275,0.0,33294.94,2955.97,-0.1265278168386831,-0.9919630595773395,-0.2588190451025215,0.965925826289068,-0.9749279121818236,-0.2225209339563146,0,weekend,36.632
2021-07-11,2021,7,11,192,23,6,76.04,2021-07-11 23:00:00+00:00,2021-07-12 00:00:00+00:00,41170.8875,2072.295,4685.2775,0.0,36976.18,6757.5725,-0.1435724234118113,-0.9896398128792412,-0.2588190451025215,0.965925826289068,-0.7818314824680299,0.6234898018587334,0,weekend,35.933499999999995
2021-07-12,2021,7,12,193,23,0,83.4,2021-07-12 23:00:00+00:00,2021-07-13 00:00:00+00:00,44655.31,1622.78,3607.1825,0.0,38685.88,5229.9625,-0.1605745445949937,-0.9870237158387384,-0.2588190451025215,0.965925826289068,0.0,1.0,0,weekday,35.235
2021-07-13,2021,7,13,194,23,1,75.2,2021-07-13 23:00:00+00:00,2021-07-14 00:00:00+00:00,45487.1675,955.805,7193.337500000001,0.0,39066.79,8149.142500000001,-0.1775291491870349,-0.984115542601034,-0.2588190451025215,0.965925826289068,0.7818314824680298,0.6234898018587336,0,weekday,34.305
2021-07-14,2021,7,14,195,23,2,76.83,2021-07-14 23:00:00+00:00,2021-07-15 00:00:00+00:00,45997.8425,4114.23,5308.76,0.0,38769.54,9422.99,-0.1944312200476619,-0.9809161537413774,-0.2588190451025215,0.965925826289068,0.9749279121818236,-0.2225209339563143,0,weekday,34.835
2021-07-15,2021,7,15,196,23,3,74.91,2021-07-15 23:00:00+00:00,2021-07-16 00:00:00+00:00,46043.045,4016.1025,4977.7575,0.0,38839.46,8993.86,-0.2112757555821793,-0.9774264960104057,-0.2588190451025215,0.965925826289068,0.4338837391175582,-0.900968867902419,0,weekday,34.2
2021-07-16,2021,7,16,197,23,4,70.01,2021-07-16 23:00:00+00:00,2021-07-17 00:00:00+00:00,43409.455,3970.825,9331.805,0.0,39161.29,13302.63,-0.2280577712215198,-0.9736476020539838,-0.2588190451025215,0.965925826289068,-0.433883739117558,-0.9009688679024191,0,weekday,35.1
2021-07-17,2021,7,17,198,23,5,55.75,2021-07-17 23:00:00+00:00,2021-07-18 00:00:00+00:00,39157.29,1742.875,12613.01,0.0,35231.14,14355.885,-0.2447723008972595,-0.9695805901076308,-0.2588190451025215,0.965925826289068,-0.9749279121818236,-0.2225209339563146,0,weekend,34.84
2021-07-18,2021,7,18,199,23,6,67.2,2021-07-18 23:00:00+00:00,2021-07-19 00:00:00+00:00,41598.4775,2264.21,7723.7875,0.0,33375.11,9987.9975,-0.2614143985111562,-0.965226663665613,-0.2588190451025215,0.965925826289068,-0.7818314824680299,0.6234898018587334,0,weekend,35.645
2021-07-19,2021,7,19,200,23,0,81.31,2021-07-19 23:00:00+00:00,2021-07-20 00:00:00+00:00,44661.3225,1110.485,4078.645,0.0,36641.23,5189.13,-0.2779791393987801,-0.9605871111248128,-0.2588190451025215,0.965925826289068,0.0,1.0,0,weekday,36.45
2021-07-20,2021,7,20,201,23,1,78.18,2021-07-20 23:00:00+00:00,2021-07-21 00:00:00+00:00,45622.6375,1362.6425,4139.3225,0.0,38643.4,5501.965,-0.2944616217868012,-0.9556633054034704,-0.2588190451025215,0.965925826289068,0.7818314824680298,0.6234898018587336,0,weekday,35.095
2021-07-21,2021,7,21,202,23,2,77.36,2021-07-21 23:00:00+00:00,2021-07-22 00:00:00+00:00,46291.0025,354.645,1598.4975,0.0,36164.56,1953.1425,-0.3108569682435036,-0.9504567035349152,-0.2588190451025215,0.965925826289068,0.9749279121818236,-0.2225209339563143,0,weekday,35.5
2021-07-22,2021,7,22,203,23,3,80.1,2021-07-22 23:00:00+00:00,2021-07-23 00:00:00+00:00,45501.14,662.47,2172.7825000000003,0.0,35709.58,2835.2525000000005,-0.3271603271220951,-0.9449688462364056,-0.2588190451025215,0.965925826289068,0.4338837391175582,-0.900968867902419,0,weekday,35.675
2021-07-23,2021,7,23,204,23,4,80.42,2021-07-23 23:00:00+00:00,2021-07-24 00:00:00+00:00,44044.4025,79.305,5350.8775,0.0,32845.11,5430.1825,-0.343366873996388,-0.939201357453208,-0.2588190451025215,0.965925826289068,-0.433883739117558,-0.9009688679024191,0,weekday,35.815
2021-07-24,2021,7,24,205,23,5,54.24,2021-07-24 23:00:00+00:00,2021-07-25 00:00:00+00:00,40000.990000000005,3029.2275,11392.7275,0.0,37554.73,14421.955000000002,-0.3594718130884232,-0.9331559438780432,-0.2588190451025215,0.965925826289068,-0.9749279121818236,-0.2225209339563146,0,weekend,35.525
2021-07-25,2021,7,25,206,23,6,72.6,2021-07-25 23:00:00+00:00,2021-07-26 00:00:00+00:00,41857.7025,734.355,2607.395,0.0,30604.19,3341.75,-0.3754703786876202,-0.9268343944460494,-0.2588190451025215,0.965925826289068,-0.7818314824680299,0.6234898018587334,0,weekend,35.832499999999996
2021-07-26,2021,7,26,207,23,0,75.3,2021-07-26 23:00:00+00:00,2021-07-27 00:00:00+00:00,44624.565,387.9725,5714.5275,0.0,37673.43,6102.5,-0.3913578365610259,-0.9202385798054076,-0.2588190451025215,0.965925826289068,0.0,1.0,0,weekday,36.14
2021-07-27,2021,7,27,208,23,1,75.41,2021-07-27 23:00:00+00:00,2021-07-28 00:00:00+00:00,45776.175,1108.5175,5429.7675,0.0,35830.72,6538.285,-0.4071294853542516,-0.9133704517637858,-0.2588190451025215,0.965925826289068,0.7818314824680298,0.6234898018587336,0,weekday,37.695
2021-07-28,2021,7,28,209,23,2,50.1,2021-07-28 23:00:00+00:00,2021-07-29 00:00:00+00:00,45611.8725,4922.41,15230.2725,0.0,44924.33,20152.6825,-0.4227806579826773,-0.9062320427107696,-0.2588190451025215,0.965925826289068,0.9749279121818236,-0.2225209339563143,0,weekday,38.465
2021-07-29,2021,7,29,210,23,3,52.94,2021-07-29 23:00:00+00:00,2021-07-30 00:00:00+00:00,46178.8175,5490.0075,13370.5925,0.0,44441.01,18860.6,-0.4383067230125192,-0.898825465016444,-0.2588190451025215,0.965925826289068,0.4338837391175582,-0.900968867902419,0,weekday,40.35
2021-07-30,2021,7,30,211,23,4,53.63,2021-07-30 23:00:00+00:00,2021-07-31 00:00:00+00:00,43100.45,1804.9525,13407.675,0.0,39157.28,15212.6275,-0.4537030860313442,-0.8911529104063088,-0.2588190451025215,0.965925826289068,-0.433883739117558,-0.9009688679024191,0,weekday,40.51
2021-07-31,2021,7,31,212,23,5,49.33,2021-07-31 23:00:00+00:00,2021-08-01 00:00:00+00:00,39640.0575,2673.0275,9011.605,0.0,33099.38,11684.6325,-0.4689651910076318,-0.8832166493127127,-0.2588190451025215,0.965925826289068,-0.9749279121818236,-0.2225209339563146,0,weekend,40.755
2021-08-01,2021,8,1,213,23,6,56.05,2021-08-01 23:00:00+00:00,2021-08-02 00:00:00+00:00,40687.48,2911.155,8050.715,0.0,33553.19,10961.87,-0.4840885216389758,-0.8750190302029955,-0.2588190451025215,0.965925826289068,-0.7818314824680299,0.6234898018587334,0,weekend,41.4275
2021-08-02,2021,8,2,214,23,0,78.59,2021-08-02 23:00:00+00:00,2021-08-03 00:00:00+00:00,43945.6525,622.8075,3203.7325,0.0,31845.16,3826.54,-0.4990686026885319,-0.8665624788845385,-0.2588190451025215,0.965925826289068,0.0,1.0,0,weekday,42.1
2021-08-03,2021,8,3,215,23,1,80.23,2021-08-03 23:00:00+00:00,2021-08-04 00:00:00+00:00,44099.5525,56.33,2826.3425,0.0,34194.11,2882.6725,-0.5139010013093103,-0.8578494977869301,-0.2588190451025215,0.965925826289068,0.7818314824680298,0.6234898018587336,0,weekday,41.59
2021-08-04,2021,8,4,216,23,2,80.99,2021-08-04 23:00:00+00:00,2021-08-05 00:00:00+00:00,44178.305,316.23,3100.605,0.0,34894.47,3416.835,-0.5285813283559292,-0.8488826652214553,-0.2588190451025215,0.965925826289068,0.9749279121818236,-0.2225209339563143,0,weekday,41.54
2021-08-05,2021,8,5,217,23,3,63.5,2021-08-05 23:00:00+00:00,2021-08-06 00:00:00+00:00,43885.1775,3048.725,6453.365,0.0,36030.41,9502.09,-0.5431052396834317,-0.8396646346181327,-0.2588190451025215,0.965925826289068,0.4338837391175582,-0.900968867902419,0,weekday,41.57
2021-08-06,2021,8,6,218,23,4,59.03,2021-08-06 23:00:00+00:00,2021-08-07 00:00:00+00:00,42396.8675,3543.4375,8183.342500000001,0.0,35675.67,11726.78,-0.5574684374327892,-0.8301981337405212,-0.2588190451025215,0.965925826289068,-0.433883739117558,-0.9009688679024191,0,weekday,43.9
2021-08-07,2021,8,7,219,23,5,1.27,2021-08-07 23:00:00+00:00,2021-08-08 00:00:00+00:00,39639.4475,2182.6175,14654.84,0.0,37281.39,16837.4575,-0.5716666713027052,-0.8204859638785327,-0.2588190451025215,0.965925826289068,-0.9749279121818236,-0.2225209339563146,0,weekend,43.12
2021-08-08,2021,8,8,220,23,6,39.2,2021-08-08 23:00:00+00:00,2021-08-09 00:00:00+00:00,40843.8825,4538.4675,16282.2575,0.0,40666.57,20820.725,-0.5856957398073508,-0.8105309990194823,-0.2588190451025215,0.965925826289068,-0.7818314824680299,0.6234898018587334,0,weekend,43.1075
2021-08-09,2021,8,9,221,23,0,70.96,2021-08-09 23:00:00+00:00,2021-08-10 00:00:00+00:00,44360.31,2143.355,8257.349999999999,0.0,36216.68,10400.704999999998,-0.5995514915196489,-0.8003361849976323,-0.2588190451025215,0.965925826289068,0.0,1.0,0,weekday,43.095
2021-08-10,2021,8,10,222,23,1,85.1,2021-08-10 23:00:00+00:00,2021-08-11 00:00:00+00:00,43749.53,618.0174999999999,3583.0075,0.0,34006.27,4201.025,-0.6132298262997502,-0.7899045386224707,-0.2588190451025215,0.965925826289068,0.7818314824680298,0.6234898018587336,0,weekday,44.39
2021-08-11,2021,8,11,223,23,2,91.7,2021-08-11 23:00:00+00:00,2021-08-12 00:00:00+00:00,43243.91,682.88,804.3050000000001,0.0,32389.54,1487.185,-0.6267266965083301,-0.7792391467859886,-0.2588190451025215,0.965925826289068,0.9749279121818236,-0.2225209339563143,0,weekday,44.975
2021-08-12,2021,8,12,224,23,3,85.37,2021-08-12 23:00:00+00:00,2021-08-13 00:00:00+00:00,43367.25,954.65,3020.53,0.0,32533.02,3975.18,-0.6400381082043503,-0.7683431655492202,-0.2588190451025215,0.965925826289068,0.4338837391175582,-0.900968867902419,0,weekday,46.15
2021-08-13,2021,8,13,225,23,4,75.66,2021-08-13 23:00:00+00:00,2021-08-14 00:00:00+00:00,42427.68,3762.7825,6319.32,0.0,34797.88,10082.1025,-0.65316012232693,-0.7572198192083127,-0.2588190451025215,0.965925826289068,-0.433883739117558,-0.9009688679024191,0,weekday,44.415
2021-08-14,2021,8,14,226,23,5,69.88,2021-08-14 23:00:00+00:00,2021-08-15 00:00:00+00:00,39419.315,3660.69,5195.9975,0.0,32383.36,8856.6875,-0.666088855860977,-0.7458723993404063,-0.2588190451025215,0.965925826289068,-0.9749279121818236,-0.2225209339563146,0,weekend,44.63
2021-08-15,2021,8,15,227,23,6,65.03,2021-08-15 23:00:00+00:00,2021-08-16 00:00:00+00:00,41653.9375,2215.1,10982.3925,0.0,37705.21,13197.4925,-0.6788204829862355,-0.734304263829602,-0.2588190451025215,0.965925826289068,-0.7818314824680299,0.6234898018587334,0,weekend,45.44
2021-08-16,2021,8,16,228,23,0,49.93,2021-08-16 23:00:00+00:00,2021-08-17 00:00:00+00:00,43628.725,6047.7625,26253.36,0.0,51696.71,32301.1225,-0.6913512362094071,-0.722518835873311,-0.2588190451025215,0.965925826289068,0.0,1.0,0,weekday,46.25
2021-08-17,2021,8,17,229,23,1,60.62,2021-08-17 23:00:00+00:00,2021-08-18 00:00:00+00:00,46843.0125,3509.295,15695.3375,0.0,40962.47,19204.6325,-0.7036774074790128,-0.7105196029692745,-0.2588190451025215,0.965925826289068,0.7818314824680298,0.6234898018587336,0,weekday,46.855
2021-08-18,2021,8,18,230,23,2,64.69,2021-08-18 23:00:00+00:00,2021-08-19 00:00:00+00:00,45648.43,5339.4425,18799.165,0.0,46936.95,24138.6075,-0.7157953492826642,-0.6983101158835584,-0.2588190451025215,0.965925826289068,0.9749279121818236,-0.2225209339563143,0,weekday,46.395
2021-08-19,2021,8,19,231,23,3,86.22,2021-08-19 23:00:00+00:00,2021-08-20 00:00:00+00:00,45067.7825,693.4549999999999,4063.0375,0.0,35652.71,4756.4925,-0.7277014757264236,-0.6858939875998223,-0.2588190451025215,0.965925826289068,0.4338837391175582,-0.900968867902419,0,weekday,44.375
2021-08-20,2021,8,20,232,23,4,95.2,2021-08-20 23:00:00+00:00,2021-08-21 00:00:00+00:00,42033.9525,153.22,1108.2375,0.0,31758.21,1261.4575,-0.7393922635959241,-0.673274892250183,-0.2588190451025215,0.965925826289068,-0.433883739117558,-0.9009688679024191,0,weekday,41.57
2021-08-21,2021,8,21,233,23,5,78.9,2021-08-21 23:00:00+00:00,2021-08-22 00:00:00+00:00,38769.037500000006,1122.0875,7206.425,0.0,34908.09,8328.5125,-0.7508642533989489,-0.6604565640279754,-0.2588190451025215,0.965925826289068,-0.9749279121818236,-0.2225209339563146,0,weekend,41.944
2021-08-22,2021,8,22,234,23,6,75.93,2021-08-22 23:00:00+00:00,2021-08-23 00:00:00+00:00,40783.3475,2148.8450000000003,7632.485,0.0,35316.51,9781.33,-0.7621140503891487,-0.6474427960827475,-0.2588190451025215,0.965925826289068,-0.7818314824680299,0.6234898018587334,0,weekend,42.1095
2021-08-23,2021,8,23,235,23,0,78.71,2021-08-23 23:00:00+00:00,2021-08-24 00:00:00+00:00,43387.54,844.9449999999999,9715.9175,0.0,38360.15,10560.8625,-0.7731383255706026,-0.6342374393978054,-0.2588190451025215,0.965925826289068,0.0,1.0,0,weekday,42.275
2021-08-24,2021,8,24,236,23,1,81.7,2021-08-24 23:00:00+00:00,2021-08-25 00:00:00+00:00,44477.6825,523.5625,4373.4925,0.0,34860.86,4897.055,-0.7839338166829201,-0.620844401650647,-0.2588190451025215,0.965925826289068,0.7818314824680298,0.6234898018587336,0,weekday,43.625
2021-08-25,2021,8,25,237,23,2,71.05,2021-08-25 23:00:00+00:00,2021-08-26 00:00:00+00:00,44346.880000000005,4988.34,14738.9975,0.0,44747.14,19727.3375,-0.7944973291665992,-0.6072676460566135,-0.2588190451025215,0.965925826289068,0.9749279121818236,-0.2225209339563143,0,weekday,45.83
2021-08-26,2021,8,26,238,23,3,80.72,2021-08-26 23:00:00+00:00,2021-08-27 00:00:00+00:00,46052.995,5080.5575,11038.285,0.0,44383.85,16118.8425,-0.8048257371083452,-0.593511190196115,-0.2588190451025215,0.965925826289068,0.4338837391175582,-0.900968867902419,0,weekday,44.215
2021-08-27,2021,8,27,239,23,4,81.31,2021-08-27 23:00:00+00:00,2021-08-28 00:00:00+00:00,42129.03,4934.03,6239.62,0.0,37542.0,11173.65,-0.8149159841660791,-0.5795791048257612,-0.2588190451025215,0.965925826289068,-0.433883739117558,-0.9009688679024191,0,weekday,47.806
2021-08-28,2021,8,28,240,23,5,73.57,2021-08-28 23:00:00+00:00,2021-08-29 00:00:00+00:00,39075.53,4765.1825,6400.9275,0.0,37402.64,11166.11,-0.8247650844733614,-0.5654755126737576,-0.2588190451025215,0.965925826289068,-0.9749279121818236,-0.2225209339563146,0,weekend,47.806
2021-08-29,2021,8,29,241,23,6,78.42,2021-08-29 23:00:00+00:00,2021-08-30 00:00:00+00:00,41022.455,2610.7125,10742.1225,0.0,37826.4,13352.835,-0.8343701235229538,-0.5512045872199277,-0.2588190451025215,0.965925826289068,-0.7818314824680299,0.6234898018587334,0,weekend,48.328
2021-08-30,2021,8,30,242,23,0,90.02,2021-08-30 23:00:00+00:00,2021-08-31 00:00:00+00:00,44037.72,1872.9575,8365.6675,0.0,38986.34,10238.625,-0.8437282590292712,-0.5367705514607103,-0.2588190451025215,0.965925826289068,0.0,1.0,0,weekday,48.85
2021-08-31,2021,8,31,243,23,1,92.91,2021-08-31 23:00:00+00:00,2021-09-01 00:00:00+00:00,45308.1675,1206.1825,4723.3175,0.0,35868.11,5929.5,-0.8528367217694595,-0.522177676659508,-0.2588190451025215,0.965925826289068,0.7818314824680298,0.6234898018587336,0,weekday,48.58
2021-09-01,2021,9,1,244,23,2,96.84,2021-09-01 23:00:00+00:00,2021-09-02 00:00:00+00:00,45650.052500000005,764.2175,3785.5625,0.0,37497.27,4549.78,-0.8616928164028522,-0.5074302810827518,-0.2588190451025215,0.965925826289068,0.9749279121818236,-0.2225209339563143,0,weekday,52.25
2021-09-02,2021,9,2,245,23,3,96.63,2021-09-02 23:00:00+00:00,2021-09-03 00:00:00+00:00,45659.035,859.0375,3700.0425,0.0,37306.23,4559.08,-0.8702939222685674,-0.4925327287220543,-0.2588190451025215,0.965925826289068,0.4338837391175582,-0.900968867902419,0,weekday,50.985
2021-09-03,2021,9,3,246,23,4,105.98,2021-09-03 23:00:00+00:00,2021-09-04 00:00:00+00:00,43305.9025,972.8875,3146.0575,0.0,35744.76,4118.945,-0.8786374941610001,-0.4774894280028391,-0.2588190451025215,0.965925826289068,-0.433883739117558,-0.9009688679024191,0,weekday,51.8
2021-09-04,2021,9,4,247,23,5,99.88,2021-09-04 23:00:00+00:00,2021-09-05 00:00:00+00:00,40023.6875,1456.44,5568.7825,0.0,33636.06,7025.2225,-0.886721063082993,-0.4623048304798108,-0.2588190451025215,0.965925826289068,-0.9749279121818236,-0.2225209339563146,0,weekend,51.505
2021-09-05,2021,9,5,248,23,6,104.79,2021-09-05 23:00:00+00:00,2021-09-06 00:00:00+00:00,41563.46,273.9775,3478.7675,0.0,34598.61,3752.745,-0.8945422369764496,-0.4469834295196741,-0.2588190451025215,0.965925826289068,-0.7818314824680299,0.6234898018587334,0,weekend,52.028333333333336
2021-09-06,2021,9,6,249,23,0,112.0,2021-09-06 23:00:00+00:00,2021-09-07 00:00:00+00:00,44052.295,103.6575,1081.7675,0.0,35892.11,1185.425,-0.9020987014301836,-0.4315297589714714,-0.2588190451025215,0.965925826289068,0.0,1.0,0,weekday,52.55166666666667
2021-09-07,2021,9,7,250,23,1,110.0,2021-09-07 23:00:00+00:00,2021-09-08 00:00:00+00:00,45431.76,613.735,3376.7025,0.0,38807.26,3990.4375,-0.9093882203647924,-0.4159483918249421,-0.2588190451025215,0.965925826289068,0.7818314824680298,0.6234898018587336,0,weekday,53.075
2021-09-08,2021,9,8,251,23,2,107.72,2021-09-08 23:00:00+00:00,2021-09-09 00:00:00+00:00,45427.2475,1535.18,7645.3775,0.0,42992.71,9180.5575,-0.9164086366943458,-0.4002439388573056,-0.2588190451025215,0.965925826289068,0.9749279121818236,-0.2225209339563143,0,weekday,54.175
2021-09-09,2021,9,9,252,23,3,114.43,2021-09-09 23:00:00+00:00,2021-09-10 00:00:00+00:00,46247.305,607.8675,5990.2725,0.0,40714.59,6598.14,-0.923157872964704,-0.3844210472688554,-0.2588190451025215,0.965925826289068,0.4338837391175582,-0.900968867902419,0,weekday,55.6
2021-09-10,2021,9,10,253,23,4,129.77,2021-09-10 23:00:00+00:00,2021-09-11 00:00:00+00:00,42541.39,637.335,4349.3325,0.0,37595.4,4986.6675000000005,-0.9296339319682696,-0.3684843993077793,-0.2588190451025215,0.965925826289068,-0.433883739117558,-0.9009688679024191,0,weekday,56.0
2021-09-11,2021,9,11,254,23,5,99.17,2021-09-11 23:00:00+00:00,2021-09-12 00:00:00+00:00,39292.69,2647.9475,5616.695,0.0,34848.36,8264.6425,-0.935834897334994,-0.3524387108846032,-0.2588190451025215,0.965925826289068,-0.9749279121818236,-0.2225209339563146,0,weekend,57.916
2021-09-12,2021,9,12,255,23,6,108.2,2021-09-12 23:00:00+00:00,2021-09-13 00:00:00+00:00,41408.0925,2348.1225,4110.925,0.0,37172.18,6459.047500000001,-0.9417589340994617,-0.3362887301766828,-0.2588190451025215,0.965925826289068,-0.7818314824680299,0.6234898018587334,0,weekend,58.632999999999996
2021-09-13,2021,9,13,256,23,0,121.59,2021-09-13 23:00:00+00:00,2021-09-14 00:00:00+00:00,44894.1125,161.4775,2446.3075,0.0,38698.03,2607.785,-0.9474042892438844,-0.3200392362231385,-0.2588190451025215,0.965925826289068,0.0,1.0,0,weekday,59.35
2021-09-14,2021,9,14,257,23,1,133.4,2021-09-14 23:00:00+00:00,2021-09-15 00:00:00+00:00,45570.6425,2681.13,8762.3375,0.0,44701.97,11443.4675,-0.9527692922168512,-0.3036950375106588,-0.2588190451025215,0.965925826289068,0.7818314824680298,0.6234898018587336,0,weekday,64.55
2021-09-15,2021,9,15,258,23,2,129.4,2021-09-15 23:00:00+00:00,2021-09-16 00:00:00+00:00,45753.315,3964.475,8574.27,0.0,47306.63,12538.745,-0.9578523554276668,-0.2872609705505963,-0.2588190451025215,0.965925826289068,0.9749279121818236,-0.2225209339563143,0,weekday,71.925
2021-09-16,2021,9,16,259,23,3,125.43,2021-09-16 23:00:00+00:00,2021-09-17 00:00:00+00:00,45509.4575,1548.245,9127.9525,0.0,43310.39,10676.197499999998,-0.9626519747161488,-0.2707418984477642,-0.2588190451025215,0.965925826289068,0.4338837391175582,-0.900968867902419,0,weekday,68.535
2021-09-17,2021,9,17,260,23,4,130.64,2021-09-17 23:00:00+00:00,2021-09-18 00:00:00+00:00,42595.7925,840.3225,2787.7075,0.0,36506.41,3628.03,-0.9671667297977312,-0.2541427094613622,-0.2588190451025215,0.965925826289068,-0.433883739117558,-0.9009688679024191,0,weekday,66.75
2021-09-18,2021,9,18,261,23,5,80.05,2021-09-18 23:00:00+00:00,2021-09-19 00:00:00+00:00,39662.0425,3378.8825,6934.265,0.0,36825.53,10313.1475,-0.97139528468375,-0.2374683155584684,-0.2588190451025215,0.965925826289068,-0.9749279121818236,-0.2225209339563146,0,weekend,65.103
2021-09-19,2021,9,19,262,23,6,96.04,2021-09-19 23:00:00+00:00,2021-09-20 00:00:00+00:00,41371.3825,1713.415,4344.93,0.0,36043.66,6058.345,-0.9753363880767836,-0.2207236509605022,-0.2588190451025215,0.965925826289068,-0.7818314824680299,0.6234898018587334,0,weekend,65.41399999999999
2021-09-20,2021,9,20,263,23,0,128.01,2021-09-20 23:00:00+00:00,2021-09-21 00:00:00+00:00,43624.46,269.9475,1317.1775,0.0,36143.1,1587.125,-0.978988873740932,-0.2039136706831147,-0.2588190451025215,0.965925826289068,0.0,1.0,0,weekday,65.725
2021-09-21,2021,9,21,264,23,1,100.98,2021-09-21 23:00:00+00:00,2021-09-22 00:00:00+00:00,45265.29,1290.8925,9183.72,0.0,41818.02,10474.6125,-0.9823516608469236,-0.1870433490699165,-0.2588190451025215,0.965925826289068,0.7818314824680298,0.6234898018587336,0,weekday,72.525
2021-09-22,2021,9,22,265,23,2,97.05,2021-09-22 23:00:00+00:00,2021-09-23 00:00:00+00:00,46566.98,5549.945,11656.4425,0.0,44283.4,17206.387499999997,-0.9854237542919524,-0.1701176783204905,-0.2588190451025215,0.965925826289068,0.9749279121818236,-0.2225209339563143,0,weekday,70.1
2021-09-23,2021,9,23,266,23,3,57.82,2021-09-23 23:00:00+00:00,2021-09-24 00:00:00+00:00,46261.4775,5143.6925,23848.3325,0.0,50355.49,28992.025,-0.9882042449941422,-0.15314166701312,-0.2588190451025215,0.965925826289068,0.4338837391175582,-0.900968867902419,0,weekday,68.0
2021-09-24,2021,9,24,267,23,4,103.67,2021-09-24 23:00:00+00:00,2021-09-25 00:00:00+00:00,42023.52,3870.87,14078.935,0.0,41354.5,17949.805,-0.9906923101615608,-0.136120338622667,-0.2588190451025215,0.965925826289068,-0.433883739117558,-0.9009688679024191,0,weekday,68.3
2021-09-25,2021,9,25,268,23,5,124.95,2021-09-25 23:00:00+00:00,2021-09-26 00:00:00+00:00,39816.085,715.14,2765.885,0.0,33253.83,3481.025,-0.9928872135356962,-0.1190587300340498,-0.2588190451025215,0.965925826289068,-0.9749279121818236,-0.2225209339563146,0,weekend,70.24
2021-09-26,2021,9,26,269,23,6,112.03,2021-09-26 23:00:00+00:00,2021-09-27 00:00:00+00:00,40706.5175,1216.945,5278.070000000001,0.0,35365.91,6495.015,-0.994788305609327,-0.1019618900517457,-0.2588190451025215,0.965925826289068,-0.7818314824680299,0.6234898018587334,0,weekend,72.62
2021-09-27,2021,9,27,270,23,0,99.89,2021-09-27 23:00:00+00:00,2021-09-28 00:00:00+00:00,43921.7275,2536.2375,8895.914999999999,0.0,40403.32,11432.1525,-0.9963950238187232,-0.0848348779057653,-0.2588190451025215,0.965925826289068,0.0,1.0,0,weekday,75.0
2021-09-28,2021,9,28,271,23,1,110.83,2021-09-28 23:00:00+00:00,2021-09-29 00:00:00+00:00,45491.7,3483.0625,5294.2775,0.0,38728.89,8777.34,-0.9977068927101168,-0.0676827617545516,-0.2588190451025215,0.965925826289068,0.7818314824680298,0.6234898018587336,0,weekday,83.0
2021-09-29,2021,9,29,272,23,2,65.22,2021-09-29 23:00:00+00:00,2021-09-30 00:00:00+00:00,46274.16499999999,5581.7725,24457.7675,0.0,50580.33,30039.54,-0.9987235240803972,-0.0505106171852228,-0.2588190451025215,0.965925826289068,0.9749279121818236,-0.2225209339563143,0,weekday,86.5
2021-09-30,2021,9,30,273,23,3,71.39,2021-09-30 23:00:00+00:00,2021-10-01 00:00:00+00:00,48858.1175,5711.547500000001,18329.105,0.0,46855.87,24040.6525,-0.9994446170919858,-0.0333235257116313,-0.2588190451025215,0.965925826289068,0.4338837391175582,-0.900968867902419,0,weekday,94.92
2021-10-01,2021,10,1,274,23,4,105.32,2021-10-01 23:00:00+00:00,2021-10-02 00:00:00+00:00,44764.28,2760.415,14463.79,0.0,41436.54,17224.205,-0.9998699583618592,-0.0161265732706577,-0.2588190451025215,0.965925826289068,-0.433883739117558,-0.9009688679024191,0,weekday,94.665
2021-10-02,2021,10,2,275,23,5,-0.03,2021-10-02 23:00:00+00:00,2021-10-03 00:00:00+00:00,40624.935,3906.1875,32631.8525,0.0,51258.28,36538.04,-0.9999994220246924,0.0010751512827982,-0.2588190451025215,0.965925826289068,-0.9749279121818236,-0.2225209339563146,0,weekend,93.625
2021-10-03,2021,10,3,276,23,6,71.13,2021-10-03 23:00:00+00:00,2021-10-04 00:00:00+00:00,41324.935,5932.467500000001,11628.7575,0.0,35312.04,17561.225,-0.999832969770105,0.0182765576816912,-0.2588190451025215,0.965925826289068,-0.7818314824680299,0.6234898018587334,1,holiday,95.0125
2021-10-04,2021,10,4,277,23,0,112.4,2021-10-04 23:00:00+00:00,2021-10-05 00:00:00+00:00,45475.39,4930.8075,6968.577499999999,0.0,38757.86,11899.384999999998,-0.9993706508539968,0.0354725557531255,-0.2588190451025215,0.965925826289068,0.0,1.0,0,weekday,96.4
2021-10-05,2021,10,5,278,23,1,74.98,2021-10-05 23:00:00+00:00,2021-10-06 00:00:00+00:00,46999.7425,4121.85,18184.455,0.0,42845.16,22306.305,-0.9986126020839734,0.052658056924614,-0.2588190451025215,0.965925826289068,0.7818314824680298,0.6234898018587336,0,weekday,95.0
2021-10-06,2021,10,6,279,23,2,252.86,2021-10-06 23:00:00+00:00,2021-10-07 00:00:00+00:00,47497.0625,80.94,2560.8125,0.0,35948.72,2641.7525,-0.9975590477788612,0.0698279757298708,-0.2588190451025215,0.965925826289068,0.9749279121818236,-0.2225209339563143,0,weekday,131.025
2021-10-07,2021,10,7,280,23,3,167.36,2021-10-07 23:00:00+00:00,2021-10-08 00:00:00+00:00,44758.165,444.9925,2994.865,0.0,36970.56,3439.8575,-0.9962102997023295,0.0869772313136861,-0.2588190451025215,0.965925826289068,0.4338837391175582,-0.900968867902419,0,weekday,89.26
2021-10-08,2021,10,8,281,23,4,120.28,2021-10-08 23:00:00+00:00,2021-10-09 00:00:00+00:00,44295.11,939.6875,9928.1175,0.0,35865.41,10867.805,-0.9945667569706336,0.1041007489354256,-0.2588190451025215,0.965925826289068,-0.433883739117558,-0.9009688679024191,0,weekday,95.0
2021-10-09,2021,10,9,282,23,5,132.2,2021-10-09 23:00:00+00:00,2021-10-10 00:00:00+00:00,43931.53,986.61,8768.9025,0.0,35374.15,9755.5125,-0.9926289059345096,0.121193461470736,-0.2588190451025215,0.965925826289068,-0.9749279121818236,-0.2225209339563146,0,weekend,87.605
2021-10-10,2021,10,10,283,23,6,141.51,2021-10-10 23:00:00+00:00,2021-10-11 00:00:00+00:00,43580.575,3340.7575,6883.82,0.0,37044.78,10224.5775,-0.9903973200352558,0.1382503109109819,-0.2588190451025215,0.965925826289068,-0.7818314824680299,0.6234898018587334,0,weekend,89.80250000000001
2021-10-11,2021,10,11,284,23,0,94.85,2021-10-11 23:00:00+00:00,2021-10-12 00:00:00+00:00,46075.51,6320.8925,14025.3275,0.0,47110.48,20346.22,-0.9878726596350428,0.1552662498599956,-0.2588190451025215,0.965925826289068,0.0,1.0,0,weekday,92.0
2021-10-12,2021,10,12,285,23,1,152.01,2021-10-12 23:00:00+00:00,2021-10-13 00:00:00+00:00,48739.3475,3354.0975,7341.4425,0.0,43274.27,10695.54,-0.9850556718215012,0.172236243027682,-0.2588190451025215,0.965925826289068,0.7818314824680298,0.6234898018587336,0,weekday,86.31
2021-10-13,2021,10,13,286,23,2,131.83,2021-10-13 23:00:00+00:00,2021-10-14 00:00:00+00:00,48056.81,2618.4425,10266.8425,0.0,43709.41,12885.285,-0.981947190186646,0.1891552687200409,-0.2588190451025215,0.965925826289068,0.9749279121818236,-0.2225209339563143,0,weekday,91.375
2021-10-14,2021,10,14,287,23,3,56.55,2021-10-14 23:00:00+00:00,2021-10-15 00:00:00+00:00,48081.4975,6190.4125,20341.4575,0.0,50872.99,26531.870000000003,-0.9785481345802032,0.2060183203251708,-0.2588190451025215,0.965925826289068,0.4338837391175582,-0.900968867902419,0,weekday,102.15
2021-10-15,2021,10,15,288,23,4,126.22,2021-10-15 23:00:00+00:00,2021-10-16 00:00:00+00:00,45249.195,3417.2025,8545.3425,0.0,41864.03,11962.545,-0.9748595108374124,0.2228204077947995,-0.2588190451025215,0.965925826289068,-0.433883739117558,-0.9009688679024191,0,weekday,104.0
2021-10-16,2021,10,16,289,23,5,107.67,2021-10-16 23:00:00+00:00,2021-10-17 00:00:00+00:00,42223.3675,3425.5025,7651.9775,0.0,38433.74,11077.48,-0.9708824104813836,0.239556559120927,-0.2588190451025215,0.965925826289068,-0.9749279121818236,-0.2225209339563146,0,weekend,93.65
2021-10-17,2021,10,17,290,23,6,118.04,2021-10-17 23:00:00+00:00,2021-10-18 00:00:00+00:00,43918.885,3396.6725,6985.435,0.0,39686.61,10382.1075,-0.9666180104000972,0.2562218218071163,-0.2588190451025215,0.965925826289068,-0.7818314824680299,0.6234898018587334,0,weekend,91.5
2021-10-18,2021,10,18,291,23,0,106.28,2021-10-18 23:00:00+00:00,2021-10-19 00:00:00+00:00,47294.787500000006,3413.15,11548.755,0.0,44121.34,14961.905,-0.9620675724981452,0.2728112643340191,-0.2588190451025215,0.965925826289068,0.0,1.0,0,weekday,89.35
2021-10-19,2021,10,19,292,23,1,5.65,2021-10-19 23:00:00+00:00,2021-10-20 00:00:00+00:00,49172.995,6065.0325,27183.005,0.0,52430.75,33248.0375,-0.957232443323312,0.2893199776186952,-0.2588190451025215,0.965925826289068,0.7818314824680298,0.6234898018587336,0,weekday,92.15
2021-10-20,2021,10,20,293,23,2,30.17,2021-10-20 23:00:00+00:00,2021-10-21 00:00:00+00:00,52648.765,5753.3575,29065.4825,0.0,55138.3,34818.84,-0.9521140536681102,0.3057430764672831,-0.2588190451025215,0.965925826289068,0.9749279121818236,-0.2225209339563143,0,weekday,94.395
2021-10-21,2021,10,21,294,23,3,60.45,2021-10-21 23:00:00+00:00,2021-10-22 00:00:00+00:00,51594.1175,6128.5875,26841.53,0.0,54859.15,32970.1175,-0.9467139181463862,0.3220757010206104,-0.2588190451025215,0.965925826289068,0.4338837391175582,-0.900968867902419,0,weekday,90.645
2021-10-22,2021,10,22,295,23,4,69.17,2021-10-22 23:00:00+00:00,2021-10-23 00:00:00+00:00,46007.745,6256.305,22781.975,0.0,51174.52,29038.28,-0.9410336347451196,0.3383130181923076,-0.2588190451025215,0.965925826289068,-0.433883739117558,-0.9009688679024191,0,weekday,88.61
2021-10-23,2021,10,23,296,23,5,109.43,2021-10-23 23:00:00+00:00,2021-10-24 00:00:00+00:00,43309.89,4274.21,7315.92,0.0,38869.12,11590.13,-0.9350748843515574,0.3544502230989869,-0.2588190451025215,0.965925826289068,-0.9749279121818236,-0.2225209339563146,0,weekend,87.34
2021-10-24,2021,10,24,297,23,6,81.55,2021-10-24 23:00:00+00:00,2021-10-25 00:00:00+00:00,44700.375,3577.585,14324.8025,0.0,43175.44,17902.3875,-0.9288394302558068,0.3704825404820963,-0.2588190451025215,0.965925826289068,-0.7818314824680299,0.6234898018587334,0,weekend,89.17
2021-10-25,2021,10,25,298,23,0,135.57,2021-10-25 23:00:00+00:00,2021-10-26 00:00:00+00:00,48862.495,3074.86,12279.255,0.0,44649.25,15354.115,-0.9223291176290545,0.3864052261209853,-0.2588190451025215,0.965925826289068,0.0,1.0,0,weekday,91.0
2021-10-26,2021,10,26,299,23,1,85.4,2021-10-26 23:00:00+00:00,2021-10-27 00:00:00+00:00,49200.9675,5913.952499999999,17891.105,0.0,47649.01,23805.0575,-0.9155458729775467,0.4022135682368036,-0.2588190451025215,0.965925826289068,0.7818314824680298,0.6234898018587336,0,weekday,90.15
2021-10-27,2021,10,27,300,23,2,125.53,2021-10-27 23:00:00+00:00,2021-10-28 00:00:00+00:00,50022.7275,6116.469999999999,11330.54,0.0,46990.88,17447.010000000002,-0.9084917035725082,0.4179028888867866,-0.2588190451025215,0.965925826289068,0.9749279121818236,-0.2225209339563143,0,weekday,86.3
2021-10-28,2021,10,28,301,23,3,83.99,2021-10-28 23:00:00+00:00,2021-10-29 00:00:00+00:00,50094.675,4867.22,15337.74,0.0,43623.6,20204.96,-0.9011686968561567,0.4334685453485363,-0.2588190451025215,0.965925826289068,0.4338837391175582,-0.900968867902419,0,weekday,78.0
2021-10-29,2021,10,29,302,23,4,72.22,2021-10-29 23:00:00+00:00,2021-10-30 00:00:00+00:00,50515.380000000005,5035.785,15774.595,0.0,44241.55,20810.38,-0.8935790198239952,0.4489059314938798,-0.2588190451025215,0.965925826289068,-0.433883739117558,-0.9009688679024191,0,weekday,72.62
2021-10-30,2021,10,30,303,23,5,60.87,2021-10-30 23:00:00+00:00,2021-10-31 00:00:00+00:00,43116.47,3552.1425,18468.9875,0.0,43731.07,22021.13,-0.8857249183835637,0.4642104791518923,-0.2588190451025215,0.965925826289068,-0.9749279121818236,-0.2225209339563146,0,weekend,64.865
2021-10-31,2021,10,31,304,23,6,59.22,2021-10-31 23:00:00+00:00,2021-11-01 00:00:00+00:00,43533.155,5514.2075,22516.13,0.0,46786.4,28030.3375,-0.8776087166898392,0.4793776594606945,-0.2588190451025215,0.965925826289068,-0.7818314824680299,0.6234898018587334,0,weekend,64.22749999999999
2021-11-01,2021,11,1,305,23,0,145.0,2021-11-01 23:00:00+00:00,2021-11-02 00:00:00+00:00,48337.4975,4451.8575,8455.5725,0.0,42240.85,12907.43,-0.8692328164574792,0.4944029842076181,-0.2588190451025215,0.965925826289068,0.0,1.0,0,weekday,63.59
2021-11-02,2021,11,2,306,23,1,146.68,2021-11-02 23:00:00+00:00,2021-11-03 00:00:00+00:00,50629.83,737.715,4153.2525000000005,0.0,52033.32,4890.967500000001,-0.8605996962501181,0.5092820071573356,-0.2588190451025215,0.965925826289068,0.7818314824680298,0.6234898018587336,0,weekday,65.175
2021-11-03,2021,11,3,307,23,2,165.39,2021-11-03 23:00:00+00:00,2021-11-04 00:00:00+00:00,50590.38,417.96,2389.6825,0.0,51191.78,2807.6425,-0.8517119107469189,0.5240103253675756,-0.2588190451025215,0.965925826289068,0.9749279121818236,-0.2225209339563143,0,weekday,73.52
2021-11-04,2021,11,4,308,23,3,109.41,2021-11-04 23:00:00+00:00,2021-11-05 00:00:00+00:00,49417.4625,2434.4525,15727.71,0.0,54163.58,18162.1625,-0.8425720899866032,0.5385835804920232,-0.2588190451025215,0.965925826289068,0.4338837391175582,-0.900968867902419,0,weekday,77.525
2021-11-05,2021,11,5,309,23,4,81.09,2021-11-05 23:00:00+00:00,2021-11-06 00:00:00+00:00,50206.7875,4600.3625,16349.3525,0.0,54502.63,20949.715,-0.8331829385891785,0.5529974600700271,-0.2588190451025215,0.965925826289068,-0.433883739117558,-0.9009688679024191,0,weekday,73.16
2021-11-06,2021,11,6,310,23,5,6.73,2021-11-06 23:00:00+00:00,2021-11-07 00:00:00+00:00,46549.11,5408.0825,29475.8625,0.0,60312.59,34883.945,-0.8235472349556007,0.5672476988027229,-0.2588190451025215,0.965925826289068,-0.9749279121818236,-0.2225209339563146,0,weekend,74.025
2021-11-07,2021,11,7,311,23,6,55.39,2021-11-07 23:00:00+00:00,2021-11-08 00:00:00+00:00,47791.2475,5666.0925,20900.6975,0.0,54365.97,26566.79,-0.8136678304455991,0.5813300798152042,-0.2588190451025215,0.965925826289068,-0.7818314824680299,0.6234898018587334,0,weekend,77.39750000000001
2021-11-08,2021,11,8,312,23,0,153.01,2021-11-08 23:00:00+00:00,2021-11-09 00:00:00+00:00,51379.66,1128.1875,3169.2175,0.0,50412.42,4297.405000000001,-0.8035476485339116,0.5952404359043674,-0.2588190451025215,0.965925826289068,0.0,1.0,0,weekday,80.77
2021-11-09,2021,11,9,313,23,1,93.74,2021-11-09 23:00:00+00:00,2021-11-10 00:00:00+00:00,50103.505,5541.885,10426.705,0.0,54346.2,15968.59,-0.7931896839451843,0.6089746507720486,-0.2588190451025215,0.965925826289068,0.7818314824680298,0.6234898018587336,0,weekday,76.5
2021-11-10,2021,11,10,314,23,2,168.03,2021-11-10 23:00:00+00:00,2021-11-11 00:00:00+00:00,52747.9875,618.9225,2333.6325,0.0,50191.78,2952.5550000000003,-0.7825970017677834,0.6225286602431057,-0.2588190451025215,0.965925826289068,0.9749279121818236,-0.2225209339563143,0,weekday,66.71
2021-11-11,2021,11,11,315,23,3,167.72,2021-11-11 23:00:00+00:00,2021-11-12 00:00:00+00:00,50758.1075,1170.2025,1670.6325,0.0,49110.89,2840.835,-0.7717727365467836,0.6358984534680745,-0.2588190451025215,0.965925826289068,0.4338837391175582,-0.900968867902419,0,weekday,72.0
2021-11-12,2021,11,12,316,23,4,99.0,2021-11-12 23:00:00+00:00,2021-11-13 00:00:00+00:00,50502.505000000005,5704.1425,12632.5925,0.0,54816.59,18336.735,-0.7607200913564104,0.6490800741100398,-0.2588190451025215,0.965925826289068,-0.433883739117558,-0.9009688679024191,0,weekday,77.77
2021-11-13,2021,11,13,317,23,5,184.73,2021-11-13 23:00:00+00:00,2021-11-14 00:00:00+00:00,48906.075,1542.2375,1177.4075,0.0,44933.8,2719.645,-0.7494423368521954,0.6620696215153815,-0.2588190451025215,0.965925826289068,-0.9749279121818236,-0.2225209339563146,0,weekend,75.675
2021-11-14,2021,11,14,318,23,6,165.85,2021-11-14 23:00:00+00:00,2021-11-15 00:00:00+00:00,48968.355,1298.44,6856.545,0.0,49613.06,8154.985000000001,-0.7379428103031386,0.6748632518680403,-0.2588190451025215,0.965925826289068,-0.7818314824680299,0.6234898018587334,0,weekend,76.985
2021-11-15,2021,11,15,319,23,0,182.46,2021-11-15 23:00:00+00:00,2021-11-16 00:00:00+00:00,48996.7225,338.24,3174.0,0.0,49055.16,3512.24,-0.7262249146041543,0.6874571793269664,-0.2588190451025215,0.965925826289068,0.0,1.0,0,weekday,78.295
2021-11-16,2021,11,16,320,23,1,194.01,2021-11-16 23:00:00+00:00,2021-11-17 00:00:00+00:00,50135.4575,2375.2275,2064.555,0.0,53224.98,4439.782499999999,-0.7142921172691032,0.699847677146407,-0.2588190451025215,0.965925826289068,0.7818314824680298,0.6234898018587336,0,weekday,84.38
2021-11-17,2021,11,17,321,23,2,100.1,2021-11-17 23:00:00+00:00,2021-11-18 00:00:00+00:00,51089.17,5975.955,16350.134999999998,0.0,57274.71,22326.09,-0.7021479494046978,0.7120310787787131,-0.2588190451025215,0.965925826289068,0.9749279121818236,-0.2225209339563143,0,weekday,97.99
2021-11-18,2021,11,18,322,23,3,71.81,2021-11-18 23:00:00+00:00,2021-11-19 00:00:00+00:00,53051.085,6039.2875,25888.5675,0.0,61360.69,31927.855000000003,-0.6897960046655887,0.7240037789593305,-0.2588190451025215,0.965925826289068,0.4338837391175582,-0.900968867902419,0,weekday,93.6
2021-11-19,2021,11,19,323,23,4,107.01,2021-11-19 23:00:00+00:00,2021-11-20 00:00:00+00:00,49747.335,5143.5325,16780.015,0.0,56522.99,21923.5475,-0.6772399381909491,0.7357622347736527,-0.2588190451025215,0.965925826289068,-0.433883739117558,-0.9009688679024191,0,weekday,91.125
2021-11-20,2021,11,20,324,23,5,72.61,2021-11-20 23:00:00+00:00,2021-11-21 00:00:00+00:00,44686.4175,5544.672500000001,17741.567499999997,0.0,55134.77,23286.24,-0.6644834655228552,0.7473029667054296,-0.2588190451025215,0.965925826289068,-0.9749279121818236,-0.2225209339563146,0,weekend,87.125
2021-11-21,2021,11,21,325,23,6,175.86,2021-11-21 23:00:00+00:00,2021-11-22 00:00:00+00:00,46902.89,2541.7225,7454.165,0.0,52509.02,9995.8875,-0.6515303615068021,0.75862255966641,-0.2588190451025215,0.965925826289068,-0.7818314824680299,0.6234898018587334,0,weekend,85.6875
2021-11-22,2021,11,22,326,23,0,168.4,2021-11-22 23:00:00+00:00,2021-11-23 00:00:00+00:00,50402.9175,5581.342500000001,11871.92,0.0,59755.45,17453.2625,-0.6383844591746642,0.7697176640069211,-0.2588190451025215,0.965925826289068,0.0,1.0,0,weekday,84.25
2021-11-23,2021,11,23,327,23,1,190.06,2021-11-23 23:00:00+00:00,2021-11-24 00:00:00+00:00,54147.8625,2410.4375,6599.7225,0.0,56757.03,9010.16,-0.6250496486104377,0.7805849965070866,-0.2588190451025215,0.965925826289068,0.7818314824680298,0.6234898018587336,0,weekday,86.95
2021-11-24,2021,11,24,328,23,2,200.03,2021-11-24 23:00:00+00:00,2021-11-25 00:00:00+00:00,53724.1225,3512.1825,4432.2475,0.0,55214.87,7944.43,-0.6115298757991053,0.7912213413483807,-0.2588190451025215,0.965925826289068,0.9749279121818236,-0.2225209339563143,0,weekday,93.85
2021-11-25,2021,11,25,329,23,3,155.45,2021-11-25 23:00:00+00:00,2021-11-26 00:00:00+00:00,53679.5175,3778.365,11660.005,0.0,57878.95,15438.37,-0.5978291414589552,0.801623551065242,-0.2588190451025215,0.965925826289068,0.4338837391175582,-0.900968867902419,0,weekday,93.985
2021-11-26,2021,11,26,330,23,4,130.08,2021-11-26 23:00:00+00:00,2021-11-27 00:00:00+00:00,52741.59,2942.6975,18089.995000000003,0.0,60184.09,21032.692500000005,-0.5839514998576998,0.8117885474764613,-0.2588190451025215,0.965925826289068,-0.433883739117558,-0.9009688679024191,0,weekday,92.45
2021-11-27,2021,11,27,331,23,5,193.95,2021-11-27 23:00:00+00:00,2021-11-28 00:00:00+00:00,49017.945,2048.9425,3529.905,0.0,50521.28,5578.8475,-0.5699010576127624,0.8217133225960589,-0.2588190451025215,0.965925826289068,-0.9749279121818236,-0.2225209339563146,0,weekend,87.772
2021-11-28,2021,11,28,332,23,6,155.39,2021-11-28 23:00:00+00:00,2021-11-29 00:00:00+00:00,49482.27,2710.46,4822.905,0.0,51263.98,7533.365,-0.5556819724760489,0.8313949395234058,-0.2588190451025215,0.965925826289068,-0.7818314824680299,0.6234898018587334,0,weekend,91.011
2021-11-29,2021,11,29,333,23,0,113.9,2021-11-29 23:00:00+00:00,2021-11-30 00:00:00+00:00,53573.3275,5931.2175,17060.997499999998,0.0,59264.67,22992.215,-0.5412984521036173,0.8408305333122887,-0.2588190451025215,0.965925826289068,0.0,1.0,0,weekday,94.25
2021-11-30,2021,11,30,334,23,1,127.25,2021-11-30 23:00:00+00:00,2021-12-01 00:00:00+00:00,56636.1275,4011.9825,19716.23,0.0,58442.23,23728.2125,-0.5267547528105542,0.8500173118187018,-0.2588190451025215,0.965925826289068,0.7818314824680298,0.6234898018587336,0,weekday,98.0
2021-12-01,2021,12,1,335,23,2,36.98,2021-12-01 23:00:00+00:00,2021-12-02 00:00:00+00:00,55422.880000000005,5973.915,34264.625,0.0,66506.83,40238.54,-0.5120551783114646,0.8589525565270845,-0.2588190451025215,0.965925826289068,0.9749279121818236,-0.2225209339563143,0,weekday,92.6
2021-12-02,2021,12,2,336,23,3,153.93,2021-12-02 23:00:00+00:00,2021-12-03 00:00:00+00:00,58500.2125,4662.73,14172.76,0.0,59008.8,18835.49,-0.4972040784469378,0.8676336233547726,-0.2588190451025215,0.965925826289068,0.4338837391175582,-0.900968867902419,0,weekday,91.6
2021-12-03,2021,12,3,337,23,4,125.06,2021-12-03 23:00:00+00:00,2021-12-04 00:00:00+00:00,53152.4475,2516.44,22635.125,0.0,59649.36,25151.565,-0.4822058478963526,0.8760579434344281,-0.2588190451025215,0.965925826289068,-0.433883739117558,-0.9009688679024191,0,weekday,91.59
2021-12-04,2021,12,4,338,23,5,87.48,2021-12-04 23:00:00+00:00,2021-12-05 00:00:00+00:00,48699.9325,2759.9575,17616.3125,0.0,57172.03,20376.27,-0.4670649248774303,0.8842230238742036,-0.2588190451025215,0.965925826289068,-0.9749279121818236,-0.2225209339563146,0,weekend,89.48
2021-12-05,2021,12,5,339,23,6,197.53,2021-12-05 23:00:00+00:00,2021-12-06 00:00:00+00:00,50147.92,5789.12,4142.5975,0.0,52530.87,9931.7175,-0.451785789832884,0.8921264484954345,-0.2588190451025215,0.965925826289068,-0.7818314824680299,0.6234898018587334,0,weekend,88.03999999999999
2021-12-06,2021,12,6,340,23,0,131.45,2021-12-06 23:00:00+00:00,2021-12-07 00:00:00+00:00,54224.2,5860.88,15514.225,0.0,63260.68,21375.105,-0.4363729641045924,0.8997658785476209,-0.2588190451025215,0.965925826289068,0.0,1.0,0,weekday,86.6
2021-12-07,2021,12,7,341,23,1,85.46,2021-12-07 23:00:00+00:00,2021-12-08 00:00:00+00:00,56972.4625,6194.17,27492.5375,0.0,65803.76,33686.7075,-0.4208310085956556,0.9071390534005044,-0.2588190451025215,0.965925826289068,0.7818314824680298,0.6234898018587336,0,weekday,95.0
2021-12-08,2021,12,8,342,23,2,189.68,2021-12-08 23:00:00+00:00,2021-12-09 00:00:00+00:00,58000.765,4762.1075,6500.5075,0.0,56744.75,11262.615,-0.4051645224207563,0.9142437912130223,-0.2588190451025215,0.965925826289068,0.9749279121818236,-0.2225209339563143,0,weekday,98.6
2021-12-09,2021,12,9,343,23,3,197.97,2021-12-09 23:00:00+00:00,2021-12-10 00:00:00+00:00,55099.485,3913.42,7804.7825,0.0,55803.69,11718.2025,-0.3893781415452015,0.9210779895789526,-0.2588190451025215,0.965925826289068,0.4338837391175582,-0.900968867902419,0,weekday,98.5
2021-12-10,2021,12,10,344,23,4,221.11,2021-12-10 23:00:00+00:00,2021-12-11 00:00:00+00:00,54059.84,189.2675,3042.08,0.0,47974.71,3231.3475,-0.3734765374130707,0.9276396261490468,-0.2588190451025215,0.965925826289068,-0.433883739117558,-0.9009688679024191,0,weekday,101.605
2021-12-11,2021,12,11,345,23,5,136.22,2021-12-11 23:00:00+00:00,2021-12-12 00:00:00+00:00,49325.3975,3943.05,10793.675,0.0,50373.75,14736.725,-0.3574644155648614,0.9339267592294762,-0.2588190451025215,0.965925826289068,-0.9749279121818236,-0.2225209339563146,0,weekend,105.775
2021-12-12,2021,12,12,346,23,6,183.78,2021-12-12 23:00:00+00:00,2021-12-13 00:00:00+00:00,49468.7025,2203.495,9306.4475,0.0,51716.65,11509.9425,-0.3413465142450361,0.9399375283564132,-0.2588190451025215,0.965925826289068,-0.7818314824680299,0.6234898018587334,0,weekend,110.5875
2021-12-13,2021,12,13,347,23,0,185.45,2021-12-13 23:00:00+00:00,2021-12-14 00:00:00+00:00,51323.7425,6016.4175,9748.015,0.0,59319.16,15764.4325,-0.3251276029999093,0.9456701548465688,-0.2588190451025215,0.965925826289068,0.0,1.0,0,weekday,115.4
2021-12-14,2021,12,14,348,23,1,230.2,2021-12-14 23:00:00+00:00,2021-12-15 00:00:00+00:00,53344.015,4824.6775,7980.365,0.0,55334.18,12805.0425,-0.3088124812662537,0.9511229423235356,-0.2588190451025215,0.965925826289068,0.7818314824680298,0.6234898018587336,0,weekday,118.95
2021-12-15,2021,12,15,349,23,2,241.19,2021-12-15 23:00:00+00:00,2021-12-16 00:00:00+00:00,52542.7525,3512.8975,10386.8075,0.0,56471.18,13899.705000000002,-0.2924059769510773,0.956294277219772,-0.2588190451025215,0.965925826289068,0.9749279121818236,-0.2225209339563143,0,weekday,131.1
2021-12-16,2021,12,16,350,23,3,289.26,2021-12-16 23:00:00+00:00,2021-12-17 00:00:00+00:00,51915.8825,1303.3625,6783.285,0.0,52906.64,8086.6475,-0.2759129450029604,0.9611826292540836,-0.2588190451025215,0.965925826289068,0.4338837391175582,-0.900968867902419,0,weekday,128.71
2021-12-17,2021,12,17,351,23,4,310.12,2021-12-17 23:00:00+00:00,2021-12-18 00:00:00+00:00,49306.2725,1430.69,3752.0925,0.0,48876.17,5182.7825,-0.2593382659754056,0.9657865518844574,-0.2588190451025215,0.965925826289068,-0.433883739117558,-0.9009688679024191,0,weekday,124.5
2021-12-18,2021,12,18,352,23,5,83.0,2021-12-18 23:00:00+00:00,2021-12-19 00:00:00+00:00,47081.6,5677.105,20461.4,0.0,56799.36,26138.505,-0.2426868445825954,0.9701046827361176,-0.2588190451025215,0.965925826289068,-0.9749279121818236,-0.2225209339563146,0,weekend,136.915
2021-12-19,2021,12,19,353,23,6,159.25,2021-12-19 23:00:00+00:00,2021-12-20 00:00:00+00:00,46381.0175,1697.9425,10738.215,0.0,49439.91,12436.1575,-0.225963608248019,0.974135744004672,-0.2588190451025215,0.965925826289068,-0.7818314824680299,0.6234898018587334,0,weekend,138.8675
2021-12-20,2021,12,20,354,23,0,283.9,2021-12-20 23:00:00+00:00,2021-12-21 00:00:00+00:00,50878.3,109.875,2237.07,0.0,51762.44,2346.945,-0.2091735056463563,0.9778785428342386,-0.2588190451025215,0.965925826289068,0.0,1.0,0,weekday,140.82
2021-12-21,2021,12,21,355,23,1,358.65,2021-12-21 23:00:00+00:00,2021-12-22 00:00:00+00:00,50819.91,883.3525,2475.765,0.0,52286.35,3359.1175,-0.1923215052390948,0.9813319716704276,-0.2588190451025215,0.965925826289068,0.7818314824680298,0.6234898018587336,0,weekday,157.7
2021-12-22,2021,12,22,356,23,2,312.7,2021-12-22 23:00:00+00:00,2021-12-23 00:00:00+00:00,50642.46,2033.515,6899.19,0.0,53595.8,8932.705,-0.1754125938042784,0.9844950085880858,-0.2588190451025215,0.965925826289068,0.9749279121818236,-0.2225209339563143,0,weekday,174.3
2021-12-23,2021,12,23,357,23,3,110.06,2021-12-23 23:00:00+00:00,2021-12-24 00:00:00+00:00,47541.3375,1213.295,25538.81,0.0,59355.16,26752.105000000003,-0.1584517749608363,0.9873667175937016,-0.2588190451025215,0.965925826289068,0.4338837391175582,-0.900968867902419,0,weekday,158.3
2021-12-24,2021,12,24,358,23,4,180.25,2021-12-24 23:00:00+00:00,2021-12-25 00:00:00+00:00,44213.7875,1602.86,6581.6375,0.0,44985.61,8184.497499999999,-0.141444067687942,0.989946248902378,-0.2588190451025215,0.965925826289068,-0.433883739117558,-0.9009688679024191,0,weekday,132.58
2021-12-25,2021,12,25,359,23,5,178.37,2021-12-25 23:00:00+00:00,2021-12-26 00:00:00+00:00,42950.805,1460.6175,8524.045,0.0,45391.44,9984.6625,-0.1243945048397999,0.9922328391893008,-0.2588190451025215,0.965925826289068,-0.9749279121818236,-0.2225209339563146,1,holiday,121.72000000000001
2021-12-26,2021,12,26,360,23,6,95.79,2021-12-26 23:00:00+00:00,2021-12-27 00:00:00+00:00,46790.155,5147.967500000001,16207.47,0.0,54243.33,21355.4375,-0.1073081316563624,0.994225811815616,-0.2588190451025215,0.965925826289068,-0.7818314824680299,0.6234898018587334,1,holiday,110.86
2021-12-27,2021,12,27,361,23,0,74.4,2021-12-27 23:00:00+00:00,2021-12-28 00:00:00+00:00,50751.4525,4717.885,19168.9075,0.0,53322.04,23886.792500000003,-0.0901900042703451,0.99592457702866,-0.2588190451025215,0.965925826289068,0.0,1.0,0,weekday,100.0
2021-12-28,2021,12,28,362,23,1,112.06,2021-12-28 23:00:00+00:00,2021-12-29 00:00:00+00:00,51290.18,675.2175,15409.1625,0.0,53331.68,16084.38,-0.0730451882110474,0.9973286321364752,-0.2588190451025215,0.965925826289068,0.7818314824680298,0.6234898018587336,0,weekday,106.59
2021-12-29,2021,12,29,363,23,2,73.08,2021-12-29 23:00:00+00:00,2021-12-30 00:00:00+00:00,50728.555,5262.5325,20122.5775,0.0,55011.22,25385.11,-0.0558787569053731,0.9984375616565666,-0.2588190451025215,0.965925826289068,0.9749279121818236,-0.2225209339563143,0,weekday,99.0
2021-12-30,2021,12,30,364,23,3,5.71,2021-12-30 23:00:00+00:00,2021-12-31 00:00:00+00:00,45504.18,6424.045,28404.195,0.0,60190.04,34828.24,-0.0386957901765268,0.999251037438848,-0.2588190451025215,0.965925826289068,0.4338837391175582,-0.900968867902419,0,weekday,94.35
2021-12-31,2021,12,31,365,23,4,50.05,2021-12-31 23:00:00+00:00,2022-01-01 00:00:00+00:00,42310.2075,5927.99,25602.6975,0.0,52473.44,31530.6875,-0.0215013727408137,0.999768818762748,-0.2588190451025215,0.965925826289068,-0.433883739117558,-0.9009688679024191,0,weekday,82.0
2022-01-01,2022,1,1,1,23,5,57.08,2022-01-01 23:00:00+00:00,2022-01-02 00:00:00+00:00,45590.7725,6389.22,17437.08,0.0,47614.1,23826.300000000003,0.0,1.0,-0.2588190451025215,0.965925826289068,-0.9749279121818236,-0.2225209339563146,1,holiday,70.345
2022-01-02,2022,1,2,2,23,6,0.31,2022-01-02 23:00:00+00:00,2022-01-03 00:00:00+00:00,49078.6275,6373.02,30222.42,0.0,58474.35,36595.44,0.0172015754182605,0.9998520419557736,-0.2588190451025215,0.965925826289068,-0.7818314824680299,0.6234898018587334,0,weekend,75.39
2022-01-03,2022,1,3,3,23,0,103.7,2022-01-03 23:00:00+00:00,2022-01-04 00:00:00+00:00,53777.325,4556.895,22474.1625,0.0,56884.64,27031.0575,0.034398060613608,0.9994082116062598,-0.2588190451025215,0.965925826289068,0.0,1.0,0,weekday,80.435
2022-01-04,2022,1,4,4,23,1,105.31,2022-01-04 23:00:00+00:00,2022-01-05 00:00:00+00:00,54494.78,6723.955,17866.425000000003,0.0,58709.07,24590.380000000005,0.0515843668694083,0.9986686402879996,-0.2588190451025215,0.965925826289068,0.7818314824680298,0.6234898018587336,0,weekday,85.0
2022-01-05,2022,1,5,5,23,2,99.85,2022-01-05 23:00:00+00:00,2022-01-06 00:00:00+00:00,52995.2875,5216.7125,22384.97,0.0,59268.89,27601.682500000003,0.0687554084811394,0.9976335468520452,-0.2588190451025215,0.965925826289068,0.9749279121818236,-0.2225209339563143,0,weekday,95.7
2022-01-06,2022,1,6,6,23,3,128.92,2022-01-06 23:00:00+00:00,2022-01-07 00:00:00+00:00,54829.630000000005,6343.38,16701.265,0.0,57762.26,23044.645,0.0859061042613327,0.9963032375991964,-0.2588190451025215,0.965925826289068,0.4338837391175582,-0.900968867902419,0,weekday,95.265
2022-01-07,2022,1,7,7,23,4,164.17,2022-01-07 23:00:00+00:00,2022-01-08 00:00:00+00:00,51505.745,2591.135,13270.715,0.0,53225.57,15861.85,0.1030313790431787,0.9946781061893646,-0.2588190451025215,0.965925826289068,-0.433883739117558,-0.9009688679024191,0,weekday,95.8
2022-01-08,2022,1,8,8,23,5,85.03,2022-01-08 23:00:00+00:00,2022-01-09 00:00:00+00:00,50373.3425,5957.475,29053.1575,0.0,59553.82,35010.6325,0.1201261651823505,0.9927586335250792,-0.2588190451025215,0.965925826289068,-0.9749279121818236,-0.2225209339563146,0,weekend,88.175
2022-01-09,2022,1,9,9,23,6,196.23,2022-01-09 23:00:00+00:00,2022-01-10 00:00:00+00:00,51735.89,1873.59,6327.045,0.0,48452.24,8200.635,0.1371854040566005,0.9905453876091832,-0.2588190451025215,0.965925826289068,-0.7818314824680299,0.6234898018587334,0,weekend,87.3375
2022-01-10,2022,1,10,10,23,0,210.34,2022-01-10 23:00:00+00:00,2022-01-11 00:00:00+00:00,53122.335,1676.4,2261.825,0.0,48176.17,3938.225,0.1542040475626894,0.988039023376751,-0.2588190451025215,0.965925826289068,0.0,1.0,0,weekday,86.5
2022-01-11,2022,1,11,11,23,1,196.65,2022-01-11 23:00:00+00:00,2022-01-12 00:00:00+00:00,55348.6025,928.7,5342.719999999999,0.0,52827.31,6271.419999999999,0.1711770596101998,0.985240282501282,-0.2588190451025215,0.965925826289068,0.7818314824680298,0.6234898018587336,0,weekday,81.225
2022-01-12,2022,1,12,12,23,2,173.14,2022-01-12 23:00:00+00:00,2022-01-13 00:00:00+00:00,55063.0225,4969.1375,13189.8025,0.0,59396.45,18158.94,0.1880994176117975,0.9821499931752292,-0.2588190451025215,0.965925826289068,0.9749279121818236,-0.2225209339563143,0,weekday,82.25
2022-01-13,2022,1,13,13,23,3,120.04,2022-01-13 23:00:00+00:00,2022-01-14 00:00:00+00:00,55905.21,5933.375,19184.9125,0.0,62610.06,25118.2875,0.2049661139694953,0.9787690698649216,-0.2588190451025215,0.965925826289068,0.4338837391175582,-0.900968867902419,0,weekday,72.0
2022-01-14,2022,1,14,14,23,4,222.01,2022-01-14 23:00:00+00:00,2022-01-15 00:00:00+00:00,54006.1425,570.0699999999999,4435.2,0.0,51496.25,5005.27,0.2217721575564818,0.975098513039961,-0.2588190451025215,0.965925826289068,-0.433883739117558,-0.9009688679024191,0,weekday,89.0
2022-01-15,2022,1,15,15,23,5,225.92,2022-01-15 23:00:00+00:00,2022-01-16 00:00:00+00:00,53593.5675,3208.975,4733.48,0.0,48234.13,7942.455,0.2385125751940764,0.9711394088771652,-0.2588190451025215,0.965925826289068,-0.9749279121818236,-0.2225209339563146,0,weekend,86.97
2022-01-16,2022,1,16,16,23,6,78.08,2022-01-16 23:00:00+00:00,2022-01-17 00:00:00+00:00,50688.3125,6090.515,29453.83,0.0,62869.22,35544.345,0.2551824131233728,0.966892928939152,-0.2588190451025215,0.965925826289068,-0.7818314824680299,0.6234898018587334,0,weekend,85.73833333333333
2022-01-17,2022,1,17,17,23,0,188.94,2022-01-17 23:00:00+00:00,2022-01-18 00:00:00+00:00,58121.7175,3204.5825,11895.0775,0.0,54593.37,15099.66,0.2717767384711357,0.9623603298276544,-0.2588190451025215,0.965925826289068,0.0,1.0,0,weekday,84.50666666666667
2022-01-18,2022,1,18,18,23,1,169.01,2022-01-18 23:00:00+00:00,2022-01-19 00:00:00+00:00,57003.9975,5679.4775,9834.1175,0.0,57377.59,15513.595,0.2882906407095177,0.957542952811672,-0.2588190451025215,0.965925826289068,0.7818314824680298,0.6234898018587336,0,weekday,83.275
2022-01-19,2022,1,19,19,23,2,90.05,2022-01-19 23:00:00+00:00,2022-01-20 00:00:00+00:00,56439.355,6188.5925,31669.905,0.0,65345.92,37858.4975,0.3047192331091634,0.9524422234305676,-0.2588190451025215,0.965925826289068,0.9749279121818236,-0.2225209339563143,0,weekday,73.95
2022-01-20,2022,1,20,20,23,3,119.19,2022-01-20 23:00:00+00:00,2022-01-21 00:00:00+00:00,59062.6425,6639.6725,20521.215,0.0,62421.05,27160.8875,0.321057654185271,0.9470596510722284,-0.2588190451025215,0.965925826289068,0.4338837391175582,-0.900968867902419,0,weekday,71.0
2022-01-21,2022,1,21,21,23,4,123.58,2022-01-21 23:00:00+00:00,2022-01-22 00:00:00+00:00,53551.0475,5900.1475,21252.4625,0.0,60213.15,27152.61,0.3373010691361842,0.9413968285264122,-0.2588190451025215,0.965925826289068,-0.433883739117558,-0.9009688679024191,0,weekday,74.765
2022-01-22,2022,1,22,22,23,5,171.69,2022-01-22 23:00:00+00:00,2022-01-23 00:00:00+00:00,48504.9625,1774.6975,8161.645,0.0,50289.41,9936.3425,0.3534446712740877,0.9354554315134164,-0.2588190451025215,0.965925826289068,-0.9749279121818236,-0.2225209339563146,0,weekend,78.98
2022-01-23,2022,1,23,23,23,6,183.33,2022-01-23 23:00:00+00:00,2022-01-24 00:00:00+00:00,54159.64,1641.1775,3832.3825,0.0,49388.81,5473.56,0.3694836834473831,0.9292372181882051,-0.2588190451025215,0.965925826289068,-0.7818314824680299,0.6234898018587334,0,weekend,83.7925
2022-01-24,2022,1,24,24,23,0,215.98,2022-01-24 23:00:00+00:00,2022-01-25 00:00:00+00:00,52646.8775,1570.9499999999998,3728.94,0.0,52828.97,5299.889999999999,0.3854133594543256,0.9227440286201428,-0.2588190451025215,0.965925826289068,0.0,1.0,0,weekday,88.605
2022-01-25,2022,1,25,25,23,1,209.57,2022-01-25 23:00:00+00:00,2022-01-26 00:00:00+00:00,54362.8375,2894.8475,6137.2175,0.0,54851.91,9032.065,0.4012289854475009,0.9159777842484876,-0.2588190451025215,0.965925826289068,0.7818314824680298,0.6234898018587336,0,weekday,92.385
2022-01-26,2022,1,26,26,23,2,131.59,2022-01-26 23:00:00+00:00,2022-01-27 00:00:00+00:00,55163.9025,6338.745,25406.285,0.0,63741.0,31745.03,0.4169258813287287,0.908940487313808,-0.2588190451025215,0.965925826289068,0.9749279121818236,-0.2225209339563143,0,weekday,89.395
2022-01-27,2022,1,27,27,23,3,82.03,2022-01-27 23:00:00+00:00,2022-01-28 00:00:00+00:00,56460.625,5931.255,36623.78,0.0,67350.73,42555.035,0.4324994021339788,0.901634220265486,-0.2588190451025215,0.965925826289068,0.4338837391175582,-0.900968867902419,0,weekday,92.25
2022-01-28,2022,1,28,28,23,4,130.25,2022-01-28 23:00:00+00:00,2022-01-29 00:00:00+00:00,55875.8375,6106.1575,21339.235,0.0,57886.58,27445.3925,0.4479449394078911,0.8940611451454876,-0.2588190451025215,0.965925826289068,-0.433883739117558,-0.9009688679024191,0,weekday,92.062
2022-01-29,2022,1,29,29,23,5,2.3,2022-01-29 23:00:00+00:00,2022-01-30 00:00:00+00:00,48184.89,4699.7875,37941.38,0.0,62629.84,42641.1675,0.4632579225674917,0.88622350294858,-0.2588190451025215,0.965925826289068,-0.9749279121818236,-0.2225209339563146,0,weekend,92.062
2022-01-30,2022,1,30,30,23,6,122.16,2022-01-30 23:00:00+00:00,2022-01-31 00:00:00+00:00,48762.1975,5365.665,15783.9875,0.0,53969.34,21149.6525,0.4784338202547012,0.8781236129591848,-0.2588190451025215,0.965925826289068,-0.7818314824680299,0.6234898018587334,0,weekend,88.45599999999999
2022-01-31,2022,1,31,31,23,0,160.15,2022-01-31 23:00:00+00:00,2022-02-01 00:00:00+00:00,54228.14,5543.9975,18054.1225,0.0,62183.11,23598.120000000003,0.4934681416772373,0.8697638720650646,-0.2588190451025215,0.965925826289068,0.0,1.0,0,weekday,84.85
2022-02-01,2022,2,1,32,23,1,35.54,2022-02-01 23:00:00+00:00,2022-02-02 00:00:00+00:00,54007.0775,5599.8625,38413.9425,0.0,68874.02,44013.805,0.5083564379375122,0.8611467540480452,-0.2588190451025215,0.965925826289068,0.7818314824680298,0.6234898018587336,0,weekday,78.3
2022-02-02,2022,2,2,33,23,2,156.98,2022-02-02 23:00:00+00:00,2022-02-03 00:00:00+00:00,55743.4625,3023.735,13747.6825,0.0,54253.95,16771.4175,0.5230943033491326,0.8522748088519838,-0.2588190451025215,0.965925826289068,0.9749279121818236,-0.2225209339563143,0,weekday,77.15
2022-02-03,2022,2,3,34,23,3,138.71,2022-02-03 23:00:00+00:00,2022-02-04 00:00:00+00:00,51440.515,5644.865,14652.1325,0.0,56262.07,20296.9975,0.5376773767406141,0.8431506618282,-0.2588190451025215,0.965925826289068,0.4338837391175582,-0.900968867902419,0,weekday,79.6
2022-02-04,2022,2,4,35,23,4,98.96,2022-02-04 23:00:00+00:00,2022-02-05 00:00:00+00:00,50256.68,6286.6425,32271.2775,0.0,64253.43,38557.92,0.5521013427459208,0.8337770129585915,-0.2588190451025215,0.965925826289068,-0.433883739117558,-0.9009688679024191,0,weekday,81.47
2022-02-05,2022,2,5,36,23,5,10.36,2022-02-05 23:00:00+00:00,2022-02-06 00:00:00+00:00,51521.645,5911.4875,36590.3925,0.0,65070.35,42501.880000000005,0.5663619330814524,0.8241566360566663,-0.2588190451025215,0.965925826289068,-0.9749279121818236,-0.2225209339563146,0,weekend,82.65
2022-02-06,2022,2,6,37,23,6,20.04,2022-02-06 23:00:00+00:00,2022-02-07 00:00:00+00:00,50599.8725,5893.0975,33442.0175,0.0,60948.01,39335.115000000005,0.580454927809098,0.8142923779467267,-0.2588190451025215,0.965925826289068,-0.7818314824680299,0.6234898018587334,0,weekend,80.725
2022-02-07,2022,2,7,38,23,0,121.96,2022-02-07 23:00:00+00:00,2022-02-08 00:00:00+00:00,55706.82,6062.6025,25186.7475,0.0,63190.25,31249.35,0.5943761565849831,0.804187157621448,-0.2588190451025215,0.965925826289068,0.0,1.0,0,weekday,78.8
2022-02-08,2022,2,8,39,23,1,115.08,2022-02-08 23:00:00+00:00,2022-02-09 00:00:00+00:00,55439.5575,5537.8125,22762.9325,0.0,58180.27,28300.745,0.6081214998935418,0.7938439653781019,-0.2588190451025215,0.965925826289068,0.7818314824680298,0.6234898018587336,0,weekday,81.48
2022-02-09,2022,2,9,40,23,2,200.46,2022-02-09 23:00:00+00:00,2022-02-10 00:00:00+00:00,55065.245,2699.8125,9740.1125,0.0,54886.94,12439.925,0.6216868902665479,0.7832658619336791,-0.2588190451025215,0.965925826289068,0.9749279121818236,-0.2225209339563143,0,weekday,76.695
2022-02-10,2022,2,10,41,23,3,180.01,2022-02-10 23:00:00+00:00,2022-02-11 00:00:00+00:00,53480.915,5061.375,11647.9625,0.0,54895.58,16709.3375,0.6350683134867438,0.7724559775191742,-0.2588190451025215,0.965925826289068,0.4338837391175582,-0.900968867902419,0,weekday,74.03
2022-02-11,2022,2,11,42,23,4,195.91,2022-02-11 23:00:00+00:00,2022-02-12 00:00:00+00:00,55374.465,2176.2725,4463.6075,0.0,49832.79,6639.88,0.6482618097757122,0.7614175109532997,-0.2588190451025215,0.965925826289068,-0.433883739117558,-0.9009688679024191,0,weekday,73.415
2022-02-12,2022,2,12,43,23,5,88.07,2022-02-12 23:00:00+00:00,2022-02-13 00:00:00+00:00,51963.6275,5862.075,21797.6975,0.0,59159.19,27659.7725,0.6612634749656386,0.7501537286959042,-0.2588190451025215,0.965925826289068,-0.9749279121818236,-0.2225209339563146,0,weekend,77.425
2022-02-13,2022,2,13,44,23,6,46.55,2022-02-13 23:00:00+00:00,2022-02-14 00:00:00+00:00,52390.135,5524.3125,30874.775,0.0,63111.66,36399.0875,0.6740694616546161,0.7386679638813748,-0.2588190451025215,0.965925826289068,-0.7818314824680299,0.6234898018587334,0,weekend,80.51249999999999
2022-02-14,2022,2,14,45,23,0,112.68,2022-02-14 23:00:00+00:00,2022-02-15 00:00:00+00:00,55840.5025,5690.5575,21584.45,0.0,61941.73,27275.0075,0.6866759803451553,0.726963615332308,-0.2588190451025215,0.965925826289068,0.0,1.0,0,weekday,83.6
2022-02-15,2022,2,15,46,23,1,94.68,2022-02-15 23:00:00+00:00,2022-02-16 00:00:00+00:00,55116.8625,5060.76,31868.805,0.0,63244.66,36929.565,0.6990793005655562,0.7150441465537444,-0.2588190451025215,0.965925826289068,0.7818314824680298,0.6234898018587336,0,weekday,76.06
2022-02-16,2022,2,16,47,23,2,17.92,2022-02-16 23:00:00+00:00,2022-02-17 00:00:00+00:00,57477.9525,4528.2775,39012.77,0.0,67151.18,43541.0475,0.7112757519738152,0.7029130847082615,-0.2588190451025215,0.965925826289068,0.9749279121818236,-0.2225209339563143,0,weekday,69.095
2022-02-17,2022,2,17,48,23,3,71.45,2022-02-17 23:00:00+00:00,2022-02-18 00:00:00+00:00,56763.86,5670.91,33379.49,0.0,65256.32,39050.4,0.7232617254437388,0.6905740195722293,-0.2588190451025215,0.965925826289068,0.4338837391175582,-0.900968867902419,0,weekday,73.35
2022-02-18,2022,2,18,49,23,4,73.73,2022-02-18 23:00:00+00:00,2022-02-19 00:00:00+00:00,51512.0025,2867.83,35667.9125,0.0,61685.18,38535.7425,0.7350336741329413,0.6780306024735382,-0.2588190451025215,0.965925826289068,-0.433883739117558,-0.9009688679024191,0,weekday,72.975
2022-02-19,2022,2,19,50,23,5,104.38,2022-02-19 23:00:00+00:00,2022-02-20 00:00:00+00:00,50143.380000000005,1818.0975,27711.5525,0.0,55957.61,29529.65,0.746588114532413,0.6652865452111116,-0.2588190451025215,0.965925826289068,-0.9749279121818236,-0.2225209339563146,0,weekend,73.76
2022-02-20,2022,2,20,51,23,6,10.73,2022-02-20 23:00:00+00:00,2022-02-21 00:00:00+00:00,53424.3475,5349.6475,39907.0725,0.0,67820.9,45256.72,0.7579216274973472,0.6523456189565257,-0.2588190451025215,0.965925826289068,-0.7818314824680299,0.6234898018587334,0,weekend,73.015
2022-02-21,2022,2,21,52,23,0,89.99,2022-02-21 23:00:00+00:00,2022-02-22 00:00:00+00:00,56914.8325,5754.2325,33302.5475,0.0,67128.95,39056.78,0.7690308592589181,0.6392116531380588,-0.2588190451025215,0.965925826289068,0.0,1.0,0,weekday,72.27000000000001
2022-02-22,2022,2,22,53,23,1,81.79,2022-02-22 23:00:00+00:00,2022-02-23 00:00:00+00:00,56486.605,5821.525,32930.7225,0.0,67764.76,38752.247500000005,0.7799125224167177,0.6258885343075018,-0.2588190451025215,0.965925826289068,0.7818314824680298,0.6234898018587336,0,weekday,71.525
2022-02-23,2022,2,23,54,23,2,115.07,2022-02-23 23:00:00+00:00,2022-02-24 00:00:00+00:00,57805.3825,5893.8925,22206.5925,0.0,63586.78,28100.485,0.7905633969115482,0.612380204990065,-0.2588190451025215,0.965925826289068,0.9749279121818236,-0.2225209339563143,0,weekday,83.175
2022-02-24,2022,2,24,55,23,3,94.78,2022-02-24 23:00:00+00:00,2022-02-25 00:00:00+00:00,54753.1125,5854.1175,29563.1025,0.0,66319.06,35417.22,0.8009803309782905,0.5986906625177214,-0.2588190451025215,0.965925826289068,0.4338837391175582,-0.900968867902419,0,weekday,106.1
2022-02-25,2022,2,25,56,23,4,150.09,2022-02-25 23:00:00+00:00,2022-02-26 00:00:00+00:00,55020.985,3718.7175,20949.77,0.0,59819.28,24668.4875,0.8111602420785621,0.5848239578463322,-0.2588190451025215,0.965925826289068,-0.433883739117558,-0.9009688679024191,0,weekday,94.422
2022-02-26,2022,2,26,57,23,5,195.65,2022-02-26 23:00:00+00:00,2022-02-27 00:00:00+00:00,49867.2175,2025.1,9736.8075,0.0,51300.33,11761.9075,0.8211001178128892,0.5707841943569036,-0.2588190451025215,0.965925826289068,-0.9749279121818236,-0.2225209339563146,0,weekend,94.422
2022-02-27,2022,2,27,58,23,6,177.39,2022-02-27 23:00:00+00:00,2022-02-28 00:00:00+00:00,52854.27,4849.505,12534.095,0.0,56342.12,17383.6,0.8307970168121247,0.5565755266413303,-0.2588190451025215,0.965925826289068,-0.7818314824680299,0.6234898018587334,0,weekend,105.45599999999999
2022-02-28,2022,2,28,59,23,0,143.17,2022-02-28 23:00:00+00:00,2022-03-01 00:00:00+00:00,53108.405,4982.805,17825.5475,0.0,60478.74,22808.3525,0.8402480696078469,0.5422021592729844,-0.2588190451025215,0.965925826289068,0.0,1.0,0,weekday,116.49
2022-03-01,2022,3,1,60,23,1,251.04,2022-03-01 23:00:00+00:00,2022-03-02 00:00:00+00:00,55389.1875,480.0775,2698.625,0.0,49004.37,3178.7025,0.8494504794814806,0.527668345562516,-0.2588190451025215,0.965925826289068,0.7818314824680298,0.6234898018587336,0,weekday,103.665
2022-03-02,2022,3,2,61,23,2,331.16,2022-03-02 23:00:00+00:00,2022-03-03 00:00:00+00:00,53162.3475,1087.3725,2450.64,0.0,49269.84,3538.0125,0.8584015232918917,0.512978386299228,-0.2588190451025215,0.965925826289068,0.9749279121818236,-0.2225209339563143,0,weekday,165.545
2022-03-03,2022,3,3,62,23,3,351.07,2022-03-03 23:00:00+00:00,2022-03-04 00:00:00+00:00,52998.6175,2305.975,7522.71,0.0,53140.03,9828.685,0.8670985522812081,0.4981366284784055,-0.2588190451025215,0.965925826289068,0.4338837391175582,-0.900968867902419,0,weekday,148.0
2022-03-04,2022,3,4,63,23,4,363.87,2022-03-04 23:00:00+00:00,2022-03-05 00:00:00+00:00,53622.4975,2824.06,7401.8,0.0,52202.01,10225.86,0.8755389928586302,0.4831474640149687,-0.2588190451025215,0.965925826289068,-0.433883739117558,-0.9009688679024191,0,weekday,192.55
2022-03-05,2022,3,5,64,23,5,390.61,2022-03-05 23:00:00+00:00,2022-03-06 00:00:00+00:00,47923.3825,674.4675,3770.985,0.0,45685.13,4445.4525,0.8837203473619977,0.4680153284438345,-0.2588190451025215,0.965925826289068,-0.9749279121818236,-0.2225209339563146,0,weekend,192.55
2022-03-06,2022,3,6,65,23,6,377.56,2022-03-06 23:00:00+00:00,2022-03-07 00:00:00+00:00,50157.3825,430.7225,4249.865,0.0,46034.83,4680.5875,0.8916401947968874,0.452744699607371,-0.2588190451025215,0.965925826289068,-0.7818314824680299,0.6234898018587334,0,weekend,209.875
2022-03-07,2022,3,7,66,23,0,456.05,2022-03-07 23:00:00+00:00,2022-03-08 00:00:00+00:00,51906.905,428.0325,6192.9725,0.0,50927.16,6621.005,0.8992961915530253,0.4373400963303323,-0.2588190451025215,0.965925826289068,0.0,1.0,0,weekday,227.2
2022-03-08,2022,3,8,67,23,1,430.07,2022-03-08 23:00:00+00:00,2022-03-09 00:00:00+00:00,53244.7425,3694.96,8442.5025,0.0,53696.89,12137.4625,0.9066860720977984,0.4218060770826634,-0.2588190451025215,0.965925826289068,0.7818314824680298,0.6234898018587336,0,weekday,214.555
2022-03-09,2022,3,9,68,23,2,350.0,2022-03-09 23:00:00+00:00,2022-03-10 00:00:00+00:00,53573.2925,2623.54,8937.814999999999,0.0,52047.9,11561.355,0.9138076496466616,0.4061472386305789,-0.2588190451025215,0.965925826289068,0.9749279121818236,-0.2225209339563143,0,weekday,155.88
2022-03-10,2022,3,10,69,23,3,88.96,2022-03-10 23:00:00+00:00,2022-03-11 00:00:00+00:00,52971.2025,5863.0625,25729.305,0.0,62240.75,31592.3675,0.9206588168102428,0.3903682146763026,-0.2588190451025215,0.965925826289068,0.4338837391175582,-0.900968867902419,0,weekday,126.4
2022-03-11,2022,3,11,70,23,4,68.93,2022-03-11 23:00:00+00:00,2022-03-12 00:00:00+00:00,51455.8575,5748.2075,27921.115,0.0,62168.39,33669.3225,0.9272375462179536,0.374473674486883,-0.2588190451025215,0.965925826289068,-0.433883739117558,-0.9009688679024191,0,weekday,131.23
2022-03-12,2022,3,12,71,23,5,160.1,2022-03-12 23:00:00+00:00,2022-03-13 00:00:00+00:00,46368.945,4465.3525,16414.19,0.0,50753.8,20879.5425,0.9335418911179212,0.3584683215124808,-0.2588190451025215,0.965925826289068,-0.9749279121818236,-0.2225209339563146,0,weekend,131.23
2022-03-13,2022,3,13,72,23,6,205.9,2022-03-13 23:00:00+00:00,2022-03-14 00:00:00+00:00,46970.39,4587.1125,15551.655,0.0,52943.26,20138.7675,0.9395699859530622,0.342356891994542,-0.2588190451025215,0.965925826289068,-0.7818314824680299,0.6234898018587334,0,weekend,122.875
2022-03-14,2022,3,14,73,23,0,248.92,2022-03-14 23:00:00+00:00,2022-03-15 00:00:00+00:00,51659.6675,1172.155,7042.6125,0.0,49647.72,8214.7675,0.945320046913132,0.3261441535642696,-0.2588190451025215,0.965925826289068,0.0,1.0,0,weekday,114.52
2022-03-15,2022,3,15,74,23,1,253.41,2022-03-15 23:00:00+00:00,2022-03-16 00:00:00+00:00,50491.4525,820.675,2656.2825000000003,0.0,47367.21,3476.9575000000004,0.9507903724625832,0.3098349038318025,-0.2588190451025215,0.965925826289068,0.7818314824680298,0.6234898018587336,0,weekday,121.69
2022-03-16,2022,3,16,75,23,2,157.27,2022-03-16 23:00:00+00:00,2022-03-17 00:00:00+00:00,50526.005000000005,4903.865,22486.4275,0.0,60501.01,27390.292500000003,0.9559793438440766,0.2934339689665273,-0.2588190451025215,0.965925826289068,0.9749279121818236,-0.2225209339563143,0,weekday,102.625
2022-03-17,2022,3,17,76,23,3,203.03,2022-03-17 23:00:00+00:00,2022-03-18 00:00:00+00:00,53375.295,2335.3275,9103.1575,0.0,51333.87,11438.485,0.9608854255574976,0.2769462022689364,-0.2588190451025215,0.965925826289068,0.4338837391175582,-0.900968867902419,0,weekday,110.5
2022-03-18,2022,3,18,77,23,4,196.67,2022-03-18 23:00:00+00:00,2022-03-19 00:00:00+00:00,53577.2175,1393.46,13687.155,0.0,50466.81,15080.615000000002,0.9655071658143364,0.2603764827344581,-0.2588190451025215,0.965925826289068,-0.433883739117558,-0.9009688679024191,0,weekday,105.045
2022-03-19,2022,3,19,78,23,5,84.04,2022-03-19 23:00:00+00:00,2022-03-20 00:00:00+00:00,48498.4025,5053.27,24796.6075,0.0,55868.66,29849.8775,0.969843196967294,0.2437297136096838,-0.2588190451025215,0.965925826289068,-0.9749279121818236,-0.2225209339563146,0,weekend,105.045
2022-03-20,2022,3,20,79,23,6,114.18,2022-03-20 23:00:00+00:00,2022-03-21 00:00:00+00:00,48341.78,3155.1625,18852.9025,0.0,51635.42,22008.065,0.9738922359149924,0.2270108209414184,-0.2588190451025215,0.965925826289068,-0.7818314824680299,0.6234898018587334,0,weekend,101.8825
2022-03-21,2022,3,21,80,23,0,223.0,2022-03-21 23:00:00+00:00,2022-03-22 00:00:00+00:00,51671.9725,815.35,8978.11,0.0,50378.41,9793.46,0.977653084481664,0.2102247521189836,-0.2588190451025215,0.965925826289068,0.0,1.0,0,weekday,98.72
2022-03-22,2022,3,22,81,23,1,215.39,2022-03-22 23:00:00+00:00,2022-03-23 00:00:00+00:00,50111.0875,405.94,1701.435,0.0,46735.8,2107.375,0.981124629771712,0.1933764744102058,-0.2588190451025215,0.965925826289068,0.7818314824680298,0.6234898018587336,0,weekday,98.745
2022-03-23,2022,3,23,82,23,2,213.01,2022-03-23 23:00:00+00:00,2022-03-24 00:00:00+00:00,49944.7325,50.0275,2750.11,0.0,47817.44,2800.1375000000003,0.984305844499033,0.1764709734915216,-0.2588190451025215,0.965925826289068,0.9749279121818236,-0.2225209339563143,0,weekday,117.0
2022-03-24,2022,3,24,83,23,3,262.48,2022-03-24 23:00:00+00:00,2022-03-25 00:00:00+00:00,49929.0475,276.5925,2312.17,0.0,46155.27,2588.7625,0.9871957872910084,0.1595132519726365,-0.2588190451025215,0.965925826289068,0.4338837391175582,-0.900968867902419,0,weekday,116.0
2022-03-25,2022,3,25,84,23,4,235.96,2022-03-25 23:00:00+00:00,2022-03-26 00:00:00+00:00,48750.9375,1807.2175,9301.205,0.0,50047.86,11108.4225,0.9897936029670716,0.1425083279161708,-0.2588190451025215,0.965925826289068,-0.433883739117558,-0.9009688679024191,0,weekday,101.27
2022-03-26,2022,3,26,85,23,5,235.0,2022-03-26 23:00:00+00:00,2022-03-27 00:00:00+00:00,47475.4925,1156.0825,3990.17,0.0,43426.96,5146.2525000000005,0.992098522791769,0.1254612333527364,-0.2588190451025215,0.965925826289068,-0.9749279121818236,-0.2225209339563146,0,weekend,101.27
2022-03-27,2022,3,27,86,23,6,192.04,2022-03-27 23:00:00+00:00,2022-03-28 00:00:00+00:00,46232.42,1210.8175,4646.3875,0.0,43929.77,5857.205,0.9941098647022418,0.108377012791876,-0.2588190451025215,0.965925826289068,-0.7818314824680299,0.6234898018587334,0,weekend,99.435
2022-03-28,2022,3,28,87,23,0,210.18,2022-03-28 23:00:00+00:00,2022-03-29 00:00:00+00:00,46114.8275,1745.1375,6182.6,0.0,47669.8,7927.7375,0.9958270335100596,0.0912607217293118,-0.2588190451025215,0.965925826289068,0.0,1.0,0,weekday,97.6
2022-03-29,2022,3,29,88,23,1,228.86,2022-03-29 23:00:00+00:00,2022-03-30 00:00:00+00:00,47641.12,517.9925,3803.185,0.0,47842.69,4321.1775,0.9972495210773452,0.0741174251509443,-0.2588190451025215,0.965925826289068,0.7818314824680298,0.6234898018587336,0,weekday,108.38
2022-03-30,2022,3,30,89,23,2,204.29,2022-03-30 23:00:00+00:00,2022-03-31 00:00:00+00:00,47491.2025,1819.63,8576.130000000001,0.0,50011.23,10395.760000000002,0.998376906467142,0.0569521960340397,-0.2588190451025215,0.965925826289068,0.9749279121818236,-0.2225209339563143,0,weekday,118.97
2022-03-31,2022,3,31,90,23,3,99.64,2022-03-31 23:00:00+00:00,2022-04-01 00:00:00+00:00,49155.6425,4618.17,23068.15,0.0,58345.44,27686.32,0.9992088560679752,0.0397701138460557,-0.2588190451025215,0.965925826289068,0.4338837391175582,-0.900968867902419,0,weekday,125.905
2022-04-01,2022,4,1,91,23,4,125.01,2022-04-01 23:00:00+00:00,2022-04-02 00:00:00+00:00,46094.59,2918.6325,19997.955,0.0,53318.37,22916.5875,0.9997451236925734,0.0225762630415454,-0.2588190451025215,0.965925826289068,-0.433883739117558,-0.9009688679024191,0,weekday,114.75
2022-04-02,2022,4,2,92,23,5,193.08,2022-04-02 23:00:00+00:00,2022-04-03 00:00:00+00:00,43315.875,951.495,6847.0175,0.0,43445.3,7798.5125,0.9999855506507186,0.0053757315575838,-0.2588190451025215,0.965925826289068,-0.9749279121818236,-0.2225209339563146,0,weekend,112.15
2022-04-03,2022,4,3,93,23,6,91.81,2022-04-03 23:00:00+00:00,2022-04-04 00:00:00+00:00,46686.0825,5096.3775000000005,18713.5875,0.0,54699.8,23809.965000000004,0.9999300657962056,-0.0118263906918325,-0.2588190451025215,0.965925826289068,-0.7818314824680299,0.6234898018587334,0,weekend,110.8375
2022-04-04,2022,4,4,94,23,0,30.0,2022-04-04 23:00:00+00:00,2022-04-05 00:00:00+00:00,51203.2225,5195.945,33365.807499999995,0.0,61631.76,38561.7525,0.9995786855478958,-0.0290250133219752,-0.2588190451025215,0.965925826289068,0.0,1.0,0,weekday,109.525
2022-04-05,2022,4,5,95,23,1,140.0,2022-04-05 23:00:00+00:00,2022-04-06 00:00:00+00:00,53864.33,3647.41,21831.48,0.0,57571.81,25478.89,0.9989315138848576,-0.0462150469837083,-0.2588190451025215,0.965925826289068,0.7818314824680298,0.6234898018587336,0,weekday,108.14
2022-04-06,2022,4,6,96,23,2,67.74,2022-04-06 23:00:00+00:00,2022-04-07 00:00:00+00:00,52359.0575,4611.165,33885.215,0.0,62479.45,38496.38,0.9979887423155984,-0.0633914048695103,-0.2588190451025215,0.965925826289068,0.9749279121818236,-0.2225209339563143,0,weekday,106.79
2022-04-07,2022,4,7,97,23,3,1.03,2022-04-07 23:00:00+00:00,2022-04-08 00:00:00+00:00,48822.425,5124.52,37332.1675,0.0,64946.62,42456.6875,0.9967506498213928,-0.0805490042187416,-0.2588190451025215,0.965925826289068,0.4338837391175582,-0.900968867902419,0,weekday,104.565
2022-04-08,2022,4,8,98,23,4,110.6,2022-04-08 23:00:00+00:00,2022-04-09 00:00:00+00:00,48764.0175,4585.93,16072.9125,0.0,52751.24,20658.8425,0.9952176027737294,-0.0976827678217159,-0.2588190451025215,0.965925826289068,-0.433883739117558,-0.9009688679024191,0,weekday,103.88
2022-04-09,2022,4,9,99,23,5,26.15,2022-04-09 23:00:00+00:00,2022-04-10 00:00:00+00:00,44422.5325,5278.5225,22217.415,0.0,52802.24,27495.9375,0.9933900548258936,-0.114787625522127,-0.2588190451025215,0.965925826289068,-0.9749279121818236,-0.2225209339563146,0,weekend,103.88
2022-04-10,2022,4,10,100,23,6,184.98,2022-04-10 23:00:00+00:00,2022-04-11 00:00:00+00:00,46518.035,1867.6975,7624.3375,0.0,43933.31,9492.035,0.9912685467787256,-0.1318585157173911,-0.2588190451025215,0.965925826289068,-0.7818314824680299,0.6234898018587334,0,weekend,102.0075
2022-04-11,2022,4,11,101,23,0,188.71,2022-04-11 23:00:00+00:00,2022-04-12 00:00:00+00:00,48122.8825,2980.3225,11168.995,0.0,50557.06,14149.3175,0.9888537064205885,-0.1488903868564548,-0.2588190451025215,0.965925826289068,0.0,1.0,0,weekday,100.135
2022-04-12,2022,4,12,102,23,1,165.81,2022-04-12 23:00:00+00:00,2022-04-13 00:00:00+00:00,48383.2625,4069.03,16601.5025,0.0,54888.06,20670.5325,0.986146248341595,-0.1658781989346314,-0.2588190451025215,0.965925826289068,0.7818314824680298,0.6234898018587336,0,weekday,103.75
2022-04-13,2022,4,13,103,23,2,207.63,2022-04-13 23:00:00+00:00,2022-04-14 00:00:00+00:00,47865.9575,1500.8775,4804.35,0.0,42607.6,6305.227500000001,0.98314697372215,-0.1828169249850199,-0.2588190451025215,0.965925826289068,0.9749279121818236,-0.2225209339563143,0,weekday,105.325
2022-04-14,2022,4,14,104,23,3,198.45,2022-04-14 23:00:00+00:00,2022-04-15 00:00:00+00:00,45981.7225,1363.045,6961.9425,0.0,41120.04,8324.9875,0.9798567700958664,-0.1997015525660636,-0.2588190451025215,0.965925826289068,0.4338837391175582,-0.900968867902419,0,weekday,95.62
2022-04-15,2022,4,15,105,23,4,183.37,2022-04-15 23:00:00+00:00,2022-04-16 00:00:00+00:00,44926.975,1990.33,10023.325,0.0,42380.73,12013.655,0.976276611086932,-0.2165270852448143,-0.2588190451025215,0.965925826289068,-0.433883739117558,-0.9009688679024191,1,holiday,95.62
2022-04-16,2022,4,16,106,23,5,139.97,2022-04-16 23:00:00+00:00,2022-04-17 00:00:00+00:00,41606.7375,2019.3475,10051.32,0.0,41420.6,12070.6675,0.9724075561219968,-0.2332885440754551,-0.2588190451025215,0.965925826289068,-0.9749279121818236,-0.2225209339563146,0,weekend,95.62
2022-04-17,2022,4,17,107,23,6,81.0,2022-04-17 23:00:00+00:00,2022-04-18 00:00:00+00:00,43119.5925,3226.5675,10456.0575,0.0,41486.26,13682.625,0.9682507501166718,-0.2499809690726521,-0.2588190451025215,0.965925826289068,-0.7818314824680299,0.6234898018587334,0,weekend,95.62
2022-04-18,2022,4,18,108,23,0,192.98,2022-04-18 23:00:00+00:00,2022-04-19 00:00:00+00:00,45258.645,1681.0925,4987.435,0.0,41035.33,6668.5275,0.9638074231367308,-0.2665994206792935,-0.2588190451025215,0.965925826289068,0.0,1.0,1,holiday,95.62
2022-04-19,2022,4,19,109,23,1,189.55,2022-04-19 23:00:00+00:00,2022-04-20 00:00:00+00:00,46589.5875,1642.555,9460.2675,0.0,46430.37,11102.8225,0.9590788900341132,-0.2831389812281835,-0.2588190451025215,0.965925826289068,0.7818314824680298,0.6234898018587336,0,weekday,93.77
2022-04-20,2022,4,20,110,23,2,179.92,2022-04-20 23:00:00+00:00,2022-04-21 00:00:00+00:00,47427.805,1752.32,9918.88,0.0,46414.68,11671.2,0.9540665500578388,-0.2995947563972602,-0.2588190451025215,0.965925826289068,0.9749279121818236,-0.2225209339563143,0,weekday,96.75
2022-04-21,2022,4,21,111,23,3,183.93,2022-04-21 23:00:00+00:00,2022-04-22 00:00:00+00:00,47528.6925,4617.07,13896.5825,0.0,51243.4,18513.6525,0.9487718864399473,-0.3159618766579029,-0.2588190451025215,0.965925826289068,0.4338837391175582,-0.900968867902419,0,weekday,100.06
2022-04-22,2022,4,22,112,23,4,116.44,2022-04-22 23:00:00+00:00,2022-04-23 00:00:00+00:00,44337.7925,4845.365,19543.7475,0.0,54637.03,24389.112500000003,0.9431964659565866,-0.3322354987159043,-0.2588190451025215,0.965925826289068,-0.433883739117558,-0.9009688679024191,0,weekday,94.875
2022-04-23,2022,4,23,113,23,5,93.14,2022-04-23 23:00:00+00:00,2022-04-24 00:00:00+00:00,40459.4325,3947.575,20348.89,0.0,50582.38,24296.465,0.9373419384643772,-0.3484108069446808,-0.2588190451025215,0.965925826289068,-0.9749279121818236,-0.2225209339563146,0,weekend,94.875
2022-04-24,2022,4,24,114,23,6,183.78,2022-04-24 23:00:00+00:00,2022-04-25 00:00:00+00:00,43511.2725,3197.5625,10913.16,0.0,44775.41,14110.7225,0.9312100364121948,-0.3644830148102912,-0.2588190451025215,0.965925826289068,-0.7818314824680299,0.6234898018587334,0,weekend,93.85499999999999
2022-04-25,2022,4,25,115,23,0,205.01,2022-04-25 23:00:00+00:00,2022-04-26 00:00:00+00:00,44434.3925,1026.9875,3736.33,0.0,44429.48,4763.3175,0.9248025743285088,-0.3804473662878516,-0.2588190451025215,0.965925826289068,0.0,1.0,0,weekday,92.835
2022-04-26,2022,4,26,116,23,1,198.01,2022-04-26 23:00:00+00:00,2022-04-27 00:00:00+00:00,46453.25,130.23000000000002,3880.61,0.0,44112.68,4010.84,0.9181214482844364,-0.3962991372689181,-0.2588190451025215,0.965925826289068,0.7818314824680298,0.6234898018587336,0,weekday,103.21
2022-04-27,2022,4,27,117,23,2,201.94,2022-04-27 23:00:00+00:00,2022-04-28 00:00:00+00:00,46082.9875,318.48,4185.88,0.0,43889.27,4504.360000000001,0.9111686353326632,-0.4120336369594263,-0.2588190451025215,0.965925826289068,0.9749279121818236,-0.2225209339563143,0,weekday,107.425
2022-04-28,2022,4,28,118,23,3,203.15,2022-04-28 23:00:00+00:00,2022-04-29 00:00:00+00:00,46285.965,693.7850000000001,4666.3125,0.0,44247.99,5360.0975,0.9039461929224012,-0.4276462092677746,-0.2588190451025215,0.965925826289068,0.4338837391175582,-0.900968867902419,0,weekday,100.142
2022-04-29,2022,4,29,119,23,4,189.1,2022-04-29 23:00:00+00:00,2022-04-30 00:00:00+00:00,44898.8,568.11,7022.7425,0.0,42419.06,7590.8525,0.8964562582905575,-0.4431322341826345,-0.2588190451025215,0.965925826289068,-0.433883739117558,-0.9009688679024191,0,weekday,99.45
2022-04-30,2022,4,30,120,23,5,199.7,2022-04-30 23:00:00+00:00,2022-05-01 00:00:00+00:00,41398.44,224.4875,3891.88,0.0,35504.06,4116.3675,0.8887010478292915,-0.4584871291400876,-0.2588190451025215,0.965925826289068,-0.9749279121818236,-0.2225209339563146,0,weekend,99.45
2022-05-01,2022,5,1,121,23,6,199.87,2022-05-01 23:00:00+00:00,2022-05-02 00:00:00+00:00,41780.585,30.975,3438.7225,0.0,38403.42,3469.6975,0.8806828564301475,-0.47370635037968,-0.2588190451025215,0.965925826289068,-0.7818314824680299,0.6234898018587334,1,holiday,98.25
2022-05-02,2022,5,2,122,23,0,182.09,2022-05-02 23:00:00+00:00,2022-05-03 00:00:00+00:00,45125.22,1410.015,4510.9325,0.0,45009.3,5920.9475,0.8724040568049612,-0.4887853942889926,-0.2588190451025215,0.965925826289068,0.0,1.0,0,weekday,97.05
2022-05-03,2022,5,3,123,23,1,200.0,2022-05-03 23:00:00+00:00,2022-05-04 00:00:00+00:00,45664.9075,269.585,3009.59,0.0,42944.43,3279.175,0.8638670987837349,-0.503719798736334,-0.2588190451025215,0.965925826289068,0.7818314824680298,0.6234898018587336,0,weekday,99.425
2022-05-04,2022,5,4,124,23,2,208.44,2022-05-04 23:00:00+00:00,2022-05-05 00:00:00+00:00,45893.54,188.1625,2436.43,0.0,41441.6,2624.5925,0.8550745085896932,-0.518505144391157,-0.2588190451025215,0.965925826289068,0.9749279121818236,-0.2225209339563143,0,weekday,103.82
2022-05-05,2022,5,5,125,23,3,213.74,2022-05-05 23:00:00+00:00,2022-05-06 00:00:00+00:00,45625.2575,249.625,2821.715,0.0,41317.68,3071.34,0.8460288880917339,-0.533137056031809,-0.2588190451025215,0.965925826289068,0.4338837391175582,-0.900968867902419,0,weekday,106.51
2022-05-06,2022,5,6,126,23,4,216.94,2022-05-06 23:00:00+00:00,2022-05-07 00:00:00+00:00,44117.0025,764.155,2413.885,0.0,36526.5,3178.04,0.8367329140344921,-0.5476112038402312,-0.2588190451025215,0.965925826289068,-0.433883739117558,-0.9009688679024191,0,weekday,101.71
2022-05-07,2022,5,7,127,23,5,193.3,2022-05-07 23:00:00+00:00,2022-05-08 00:00:00+00:00,40436.1775,1797.1975,6769.43,0.0,37031.26,8566.6275,0.8271893372462497,-0.5619233046832195,-0.2588190451025215,0.965925826289068,-0.9749279121818236,-0.2225209339563146,0,weekend,101.71
2022-05-08,2022,5,8,128,23,6,199.21,2022-05-08 23:00:00+00:00,2022-05-09 00:00:00+00:00,41746.715,244.3,6159.11,0.0,38633.95,6403.41,0.8174009818249189,-0.5760691233798758,-0.2588190451025215,0.965925826289068,-0.7818314824680299,0.6234898018587334,0,weekend,99.01249999999999
2022-05-09,2022,5,9,129,23,0,205.61,2022-05-09 23:00:00+00:00,2022-05-10 00:00:00+00:00,44611.9025,2284.6975,10365.0175,0.0,45142.53,12649.715,0.8073707443023492,-0.5900444739548627,-0.2588190451025215,0.965925826289068,0.0,1.0,0,weekday,96.315
2022-05-10,2022,5,10,130,23,1,192.8,2022-05-10 23:00:00+00:00,2022-05-11 00:00:00+00:00,44791.3725,2853.6575000000003,7659.6775,0.0,42528.34,10513.335,0.7971015927871943,-0.6038452208771035,-0.2588190451025215,0.965925826289068,0.7818314824680298,0.6234898018587336,0,weekday,98.8
2022-05-11,2022,5,11,131,23,2,145.01,2022-05-11 23:00:00+00:00,2022-05-12 00:00:00+00:00,45812.33,3076.15,20193.215,0.0,48840.82,23269.365,0.7865965660866021,-0.6174672802835514,-0.2588190451025215,0.965925826289068,0.9749279121818236,-0.2225209339563143,0,weekday,94.01
2022-05-12,2022,5,12,132,23,3,202.71,2022-05-12 23:00:00+00:00,2022-05-13 00:00:00+00:00,46406.47,2855.58,5031.2375,0.0,37947.09,7886.8175,0.7758587728069828,-0.6309066211876704,-0.2588190451025215,0.965925826289068,0.4338837391175582,-0.900968867902419,0,weekday,106.7
2022-05-13,2022,5,13,133,23,4,158.66,2022-05-13 23:00:00+00:00,2022-05-14 00:00:00+00:00,43643.155,4599.7925,12866.7075,0.0,43224.57,17466.5,0.7648913904341225,-0.6441592666722685,-0.2588190451025215,0.965925826289068,-0.433883739117558,-0.9009688679024191,0,weekday,96.88
2022-05-14,2022,5,14,134,23,5,196.35,2022-05-14 23:00:00+00:00,2022-05-15 00:00:00+00:00,39755.98,637.865,4007.0775,0.0,30962.91,4644.9425,0.753697664392914,-0.6572212950663319,-0.2588190451025215,0.965925826289068,-0.9749279121818236,-0.2225209339563146,0,weekend,96.88
2022-05-15,2022,5,15,135,23,6,169.06,2022-05-15 23:00:00+00:00,2022-05-16 00:00:00+00:00,41804.1625,3155.245,11202.9575,0.0,39935.6,14358.2025,0.742280907086982,-0.6700888411055113,-0.2588190451025215,0.965925826289068,-0.7818314824680299,0.6234898018587334,0,weekend,94.87
2022-05-16,2022,5,16,136,23,0,195.94,2022-05-16 23:00:00+00:00,2022-05-17 00:00:00+00:00,44488.825,1300.73,6381.1775,0.0,40360.98,7681.907499999999,0.7306444969184916,-0.6827580970759147,-0.2588190451025215,0.965925826289068,0.0,1.0,0,weekday,92.86
2022-05-17,2022,5,17,137,23,1,187.89,2022-05-17 23:00:00+00:00,2022-05-18 00:00:00+00:00,45701.15,2424.1525,8648.182499999999,0.0,42703.05,11072.335,0.7187918772884232,-0.6952253139408722,-0.2588190451025215,0.965925826289068,0.7818314824680298,0.6234898018587336,0,weekday,94.175
2022-05-18,2022,5,18,138,23,2,185.01,2022-05-18 23:00:00+00:00,2022-05-19 00:00:00+00:00,46092.865,825.5425,12281.73,0.0,43243.55,13107.2725,0.7067265555776158,-0.7074868024503348,-0.2588190451025215,0.965925826289068,0.9749279121818236,-0.2225209339563143,0,weekday,96.475
2022-05-19,2022,5,19,139,23,3,195.98,2022-05-19 23:00:00+00:00,2022-05-20 00:00:00+00:00,46487.8725,2141.335,9988.855,0.0,41437.61,12130.19,0.6944521021088763,-0.719538934232584,-0.2588190451025215,0.965925826289068,0.4338837391175582,-0.900968867902419,0,weekday,91.025
2022-05-20,2022,5,20,140,23,4,125.3,2022-05-20 23:00:00+00:00,2022-05-21 00:00:00+00:00,42545.44,3115.59,24095.4525,0.0,47233.88,27211.0425,0.6819721490904629,-0.7313781428679254,-0.2588190451025215,0.965925826289068,-0.433883739117558,-0.9009688679024191,0,weekday,87.9
2022-05-21,2022,5,21,141,23,5,179.4,2022-05-21 23:00:00+00:00,2022-05-22 00:00:00+00:00,39146.47,952.36,5056.6775,0.0,32199.7,6009.037499999999,0.6692903895412567,-0.7430009249440493,-0.2588190451025215,0.965925826289068,-0.9749279121818236,-0.2225209339563146,0,weekend,87.9
2022-05-22,2022,5,22,142,23,6,164.57,2022-05-22 23:00:00+00:00,2022-05-23 00:00:00+00:00,42274.0625,3102.92,9785.4325,0.0,42104.52,12888.3525,0.6564105761979381,-0.7544038410927472,-0.2588190451025215,0.965925826289068,-0.7818314824680299,0.6234898018587334,0,weekend,86.56
2022-05-23,2022,5,23,143,23,0,82.85,2022-05-23 23:00:00+00:00,2022-05-24 00:00:00+00:00,44869.5975,4941.37,26124.8275,0.0,53354.91,31066.1975,0.6433365204044917,-0.765583517007675,-0.2588190451025215,0.965925826289068,0.0,1.0,0,weekday,85.22
2022-05-24,2022,5,24,144,23,1,180.06,2022-05-24 23:00:00+00:00,2022-05-25 00:00:00+00:00,46074.7025,1986.6925,5390.42,0.0,39571.77,7377.1125,0.6300720909843687,-0.7765366444428655,-0.2588190451025215,0.965925826289068,0.7818314824680298,0.6234898018587336,0,weekday,86.875
2022-05-25,2022,5,25,145,23,2,82.68,2022-05-25 23:00:00+00:00,2022-05-26 00:00:00+00:00,43244.1325,4544.3875,19421.2825,0.0,49087.57,23965.67,0.6166212130956382,-0.7872599821916922,-0.2588190451025215,0.965925826289068,0.9749279121818236,-0.2225209339563143,0,weekday,85.625
2022-05-26,2022,5,26,146,23,3,56.99,2022-05-26 23:00:00+00:00,2022-05-27 00:00:00+00:00,43599.6025,4443.719999999999,21594.76,0.0,50552.1,26038.48,0.6029878670694714,-0.7977503570459932,-0.2588190451025215,0.965925826289068,0.4338837391175582,-0.900968867902419,1,holiday,85.97
2022-05-27,2022,5,27,147,23,4,8.11,2022-05-27 23:00:00+00:00,2022-05-28 00:00:00+00:00,44404.495,5290.6625,26710.11,0.0,55062.91,32000.7725,0.5891760872322963,-0.8080046647350754,-0.2588190451025215,0.965925826289068,-0.433883739117558,-0.9009688679024191,0,weekday,86.25
2022-05-28,2022,5,28,148,23,5,141.28,2022-05-28 23:00:00+00:00,2022-05-29 00:00:00+00:00,40140.6175,4368.725,10130.51,0.0,43218.04,14499.235,0.5751899607119775,-0.8180198708443174,-0.2588190451025215,0.965925826289068,-0.9749279121818236,-0.2225209339563146,0,weekend,86.875
2022-05-29,2022,5,29,149,23,6,194.72,2022-05-29 23:00:00+00:00,2022-05-30 00:00:00+00:00,41824.9625,853.41,3113.65,0.0,35645.33,3967.06,0.5610336262283677,-0.8277930117131022,-0.2588190451025215,0.965925826289068,-0.7818314824680299,0.6234898018587334,0,weekend,89.25166666666667
2022-05-30,2022,5,30,150,23,0,183.0,2022-05-30 23:00:00+00:00,2022-05-31 00:00:00+00:00,44107.5375,36.89,2591.68,0.0,38880.4,2628.57,0.5467112728685939,-0.8373211953118121,-0.2588190451025215,0.965925826289068,0.0,1.0,0,weekday,91.62833333333333
2022-05-31,2022,5,31,151,23,1,207.45,2022-05-31 23:00:00+00:00,2022-06-01 00:00:00+00:00,45244.515,236.5925,2658.3925,0.0,39270.75,2894.985,0.5322271388474397,-0.8466016020976267,-0.2588190451025215,0.965925826289068,0.7818314824680298,0.6234898018587336,0,weekday,94.005
2022-06-01,2022,6,1,152,23,2,175.04,2022-06-01 23:00:00+00:00,2022-06-02 00:00:00+00:00,44822.3825,2330.1525,5503.1875,0.0,42457.55,7833.34,0.5175855102531889,-0.8556314858488706,-0.2588190451025215,0.965925826289068,0.9749279121818236,-0.2225209339563143,0,weekday,85.55
2022-06-02,2022,6,2,153,23,3,163.13,2022-06-02 23:00:00+00:00,2022-06-03 00:00:00+00:00,45193.005000000005,715.1949999999999,6542.13,0.0,40878.21,7257.325,0.5027907197793043,-0.8644081744776648,-0.2588190451025215,0.965925826289068,0.4338837391175582,-0.900968867902419,0,weekday,83.945
2022-06-03,2022,6,3,154,23,4,167.97,2022-06-03 23:00:00+00:00,2022-06-04 00:00:00+00:00,42345.1975,1245.99,9069.1025,0.0,40062.58,10315.0925,0.4878471454423119,-0.8729290708206411,-0.2588190451025215,0.965925826289068,-0.433883739117558,-0.9009688679024191,0,weekday,83.1
2022-06-04,2022,6,4,155,23,5,157.23,2022-06-04 23:00:00+00:00,2022-06-05 00:00:00+00:00,37486.475,584.94,9404.11,0.0,35071.47,9989.05,0.4727592092862775,-0.881191653407483,-0.2588190451025215,0.965925826289068,-0.9749279121818236,-0.2225209339563146,0,weekend,83.1
2022-06-05,2022,6,5,156,23,6,90.86,2022-06-05 23:00:00+00:00,2022-06-06 00:00:00+00:00,38954.1575,3905.7525,17153.4075,0.0,44267.53,21059.16,0.4575313760742512,-0.8891934772070711,-0.2588190451025215,0.965925826289068,-0.7818314824680299,0.6234898018587334,0,weekend,83.0525
2022-06-06,2022,6,6,157,23,0,154.34,2022-06-06 23:00:00+00:00,2022-06-07 00:00:00+00:00,41533.7075,4825.275,8133.8075,0.0,44079.52,12959.0825,0.442168151967072,-0.8969321743510065,-0.2588190451025215,0.965925826289068,0.0,1.0,1,holiday,83.005
2022-06-07,2022,6,7,158,23,1,168.95,2022-06-07 23:00:00+00:00,2022-06-08 00:00:00+00:00,43997.375,1952.8275,5571.145,0.0,41116.94,7523.972500000001,0.4266740831899246,-0.9044054548343,-0.2588190451025215,0.965925826289068,0.7818314824680298,0.6234898018587336,0,weekday,80.41
2022-06-08,2022,6,8,159,23,2,170.63,2022-06-08 23:00:00+00:00,2022-06-09 00:00:00+00:00,45344.965,600.325,6739.4175,0.0,39703.74,7339.742499999999,0.4110537546870351,-0.911611107193024,-0.2588190451025215,0.965925826289068,0.9749279121818236,-0.2225209339563143,0,weekday,79.405
2022-06-09,2022,6,9,160,23,3,170.0,2022-06-09 23:00:00+00:00,2022-06-10 00:00:00+00:00,45556.82,1416.2175,5877.8825,0.0,39990.05,7294.099999999999,0.3953117887649151,-0.9185469991587164,-0.2588190451025215,0.965925826289068,0.4338837391175582,-0.900968867902419,0,weekday,84.88
2022-06-10,2022,6,10,161,23,4,186.01,2022-06-10 23:00:00+00:00,2022-06-11 00:00:00+00:00,43054.6175,1732.0375,2486.9125,0.0,37865.47,4218.95,0.3794528437245443,-0.925211078289358,-0.2588190451025215,0.965925826289068,-0.433883739117558,-0.9009688679024191,0,weekday,82.465
2022-06-11,2022,6,11,162,23,5,164.45,2022-06-11 23:00:00+00:00,2022-06-12 00:00:00+00:00,38642.375,3382.8325,1982.88,0.0,32259.67,5365.7125,0.3634816124829063,-0.9316013725767188,-0.2588190451025215,0.965925826289068,-0.9749279121818236,-0.2225209339563146,0,weekend,82.465
2022-06-12,2022,6,12,163,23,6,162.67,2022-06-12 23:00:00+00:00,2022-06-13 00:00:00+00:00,40606.935,2330.365,5835.4775,0.0,37630.0,8165.8425,0.3474028211842774,-0.9377159910299092,-0.2588190451025215,0.965925826289068,-0.7818314824680299,0.6234898018587334,0,weekend,82.9325
2022-06-13,2022,6,13,164,23,0,162.72,2022-06-13 23:00:00+00:00,2022-06-14 00:00:00+00:00,42477.5,2300.8525,7233.165,0.0,42737.92,9534.0175,0.3312212278016865,-0.9435531242349544,-0.2588190451025215,0.965925826289068,0.0,1.0,0,weekday,83.4
2022-06-14,2022,6,14,165,23,1,183.5,2022-06-14 23:00:00+00:00,2022-06-15 00:00:00+00:00,43217.1125,331.5075,3702.5525,0.0,41688.78,4034.06,0.3149416207289519,-0.9491110448902284,-0.2588190451025215,0.965925826289068,0.7818314824680298,0.6234898018587336,0,weekday,97.04
2022-06-15,2022,6,15,166,23,2,221.54,2022-06-15 23:00:00+00:00,2022-06-16 00:00:00+00:00,45405.035,98.275,4640.3625,0.0,38756.38,4738.6375,0.2985688173637202,-0.9543881083175908,-0.2588190451025215,0.965925826289068,0.9749279121818236,-0.2225209339563143,0,weekday,120.33
2022-06-16,2022,6,16,167,23,3,250.7,2022-06-16 23:00:00+00:00,2022-06-17 00:00:00+00:00,43222.535,542.56,4674.375,0.0,36762.67,5216.935,0.2821076626819194,-0.9593827529490744,-0.2588190451025215,0.965925826289068,0.4338837391175582,-0.900968867902419,0,weekday,124.365
2022-06-17,2022,6,17,168,23,4,207.86,2022-06-17 23:00:00+00:00,2022-06-18 00:00:00+00:00,42924.1775,2105.8225,12619.485,0.0,44043.0,14725.3075,0.2655630278040559,-0.9640935007889756,-0.2588190451025215,0.965925826289068,-0.433883739117558,-0.9009688679024191,0,weekday,117.74
2022-06-18,2022,6,18,169,23,5,190.0,2022-06-18 23:00:00+00:00,2022-06-19 00:00:00+00:00,40317.5875,938.6675,10603.95,0.0,38383.81,11542.6175,0.2489398085537665,-0.9685189578512204,-0.2588190451025215,0.965925826289068,-0.9749279121818236,-0.2225209339563146,0,weekend,117.74
2022-06-19,2022,6,19,170,23,6,220.39,2022-06-19 23:00:00+00:00,2022-06-20 00:00:00+00:00,41216.98,679.0675,4263.63,0.0,35370.57,4942.6975,0.2322429240090701,-0.9726578145718654,-0.2588190451025215,0.965925826289068,-0.7818314824680299,0.6234898018587334,0,weekend,120.34666666666666
2022-06-20,2022,6,20,171,23,0,242.42,2022-06-20 23:00:00+00:00,2022-06-21 00:00:00+00:00,45230.395,1365.8675,9294.3575,0.0,41451.0,10660.225,0.2154773150467301,-0.976508846196619,-0.2588190451025215,0.965925826289068,0.0,1.0,0,weekday,122.95333333333333
2022-06-21,2022,6,21,172,23,1,268.49,2022-06-21 23:00:00+00:00,2022-06-22 00:00:00+00:00,45724.995,477.1025,3107.1925,0.0,40042.18,3584.295,0.1986479428801711,-0.9800709131432666,-0.2588190451025215,0.965925826289068,0.7818314824680298,0.6234898018587336,0,weekday,125.56
2022-06-22,2022,6,22,173,23,2,257.91,2022-06-22 23:00:00+00:00,2022-06-23 00:00:00+00:00,45545.6625,113.1525,4669.9675,0.0,41212.63,4783.12,0.1817597875913753,-0.9833429613388902,-0.2588190451025215,0.965925826289068,0.9749279121818236,-0.2225209339563143,0,weekday,127.17
2022-06-23,2022,6,23,174,23,3,211.69,2022-06-23 23:00:00+00:00,2022-06-24 00:00:00+00:00,46323.8775,4653.765,14940.515,0.0,48381.35,19594.28,0.1648178466571979,-0.9863240225317866,-0.2588190451025215,0.965925826289068,0.4338837391175582,-0.900968867902419,0,weekday,133.345
2022-06-24,2022,6,24,175,23,4,236.9,2022-06-24 23:00:00+00:00,2022-06-25 00:00:00+00:00,42140.1375,1542.6925,5529.82,0.0,37597.69,7072.5125,0.1478271334705304,-0.9890132145779884,-0.2588190451025215,0.965925826289068,-0.433883739117558,-0.9009688679024191,0,weekday,128.505
2022-06-25,2022,6,25,176,23,5,261.33,2022-06-25 23:00:00+00:00,2022-06-26 00:00:00+00:00,40083.552500000005,1569.5725,3609.085,0.0,36465.07,5178.6575,0.1307926758567592,-0.9914097417023038,-0.2588190451025215,0.965925826289068,-0.9749279121818236,-0.2225209339563146,0,weekend,128.505
2022-06-26,2022,6,26,177,23,6,263.7,2022-06-26 23:00:00+00:00,2022-06-27 00:00:00+00:00,42369.39,422.88,6414.745,0.0,39610.17,6837.625,0.1137195145859496,-0.9935128947338008,-0.2588190451025215,0.965925826289068,-0.7818314824680299,0.6234898018587334,0,weekend,128.98250000000002
2022-06-27,2022,6,27,178,23,0,272.47,2022-06-27 23:00:00+00:00,2022-06-28 00:00:00+00:00,43181.36,873.6800000000001,6443.3825,0.0,42896.61,7317.0625,0.0966127018812031,-0.9953220513156602,-0.2588190451025215,0.965925826289068,0.0,1.0,0,weekday,129.46
2022-06-28,2022,6,28,179,23,1,261.27,2022-06-28 23:00:00+00:00,2022-06-29 00:00:00+00:00,45530.245,1347.9575,8688.8,0.0,44691.9,10036.7575,0.0794772999236209,-0.9968366760893436,-0.2588190451025215,0.965925826289068,0.7818314824680298,0.6234898018587336,0,weekday,129.175
2022-06-29,2022,6,29,180,23,2,272.58,2022-06-29 23:00:00+00:00,2022-06-30 00:00:00+00:00,45418.9775,3330.0575,6646.4775,0.0,46530.51,9976.535,0.062318379354325,-0.998056320853012,-0.2588190451025215,0.965925826289068,0.9749279121818236,-0.2225209339563143,0,weekday,139.588
2022-06-30,2022,6,30,181,23,3,265.86,2022-06-30 23:00:00+00:00,2022-07-01 00:00:00+00:00,45896.3775,2688.37,11189.3875,0.0,46593.74,13877.7575,0.0451410177739719,-0.998980624694158,-0.2588190451025215,0.965925826289068,0.4338837391175582,-0.900968867902419,0,weekday,144.515
2022-07-01,2022,7,1,182,23,4,255.0,2022-07-01 23:00:00+00:00,2022-07-02 00:00:00+00:00,43580.3525,2834.73,4258.5875,0.0,39275.95,7093.317499999999,0.0279502982402103,-0.999609314096404,-0.2588190451025215,0.965925826289068,-0.433883739117558,-0.9009688679024191,0,weekday,147.785
2022-07-02,2022,7,2,183,23,5,237.95,2022-07-02 23:00:00+00:00,2022-07-03 00:00:00+00:00,38800.225,1663.9425,8462.58,0.0,38937.37,10126.5225,0.0107513077635219,-0.9999422030204416,-0.2588190451025215,0.965925826289068,-0.9749279121818236,-0.2225209339563146,0,weekend,147.785
2022-07-03,2022,7,3,184,23,6,277.83,2022-07-03 23:00:00+00:00,2022-07-04 00:00:00+00:00,40707.315,1084.805,5950.18,0.0,39000.69,7034.985000000001,-0.0064508641981051,-0.9999791929590824,-0.2588190451025215,0.965925826289068,-0.7818314824680299,0.6234898018587334,0,weekend,153.54833333333332
2022-07-04,2022,7,4,185,23,0,319.24,2022-07-04 23:00:00+00:00,2022-07-05 00:00:00+00:00,44314.1225,2743.0625,4883.295,0.0,43772.92,7626.3575,-0.0236511272452315,-0.9997202729664084,-0.2588190451025215,0.965925826289068,0.0,1.0,0,weekday,159.31166666666667
2022-07-05,2022,7,5,186,23,1,309.3,2022-07-05 23:00:00+00:00,2022-07-06 00:00:00+00:00,45441.84,2060.125,6376.8375,0.0,43058.57,8436.9625,-0.0408443915432961,-0.9991655196610107,-0.2588190451025215,0.965925826289068,0.7818314824680298,0.6234898018587336,0,weekday,165.075
2022-07-06,2022,7,6,187,23,2,209.0,2022-07-06 23:00:00+00:00,2022-07-07 00:00:00+00:00,46256.9925,4661.5625,11342.615,0.0,47682.86,16004.1775,-0.0580255693287803,-0.9983150972033183,-0.2588190451025215,0.965925826289068,0.9749279121818236,-0.2225209339563143,0,weekday,171.0
2022-07-07,2022,7,7,188,23,3,224.05,2022-07-07 23:00:00+00:00,2022-07-08 00:00:00+00:00,45795.61,4004.3875,16887.3675,0.0,49809.5,20891.755,-0.0751895764147585,-0.9971692572470178,-0.2588190451025215,0.965925826289068,0.4338837391175582,-0.900968867902419,0,weekday,183.185
2022-07-08,2022,7,8,189,23,4,283.47,2022-07-08 23:00:00+00:00,2022-07-09 00:00:00+00:00,43792.53,3477.6475,7383.905,0.0,41999.74,10861.5525,-0.0923313336953912,-0.9957283388645872,-0.2588190451025215,0.965925826289068,-0.433883739117558,-0.9009688679024191,0,weekday,175.21
2022-07-09,2022,7,9,190,23,5,49.32,2022-07-09 23:00:00+00:00,2022-07-10 00:00:00+00:00,40179.4625,4886.46,16433.17,0.0,43136.11,21319.63,-0.1094457686489155,-0.993992768446958,-0.2588190451025215,0.965925826289068,-0.9749279121818236,-0.2225209339563146,0,weekend,175.21
2022-07-10,2022,7,10,191,23,6,278.0,2022-07-10 23:00:00+00:00,2022-07-11 00:00:00+00:00,41274.5775,1573.805,6226.96,0.0,38081.19,7800.765,-0.1265278168386831,-0.9919630595773395,-0.2588190451025215,0.965925826289068,-0.7818314824680299,0.6234898018587334,0,weekend,169.865
2022-07-11,2022,7,11,192,23,0,349.57,2022-07-11 23:00:00+00:00,2022-07-12 00:00:00+00:00,43751.95,405.43,2874.915,0.0,37979.38,3280.345,-0.1435724234118113,-0.9896398128792412,-0.2588190451025215,0.965925826289068,0.0,1.0,0,weekday,164.52
2022-07-12,2022,7,12,193,23,1,365.61,2022-07-12 23:00:00+00:00,2022-07-13 00:00:00+00:00,44990.73,2051.635,4211.475,0.0,39802.76,6263.110000000001,-0.1605745445949937,-0.9870237158387384,-0.2588190451025215,0.965925826289068,0.7818314824680298,0.6234898018587336,0,weekday,172.61
2022-07-13,2022,7,13,194,23,2,378.06,2022-07-13 23:00:00+00:00,2022-07-14 00:00:00+00:00,45693.08,1723.5625,6755.52,0.0,42203.82,8479.0825,-0.1775291491870349,-0.984115542601034,-0.2588190451025215,0.965925826289068,0.9749279121818236,-0.2225209339563143,0,weekday,180.505
2022-07-14,2022,7,14,195,23,3,320.07,2022-07-14 23:00:00+00:00,2022-07-15 00:00:00+00:00,44960.73,3969.4325,11045.4225,0.0,46170.34,15014.855,-0.1944312200476619,-0.9809161537413774,-0.2588190451025215,0.965925826289068,0.4338837391175582,-0.900968867902419,0,weekday,175.035
2022-07-15,2022,7,15,196,23,4,349.96,2022-07-15 23:00:00+00:00,2022-07-16 00:00:00+00:00,43184.7775,3960.6375,6692.165,0.0,42046.91,10652.8025,-0.2112757555821793,-0.9774264960104057,-0.2588190451025215,0.965925826289068,-0.433883739117558,-0.9009688679024191,0,weekday,159.565
2022-07-16,2022,7,16,197,23,5,240.8,2022-07-16 23:00:00+00:00,2022-07-17 00:00:00+00:00,38732.85,1664.915,6594.0525,0.0,35559.29,8258.967499999999,-0.2280577712215198,-0.9736476020539838,-0.2588190451025215,0.965925826289068,-0.9749279121818236,-0.2225209339563146,0,weekend,159.565
2022-07-17,2022,7,17,198,23,6,328.49,2022-07-17 23:00:00+00:00,2022-07-18 00:00:00+00:00,40652.3375,1059.3575,2187.7,0.0,34688.69,3247.0575,-0.2447723008972595,-0.9695805901076308,-0.2588190451025215,0.965925826289068,-0.7818314824680299,0.6234898018587334,0,weekend,158.4125
2022-07-18,2022,7,18,199,23,0,368.99,2022-07-18 23:00:00+00:00,2022-07-19 00:00:00+00:00,44423.31,431.425,2719.965,0.0,38931.77,3151.3900000000003,-0.2614143985111562,-0.965226663665613,-0.2588190451025215,0.965925826289068,0.0,1.0,0,weekday,157.26
2022-07-19,2022,7,19,200,23,1,241.92,2022-07-19 23:00:00+00:00,2022-07-20 00:00:00+00:00,46410.2325,4303.7,17429.9425,0.0,51381.94,21733.6425,-0.2779791393987801,-0.9605871111248128,-0.2588190451025215,0.965925826289068,0.7818314824680298,0.6234898018587336,0,weekday,154.455
2022-07-20,2022,7,20,201,23,2,328.74,2022-07-20 23:00:00+00:00,2022-07-21 00:00:00+00:00,47023.0775,1734.26,12611.205,0.0,45501.6,14345.465,-0.2944616217868012,-0.9556633054034704,-0.2588190451025215,0.965925826289068,0.9749279121818236,-0.2225209339563143,0,weekday,155.04
2022-07-21,2022,7,21,202,23,3,334.1,2022-07-21 23:00:00+00:00,2022-07-22 00:00:00+00:00,46108.8125,2600.9825,5101.145,0.0,42395.9,7702.1275,-0.3108569682435036,-0.9504567035349152,-0.2588190451025215,0.965925826289068,0.4338837391175582,-0.900968867902419,0,weekday,155.6
2022-07-22,2022,7,22,203,23,4,344.67,2022-07-22 23:00:00+00:00,2022-07-23 00:00:00+00:00,42942.195,950.0175,3051.2,0.0,39396.12,4001.2175,-0.3271603271220951,-0.9449688462364056,-0.2588190451025215,0.965925826289068,-0.433883739117558,-0.9009688679024191,0,weekday,159.865
2022-07-23,2022,7,23,204,23,5,379.24,2022-07-23 23:00:00+00:00,2022-07-24 00:00:00+00:00,39129.92,1285.4625,2729.26,0.0,35705.74,4014.7225,-0.343366873996388,-0.939201357453208,-0.2588190451025215,0.965925826289068,-0.9749279121818236,-0.2225209339563146,0,weekend,159.865
2022-07-24,2022,7,24,205,23,6,276.76,2022-07-24 23:00:00+00:00,2022-07-25 00:00:00+00:00,41220.405,4295.2475,10354.085,0.0,44525.36,14649.3325,-0.3594718130884232,-0.9331559438780432,-0.2588190451025215,0.965925826289068,-0.7818314824680299,0.6234898018587334,0,weekend,168.24
2022-07-25,2022,7,25,206,23,0,316.03,2022-07-25 23:00:00+00:00,2022-07-26 00:00:00+00:00,44028.1675,3519.0025,11381.5125,0.0,46612.3,14900.515,-0.3754703786876202,-0.9268343944460494,-0.2588190451025215,0.965925826289068,0.0,1.0,0,weekday,176.615
2022-07-26,2022,7,26,207,23,1,351.19,2022-07-26 23:00:00+00:00,2022-07-27 00:00:00+00:00,45782.35,3554.5325,7241.0325,0.0,45720.9,10795.565,-0.3913578365610259,-0.9202385798054076,-0.2588190451025215,0.965925826289068,0.7818314824680298,0.6234898018587336,0,weekday,199.92
2022-07-27,2022,7,27,208,23,2,400.91,2022-07-27 23:00:00+00:00,2022-07-28 00:00:00+00:00,44267.5,986.65,6298.1875,0.0,39786.07,7284.8375,-0.4071294853542516,-0.9133704517637858,-0.2588190451025215,0.965925826289068,0.9749279121818236,-0.2225209339563143,0,weekday,205.225
2022-07-28,2022,7,28,209,23,3,384.1,2022-07-28 23:00:00+00:00,2022-07-29 00:00:00+00:00,44449.83,460.5425,10482.4375,0.0,41963.02,10942.98,-0.4227806579826773,-0.9062320427107696,-0.2588190451025215,0.965925826289068,0.4338837391175582,-0.900968867902419,0,weekday,198.93
2022-07-29,2022,7,29,210,23,4,404.3,2022-07-29 23:00:00+00:00,2022-07-30 00:00:00+00:00,41479.5,1279.8575,6258.3475,0.0,37920.22,7538.205,-0.4383067230125192,-0.898825465016444,-0.2588190451025215,0.965925826289068,-0.433883739117558,-0.9009688679024191,0,weekday,190.915
2022-07-30,2022,7,30,211,23,5,339.88,2022-07-30 23:00:00+00:00,2022-07-31 00:00:00+00:00,38069.4525,479.135,1733.2025,0.0,31579.16,2212.3375,-0.4537030860313442,-0.8911529104063088,-0.2588190451025215,0.965925826289068,-0.9749279121818236,-0.2225209339563146,0,weekend,190.915
2022-07-31,2022,7,31,212,23,6,344.06,2022-07-31 23:00:00+00:00,2022-08-01 00:00:00+00:00,40560.0625,2189.005,5512.6875,0.0,38999.91,7701.6925,-0.4689651910076318,-0.8832166493127127,-0.2588190451025215,0.965925826289068,-0.7818314824680299,0.6234898018587334,0,weekend,195.855
2022-08-01,2022,8,1,213,23,0,390.1,2022-08-01 23:00:00+00:00,2022-08-02 00:00:00+00:00,42593.8475,462.215,1673.1525,0.0,37036.25,2135.3675,-0.4840885216389758,-0.8750190302029955,-0.2588190451025215,0.965925826289068,0.0,1.0,0,weekday,200.795
2022-08-02,2022,8,2,214,23,1,368.07,2022-08-02 23:00:00+00:00,2022-08-03 00:00:00+00:00,43737.14,3554.0325000000003,3082.0675,0.0,41365.72,6636.1,-0.4990686026885319,-0.8665624788845385,-0.2588190451025215,0.965925826289068,0.7818314824680298,0.6234898018587336,0,weekday,205.175
2022-08-03,2022,8,3,215,23,2,414.26,2022-08-03 23:00:00+00:00,2022-08-04 00:00:00+00:00,43823.3675,523.1875,3109.2225,0.0,38297.79,3632.41,-0.5139010013093103,-0.8578494977869301,-0.2588190451025215,0.965925826289068,0.9749279121818236,-0.2225209339563143,0,weekday,199.195
2022-08-04,2022,8,4,216,23,3,358.18,2022-08-04 23:00:00+00:00,2022-08-05 00:00:00+00:00,44926.7425,564.1700000000001,6382.57,0.0,40690.24,6946.74,-0.5285813283559292,-0.8488826652214553,-0.2588190451025215,0.965925826289068,0.4338837391175582,-0.900968867902419,0,weekday,199.25
2022-08-05,2022,8,5,217,23,4,315.05,2022-08-05 23:00:00+00:00,2022-08-06 00:00:00+00:00,40931.825,1934.5625,8231.502499999999,0.0,42168.07,10166.065,-0.5431052396834317,-0.8396646346181327,-0.2588190451025215,0.965925826289068,-0.433883739117558,-0.9009688679024191,0,weekday,196.32
2022-08-06,2022,8,6,218,23,5,232.85,2022-08-06 23:00:00+00:00,2022-08-07 00:00:00+00:00,37976.5825,856.4025,5369.8550000000005,0.0,37822.31,6226.257500000001,-0.5574684374327892,-0.8301981337405212,-0.2588190451025215,0.965925826289068,-0.9749279121818236,-0.2225209339563146,0,weekend,196.32
2022-08-07,2022,8,7,219,23,6,271.57,2022-08-07 23:00:00+00:00,2022-08-08 00:00:00+00:00,39709.1825,275.925,4227.21,0.0,37060.21,4503.135,-0.5716666713027052,-0.8204859638785327,-0.2588190451025215,0.965925826289068,-0.7818314824680299,0.6234898018587334,0,weekend,194.6875
2022-08-08,2022,8,8,220,23,0,298.92,2022-08-08 23:00:00+00:00,2022-08-09 00:00:00+00:00,43085.3325,48.3525,6883.4875,0.0,40825.87,6931.84,-0.5856957398073508,-0.8105309990194823,-0.2588190451025215,0.965925826289068,0.0,1.0,0,weekday,193.055
2022-08-09,2022,8,9,221,23,1,286.98,2022-08-09 23:00:00+00:00,2022-08-10 00:00:00+00:00,44215.525,59.6425,7719.8675,0.0,40391.61,7779.51,-0.5995514915196489,-0.8003361849976323,-0.2588190451025215,0.965925826289068,0.7818314824680298,0.6234898018587336,0,weekday,192.185
2022-08-10,2022,8,10,222,23,2,300.03,2022-08-10 23:00:00+00:00,2022-08-11 00:00:00+00:00,44287.56,210.3925,7166.7275,0.0,39072.65,7377.12,-0.6132298262997502,-0.7899045386224707,-0.2588190451025215,0.965925826289068,0.9749279121818236,-0.2225209339563143,0,weekday,205.365
2022-08-11,2022,8,11,223,23,3,405.0,2022-08-11 23:00:00+00:00,2022-08-12 00:00:00+00:00,44569.0175,565.8725,7669.202499999999,0.0,39461.73,8235.074999999999,-0.6267266965083301,-0.7792391467859886,-0.2588190451025215,0.965925826289068,0.4338837391175582,-0.900968867902419,0,weekday,208.11
2022-08-12,2022,8,12,224,23,4,400.71,2022-08-12 23:00:00+00:00,2022-08-13 00:00:00+00:00,42226.56,1371.8325,7383.215,0.0,38160.06,8755.0475,-0.6400381082043503,-0.7683431655492202,-0.2588190451025215,0.965925826289068,-0.433883739117558,-0.9009688679024191,0,weekday,206.11
2022-08-13,2022,8,13,225,23,5,397.2,2022-08-13 23:00:00+00:00,2022-08-14 00:00:00+00:00,39213.1925,2319.4125,5850.005,0.0,35373.78,8169.4175,-0.65316012232693,-0.7572198192083127,-0.2588190451025215,0.965925826289068,-0.9749279121818236,-0.2225209339563146,0,weekend,206.11
2022-08-14,2022,8,14,226,23,6,361.09,2022-08-14 23:00:00+00:00,2022-08-15 00:00:00+00:00,39604.3325,3609.9475,9062.4625,0.0,41519.89,12672.41,-0.666088855860977,-0.7458723993404063,-0.2588190451025215,0.965925826289068,-0.7818314824680299,0.6234898018587334,0,weekend,213.11
2022-08-15,2022,8,15,227,23,0,430.65,2022-08-15 23:00:00+00:00,2022-08-16 00:00:00+00:00,43429.22,643.965,3919.105,0.0,39025.96,4563.07,-0.6788204829862355,-0.734304263829602,-0.2588190451025215,0.965925826289068,0.0,1.0,0,weekday,220.11
2022-08-16,2022,8,16,228,23,1,483.88,2022-08-16 23:00:00+00:00,2022-08-17 00:00:00+00:00,44025.86,79.7025,1345.51,0.0,39299.11,1425.2125,-0.6913512362094071,-0.722518835873311,-0.2588190451025215,0.965925826289068,0.7818314824680298,0.6234898018587336,0,weekday,225.915
2022-08-17,2022,8,17,229,23,2,479.9,2022-08-17 23:00:00+00:00,2022-08-18 00:00:00+00:00,44133.4375,2422.3225,5273.7775,0.0,43979.5,7696.1,-0.7036774074790128,-0.7105196029692745,-0.2588190451025215,0.965925826289068,0.9749279121818236,-0.2225209339563143,0,weekday,225.835
2022-08-18,2022,8,18,230,23,3,467.63,2022-08-18 23:00:00+00:00,2022-08-19 00:00:00+00:00,44133.0425,126.0225,3056.6025,0.0,38724.24,3182.625,-0.7157953492826642,-0.6983101158835584,-0.2588190451025215,0.965925826289068,0.4338837391175582,-0.900968867902419,0,weekday,241.005
2022-08-19,2022,8,19,231,23,4,500.05,2022-08-19 23:00:00+00:00,2022-08-20 00:00:00+00:00,42073.935,625.7725,3040.2325,0.0,37593.39,3666.005,-0.7277014757264236,-0.6858939875998223,-0.2588190451025215,0.965925826289068,-0.433883739117558,-0.9009688679024191,0,weekday,244.55
2022-08-20,2022,8,20,232,23,5,381.0,2022-08-20 23:00:00+00:00,2022-08-21 00:00:00+00:00,38146.3675,1678.59,2604.8875,0.0,34631.17,4283.4775,-0.7393922635959241,-0.673274892250183,-0.2588190451025215,0.965925826289068,-0.9749279121818236,-0.2225209339563146,0,weekend,244.55
2022-08-21,2022,8,21,233,23,6,477.42,2022-08-21 23:00:00+00:00,2022-08-22 00:00:00+00:00,39991.2225,93.835,2137.29,0.0,37006.15,2231.125,-0.7508642533989489,-0.6604565640279754,-0.2588190451025215,0.965925826289068,-0.7818314824680299,0.6234898018587334,0,weekend,260.65
2022-08-22,2022,8,22,234,23,0,504.73,2022-08-22 23:00:00+00:00,2022-08-23 00:00:00+00:00,42099.885,953.8675,6692.085,0.0,44287.37,7645.9525,-0.7621140503891487,-0.6474427960827475,-0.2588190451025215,0.965925826289068,0.0,1.0,0,weekday,276.75
2022-08-23,2022,8,23,235,23,1,550.0,2022-08-23 23:00:00+00:00,2022-08-24 00:00:00+00:00,42133.03,1008.1675,7248.422500000001,0.0,44584.58,8256.59,-0.7731383255706026,-0.6342374393978054,-0.2588190451025215,0.965925826289068,0.7818314824680298,0.6234898018587336,0,weekday,269.05
2022-08-24,2022,8,24,236,23,2,522.92,2022-08-24 23:00:00+00:00,2022-08-25 00:00:00+00:00,42781.215,1646.4625,8103.389999999999,0.0,46345.38,9749.8525,-0.7839338166829201,-0.620844401650647,-0.2588190451025215,0.965925826289068,0.9749279121818236,-0.2225209339563143,0,weekday,292.15
2022-08-25,2022,8,25,237,23,3,580.07,2022-08-25 23:00:00+00:00,2022-08-26 00:00:00+00:00,43294.9375,2066.9825,6452.58,0.0,44364.39,8519.5625,-0.7944973291665992,-0.6072676460566135,-0.2588190451025215,0.965925826289068,0.4338837391175582,-0.900968867902419,0,weekday,321.415
2022-08-26,2022,8,26,238,23,4,644.2,2022-08-26 23:00:00+00:00,2022-08-27 00:00:00+00:00,41634.015,1765.8525,5740.555,0.0,41316.55,7506.4075,-0.8048257371083452,-0.593511190196115,-0.2588190451025215,0.965925826289068,-0.433883739117558,-0.9009688679024191,0,weekday,339.195
2022-08-27,2022,8,27,239,23,5,491.4,2022-08-27 23:00:00+00:00,2022-08-28 00:00:00+00:00,37497.145,3750.3,7428.7375,0.0,41394.23,11179.0375,-0.8149159841660791,-0.5795791048257612,-0.2588190451025215,0.965925826289068,-0.9749279121818236,-0.2225209339563146,0,weekend,339.195
2022-08-28,2022,8,28,240,23,6,544.14,2022-08-28 23:00:00+00:00,2022-08-29 00:00:00+00:00,39866.9525,2276.56,7215.83,0.0,40412.05,9492.39,-0.8247650844733614,-0.5654755126737576,-0.2588190451025215,0.965925826289068,-0.7818314824680299,0.6234898018587334,0,weekend,305.9
2022-08-29,2022,8,29,241,23,0,595.07,2022-08-29 23:00:00+00:00,2022-08-30 00:00:00+00:00,42301.1125,1110.625,4104.775,0.0,43060.02,5215.4,-0.8343701235229538,-0.5512045872199277,-0.2588190451025215,0.965925826289068,0.0,1.0,0,weekday,272.605
2022-08-30,2022,8,30,242,23,1,523.31,2022-08-30 23:00:00+00:00,2022-08-31 00:00:00+00:00,43830.6375,1372.2525,8059.015,0.0,46752.2,9431.2675,-0.8437282590292712,-0.5367705514607103,-0.2588190451025215,0.965925826289068,0.7818314824680298,0.6234898018587336,0,weekday,252.937
2022-08-31,2022,8,31,243,23,2,484.36,2022-08-31 23:00:00+00:00,2022-09-01 00:00:00+00:00,43953.3675,1421.31,8154.0,0.0,46902.38,9575.31,-0.8528367217694595,-0.522177676659508,-0.2588190451025215,0.965925826289068,0.9749279121818236,-0.2225209339563143,0,weekday,239.905
2022-09-01,2022,9,1,244,23,3,418.74,2022-09-01 23:00:00+00:00,2022-09-02 00:00:00+00:00,43416.52,1976.625,10949.2925,0.0,49354.84,12925.9175,-0.8616928164028522,-0.5074302810827518,-0.2588190451025215,0.965925826289068,0.4338837391175582,-0.900968867902419,0,weekday,243.005
2022-09-02,2022,9,2,245,23,4,244.97,2022-09-02 23:00:00+00:00,2022-09-03 00:00:00+00:00,42067.635,4434.467500000001,16985.2225,0.0,50983.72,21419.69,-0.8702939222685674,-0.4925327287220543,-0.2588190451025215,0.965925826289068,-0.433883739117558,-0.9009688679024191,0,weekday,214.665
2022-09-03,2022,9,3,246,23,5,204.77,2022-09-03 23:00:00+00:00,2022-09-04 00:00:00+00:00,37904.5125,5150.91,11687.4175,0.0,45110.23,16838.3275,-0.8786374941610001,-0.4774894280028391,-0.2588190451025215,0.965925826289068,-0.9749279121818236,-0.2225209339563146,0,weekend,214.665
2022-09-04,2022,9,4,247,23,6,220.0,2022-09-04 23:00:00+00:00,2022-09-05 00:00:00+00:00,39498.0275,4708.745,10975.0925,0.0,45306.28,15683.8375,-0.886721063082993,-0.4623048304798108,-0.2588190451025215,0.965925826289068,-0.7818314824680299,0.6234898018587334,0,weekend,223.05666666666667
2022-09-05,2022,9,5,248,23,0,298.29,2022-09-05 23:00:00+00:00,2022-09-06 00:00:00+00:00,42562.26,4894.6,15548.23,0.0,52938.02,20442.83,-0.8945422369764496,-0.4469834295196741,-0.2588190451025215,0.965925826289068,0.0,1.0,0,weekday,231.44833333333332
2022-09-06,2022,9,6,249,23,1,384.07,2022-09-06 23:00:00+00:00,2022-09-07 00:00:00+00:00,44269.7575,2557.5,10363.87,0.0,47013.79,12921.37,-0.9020987014301836,-0.4315297589714714,-0.2588190451025215,0.965925826289068,0.7818314824680298,0.6234898018587336,0,weekday,239.84
2022-09-07,2022,9,7,250,23,2,407.83,2022-09-07 23:00:00+00:00,2022-09-08 00:00:00+00:00,43761.8675,1511.03,4074.1275,0.0,40088.25,5585.1575,-0.9093882203647924,-0.4159483918249421,-0.2588190451025215,0.965925826289068,0.9749279121818236,-0.2225209339563143,0,weekday,213.885
2022-09-08,2022,9,8,251,23,3,238.2,2022-09-08 23:00:00+00:00,2022-09-09 00:00:00+00:00,44311.06,1620.81,8876.8475,0.0,42305.25,10497.6575,-0.9164086366943458,-0.4002439388573056,-0.2588190451025215,0.965925826289068,0.4338837391175582,-0.900968867902419,0,weekday,220.54
2022-09-09,2022,9,9,252,23,4,359.09,2022-09-09 23:00:00+00:00,2022-09-10 00:00:00+00:00,42926.1275,750.6425,8041.1625,0.0,41409.09,8791.805,-0.923157872964704,-0.3844210472688554,-0.2588190451025215,0.965925826289068,-0.433883739117558,-0.9009688679024191,0,weekday,207.09
2022-09-10,2022,9,10,253,23,5,385.07,2022-09-10 23:00:00+00:00,2022-09-11 00:00:00+00:00,38186.0225,299.2925,4599.7375,0.0,37186.49,4899.030000000001,-0.9296339319682696,-0.3684843993077793,-0.2588190451025215,0.965925826289068,-0.9749279121818236,-0.2225209339563146,0,weekend,207.09
2022-09-11,2022,9,11,254,23,6,355.48,2022-09-11 23:00:00+00:00,2022-09-12 00:00:00+00:00,39921.3175,246.86,761.4625,0.0,35235.31,1008.3225,-0.935834897334994,-0.3524387108846032,-0.2588190451025215,0.965925826289068,-0.7818314824680299,0.6234898018587334,0,weekend,198.84
2022-09-12,2022,9,12,255,23,0,294.93,2022-09-12 23:00:00+00:00,2022-09-13 00:00:00+00:00,43103.4875,4982.98,12955.795,0.0,50383.15,17938.775,-0.9417589340994617,-0.3362887301766828,-0.2588190451025215,0.965925826289068,0.0,1.0,0,weekday,190.59
2022-09-13,2022,9,13,256,23,1,329.47,2022-09-13 23:00:00+00:00,2022-09-14 00:00:00+00:00,43953.695,3301.86,6236.4325,0.0,44121.04,9538.2925,-0.9474042892438844,-0.3200392362231385,-0.2588190451025215,0.965925826289068,0.7818314824680298,0.6234898018587336,0,weekday,198.61
2022-09-14,2022,9,14,257,23,2,338.77,2022-09-14 23:00:00+00:00,2022-09-15 00:00:00+00:00,43682.905,5329.3975,7722.0675,0.0,47372.91,13051.465,-0.9527692922168512,-0.3036950375106588,-0.2588190451025215,0.965925826289068,0.9749279121818236,-0.2225209339563143,0,weekday,217.88
2022-09-15,2022,9,15,258,23,3,163.73,2022-09-15 23:00:00+00:00,2022-09-16 00:00:00+00:00,44245.455,5427.7275,14915.21,0.0,47922.91,20342.9375,-0.9578523554276668,-0.2872609705505963,-0.2588190451025215,0.965925826289068,0.4338837391175582,-0.900968867902419,0,weekday,214.285
2022-09-16,2022,9,16,259,23,4,80.24,2022-09-16 23:00:00+00:00,2022-09-17 00:00:00+00:00,42640.875,5429.1675,21355.82,0.0,51483.58,26784.9875,-0.9626519747161488,-0.2707418984477642,-0.2588190451025215,0.965925826289068,-0.433883739117558,-0.9009688679024191,0,weekday,187.795
2022-09-17,2022,9,17,260,23,5,27.06,2022-09-17 23:00:00+00:00,2022-09-18 00:00:00+00:00,38383.855,5394.32,22698.72,0.0,50031.69,28093.04,-0.9671667297977312,-0.2541427094613622,-0.2588190451025215,0.965925826289068,-0.9749279121818236,-0.2225209339563146,0,weekend,187.795
2022-09-18,2022,9,18,261,23,6,97.02,2022-09-18 23:00:00+00:00,2022-09-19 00:00:00+00:00,40311.5225,4769.717500000001,18047.9025,0.0,49004.37,22817.620000000003,-0.97139528468375,-0.2374683155584684,-0.2588190451025215,0.965925826289068,-0.7818314824680299,0.6234898018587334,0,weekend,185.02749999999997
2022-09-19,2022,9,19,262,23,0,260.1,2022-09-19 23:00:00+00:00,2022-09-20 00:00:00+00:00,44199.5375,3188.8975,9314.815,0.0,44881.7,12503.7125,-0.9753363880767836,-0.2207236509605022,-0.2588190451025215,0.965925826289068,0.0,1.0,0,weekday,182.26
2022-09-20,2022,9,20,263,23,1,299.58,2022-09-20 23:00:00+00:00,2022-09-21 00:00:00+00:00,44757.03,181.1625,1696.915,0.0,39967.93,1878.0775,-0.978988873740932,-0.2039136706831147,-0.2588190451025215,0.965925826289068,0.7818314824680298,0.6234898018587336,0,weekday,194.26
2022-09-21,2022,9,21,264,23,2,339.41,2022-09-21 23:00:00+00:00,2022-09-22 00:00:00+00:00,45375.755,100.1925,1146.5325,0.0,40130.55,1246.725,-0.9823516608469236,-0.1870433490699165,-0.2588190451025215,0.965925826289068,0.9749279121818236,-0.2225209339563143,0,weekday,189.78
2022-09-22,2022,9,22,265,23,3,320.23,2022-09-22 23:00:00+00:00,2022-09-23 00:00:00+00:00,46905.425,1585.87,6222.3,0.0,44930.77,7808.17,-0.9854237542919524,-0.1701176783204905,-0.2588190451025215,0.965925826289068,0.4338837391175582,-0.900968867902419,0,weekday,187.47
2022-09-23,2022,9,23,266,23,4,344.12,2022-09-23 23:00:00+00:00,2022-09-24 00:00:00+00:00,45461.8275,1387.8475,2463.0775,0.0,39827.98,3850.925,-0.9882042449941422,-0.15314166701312,-0.2588190451025215,0.965925826289068,-0.433883739117558,-0.9009688679024191,0,weekday,185.495
2022-09-24,2022,9,24,267,23,5,230.0,2022-09-24 23:00:00+00:00,2022-09-25 00:00:00+00:00,41495.0275,2421.9375,2324.1075,0.0,37895.71,4746.045,-0.9906923101615608,-0.136120338622667,-0.2588190451025215,0.965925826289068,-0.9749279121818236,-0.2225209339563146,0,weekend,185.495
2022-09-25,2022,9,25,268,23,6,179.85,2022-09-25 23:00:00+00:00,2022-09-26 00:00:00+00:00,44783.3925,4689.62,6952.035,0.0,43817.42,11641.655,-0.9928872135356962,-0.1190587300340498,-0.2588190451025215,0.965925826289068,-0.7818314824680299,0.6234898018587334,0,weekend,179.66500000000002
2022-09-26,2022,9,26,269,23,0,180.24,2022-09-26 23:00:00+00:00,2022-09-27 00:00:00+00:00,47052.815,2699.8275,13255.35,0.0,46033.17,15955.1775,-0.994788305609327,-0.1019618900517457,-0.2588190451025215,0.965925826289068,0.0,1.0,0,weekday,173.835
2022-09-27,2022,9,27,270,23,1,275.78,2022-09-27 23:00:00+00:00,2022-09-28 00:00:00+00:00,48702.67,245.275,8384.425000000001,0.0,43468.62,8629.7,-0.9963950238187232,-0.0848348779057653,-0.2588190451025215,0.965925826289068,0.7818314824680298,0.6234898018587336,0,weekday,186.1
2022-09-28,2022,9,28,271,23,2,336.51,2022-09-28 23:00:00+00:00,2022-09-29 00:00:00+00:00,48236.8925,107.965,2020.325,0.0,39917.02,2128.29,-0.9977068927101168,-0.0676827617545516,-0.2588190451025215,0.965925826289068,0.9749279121818236,-0.2225209339563143,0,weekday,207.185
2022-09-29,2022,9,29,272,23,3,336.1,2022-09-29 23:00:00+00:00,2022-09-30 00:00:00+00:00,47999.6325,639.8199999999999,1287.915,0.0,40897.88,1927.735,-0.9987235240803972,-0.0505106171852228,-0.2588190451025215,0.965925826289068,0.4338837391175582,-0.900968867902419,0,weekday,187.665
2022-09-30,2022,9,30,273,23,4,63.59,2022-09-30 23:00:00+00:00,2022-10-01 00:00:00+00:00,46978.4125,5557.06,22382.54,0.0,52772.16,27939.6,-0.9994446170919858,-0.0333235257116313,-0.2588190451025215,0.965925826289068,-0.433883739117558,-0.9009688679024191,0,weekday,188.8
2022-10-01,2022,10,1,274,23,5,64.04,2022-10-01 23:00:00+00:00,2022-10-02 00:00:00+00:00,42543.8175,5664.1275000000005,24009.15,0.0,51815.19,29673.277500000004,-0.9998699583618592,-0.0161265732706577,-0.2588190451025215,0.965925826289068,-0.9749279121818236,-0.2225209339563146,0,weekend,188.8
2022-10-02,2022,10,2,275,23,6,94.04,2022-10-02 23:00:00+00:00,2022-10-03 00:00:00+00:00,44920.3475,4803.55,15919.935,0.0,43167.68,20723.485,-0.9999994220246924,0.0010751512827982,-0.2588190451025215,0.965925826289068,-0.7818314824680299,0.6234898018587334,0,weekend,179.35500000000002
2022-10-03,2022,10,3,276,23,0,188.59,2022-10-03 23:00:00+00:00,2022-10-04 00:00:00+00:00,46653.6475,2094.6575000000003,5990.3025,0.0,40846.41,8084.96,-0.999832969770105,0.0182765576816912,-0.2588190451025215,0.965925826289068,0.0,1.0,1,holiday,169.91
2022-10-04,2022,10,4,277,23,1,103.36,2022-10-04 23:00:00+00:00,2022-10-05 00:00:00+00:00,48491.23,5660.39,16162.11,0.0,50717.65,21822.5,-0.9993706508539968,0.0354725557531255,-0.2588190451025215,0.965925826289068,0.7818314824680298,0.6234898018587336,0,weekday,161.95
2022-10-05,2022,10,5,278,23,2,0.39,2022-10-05 23:00:00+00:00,2022-10-06 00:00:00+00:00,49741.46,5910.9675,28358.15,0.0,56625.12,34269.1175,-0.9986126020839734,0.052658056924614,-0.2588190451025215,0.965925826289068,0.9749279121818236,-0.2225209339563143,0,weekday,173.695
2022-10-06,2022,10,6,279,23,3,145.4,2022-10-06 23:00:00+00:00,2022-10-07 00:00:00+00:00,50349.605,4962.842500000001,9680.2075,0.0,47716.86,14643.05,-0.9975590477788612,0.0698279757298708,-0.2588190451025215,0.965925826289068,0.4338837391175582,-0.900968867902419,0,weekday,175.71
2022-10-07,2022,10,7,280,23,4,114.67,2022-10-07 23:00:00+00:00,2022-10-08 00:00:00+00:00,48316.8,4899.3775000000005,16587.6875,0.0,50483.54,21487.065,-0.9962102997023295,0.0869772313136861,-0.2588190451025215,0.965925826289068,-0.433883739117558,-0.9009688679024191,0,weekday,156.205
2022-10-08,2022,10,8,281,23,5,195.02,2022-10-08 23:00:00+00:00,2022-10-09 00:00:00+00:00,44761.83,2187.8625,7046.719999999999,0.0,39534.21,9234.5825,-0.9945667569706336,0.1041007489354256,-0.2588190451025215,0.965925826289068,-0.9749279121818236,-0.2225209339563146,0,weekend,156.205
2022-10-09,2022,10,9,282,23,6,70.87,2022-10-09 23:00:00+00:00,2022-10-10 00:00:00+00:00,47190.0925,5337.4375,17638.739999999998,0.0,47799.6,22976.1775,-0.9926289059345096,0.121193461470736,-0.2588190451025215,0.965925826289068,-0.7818314824680299,0.6234898018587334,0,weekend,155.16250000000002
2022-10-10,2022,10,10,283,23,0,174.3,2022-10-10 23:00:00+00:00,2022-10-11 00:00:00+00:00,48764.5975,5243.53,11643.4725,0.0,47342.1,16887.0025,-0.9903973200352558,0.1382503109109819,-0.2588190451025215,0.965925826289068,0.0,1.0,0,weekday,154.12
2022-10-11,2022,10,11,284,23,1,222.21,2022-10-11 23:00:00+00:00,2022-10-12 00:00:00+00:00,50110.8975,949.6025,1728.3175,0.0,39993.78,2677.92,-0.9878726596350428,0.1552662498599956,-0.2588190451025215,0.965925826289068,0.7818314824680298,0.6234898018587336,0,weekday,156.78
2022-10-12,2022,10,12,285,23,2,210.0,2022-10-12 23:00:00+00:00,2022-10-13 00:00:00+00:00,50588.4925,1819.0225,7319.514999999999,0.0,43686.72,9138.5375,-0.9850556718215012,0.172236243027682,-0.2588190451025215,0.965925826289068,0.9749279121818236,-0.2225209339563143,0,weekday,160.19
2022-10-13,2022,10,13,286,23,3,219.6,2022-10-13 23:00:00+00:00,2022-10-14 00:00:00+00:00,49710.0425,988.14,5623.2075,0.0,42369.63,6611.347500000001,-0.981947190186646,0.1891552687200409,-0.2588190451025215,0.965925826289068,0.4338837391175582,-0.900968867902419,0,weekday,153.81
2022-10-14,2022,10,14,287,23,4,174.0,2022-10-14 23:00:00+00:00,2022-10-15 00:00:00+00:00,47816.4475,2155.83,9000.07,0.0,41837.58,11155.9,-0.9785481345802032,0.2060183203251708,-0.2588190451025215,0.965925826289068,-0.433883739117558,-0.9009688679024191,0,weekday,141.995
2022-10-15,2022,10,15,288,23,5,67.9,2022-10-15 23:00:00+00:00,2022-10-16 00:00:00+00:00,43987.3975,5645.7075,16315.24,0.0,47405.9,21960.9475,-0.9748595108374124,0.2228204077947995,-0.2588190451025215,0.965925826289068,-0.9749279121818236,-0.2225209339563146,0,weekend,141.995
2022-10-16,2022,10,16,289,23,6,114.41,2022-10-16 23:00:00+00:00,2022-10-17 00:00:00+00:00,46603.9975,1296.9,8888.7475,0.0,40697.56,10185.6475,-0.9708824104813836,0.239556559120927,-0.2588190451025215,0.965925826289068,-0.7818314824680299,0.6234898018587334,0,weekend,134.9875
2022-10-17,2022,10,17,290,23,0,135.71,2022-10-17 23:00:00+00:00,2022-10-18 00:00:00+00:00,48872.6025,3889.25,5417.3275,0.0,41439.65,9306.5775,-0.9666180104000972,0.2562218218071163,-0.2588190451025215,0.965925826289068,0.0,1.0,0,weekday,127.98
2022-10-18,2022,10,18,291,23,1,125.18,2022-10-18 23:00:00+00:00,2022-10-19 00:00:00+00:00,49603.985,2659.7775,6408.735000000001,0.0,40028.63,9068.5125,-0.9620675724981452,0.2728112643340191,-0.2588190451025215,0.965925826289068,0.7818314824680298,0.6234898018587336,0,weekday,113.22
2022-10-19,2022,10,19,292,23,2,114.89,2022-10-19 23:00:00+00:00,2022-10-20 00:00:00+00:00,50438.2875,4119.805,16736.8,0.0,48132.48,20856.605,-0.957232443323312,0.2893199776186952,-0.2588190451025215,0.965925826289068,0.9749279121818236,-0.2225209339563143,0,weekday,112.51
2022-10-20,2022,10,20,293,23,3,118.62,2022-10-20 23:00:00+00:00,2022-10-21 00:00:00+00:00,50961.6175,3337.9125,15170.1425,0.0,44685.17,18508.055,-0.9521140536681102,0.3057430764672831,-0.2588190451025215,0.965925826289068,0.4338837391175582,-0.900968867902419,0,weekday,127.145
2022-10-21,2022,10,21,294,23,4,132.71,2022-10-21 23:00:00+00:00,2022-10-22 00:00:00+00:00,48079.485,1276.1625,7467.775,0.0,37699.24,8743.9375,-0.9467139181463862,0.3220757010206104,-0.2588190451025215,0.965925826289068,-0.433883739117558,-0.9009688679024191,0,weekday,113.575
2022-10-22,2022,10,22,295,23,5,99.15,2022-10-22 23:00:00+00:00,2022-10-23 00:00:00+00:00,44278.25,1479.18,7037.0575,0.0,35087.46,8516.2375,-0.9410336347451196,0.3383130181923076,-0.2588190451025215,0.965925826289068,-0.9749279121818236,-0.2225209339563146,0,weekend,113.575
2022-10-23,2022,10,23,296,23,6,49.82,2022-10-23 23:00:00+00:00,2022-10-24 00:00:00+00:00,46927.7275,4875.13,20954.37,0.0,46810.18,25829.5,-0.9350748843515574,0.3544502230989869,-0.2588190451025215,0.965925826289068,-0.7818314824680299,0.6234898018587334,0,weekend,106.3725
2022-10-24,2022,10,24,297,23,0,50.59,2022-10-24 23:00:00+00:00,2022-10-25 00:00:00+00:00,48426.94,5652.8975,21196.2,0.0,50407.76,26849.0975,-0.9288394302558068,0.3704825404820963,-0.2588190451025215,0.965925826289068,0.0,1.0,0,weekday,99.17
2022-10-25,2022,10,25,298,23,1,91.39,2022-10-25 23:00:00+00:00,2022-10-26 00:00:00+00:00,48997.5225,1495.4475,6478.215,0.0,38445.31,7973.6625,-0.9223291176290545,0.3864052261209853,-0.2588190451025215,0.965925826289068,0.7818314824680298,0.6234898018587336,0,weekday,99.795
2022-10-26,2022,10,26,299,23,2,96.11,2022-10-26 23:00:00+00:00,2022-10-27 00:00:00+00:00,49158.4475,4211.485,9463.85,0.0,40876.89,13675.335,-0.9155458729775467,0.4022135682368036,-0.2588190451025215,0.965925826289068,0.9749279121818236,-0.2225209339563143,0,weekday,104.32
2022-10-27,2022,10,27,300,23,3,87.55,2022-10-27 23:00:00+00:00,2022-10-28 00:00:00+00:00,48921.805,3633.75,15153.9325,0.0,44078.1,18787.682500000003,-0.9084917035725082,0.4179028888867866,-0.2588190451025215,0.965925826289068,0.4338837391175582,-0.900968867902419,0,weekday,107.385
2022-10-28,2022,10,28,301,23,4,92.77,2022-10-28 23:00:00+00:00,2022-10-29 00:00:00+00:00,47862.975000000006,2727.2675,12631.61,0.0,40605.28,15358.8775,-0.9011686968561567,0.4334685453485363,-0.2588190451025215,0.965925826289068,-0.433883739117558,-0.9009688679024191,0,weekday,112.244
2022-10-29,2022,10,29,302,23,5,100.49,2022-10-29 23:00:00+00:00,2022-10-30 00:00:00+00:00,44020.7275,1587.96,8128.4475,0.0,35941.35,9716.4075,-0.8935790198239952,0.4489059314938798,-0.2588190451025215,0.965925826289068,-0.9749279121818236,-0.2225209339563146,0,weekend,112.244
2022-10-30,2022,10,30,303,23,6,129.38,2022-10-30 23:00:00+00:00,2022-10-31 00:00:00+00:00,44845.8175,2384.8325,6744.5025000000005,0.0,37629.73,9129.335,-0.8857249183835637,0.4642104791518923,-0.2588190451025215,0.965925826289068,-0.7818314824680299,0.6234898018587334,0,weekend,117.797
2022-10-31,2022,10,31,304,23,0,80.65,2022-10-31 23:00:00+00:00,2022-11-01 00:00:00+00:00,47296.265,5331.8525,16063.7425,0.0,49417.49,21395.595,-0.8776087166898392,0.4793776594606945,-0.2588190451025215,0.965925826289068,0.0,1.0,0,weekday,123.35
2022-11-01,2022,11,1,305,23,1,54.92,2022-11-01 23:00:00+00:00,2022-11-02 00:00:00+00:00,48089.705,5756.0375,23273.865,0.0,54149.88,29029.902500000004,-0.8692328164574792,0.4944029842076181,-0.2588190451025215,0.965925826289068,0.7818314824680298,0.6234898018587336,0,weekday,116.195
2022-11-02,2022,11,2,306,23,2,75.73,2022-11-02 23:00:00+00:00,2022-11-03 00:00:00+00:00,49443.14,6075.4525,17336.6575,0.0,49993.5,23412.11,-0.8605996962501181,0.5092820071573356,-0.2588190451025215,0.965925826289068,0.9749279121818236,-0.2225209339563143,0,weekday,125.865
2022-11-03,2022,11,3,307,23,3,88.11,2022-11-03 23:00:00+00:00,2022-11-04 00:00:00+00:00,50212.3325,4745.58,20558.16,0.0,52273.24,25303.74,-0.8517119107469189,0.5240103253675756,-0.2588190451025215,0.965925826289068,0.4338837391175582,-0.900968867902419,0,weekday,125.445
2022-11-04,2022,11,4,308,23,4,150.59,2022-11-04 23:00:00+00:00,2022-11-05 00:00:00+00:00,48428.925,3270.75,7593.675,0.0,44704.26,10864.425,-0.8425720899866032,0.5385835804920232,-0.2588190451025215,0.965925826289068,-0.433883739117558,-0.9009688679024191,0,weekday,114.785
2022-11-05,2022,11,5,309,23,5,57.85,2022-11-05 23:00:00+00:00,2022-11-06 00:00:00+00:00,44929.692500000005,5961.1,17960.9425,0.0,48517.73,23922.042500000003,-0.8331829385891785,0.5529974600700271,-0.2588190451025215,0.965925826289068,-0.9749279121818236,-0.2225209339563146,0,weekend,114.785
2022-11-06,2022,11,6,310,23,6,0.09,2022-11-06 23:00:00+00:00,2022-11-07 00:00:00+00:00,48266.5975,5729.8475,28270.8925,0.0,55685.6,34000.740000000005,-0.8235472349556007,0.5672476988027229,-0.2588190451025215,0.965925826289068,-0.7818314824680299,0.6234898018587334,0,weekend,112.235
2022-11-07,2022,11,7,311,23,0,77.58,2022-11-07 23:00:00+00:00,2022-11-08 00:00:00+00:00,51149.235,5325.6775,19456.93,0.0,50222.74,24782.6075,-0.8136678304455991,0.5813300798152042,-0.2588190451025215,0.965925826289068,0.0,1.0,0,weekday,109.685
2022-11-08,2022,11,8,312,23,1,74.42,2022-11-08 23:00:00+00:00,2022-11-09 00:00:00+00:00,50954.805,6010.395,24160.2225,0.0,54182.74,30170.6175,-0.8035476485339116,0.5952404359043674,-0.2588190451025215,0.965925826289068,0.7818314824680298,0.6234898018587336,0,weekday,118.145
2022-11-09,2022,11,9,313,23,2,114.54,2022-11-09 23:00:00+00:00,2022-11-10 00:00:00+00:00,51069.47,5138.5,20123.775,0.0,51975.68,25262.275,-0.7931896839451843,0.6089746507720486,-0.2588190451025215,0.965925826289068,0.9749279121818236,-0.2225209339563143,0,weekday,113.145
2022-11-10,2022,11,10,314,23,3,70.25,2022-11-10 23:00:00+00:00,2022-11-11 00:00:00+00:00,50908.3075,5818.860000000001,19343.315,0.0,47071.72,25162.175,-0.7825970017677834,0.6225286602431057,-0.2588190451025215,0.965925826289068,0.4338837391175582,-0.900968867902419,0,weekday,113.45
2022-11-11,2022,11,11,315,23,4,137.41,2022-11-11 23:00:00+00:00,2022-11-12 00:00:00+00:00,48529.7425,5002.9175,8788.905,0.0,46218.14,13791.8225,-0.7717727365467836,0.6358984534680745,-0.2588190451025215,0.965925826289068,-0.433883739117558,-0.9009688679024191,0,weekday,97.855
2022-11-12,2022,11,12,316,23,5,168.8,2022-11-12 23:00:00+00:00,2022-11-13 00:00:00+00:00,45470.3425,167.8,4606.505,0.0,38385.05,4774.305,-0.7607200913564104,0.6490800741100398,-0.2588190451025215,0.965925826289068,-0.9749279121818236,-0.2225209339563146,0,weekend,97.855
2022-11-13,2022,11,13,317,23,6,100.01,2022-11-13 23:00:00+00:00,2022-11-14 00:00:00+00:00,48229.265,4801.1525,15451.1575,0.0,49105.33,20252.31,-0.7494423368521954,0.6620696215153815,-0.2588190451025215,0.965925826289068,-0.7818314824680299,0.6234898018587334,0,weekend,105.78
2022-11-14,2022,11,14,318,23,0,136.2,2022-11-14 23:00:00+00:00,2022-11-15 00:00:00+00:00,49775.22,2555.77,16998.985,0.0,53704.94,19554.755,-0.7379428103031386,0.6748632518680403,-0.2588190451025215,0.965925826289068,0.0,1.0,0,weekday,113.705
2022-11-15,2022,11,15,319,23,1,79.17,2022-11-15 23:00:00+00:00,2022-11-16 00:00:00+00:00,50299.22,5954.9625,18334.2775,0.0,58314.26,24289.24,-0.7262249146041543,0.6874571793269664,-0.2588190451025215,0.965925826289068,0.7818314824680298,0.6234898018587336,0,weekday,124.105
2022-11-16,2022,11,16,320,23,2,47.95,2022-11-16 23:00:00+00:00,2022-11-17 00:00:00+00:00,50651.375,5720.46,26604.7275,0.0,57702.88,32325.1875,-0.7142921172691032,0.699847677146407,-0.2588190451025215,0.965925826289068,0.9749279121818236,-0.2225209339563143,0,weekday,113.9
2022-11-17,2022,11,17,321,23,3,113.02,2022-11-17 23:00:00+00:00,2022-11-18 00:00:00+00:00,51011.94,5872.209999999999,17777.9925,0.0,51612.9,23650.2025,-0.7021479494046978,0.7120310787787131,-0.2588190451025215,0.965925826289068,0.4338837391175582,-0.900968867902419,0,weekday,112.555
2022-11-18,2022,11,18,322,23,4,144.47,2022-11-18 23:00:00+00:00,2022-11-19 00:00:00+00:00,48588.055,5028.7225,10609.1675,0.0,54482.32,15637.89,-0.6897960046655887,0.7240037789593305,-0.2588190451025215,0.965925826289068,-0.433883739117558,-0.9009688679024191,0,weekday,115.51
2022-11-19,2022,11,19,323,23,5,200.74,2022-11-19 23:00:00+00:00,2022-11-20 00:00:00+00:00,44677.0275,892.45,3248.115,0.0,42064.64,4140.565,-0.6772399381909491,0.7357622347736527,-0.2588190451025215,0.965925826289068,-0.9749279121818236,-0.2225209339563146,0,weekend,115.51
2022-11-20,2022,11,20,324,23,6,139.35,2022-11-20 23:00:00+00:00,2022-11-21 00:00:00+00:00,47740.135,206.45,10781.7825,0.0,45582.41,10988.2325,-0.6644834655228552,0.7473029667054296,-0.2588190451025215,0.965925826289068,-0.7818314824680299,0.6234898018587334,0,weekend,115.82
2022-11-21,2022,11,21,325,23,0,113.67,2022-11-21 23:00:00+00:00,2022-11-22 00:00:00+00:00,51079.45,5239.8725,19501.05,0.0,56088.5,24740.9225,-0.6515303615068021,0.75862255966641,-0.2588190451025215,0.965925826289068,0.0,1.0,0,weekday,116.13
2022-11-22,2022,11,22,326,23,1,152.89,2022-11-22 23:00:00+00:00,2022-11-23 00:00:00+00:00,53536.3325,5583.7475,17841.934999999998,0.0,56233.28,23425.6825,-0.6383844591746642,0.7697176640069211,-0.2588190451025215,0.965925826289068,0.7818314824680298,0.6234898018587336,0,weekday,119.64
2022-11-23,2022,11,23,327,23,2,141.63,2022-11-23 23:00:00+00:00,2022-11-24 00:00:00+00:00,52553.3875,4715.5075,17783.86,0.0,54834.66,22499.3675,-0.6250496486104377,0.7805849965070866,-0.2588190451025215,0.965925826289068,0.9749279121818236,-0.2225209339563143,0,weekday,129.62
2022-11-24,2022,11,24,328,23,3,187.29,2022-11-24 23:00:00+00:00,2022-11-25 00:00:00+00:00,52705.62,5265.3,10121.295,0.0,55992.44,15386.595,-0.6115298757991053,0.7912213413483807,-0.2588190451025215,0.965925826289068,0.4338837391175582,-0.900968867902419,0,weekday,129.62
2022-11-25,2022,11,25,329,23,4,212.77,2022-11-25 23:00:00+00:00,2022-11-26 00:00:00+00:00,50073.98,1953.2875,9009.6175,0.0,51026.52,10962.905,-0.5978291414589552,0.801623551065242,-0.2588190451025215,0.965925826289068,-0.433883739117558,-0.9009688679024191,0,weekday,124.37
2022-11-26,2022,11,26,330,23,5,144.88,2022-11-26 23:00:00+00:00,2022-11-27 00:00:00+00:00,46814.0825,4356.44,8375.1675,0.0,50024.46,12731.607499999998,-0.5839514998576998,0.8117885474764613,-0.2588190451025215,0.965925826289068,-0.9749279121818236,-0.2225209339563146,0,weekend,124.37
2022-11-27,2022,11,27,331,23,6,129.22,2022-11-27 23:00:00+00:00,2022-11-28 00:00:00+00:00,49022.0975,4915.4,18290.52,0.0,53606.13,23205.92,-0.5699010576127624,0.8217133225960589,-0.2588190451025215,0.965925826289068,-0.7818314824680299,0.6234898018587334,0,weekend,123.825
2022-11-28,2022,11,28,332,23,0,271.88,2022-11-28 23:00:00+00:00,2022-11-29 00:00:00+00:00,50253.6625,1768.735,5110.0,0.0,50393.41,6878.735,-0.5556819724760489,0.8313949395234058,-0.2588190451025215,0.965925826289068,0.0,1.0,0,weekday,123.28
2022-11-29,2022,11,29,333,23,1,288.45,2022-11-29 23:00:00+00:00,2022-11-30 00:00:00+00:00,50567.955,545.8299999999999,2671.8225,0.0,51506.05,3217.6525,-0.5412984521036173,0.8408305333122887,-0.2588190451025215,0.965925826289068,0.7818314824680298,0.6234898018587336,0,weekday,132.286
2022-11-30,2022,11,30,334,23,2,292.06,2022-11-30 23:00:00+00:00,2022-12-01 00:00:00+00:00,51889.2575,970.75,2821.895,0.0,51849.05,3792.645,-0.5267547528105542,0.8500173118187018,-0.2588190451025215,0.965925826289068,0.9749279121818236,-0.2225209339563143,0,weekday,146.395
2022-12-01,2022,12,1,335,23,3,306.33,2022-12-01 23:00:00+00:00,2022-12-02 00:00:00+00:00,52558.65,1307.0875,3610.815,0.0,52977.26,4917.9025,-0.5120551783114646,0.8589525565270845,-0.2588190451025215,0.965925826289068,0.4338837391175582,-0.900968867902419,0,weekday,139.26
2022-12-02,2022,12,2,336,23,4,238.15,2022-12-02 23:00:00+00:00,2022-12-03 00:00:00+00:00,50330.7025,5419.8975,11257.4375,0.0,57180.14,16677.335,-0.4972040784469378,0.8676336233547726,-0.2588190451025215,0.965925826289068,-0.433883739117558,-0.9009688679024191,0,weekday,135.56
2022-12-03,2022,12,3,337,23,5,230.7,2022-12-03 23:00:00+00:00,2022-12-04 00:00:00+00:00,46890.9825,4990.9225,8468.09,0.0,55033.06,13459.0125,-0.4822058478963526,0.8760579434344281,-0.2588190451025215,0.965925826289068,-0.9749279121818236,-0.2225209339563146,0,weekend,135.56
2022-12-04,2022,12,4,338,23,6,205.16,2022-12-04 23:00:00+00:00,2022-12-05 00:00:00+00:00,49048.7375,5067.365,9362.9925,0.0,54358.7,14430.3575,-0.4670649248774303,0.8842230238742036,-0.2588190451025215,0.965925826289068,-0.7818314824680299,0.6234898018587334,0,weekend,135.13
2022-12-05,2022,12,5,339,23,0,298.1,2022-12-05 23:00:00+00:00,2022-12-06 00:00:00+00:00,51129.655,2765.7525,4045.0875,0.0,50672.65,6810.84,-0.451785789832884,0.8921264484954345,-0.2588190451025215,0.965925826289068,0.0,1.0,0,weekday,134.7
2022-12-06,2022,12,6,340,23,1,264.59,2022-12-06 23:00:00+00:00,2022-12-07 00:00:00+00:00,51898.215,4969.0125,10870.2275,0.0,58416.47,15839.240000000002,-0.4363729641045924,0.8997658785476209,-0.2588190451025215,0.965925826289068,0.7818314824680298,0.6234898018587336,0,weekday,138.49
2022-12-07,2022,12,7,341,23,2,286.56,2022-12-07 23:00:00+00:00,2022-12-08 00:00:00+00:00,52115.525,3442.6175,10488.02,0.0,56810.93,13930.6375,-0.4208310085956556,0.9071390534005044,-0.2588190451025215,0.965925826289068,0.9749279121818236,-0.2225209339563143,0,weekday,149.245
2022-12-08,2022,12,8,342,23,3,334.01,2022-12-08 23:00:00+00:00,2022-12-09 00:00:00+00:00,53221.62,1358.465,1573.8225,0.0,49768.73,2932.2875,-0.4051645224207563,0.9142437912130223,-0.2588190451025215,0.965925826289068,0.4338837391175582,-0.900968867902419,0,weekday,138.895
2022-12-09,2022,12,9,343,23,4,312.48,2022-12-09 23:00:00+00:00,2022-12-10 00:00:00+00:00,50692.6425,2323.9825,2018.9225,0.0,47089.26,4342.905,-0.3893781415452015,0.9210779895789526,-0.2588190451025215,0.965925826289068,-0.433883739117558,-0.9009688679024191,0,weekday,139.115
2022-12-10,2022,12,10,344,23,5,300.65,2022-12-10 23:00:00+00:00,2022-12-11 00:00:00+00:00,46663.0475,1742.3975,1403.185,0.0,46779.73,3145.5825,-0.3734765374130707,0.9276396261490468,-0.2588190451025215,0.965925826289068,-0.9749279121818236,-0.2225209339563146,0,weekend,139.115
2022-12-11,2022,12,11,345,23,6,280.18,2022-12-11 23:00:00+00:00,2022-12-12 00:00:00+00:00,49122.3075,1328.4425,2145.8475,0.0,47671.73,3474.29,-0.3574644155648614,0.9339267592294762,-0.2588190451025215,0.965925826289068,-0.7818314824680299,0.6234898018587334,0,weekend,137.85250000000002
2022-12-12,2022,12,12,346,23,0,306.14,2022-12-12 23:00:00+00:00,2022-12-13 00:00:00+00:00,51929.442500000005,1579.2775,4376.49,0.0,51339.14,5955.7675,-0.3413465142450361,0.9399375283564132,-0.2588190451025215,0.965925826289068,0.0,1.0,0,weekday,136.59
2022-12-13,2022,12,13,347,23,1,274.82,2022-12-13 23:00:00+00:00,2022-12-14 00:00:00+00:00,53305.295,4111.805,10239.585,0.0,59339.8,14351.39,-0.3251276029999093,0.9456701548465688,-0.2588190451025215,0.965925826289068,0.7818314824680298,0.6234898018587336,0,weekday,137.53
2022-12-14,2022,12,14,348,23,2,300.0,2022-12-14 23:00:00+00:00,2022-12-15 00:00:00+00:00,53572.1325,2415.275,5839.1225,0.0,53295.44,8254.397500000001,-0.3088124812662537,0.9511229423235356,-0.2588190451025215,0.965925826289068,0.9749279121818236,-0.2225209339563143,0,weekday,131.51
2022-12-15,2022,12,15,349,23,3,296.3,2022-12-15 23:00:00+00:00,2022-12-16 00:00:00+00:00,52855.1025,2422.3125,4747.935,0.0,50640.41,7170.2475,-0.2924059769510773,0.956294277219772,-0.2588190451025215,0.965925826289068,0.4338837391175582,-0.900968867902419,0,weekday,134.765
2022-12-16,2022,12,16,350,23,4,283.9,2022-12-16 23:00:00+00:00,2022-12-17 00:00:00+00:00,50464.495,1092.795,1276.7975,0.0,47416.51,2369.5925,-0.2759129450029604,0.9611826292540836,-0.2588190451025215,0.965925826289068,-0.433883739117558,-0.9009688679024191,0,weekday,115.45
2022-12-17,2022,12,17,351,23,5,176.27,2022-12-17 23:00:00+00:00,2022-12-18 00:00:00+00:00,46945.9825,5437.435,10072.735,0.0,54064.12,15510.170000000002,-0.2593382659754056,0.9657865518844574,-0.2588190451025215,0.965925826289068,-0.9749279121818236,-0.2225209339563146,0,weekend,115.45
2022-12-18,2022,12,18,352,23,6,120.1,2022-12-18 23:00:00+00:00,2022-12-19 00:00:00+00:00,48651.815,6057.255,21724.0375,0.0,54949.29,27781.2925,-0.2426868445825954,0.9701046827361176,-0.2588190451025215,0.965925826289068,-0.7818314824680299,0.6234898018587334,0,weekend,111.9975
2022-12-19,2022,12,19,353,23,0,108.19,2022-12-19 23:00:00+00:00,2022-12-20 00:00:00+00:00,51890.19,6004.725,27702.9575,0.0,60995.65,33707.6825,-0.225963608248019,0.974135744004672,-0.2588190451025215,0.965925826289068,0.0,1.0,0,weekday,108.545
2022-12-20,2022,12,20,354,23,1,182.11,2022-12-20 23:00:00+00:00,2022-12-21 00:00:00+00:00,51611.785,2412.085,17015.945,0.0,51915.66,19428.03,-0.2091735056463563,0.9778785428342386,-0.2588190451025215,0.965925826289068,0.7818314824680298,0.6234898018587336,0,weekday,105.69
2022-12-21,2022,12,21,355,23,2,158.9,2022-12-21 23:00:00+00:00,2022-12-22 00:00:00+00:00,50325.5925,4716.33,18888.3325,0.0,54843.24,23604.6625,-0.1923215052390948,0.9813319716704276,-0.2588190451025215,0.965925826289068,0.9749279121818236,-0.2225209339563143,0,weekday,97.75
2022-12-22,2022,12,22,356,23,3,148.72,2022-12-22 23:00:00+00:00,2022-12-23 00:00:00+00:00,48870.2075,1701.245,14937.86,0.0,47544.22,16639.105,-0.1754125938042784,0.9844950085880858,-0.2588190451025215,0.965925826289068,0.4338837391175582,-0.900968867902419,0,weekday,91.94
2022-12-23,2022,12,23,357,23,4,81.2,2022-12-23 23:00:00+00:00,2022-12-24 00:00:00+00:00,46236.2075,2528.0875,20768.3375,0.0,46766.21,23296.425000000003,-0.1584517749608363,0.9873667175937016,-0.2588190451025215,0.965925826289068,-0.433883739117558,-0.9009688679024191,0,weekday,82.975
2022-12-24,2022,12,24,358,23,5,120.28,2022-12-24 23:00:00+00:00,2022-12-25 00:00:00+00:00,42355.4725,3425.0475,8100.04,0.0,37102.83,11525.0875,-0.141444067687942,0.989946248902378,-0.2588190451025215,0.965925826289068,-0.9749279121818236,-0.2225209339563146,0,weekend,82.975
2022-12-25,2022,12,25,359,23,6,50.3,2022-12-25 23:00:00+00:00,2022-12-26 00:00:00+00:00,42172.43,2339.905,21548.5125,0.0,45432.48,23888.4175,-0.1243945048397999,0.9922328391893008,-0.2588190451025215,0.965925826289068,-0.7818314824680299,0.6234898018587334,1,holiday,81.99833333333333
2022-12-26,2022,12,26,360,23,0,23.36,2022-12-26 23:00:00+00:00,2022-12-27 00:00:00+00:00,45127.005,5983.075,26193.46,0.0,57504.16,32176.535,-0.1073081316563624,0.994225811815616,-0.2588190451025215,0.965925826289068,0.0,1.0,1,holiday,81.02166666666666
2022-12-27,2022,12,27,361,23,1,40.28,2022-12-27 23:00:00+00:00,2022-12-28 00:00:00+00:00,45830.9275,5975.1825,25401.7925,0.0,57002.92,31376.975,-0.0901900042703451,0.99592457702866,-0.2588190451025215,0.965925826289068,0.7818314824680298,0.6234898018587336,0,weekday,80.045
2022-12-28,2022,12,28,362,23,2,-1.01,2022-12-28 23:00:00+00:00,2022-12-29 00:00:00+00:00,45045.375,3834.1575,34234.515,0.0,58140.6,38068.6725,-0.0730451882110474,0.9973286321364752,-0.2588190451025215,0.965925826289068,0.9749279121818236,-0.2225209339563143,0,weekday,81.35
2022-12-29,2022,12,29,363,23,3,11.17,2022-12-29 23:00:00+00:00,2022-12-30 00:00:00+00:00,45887.162500000006,5812.7575,26558.03,0.0,59433.58,32370.7875,-0.0558787569053731,0.9984375616565666,-0.2588190451025215,0.965925826289068,0.4338837391175582,-0.900968867902419,0,weekday,83.83
2022-12-30,2022,12,30,364,23,4,-0.03,2022-12-30 23:00:00+00:00,2022-12-31 00:00:00+00:00,42762.34,3919.38,32312.74,0.0,58362.36,36232.12,-0.0386957901765268,0.999251037438848,-0.2588190451025215,0.965925826289068,-0.433883739117558,-0.9009688679024191,0,weekday,76.315
2022-12-31,2022,12,31,365,23,5,-5.17,2022-12-31 23:00:00+00:00,2023-01-01 00:00:00+00:00,42215.4725,3478.0675,35524.485,0.0,56100.26,39002.5525,-0.0215013727408137,0.999768818762748,-0.2588190451025215,0.965925826289068,-0.9749279121818236,-0.2225209339563146,0,weekend,76.315
2023-01-01,2023,1,1,1,23,6,57.91,2023-01-01 23:00:00+00:00,2023-01-02 00:00:00+00:00,44428.8675,3408.13,17469.1025,0.0,44406.9,20877.2325,0.0,1.0,-0.2588190451025215,0.965925826289068,-0.7818314824680299,0.6234898018587334,1,holiday,74.98166666666667
2023-01-02,2023,1,2,2,23,0,130.01,2023-01-02 23:00:00+00:00,2023-01-03 00:00:00+00:00,46698.85,4542.715,16596.055,0.0,50051.83,21138.77,0.0172015754182605,0.9998520419557736,-0.2588190451025215,0.965925826289068,0.0,1.0,0,weekday,73.64833333333333
2023-01-03,2023,1,3,3,23,1,80.89,2023-01-03 23:00:00+00:00,2023-01-04 00:00:00+00:00,48672.4125,5629.6,24169.1175,0.0,56787.31,29798.7175,0.034398060613608,0.9994082116062598,-0.2588190451025215,0.965925826289068,0.7818314824680298,0.6234898018587336,0,weekday,72.315
2023-01-04,2023,1,4,4,23,2,0.05,2023-01-04 23:00:00+00:00,2023-01-05 00:00:00+00:00,50763.9225,5958.565,38542.525,0.0,63342.49,44501.09,0.0515843668694083,0.9986686402879996,-0.2588190451025215,0.965925826289068,0.9749279121818236,-0.2225209339563143,0,weekday,65.02
2023-01-05,2023,1,5,5,23,3,107.21,2023-01-05 23:00:00+00:00,2023-01-06 00:00:00+00:00,51251.4775,4743.04,10915.76,0.0,48266.04,15658.8,0.0687554084811394,0.9976335468520452,-0.2588190451025215,0.965925826289068,0.4338837391175582,-0.900968867902419,0,weekday,72.42
2023-01-06,2023,1,6,6,23,4,97.15,2023-01-06 23:00:00+00:00,2023-01-07 00:00:00+00:00,48794.9625,4253.6675,12996.2025,0.0,44165.59,17249.87,0.0859061042613327,0.9963032375991964,-0.2588190451025215,0.965925826289068,-0.433883739117558,-0.9009688679024191,0,weekday,72.0
2023-01-07,2023,1,7,7,23,5,10.93,2023-01-07 23:00:00+00:00,2023-01-08 00:00:00+00:00,45985.625,6291.9775,24201.2125,0.0,52328.77,30493.19,0.1030313790431787,0.9946781061893646,-0.2588190451025215,0.965925826289068,-0.9749279121818236,-0.2225209339563146,0,weekend,69.535
2023-01-08,2023,1,8,8,23,6,75.13,2023-01-08 23:00:00+00:00,2023-01-09 00:00:00+00:00,46522.9175,5846.885,18085.3875,0.0,47673.43,23932.2725,0.1201261651823505,0.9927586335250792,-0.2588190451025215,0.965925826289068,-0.7818314824680299,0.6234898018587334,0,weekend,70.29249999999999
2023-01-09,2023,1,9,9,23,0,106.02,2023-01-09 23:00:00+00:00,2023-01-10 00:00:00+00:00,50920.355,3631.97,18145.35,0.0,52851.19,21777.32,0.1371854040566005,0.9905453876091832,-0.2588190451025215,0.965925826289068,0.0,1.0,0,weekday,71.05
2023-01-10,2023,1,10,10,23,1,5.0,2023-01-10 23:00:00+00:00,2023-01-11 00:00:00+00:00,53025.595,5822.46,32887.7975,0.0,61662.12,38710.2575,0.1542040475626894,0.988039023376751,-0.2588190451025215,0.965925826289068,0.7818314824680298,0.6234898018587336,0,weekday,73.0
2023-01-11,2023,1,11,11,23,2,19.88,2023-01-11 23:00:00+00:00,2023-01-12 00:00:00+00:00,54629.725000000006,6113.5925,34927.1425,0.0,64851.23,41040.735,0.1711770596101998,0.985240282501282,-0.2588190451025215,0.965925826289068,0.9749279121818236,-0.2225209339563143,0,weekday,67.595
2023-01-12,2023,1,12,12,23,3,32.64,2023-01-12 23:00:00+00:00,2023-01-13 00:00:00+00:00,55511.7,6044.42,38448.34,0.0,64431.37,44492.76,0.1880994176117975,0.9821499931752292,-0.2588190451025215,0.965925826289068,0.4338837391175582,-0.900968867902419,0,weekday,69.6
2023-01-13,2023,1,13,13,23,4,25.68,2023-01-13 23:00:00+00:00,2023-01-14 00:00:00+00:00,51594.6325,6203.41,35482.244999999995,0.0,62656.68,41685.655,0.2049661139694953,0.9787690698649216,-0.2588190451025215,0.965925826289068,-0.433883739117558,-0.9009688679024191,0,weekday,66.3
2023-01-14,2023,1,14,14,23,5,3.94,2023-01-14 23:00:00+00:00,2023-01-15 00:00:00+00:00,48983.6675,5952.19,37079.8625,0.0,62726.27,43032.052500000005,0.2217721575564818,0.975098513039961,-0.2588190451025215,0.965925826289068,-0.9749279121818236,-0.2225209339563146,0,weekend,64.81
2023-01-15,2023,1,15,15,23,6,60.01,2023-01-15 23:00:00+00:00,2023-01-16 00:00:00+00:00,50391.315,4854.2075,29668.22,0.0,53701.2,34522.427500000005,0.2385125751940764,0.9711394088771652,-0.2588190451025215,0.965925826289068,-0.7818314824680299,0.6234898018587334,0,weekend,64.87333333333333
2023-01-16,2023,1,16,16,23,0,98.24,2023-01-16 23:00:00+00:00,2023-01-17 00:00:00+00:00,54457.6075,4060.885,28106.3525,0.0,58718.72,32167.237500000003,0.2551824131233728,0.966892928939152,-0.2588190451025215,0.965925826289068,0.0,1.0,0,weekday,64.93666666666667
2023-01-17,2023,1,17,17,23,1,122.85,2023-01-17 23:00:00+00:00,2023-01-18 00:00:00+00:00,55841.9325,4796.6,10323.2275,0.0,51370.09,15119.8275,0.2717767384711357,0.9623603298276544,-0.2588190451025215,0.965925826289068,0.7818314824680298,0.6234898018587336,0,weekday,65.0
2023-01-18,2023,1,18,18,23,2,111.53,2023-01-18 23:00:00+00:00,2023-01-19 00:00:00+00:00,55819.175,4755.8225,22347.5825,0.0,59377.02,27103.405,0.2882906407095177,0.957542952811672,-0.2588190451025215,0.965925826289068,0.9749279121818236,-0.2225209339563143,0,weekday,60.0
2023-01-19,2023,1,19,19,23,3,146.89,2023-01-19 23:00:00+00:00,2023-01-20 00:00:00+00:00,55293.93,2177.9875,9385.1375,0.0,53839.21,11563.125,0.3047192331091634,0.9524422234305676,-0.2588190451025215,0.965925826289068,0.4338837391175582,-0.900968867902419,0,weekday,60.3
2023-01-20,2023,1,20,20,23,4,144.13,2023-01-20 23:00:00+00:00,2023-01-21 00:00:00+00:00,53926.4875,1148.465,3949.415,0.0,47103.55,5097.88,0.321057654185271,0.9470596510722284,-0.2588190451025215,0.965925826289068,-0.433883739117558,-0.9009688679024191,0,weekday,66.5
2023-01-21,2023,1,21,21,23,5,127.6,2023-01-21 23:00:00+00:00,2023-01-22 00:00:00+00:00,50399.135,2217.5075,19948.235,0.0,52180.93,22165.7425,0.3373010691361842,0.9413968285264122,-0.2588190451025215,0.965925826289068,-0.9749279121818236,-0.2225209339563146,0,weekend,66.9
2023-01-22,2023,1,22,22,23,6,148.96,2023-01-22 23:00:00+00:00,2023-01-23 00:00:00+00:00,50961.7425,952.28,5228.935,0.0,46575.32,6181.215,0.3534446712740877,0.9354554315134164,-0.2588190451025215,0.965925826289068,-0.7818314824680299,0.6234898018587334,0,weekend,66.05000000000001
2023-01-23,2023,1,23,23,23,0,164.85,2023-01-23 23:00:00+00:00,2023-01-24 00:00:00+00:00,53038.935,75.0425,7401.3275,0.0,49283.64,7476.37,0.3694836834473831,0.9292372181882051,-0.2588190451025215,0.965925826289068,0.0,1.0,0,weekday,65.2
2023-01-24,2023,1,24,24,23,1,149.17,2023-01-24 23:00:00+00:00,2023-01-25 00:00:00+00:00,53879.7825,850.495,2180.895,0.0,48983.27,3031.39,0.3854133594543256,0.9227440286201428,-0.2588190451025215,0.965925826289068,0.7818314824680298,0.6234898018587336,0,weekday,58.27
2023-01-25,2023,1,25,25,23,2,150.0,2023-01-25 23:00:00+00:00,2023-01-26 00:00:00+00:00,54013.77,2697.6225,2355.6875,0.0,50548.42,5053.31,0.4012289854475009,0.9159777842484876,-0.2588190451025215,0.965925826289068,0.9749279121818236,-0.2225209339563143,0,weekday,57.25
2023-01-26,2023,1,26,26,23,3,135.0,2023-01-26 23:00:00+00:00,2023-01-27 00:00:00+00:00,54320.6525,4423.1275,7653.4775,0.0,51954.01,12076.605,0.4169258813287287,0.908940487313808,-0.2588190451025215,0.965925826289068,0.4338837391175582,-0.900968867902419,0,weekday,56.6
2023-01-27,2023,1,27,27,23,4,139.9,2023-01-27 23:00:00+00:00,2023-01-28 00:00:00+00:00,52257.44,41.9,4667.8,0.0,48707.08,4709.7,0.4324994021339788,0.901634220265486,-0.2588190451025215,0.965925826289068,-0.433883739117558,-0.9009688679024191,0,weekday,53.5
2023-01-28,2023,1,28,28,23,5,154.85,2023-01-28 23:00:00+00:00,2023-01-29 00:00:00+00:00,49958.8425,2576.105,8446.8625,0.0,43935.6,11022.9675,0.4479449394078911,0.8940611451454876,-0.2588190451025215,0.965925826289068,-0.9749279121818236,-0.2225209339563146,0,weekend,55.425
2023-01-29,2023,1,29,29,23,6,45.0,2023-01-29 23:00:00+00:00,2023-01-30 00:00:00+00:00,51488.42,5529.43,36257.745,0.0,60793.78,41787.175,0.4632579225674917,0.88622350294858,-0.2588190451025215,0.965925826289068,-0.7818314824680299,0.6234898018587334,0,weekend,56.1375
2023-01-30,2023,1,30,30,23,0,94.01,2023-01-30 23:00:00+00:00,2023-01-31 00:00:00+00:00,54299.785,5430.3825,32424.9525,0.0,59357.55,37855.335,0.4784338202547012,0.8781236129591848,-0.2588190451025215,0.965925826289068,0.0,1.0,0,weekday,56.85
2023-01-31,2023,1,31,31,23,1,79.94,2023-01-31 23:00:00+00:00,2023-02-01 00:00:00+00:00,54642.995,4606.3625,37221.16,0.0,62035.14,41827.52250000001,0.4934681416772373,0.8697638720650646,-0.2588190451025215,0.965925826289068,0.7818314824680298,0.6234898018587336,0,weekday,60.2
2023-02-01,2023,2,1,32,23,2,74.3,2023-02-01 23:00:00+00:00,2023-02-02 00:00:00+00:00,54800.8925,4436.610000000001,39358.275,0.0,64368.44,43794.885,0.5083564379375122,0.8611467540480452,-0.2588190451025215,0.965925826289068,0.9749279121818236,-0.2225209339563143,0,weekday,57.4
2023-02-02,2023,2,2,33,23,3,108.3,2023-02-02 23:00:00+00:00,2023-02-03 00:00:00+00:00,53798.3425,4615.3575,23332.42,0.0,57734.62,27947.7775,0.5230943033491326,0.8522748088519838,-0.2588190451025215,0.965925826289068,0.4338837391175582,-0.900968867902419,0,weekday,57.1
2023-02-03,2023,2,3,34,23,4,99.36,2023-02-03 23:00:00+00:00,2023-02-04 00:00:00+00:00,50716.4875,2940.21,28805.4875,0.0,54244.75,31745.6975,0.5376773767406141,0.8431506618282,-0.2588190451025215,0.965925826289068,-0.433883739117558,-0.9009688679024191,0,weekday,58.0
2023-02-04,2023,2,4,35,23,5,135.51,2023-02-04 23:00:00+00:00,2023-02-05 00:00:00+00:00,45880.25,3162.34,4181.4725,0.0,41018.33,7343.8125,0.5521013427459208,0.8337770129585915,-0.2588190451025215,0.965925826289068,-0.9749279121818236,-0.2225209339563146,0,weekend,57.89
2023-02-05,2023,2,5,36,23,6,145.0,2023-02-05 23:00:00+00:00,2023-02-06 00:00:00+00:00,50353.05,1875.5075,5737.325,0.0,43232.98,7612.832499999999,0.5663619330814524,0.8241566360566663,-0.2588190451025215,0.965925826289068,-0.7818314824680299,0.6234898018587334,0,weekend,58.0
2023-02-06,2023,2,6,37,23,0,145.78,2023-02-06 23:00:00+00:00,2023-02-07 00:00:00+00:00,51061.9875,1086.4975,5666.1525,0.0,47591.08,6752.65,0.580454927809098,0.8142923779467267,-0.2588190451025215,0.965925826289068,0.0,1.0,0,weekday,58.11
2023-02-07,2023,2,7,38,23,1,160.05,2023-02-07 23:00:00+00:00,2023-02-08 00:00:00+00:00,52393.8,557.5174999999999,4161.8375,0.0,48932.37,4719.355,0.5943761565849831,0.804187157621448,-0.2588190451025215,0.965925826289068,0.7818314824680298,0.6234898018587336,0,weekday,57.4
2023-02-08,2023,2,8,39,23,2,109.56,2023-02-08 23:00:00+00:00,2023-02-09 00:00:00+00:00,53477.955,5666.32,16119.8625,0.0,56119.86,21786.1825,0.6081214998935418,0.7938439653781019,-0.2588190451025215,0.965925826289068,0.9749279121818236,-0.2225209339563143,0,weekday,53.685
2023-02-09,2023,2,9,40,23,3,122.69,2023-02-09 23:00:00+00:00,2023-02-10 00:00:00+00:00,53356.665,5249.9725,15876.7475,0.0,55385.44,21126.72,0.6216868902665479,0.7832658619336791,-0.2588190451025215,0.965925826289068,0.4338837391175582,-0.900968867902419,0,weekday,52.735
2023-02-10,2023,2,10,41,23,4,89.89,2023-02-10 23:00:00+00:00,2023-02-11 00:00:00+00:00,52357.61,5321.06,28200.43,0.0,60966.59,33521.49,0.6350683134867438,0.7724559775191742,-0.2588190451025215,0.965925826289068,-0.433883739117558,-0.9009688679024191,0,weekday,53.25
2023-02-11,2023,2,11,42,23,5,129.72,2023-02-11 23:00:00+00:00,2023-02-12 00:00:00+00:00,45376.8325,914.0275,8252.4,0.0,46191.58,9166.4275,0.6482618097757122,0.7614175109532997,-0.2588190451025215,0.965925826289068,-0.9749279121818236,-0.2225209339563146,0,weekend,53.945
2023-02-12,2023,2,12,43,23,6,137.5,2023-02-12 23:00:00+00:00,2023-02-13 00:00:00+00:00,46916.1325,1385.86,4984.485000000001,0.0,45945.99,6370.345,0.6612634749656386,0.7501537286959042,-0.2588190451025215,0.965925826289068,-0.7818314824680299,0.6234898018587334,0,weekend,52.825
2023-02-13,2023,2,13,44,23,0,135.62,2023-02-13 23:00:00+00:00,2023-02-14 00:00:00+00:00,49174.5275,666.5025,1589.2725,0.0,47128.54,2255.775,0.6740694616546161,0.7386679638813748,-0.2588190451025215,0.965925826289068,0.0,1.0,0,weekday,51.705
2023-02-14,2023,2,14,45,23,1,134.81,2023-02-14 23:00:00+00:00,2023-02-15 00:00:00+00:00,51194.2125,244.8725,2664.9125,0.0,46819.45,2909.785,0.6866759803451553,0.726963615332308,-0.2588190451025215,0.965925826289068,0.7818314824680298,0.6234898018587336,0,weekday,52.0
2023-02-15,2023,2,15,46,23,2,112.86,2023-02-15 23:00:00+00:00,2023-02-16 00:00:00+00:00,50681.6675,3754.4375,15879.205,0.0,55456.58,19633.6425,0.6990793005655562,0.7150441465537444,-0.2588190451025215,0.965925826289068,0.9749279121818236,-0.2225209339563143,0,weekday,54.2
2023-02-16,2023,2,16,47,23,3,106.05,2023-02-16 23:00:00+00:00,2023-02-17 00:00:00+00:00,50917.6275,4662.42,22480.575,0.0,55187.16,27142.995000000003,0.7112757519738152,0.7029130847082615,-0.2588190451025215,0.965925826289068,0.4338837391175582,-0.900968867902419,0,weekday,54.0
2023-02-17,2023,2,17,48,23,4,28.14,2023-02-17 23:00:00+00:00,2023-02-18 00:00:00+00:00,50350.9025,4026.685,34796.432499999995,0.0,61660.61,38823.11749999999,0.7232617254437388,0.6905740195722293,-0.2588190451025215,0.965925826289068,-0.433883739117558,-0.9009688679024191,0,weekday,49.7
2023-02-18,2023,2,18,49,23,5,109.04,2023-02-18 23:00:00+00:00,2023-02-19 00:00:00+00:00,43400.2225,957.2275,17806.5375,0.0,44470.99,18763.765,0.7350336741329413,0.6780306024735382,-0.2588190451025215,0.965925826289068,-0.9749279121818236,-0.2225209339563146,0,weekend,49.045
2023-02-19,2023,2,19,50,23,6,78.87,2023-02-19 23:00:00+00:00,2023-02-20 00:00:00+00:00,47072.75,5339.0625,22409.205,0.0,53022.34,27748.2675,0.746588114532413,0.6652865452111116,-0.2588190451025215,0.965925826289068,-0.7818314824680299,0.6234898018587334,0,weekend,49.63
2023-02-20,2023,2,20,51,23,0,50.5,2023-02-20 23:00:00+00:00,2023-02-21 00:00:00+00:00,50689.08,5385.9525,30957.3525,0.0,58373.2,36343.305,0.7579216274973472,0.6523456189565257,-0.2588190451025215,0.965925826289068,0.0,1.0,0,weekday,50.214999999999996
2023-02-21,2023,2,21,52,23,1,139.9,2023-02-21 23:00:00+00:00,2023-02-22 00:00:00+00:00,50682.775,585.9475,1252.0975,0.0,42954.11,1838.045,0.7690308592589181,0.6392116531380588,-0.2588190451025215,0.965925826289068,0.7818314824680298,0.6234898018587336,0,weekday,50.8
2023-02-22,2023,2,22,53,23,2,134.68,2023-02-22 23:00:00+00:00,2023-02-23 00:00:00+00:00,50574.1075,821.9375,6721.11,0.0,47741.46,7543.0475,0.7799125224167177,0.6258885343075018,-0.2588190451025215,0.965925826289068,0.9749279121818236,-0.2225209339563143,0,weekday,50.57
2023-02-23,2023,2,23,54,23,3,133.68,2023-02-23 23:00:00+00:00,2023-02-24 00:00:00+00:00,50531.0275,4566.162499999999,8920.555,0.0,48878.87,13486.7175,0.7905633969115482,0.612380204990065,-0.2588190451025215,0.965925826289068,0.4338837391175582,-0.900968867902419,0,weekday,50.78
2023-02-24,2023,2,24,55,23,4,90.55,2023-02-24 23:00:00+00:00,2023-02-25 00:00:00+00:00,52397.335,4213.9075,29576.1275,0.0,58322.24,33790.035,0.8009803309782905,0.5986906625177214,-0.2588190451025215,0.965925826289068,-0.433883739117558,-0.9009688679024191,0,weekday,51.015
2023-02-25,2023,2,25,56,23,5,106.39,2023-02-25 23:00:00+00:00,2023-02-26 00:00:00+00:00,47568.08,5240.3275,16330.04,0.0,47766.94,21570.3675,0.8111602420785621,0.5848239578463322,-0.2588190451025215,0.965925826289068,-0.9749279121818236,-0.2225209339563146,0,weekend,51.015
2023-02-26,2023,2,26,57,23,6,122.83,2023-02-26 23:00:00+00:00,2023-02-27 00:00:00+00:00,48802.895,643.0374999999999,9173.83,0.0,43221.85,9816.8675,0.8211001178128892,0.5707841943569036,-0.2588190451025215,0.965925826289068,-0.7818314824680299,0.6234898018587334,0,weekend,49.157
2023-02-27,2023,2,27,58,23,0,134.0,2023-02-27 23:00:00+00:00,2023-02-28 00:00:00+00:00,52028.6275,456.98,6617.375,0.0,48666.28,7074.355,0.8307970168121247,0.5565755266413303,-0.2588190451025215,0.965925826289068,0.0,1.0,0,weekday,47.299
2023-02-28,2023,2,28,59,23,1,133.08,2023-02-28 23:00:00+00:00,2023-03-01 00:00:00+00:00,52173.9125,243.2775,6377.6625,0.0,47909.58,6620.9400000000005,0.8402480696078469,0.5422021592729844,-0.2588190451025215,0.965925826289068,0.7818314824680298,0.6234898018587336,0,weekday,48.0
2023-03-01,2023,3,1,60,23,2,125.82,2023-03-01 23:00:00+00:00,2023-03-02 00:00:00+00:00,52654.0025,443.3875,9755.3075,0.0,49944.46,10198.695000000002,0.8494504794814806,0.527668345562516,-0.2588190451025215,0.965925826289068,0.9749279121818236,-0.2225209339563143,0,weekday,47.25
2023-03-02,2023,3,2,61,23,3,140.3,2023-03-02 23:00:00+00:00,2023-03-03 00:00:00+00:00,52307.6675,867.1075000000001,4621.795,0.0,46053.52,5488.9025,0.8584015232918917,0.512978386299228,-0.2588190451025215,0.965925826289068,0.4338837391175582,-0.900968867902419,0,weekday,47.5
2023-03-03,2023,3,3,62,23,4,108.27,2023-03-03 23:00:00+00:00,2023-03-04 00:00:00+00:00,52226.28,4652.0825,20391.55,0.0,52988.34,25043.6325,0.8670985522812081,0.4981366284784055,-0.2588190451025215,0.965925826289068,-0.433883739117558,-0.9009688679024191,0,weekday,45.65
2023-03-04,2023,3,4,63,23,5,107.53,2023-03-04 23:00:00+00:00,2023-03-05 00:00:00+00:00,46107.5225,4669.46,12449.1525,0.0,47180.02,17118.6125,0.8755389928586302,0.4831474640149687,-0.2588190451025215,0.965925826289068,-0.9749279121818236,-0.2225209339563146,0,weekend,44.98
2023-03-05,2023,3,5,64,23,6,136.1,2023-03-05 23:00:00+00:00,2023-03-06 00:00:00+00:00,48479.7925,1011.0475,6505.4125,0.0,42513.55,7516.46,0.8837203473619977,0.4680153284438345,-0.2588190451025215,0.965925826289068,-0.7818314824680299,0.6234898018587334,0,weekend,44.14
2023-03-06,2023,3,6,65,23,0,98.06,2023-03-06 23:00:00+00:00,2023-03-07 00:00:00+00:00,50799.1275,4828.5575,25794.7975,0.0,61150.84,30623.355,0.8916401947968874,0.452744699607371,-0.2588190451025215,0.965925826289068,0.0,1.0,0,weekday,43.3
2023-03-07,2023,3,7,66,23,1,114.3,2023-03-07 23:00:00+00:00,2023-03-08 00:00:00+00:00,51921.205,2353.785,13391.0975,0.0,49161.68,15744.8825,0.8992961915530253,0.4373400963303323,-0.2588190451025215,0.965925826289068,0.7818314824680298,0.6234898018587336,0,weekday,42.8
2023-03-08,2023,3,8,67,23,2,113.66,2023-03-08 23:00:00+00:00,2023-03-09 00:00:00+00:00,51843.965,821.84,13293.3875,0.0,48730.96,14115.2275,0.9066860720977984,0.4218060770826634,-0.2588190451025215,0.965925826289068,0.9749279121818236,-0.2225209339563143,0,weekday,44.6
2023-03-09,2023,3,9,68,23,3,102.89,2023-03-09 23:00:00+00:00,2023-03-10 00:00:00+00:00,51124.275,2170.6975,16984.125,0.0,47283.27,19154.8225,0.9138076496466616,0.4061472386305789,-0.2588190451025215,0.965925826289068,0.4338837391175582,-0.900968867902419,0,weekday,41.15
2023-03-10,2023,3,10,69,23,4,70.22,2023-03-10 23:00:00+00:00,2023-03-11 00:00:00+00:00,50806.575,5483.672500000001,30770.2175,0.0,59891.92,36253.89,0.9206588168102428,0.3903682146763026,-0.2588190451025215,0.965925826289068,-0.433883739117558,-0.9009688679024191,0,weekday,48.0
2023-03-11,2023,3,11,70,23,5,121.01,2023-03-11 23:00:00+00:00,2023-03-12 00:00:00+00:00,46990.655,1260.19,11734.7225,0.0,39509.79,12994.9125,0.9272375462179536,0.374473674486883,-0.2588190451025215,0.965925826289068,-0.9749279121818236,-0.2225209339563146,0,weekend,52.855
2023-03-12,2023,3,12,71,23,6,45.99,2023-03-12 23:00:00+00:00,2023-03-13 00:00:00+00:00,47408.455,5032.5275,28897.43,0.0,58406.77,33929.957500000004,0.9335418911179212,0.3584683215124808,-0.2588190451025215,0.965925826289068,-0.7818314824680299,0.6234898018587334,0,weekend,51.052499999999995
2023-03-13,2023,3,13,72,23,0,9.57,2023-03-13 23:00:00+00:00,2023-03-14 00:00:00+00:00,50488.7,4603.55,34576.12,0.0,61591.3,39179.670000000006,0.9395699859530622,0.342356891994542,-0.2588190451025215,0.965925826289068,0.0,1.0,0,weekday,49.25
2023-03-14,2023,3,14,73,23,1,105.64,2023-03-14 23:00:00+00:00,2023-03-15 00:00:00+00:00,51668.7575,4115.625,20512.565,0.0,48399.58,24628.19,0.945320046913132,0.3261441535642696,-0.2588190451025215,0.965925826289068,0.7818314824680298,0.6234898018587336,0,weekday,46.75
2023-03-15,2023,3,15,74,23,2,117.39,2023-03-15 23:00:00+00:00,2023-03-16 00:00:00+00:00,51190.565,2816.5075,9789.2275,0.0,42564.08,12605.735,0.9507903724625832,0.3098349038318025,-0.2588190451025215,0.965925826289068,0.9749279121818236,-0.2225209339563143,0,weekday,43.85
2023-03-16,2023,3,16,75,23,3,48.45,2023-03-16 23:00:00+00:00,2023-03-17 00:00:00+00:00,51302.442500000005,5805.84,26941.5875,0.0,56206.54,32747.4275,0.9559793438440766,0.2934339689665273,-0.2588190451025215,0.965925826289068,0.4338837391175582,-0.900968867902419,0,weekday,42.0
2023-03-17,2023,3,17,76,23,4,106.35,2023-03-17 23:00:00+00:00,2023-03-18 00:00:00+00:00,48474.880000000005,1346.6025,14890.415,0.0,42147.87,16237.017500000002,0.9608854255574976,0.2769462022689364,-0.2588190451025215,0.965925826289068,-0.433883739117558,-0.9009688679024191,0,weekday,43.8
2023-03-18,2023,3,18,77,23,5,110.03,2023-03-18 23:00:00+00:00,2023-03-19 00:00:00+00:00,43279.8975,2569.2200000000003,6576.535,0.0,37075.87,9145.755,0.9655071658143364,0.2603764827344581,-0.2588190451025215,0.965925826289068,-0.9749279121818236,-0.2225209339563146,0,weekend,42.855
2023-03-19,2023,3,19,78,23,6,124.0,2023-03-19 23:00:00+00:00,2023-03-20 00:00:00+00:00,45501.6125,1706.2775,5464.8325,0.0,38481.91,7171.110000000001,0.969843196967294,0.2437297136096838,-0.2588190451025215,0.965925826289068,-0.7818314824680299,0.6234898018587334,0,weekend,41.4775
2023-03-20,2023,3,20,79,23,0,120.79,2023-03-20 23:00:00+00:00,2023-03-21 00:00:00+00:00,47290.4525,540.37,5935.2425,0.0,39883.48,6475.6125,0.9738922359149924,0.2270108209414184,-0.2588190451025215,0.965925826289068,0.0,1.0,0,weekday,40.1
2023-03-21,2023,3,21,80,23,1,77.06,2023-03-21 23:00:00+00:00,2023-03-22 00:00:00+00:00,48881.225,5275.245,17714.055,0.0,50392.26,22989.3,0.977653084481664,0.2102247521189836,-0.2588190451025215,0.965925826289068,0.7818314824680298,0.6234898018587336,0,weekday,38.985
2023-03-22,2023,3,22,81,23,2,68.05,2023-03-22 23:00:00+00:00,2023-03-23 00:00:00+00:00,49237.6575,4866.5275,25634.17,0.0,53328.65,30500.6975,0.981124629771712,0.1933764744102058,-0.2588190451025215,0.965925826289068,0.9749279121818236,-0.2225209339563143,0,weekday,41.55
2023-03-23,2023,3,23,82,23,3,55.12,2023-03-23 23:00:00+00:00,2023-03-24 00:00:00+00:00,49662.7825,4131.52,23749.8675,0.0,51060.3,27881.3875,0.984305844499033,0.1764709734915216,-0.2588190451025215,0.965925826289068,0.4338837391175582,-0.900968867902419,0,weekday,42.6
2023-03-24,2023,3,24,83,23,4,15.3,2023-03-24 23:00:00+00:00,2023-03-25 00:00:00+00:00,47835.8275,4916.25,29404.31,0.0,57864.35,34320.56,0.9871957872910084,0.1595132519726365,-0.2588190451025215,0.965925826289068,-0.433883739117558,-0.9009688679024191,0,weekday,41.75
2023-03-25,2023,3,25,84,23,5,39.66,2023-03-25 23:00:00+00:00,2023-03-26 00:00:00+00:00,44191.5825,3321.745,29305.2375,0.0,53332.12,32626.9825,0.9897936029670716,0.1425083279161708,-0.2588190451025215,0.965925826289068,-0.9749279121818236,-0.2225209339563146,0,weekend,41.095
2023-03-26,2023,3,26,85,23,6,93.15,2023-03-26 23:00:00+00:00,2023-03-27 00:00:00+00:00,43556.6225,4750.99,17870.989999999998,0.0,47440.34,22621.98,0.992098522791769,0.1254612333527364,-0.2588190451025215,0.965925826289068,-0.7818314824680299,0.6234898018587334,0,weekend,41.8125
2023-03-27,2023,3,27,86,23,0,82.3,2023-03-27 23:00:00+00:00,2023-03-28 00:00:00+00:00,48217.515,4884.6225,24024.395,0.0,51276.48,28909.0175,0.9941098647022418,0.108377012791876,-0.2588190451025215,0.965925826289068,0.0,1.0,0,weekday,42.53
2023-03-28,2023,3,28,87,23,1,95.1,2023-03-28 23:00:00+00:00,2023-03-29 00:00:00+00:00,48498.5675,4514.085,11676.8725,0.0,45780.66,16190.9575,0.9958270335100596,0.0912607217293118,-0.2588190451025215,0.965925826289068,0.7818314824680298,0.6234898018587336,0,weekday,42.83
2023-03-29,2023,3,29,88,23,2,82.25,2023-03-29 23:00:00+00:00,2023-03-30 00:00:00+00:00,46992.375,4132.485,17263.05,0.0,49212.73,21395.535,0.9972495210773452,0.0741174251509443,-0.2588190451025215,0.965925826289068,0.9749279121818236,-0.2225209339563143,0,weekday,42.805
2023-03-30,2023,3,30,89,23,3,64.9,2023-03-30 23:00:00+00:00,2023-03-31 00:00:00+00:00,47092.9625,4285.345,24048.935,0.0,51536.37,28334.28,0.998376906467142,0.0569521960340397,-0.2588190451025215,0.965925826289068,0.4338837391175582,-0.900968867902419,0,weekday,43.609
2023-03-31,2023,3,31,90,23,4,63.9,2023-03-31 23:00:00+00:00,2023-04-01 00:00:00+00:00,45240.1025,3276.3125,19981.2925,0.0,46633.78,23257.605,0.9992088560679752,0.0397701138460557,-0.2588190451025215,0.965925826289068,-0.433883739117558,-0.9009688679024191,0,weekday,44.95
2023-04-01,2023,4,1,91,23,5,60.46,2023-04-01 23:00:00+00:00,2023-04-02 00:00:00+00:00,42581.6425,5089.8625,23152.3425,0.0,50072.58,28242.205,0.9997451236925734,0.0225762630415454,-0.2588190451025215,0.965925826289068,-0.9749279121818236,-0.2225209339563146,0,weekend,47.845
2023-04-02,2023,4,2,92,23,6,107.68,2023-04-02 23:00:00+00:00,2023-04-03 00:00:00+00:00,43664.2,1937.8975,13732.285,0.0,41517.36,15670.1825,0.9999855506507186,0.0053757315575838,-0.2588190451025215,0.965925826289068,-0.7818314824680299,0.6234898018587334,0,weekend,48.8725
2023-04-03,2023,4,3,93,23,0,110.0,2023-04-03 23:00:00+00:00,2023-04-04 00:00:00+00:00,47083.5275,319.8225,7886.055,0.0,39963.93,8205.8775,0.9999300657962056,-0.0118263906918325,-0.2588190451025215,0.965925826289068,0.0,1.0,0,weekday,49.9
2023-04-04,2023,4,4,94,23,1,118.26,2023-04-04 23:00:00+00:00,2023-04-05 00:00:00+00:00,47238.052500000005,157.9225,3043.9825,0.0,38512.08,3201.905,0.9995786855478958,-0.0290250133219752,-0.2588190451025215,0.965925826289068,0.7818314824680298,0.6234898018587336,0,weekday,48.945
2023-04-05,2023,4,5,95,23,2,124.12,2023-04-05 23:00:00+00:00,2023-04-06 00:00:00+00:00,47189.82,1347.2125,3376.0475,0.0,40806.43,4723.26,0.9989315138848576,-0.0462150469837083,-0.2588190451025215,0.965925826289068,0.9749279121818236,-0.2225209339563143,0,weekday,46.6
2023-04-06,2023,4,6,96,23,3,98.73,2023-04-06 23:00:00+00:00,2023-04-07 00:00:00+00:00,41135.2025,3156.445,13363.39,0.0,43905.84,16519.835,0.9979887423155984,-0.0633914048695103,-0.2588190451025215,0.965925826289068,0.4338837391175582,-0.900968867902419,0,weekday,43.765
2023-04-07,2023,4,7,97,23,4,113.74,2023-04-07 23:00:00+00:00,2023-04-08 00:00:00+00:00,42705.3675,2638.8975,5746.4425,0.0,36814.38,8385.34,0.9967506498213928,-0.0805490042187416,-0.2588190451025215,0.965925826289068,-0.433883739117558,-0.9009688679024191,1,holiday,43.125
2023-04-08,2023,4,8,98,23,5,117.86,2023-04-08 23:00:00+00:00,2023-04-09 00:00:00+00:00,40529.7425,885.9675,2440.2975,0.0,30090.41,3326.2650000000003,0.9952176027737294,-0.0976827678217159,-0.2588190451025215,0.965925826289068,-0.9749279121818236,-0.2225209339563146,0,weekend,43.125
2023-04-09,2023,4,9,99,23,6,81.85,2023-04-09 23:00:00+00:00,2023-04-10 00:00:00+00:00,38473.1,3330.2725,9079.4375,0.0,38620.64,12409.71,0.9933900548258936,-0.114787625522127,-0.2588190451025215,0.965925826289068,-0.7818314824680299,0.6234898018587334,0,weekend,43.125
2023-04-10,2023,4,10,100,23,0,0.99,2023-04-10 23:00:00+00:00,2023-04-11 00:00:00+00:00,43860.54,5210.65,28365.3725,0.0,54877.32,33576.0225,0.9912685467787256,-0.1318585157173911,-0.2588190451025215,0.965925826289068,0.0,1.0,1,holiday,43.125
2023-04-11,2023,4,11,101,23,1,86.23,2023-04-11 23:00:00+00:00,2023-04-12 00:00:00+00:00,43944.085,4277.3375,9944.725,0.0,41246.98,14222.0625,0.9888537064205885,-0.1488903868564548,-0.2588190451025215,0.965925826289068,0.7818314824680298,0.6234898018587336,0,weekday,43.1
2023-04-12,2023,4,12,102,23,2,85.09,2023-04-12 23:00:00+00:00,2023-04-13 00:00:00+00:00,45171.33,4183.8075,18874.8225,0.0,49297.83,23058.63,0.986146248341595,-0.1658781989346314,-0.2588190451025215,0.965925826289068,0.9749279121818236,-0.2225209339563143,0,weekday,43.295
2023-04-13,2023,4,13,103,23,3,112.8,2023-04-13 23:00:00+00:00,2023-04-14 00:00:00+00:00,44395.285,3142.285,2752.6,0.0,39090.72,5894.885,0.98314697372215,-0.1828169249850199,-0.2588190451025215,0.965925826289068,0.4338837391175582,-0.900968867902419,0,weekday,42.6
2023-04-14,2023,4,14,104,23,4,112.0,2023-04-14 23:00:00+00:00,2023-04-15 00:00:00+00:00,42051.055,1568.6825,7509.6325,0.0,37681.72,9078.315,0.9798567700958664,-0.1997015525660636,-0.2588190451025215,0.965925826289068,-0.433883739117558,-0.9009688679024191,0,weekday,41.05
2023-04-15,2023,4,15,105,23,5,103.49,2023-04-15 23:00:00+00:00,2023-04-16 00:00:00+00:00,37700.525,1840.0175,9773.6275,0.0,33848.67,11613.645,0.976276611086932,-0.2165270852448143,-0.2588190451025215,0.965925826289068,-0.9749279121818236,-0.2225209339563146,0,weekend,41.15
2023-04-16,2023,4,16,106,23,6,111.14,2023-04-16 23:00:00+00:00,2023-04-17 00:00:00+00:00,42075.885,302.635,5700.8325,0.0,30776.29,6003.467500000001,0.9724075561219968,-0.2332885440754551,-0.2588190451025215,0.965925826289068,-0.7818314824680299,0.6234898018587334,0,weekend,41.667500000000004
2023-04-17,2023,4,17,107,23,0,102.07,2023-04-17 23:00:00+00:00,2023-04-18 00:00:00+00:00,42899.555,2035.3175,12780.7775,0.0,39652.29,14816.095,0.9682507501166718,-0.2499809690726521,-0.2588190451025215,0.965925826289068,0.0,1.0,0,weekday,42.185
2023-04-18,2023,4,18,108,23,1,97.54,2023-04-18 23:00:00+00:00,2023-04-19 00:00:00+00:00,44423.740000000005,3769.8825,18114.1775,0.0,44814.01,21884.06,0.9638074231367308,-0.2665994206792935,-0.2588190451025215,0.965925826289068,0.7818314824680298,0.6234898018587336,0,weekday,41.505
2023-04-19,2023,4,19,109,23,2,94.35,2023-04-19 23:00:00+00:00,2023-04-20 00:00:00+00:00,44544.735,4275.605,18446.5775,0.0,46559.47,22722.1825,0.9590788900341132,-0.2831389812281835,-0.2588190451025215,0.965925826289068,0.9749279121818236,-0.2225209339563143,0,weekday,42.425
2023-04-20,2023,4,20,110,23,3,91.88,2023-04-20 23:00:00+00:00,2023-04-21 00:00:00+00:00,44630.535,4652.05,22787.59,0.0,50222.91,27439.64,0.9540665500578388,-0.2995947563972602,-0.2588190451025215,0.965925826289068,0.4338837391175582,-0.900968867902419,0,weekday,40.4
2023-04-21,2023,4,21,111,23,4,95.19,2023-04-21 23:00:00+00:00,2023-04-22 00:00:00+00:00,41356.8025,3464.745,19667.5775,0.0,46974.19,23132.3225,0.9487718864399473,-0.3159618766579029,-0.2588190451025215,0.965925826289068,-0.433883739117558,-0.9009688679024191,0,weekday,40.65
2023-04-22,2023,4,22,112,23,5,97.31,2023-04-22 23:00:00+00:00,2023-04-23 00:00:00+00:00,37941.57,1987.8025,11051.2925,0.0,33688.46,13039.095,0.9431964659565866,-0.3322354987159043,-0.2588190451025215,0.965925826289068,-0.9749279121818236,-0.2225209339563146,0,weekend,40.165
2023-04-23,2023,4,23,113,23,6,83.58,2023-04-23 23:00:00+00:00,2023-04-24 00:00:00+00:00,39838.505,1320.59,18932.94,0.0,39723.11,20253.53,0.9373419384643772,-0.3484108069446808,-0.2588190451025215,0.965925826289068,-0.7818314824680299,0.6234898018587334,0,weekend,40.045
2023-04-24,2023,4,24,114,23,0,95.27,2023-04-24 23:00:00+00:00,2023-04-25 00:00:00+00:00,43306.29,4729.1275,17555.4825,0.0,45331.41,22284.61,0.9312100364121948,-0.3644830148102912,-0.2588190451025215,0.965925826289068,0.0,1.0,0,weekday,39.925
2023-04-25,2023,4,25,115,23,1,93.25,2023-04-25 23:00:00+00:00,2023-04-26 00:00:00+00:00,45130.3125,4295.1075,14277.2225,0.0,43229.82,18572.33,0.9248025743285088,-0.3804473662878516,-0.2588190451025215,0.965925826289068,0.7818314824680298,0.6234898018587336,0,weekday,39.835
2023-04-26,2023,4,26,116,23,2,100.58,2023-04-26 23:00:00+00:00,2023-04-27 00:00:00+00:00,44745.6175,2333.46,5926.755,0.0,35458.79,8260.215,0.9181214482844364,-0.3962991372689181,-0.2588190451025215,0.965925826289068,0.9749279121818236,-0.2225209339563143,0,weekday,38.55
2023-04-27,2023,4,27,117,23,3,92.97,2023-04-27 23:00:00+00:00,2023-04-28 00:00:00+00:00,44445.7375,1233.3625,7252.995,0.0,33067.91,8486.3575,0.9111686353326632,-0.4120336369594263,-0.2588190451025215,0.965925826289068,0.4338837391175582,-0.900968867902419,0,weekday,39.039
2023-04-28,2023,4,28,118,23,4,108.56,2023-04-28 23:00:00+00:00,2023-04-29 00:00:00+00:00,41690.33,2021.105,10071.8275,0.0,35285.16,12092.9325,0.9039461929224012,-0.4276462092677746,-0.2588190451025215,0.965925826289068,-0.433883739117558,-0.9009688679024191,0,weekday,39.8
2023-04-29,2023,4,29,119,23,5,91.09,2023-04-29 23:00:00+00:00,2023-04-30 00:00:00+00:00,37338.3025,1080.7125,8081.735,0.0,30562.85,9162.4475,0.8964562582905575,-0.4431322341826345,-0.2588190451025215,0.965925826289068,-0.9749279121818236,-0.2225209339563146,0,weekend,38.54
2023-04-30,2023,4,30,120,23,6,99.9,2023-04-30 23:00:00+00:00,2023-05-01 00:00:00+00:00,39176.155,1583.42,9114.805,0.0,33567.31,10698.225,0.8887010478292915,-0.4584871291400876,-0.2588190451025215,0.965925826289068,-0.7818314824680299,0.6234898018587334,0,weekend,38.6875
2023-05-01,2023,5,1,121,23,0,85.6,2023-05-01 23:00:00+00:00,2023-05-02 00:00:00+00:00,43065.535,3157.9575,8424.0125,0.0,35513.44,11581.97,0.8806828564301475,-0.47370635037968,-0.2588190451025215,0.965925826289068,0.0,1.0,1,holiday,38.835
2023-05-02,2023,5,2,122,23,1,102.63,2023-05-02 23:00:00+00:00,2023-05-03 00:00:00+00:00,44006.9775,868.48,6675.335,0.0,32910.7,7543.815,0.8724040568049612,-0.4887853942889926,-0.2588190451025215,0.965925826289068,0.7818314824680298,0.6234898018587336,0,weekday,37.86
2023-05-03,2023,5,3,123,23,2,95.24,2023-05-03 23:00:00+00:00,2023-05-04 00:00:00+00:00,44798.42,278.52,7498.7575,0.0,33733.94,7777.2775,0.8638670987837349,-0.503719798736334,-0.2588190451025215,0.965925826289068,0.9749279121818236,-0.2225209339563143,0,weekday,37.495
2023-05-04,2023,5,4,124,23,3,81.8,2023-05-04 23:00:00+00:00,2023-05-05 00:00:00+00:00,45126.0075,4141.125,16665.555,0.0,44518.58,20806.68,0.8550745085896932,-0.518505144391157,-0.2588190451025215,0.965925826289068,0.4338837391175582,-0.900968867902419,0,weekday,36.95
2023-05-05,2023,5,5,125,23,4,99.62,2023-05-05 23:00:00+00:00,2023-05-06 00:00:00+00:00,42572.6975,2857.4275,12430.09,0.0,37404.64,15287.5175,0.8460288880917339,-0.533137056031809,-0.2588190451025215,0.965925826289068,-0.433883739117558,-0.9009688679024191,0,weekday,35.925
2023-05-06,2023,5,6,126,23,5,86.17,2023-05-06 23:00:00+00:00,2023-05-07 00:00:00+00:00,37517.105,4393.555,9794.802500000002,0.0,36919.98,14188.357500000002,0.8367329140344921,-0.5476112038402312,-0.2588190451025215,0.965925826289068,-0.9749279121818236,-0.2225209339563146,0,weekend,36.575
2023-05-07,2023,5,7,127,23,6,83.93,2023-05-07 23:00:00+00:00,2023-05-08 00:00:00+00:00,39635.365,3357.8525,14467.7025,0.0,39179.88,17825.555,0.8271893372462497,-0.5619233046832195,-0.2588190451025215,0.965925826289068,-0.7818314824680299,0.6234898018587334,0,weekend,36.712500000000006
2023-05-08,2023,5,8,128,23,0,87.52,2023-05-08 23:00:00+00:00,2023-05-09 00:00:00+00:00,42194.1325,2129.555,16444.552499999998,0.0,40797.1,18574.1075,0.8174009818249189,-0.5760691233798758,-0.2588190451025215,0.965925826289068,0.0,1.0,0,weekday,36.85
2023-05-09,2023,5,9,129,23,1,90.05,2023-05-09 23:00:00+00:00,2023-05-10 00:00:00+00:00,43797.26,1860.38,17219.0175,0.0,39336.59,19079.397500000003,0.8073707443023492,-0.5900444739548627,-0.2588190451025215,0.965925826289068,0.7818314824680298,0.6234898018587336,0,weekday,36.625
2023-05-10,2023,5,10,130,23,2,96.94,2023-05-10 23:00:00+00:00,2023-05-11 00:00:00+00:00,43121.3675,1039.1525,3051.285,0.0,31117.13,4090.4375,0.7971015927871943,-0.6038452208771035,-0.2588190451025215,0.965925826289068,0.9749279121818236,-0.2225209339563143,0,weekday,35.7
2023-05-11,2023,5,11,131,23,3,90.55,2023-05-11 23:00:00+00:00,2023-05-12 00:00:00+00:00,43949.45,3764.9925,9989.075,0.0,38430.85,13754.0675,0.7865965660866021,-0.6174672802835514,-0.2588190451025215,0.965925826289068,0.4338837391175582,-0.900968867902419,0,weekday,34.9
2023-05-12,2023,5,12,132,23,4,99.98,2023-05-12 23:00:00+00:00,2023-05-13 00:00:00+00:00,40815.3175,1861.685,11972.0325,0.0,35108.4,13833.7175,0.7758587728069828,-0.6309066211876704,-0.2588190451025215,0.965925826289068,-0.433883739117558,-0.9009688679024191,0,weekday,33.95
2023-05-13,2023,5,13,133,23,5,98.18,2023-05-13 23:00:00+00:00,2023-05-14 00:00:00+00:00,36772.7125,1226.84,7001.6575,0.0,28324.9,8228.4975,0.7648913904341225,-0.6441592666722685,-0.2588190451025215,0.965925826289068,-0.9749279121818236,-0.2225209339563146,0,weekend,32.765
2023-05-14,2023,5,14,134,23,6,107.61,2023-05-14 23:00:00+00:00,2023-05-15 00:00:00+00:00,38638.795,398.04,1865.9725,0.0,26556.95,2264.0125000000003,0.753697664392914,-0.6572212950663319,-0.2588190451025215,0.965925826289068,-0.7818314824680299,0.6234898018587334,0,weekend,32.535
2023-05-15,2023,5,15,135,23,0,73.1,2023-05-15 23:00:00+00:00,2023-05-16 00:00:00+00:00,41968.1275,4109.205,13823.2725,0.0,38729.7,17932.4775,0.742280907086982,-0.6700888411055113,-0.2588190451025215,0.965925826289068,0.0,1.0,0,weekday,32.305
2023-05-16,2023,5,16,136,23,1,70.39,2023-05-16 23:00:00+00:00,2023-05-17 00:00:00+00:00,43579.36,4599.82,17216.86,0.0,43734.57,21816.68,0.7306444969184916,-0.6827580970759147,-0.2588190451025215,0.965925826289068,0.7818314824680298,0.6234898018587336,0,weekday,32.35
2023-05-17,2023,5,17,137,23,2,96.35,2023-05-17 23:00:00+00:00,2023-05-18 00:00:00+00:00,41149.8475,576.605,6829.077499999999,0.0,29963.97,7405.682499999999,0.7187918772884232,-0.6952253139408722,-0.2588190451025215,0.965925826289068,0.9749279121818236,-0.2225209339563143,0,weekday,32.6
2023-05-18,2023,5,18,138,23,3,83.2,2023-05-18 23:00:00+00:00,2023-05-19 00:00:00+00:00,41318.675,316.025,8292.725,0.0,31179.62,8608.75,0.7067265555776158,-0.7074868024503348,-0.2588190451025215,0.965925826289068,0.4338837391175582,-0.900968867902419,1,holiday,29.985
2023-05-19,2023,5,19,139,23,4,74.0,2023-05-19 23:00:00+00:00,2023-05-20 00:00:00+00:00,40497.9625,2016.1475,14664.98,0.0,37052.47,16681.1275,0.6944521021088763,-0.719538934232584,-0.2588190451025215,0.965925826289068,-0.433883739117558,-0.9009688679024191,0,weekday,30.175
2023-05-20,2023,5,20,140,23,5,40.04,2023-05-20 23:00:00+00:00,2023-05-21 00:00:00+00:00,37214.5875,2498.5025,15773.195,0.0,36438.99,18271.6975,0.6819721490904629,-0.7313781428679254,-0.2588190451025215,0.965925826289068,-0.9749279121818236,-0.2225209339563146,0,weekend,30.175
2023-05-21,2023,5,21,141,23,6,80.06,2023-05-21 23:00:00+00:00,2023-05-22 00:00:00+00:00,38686.0925,3338.4825,13903.975,0.0,35723.22,17242.4575,0.6692903895412567,-0.7430009249440493,-0.2588190451025215,0.965925826289068,-0.7818314824680299,0.6234898018587334,0,weekend,30.1875
2023-05-22,2023,5,22,142,23,0,78.61,2023-05-22 23:00:00+00:00,2023-05-23 00:00:00+00:00,41146.9225,4151.675,8550.9275,0.0,36454.25,12702.6025,0.6564105761979381,-0.7544038410927472,-0.2588190451025215,0.965925826289068,0.0,1.0,0,weekday,30.2
2023-05-23,2023,5,23,143,23,1,76.09,2023-05-23 23:00:00+00:00,2023-05-24 00:00:00+00:00,43539.630000000005,4020.92,15483.9575,0.0,41609.54,19504.8775,0.6433365204044917,-0.765583517007675,-0.2588190451025215,0.965925826289068,0.7818314824680298,0.6234898018587336,0,weekday,29.125
2023-05-24,2023,5,24,144,23,2,93.84,2023-05-24 23:00:00+00:00,2023-05-25 00:00:00+00:00,42940.9375,1329.935,6633.032499999999,0.0,33143.06,7962.967499999999,0.6300720909843687,-0.7765366444428655,-0.2588190451025215,0.965925826289068,0.9749279121818236,-0.2225209339563143,0,weekday,28.63
2023-05-25,2023,5,25,145,23,3,76.4,2023-05-25 23:00:00+00:00,2023-05-26 00:00:00+00:00,42843.8275,2283.8925,10979.4,0.0,34671.75,13263.2925,0.6166212130956382,-0.7872599821916922,-0.2588190451025215,0.965925826289068,0.4338837391175582,-0.900968867902419,0,weekday,26.9
2023-05-26,2023,5,26,146,23,4,83.53,2023-05-26 23:00:00+00:00,2023-05-27 00:00:00+00:00,40539.375,794.2525,9200.865,0.0,31825.09,9995.1175,0.6029878670694714,-0.7977503570459932,-0.2588190451025215,0.965925826289068,-0.433883739117558,-0.9009688679024191,0,weekday,25.435
2023-05-27,2023,5,27,147,23,5,84.0,2023-05-27 23:00:00+00:00,2023-05-28 00:00:00+00:00,36268.1275,144.35750000000002,5033.3825,0.0,26667.64,5177.74,0.5891760872322963,-0.8080046647350754,-0.2588190451025215,0.965925826289068,-0.9749279121818236,-0.2225209339563146,0,weekend,24.52
2023-05-28,2023,5,28,148,23,6,53.9,2023-05-28 23:00:00+00:00,2023-05-29 00:00:00+00:00,37551.7925,2283.7200000000003,11124.5675,0.0,30841.97,13408.2875,0.5751899607119775,-0.8180198708443174,-0.2588190451025215,0.965925826289068,-0.7818314824680299,0.6234898018587334,0,weekend,24.573666666666668
2023-05-29,2023,5,29,149,23,0,71.05,2023-05-29 23:00:00+00:00,2023-05-30 00:00:00+00:00,40014.4875,2794.5325000000003,11342.93,0.0,34641.72,14137.4625,0.5610336262283677,-0.8277930117131022,-0.2588190451025215,0.965925826289068,0.0,1.0,1,holiday,24.627333333333333
2023-05-30,2023,5,30,150,23,1,82.17,2023-05-30 23:00:00+00:00,2023-05-31 00:00:00+00:00,40623.36,396.9075,9965.7225,0.0,33754.42,10362.63,0.5467112728685939,-0.8373211953118121,-0.2588190451025215,0.965925826289068,0.7818314824680298,0.6234898018587336,0,weekday,24.681
2023-05-31,2023,5,31,151,23,2,74.3,2023-05-31 23:00:00+00:00,2023-06-01 00:00:00+00:00,42334.9275,3635.39,12004.625,0.0,36828.1,15640.015,0.5322271388474397,-0.8466016020976267,-0.2588190451025215,0.965925826289068,0.9749279121818236,-0.2225209339563143,0,weekday,25.495
2023-06-01,2023,6,1,152,23,3,79.4,2023-06-01 23:00:00+00:00,2023-06-02 00:00:00+00:00,42703.8375,3562.96,10380.75,0.0,35140.91,13943.71,0.5175855102531889,-0.8556314858488706,-0.2588190451025215,0.965925826289068,0.4338837391175582,-0.900968867902419,0,weekday,25.2
2023-06-02,2023,6,2,153,23,4,80.3,2023-06-02 23:00:00+00:00,2023-06-03 00:00:00+00:00,40546.3975,563.3425,14129.7825,0.0,34390.07,14693.125,0.5027907197793043,-0.8644081744776648,-0.2588190451025215,0.965925826289068,-0.433883739117558,-0.9009688679024191,0,weekday,23.75
2023-06-03,2023,6,3,154,23,5,74.9,2023-06-03 23:00:00+00:00,2023-06-04 00:00:00+00:00,37140.43,595.4225,9268.94,0.0,27861.29,9864.3625,0.4878471454423119,-0.8729290708206411,-0.2588190451025215,0.965925826289068,-0.9749279121818236,-0.2225209339563146,0,weekend,23.69
2023-06-04,2023,6,4,155,23,6,71.1,2023-06-04 23:00:00+00:00,2023-06-05 00:00:00+00:00,38783.9575,121.435,7770.3875,0.0,28081.46,7891.8225,0.4727592092862775,-0.881191653407483,-0.2588190451025215,0.965925826289068,-0.7818314824680299,0.6234898018587334,0,weekend,23.97
2023-06-05,2023,6,5,156,23,0,79.37,2023-06-05 23:00:00+00:00,2023-06-06 00:00:00+00:00,41813.015,928.515,7929.5075,0.0,33637.72,8858.0225,0.4575313760742512,-0.8891934772070711,-0.2588190451025215,0.965925826289068,0.0,1.0,0,weekday,24.25
2023-06-06,2023,6,6,157,23,1,89.83,2023-06-06 23:00:00+00:00,2023-06-07 00:00:00+00:00,43153.58,971.6925,4480.9,0.0,31663.88,5452.5925,0.442168151967072,-0.8969321743510065,-0.2588190451025215,0.965925826289068,0.7818314824680298,0.6234898018587336,0,weekday,28.3
2023-06-07,2023,6,7,158,23,2,89.26,2023-06-07 23:00:00+00:00,2023-06-08 00:00:00+00:00,41606.3525,1019.6475,5538.08,0.0,30055.06,6557.7275,0.4266740831899246,-0.9044054548343,-0.2588190451025215,0.965925826289068,0.9749279121818236,-0.2225209339563143,0,weekday,25.35
2023-06-08,2023,6,8,159,23,3,89.7,2023-06-08 23:00:00+00:00,2023-06-09 00:00:00+00:00,42249.24,951.3375,7181.655,0.0,30413.71,8132.992499999999,0.4110537546870351,-0.911611107193024,-0.2588190451025215,0.965925826289068,0.4338837391175582,-0.900968867902419,0,weekday,26.55
2023-06-09,2023,6,9,160,23,4,84.1,2023-06-09 23:00:00+00:00,2023-06-10 00:00:00+00:00,42510.25,3831.4475,14882.7875,0.0,38695.36,18714.235,0.3953117887649151,-0.9185469991587164,-0.2588190451025215,0.965925826289068,-0.433883739117558,-0.9009688679024191,0,weekday,27.15
2023-06-10,2023,6,10,161,23,5,58.07,2023-06-10 23:00:00+00:00,2023-06-11 00:00:00+00:00,39773.9775,4006.7625,17586.614999999998,0.0,39757.51,21593.3775,0.3794528437245443,-0.925211078289358,-0.2588190451025215,0.965925826289068,-0.9749279121818236,-0.2225209339563146,0,weekend,32.05
2023-06-11,2023,6,11,162,23,6,85.08,2023-06-11 23:00:00+00:00,2023-06-12 00:00:00+00:00,41409.065,3878.33,14542.0725,0.0,38697.02,18420.4025,0.3634816124829063,-0.9316013725767188,-0.2588190451025215,0.965925826289068,-0.7818314824680299,0.6234898018587334,0,weekend,31.8275
2023-06-12,2023,6,12,163,23,0,82.78,2023-06-12 23:00:00+00:00,2023-06-13 00:00:00+00:00,44148.0925,3713.44,13773.1525,0.0,40399.3,17486.5925,0.3474028211842774,-0.9377159910299092,-0.2588190451025215,0.965925826289068,0.0,1.0,0,weekday,31.605
2023-06-13,2023,6,13,164,23,1,88.68,2023-06-13 23:00:00+00:00,2023-06-14 00:00:00+00:00,44933.4625,2629.9575,12391.535,0.0,37665.4,15021.4925,0.3312212278016865,-0.9435531242349544,-0.2588190451025215,0.965925826289068,0.7818314824680298,0.6234898018587336,0,weekday,33.65
2023-06-14,2023,6,14,165,23,2,102.77,2023-06-14 23:00:00+00:00,2023-06-15 00:00:00+00:00,44486.605,1102.54,6397.6525,0.0,34199.86,7500.1925,0.3149416207289519,-0.9491110448902284,-0.2588190451025215,0.965925826289068,0.9749279121818236,-0.2225209339563143,0,weekday,34.125
2023-06-15,2023,6,15,166,23,3,121.62,2023-06-15 23:00:00+00:00,2023-06-16 00:00:00+00:00,45617.7575,589.86,3419.2275,0.0,33388.87,4009.0875,0.2985688173637202,-0.9543881083175908,-0.2588190451025215,0.965925826289068,0.4338837391175582,-0.900968867902419,0,weekday,37.35
2023-06-16,2023,6,16,167,23,4,122.8,2023-06-16 23:00:00+00:00,2023-06-17 00:00:00+00:00,41147.815,396.455,3237.99,0.0,28103.91,3634.445,0.2821076626819194,-0.9593827529490744,-0.2588190451025215,0.965925826289068,-0.433883739117558,-0.9009688679024191,0,weekday,34.55
2023-06-17,2023,6,17,168,23,5,118.39,2023-06-17 23:00:00+00:00,2023-06-18 00:00:00+00:00,38563.455,192.5875,1158.4275,0.0,21592.03,1351.015,0.2655630278040559,-0.9640935007889756,-0.2588190451025215,0.965925826289068,-0.9749279121818236,-0.2225209339563146,0,weekend,35.01
2023-06-18,2023,6,18,169,23,6,93.72,2023-06-18 23:00:00+00:00,2023-06-19 00:00:00+00:00,41103.7575,2432.1675,9748.84,0.0,33029.32,12181.0075,0.2489398085537665,-0.9685189578512204,-0.2588190451025215,0.965925826289068,-0.7818314824680299,0.6234898018587334,0,weekend,34.22333333333333
2023-06-19,2023,6,19,170,23,0,110.72,2023-06-19 23:00:00+00:00,2023-06-20 00:00:00+00:00,42821.03,477.21,4666.2275,0.0,33961.14,5143.4375,0.2322429240090701,-0.9726578145718654,-0.2588190451025215,0.965925826289068,0.0,1.0,0,weekday,33.43666666666667
2023-06-20,2023,6,20,171,23,1,110.79,2023-06-20 23:00:00+00:00,2023-06-21 00:00:00+00:00,44059.675,1458.5075,5491.1575,0.0,36111.49,6949.665,0.2154773150467301,-0.976508846196619,-0.2588190451025215,0.965925826289068,0.7818314824680298,0.6234898018587336,0,weekday,32.65
2023-06-21,2023,6,21,172,23,2,123.52,2023-06-21 23:00:00+00:00,2023-06-22 00:00:00+00:00,44071.025,607.41,3614.3175,0.0,34273.98,4221.7275,0.1986479428801711,-0.9800709131432666,-0.2588190451025215,0.965925826289068,0.9749279121818236,-0.2225209339563143,0,weekday,36.8
2023-06-22,2023,6,22,173,23,3,95.2,2023-06-22 23:00:00+00:00,2023-06-23 00:00:00+00:00,44656.22,1425.105,18073.46,0.0,41793.62,19498.565,0.1817597875913753,-0.9833429613388902,-0.2588190451025215,0.965925826289068,0.4338837391175582,-0.900968867902419,0,weekday,36.9
2023-06-23,2023,6,23,174,23,4,109.72,2023-06-23 23:00:00+00:00,2023-06-24 00:00:00+00:00,41121.0925,357.275,4886.9375,0.0,27587.82,5244.2125,0.1648178466571979,-0.9863240225317866,-0.2588190451025215,0.965925826289068,-0.433883739117558,-0.9009688679024191,0,weekday,32.64
2023-06-24,2023,6,24,175,23,5,113.0,2023-06-24 23:00:00+00:00,2023-06-25 00:00:00+00:00,36778.16,131.745,1652.8625,0.0,23415.6,1784.6075,0.1478271334705304,-0.9890132145779884,-0.2588190451025215,0.965925826289068,-0.9749279121818236,-0.2225209339563146,0,weekend,32.507
2023-06-25,2023,6,25,176,23,6,108.63,2023-06-25 23:00:00+00:00,2023-06-26 00:00:00+00:00,38336.9925,2856.46,7857.405000000001,0.0,30243.63,10713.865000000002,0.1307926758567592,-0.9914097417023038,-0.2588190451025215,0.965925826289068,-0.7818314824680299,0.6234898018587334,0,weekend,33.406
2023-06-26,2023,6,26,177,23,0,100.78,2023-06-26 23:00:00+00:00,2023-06-27 00:00:00+00:00,40978.3775,3402.4475,13182.7025,0.0,35288.27,16585.15,0.1137195145859496,-0.9935128947338008,-0.2588190451025215,0.965925826289068,0.0,1.0,0,weekday,34.305
2023-06-27,2023,6,27,178,23,1,90.59,2023-06-27 23:00:00+00:00,2023-06-28 00:00:00+00:00,41487.63,1687.105,9556.2,0.0,32736.18,11243.305,0.0966127018812031,-0.9953220513156602,-0.2588190451025215,0.965925826289068,0.7818314824680298,0.6234898018587336,0,weekday,32.905
2023-06-28,2023,6,28,179,23,2,110.06,2023-06-28 23:00:00+00:00,2023-06-29 00:00:00+00:00,41293.25,576.0425,1989.0575,0.0,32199.27,2565.1,0.0794772999236209,-0.9968366760893436,-0.2588190451025215,0.965925826289068,0.9749279121818236,-0.2225209339563143,0,weekday,33.8
2023-06-29,2023,6,29,180,23,3,103.4,2023-06-29 23:00:00+00:00,2023-06-30 00:00:00+00:00,43628.8975,1262.5775,3372.3175,0.0,31096.74,4634.895,0.062318379354325,-0.998056320853012,-0.2588190451025215,0.965925826289068,0.4338837391175582,-0.900968867902419,0,weekday,32.3
2023-06-30,2023,6,30,181,23,4,108.91,2023-06-30 23:00:00+00:00,2023-07-01 00:00:00+00:00,40312.04,3561.43,5035.91,0.0,29594.29,8597.34,0.0451410177739719,-0.998980624694158,-0.2588190451025215,0.965925826289068,-0.433883739117558,-0.9009688679024191,0,weekday,35.195
2023-07-01,2023,7,1,182,23,5,3.17,2023-07-01 23:00:00+00:00,2023-07-02 00:00:00+00:00,37645.1275,4138.28,19759.182500000003,0.0,40404.02,23897.4625,0.0279502982402103,-0.999609314096404,-0.2588190451025215,0.965925826289068,-0.9749279121818236,-0.2225209339563146,0,weekend,37.103
2023-07-02,2023,7,2,183,23,6,43.5,2023-07-02 23:00:00+00:00,2023-07-03 00:00:00+00:00,38384.375,4616.4425,18005.1125,0.0,41610.74,22621.555,0.0107513077635219,-0.9999422030204416,-0.2588190451025215,0.965925826289068,-0.7818314824680299,0.6234898018587334,0,weekend,37.4615
2023-07-03,2023,7,3,184,23,0,80.8,2023-07-03 23:00:00+00:00,2023-07-04 00:00:00+00:00,39833.0575,4766.2775,20672.8875,0.0,44567.51,25439.165,-0.0064508641981051,-0.9999791929590824,-0.2588190451025215,0.965925826289068,0.0,1.0,0,weekday,37.82
2023-07-04,2023,7,4,185,23,1,110.41,2023-07-04 23:00:00+00:00,2023-07-05 00:00:00+00:00,41115.935,792.3475,9259.5875,0.0,31132.64,10051.935,-0.0236511272452315,-0.9997202729664084,-0.2588190451025215,0.965925826289068,0.7818314824680298,0.6234898018587336,0,weekday,33.93
2023-07-05,2023,7,5,186,23,2,84.0,2023-07-05 23:00:00+00:00,2023-07-06 00:00:00+00:00,41802.6625,4005.7525,16327.302500000002,0.0,42583.1,20333.055,-0.0408443915432961,-0.9991655196610107,-0.2588190451025215,0.965925826289068,0.9749279121818236,-0.2225209339563143,0,weekday,33.825
2023-07-06,2023,7,6,187,23,3,103.88,2023-07-06 23:00:00+00:00,2023-07-07 00:00:00+00:00,40448.802500000005,727.87,1351.5325,0.0,26620.75,2079.4025,-0.0580255693287803,-0.9983150972033183,-0.2588190451025215,0.965925826289068,0.4338837391175582,-0.900968867902419,0,weekday,33.24
2023-07-07,2023,7,7,188,23,4,92.14,2023-07-07 23:00:00+00:00,2023-07-08 00:00:00+00:00,39553.8875,1880.53,11284.665,0.0,32814.61,13165.195000000002,-0.0751895764147585,-0.9971692572470178,-0.2588190451025215,0.965925826289068,-0.433883739117558,-0.9009688679024191,0,weekday,33.3
2023-07-08,2023,7,8,189,23,5,101.74,2023-07-08 23:00:00+00:00,2023-07-09 00:00:00+00:00,35457.28,3599.4375,8907.795,0.0,32619.24,12507.2325,-0.0923313336953912,-0.9957283388645872,-0.2588190451025215,0.965925826289068,-0.9749279121818236,-0.2225209339563146,0,weekend,33.478
2023-07-09,2023,7,9,190,23,6,102.0,2023-07-09 23:00:00+00:00,2023-07-10 00:00:00+00:00,37199.2175,498.34,7416.8675,0.0,29397.21,7915.2075,-0.1094457686489155,-0.993992768446958,-0.2588190451025215,0.965925826289068,-0.7818314824680299,0.6234898018587334,0,weekend,33.153999999999996
2023-07-10,2023,7,10,191,23,0,115.74,2023-07-10 23:00:00+00:00,2023-07-11 00:00:00+00:00,41978.2,654.55,2592.9,0.0,28964.01,3247.45,-0.1265278168386831,-0.9919630595773395,-0.2588190451025215,0.965925826289068,0.0,1.0,0,weekday,32.83
2023-07-11,2023,7,11,192,23,1,91.0,2023-07-11 23:00:00+00:00,2023-07-12 00:00:00+00:00,43315.62,1585.895,13083.6475,0.0,34768.32,14669.5425,-0.1435724234118113,-0.9896398128792412,-0.2588190451025215,0.965925826289068,0.7818314824680298,0.6234898018587336,0,weekday,29.93
2023-07-12,2023,7,12,193,23,2,97.03,2023-07-12 23:00:00+00:00,2023-07-13 00:00:00+00:00,42600.7675,3199.56,5735.22,0.0,32600.94,8934.78,-0.1605745445949937,-0.9870237158387384,-0.2588190451025215,0.965925826289068,0.9749279121818236,-0.2225209339563143,0,weekday,28.455
2023-07-13,2023,7,13,194,23,3,96.36,2023-07-13 23:00:00+00:00,2023-07-14 00:00:00+00:00,41710.11,1123.4425,3572.085,0.0,29562.24,4695.5275,-0.1775291491870349,-0.984115542601034,-0.2588190451025215,0.965925826289068,0.4338837391175582,-0.900968867902419,0,weekday,26.885
2023-07-14,2023,7,14,195,23,4,53.46,2023-07-14 23:00:00+00:00,2023-07-15 00:00:00+00:00,41234.0275,4280.27,17684.1475,0.0,38218.61,21964.4175,-0.1944312200476619,-0.9809161537413774,-0.2588190451025215,0.965925826289068,-0.433883739117558,-0.9009688679024191,0,weekday,27.57
2023-07-15,2023,7,15,196,23,5,19.7,2023-07-15 23:00:00+00:00,2023-07-16 00:00:00+00:00,36011.3625,4623.2125,14114.4125,0.0,34471.3,18737.625,-0.2112757555821793,-0.9774264960104057,-0.2588190451025215,0.965925826289068,-0.9749279121818236,-0.2225209339563146,0,weekend,25.957
2023-07-16,2023,7,16,197,23,6,102.17,2023-07-16 23:00:00+00:00,2023-07-17 00:00:00+00:00,38763.6475,4172.9425,7478.92,0.0,31805.21,11651.8625,-0.2280577712215198,-0.9736476020539838,-0.2588190451025215,0.965925826289068,-0.7818314824680299,0.6234898018587334,0,weekend,25.211
2023-07-17,2023,7,17,198,23,0,96.3,2023-07-17 23:00:00+00:00,2023-07-18 00:00:00+00:00,40993.3975,3166.09,8602.1775,0.0,34328.17,11768.2675,-0.2447723008972595,-0.9695805901076308,-0.2588190451025215,0.965925826289068,0.0,1.0,0,weekday,24.465
2023-07-18,2023,7,18,199,23,1,101.0,2023-07-18 23:00:00+00:00,2023-07-19 00:00:00+00:00,39930.3525,312.5025,1579.835,0.0,29563.83,1892.3375,-0.2614143985111562,-0.965226663665613,-0.2588190451025215,0.965925826289068,0.7818314824680298,0.6234898018587336,0,weekday,26.0
2023-07-19,2023,7,19,200,23,2,94.35,2023-07-19 23:00:00+00:00,2023-07-20 00:00:00+00:00,41520.2025,1261.205,4108.91,0.0,30959.27,5370.115,-0.2779791393987801,-0.9605871111248128,-0.2588190451025215,0.965925826289068,0.9749279121818236,-0.2225209339563143,0,weekday,27.155
2023-07-20,2023,7,20,201,23,3,99.67,2023-07-20 23:00:00+00:00,2023-07-21 00:00:00+00:00,40842.9725,942.505,1562.76,0.0,30189.09,2505.265,-0.2944616217868012,-0.9556633054034704,-0.2588190451025215,0.965925826289068,0.4338837391175582,-0.900968867902419,0,weekday,25.54
2023-07-21,2023,7,21,202,23,4,98.42,2023-07-21 23:00:00+00:00,2023-07-22 00:00:00+00:00,38894.675,1875.795,8986.0825,0.0,30819.74,10861.8775,-0.3108569682435036,-0.9504567035349152,-0.2588190451025215,0.965925826289068,-0.433883739117558,-0.9009688679024191,0,weekday,30.0
2023-07-22,2023,7,22,203,23,5,79.27,2023-07-22 23:00:00+00:00,2023-07-23 00:00:00+00:00,36222.5425,3238.4625,9308.2525,0.0,29982.57,12546.715,-0.3271603271220951,-0.9449688462364056,-0.2588190451025215,0.965925826289068,-0.9749279121818236,-0.2225209339563146,0,weekend,28.164
2023-07-23,2023,7,23,204,23,6,70.02,2023-07-23 23:00:00+00:00,2023-07-24 00:00:00+00:00,37885.067500000005,3711.2275,17641.4125,0.0,40075.01,21352.64,-0.343366873996388,-0.939201357453208,-0.2588190451025215,0.965925826289068,-0.7818314824680299,0.6234898018587334,0,weekend,28.157
2023-07-24,2023,7,24,205,23,0,86.55,2023-07-24 23:00:00+00:00,2023-07-25 00:00:00+00:00,38176.5525,2684.6925,10764.975,0.0,33237.72,13449.6675,-0.3594718130884232,-0.9331559438780432,-0.2588190451025215,0.965925826289068,0.0,1.0,0,weekday,28.15
2023-07-25,2023,7,25,206,23,1,89.31,2023-07-25 23:00:00+00:00,2023-07-26 00:00:00+00:00,38234.12,3448.4,9937.905,0.0,34411.82,13386.305,-0.3754703786876202,-0.9268343944460494,-0.2588190451025215,0.965925826289068,0.7818314824680298,0.6234898018587336,0,weekday,30.22
2023-07-26,2023,7,26,207,23,2,82.69,2023-07-26 23:00:00+00:00,2023-07-27 00:00:00+00:00,38553.295,2723.4225,10308.3975,0.0,32484.91,13031.82,-0.3913578365610259,-0.9202385798054076,-0.2588190451025215,0.965925826289068,0.9749279121818236,-0.2225209339563143,0,weekday,32.78
2023-07-27,2023,7,27,208,23,3,79.59,2023-07-27 23:00:00+00:00,2023-07-28 00:00:00+00:00,38484.215,297.2175,13534.12,0.0,33902.52,13831.3375,-0.4071294853542516,-0.9133704517637858,-0.2588190451025215,0.965925826289068,0.4338837391175582,-0.900968867902419,0,weekday,29.25
2023-07-28,2023,7,28,209,23,4,94.48,2023-07-28 23:00:00+00:00,2023-07-29 00:00:00+00:00,37028.99,377.56,6170.65,0.0,28126.51,6548.21,-0.4227806579826773,-0.9062320427107696,-0.2588190451025215,0.965925826289068,-0.433883739117558,-0.9009688679024191,0,weekday,27.275
2023-07-29,2023,7,29,210,23,5,74.9,2023-07-29 23:00:00+00:00,2023-07-30 00:00:00+00:00,33282.5575,1810.53,9433.9925,0.0,29004.48,11244.5225,-0.4383067230125192,-0.898825465016444,-0.2588190451025215,0.965925826289068,-0.9749279121818236,-0.2225209339563146,0,weekend,25.841
2023-07-30,2023,7,30,211,23,6,50.51,2023-07-30 23:00:00+00:00,2023-07-31 00:00:00+00:00,34557.11,3611.935,17526.239999999998,0.0,39357.95,21138.175,-0.4537030860313442,-0.8911529104063088,-0.2588190451025215,0.965925826289068,-0.7818314824680299,0.6234898018587334,0,weekend,26.823
2023-07-31,2023,7,31,212,23,0,58.86,2023-07-31 23:00:00+00:00,2023-08-01 00:00:00+00:00,37376.75,2493.3775,19443.915,0.0,39498.17,21937.2925,-0.4689651910076318,-0.8832166493127127,-0.2588190451025215,0.965925826289068,0.0,1.0,0,weekday,27.805
2023-08-01,2023,8,1,213,23,1,77.54,2023-08-01 23:00:00+00:00,2023-08-02 00:00:00+00:00,39632.32,1073.2,17616.9175,0.0,36095.61,18690.1175,-0.4840885216389758,-0.8750190302029955,-0.2588190451025215,0.965925826289068,0.7818314824680298,0.6234898018587336,0,weekday,29.115
2023-08-02,2023,8,2,214,23,2,9.51,2023-08-02 23:00:00+00:00,2023-08-03 00:00:00+00:00,38486.5325,2092.065,26979.8825,0.0,44638.31,29071.9475,-0.4990686026885319,-0.8665624788845385,-0.2588190451025215,0.965925826289068,0.9749279121818236,-0.2225209339563143,0,weekday,27.3
2023-08-03,2023,8,3,215,23,3,83.85,2023-08-03 23:00:00+00:00,2023-08-04 00:00:00+00:00,39400.66,2781.06,12811.3275,0.0,33351.0,15592.3875,-0.5139010013093103,-0.8578494977869301,-0.2588190451025215,0.965925826289068,0.4338837391175582,-0.900968867902419,0,weekday,29.875
2023-08-04,2023,8,4,216,23,4,94.9,2023-08-04 23:00:00+00:00,2023-08-05 00:00:00+00:00,36665.5425,831.365,3772.825,0.0,26628.27,4604.19,-0.5285813283559292,-0.8488826652214553,-0.2588190451025215,0.965925826289068,-0.433883739117558,-0.9009688679024191,0,weekday,29.5
2023-08-05,2023,8,5,217,23,5,88.09,2023-08-05 23:00:00+00:00,2023-08-06 00:00:00+00:00,32497.2725,828.915,6292.8325,0.0,27191.0,7121.7475,-0.5431052396834317,-0.8396646346181327,-0.2588190451025215,0.965925826289068,-0.9749279121818236,-0.2225209339563146,0,weekend,28.853
2023-08-06,2023,8,6,218,23,6,47.57,2023-08-06 23:00:00+00:00,2023-08-07 00:00:00+00:00,34316.270000000004,3633.9725,20854.2575,0.0,42127.22,24488.23,-0.5574684374327892,-0.8301981337405212,-0.2588190451025215,0.965925826289068,-0.7818314824680299,0.6234898018587334,0,weekend,29.326500000000003
2023-08-07,2023,8,7,219,23,0,-6.03,2023-08-07 23:00:00+00:00,2023-08-08 00:00:00+00:00,36587.465,2709.11,27904.7775,0.0,49523.96,30613.8875,-0.5716666713027052,-0.8204859638785327,-0.2588190451025215,0.965925826289068,0.0,1.0,0,weekday,29.8
2023-08-08,2023,8,8,220,23,1,72.16,2023-08-08 23:00:00+00:00,2023-08-09 00:00:00+00:00,38224.537500000006,4256.045,17955.5925,0.0,42379.49,22211.6375,-0.5856957398073508,-0.8105309990194823,-0.2588190451025215,0.965925826289068,0.7818314824680298,0.6234898018587336,0,weekday,29.81
2023-08-09,2023,8,9,221,23,2,91.99,2023-08-09 23:00:00+00:00,2023-08-10 00:00:00+00:00,37280.8275,2082.8725,3867.225,0.0,29489.48,5950.0975,-0.5995514915196489,-0.8003361849976323,-0.2588190451025215,0.965925826289068,0.9749279121818236,-0.2225209339563143,0,weekday,33.15
2023-08-10,2023,8,10,222,23,3,106.39,2023-08-10 23:00:00+00:00,2023-08-11 00:00:00+00:00,38017.3825,614.19,2108.9725,0.0,26529.39,2723.1625,-0.6132298262997502,-0.7899045386224707,-0.2588190451025215,0.965925826289068,0.4338837391175582,-0.900968867902419,0,weekday,37.095
2023-08-11,2023,8,11,223,23,4,98.2,2023-08-11 23:00:00+00:00,2023-08-12 00:00:00+00:00,36823.0825,795.08,5889.235,0.0,27295.82,6684.315,-0.6267266965083301,-0.7792391467859886,-0.2588190451025215,0.965925826289068,-0.433883739117558,-0.9009688679024191,0,weekday,37.0
2023-08-12,2023,8,12,224,23,5,84.6,2023-08-12 23:00:00+00:00,2023-08-13 00:00:00+00:00,34188.415,3144.5925,5702.8625,0.0,27112.08,8847.455,-0.6400381082043503,-0.7683431655492202,-0.2588190451025215,0.965925826289068,-0.9749279121818236,-0.2225209339563146,0,weekend,35.3
2023-08-13,2023,8,13,225,23,6,89.63,2023-08-13 23:00:00+00:00,2023-08-14 00:00:00+00:00,34406.4825,1321.0675,1807.6025,0.0,25511.41,3128.67,-0.65316012232693,-0.7572198192083127,-0.2588190451025215,0.965925826289068,-0.7818314824680299,0.6234898018587334,0,weekend,35.974999999999994
2023-08-14,2023,8,14,226,23,0,92.65,2023-08-14 23:00:00+00:00,2023-08-15 00:00:00+00:00,40386.55,1883.745,5728.155000000001,0.0,29258.99,7611.900000000001,-0.666088855860977,-0.7458723993404063,-0.2588190451025215,0.965925826289068,0.0,1.0,0,weekday,36.65
2023-08-15,2023,8,15,227,23,1,97.45,2023-08-15 23:00:00+00:00,2023-08-16 00:00:00+00:00,38660.71000000001,1429.19,1743.21,0.0,28704.29,3172.4,-0.6788204829862355,-0.734304263829602,-0.2588190451025215,0.965925826289068,0.7818314824680298,0.6234898018587336,0,weekday,36.835
2023-08-16,2023,8,16,228,23,2,98.38,2023-08-16 23:00:00+00:00,2023-08-17 00:00:00+00:00,39529.9925,351.315,7059.9625,0.0,29855.68,7411.277499999999,-0.6913512362094071,-0.722518835873311,-0.2588190451025215,0.965925826289068,0.9749279121818236,-0.2225209339563143,0,weekday,41.83
2023-08-17,2023,8,17,229,23,3,101.76,2023-08-17 23:00:00+00:00,2023-08-18 00:00:00+00:00,40097.7925,2143.405,5647.515,0.0,30510.29,7790.92,-0.7036774074790128,-0.7105196029692745,-0.2588190451025215,0.965925826289068,0.4338837391175582,-0.900968867902419,0,weekday,37.15
2023-08-18,2023,8,18,230,23,4,95.88,2023-08-18 23:00:00+00:00,2023-08-19 00:00:00+00:00,37456.1275,3959.885,8788.72,0.0,33870.88,12748.605,-0.7157953492826642,-0.6983101158835584,-0.2588190451025215,0.965925826289068,-0.433883739117558,-0.9009688679024191,0,weekday,36.265
2023-08-19,2023,8,19,231,23,5,110.59,2023-08-19 23:00:00+00:00,2023-08-20 00:00:00+00:00,33582.67,986.75,2552.545,0.0,23358.22,3539.295,-0.7277014757264236,-0.6858939875998223,-0.2588190451025215,0.965925826289068,-0.9749279121818236,-0.2225209339563146,0,weekend,36.41
2023-08-20,2023,8,20,232,23,6,101.67,2023-08-20 23:00:00+00:00,2023-08-21 00:00:00+00:00,35425.1325,700.6125,1411.3125,0.0,26390.71,2111.925,-0.7393922635959241,-0.673274892250183,-0.2588190451025215,0.965925826289068,-0.7818314824680299,0.6234898018587334,0,weekend,37.4925
2023-08-21,2023,8,21,233,23,0,104.94,2023-08-21 23:00:00+00:00,2023-08-22 00:00:00+00:00,38851.57,382.1075,2209.4025,0.0,30352.41,2591.51,-0.7508642533989489,-0.6604565640279754,-0.2588190451025215,0.965925826289068,0.0,1.0,0,weekday,38.575
2023-08-22,2023,8,22,234,23,1,112.67,2023-08-22 23:00:00+00:00,2023-08-23 00:00:00+00:00,39934.9725,657.375,1378.2,0.0,33634.22,2035.575,-0.7621140503891487,-0.6474427960827475,-0.2588190451025215,0.965925826289068,0.7818314824680298,0.6234898018587336,0,weekday,39.355
2023-08-23,2023,8,23,235,23,2,124.95,2023-08-23 23:00:00+00:00,2023-08-24 00:00:00+00:00,40883.185,295.0925,935.4675,0.0,33648.72,1230.56,-0.7731383255706026,-0.6342374393978054,-0.2588190451025215,0.965925826289068,0.9749279121818236,-0.2225209339563143,0,weekday,41.65
2023-08-24,2023,8,24,236,23,3,96.34,2023-08-24 23:00:00+00:00,2023-08-25 00:00:00+00:00,41349.1975,1026.045,9767.5825,0.0,36241.52,10793.6275,-0.7839338166829201,-0.620844401650647,-0.2588190451025215,0.965925826289068,0.4338837391175582,-0.900968867902419,0,weekday,33.165
2023-08-25,2023,8,25,237,23,4,104.1,2023-08-25 23:00:00+00:00,2023-08-26 00:00:00+00:00,38062.395,201.0425,8368.705,0.0,31053.37,8569.7475,-0.7944973291665992,-0.6072676460566135,-0.2588190451025215,0.965925826289068,-0.433883739117558,-0.9009688679024191,0,weekday,34.3
2023-08-26,2023,8,26,238,23,5,98.31,2023-08-26 23:00:00+00:00,2023-08-27 00:00:00+00:00,34673.835,425.5475,2111.2275,0.0,24717.65,2536.775,-0.8048257371083452,-0.593511190196115,-0.2588190451025215,0.965925826289068,-0.9749279121818236,-0.2225209339563146,0,weekend,34.775
2023-08-27,2023,8,27,239,23,6,88.52,2023-08-27 23:00:00+00:00,2023-08-28 00:00:00+00:00,35814.1475,2456.505,8756.8925,0.0,31863.53,11213.3975,-0.8149159841660791,-0.5795791048257612,-0.2588190451025215,0.965925826289068,-0.7818314824680299,0.6234898018587334,0,weekend,35.135
2023-08-28,2023,8,28,240,23,0,96.97,2023-08-28 23:00:00+00:00,2023-08-29 00:00:00+00:00,36506.28,84.6575,2991.545,0.0,31252.01,3076.2025,-0.8247650844733614,-0.5654755126737576,-0.2588190451025215,0.965925826289068,0.0,1.0,0,weekday,35.495
2023-08-29,2023,8,29,241,23,1,98.6,2023-08-29 23:00:00+00:00,2023-08-30 00:00:00+00:00,39628.65,604.8025,1443.3075,0.0,30114.21,2048.11,-0.8343701235229538,-0.5512045872199277,-0.2588190451025215,0.965925826289068,0.7818314824680298,0.6234898018587336,0,weekday,36.885
2023-08-30,2023,8,30,242,23,2,91.76,2023-08-30 23:00:00+00:00,2023-08-31 00:00:00+00:00,39388.605,573.25,9624.9275,0.0,32944.64,10198.1775,-0.8437282590292712,-0.5367705514607103,-0.2588190451025215,0.965925826289068,0.9749279121818236,-0.2225209339563143,0,weekday,34.425
2023-08-31,2023,8,31,243,23,3,95.97,2023-08-31 23:00:00+00:00,2023-09-01 00:00:00+00:00,39886.0875,1466.595,9676.09,0.0,33901.55,11142.685,-0.8528367217694595,-0.522177676659508,-0.2588190451025215,0.965925826289068,0.4338837391175582,-0.900968867902419,0,weekday,39.0
2023-09-01,2023,9,1,244,23,4,102.7,2023-09-01 23:00:00+00:00,2023-09-02 00:00:00+00:00,38613.0475,481.9775,1529.065,0.0,26128.27,2011.0425,-0.8616928164028522,-0.5074302810827518,-0.2588190451025215,0.965925826289068,-0.433883739117558,-0.9009688679024191,0,weekday,35.75
2023-09-02,2023,9,2,245,23,5,101.03,2023-09-02 23:00:00+00:00,2023-09-03 00:00:00+00:00,33235.6425,796.83,2020.3675,0.0,23726.57,2817.1975,-0.8702939222685674,-0.4925327287220543,-0.2588190451025215,0.965925826289068,-0.9749279121818236,-0.2225209339563146,0,weekend,35.617
2023-09-03,2023,9,3,246,23,6,94.49,2023-09-03 23:00:00+00:00,2023-09-04 00:00:00+00:00,33878.435,723.07,3804.4375,0.0,26758.04,4527.5075,-0.8786374941610001,-0.4774894280028391,-0.2588190451025215,0.965925826289068,-0.7818314824680299,0.6234898018587334,0,weekend,35.827999999999996
2023-09-04,2023,9,4,247,23,0,92.13,2023-09-04 23:00:00+00:00,2023-09-05 00:00:00+00:00,37948.56,433.6,11499.3975,0.0,34521.74,11932.9975,-0.886721063082993,-0.4623048304798108,-0.2588190451025215,0.965925826289068,0.0,1.0,0,weekday,36.039
2023-09-05,2023,9,5,248,23,1,85.52,2023-09-05 23:00:00+00:00,2023-09-06 00:00:00+00:00,40022.48,1201.255,6098.77,0.0,32480.77,7300.025000000001,-0.8945422369764496,-0.4469834295196741,-0.2588190451025215,0.965925826289068,0.7818314824680298,0.6234898018587336,0,weekday,36.25
2023-09-06,2023,9,6,249,23,2,91.37,2023-09-06 23:00:00+00:00,2023-09-07 00:00:00+00:00,40021.7225,2114.41,10672.2625,0.0,34766.12,12786.6725,-0.9020987014301836,-0.4315297589714714,-0.2588190451025215,0.965925826289068,0.9749279121818236,-0.2225209339563143,0,weekday,33.68
2023-09-07,2023,9,7,250,23,3,81.52,2023-09-07 23:00:00+00:00,2023-09-08 00:00:00+00:00,40316.135,3269.2925,12531.58,0.0,38097.56,15800.8725,-0.9093882203647924,-0.4159483918249421,-0.2588190451025215,0.965925826289068,0.4338837391175582,-0.900968867902419,0,weekday,30.955
2023-09-08,2023,9,8,251,23,4,102.47,2023-09-08 23:00:00+00:00,2023-09-09 00:00:00+00:00,37402.1025,521.67,5009.1825,0.0,29576.62,5530.8525,-0.9164086366943458,-0.4002439388573056,-0.2588190451025215,0.965925826289068,-0.433883739117558,-0.9009688679024191,0,weekday,35.09
2023-09-09,2023,9,9,252,23,5,104.33,2023-09-09 23:00:00+00:00,2023-09-10 00:00:00+00:00,33053.9275,274.1775,1254.0275,0.0,24583.17,1528.205,-0.923157872964704,-0.3844210472688554,-0.2588190451025215,0.965925826289068,-0.9749279121818236,-0.2225209339563146,0,weekend,34.51
2023-09-10,2023,9,10,253,23,6,97.38,2023-09-10 23:00:00+00:00,2023-09-11 00:00:00+00:00,35182.785,2190.1,1649.0625,0.0,28665.49,3839.1625,-0.9296339319682696,-0.3684843993077793,-0.2588190451025215,0.965925826289068,-0.7818314824680299,0.6234898018587334,0,weekend,35.525
2023-09-11,2023,9,11,254,23,0,105.14,2023-09-11 23:00:00+00:00,2023-09-12 00:00:00+00:00,40220.2175,512.8775,1542.625,0.0,31356.98,2055.5025,-0.935834897334994,-0.3524387108846032,-0.2588190451025215,0.965925826289068,0.0,1.0,0,weekday,36.54
2023-09-12,2023,9,12,255,23,1,99.9,2023-09-12 23:00:00+00:00,2023-09-13 00:00:00+00:00,42149.48,3423.3975,4978.1225,0.0,35871.48,8401.52,-0.9417589340994617,-0.3362887301766828,-0.2588190451025215,0.965925826289068,0.7818314824680298,0.6234898018587336,0,weekday,35.13
2023-09-13,2023,9,13,256,23,2,94.88,2023-09-13 23:00:00+00:00,2023-09-14 00:00:00+00:00,41627.42,590.6825,4377.4725,0.0,32528.71,4968.155,-0.9474042892438844,-0.3200392362231385,-0.2588190451025215,0.965925826289068,0.9749279121818236,-0.2225209339563143,0,weekday,35.27
2023-09-14,2023,9,14,257,23,3,97.01,2023-09-14 23:00:00+00:00,2023-09-15 00:00:00+00:00,40553.225,1102.1325000000002,4274.7025,0.0,31864.79,5376.835000000001,-0.9527692922168512,-0.3036950375106588,-0.2588190451025215,0.965925826289068,0.4338837391175582,-0.900968867902419,0,weekday,37.45
2023-09-15,2023,9,15,258,23,4,94.02,2023-09-15 23:00:00+00:00,2023-09-16 00:00:00+00:00,39523.635,1119.5475,11776.6475,0.0,32938.39,12896.195,-0.9578523554276668,-0.2872609705505963,-0.2588190451025215,0.965925826289068,-0.433883739117558,-0.9009688679024191,0,weekday,35.13
2023-09-16,2023,9,16,259,23,5,105.35,2023-09-16 23:00:00+00:00,2023-09-17 00:00:00+00:00,36333.7125,612.2825,2202.0675,0.0,23008.74,2814.3500000000004,-0.9626519747161488,-0.2707418984477642,-0.2588190451025215,0.965925826289068,-0.9749279121818236,-0.2225209339563146,0,weekend,36.485
2023-09-17,2023,9,17,260,23,6,88.47,2023-09-17 23:00:00+00:00,2023-09-18 00:00:00+00:00,38605.88,2375.57,13658.1125,0.0,33210.38,16033.6825,-0.9671667297977312,-0.2541427094613622,-0.2588190451025215,0.965925826289068,-0.7818314824680299,0.6234898018587334,0,weekend,35.489999999999995
2023-09-18,2023,9,18,261,23,0,-0.01,2023-09-18 23:00:00+00:00,2023-09-19 00:00:00+00:00,39187.055,4247.675,26099.805,0.0,46392.74,30347.48,-0.97139528468375,-0.2374683155584684,-0.2588190451025215,0.965925826289068,0.0,1.0,0,weekday,34.495
2023-09-19,2023,9,19,262,23,1,-0.1,2023-09-19 23:00:00+00:00,2023-09-20 00:00:00+00:00,39479.65,4275.6225,26244.13,0.0,46187.87,30519.7525,-0.9753363880767836,-0.2207236509605022,-0.2588190451025215,0.965925826289068,0.7818314824680298,0.6234898018587336,0,weekday,34.25
2023-09-20,2023,9,20,263,23,2,72.87,2023-09-20 23:00:00+00:00,2023-09-21 00:00:00+00:00,40189.1025,4112.7425,18069.2,0.0,41205.81,22181.9425,-0.978988873740932,-0.2039136706831147,-0.2588190451025215,0.965925826289068,0.9749279121818236,-0.2225209339563143,0,weekday,38.575
2023-09-21,2023,9,21,264,23,3,87.16,2023-09-21 23:00:00+00:00,2023-09-22 00:00:00+00:00,38770.125,1884.9325,15207.6525,0.0,36127.12,17092.585,-0.9823516608469236,-0.1870433490699165,-0.2588190451025215,0.965925826289068,0.4338837391175582,-0.900968867902419,0,weekday,35.695
2023-09-22,2023,9,22,265,23,4,101.43,2023-09-22 23:00:00+00:00,2023-09-23 00:00:00+00:00,37700.845,565.05,11415.125,0.0,31868.17,11980.175,-0.9854237542919524,-0.1701176783204905,-0.2588190451025215,0.965925826289068,-0.433883739117558,-0.9009688679024191,0,weekday,39.915
2023-09-23,2023,9,23,266,23,5,87.24,2023-09-23 23:00:00+00:00,2023-09-24 00:00:00+00:00,34935.5925,1170.165,7199.08,0.0,26907.57,8369.244999999999,-0.9882042449941422,-0.15314166701312,-0.2588190451025215,0.965925826289068,-0.9749279121818236,-0.2225209339563146,0,weekend,39.791
2023-09-24,2023,9,24,267,23,6,10.0,2023-09-24 23:00:00+00:00,2023-09-25 00:00:00+00:00,35782.83,4349.4325,16347.0325,0.0,38551.24,20696.465,-0.9906923101615608,-0.136120338622667,-0.2588190451025215,0.965925826289068,-0.7818314824680299,0.6234898018587334,0,weekend,39.632999999999996
2023-09-25,2023,9,25,268,23,0,107.99,2023-09-25 23:00:00+00:00,2023-09-26 00:00:00+00:00,38781.9825,410.8975,2052.4325,0.0,29625.09,2463.33,-0.9928872135356962,-0.1190587300340498,-0.2588190451025215,0.965925826289068,0.0,1.0,0,weekday,39.475
2023-09-26,2023,9,26,269,23,1,102.0,2023-09-26 23:00:00+00:00,2023-09-27 00:00:00+00:00,41585.66,2404.6075,3920.575,0.0,32679.09,6325.1825,-0.994788305609327,-0.1019618900517457,-0.2588190451025215,0.965925826289068,0.7818314824680298,0.6234898018587336,0,weekday,42.85
2023-09-27,2023,9,27,270,23,2,84.05,2023-09-27 23:00:00+00:00,2023-09-28 00:00:00+00:00,41560.9375,3716.43,13703.1725,0.0,38636.27,17419.6025,-0.9963950238187232,-0.0848348779057653,-0.2588190451025215,0.965925826289068,0.9749279121818236,-0.2225209339563143,0,weekday,39.0
2023-09-28,2023,9,28,271,23,3,97.93,2023-09-28 23:00:00+00:00,2023-09-29 00:00:00+00:00,41013.695,2415.1775,4363.797500000001,0.0,31618.87,6778.975,-0.9977068927101168,-0.0676827617545516,-0.2588190451025215,0.965925826289068,0.4338837391175582,-0.900968867902419,0,weekday,40.63
2023-09-29,2023,9,29,272,23,4,88.89,2023-09-29 23:00:00+00:00,2023-09-30 00:00:00+00:00,38362.595,4581.4,14194.24,0.0,37505.93,18775.64,-0.9987235240803972,-0.0505106171852228,-0.2588190451025215,0.965925826289068,-0.433883739117558,-0.9009688679024191,0,weekday,43.0
2023-09-30,2023,9,30,273,23,5,94.14,2023-09-30 23:00:00+00:00,2023-10-01 00:00:00+00:00,34167.0225,2075.1725,4389.6025,0.0,24460.21,6464.775,-0.9994446170919858,-0.0333235257116313,-0.2588190451025215,0.965925826289068,-0.9749279121818236,-0.2225209339563146,0,weekend,41.859
2023-10-01,2023,10,1,274,23,6,93.17,2023-10-01 23:00:00+00:00,2023-10-02 00:00:00+00:00,36321.2375,1797.4925,7447.7125,0.0,29594.39,9245.205,-0.9998699583618592,-0.0161265732706577,-0.2588190451025215,0.965925826289068,-0.7818314824680299,0.6234898018587334,0,weekend,41.2345
2023-10-02,2023,10,2,275,23,0,94.61,2023-10-02 23:00:00+00:00,2023-10-03 00:00:00+00:00,38384.9625,912.4275,12250.965,0.0,31373.53,13163.3925,-0.9999994220246924,0.0010751512827982,-0.2588190451025215,0.965925826289068,0.0,1.0,0,weekday,40.61
2023-10-03,2023,10,3,276,23,1,10.1,2023-10-03 23:00:00+00:00,2023-10-04 00:00:00+00:00,40415.765,4437.915,26399.195,0.0,48248.85,30837.11,-0.999832969770105,0.0182765576816912,-0.2588190451025215,0.965925826289068,0.7818314824680298,0.6234898018587336,1,holiday,37.89
2023-10-04,2023,10,4,277,23,2,76.81,2023-10-04 23:00:00+00:00,2023-10-05 00:00:00+00:00,40929.045,4783.8325,21730.182500000003,0.0,46809.59,26514.015000000003,-0.9993706508539968,0.0354725557531255,-0.2588190451025215,0.965925826289068,0.9749279121818236,-0.2225209339563143,0,weekday,37.6
2023-10-05,2023,10,5,278,23,3,84.86,2023-10-05 23:00:00+00:00,2023-10-06 00:00:00+00:00,41831.0925,4832.5675,9809.565,0.0,37999.97,14642.1325,-0.9986126020839734,0.052658056924614,-0.2588190451025215,0.965925826289068,0.4338837391175582,-0.900968867902419,0,weekday,37.62
2023-10-06,2023,10,6,279,23,4,0.04,2023-10-06 23:00:00+00:00,2023-10-07 00:00:00+00:00,40128.03,4559.0,29990.995000000003,0.0,51290.52,34549.995,-0.9975590477788612,0.0698279757298708,-0.2588190451025215,0.965925826289068,-0.433883739117558,-0.9009688679024191,0,weekday,36.0
2023-10-07,2023,10,7,280,23,5,70.64,2023-10-07 23:00:00+00:00,2023-10-08 00:00:00+00:00,35841.0175,3104.26,17764.2375,0.0,36874.73,20868.4975,-0.9962102997023295,0.0869772313136861,-0.2588190451025215,0.965925826289068,-0.9749279121818236,-0.2225209339563146,0,weekend,38.231
2023-10-08,2023,10,8,281,23,6,87.45,2023-10-08 23:00:00+00:00,2023-10-09 00:00:00+00:00,38432.89,1843.2675,7172.1875,0.0,33550.22,9015.455,-0.9945667569706336,0.1041007489354256,-0.2588190451025215,0.965925826289068,-0.7818314824680299,0.6234898018587334,0,weekend,39.700500000000005
2023-10-09,2023,10,9,282,23,0,100.6,2023-10-09 23:00:00+00:00,2023-10-10 00:00:00+00:00,41188.765,289.98,5556.555,0.0,36155.45,5846.535,-0.9926289059345096,0.121193461470736,-0.2588190451025215,0.965925826289068,0.0,1.0,0,weekday,41.17
2023-10-10,2023,10,10,283,23,1,26.06,2023-10-10 23:00:00+00:00,2023-10-11 00:00:00+00:00,42702.7975,4470.77,23467.3675,0.0,47560.24,27938.1375,-0.9903973200352558,0.1382503109109819,-0.2588190451025215,0.965925826289068,0.7818314824680298,0.6234898018587336,0,weekday,46.01
2023-10-11,2023,10,11,284,23,2,82.95,2023-10-11 23:00:00+00:00,2023-10-12 00:00:00+00:00,42326.605,3980.515,22802.8425,0.0,44399.65,26783.3575,-0.9878726596350428,0.1552662498599956,-0.2588190451025215,0.965925826289068,0.9749279121818236,-0.2225209339563143,0,weekday,48.685
2023-10-12,2023,10,12,285,23,3,115.0,2023-10-12 23:00:00+00:00,2023-10-13 00:00:00+00:00,42069.6025,647.42,9197.9,0.0,37633.02,9845.32,-0.9850556718215012,0.172236243027682,-0.2588190451025215,0.965925826289068,0.4338837391175582,-0.900968867902419,0,weekday,45.795
2023-10-13,2023,10,13,286,23,4,-1.87,2023-10-13 23:00:00+00:00,2023-10-14 00:00:00+00:00,40545.1175,3392.8525,35210.545,0.0,51411.89,38603.3975,-0.981947190186646,0.1891552687200409,-0.2588190451025215,0.965925826289068,-0.433883739117558,-0.9009688679024191,0,weekday,53.31
2023-10-14,2023,10,14,287,23,5,6.96,2023-10-14 23:00:00+00:00,2023-10-15 00:00:00+00:00,36891.615,4760.5925,24746.9525,0.0,45609.11,29507.545,-0.9785481345802032,0.2060183203251708,-0.2588190451025215,0.965925826289068,-0.9749279121818236,-0.2225209339563146,0,weekend,53.982
2023-10-15,2023,10,15,288,23,6,97.03,2023-10-15 23:00:00+00:00,2023-10-16 00:00:00+00:00,38417.1,4913.34,14685.125,0.0,38381.83,19598.465,-0.9748595108374124,0.2228204077947995,-0.2588190451025215,0.965925826289068,-0.7818314824680299,0.6234898018587334,0,weekend,53.323499999999996
2023-10-16,2023,10,16,289,23,0,114.04,2023-10-16 23:00:00+00:00,2023-10-17 00:00:00+00:00,41702.6275,180.25,4007.075,0.0,36937.29,4187.325,-0.9708824104813836,0.239556559120927,-0.2588190451025215,0.965925826289068,0.0,1.0,0,weekday,52.665
2023-10-17,2023,10,17,290,23,1,89.06,2023-10-17 23:00:00+00:00,2023-10-18 00:00:00+00:00,43768.845,1134.61,8404.005,0.0,35919.55,9538.615,-0.9666180104000972,0.2562218218071163,-0.2588190451025215,0.965925826289068,0.7818314824680298,0.6234898018587336,0,weekday,48.21
2023-10-18,2023,10,18,291,23,2,15.45,2023-10-18 23:00:00+00:00,2023-10-19 00:00:00+00:00,42892.11,4573.2225,25566.2075,0.0,49999.2,30139.43,-0.9620675724981452,0.2728112643340191,-0.2588190451025215,0.965925826289068,0.9749279121818236,-0.2225209339563143,0,weekday,48.9
2023-10-19,2023,10,19,292,23,3,63.69,2023-10-19 23:00:00+00:00,2023-10-20 00:00:00+00:00,43252.19,4461.4375,22872.89,0.0,45615.36,27334.3275,-0.957232443323312,0.2893199776186952,-0.2588190451025215,0.965925826289068,0.4338837391175582,-0.900968867902419,0,weekday,48.93
2023-10-20,2023,10,20,293,23,4,37.27,2023-10-20 23:00:00+00:00,2023-10-21 00:00:00+00:00,41915.7875,5095.9125,20230.99,0.0,42719.17,25326.902500000004,-0.9521140536681102,0.3057430764672831,-0.2588190451025215,0.965925826289068,-0.433883739117558,-0.9009688679024191,0,weekday,52.845
2023-10-21,2023,10,21,294,23,5,30.36,2023-10-21 23:00:00+00:00,2023-10-22 00:00:00+00:00,36805.33,4874.995,20629.3725,0.0,43653.6,25504.3675,-0.9467139181463862,0.3220757010206104,-0.2588190451025215,0.965925826289068,-0.9749279121818236,-0.2225209339563146,0,weekend,51.112
2023-10-22,2023,10,22,295,23,6,100.06,2023-10-22 23:00:00+00:00,2023-10-23 00:00:00+00:00,38327.4,3316.0425,8035.27,0.0,35558.39,11351.3125,-0.9410336347451196,0.3383130181923076,-0.2588190451025215,0.965925826289068,-0.7818314824680299,0.6234898018587334,0,weekend,49.671
2023-10-23,2023,10,23,296,23,0,97.21,2023-10-23 23:00:00+00:00,2023-10-24 00:00:00+00:00,41430.9875,3302.4125,16353.26,0.0,45115.34,19655.6725,-0.9350748843515574,0.3544502230989869,-0.2588190451025215,0.965925826289068,0.0,1.0,0,weekday,48.23
2023-10-24,2023,10,24,297,23,1,94.56,2023-10-24 23:00:00+00:00,2023-10-25 00:00:00+00:00,40706.095,5295.4825,9010.915,0.0,40508.92,14306.3975,-0.9288394302558068,0.3704825404820963,-0.2588190451025215,0.965925826289068,0.7818314824680298,0.6234898018587336,0,weekday,50.6
2023-10-25,2023,10,25,298,23,2,89.91,2023-10-25 23:00:00+00:00,2023-10-26 00:00:00+00:00,42789.055,2952.7075,16787.997499999998,0.0,44214.18,19740.705,-0.9223291176290545,0.3864052261209853,-0.2588190451025215,0.965925826289068,0.9749279121818236,-0.2225209339563143,0,weekday,50.28
2023-10-26,2023,10,26,299,23,3,97.33,2023-10-26 23:00:00+00:00,2023-10-27 00:00:00+00:00,43007.41,4869.965,4139.7425,0.0,37243.16,9009.7075,-0.9155458729775467,0.4022135682368036,-0.2588190451025215,0.965925826289068,0.4338837391175582,-0.900968867902419,0,weekday,51.0
2023-10-27,2023,10,27,300,23,4,68.61,2023-10-27 23:00:00+00:00,2023-10-28 00:00:00+00:00,40998.14,4271.155,11766.56,0.0,35973.77,16037.715,-0.9084917035725082,0.4179028888867866,-0.2588190451025215,0.965925826289068,-0.433883739117558,-0.9009688679024191,0,weekday,51.0
2023-10-28,2023,10,28,301,23,5,0.96,2023-10-28 23:00:00+00:00,2023-10-29 00:00:00+00:00,38055.745,5633.805,20743.8375,0.0,40984.56,26377.6425,-0.9011686968561567,0.4334685453485363,-0.2588190451025215,0.965925826289068,-0.9749279121818236,-0.2225209339563146,0,weekend,50.53
2023-10-29,2023,10,29,302,23,6,8.0,2023-10-29 23:00:00+00:00,2023-10-30 00:00:00+00:00,39092.155,5326.465,30616.32,0.0,51793.25,35942.785,-0.8935790198239952,0.4489059314938798,-0.2588190451025215,0.965925826289068,-0.7818314824680299,0.6234898018587334,0,weekend,52.4775
2023-10-30,2023,10,30,303,23,0,86.05,2023-10-30 23:00:00+00:00,2023-10-31 00:00:00+00:00,42116.4225,708.0225,13224.7275,0.0,36840.64,13932.75,-0.8857249183835637,0.4642104791518923,-0.2588190451025215,0.965925826289068,0.0,1.0,0,weekday,54.425
2023-10-31,2023,10,31,304,23,1,65.37,2023-10-31 23:00:00+00:00,2023-11-01 00:00:00+00:00,42241.33,2256.8475000000003,12386.8425,0.0,32995.33,14643.69,-0.8776087166898392,0.4793776594606945,-0.2588190451025215,0.965925826289068,0.7818314824680298,0.6234898018587336,0,weekday,51.49
2023-11-01,2023,11,1,305,23,2,21.4,2023-11-01 23:00:00+00:00,2023-11-02 00:00:00+00:00,42734.925,5099.139999999999,24770.3725,0.0,47380.01,29869.5125,-0.8692328164574792,0.4944029842076181,-0.2588190451025215,0.965925826289068,0.9749279121818236,-0.2225209339563143,0,weekday,46.59
2023-11-02,2023,11,2,306,23,3,15.17,2023-11-02 23:00:00+00:00,2023-11-03 00:00:00+00:00,45753.025,5066.445,24774.585,0.0,49252.22,29841.03,-0.8605996962501181,0.5092820071573356,-0.2588190451025215,0.965925826289068,0.4338837391175582,-0.900968867902419,0,weekday,48.175
2023-11-03,2023,11,3,307,23,4,45.72,2023-11-03 23:00:00+00:00,2023-11-04 00:00:00+00:00,43646.605,4893.295,22518.365,0.0,47680.27,27411.660000000003,-0.8517119107469189,0.5240103253675756,-0.2588190451025215,0.965925826289068,-0.433883739117558,-0.9009688679024191,0,weekday,49.225
2023-11-04,2023,11,4,308,23,5,8.71,2023-11-04 23:00:00+00:00,2023-11-05 00:00:00+00:00,41033.865000000005,4923.0525,28611.6325,0.0,48148.9,33534.685,-0.8425720899866032,0.5385835804920232,-0.2588190451025215,0.965925826289068,-0.9749279121818236,-0.2225209339563146,0,weekend,48.057
2023-11-05,2023,11,5,309,23,6,2.76,2023-11-05 23:00:00+00:00,2023-11-06 00:00:00+00:00,42194.4775,5048.07,36566.7925,0.0,56745.42,41614.8625,-0.8331829385891785,0.5529974600700271,-0.2588190451025215,0.965925826289068,-0.7818314824680299,0.6234898018587334,0,weekend,47.5285
2023-11-06,2023,11,6,310,23,0,78.9,2023-11-06 23:00:00+00:00,2023-11-07 00:00:00+00:00,44759.105,5316.035,27213.435,0.0,52804.99,32529.47,-0.8235472349556007,0.5672476988027229,-0.2588190451025215,0.965925826289068,0.0,1.0,0,weekday,47.0
2023-11-07,2023,11,7,311,23,1,70.6,2023-11-07 23:00:00+00:00,2023-11-08 00:00:00+00:00,46732.115000000005,4829.925,26687.575,0.0,52501.0,31517.5,-0.8136678304455991,0.5813300798152042,-0.2588190451025215,0.965925826289068,0.7818314824680298,0.6234898018587336,0,weekday,45.24
2023-11-08,2023,11,8,312,23,2,71.93,2023-11-08 23:00:00+00:00,2023-11-09 00:00:00+00:00,45862.98,3405.165,28250.1475,0.0,52025.69,31655.3125,-0.8035476485339116,0.5952404359043674,-0.2588190451025215,0.965925826289068,0.9749279121818236,-0.2225209339563143,0,weekday,45.75
2023-11-09,2023,11,9,313,23,3,64.1,2023-11-09 23:00:00+00:00,2023-11-10 00:00:00+00:00,45793.845,4492.655,24363.7075,0.0,50609.56,28856.3625,-0.7931896839451843,0.6089746507720486,-0.2588190451025215,0.965925826289068,0.4338837391175582,-0.900968867902419,0,weekday,45.01
2023-11-10,2023,11,10,314,23,4,87.3,2023-11-10 23:00:00+00:00,2023-11-11 00:00:00+00:00,44553.08500000001,629.3299999999999,12174.5025,0.0,38133.71,12803.8325,-0.7825970017677834,0.6225286602431057,-0.2588190451025215,0.965925826289068,-0.433883739117558,-0.9009688679024191,0,weekday,47.045
2023-11-11,2023,11,11,315,23,5,89.54,2023-11-11 23:00:00+00:00,2023-11-12 00:00:00+00:00,41656.66,368.485,9924.51,0.0,33982.25,10292.995,-0.7717727365467836,0.6358984534680745,-0.2588190451025215,0.965925826289068,-0.9749279121818236,-0.2225209339563146,0,weekend,46.63
2023-11-12,2023,11,12,316,23,6,91.26,2023-11-12 23:00:00+00:00,2023-11-13 00:00:00+00:00,44433.427500000005,617.475,6829.9025,0.0,32223.87,7447.3775,-0.7607200913564104,0.6490800741100398,-0.2588190451025215,0.965925826289068,-0.7818314824680299,0.6234898018587334,0,weekend,46.285
2023-11-13,2023,11,13,317,23,0,10.07,2023-11-13 23:00:00+00:00,2023-11-14 00:00:00+00:00,47536.1425,3605.9425,38223.9525,0.0,59880.82,41829.895,-0.7494423368521954,0.6620696215153815,-0.2588190451025215,0.965925826289068,0.0,1.0,0,weekday,45.94
2023-11-14,2023,11,14,318,23,1,81.1,2023-11-14 23:00:00+00:00,2023-11-15 00:00:00+00:00,45660.7375,1883.13,24401.6075,0.0,46857.99,26284.7375,-0.7379428103031386,0.6748632518680403,-0.2588190451025215,0.965925826289068,0.7818314824680298,0.6234898018587336,0,weekday,46.895
2023-11-15,2023,11,15,319,23,2,85.46,2023-11-15 23:00:00+00:00,2023-11-16 00:00:00+00:00,47240.215,4530.17,26127.27,0.0,53972.83,30657.44,-0.7262249146041543,0.6874571793269664,-0.2588190451025215,0.965925826289068,0.9749279121818236,-0.2225209339563143,0,weekday,48.495
2023-11-16,2023,11,16,320,23,3,106.0,2023-11-16 23:00:00+00:00,2023-11-17 00:00:00+00:00,47200.78,1101.8275,10425.725,0.0,41747.01,11527.5525,-0.7142921172691032,0.699847677146407,-0.2588190451025215,0.965925826289068,0.4338837391175582,-0.900968867902419,0,weekday,46.47
2023-11-17,2023,11,17,321,23,4,110.56,2023-11-17 23:00:00+00:00,2023-11-18 00:00:00+00:00,45589.9575,777.4925000000001,4965.215,0.0,34867.97,5742.7075,-0.7021479494046978,0.7120310787787131,-0.2588190451025215,0.965925826289068,-0.433883739117558,-0.9009688679024191,0,weekday,46.1
2023-11-18,2023,11,18,322,23,5,19.13,2023-11-18 23:00:00+00:00,2023-11-19 00:00:00+00:00,41998.33,4628.545,28052.1175,0.0,50057.39,32680.6625,-0.6897960046655887,0.7240037789593305,-0.2588190451025215,0.965925826289068,-0.9749279121818236,-0.2225209339563146,0,weekend,45.064
2023-11-19,2023,11,19,323,23,6,68.3,2023-11-19 23:00:00+00:00,2023-11-20 00:00:00+00:00,42726.625,539.79,25649.3375,0.0,46246.57,26189.1275,-0.6772399381909491,0.7357622347736527,-0.2588190451025215,0.965925826289068,-0.7818314824680299,0.6234898018587334,0,weekend,46.049499999999995
2023-11-20,2023,11,20,324,23,0,102.75,2023-11-20 23:00:00+00:00,2023-11-21 00:00:00+00:00,45709.95,2955.02,7286.2025,0.0,41119.65,10241.2225,-0.6644834655228552,0.7473029667054296,-0.2588190451025215,0.965925826289068,0.0,1.0,0,weekday,47.035
2023-11-21,2023,11,21,325,23,1,98.0,2023-11-21 23:00:00+00:00,2023-11-22 00:00:00+00:00,47948.25,466.0775,8147.7725,0.0,41980.88,8613.85,-0.6515303615068021,0.75862255966641,-0.2588190451025215,0.965925826289068,0.7818314824680298,0.6234898018587336,0,weekday,46.175
2023-11-22,2023,11,22,326,23,2,64.97,2023-11-22 23:00:00+00:00,2023-11-23 00:00:00+00:00,48623.79,6085.0875,28210.44,0.0,57329.36,34295.5275,-0.6383844591746642,0.7697176640069211,-0.2588190451025215,0.965925826289068,0.9749279121818236,-0.2225209339563143,0,weekday,44.05
2023-11-23,2023,11,23,327,23,3,1.48,2023-11-23 23:00:00+00:00,2023-11-24 00:00:00+00:00,48873.8075,4493.8475,41030.44,0.0,62624.69,45524.287500000006,-0.6250496486104377,0.7805849965070866,-0.2588190451025215,0.965925826289068,0.4338837391175582,-0.900968867902419,0,weekday,44.615
2023-11-24,2023,11,24,328,23,4,78.07,2023-11-24 23:00:00+00:00,2023-11-25 00:00:00+00:00,47391.7525,6012.5525,28040.6425,0.0,54377.25,34053.195,-0.6115298757991053,0.7912213413483807,-0.2588190451025215,0.965925826289068,-0.433883739117558,-0.9009688679024191,0,weekday,46.25
2023-11-25,2023,11,25,329,23,5,111.1,2023-11-25 23:00:00+00:00,2023-11-26 00:00:00+00:00,42835.915,1346.1825,8264.495,0.0,37253.94,9610.677500000002,-0.5978291414589552,0.801623551065242,-0.2588190451025215,0.965925826289068,-0.9749279121818236,-0.2225209339563146,0,weekend,46.655
2023-11-26,2023,11,26,330,23,6,99.26,2023-11-26 23:00:00+00:00,2023-11-27 00:00:00+00:00,45012.7425,313.5375,8755.5275,0.0,41064.53,9069.065,-0.5839514998576998,0.8117885474764613,-0.2588190451025215,0.965925826289068,-0.7818314824680299,0.6234898018587334,0,weekend,45.85
2023-11-27,2023,11,27,331,23,0,77.74,2023-11-27 23:00:00+00:00,2023-11-28 00:00:00+00:00,48677.0175,6016.51,21485.275,0.0,53377.58,27501.785000000003,-0.5699010576127624,0.8217133225960589,-0.2588190451025215,0.965925826289068,0.0,1.0,0,weekday,45.045
2023-11-28,2023,11,28,332,23,1,98.43,2023-11-28 23:00:00+00:00,2023-11-29 00:00:00+00:00,48051.6375,3070.7925,12671.12,0.0,50654.22,15741.9125,-0.5556819724760489,0.8313949395234058,-0.2588190451025215,0.965925826289068,0.7818314824680298,0.6234898018587336,0,weekday,44.095
2023-11-29,2023,11,29,333,23,2,104.79,2023-11-29 23:00:00+00:00,2023-11-30 00:00:00+00:00,49519.44,448.485,5039.935,0.0,44712.6,5488.42,-0.5412984521036173,0.8408305333122887,-0.2588190451025215,0.965925826289068,0.9749279121818236,-0.2225209339563143,0,weekday,41.275
2023-11-30,2023,11,30,334,23,3,106.91,2023-11-30 23:00:00+00:00,2023-12-01 00:00:00+00:00,51026.64,1509.2325,1955.2825,0.0,43326.78,3464.5150000000003,-0.5267547528105542,0.8500173118187018,-0.2588190451025215,0.965925826289068,0.4338837391175582,-0.900968867902419,0,weekday,40.44
2023-12-01,2023,12,1,335,23,4,105.22,2023-12-01 23:00:00+00:00,2023-12-02 00:00:00+00:00,48589.5825,1242.21,3631.32,0.0,44277.05,4873.530000000001,-0.5120551783114646,0.8589525565270845,-0.2588190451025215,0.965925826289068,-0.433883739117558,-0.9009688679024191,0,weekday,42.795
2023-12-02,2023,12,2,336,23,5,108.3,2023-12-02 23:00:00+00:00,2023-12-03 00:00:00+00:00,44753.095,437.96,6341.05,0.0,42733.29,6779.01,-0.4972040784469378,0.8676336233547726,-0.2588190451025215,0.965925826289068,-0.9749279121818236,-0.2225209339563146,0,weekend,43.496
2023-12-03,2023,12,3,337,23,6,93.86,2023-12-03 23:00:00+00:00,2023-12-04 00:00:00+00:00,46435.4425,4468.3775000000005,13004.05,0.0,49110.53,17472.427499999998,-0.4822058478963526,0.8760579434344281,-0.2588190451025215,0.965925826289068,-0.7818314824680299,0.6234898018587334,0,weekend,42.6555
2023-12-04,2023,12,4,338,23,0,90.85,2023-12-04 23:00:00+00:00,2023-12-05 00:00:00+00:00,48724.84,5490.45,20632.485,0.0,54235.73,26122.935,-0.4670649248774303,0.8842230238742036,-0.2588190451025215,0.965925826289068,0.0,1.0,0,weekday,41.815
2023-12-05,2023,12,5,339,23,1,94.97,2023-12-05 23:00:00+00:00,2023-12-06 00:00:00+00:00,49896.1025,4239.105,12039.2675,0.0,51073.83,16278.3725,-0.451785789832884,0.8921264484954345,-0.2588190451025215,0.965925826289068,0.7818314824680298,0.6234898018587336,0,weekday,39.455
2023-12-06,2023,12,6,340,23,2,99.2,2023-12-06 23:00:00+00:00,2023-12-07 00:00:00+00:00,50576.3575,575.1775,5319.135,0.0,42582.56,5894.3125,-0.4363729641045924,0.8997658785476209,-0.2588190451025215,0.965925826289068,0.9749279121818236,-0.2225209339563143,0,weekday,38.995
2023-12-07,2023,12,7,341,23,3,87.09,2023-12-07 23:00:00+00:00,2023-12-08 00:00:00+00:00,50507.8875,5281.2975,14504.0975,0.0,49528.95,19785.395,-0.4208310085956556,0.9071390534005044,-0.2588190451025215,0.965925826289068,0.4338837391175582,-0.900968867902419,0,weekday,39.8
2023-12-08,2023,12,8,342,23,4,95.0,2023-12-08 23:00:00+00:00,2023-12-09 00:00:00+00:00,48431.425,3937.0325,9700.565,0.0,40536.39,13637.5975,-0.4051645224207563,0.9142437912130223,-0.2588190451025215,0.965925826289068,-0.433883739117558,-0.9009688679024191,0,weekday,41.275
2023-12-09,2023,12,9,343,23,5,33.69,2023-12-09 23:00:00+00:00,2023-12-10 00:00:00+00:00,46317.0875,5474.6575,33337.375,0.0,56887.1,38812.0325,-0.3893781415452015,0.9210779895789526,-0.2588190451025215,0.965925826289068,-0.9749279121818236,-0.2225209339563146,0,weekend,38.6
2023-12-10,2023,12,10,344,23,6,34.44,2023-12-10 23:00:00+00:00,2023-12-11 00:00:00+00:00,46880.9975,3518.175,28872.85,0.0,53067.28,32391.025,-0.3734765374130707,0.9276396261490468,-0.2588190451025215,0.965925826289068,-0.7818314824680299,0.6234898018587334,0,weekend,37.4725
2023-12-11,2023,12,11,345,23,0,88.05,2023-12-11 23:00:00+00:00,2023-12-12 00:00:00+00:00,49281.6775,621.6225,16391.9025,0.0,46488.05,17013.525,-0.3574644155648614,0.9339267592294762,-0.2588190451025215,0.965925826289068,0.0,1.0,0,weekday,36.345
2023-12-12,2023,12,12,346,23,1,75.36,2023-12-12 23:00:00+00:00,2023-12-13 00:00:00+00:00,48893.4575,5681.42,16178.6175,0.0,50061.26,21860.0375,-0.3413465142450361,0.9399375283564132,-0.2588190451025215,0.965925826289068,0.7818314824680298,0.6234898018587336,0,weekday,36.43
2023-12-13,2023,12,13,347,23,2,77.34,2023-12-13 23:00:00+00:00,2023-12-14 00:00:00+00:00,49166.635,4340.7475,8571.532500000001,0.0,42038.39,12912.280000000002,-0.3251276029999093,0.9456701548465688,-0.2588190451025215,0.965925826289068,0.9749279121818236,-0.2225209339563143,0,weekday,34.675
2023-12-14,2023,12,14,348,23,3,86.13,2023-12-14 23:00:00+00:00,2023-12-15 00:00:00+00:00,48948.1525,2510.7875,6624.455,0.0,41978.32,9135.2425,-0.3088124812662537,0.9511229423235356,-0.2588190451025215,0.965925826289068,0.4338837391175582,-0.900968867902419,0,weekday,36.65
2023-12-15,2023,12,15,349,23,4,67.2,2023-12-15 23:00:00+00:00,2023-12-16 00:00:00+00:00,46547.925,5555.0775,14845.995,0.0,45045.83,20401.0725,-0.2924059769510773,0.956294277219772,-0.2588190451025215,0.965925826289068,-0.433883739117558,-0.9009688679024191,0,weekday,33.895
2023-12-16,2023,12,16,350,23,5,45.34,2023-12-16 23:00:00+00:00,2023-12-17 00:00:00+00:00,43928.0775,5736.9175,24592.22,0.0,50529.9,30329.1375,-0.2759129450029604,0.9611826292540836,-0.2588190451025215,0.965925826289068,-0.9749279121818236,-0.2225209339563146,0,weekend,33.19
2023-12-17,2023,12,17,351,23,6,52.9,2023-12-17 23:00:00+00:00,2023-12-18 00:00:00+00:00,45918.355,5618.26,26841.28,0.0,52112.62,32459.54,-0.2593382659754056,0.9657865518844574,-0.2588190451025215,0.965925826289068,-0.7818314824680299,0.6234898018587334,0,weekend,33.412499999999994
2023-12-18,2023,12,18,352,23,0,47.29,2023-12-18 23:00:00+00:00,2023-12-19 00:00:00+00:00,48159.5775,5214.2825,29859.4125,0.0,56766.37,35073.695,-0.2426868445825954,0.9701046827361176,-0.2588190451025215,0.965925826289068,0.0,1.0,0,weekday,33.635
2023-12-19,2023,12,19,353,23,1,57.85,2023-12-19 23:00:00+00:00,2023-12-20 00:00:00+00:00,43978.9125,5664.5875,22530.2975,0.0,50064.75,28194.885,-0.225963608248019,0.974135744004672,-0.2588190451025215,0.965925826289068,0.7818314824680298,0.6234898018587336,0,weekday,34.33
2023-12-20,2023,12,20,354,23,2,30.16,2023-12-20 23:00:00+00:00,2023-12-21 00:00:00+00:00,42574.8925,5338.8375,33281.0925,0.0,57272.85,38619.93,-0.2091735056463563,0.9778785428342386,-0.2588190451025215,0.965925826289068,0.9749279121818236,-0.2225209339563143,0,weekday,34.56
2023-12-21,2023,12,21,355,23,3,0.01,2023-12-21 23:00:00+00:00,2023-12-22 00:00:00+00:00,47267.92,4064.9425,44958.9175,0.0,62398.91,49023.86,-0.1923215052390948,0.9813319716704276,-0.2588190451025215,0.965925826289068,0.4338837391175582,-0.900968867902419,0,weekday,34.27
2023-12-22,2023,12,22,356,23,4,0.04,2023-12-22 23:00:00+00:00,2023-12-23 00:00:00+00:00,45451.0075,4961.4075,41889.66,0.0,60973.46,46851.067500000005,-0.1754125938042784,0.9844950085880858,-0.2588190451025215,0.965925826289068,-0.433883739117558,-0.9009688679024191,0,weekday,34.56
2023-12-23,2023,12,23,357,23,5,0.0,2023-12-23 23:00:00+00:00,2023-12-24 00:00:00+00:00,41005.7675,4646.0825,28220.175,0.0,49699.56,32866.2575,-0.1584517749608363,0.9873667175937016,-0.2588190451025215,0.965925826289068,-0.9749279121818236,-0.2225209339563146,0,weekend,34.174
2023-12-24,2023,12,24,358,23,6,-3.98,2023-12-24 23:00:00+00:00,2023-12-25 00:00:00+00:00,38779.7375,3079.3525,41929.8075,0.0,56084.02,45009.16,-0.141444067687942,0.989946248902378,-0.2588190451025215,0.965925826289068,-0.7818314824680299,0.6234898018587334,0,weekend,34.17433333333333
2023-12-25,2023,12,25,359,23,0,0.0,2023-12-25 23:00:00+00:00,2023-12-26 00:00:00+00:00,39444.3075,5399.3075,32310.615,0.0,53899.96,37709.9225,-0.1243945048397999,0.9922328391893008,-0.2588190451025215,0.965925826289068,0.0,1.0,1,holiday,34.17466666666667
2023-12-26,2023,12,26,360,23,1,41.35,2023-12-26 23:00:00+00:00,2023-12-27 00:00:00+00:00,41556.58,3959.22,19711.185,0.0,42236.95,23670.405,-0.1073081316563624,0.994225811815616,-0.2588190451025215,0.965925826289068,0.7818314824680298,0.6234898018587336,1,holiday,34.175
2023-12-27,2023,12,27,361,23,2,-0.02,2023-12-27 23:00:00+00:00,2023-12-28 00:00:00+00:00,45511.130000000005,4032.075,35044.8025,0.0,58128.06,39076.8775,-0.0901900042703451,0.99592457702866,-0.2588190451025215,0.965925826289068,0.9749279121818236,-0.2225209339563143,0,weekday,36.875
2023-12-28,2023,12,28,362,23,3,0.0,2023-12-28 23:00:00+00:00,2023-12-29 00:00:00+00:00,45635.725,5152.67,40031.54,0.0,59606.34,45184.21,-0.0730451882110474,0.9973286321364752,-0.2588190451025215,0.965925826289068,0.4338837391175582,-0.900968867902419,0,weekday,34.015
2023-12-29,2023,12,29,363,23,4,5.89,2023-12-29 23:00:00+00:00,2023-12-30 00:00:00+00:00,45474.5275,5705.25,34524.445,0.0,57239.51,40229.695,-0.0558787569053731,0.9984375616565666,-0.2588190451025215,0.965925826289068,-0.433883739117558,-0.9009688679024191,0,weekday,33.55
2023-12-30,2023,12,30,364,23,5,36.54,2023-12-30 23:00:00+00:00,2023-12-31 00:00:00+00:00,41626.87,5262.61,16700.5875,0.0,41937.09,21963.1975,-0.0386957901765268,0.999251037438848,-0.2588190451025215,0.965925826289068,-0.9749279121818236,-0.2225209339563146,0,weekend,32.35
2023-12-31,2023,12,31,365,23,6,0.1,2023-12-31 23:00:00+00:00,2024-01-01 00:00:00+00:00,39981.7075,5262.7325,30113.93,0.0,52304.8,35376.6625,-0.0215013727408137,0.999768818762748,-0.2588190451025215,0.965925826289068,-0.7818314824680299,0.6234898018587334,0,weekend,32.69833333333334
2024-01-01,2024,1,1,1,23,0,30.59,2024-01-01 23:00:00+00:00,2024-01-02 00:00:00+00:00,43457.32,3676.7275,20430.0425,0.0,44522.7,24106.77,0.0,1.0,-0.2588190451025215,0.965925826289068,0.0,1.0,1,holiday,33.04666666666667
2024-01-02,2024,1,2,2,23,1,-0.08,2024-01-02 23:00:00+00:00,2024-01-03 00:00:00+00:00,45407.47,3180.0550000000003,38727.24,0.0,59380.98,41907.295,0.0172015754182605,0.9998520419557736,-0.2588190451025215,0.965925826289068,0.7818314824680298,0.6234898018587336,0,weekday,33.395
2024-01-03,2024,1,3,3,23,2,57.3,2024-01-03 23:00:00+00:00,2024-01-04 00:00:00+00:00,45922.975,3441.2725,32073.7325,0.0,53091.92,35515.005,0.034398060613608,0.9994082116062598,-0.2588190451025215,0.965925826289068,0.9749279121818236,-0.2225209339563143,0,weekday,30.485
2024-01-04,2024,1,4,4,23,3,86.08,2024-01-04 23:00:00+00:00,2024-01-05 00:00:00+00:00,48169.1425,3695.595,8100.86,0.0,36944.29,11796.455,0.0515843668694083,0.9986686402879996,-0.2588190451025215,0.965925826289068,0.4338837391175582,-0.900968867902419,0,weekday,33.575
2024-01-05,2024,1,5,5,23,4,82.25,2024-01-05 23:00:00+00:00,2024-01-06 00:00:00+00:00,45726.302500000005,5689.932500000001,15853.3975,0.0,48043.95,21543.33,0.0687554084811394,0.9976335468520452,-0.2588190451025215,0.965925826289068,-0.433883739117558,-0.9009688679024191,0,weekday,32.46
2024-01-06,2024,1,6,6,23,5,84.08,2024-01-06 23:00:00+00:00,2024-01-07 00:00:00+00:00,42122.9025,4473.68,14101.7725,0.0,40671.44,18575.4525,0.0859061042613327,0.9963032375991964,-0.2588190451025215,0.965925826289068,-0.9749279121818236,-0.2225209339563146,0,weekend,34.55
2024-01-07,2024,1,7,7,23,6,87.02,2024-01-07 23:00:00+00:00,2024-01-08 00:00:00+00:00,44287.817500000005,4474.13,15174.85,0.0,43399.86,19648.98,0.1030313790431787,0.9946781061893646,-0.2588190451025215,0.965925826289068,-0.7818314824680299,0.6234898018587334,0,weekend,34.15
2024-01-08,2024,1,8,8,23,0,88.16,2024-01-08 23:00:00+00:00,2024-01-09 00:00:00+00:00,47059.17,2091.49,13830.22,0.0,47702.69,15921.71,0.1201261651823505,0.9927586335250792,-0.2588190451025215,0.965925826289068,0.0,1.0,0,weekday,33.75
2024-01-09,2024,1,9,9,23,1,89.29,2024-01-09 23:00:00+00:00,2024-01-10 00:00:00+00:00,49072.2425,384.52,9290.295,0.0,47961.55,9674.815,0.1371854040566005,0.9905453876091832,-0.2588190451025215,0.965925826289068,0.7818314824680298,0.6234898018587336,0,weekday,30.405
2024-01-10,2024,1,10,10,23,2,91.75,2024-01-10 23:00:00+00:00,2024-01-11 00:00:00+00:00,48714.81,628.86,3002.0825,0.0,43290.6,3630.9425,0.1542040475626894,0.988039023376751,-0.2588190451025215,0.965925826289068,0.9749279121818236,-0.2225209339563143,0,weekday,31.145
2024-01-11,2024,1,11,11,23,3,91.04,2024-01-11 23:00:00+00:00,2024-01-12 00:00:00+00:00,48920.1125,1346.6799999999998,2476.6575000000003,0.0,43486.06,3823.3375,0.1711770596101998,0.985240282501282,-0.2588190451025215,0.965925826289068,0.4338837391175582,-0.900968867902419,0,weekday,30.7
2024-01-12,2024,1,12,12,23,4,90.0,2024-01-12 23:00:00+00:00,2024-01-13 00:00:00+00:00,47959.24,3756.3725,13776.8825,0.0,48034.06,17533.255,0.1880994176117975,0.9821499931752292,-0.2588190451025215,0.965925826289068,-0.433883739117558,-0.9009688679024191,0,weekday,31.46
2024-01-13,2024,1,13,13,23,5,64.02,2024-01-13 23:00:00+00:00,2024-01-14 00:00:00+00:00,44207.45,5360.835,30814.085,0.0,57112.07,36174.92,0.2049661139694953,0.9787690698649216,-0.2588190451025215,0.965925826289068,-0.9749279121818236,-0.2225209339563146,0,weekend,31.99
2024-01-14,2024,1,14,14,23,6,67.9,2024-01-14 23:00:00+00:00,2024-01-15 00:00:00+00:00,46709.2525,5386.5425,32982.165,0.0,58449.71,38368.7075,0.2217721575564818,0.975098513039961,-0.2588190451025215,0.965925826289068,-0.7818314824680299,0.6234898018587334,0,weekend,31.763333333333332
2024-01-15,2024,1,15,15,23,0,81.45,2024-01-15 23:00:00+00:00,2024-01-16 00:00:00+00:00,50400.3425,4035.375,16519.7675,0.0,52418.3,20555.1425,0.2385125751940764,0.9711394088771652,-0.2588190451025215,0.965925826289068,0.0,1.0,0,weekday,31.536666666666665
2024-01-16,2024,1,16,16,23,1,71.61,2024-01-16 23:00:00+00:00,2024-01-17 00:00:00+00:00,50224.4975,5692.12,16142.59,0.0,51383.4,21834.71,0.2551824131233728,0.966892928939152,-0.2588190451025215,0.965925826289068,0.7818314824680298,0.6234898018587336,0,weekday,31.31
2024-01-17,2024,1,17,17,23,2,81.33,2024-01-17 23:00:00+00:00,2024-01-18 00:00:00+00:00,50601.0525,1454.9675,5739.0775,0.0,41547.31,7194.045,0.2717767384711357,0.9623603298276544,-0.2588190451025215,0.965925826289068,0.9749279121818236,-0.2225209339563143,0,weekday,29.135
2024-01-18,2024,1,18,18,23,3,70.58,2024-01-18 23:00:00+00:00,2024-01-19 00:00:00+00:00,52045.5425,5702.03,17239.3925,0.0,49798.84,22941.4225,0.2882906407095177,0.957542952811672,-0.2588190451025215,0.965925826289068,0.4338837391175582,-0.900968867902419,0,weekday,27.675
2024-01-19,2024,1,19,19,23,4,66.0,2024-01-19 23:00:00+00:00,2024-01-20 00:00:00+00:00,49057.175,5352.335,28462.675,0.0,57442.98,33815.01,0.3047192331091634,0.9524422234305676,-0.2588190451025215,0.965925826289068,-0.433883739117558,-0.9009688679024191,0,weekday,28.6
2024-01-20,2024,1,20,20,23,5,66.83,2024-01-20 23:00:00+00:00,2024-01-21 00:00:00+00:00,47172.5675,5810.905000000001,20176.495,0.0,48723.61,25987.4,0.321057654185271,0.9470596510722284,-0.2588190451025215,0.965925826289068,-0.9749279121818236,-0.2225209339563146,0,weekend,28.429
2024-01-21,2024,1,21,21,23,6,36.66,2024-01-21 23:00:00+00:00,2024-01-22 00:00:00+00:00,48198.3975,4078.0975,39607.795,0.0,60651.15,43685.8925,0.3373010691361842,0.9413968285264122,-0.2588190451025215,0.965925826289068,-0.7818314824680299,0.6234898018587334,0,weekend,27.767
2024-01-22,2024,1,22,22,23,0,16.23,2024-01-22 23:00:00+00:00,2024-01-23 00:00:00+00:00,50772.7675,4756.245,39945.1475,0.0,64493.93,44701.3925,0.3534446712740877,0.9354554315134164,-0.2588190451025215,0.965925826289068,0.0,1.0,0,weekday,27.105
2024-01-23,2024,1,23,23,23,1,3.05,2024-01-23 23:00:00+00:00,2024-01-24 00:00:00+00:00,53070.4675,4535.6725,41996.585,0.0,64881.5,46532.2575,0.3694836834473831,0.9292372181882051,-0.2588190451025215,0.965925826289068,0.7818314824680298,0.6234898018587336,0,weekday,27.375
2024-01-24,2024,1,24,24,23,2,44.34,2024-01-24 23:00:00+00:00,2024-01-25 00:00:00+00:00,52101.905,4712.1925,38565.4525,0.0,61221.0,43277.645,0.3854133594543256,0.9227440286201428,-0.2588190451025215,0.965925826289068,0.9749279121818236,-0.2225209339563143,0,weekday,27.455
2024-01-25,2024,1,25,25,23,3,62.8,2024-01-25 23:00:00+00:00,2024-01-26 00:00:00+00:00,52295.135,4839.9975,11282.825,0.0,40519.78,16122.822500000002,0.4012289854475009,0.9159777842484876,-0.2588190451025215,0.965925826289068,0.4338837391175582,-0.900968867902419,0,weekday,28.8
2024-01-26,2024,1,26,26,23,4,55.5,2024-01-26 23:00:00+00:00,2024-01-27 00:00:00+00:00,50623.4025,5044.265,29516.1425,0.0,54143.58,34560.4075,0.4169258813287287,0.908940487313808,-0.2588190451025215,0.965925826289068,-0.433883739117558,-0.9009688679024191,0,weekday,27.14
2024-01-27,2024,1,27,27,23,5,66.77,2024-01-27 23:00:00+00:00,2024-01-28 00:00:00+00:00,44797.525,4180.1075,9054.0425,0.0,38282.86,13234.15,0.4324994021339788,0.901634220265486,-0.2588190451025215,0.965925826289068,-0.9749279121818236,-0.2225209339563146,0,weekend,28.079
2024-01-28,2024,1,28,28,23,6,49.97,2024-01-28 23:00:00+00:00,2024-01-29 00:00:00+00:00,49355.8,5611.705,24678.6375,0.0,51626.6,30290.3425,0.4479449394078911,0.8940611451454876,-0.2588190451025215,0.965925826289068,-0.7818314824680299,0.6234898018587334,0,weekend,28.3095
2024-01-29,2024,1,29,29,23,0,71.94,2024-01-29 23:00:00+00:00,2024-01-30 00:00:00+00:00,54613.2,2482.0175,10886.75,0.0,39947.06,13368.7675,0.4632579225674917,0.88622350294858,-0.2588190451025215,0.965925826289068,0.0,1.0,0,weekday,28.54
2024-01-30,2024,1,30,30,23,1,71.73,2024-01-30 23:00:00+00:00,2024-01-31 00:00:00+00:00,50804.9125,4701.9125,21592.275,0.0,51109.62,26294.1875,0.4784338202547012,0.8781236129591848,-0.2588190451025215,0.965925826289068,0.7818314824680298,0.6234898018587336,0,weekday,28.05
2024-01-31,2024,1,31,31,23,2,47.06,2024-01-31 23:00:00+00:00,2024-02-01 00:00:00+00:00,52182.2925,5142.4225,36545.725,0.0,61295.11,41688.1475,0.4934681416772373,0.8697638720650646,-0.2588190451025215,0.965925826289068,0.9749279121818236,-0.2225209339563143,0,weekday,29.49
2024-02-01,2024,2,1,32,23,3,64.27,2024-02-01 23:00:00+00:00,2024-02-02 00:00:00+00:00,50527.685,5472.1775,19856.17,0.0,46899.53,25328.3475,0.5083564379375122,0.8611467540480452,-0.2588190451025215,0.965925826289068,0.4338837391175582,-0.900968867902419,0,weekday,30.14
2024-02-02,2024,2,2,33,23,4,24.74,2024-02-02 23:00:00+00:00,2024-02-03 00:00:00+00:00,48610.5875,4883.095,37526.4775,0.0,61604.16,42409.5725,0.5230943033491326,0.8522748088519838,-0.2588190451025215,0.965925826289068,-0.433883739117558,-0.9009688679024191,0,weekday,28.63
2024-02-03,2024,2,3,34,23,5,35.3,2024-02-03 23:00:00+00:00,2024-02-04 00:00:00+00:00,43664.85,5217.475,31026.485,0.0,54624.12,36243.96,0.5376773767406141,0.8431506618282,-0.2588190451025215,0.965925826289068,-0.9749279121818236,-0.2225209339563146,0,weekend,29.305
2024-02-04,2024,2,4,35,23,6,0.0,2024-02-04 23:00:00+00:00,2024-02-05 00:00:00+00:00,45315.8775,4921.075,39301.235,0.0,63914.87,44222.31,0.5521013427459208,0.8337770129585915,-0.2588190451025215,0.965925826289068,-0.7818314824680299,0.6234898018587334,0,weekend,29.5775
2024-02-05,2024,2,5,36,23,0,35.04,2024-02-05 23:00:00+00:00,2024-02-06 00:00:00+00:00,48270.36,4907.24,41525.14,0.0,64584.07,46432.38,0.5663619330814524,0.8241566360566663,-0.2588190451025215,0.965925826289068,0.0,1.0,0,weekday,29.85
2024-02-06,2024,2,6,37,23,1,41.17,2024-02-06 23:00:00+00:00,2024-02-07 00:00:00+00:00,50195.1525,5304.87,40590.35,0.0,62773.44,45895.22,0.580454927809098,0.8142923779467267,-0.2588190451025215,0.965925826289068,0.7818314824680298,0.6234898018587336,0,weekday,28.42
2024-02-07,2024,2,7,38,23,2,73.7,2024-02-07 23:00:00+00:00,2024-02-08 00:00:00+00:00,50394.8475,3008.8725,8483.605,0.0,46332.33,11492.4775,0.5943761565849831,0.804187157621448,-0.2588190451025215,0.965925826289068,0.9749279121818236,-0.2225209339563143,0,weekday,28.225
2024-02-08,2024,2,8,39,23,3,60.43,2024-02-08 23:00:00+00:00,2024-02-09 00:00:00+00:00,50710.39,5152.445,19119.9675,0.0,50036.1,24272.4125,0.6081214998935418,0.7938439653781019,-0.2588190451025215,0.965925826289068,0.4338837391175582,-0.900968867902419,0,weekday,28.15
2024-02-09,2024,2,9,40,23,4,63.1,2024-02-09 23:00:00+00:00,2024-02-10 00:00:00+00:00,49072.7125,4843.89,11878.3225,0.0,41696.45,16722.2125,0.6216868902665479,0.7832658619336791,-0.2588190451025215,0.965925826289068,-0.433883739117558,-0.9009688679024191,0,weekday,27.255
2024-02-10,2024,2,10,41,23,5,55.48,2024-02-10 23:00:00+00:00,2024-02-11 00:00:00+00:00,45200.295,5847.6025,15125.7975,0.0,42209.45,20973.4,0.6350683134867438,0.7724559775191742,-0.2588190451025215,0.965925826289068,-0.9749279121818236,-0.2225209339563146,0,weekend,27.115
2024-02-11,2024,2,11,42,23,6,64.35,2024-02-11 23:00:00+00:00,2024-02-12 00:00:00+00:00,47136.475,2691.6925,11737.6175,0.0,37331.37,14429.31,0.6482618097757122,0.7614175109532997,-0.2588190451025215,0.965925826289068,-0.7818314824680299,0.6234898018587334,0,weekend,26.6475
2024-02-12,2024,2,12,43,23,0,68.59,2024-02-12 23:00:00+00:00,2024-02-13 00:00:00+00:00,50166.2025,4223.985000000001,15445.4025,0.0,44667.43,19669.3875,0.6612634749656386,0.7501537286959042,-0.2588190451025215,0.965925826289068,0.0,1.0,0,weekday,26.18
2024-02-13,2024,2,13,44,23,1,60.63,2024-02-13 23:00:00+00:00,2024-02-14 00:00:00+00:00,48941.53,4421.7625,16668.4975,0.0,46153.5,21090.26,0.6740694616546161,0.7386679638813748,-0.2588190451025215,0.965925826289068,0.7818314824680298,0.6234898018587336,0,weekday,26.15
2024-02-14,2024,2,14,45,23,2,61.71,2024-02-14 23:00:00+00:00,2024-02-15 00:00:00+00:00,48245.5775,3231.335,16456.8775,0.0,44301.82,19688.2125,0.6866759803451553,0.726963615332308,-0.2588190451025215,0.965925826289068,0.9749279121818236,-0.2225209339563143,0,weekday,25.105
2024-02-15,2024,2,15,46,23,3,51.76,2024-02-15 23:00:00+00:00,2024-02-16 00:00:00+00:00,48016.695,5249.6025,17235.2975,0.0,45301.28,22484.9,0.6990793005655562,0.7150441465537444,-0.2588190451025215,0.965925826289068,0.4338837391175582,-0.900968867902419,0,weekday,24.85
2024-02-16,2024,2,16,47,23,4,57.31,2024-02-16 23:00:00+00:00,2024-02-17 00:00:00+00:00,46629.815,4501.3725,17416.877500000002,0.0,44348.17,21918.250000000004,0.7112757519738152,0.7029130847082615,-0.2588190451025215,0.965925826289068,-0.433883739117558,-0.9009688679024191,0,weekday,25.2
2024-02-17,2024,2,17,48,23,5,62.38,2024-02-17 23:00:00+00:00,2024-02-18 00:00:00+00:00,42727.735,3654.3325,4374.5025000000005,0.0,32845.26,8028.835000000001,0.7232617254437388,0.6905740195722293,-0.2588190451025215,0.965925826289068,-0.9749279121818236,-0.2225209339563146,0,weekend,24.82
2024-02-18,2024,2,18,49,23,6,44.0,2024-02-18 23:00:00+00:00,2024-02-19 00:00:00+00:00,46184.7125,5385.2725,26518.2775,0.0,51385.47,31903.55,0.7350336741329413,0.6780306024735382,-0.2588190451025215,0.965925826289068,-0.7818314824680299,0.6234898018587334,0,weekend,24.665
2024-02-19,2024,2,19,50,23,0,58.06,2024-02-19 23:00:00+00:00,2024-02-20 00:00:00+00:00,48906.95,4890.435,18397.455,0.0,47448.59,23287.890000000003,0.746588114532413,0.6652865452111116,-0.2588190451025215,0.965925826289068,0.0,1.0,0,weekday,24.51
2024-02-20,2024,2,20,51,23,1,50.65,2024-02-20 23:00:00+00:00,2024-02-21 00:00:00+00:00,47751.66,5526.9575,24610.025,0.0,54289.14,30136.9825,0.7579216274973472,0.6523456189565257,-0.2588190451025215,0.965925826289068,0.7818314824680298,0.6234898018587336,0,weekday,24.355
2024-02-21,2024,2,21,52,23,2,30.47,2024-02-21 23:00:00+00:00,2024-02-22 00:00:00+00:00,49149.99,5283.23,32995.715,0.0,57247.16,38278.94499999999,0.7690308592589181,0.6392116531380588,-0.2588190451025215,0.965925826289068,0.9749279121818236,-0.2225209339563143,0,weekday,24.1
2024-02-22,2024,2,22,53,23,3,9.23,2024-02-22 23:00:00+00:00,2024-02-23 00:00:00+00:00,50291.3775,4630.915,44089.83,0.0,62898.09,48720.745,0.7799125224167177,0.6258885343075018,-0.2588190451025215,0.965925826289068,0.4338837391175582,-0.900968867902419,0,weekday,23.975
2024-02-23,2024,2,23,54,23,4,66.47,2024-02-23 23:00:00+00:00,2024-02-24 00:00:00+00:00,46836.7125,3589.37,13202.02,0.0,42112.59,16791.39,0.7905633969115482,0.612380204990065,-0.2588190451025215,0.965925826289068,-0.433883739117558,-0.9009688679024191,0,weekday,22.77
2024-02-24,2024,2,24,55,23,5,56.57,2024-02-24 23:00:00+00:00,2024-02-25 00:00:00+00:00,43741.355,3639.055,18088.0175,0.0,42963.07,21727.0725,0.8009803309782905,0.5986906625177214,-0.2588190451025215,0.965925826289068,-0.9749279121818236,-0.2225209339563146,0,weekend,22.934
2024-02-25,2024,2,25,56,23,6,57.83,2024-02-25 23:00:00+00:00,2024-02-26 00:00:00+00:00,44826.6575,561.23,8066.6675,0.0,33750.77,8627.8975,0.8111602420785621,0.5848239578463322,-0.2588190451025215,0.965925826289068,-0.7818314824680299,0.6234898018587334,0,weekend,23.067
2024-02-26,2024,2,26,57,23,0,57.62,2024-02-26 23:00:00+00:00,2024-02-27 00:00:00+00:00,48023.8525,1444.285,12595.3225,0.0,42848.56,14039.6075,0.8211001178128892,0.5707841943569036,-0.2588190451025215,0.965925826289068,0.0,1.0,0,weekday,23.2
2024-02-27,2024,2,27,58,23,1,60.36,2024-02-27 23:00:00+00:00,2024-02-28 00:00:00+00:00,47963.1275,2593.355,2457.0825,0.0,37248.54,5050.4375,0.8307970168121247,0.5565755266413303,-0.2588190451025215,0.965925826289068,0.7818314824680298,0.6234898018587336,0,weekday,23.25
2024-02-28,2024,2,28,59,23,2,55.11,2024-02-28 23:00:00+00:00,2024-02-29 00:00:00+00:00,48509.255000000005,5625.31,11946.6,0.0,43096.38,17571.91,0.8402480696078469,0.5422021592729844,-0.2588190451025215,0.965925826289068,0.9749279121818236,-0.2225209339563143,0,weekday,25.625
2024-02-29,2024,2,29,60,23,3,62.04,2024-02-29 23:00:00+00:00,2024-03-01 00:00:00+00:00,48612.3125,5700.0225,16696.697500000002,0.0,46739.39,22396.72,0.8494504794814806,0.527668345562516,-0.2588190451025215,0.965925826289068,0.4338837391175582,-0.900968867902419,0,weekday,25.55
2024-03-01,2024,3,1,61,23,4,59.95,2024-03-01 23:00:00+00:00,2024-03-02 00:00:00+00:00,46051.1175,4790.3725,12835.035,0.0,42596.29,17625.4075,0.8584015232918917,0.512978386299228,-0.2588190451025215,0.965925826289068,-0.433883739117558,-0.9009688679024191,0,weekday,25.275
2024-03-02,2024,3,2,62,23,5,54.5,2024-03-02 23:00:00+00:00,2024-03-03 00:00:00+00:00,42020.4775,5429.7275,17528.555,0.0,46410.03,22958.2825,0.8670985522812081,0.4981366284784055,-0.2588190451025215,0.965925826289068,-0.9749279121818236,-0.2225209339563146,0,weekend,25.809
2024-03-03,2024,3,3,63,23,6,69.13,2024-03-03 23:00:00+00:00,2024-03-04 00:00:00+00:00,43574.9,2680.95,7826.1025,0.0,36797.71,10507.0525,0.8755389928586302,0.4831474640149687,-0.2588190451025215,0.965925826289068,-0.7818314824680299,0.6234898018587334,0,weekend,25.5045
2024-03-04,2024,3,4,64,23,0,61.96,2024-03-04 23:00:00+00:00,2024-03-05 00:00:00+00:00,46958.3,5095.93,8227.5425,0.0,42989.93,13323.4725,0.8837203473619977,0.4680153284438345,-0.2588190451025215,0.965925826289068,0.0,1.0,0,weekday,25.2
2024-03-05,2024,3,5,65,23,1,71.0,2024-03-05 23:00:00+00:00,2024-03-06 00:00:00+00:00,47635.8125,4171.7725,5381.3275,0.0,42388.26,9553.1,0.8916401947968874,0.452744699607371,-0.2588190451025215,0.965925826289068,0.7818314824680298,0.6234898018587336,0,weekday,26.66
2024-03-06,2024,3,6,66,23,2,73.33,2024-03-06 23:00:00+00:00,2024-03-07 00:00:00+00:00,48179.54,1817.4575,7581.195,0.0,41171.74,9398.6525,0.8992961915530253,0.4373400963303323,-0.2588190451025215,0.965925826289068,0.9749279121818236,-0.2225209339563143,0,weekday,27.065
2024-03-07,2024,3,7,67,23,3,68.45,2024-03-07 23:00:00+00:00,2024-03-08 00:00:00+00:00,49135.39,3470.5,16407.315,0.0,44672.61,19877.815,0.9066860720977984,0.4218060770826634,-0.2588190451025215,0.965925826289068,0.4338837391175582,-0.900968867902419,0,weekday,26.015
2024-03-08,2024,3,8,68,23,4,56.56,2024-03-08 23:00:00+00:00,2024-03-09 00:00:00+00:00,46381.165,5561.01,24372.6775,0.0,49553.69,29933.6875,0.9138076496466616,0.4061472386305789,-0.2588190451025215,0.965925826289068,-0.433883739117558,-0.9009688679024191,0,weekday,26.335
2024-03-09,2024,3,9,69,23,5,48.65,2024-03-09 23:00:00+00:00,2024-03-10 00:00:00+00:00,42069.0975,6239.14,21675.3925,0.0,47317.61,27914.5325,0.9206588168102428,0.3903682146763026,-0.2588190451025215,0.965925826289068,-0.9749279121818236,-0.2225209339563146,0,weekend,26.39
2024-03-10,2024,3,10,70,23,6,48.93,2024-03-10 23:00:00+00:00,2024-03-11 00:00:00+00:00,44281.4725,5917.395,23148.375,0.0,47560.36,29065.77,0.9272375462179536,0.374473674486883,-0.2588190451025215,0.965925826289068,-0.7818314824680299,0.6234898018587334,0,weekend,26.18
2024-03-11,2024,3,11,71,23,0,69.19,2024-03-11 23:00:00+00:00,2024-03-12 00:00:00+00:00,47361.655,2171.4025,7684.035,0.0,41781.46,9855.4375,0.9335418911179212,0.3584683215124808,-0.2588190451025215,0.965925826289068,0.0,1.0,0,weekday,25.97
2024-03-12,2024,3,12,72,23,1,63.93,2024-03-12 23:00:00+00:00,2024-03-13 00:00:00+00:00,47337.2925,2007.665,6308.2525000000005,0.0,38237.63,8315.9175,0.9395699859530622,0.342356891994542,-0.2588190451025215,0.965925826289068,0.7818314824680298,0.6234898018587336,0,weekday,25.01
2024-03-13,2024,3,13,73,23,2,63.29,2024-03-13 23:00:00+00:00,2024-03-14 00:00:00+00:00,47078.655,5924.895,10517.3525,0.0,42970.09,16442.2475,0.945320046913132,0.3261441535642696,-0.2588190451025215,0.965925826289068,0.9749279121818236,-0.2225209339563143,0,weekday,25.1
2024-03-14,2024,3,14,74,23,3,48.39,2024-03-14 23:00:00+00:00,2024-03-15 00:00:00+00:00,47679.23,5986.8175,18344.4625,0.0,47023.07,24331.28,0.9507903724625832,0.3098349038318025,-0.2588190451025215,0.965925826289068,0.4338837391175582,-0.900968867902419,0,weekday,24.675
2024-03-15,2024,3,15,75,23,4,44.12,2024-03-15 23:00:00+00:00,2024-03-16 00:00:00+00:00,45688.795,5418.705,23576.345,0.0,48465.55,28995.050000000003,0.9559793438440766,0.2934339689665273,-0.2588190451025215,0.965925826289068,-0.433883739117558,-0.9009688679024191,0,weekday,26.255
2024-03-16,2024,3,16,76,23,5,64.99,2024-03-16 23:00:00+00:00,2024-03-17 00:00:00+00:00,42303.655,1569.0725,10086.7825,0.0,33478.59,11655.855,0.9608854255574976,0.2769462022689364,-0.2588190451025215,0.965925826289068,-0.9749279121818236,-0.2225209339563146,0,weekend,27.026
2024-03-17,2024,3,17,77,23,6,64.12,2024-03-17 23:00:00+00:00,2024-03-18 00:00:00+00:00,43719.645,5489.2325,12953.75,0.0,40781.15,18442.9825,0.9655071658143364,0.2603764827344581,-0.2588190451025215,0.965925826289068,-0.7818314824680299,0.6234898018587334,0,weekend,27.5255
2024-03-18,2024,3,18,78,23,0,72.0,2024-03-18 23:00:00+00:00,2024-03-19 00:00:00+00:00,47064.2025,1465.715,6395.2475,0.0,39079.15,7860.962500000001,0.969843196967294,0.2437297136096838,-0.2588190451025215,0.965925826289068,0.0,1.0,0,weekday,28.025
2024-03-19,2024,3,19,79,23,1,76.01,2024-03-19 23:00:00+00:00,2024-03-20 00:00:00+00:00,45836.77,897.585,4251.4075,0.0,39282.76,5148.9925,0.9738922359149924,0.2270108209414184,-0.2588190451025215,0.965925826289068,0.7818314824680298,0.6234898018587336,0,weekday,28.9
2024-03-20,2024,3,20,80,23,2,76.18,2024-03-20 23:00:00+00:00,2024-03-21 00:00:00+00:00,46393.5225,2333.78,3464.72,0.0,38920.37,5798.5,0.977653084481664,0.2102247521189836,-0.2588190451025215,0.965925826289068,0.9749279121818236,-0.2225209339563143,0,weekday,28.385
2024-03-21,2024,3,21,81,23,3,56.34,2024-03-21 23:00:00+00:00,2024-03-22 00:00:00+00:00,46511.565,5586.485,10214.58,0.0,39755.07,15801.065,0.981124629771712,0.1933764744102058,-0.2588190451025215,0.965925826289068,0.4338837391175582,-0.900968867902419,0,weekday,27.045
2024-03-22,2024,3,22,82,23,4,77.77,2024-03-22 23:00:00+00:00,2024-03-23 00:00:00+00:00,45451.1925,4249.72,7812.11,0.0,36222.53,12061.83,0.984305844499033,0.1764709734915216,-0.2588190451025215,0.965925826289068,-0.433883739117558,-0.9009688679024191,0,weekday,26.525
2024-03-23,2024,3,23,83,23,5,32.1,2024-03-23 23:00:00+00:00,2024-03-24 00:00:00+00:00,42527.6425,5485.0175,25264.4725,0.0,47991.81,30749.49,0.9871957872910084,0.1595132519726365,-0.2588190451025215,0.965925826289068,-0.9749279121818236,-0.2225209339563146,0,weekend,27.776
2024-03-24,2024,3,24,84,23,6,62.51,2024-03-24 23:00:00+00:00,2024-03-25 00:00:00+00:00,43462.6275,3350.895,25167.0675,0.0,46480.83,28517.9625,0.9897936029670716,0.1425083279161708,-0.2588190451025215,0.965925826289068,-0.7818314824680299,0.6234898018587334,0,weekend,28.3005
2024-03-25,2024,3,25,85,23,0,79.9,2024-03-25 23:00:00+00:00,2024-03-26 00:00:00+00:00,46241.28,1135.2825,11704.485,0.0,41092.04,12839.7675,0.992098522791769,0.1254612333527364,-0.2588190451025215,0.965925826289068,0.0,1.0,0,weekday,28.825
2024-03-26,2024,3,26,86,23,1,58.35,2024-03-26 23:00:00+00:00,2024-03-27 00:00:00+00:00,46417.365,4015.195,15156.6025,0.0,40591.59,19171.7975,0.9941098647022418,0.108377012791876,-0.2588190451025215,0.965925826289068,0.7818314824680298,0.6234898018587336,0,weekday,27.61
2024-03-27,2024,3,27,87,23,2,79.09,2024-03-27 23:00:00+00:00,2024-03-28 00:00:00+00:00,46210.745,1068.5625,12241.6125,0.0,36582.72,13310.175,0.9958270335100596,0.0912607217293118,-0.2588190451025215,0.965925826289068,0.9749279121818236,-0.2225209339563143,0,weekday,27.35
2024-03-28,2024,3,28,88,23,3,20.6,2024-03-28 23:00:00+00:00,2024-03-29 00:00:00+00:00,44277.7475,6152.1825,29474.1825,0.0,50703.34,35626.365,0.9972495210773452,0.0741174251509443,-0.2588190451025215,0.965925826289068,0.4338837391175582,-0.900968867902419,0,weekday,27.55
2024-03-29,2024,3,29,89,23,4,69.3,2024-03-29 23:00:00+00:00,2024-03-30 00:00:00+00:00,43210.6025,3265.0025,8324.4025,0.0,33139.26,11589.405,0.998376906467142,0.0569521960340397,-0.2588190451025215,0.965925826289068,-0.433883739117558,-0.9009688679024191,1,holiday,27.34
2024-03-30,2024,3,30,90,23,5,75.7,2024-03-30 23:00:00+00:00,2024-03-31 00:00:00+00:00,41934.885,939.405,6786.74,0.0,28023.04,7726.144999999999,0.9992088560679752,0.0397701138460557,-0.2588190451025215,0.965925826289068,-0.9749279121818236,-0.2225209339563146,0,weekend,27.34
2024-03-31,2024,3,31,91,23,6,48.98,2024-03-31 23:00:00+00:00,2024-04-01 00:00:00+00:00,38032.7475,2920.745,8046.1925,0.0,29635.26,10966.9375,0.9997451236925734,0.0225762630415454,-0.2588190451025215,0.965925826289068,-0.7818314824680299,0.6234898018587334,0,weekend,27.34
2024-04-01,2024,4,1,92,23,0,1.28,2024-04-01 23:00:00+00:00,2024-04-02 00:00:00+00:00,42770.79,3784.325,27985.215,0.0,49090.25,31769.54,0.9999855506507186,0.0053757315575838,-0.2588190451025215,0.965925826289068,0.0,1.0,1,holiday,27.34
2024-04-02,2024,4,2,93,23,1,71.75,2024-04-02 23:00:00+00:00,2024-04-03 00:00:00+00:00,44030.6625,1015.8625,19386.51,0.0,40119.47,20402.3725,0.9999300657962056,-0.0118263906918325,-0.2588190451025215,0.965925826289068,0.7818314824680298,0.6234898018587336,0,weekday,27.35
2024-04-03,2024,4,3,94,23,2,52.01,2024-04-03 23:00:00+00:00,2024-04-04 00:00:00+00:00,43975.215,6271.9025,22443.682500000003,0.0,47155.31,28715.585000000003,0.9995786855478958,-0.0290250133219752,-0.2588190451025215,0.965925826289068,0.9749279121818236,-0.2225209339563143,0,weekday,25.7
2024-04-04,2024,4,4,95,23,3,59.08,2024-04-04 23:00:00+00:00,2024-04-05 00:00:00+00:00,44770.2925,3934.0,21561.915,0.0,42917.72,25495.915,0.9989315138848576,-0.0462150469837083,-0.2588190451025215,0.965925826289068,0.4338837391175582,-0.900968867902419,0,weekday,25.685
2024-04-05,2024,4,5,96,23,4,45.01,2024-04-05 23:00:00+00:00,2024-04-06 00:00:00+00:00,40389.98,6392.4325,21376.975,0.0,44882.59,27769.4075,0.9979887423155984,-0.0633914048695103,-0.2588190451025215,0.965925826289068,-0.433883739117558,-0.9009688679024191,0,weekday,26.56
2024-04-06,2024,4,6,97,23,5,0.09,2024-04-06 23:00:00+00:00,2024-04-07 00:00:00+00:00,37981.1475,5787.555,23737.3175,0.0,46535.9,29524.8725,0.9967506498213928,-0.0805490042187416,-0.2588190451025215,0.965925826289068,-0.9749279121818236,-0.2225209339563146,0,weekend,26.605
2024-04-07,2024,4,7,98,23,6,70.71,2024-04-07 23:00:00+00:00,2024-04-08 00:00:00+00:00,41735.0625,4727.03,6830.085,0.0,33845.0,11557.115,0.9952176027737294,-0.0976827678217159,-0.2588190451025215,0.965925826289068,-0.7818314824680299,0.6234898018587334,0,weekend,26.55
2024-04-08,2024,4,8,99,23,0,69.39,2024-04-08 23:00:00+00:00,2024-04-09 00:00:00+00:00,43904.26,2860.05,11550.36,0.0,37427.92,14410.41,0.9933900548258936,-0.114787625522127,-0.2588190451025215,0.965925826289068,0.0,1.0,0,weekday,26.495
2024-04-09,2024,4,9,100,23,1,5.95,2024-04-09 23:00:00+00:00,2024-04-10 00:00:00+00:00,43265.9875,5276.7525000000005,26547.6675,0.0,49671.4,31824.42,0.9912685467787256,-0.1318585157173911,-0.2588190451025215,0.965925826289068,0.7818314824680298,0.6234898018587336,0,weekday,27.955
2024-04-10,2024,4,10,101,23,2,67.36,2024-04-10 23:00:00+00:00,2024-04-11 00:00:00+00:00,44701.305,5019.31,12994.715,0.0,40789.91,18014.025,0.9888537064205885,-0.1488903868564548,-0.2588190451025215,0.965925826289068,0.9749279121818236,-0.2225209339563143,0,weekday,27.53
2024-04-11,2024,4,11,102,23,3,71.74,2024-04-11 23:00:00+00:00,2024-04-12 00:00:00+00:00,46716.7775,4690.8625,7486.5725,0.0,33146.86,12177.435,0.986146248341595,-0.1658781989346314,-0.2588190451025215,0.965925826289068,0.4338837391175582,-0.900968867902419,0,weekday,27.75
2024-04-12,2024,4,12,103,23,4,49.07,2024-04-12 23:00:00+00:00,2024-04-13 00:00:00+00:00,41890.8175,4717.0375,13845.18,0.0,35140.64,18562.2175,0.98314697372215,-0.1828169249850199,-0.2588190451025215,0.965925826289068,-0.433883739117558,-0.9009688679024191,0,weekday,29.565
2024-04-13,2024,4,13,104,23,5,0.83,2024-04-13 23:00:00+00:00,2024-04-14 00:00:00+00:00,38815.735,4537.8775000000005,28140.3675,0.0,49061.07,32678.245000000003,0.9798567700958664,-0.1997015525660636,-0.2588190451025215,0.965925826289068,-0.9749279121818236,-0.2225209339563146,0,weekend,30.732
2024-04-14,2024,4,14,105,23,6,81.26,2024-04-14 23:00:00+00:00,2024-04-15 00:00:00+00:00,40862.8875,2530.7775,3427.0550000000003,0.0,27301.46,5957.8325,0.976276611086932,-0.2165270852448143,-0.2588190451025215,0.965925826289068,-0.7818314824680299,0.6234898018587334,0,weekend,30.981
2024-04-15,2024,4,15,106,23,0,0.04,2024-04-15 23:00:00+00:00,2024-04-16 00:00:00+00:00,44689.7225,4196.27,34867.6,0.0,52737.1,39063.87,0.9724075561219968,-0.2332885440754551,-0.2588190451025215,0.965925826289068,0.0,1.0,0,weekday,31.23
2024-04-16,2024,4,16,107,23,1,83.84,2024-04-16 23:00:00+00:00,2024-04-17 00:00:00+00:00,44116.155,1799.2625,9572.9175,0.0,37765.72,11372.18,0.9682507501166718,-0.2499809690726521,-0.2588190451025215,0.965925826289068,0.7818314824680298,0.6234898018587336,0,weekday,32.02
2024-04-17,2024,4,17,108,23,2,87.42,2024-04-17 23:00:00+00:00,2024-04-18 00:00:00+00:00,46443.76,614.8075,3596.0925,0.0,36449.05,4210.900000000001,0.9638074231367308,-0.2665994206792935,-0.2588190451025215,0.965925826289068,0.9749279121818236,-0.2225209339563143,0,weekday,33.7
2024-04-18,2024,4,18,109,23,3,60.83,2024-04-18 23:00:00+00:00,2024-04-19 00:00:00+00:00,45692.355,4938.56,14531.0375,0.0,40690.18,19469.5975,0.9590788900341132,-0.2831389812281835,-0.2588190451025215,0.965925826289068,0.4338837391175582,-0.900968867902419,0,weekday,30.98
2024-04-19,2024,4,19,110,23,4,57.97,2024-04-19 23:00:00+00:00,2024-04-20 00:00:00+00:00,42934.177500000005,4737.1,24129.64,0.0,46977.23,28866.74,0.9540665500578388,-0.2995947563972602,-0.2588190451025215,0.965925826289068,-0.433883739117558,-0.9009688679024191,0,weekday,33.615
2024-04-20,2024,4,20,111,23,5,70.59,2024-04-20 23:00:00+00:00,2024-04-21 00:00:00+00:00,39717.655,2869.935,6994.43,0.0,31207.93,9864.365,0.9487718864399473,-0.3159618766579029,-0.2588190451025215,0.965925826289068,-0.9749279121818236,-0.2225209339563146,0,weekend,30.758
2024-04-21,2024,4,21,112,23,6,78.05,2024-04-21 23:00:00+00:00,2024-04-22 00:00:00+00:00,41212.41,2060.0525,8019.7525,0.0,32754.44,10079.805,0.9431964659565866,-0.3322354987159043,-0.2588190451025215,0.965925826289068,-0.7818314824680299,0.6234898018587334,0,weekend,30.304000000000002
2024-04-22,2024,4,22,113,23,0,86.69,2024-04-22 23:00:00+00:00,2024-04-23 00:00:00+00:00,44474.475,161.7475,4046.87,0.0,36544.69,4208.6175,0.9373419384643772,-0.3484108069446808,-0.2588190451025215,0.965925826289068,0.0,1.0,0,weekday,29.85
2024-04-23,2024,4,23,114,23,1,77.97,2024-04-23 23:00:00+00:00,2024-04-24 00:00:00+00:00,43941.38,4602.215,6974.55,0.0,39170.57,11576.765,0.9312100364121948,-0.3644830148102912,-0.2588190451025215,0.965925826289068,0.7818314824680298,0.6234898018587336,0,weekday,28.965
2024-04-24,2024,4,24,115,23,2,80.0,2024-04-24 23:00:00+00:00,2024-04-25 00:00:00+00:00,44412.7375,1525.0,7946.8225,0.0,38740.02,9471.8225,0.9248025743285088,-0.3804473662878516,-0.2588190451025215,0.965925826289068,0.9749279121818236,-0.2225209339563143,0,weekday,29.12
2024-04-25,2024,4,25,116,23,3,74.0,2024-04-25 23:00:00+00:00,2024-04-26 00:00:00+00:00,45365.04,1434.3675,11679.6825,0.0,41265.18,13114.05,0.9181214482844364,-0.3962991372689181,-0.2588190451025215,0.965925826289068,0.4338837391175582,-0.900968867902419,0,weekday,29.645
2024-04-26,2024,4,26,117,23,4,88.9,2024-04-26 23:00:00+00:00,2024-04-27 00:00:00+00:00,43090.8725,162.365,4364.7,0.0,32268.92,4527.065,0.9111686353326632,-0.4120336369594263,-0.2588190451025215,0.965925826289068,-0.433883739117558,-0.9009688679024191,0,weekday,29.865
2024-04-27,2024,4,27,118,23,5,46.14,2024-04-27 23:00:00+00:00,2024-04-28 00:00:00+00:00,37672.2675,3317.2925,19260.405,0.0,40062.28,22577.6975,0.9039461929224012,-0.4276462092677746,-0.2588190451025215,0.965925826289068,-0.9749279121818236,-0.2225209339563146,0,weekend,28.885
2024-04-28,2024,4,28,119,23,6,60.05,2024-04-28 23:00:00+00:00,2024-04-29 00:00:00+00:00,39730.72,5440.2875,8835.692500000001,0.0,33805.54,14275.98,0.8964562582905575,-0.4431322341826345,-0.2588190451025215,0.965925826289068,-0.7818314824680299,0.6234898018587334,0,weekend,28.439500000000002
2024-04-29,2024,4,29,120,23,0,66.77,2024-04-29 23:00:00+00:00,2024-04-30 00:00:00+00:00,42277.455,3063.425,11852.88,0.0,35539.52,14916.305,0.8887010478292915,-0.4584871291400876,-0.2588190451025215,0.965925826289068,0.0,1.0,0,weekday,27.994
2024-04-30,2024,4,30,121,23,1,55.09,2024-04-30 23:00:00+00:00,2024-05-01 00:00:00+00:00,38441.1875,2603.0925,14552.92,0.0,32930.27,17156.0125,0.8806828564301475,-0.47370635037968,-0.2588190451025215,0.965925826289068,0.7818314824680298,0.6234898018587336,0,weekday,28.45
2024-05-01,2024,5,1,122,23,2,10.94,2024-05-01 23:00:00+00:00,2024-05-02 00:00:00+00:00,42244.125,5479.4675,23719.9825,0.0,46239.92,29199.45,0.8724040568049612,-0.4887853942889926,-0.2588190451025215,0.965925826289068,0.9749279121818236,-0.2225209339563143,1,holiday,28.7
2024-05-02,2024,5,2,123,23,3,59.14,2024-05-02 23:00:00+00:00,2024-05-03 00:00:00+00:00,44891.635,5757.29,21152.6375,0.0,44721.67,26909.9275,0.8638670987837349,-0.503719798736334,-0.2588190451025215,0.965925826289068,0.4338837391175582,-0.900968867902419,0,weekday,28.525
2024-05-03,2024,5,3,124,23,4,87.79,2024-05-03 23:00:00+00:00,2024-05-04 00:00:00+00:00,41794.552500000005,2657.3775,4581.215,0.0,29379.61,7238.592500000001,0.8550745085896932,-0.518505144391157,-0.2588190451025215,0.965925826289068,-0.433883739117558,-0.9009688679024191,0,weekday,30.71
2024-05-04,2024,5,4,125,23,5,84.82,2024-05-04 23:00:00+00:00,2024-05-05 00:00:00+00:00,38233.27,970.53,9571.74,0.0,29982.14,10542.27,0.8460288880917339,-0.533137056031809,-0.2588190451025215,0.965925826289068,-0.9749279121818236,-0.2225209339563146,0,weekend,30.53
2024-05-05,2024,5,5,126,23,6,79.59,2024-05-05 23:00:00+00:00,2024-05-06 00:00:00+00:00,40276.565,966.5,6552.55,0.0,29824.64,7519.05,0.8367329140344921,-0.5476112038402312,-0.2588190451025215,0.965925826289068,-0.7818314824680299,0.6234898018587334,0,weekend,30.625
2024-05-06,2024,5,6,127,23,0,79.17,2024-05-06 23:00:00+00:00,2024-05-07 00:00:00+00:00,42992.1675,978.655,5974.5525,0.0,31610.39,6953.2075,0.8271893372462497,-0.5619233046832195,-0.2588190451025215,0.965925826289068,0.0,1.0,0,weekday,30.72
2024-05-07,2024,5,7,128,23,1,80.84,2024-05-07 23:00:00+00:00,2024-05-08 00:00:00+00:00,42412.6475,288.7625,6063.105,0.0,32393.4,6351.867499999999,0.8174009818249189,-0.5760691233798758,-0.2588190451025215,0.965925826289068,0.7818314824680298,0.6234898018587336,0,weekday,31.6
2024-05-08,2024,5,8,129,23,2,88.06,2024-05-08 23:00:00+00:00,2024-05-09 00:00:00+00:00,39815.2875,65.6825,2766.2875,0.0,26956.11,2831.97,0.8073707443023492,-0.5900444739548627,-0.2588190451025215,0.965925826289068,0.9749279121818236,-0.2225209339563143,0,weekday,30.585
2024-05-09,2024,5,9,130,23,3,84.93,2024-05-09 23:00:00+00:00,2024-05-10 00:00:00+00:00,42023.3225,834.1899999999999,1991.4225,0.0,27944.53,2825.6125,0.7971015927871943,-0.6038452208771035,-0.2588190451025215,0.965925826289068,0.4338837391175582,-0.900968867902419,1,holiday,30.835
2024-05-10,2024,5,10,131,23,4,94.18,2024-05-10 23:00:00+00:00,2024-05-11 00:00:00+00:00,40912.065,173.2425,4038.825,0.0,30547.89,4212.0675,0.7865965660866021,-0.6174672802835514,-0.2588190451025215,0.965925826289068,-0.433883739117558,-0.9009688679024191,0,weekday,30.74
2024-05-11,2024,5,11,132,23,5,54.5,2024-05-11 23:00:00+00:00,2024-05-12 00:00:00+00:00,36976.875,1895.035,10994.79,0.0,31677.13,12889.825,0.7758587728069828,-0.6309066211876704,-0.2588190451025215,0.965925826289068,-0.9749279121818236,-0.2225209339563146,0,weekend,30.03
2024-05-12,2024,5,12,133,23,6,25.88,2024-05-12 23:00:00+00:00,2024-05-13 00:00:00+00:00,40494.165,5460.665,19484.435,0.0,43898.97,24945.1,0.7648913904341225,-0.6441592666722685,-0.2588190451025215,0.965925826289068,-0.7818314824680299,0.6234898018587334,0,weekend,29.8125
2024-05-13,2024,5,13,134,23,0,43.43,2024-05-13 23:00:00+00:00,2024-05-14 00:00:00+00:00,43302.9475,5637.975,18980.2975,0.0,42555.52,24618.2725,0.753697664392914,-0.6572212950663319,-0.2588190451025215,0.965925826289068,0.0,1.0,0,weekday,29.595
2024-05-14,2024,5,14,135,23,1,32.34,2024-05-14 23:00:00+00:00,2024-05-15 00:00:00+00:00,41941.6725,5854.1025,23196.19,0.0,46347.81,29050.2925,0.742280907086982,-0.6700888411055113,-0.2588190451025215,0.965925826289068,0.7818314824680298,0.6234898018587336,0,weekday,29.765
2024-05-15,2024,5,15,136,23,2,47.76,2024-05-15 23:00:00+00:00,2024-05-16 00:00:00+00:00,43350.515,5333.175,21694.14,0.0,43739.42,27027.315,0.7306444969184916,-0.6827580970759147,-0.2588190451025215,0.965925826289068,0.9749279121818236,-0.2225209339563143,0,weekday,29.585
2024-05-16,2024,5,16,137,23,3,63.2,2024-05-16 23:00:00+00:00,2024-05-17 00:00:00+00:00,45889.7075,4063.1125,17070.655,0.0,37766.19,21133.7675,0.7187918772884232,-0.6952253139408722,-0.2588190451025215,0.965925826289068,0.4338837391175582,-0.900968867902419,0,weekday,29.51
2024-05-17,2024,5,17,138,23,4,63.61,2024-05-17 23:00:00+00:00,2024-05-18 00:00:00+00:00,40124.895,4645.6325,12973.645,0.0,38374.16,17619.2775,0.7067265555776158,-0.7074868024503348,-0.2588190451025215,0.965925826289068,-0.433883739117558,-0.9009688679024191,0,weekday,30.88
2024-05-18,2024,5,18,139,23,5,89.06,2024-05-18 23:00:00+00:00,2024-05-19 00:00:00+00:00,35846.385,1532.85,4292.7525000000005,0.0,25445.81,5825.602500000001,0.6944521021088763,-0.719538934232584,-0.2588190451025215,0.965925826289068,-0.9749279121818236,-0.2225209339563146,0,weekend,30.769
2024-05-19,2024,5,19,140,23,6,82.64,2024-05-19 23:00:00+00:00,2024-05-20 00:00:00+00:00,37904.8,2731.34,2769.9125,0.0,26804.18,5501.2525000000005,0.6819721490904629,-0.7313781428679254,-0.2588190451025215,0.965925826289068,-0.7818314824680299,0.6234898018587334,0,weekend,31.0445
2024-05-20,2024,5,20,141,23,0,76.4,2024-05-20 23:00:00+00:00,2024-05-21 00:00:00+00:00,40770.19,4180.775,9949.685,0.0,35337.62,14130.46,0.6692903895412567,-0.7430009249440493,-0.2588190451025215,0.965925826289068,0.0,1.0,1,holiday,31.32
2024-05-21,2024,5,21,142,23,1,66.4,2024-05-21 23:00:00+00:00,2024-05-22 00:00:00+00:00,42699.1175,4188.1,21201.8425,0.0,46016.57,25389.9425,0.6564105761979381,-0.7544038410927472,-0.2588190451025215,0.965925826289068,0.7818314824680298,0.6234898018587336,0,weekday,31.625
2024-05-22,2024,5,22,143,23,2,78.45,2024-05-22 23:00:00+00:00,2024-05-23 00:00:00+00:00,41761.2125,1923.4675,7740.327499999999,0.0,31174.9,9663.795,0.6433365204044917,-0.765583517007675,-0.2588190451025215,0.965925826289068,0.9749279121818236,-0.2225209339563143,0,weekday,32.88
2024-05-23,2024,5,23,144,23,3,94.12,2024-05-23 23:00:00+00:00,2024-05-24 00:00:00+00:00,45619.965,650.5975,1128.6075,0.0,33387.28,1779.205,0.6300720909843687,-0.7765366444428655,-0.2588190451025215,0.965925826289068,0.4338837391175582,-0.900968867902419,0,weekday,34.62
2024-05-24,2024,5,24,145,23,4,91.83,2024-05-24 23:00:00+00:00,2024-05-25 00:00:00+00:00,40810.7025,2271.78,5587.17,0.0,33059.14,7858.950000000001,0.6166212130956382,-0.7872599821916922,-0.2588190451025215,0.965925826289068,-0.433883739117558,-0.9009688679024191,0,weekday,35.6
2024-05-25,2024,5,25,146,23,5,98.3,2024-05-25 23:00:00+00:00,2024-05-26 00:00:00+00:00,36894.975,994.775,1353.89,0.0,25938.79,2348.665,0.6029878670694714,-0.7977503570459932,-0.2588190451025215,0.965925826289068,-0.9749279121818236,-0.2225209339563146,0,weekend,34.115
2024-05-26,2024,5,26,147,23,6,75.07,2024-05-26 23:00:00+00:00,2024-05-27 00:00:00+00:00,39187.015,2380.4175,8968.81,0.0,32173.86,11349.2275,0.5891760872322963,-0.8080046647350754,-0.2588190451025215,0.965925826289068,-0.7818314824680299,0.6234898018587334,0,weekend,34.21333333333333
2024-05-27,2024,5,27,148,23,0,90.5,2024-05-27 23:00:00+00:00,2024-05-28 00:00:00+00:00,41981.2025,238.865,5939.79,0.0,33041.35,6178.655,0.5751899607119775,-0.8180198708443174,-0.2588190451025215,0.965925826289068,0.0,1.0,0,weekday,34.31166666666667
2024-05-28,2024,5,28,149,23,1,57.54,2024-05-28 23:00:00+00:00,2024-05-29 00:00:00+00:00,42369.435,4432.0275,12598.7675,0.0,39420.8,17030.795,0.5610336262283677,-0.8277930117131022,-0.2588190451025215,0.965925826289068,0.7818314824680298,0.6234898018587336,0,weekday,34.41
2024-05-29,2024,5,29,150,23,2,96.2,2024-05-29 23:00:00+00:00,2024-05-30 00:00:00+00:00,41289.145,2264.9725,4724.63,0.0,32782.15,6989.6025,0.5467112728685939,-0.8373211953118121,-0.2588190451025215,0.965925826289068,0.9749279121818236,-0.2225209339563143,0,weekday,34.135
2024-05-30,2024,5,30,151,23,3,80.71,2024-05-30 23:00:00+00:00,2024-05-31 00:00:00+00:00,42270.66,896.435,5335.4875,0.0,28086.65,6231.922500000001,0.5322271388474397,-0.8466016020976267,-0.2588190451025215,0.965925826289068,0.4338837391175582,-0.900968867902419,0,weekday,33.875
2024-05-31,2024,5,31,152,23,4,88.82,2024-05-31 23:00:00+00:00,2024-06-01 00:00:00+00:00,40703.61,3629.2375,7819.59,0.0,31465.61,11448.8275,0.5175855102531889,-0.8556314858488706,-0.2588190451025215,0.965925826289068,-0.433883739117558,-0.9009688679024191,0,weekday,35.28
2024-06-01,2024,6,1,153,23,5,31.12,2024-06-01 23:00:00+00:00,2024-06-02 00:00:00+00:00,37459.8925,4867.7475,11545.5375,0.0,35846.51,16413.285,0.5027907197793043,-0.8644081744776648,-0.2588190451025215,0.965925826289068,-0.9749279121818236,-0.2225209339563146,0,weekend,34.223
2024-06-02,2024,6,2,154,23,6,84.58,2024-06-02 23:00:00+00:00,2024-06-03 00:00:00+00:00,39835.7775,3034.31,10889.335,0.0,33809.44,13923.645,0.4878471454423119,-0.8729290708206411,-0.2588190451025215,0.965925826289068,-0.7818314824680299,0.6234898018587334,0,weekend,35.2265
2024-06-03,2024,6,3,155,23,0,99.98,2024-06-03 23:00:00+00:00,2024-06-04 00:00:00+00:00,43105.1825,1005.6825,2514.15,0.0,30855.57,3519.8325,0.4727592092862775,-0.881191653407483,-0.2588190451025215,0.965925826289068,0.0,1.0,0,weekday,36.23
2024-06-04,2024,6,4,156,23,1,43.93,2024-06-04 23:00:00+00:00,2024-06-05 00:00:00+00:00,42314.8275,4243.0075,16701.46,0.0,42473.04,20944.4675,0.4575313760742512,-0.8891934772070711,-0.2588190451025215,0.965925826289068,0.7818314824680298,0.6234898018587336,0,weekday,36.075
2024-06-05,2024,6,5,157,23,2,89.92,2024-06-05 23:00:00+00:00,2024-06-06 00:00:00+00:00,43294.8225,3725.845,4832.74,0.0,36198.89,8558.585,0.442168151967072,-0.8969321743510065,-0.2588190451025215,0.965925826289068,0.9749279121818236,-0.2225209339563143,0,weekday,33.75
2024-06-06,2024,6,6,158,23,3,96.13,2024-06-06 23:00:00+00:00,2024-06-07 00:00:00+00:00,45089.5825,556.6825,1549.9825,0.0,32217.95,2106.665,0.4266740831899246,-0.9044054548343,-0.2588190451025215,0.965925826289068,0.4338837391175582,-0.900968867902419,0,weekday,33.225
2024-06-07,2024,6,7,159,23,4,90.04,2024-06-07 23:00:00+00:00,2024-06-08 00:00:00+00:00,40443.53,4638.765,2831.9475,0.0,33070.2,7470.712500000001,0.4110537546870351,-0.911611107193024,-0.2588190451025215,0.965925826289068,-0.433883739117558,-0.9009688679024191,0,weekday,32.885
2024-06-08,2024,6,8,160,23,5,63.59,2024-06-08 23:00:00+00:00,2024-06-09 00:00:00+00:00,38080.177500000005,5534.5525,10703.3925,0.0,37897.32,16237.945,0.3953117887649151,-0.9185469991587164,-0.2588190451025215,0.965925826289068,-0.9749279121818236,-0.2225209339563146,0,weekend,33.109
2024-06-09,2024,6,9,161,23,6,71.59,2024-06-09 23:00:00+00:00,2024-06-10 00:00:00+00:00,39803.315,4691.875,8076.505,0.0,34811.04,12768.38,0.3794528437245443,-0.925211078289358,-0.2588190451025215,0.965925826289068,-0.7818314824680299,0.6234898018587334,0,weekend,33.057
2024-06-10,2024,6,10,162,23,0,56.96,2024-06-10 23:00:00+00:00,2024-06-11 00:00:00+00:00,42578.845,4306.2825,20311.2575,0.0,44742.19,24617.54,0.3634816124829063,-0.9316013725767188,-0.2588190451025215,0.965925826289068,0.0,1.0,0,weekday,33.005
2024-06-11,2024,6,11,163,23,1,85.35,2024-06-11 23:00:00+00:00,2024-06-12 00:00:00+00:00,42501.1275,4312.8775000000005,10056.795,0.0,37533.0,14369.6725,0.3474028211842774,-0.9377159910299092,-0.2588190451025215,0.965925826289068,0.7818314824680298,0.6234898018587336,0,weekday,33.675
2024-06-12,2024,6,12,164,23,2,93.26,2024-06-12 23:00:00+00:00,2024-06-13 00:00:00+00:00,43923.205,2514.605,4992.6825,0.0,37094.33,7507.2875,0.3312212278016865,-0.9435531242349544,-0.2588190451025215,0.965925826289068,0.9749279121818236,-0.2225209339563143,0,weekday,34.055
2024-06-13,2024,6,13,165,23,3,71.45,2024-06-13 23:00:00+00:00,2024-06-14 00:00:00+00:00,44431.61,1421.23,9784.5025,0.0,34661.83,11205.7325,0.3149416207289519,-0.9491110448902284,-0.2588190451025215,0.965925826289068,0.4338837391175582,-0.900968867902419,0,weekday,35.665
2024-06-14,2024,6,14,166,23,4,41.04,2024-06-14 23:00:00+00:00,2024-06-15 00:00:00+00:00,41362.41,2336.6675,16336.54,0.0,37463.68,18673.2075,0.2985688173637202,-0.9543881083175908,-0.2588190451025215,0.965925826289068,-0.433883739117558,-0.9009688679024191,0,weekday,35.375
2024-06-15,2024,6,15,167,23,5,10.36,2024-06-15 23:00:00+00:00,2024-06-16 00:00:00+00:00,38418.9075,4685.5425000000005,12389.645,0.0,36742.27,17075.1875,0.2821076626819194,-0.9593827529490744,-0.2588190451025215,0.965925826289068,-0.9749279121818236,-0.2225209339563146,0,weekend,35.36
2024-06-16,2024,6,16,168,23,6,66.73,2024-06-16 23:00:00+00:00,2024-06-17 00:00:00+00:00,40305.5625,1846.1225,7324.01,0.0,30403.41,9170.1325,0.2655630278040559,-0.9640935007889756,-0.2588190451025215,0.965925826289068,-0.7818314824680299,0.6234898018587334,0,weekend,35.379999999999995
2024-06-17,2024,6,17,169,23,0,90.29,2024-06-17 23:00:00+00:00,2024-06-18 00:00:00+00:00,43015.3025,795.4975,2375.1225,0.0,32395.81,3170.62,0.2489398085537665,-0.9685189578512204,-0.2588190451025215,0.965925826289068,0.0,1.0,0,weekday,35.4
2024-06-18,2024,6,18,170,23,1,91.43,2024-06-18 23:00:00+00:00,2024-06-19 00:00:00+00:00,42049.5275,694.0825,5347.7225,0.0,33936.49,6041.805,0.2322429240090701,-0.9726578145718654,-0.2588190451025215,0.965925826289068,0.7818314824680298,0.6234898018587336,0,weekday,34.28
2024-06-19,2024,6,19,171,23,2,78.62,2024-06-19 23:00:00+00:00,2024-06-20 00:00:00+00:00,42031.6375,1145.5625,6257.875,0.0,32441.92,7403.4375,0.2154773150467301,-0.976508846196619,-0.2588190451025215,0.965925826289068,0.9749279121818236,-0.2225209339563143,0,weekday,34.7
2024-06-20,2024,6,20,172,23,3,90.77,2024-06-20 23:00:00+00:00,2024-06-21 00:00:00+00:00,43843.495,168.5325,5172.4675,0.0,33898.69,5341.0,0.1986479428801711,-0.9800709131432666,-0.2588190451025215,0.965925826289068,0.4338837391175582,-0.900968867902419,0,weekday,34.53
2024-06-21,2024,6,21,173,23,4,70.25,2024-06-21 23:00:00+00:00,2024-06-22 00:00:00+00:00,41478.725,1909.305,14473.3725,0.0,33962.17,16382.6775,0.1817597875913753,-0.9833429613388902,-0.2588190451025215,0.965925826289068,-0.433883739117558,-0.9009688679024191,0,weekday,34.4
2024-06-22,2024,6,22,174,23,5,79.25,2024-06-22 23:00:00+00:00,2024-06-23 00:00:00+00:00,37074.3425,2036.8425,5059.43,0.0,26082.76,7096.2725,0.1648178466571979,-0.9863240225317866,-0.2588190451025215,0.965925826289068,-0.9749279121818236,-0.2225209339563146,0,weekend,33.936
2024-06-23,2024,6,23,175,23,6,92.19,2024-06-23 23:00:00+00:00,2024-06-24 00:00:00+00:00,39176.085,206.8625,2946.75,0.0,27557.52,3153.6125,0.1478271334705304,-0.9890132145779884,-0.2588190451025215,0.965925826289068,-0.7818314824680299,0.6234898018587334,0,weekend,33.867999999999995
2024-06-24,2024,6,24,176,23,0,84.8,2024-06-24 23:00:00+00:00,2024-06-25 00:00:00+00:00,41870.7175,123.4825,6871.425,0.0,34930.39,6994.9075,0.1307926758567592,-0.9914097417023038,-0.2588190451025215,0.965925826289068,0.0,1.0,0,weekday,33.8
2024-06-25,2024,6,25,177,23,1,99.88,2024-06-25 23:00:00+00:00,2024-06-26 00:00:00+00:00,41170.445,1280.56,9182.7325,0.0,39301.23,10463.2925,0.1137195145859496,-0.9935128947338008,-0.2588190451025215,0.965925826289068,0.7818314824680298,0.6234898018587336,0,weekday,34.325
2024-06-26,2024,6,26,178,23,2,86.9,2024-06-26 23:00:00+00:00,2024-06-27 00:00:00+00:00,43065.6,2359.705,6563.1925,0.0,36996.08,8922.8975,0.0966127018812031,-0.9953220513156602,-0.2588190451025215,0.965925826289068,0.9749279121818236,-0.2225209339563143,0,weekday,35.15
2024-06-27,2024,6,27,179,23,3,95.42,2024-06-27 23:00:00+00:00,2024-06-28 00:00:00+00:00,43396.285,775.5525,6329.83,0.0,32763.48,7105.3825,0.0794772999236209,-0.9968366760893436,-0.2588190451025215,0.965925826289068,0.4338837391175582,-0.900968867902419,0,weekday,34.125
2024-06-28,2024,6,28,180,23,4,109.91,2024-06-28 23:00:00+00:00,2024-06-29 00:00:00+00:00,41296.2225,2014.34,1720.2275,0.0,29599.25,3734.5675,0.062318379354325,-0.998056320853012,-0.2588190451025215,0.965925826289068,-0.433883739117558,-0.9009688679024191,0,weekday,34.675
2024-06-29,2024,6,29,181,23,5,61.69,2024-06-29 23:00:00+00:00,2024-06-30 00:00:00+00:00,37578.335,1865.825,12453.5925,0.0,31514.07,14319.4175,0.0451410177739719,-0.998980624694158,-0.2588190451025215,0.965925826289068,-0.9749279121818236,-0.2225209339563146,0,weekend,34.48
2024-06-30,2024,6,30,182,23,6,84.32,2024-06-30 23:00:00+00:00,2024-07-01 00:00:00+00:00,40281.225,1459.75,4631.9325,0.0,30370.19,6091.6825,0.0279502982402103,-0.999609314096404,-0.2588190451025215,0.965925826289068,-0.7818314824680299,0.6234898018587334,0,weekend,34.489999999999995
2024-07-01,2024,7,1,183,23,0,79.93,2024-07-01 23:00:00+00:00,2024-07-02 00:00:00+00:00,43923.9475,2144.395,8826.8,0.0,34081.28,10971.195,0.0107513077635219,-0.9999422030204416,-0.2588190451025215,0.965925826289068,0.0,1.0,0,weekday,34.5
2024-07-02,2024,7,2,184,23,1,65.3,2024-07-02 23:00:00+00:00,2024-07-03 00:00:00+00:00,43841.415,3863.7325,9354.005,0.0,36373.59,13217.7375,-0.0064508641981051,-0.9999791929590824,-0.2588190451025215,0.965925826289068,0.7818314824680298,0.6234898018587336,0,weekday,33.525
2024-07-03,2024,7,3,185,23,2,51.94,2024-07-03 23:00:00+00:00,2024-07-04 00:00:00+00:00,43337.385,4929.6625,11142.8,0.0,36115.68,16072.4625,-0.0236511272452315,-0.9997202729664084,-0.2588190451025215,0.965925826289068,0.9749279121818236,-0.2225209339563143,0,weekday,33.25
2024-07-04,2024,7,4,186,23,3,20.13,2024-07-04 23:00:00+00:00,2024-07-05 00:00:00+00:00,43550.1075,5458.2825,15725.9275,0.0,40053.28,21184.21,-0.0408443915432961,-0.9991655196610107,-0.2588190451025215,0.965925826289068,0.4338837391175582,-0.900968867902419,0,weekday,32.69
2024-07-05,2024,7,5,187,23,4,70.71,2024-07-05 23:00:00+00:00,2024-07-06 00:00:00+00:00,40896.5425,1230.8775,11042.555,0.0,31889.37,12273.4325,-0.0580255693287803,-0.9983150972033183,-0.2588190451025215,0.965925826289068,-0.433883739117558,-0.9009688679024191,0,weekday,32.505
2024-07-06,2024,7,6,188,23,5,-0.1,2024-07-06 23:00:00+00:00,2024-07-07 00:00:00+00:00,36958.8675,3887.9,21464.5375,0.0,43345.02,25352.4375,-0.0751895764147585,-0.9971692572470178,-0.2588190451025215,0.965925826289068,-0.9749279121818236,-0.2225209339563146,0,weekend,33.065
2024-07-07,2024,7,7,189,23,6,76.65,2024-07-07 23:00:00+00:00,2024-07-08 00:00:00+00:00,39480.94,2589.0950000000003,3167.775,0.0,27547.18,5756.870000000001,-0.0923313336953912,-0.9957283388645872,-0.2588190451025215,0.965925826289068,-0.7818314824680299,0.6234898018587334,0,weekend,33.129999999999995
2024-07-08,2024,7,8,190,23,0,95.96,2024-07-08 23:00:00+00:00,2024-07-09 00:00:00+00:00,42947.0675,170.3775,5124.205,0.0,33418.85,5294.5825,-0.1094457686489155,-0.993992768446958,-0.2588190451025215,0.965925826289068,0.0,1.0,0,weekday,33.195
2024-07-09,2024,7,9,191,23,1,54.9,2024-07-09 23:00:00+00:00,2024-07-10 00:00:00+00:00,42885.715,4192.8,16331.715,0.0,41725.78,20524.515,-0.1265278168386831,-0.9919630595773395,-0.2588190451025215,0.965925826289068,0.7818314824680298,0.6234898018587336,0,weekday,32.175
2024-07-10,2024,7,10,192,23,2,79.95,2024-07-10 23:00:00+00:00,2024-07-11 00:00:00+00:00,42657.2425,1530.5275,2270.7025,0.0,30890.12,3801.23,-0.1435724234118113,-0.9896398128792412,-0.2588190451025215,0.965925826289068,0.9749279121818236,-0.2225209339563143,0,weekday,31.25
2024-07-11,2024,7,11,193,23,3,87.31,2024-07-11 23:00:00+00:00,2024-07-12 00:00:00+00:00,43159.785,607.13,2244.885,0.0,32070.48,2852.0150000000003,-0.1605745445949937,-0.9870237158387384,-0.2588190451025215,0.965925826289068,0.4338837391175582,-0.900968867902419,0,weekday,30.85
2024-07-12,2024,7,12,194,23,4,50.52,2024-07-12 23:00:00+00:00,2024-07-13 00:00:00+00:00,41425.6175,4538.8,12684.7375,0.0,34952.09,17223.5375,-0.1775291491870349,-0.984115542601034,-0.2588190451025215,0.965925826289068,-0.433883739117558,-0.9009688679024191,0,weekday,31.27
2024-07-13,2024,7,13,195,23,5,63.19,2024-07-13 23:00:00+00:00,2024-07-14 00:00:00+00:00,37413.19,4635.8575,5870.2,0.0,28957.97,10506.0575,-0.1944312200476619,-0.9809161537413774,-0.2588190451025215,0.965925826289068,-0.9749279121818236,-0.2225209339563146,0,weekend,31.72
2024-07-14,2024,7,14,196,23,6,66.24,2024-07-14 23:00:00+00:00,2024-07-15 00:00:00+00:00,39581.865,4381.975,6096.6225,0.0,32289.09,10478.5975,-0.2112757555821793,-0.9774264960104057,-0.2588190451025215,0.965925826289068,-0.7818314824680299,0.6234898018587334,0,weekend,31.79
2024-07-15,2024,7,15,197,23,0,63.77,2024-07-15 23:00:00+00:00,2024-07-16 00:00:00+00:00,42922.0875,2740.1425,15728.8075,0.0,37003.41,18468.95,-0.2280577712215198,-0.9736476020539838,-0.2588190451025215,0.965925826289068,0.0,1.0,0,weekday,31.86
2024-07-16,2024,7,16,198,23,1,72.98,2024-07-16 23:00:00+00:00,2024-07-17 00:00:00+00:00,42324.8775,2144.42,13209.8225,0.0,35233.92,15354.2425,-0.2447723008972595,-0.9695805901076308,-0.2588190451025215,0.965925826289068,0.7818314824680298,0.6234898018587336,0,weekday,31.495
2024-07-17,2024,7,17,199,23,2,80.29,2024-07-17 23:00:00+00:00,2024-07-18 00:00:00+00:00,42414.96,1268.6125,2993.155,0.0,30828.47,4261.7675,-0.2614143985111562,-0.965226663665613,-0.2588190451025215,0.965925826289068,0.9749279121818236,-0.2225209339563143,0,weekday,32.905
2024-07-18,2024,7,18,200,23,3,80.45,2024-07-18 23:00:00+00:00,2024-07-19 00:00:00+00:00,42284.545,188.4225,3429.035,0.0,31925.66,3617.4575,-0.2779791393987801,-0.9605871111248128,-0.2588190451025215,0.965925826289068,0.4338837391175582,-0.900968867902419,0,weekday,31.84
2024-07-19,2024,7,19,201,23,4,89.41,2024-07-19 23:00:00+00:00,2024-07-20 00:00:00+00:00,40117.4525,1772.02,5770.99,0.0,31449.04,7543.01,-0.2944616217868012,-0.9556633054034704,-0.2588190451025215,0.965925826289068,-0.433883739117558,-0.9009688679024191,0,weekday,32.53
2024-07-20,2024,7,20,202,23,5,56.3,2024-07-20 23:00:00+00:00,2024-07-21 00:00:00+00:00,36616.0575,3589.41,10582.8675,0.0,32038.82,14172.2775,-0.3108569682435036,-0.9504567035349152,-0.2588190451025215,0.965925826289068,-0.9749279121818236,-0.2225209339563146,0,weekend,32.17
2024-07-21,2024,7,21,203,23,6,96.63,2024-07-21 23:00:00+00:00,2024-07-22 00:00:00+00:00,38785.14,1768.3925,5977.0775,0.0,29856.93,7745.47,-0.3271603271220951,-0.9449688462364056,-0.2588190451025215,0.965925826289068,-0.7818314824680299,0.6234898018587334,0,weekend,31.985
2024-07-22,2024,7,22,204,23,0,75.8,2024-07-22 23:00:00+00:00,2024-07-23 00:00:00+00:00,42162.7425,2998.5575,4676.7375,0.0,29118.27,7675.295,-0.343366873996388,-0.939201357453208,-0.2588190451025215,0.965925826289068,0.0,1.0,0,weekday,31.8
2024-07-23,2024,7,23,205,23,1,78.33,2024-07-23 23:00:00+00:00,2024-07-24 00:00:00+00:00,41950.94,2925.8725,8795.2275,0.0,33443.25,11721.1,-0.3594718130884232,-0.9331559438780432,-0.2588190451025215,0.965925826289068,0.7818314824680298,0.6234898018587336,0,weekday,31.62
2024-07-24,2024,7,24,206,23,2,87.2,2024-07-24 23:00:00+00:00,2024-07-25 00:00:00+00:00,41680.09,926.1575,3712.96,0.0,31054.3,4639.1175,-0.3754703786876202,-0.9268343944460494,-0.2588190451025215,0.965925826289068,0.9749279121818236,-0.2225209339563143,0,weekday,31.525
2024-07-25,2024,7,25,207,23,3,73.9,2024-07-25 23:00:00+00:00,2024-07-26 00:00:00+00:00,41547.2925,2568.9975,5787.4175,0.0,31907.68,8356.414999999999,-0.3913578365610259,-0.9202385798054076,-0.2588190451025215,0.965925826289068,0.4338837391175582,-0.900968867902419,0,weekday,32.38
2024-07-26,2024,7,26,208,23,4,103.41,2024-07-26 23:00:00+00:00,2024-07-27 00:00:00+00:00,39184.12,496.8975,1422.835,0.0,29681.65,1919.7325,-0.4071294853542516,-0.9133704517637858,-0.2588190451025215,0.965925826289068,-0.433883739117558,-0.9009688679024191,0,weekday,32.135
2024-07-27,2024,7,27,209,23,5,95.11,2024-07-27 23:00:00+00:00,2024-07-28 00:00:00+00:00,36854.98,188.1625,5342.085,0.0,27551.34,5530.2475,-0.4227806579826773,-0.9062320427107696,-0.2588190451025215,0.965925826289068,-0.9749279121818236,-0.2225209339563146,0,weekend,32.475
2024-07-28,2024,7,28,210,23,6,76.03,2024-07-28 23:00:00+00:00,2024-07-29 00:00:00+00:00,38233.855,1577.5475,5982.41,0.0,26426.44,7559.957499999999,-0.4383067230125192,-0.898825465016444,-0.2588190451025215,0.965925826289068,-0.7818314824680299,0.6234898018587334,0,weekend,32.975
2024-07-29,2024,7,29,211,23,0,75.77,2024-07-29 23:00:00+00:00,2024-07-30 00:00:00+00:00,41991.535,467.72,4856.360000000001,0.0,29877.53,5324.080000000001,-0.4537030860313442,-0.8911529104063088,-0.2588190451025215,0.965925826289068,0.0,1.0,0,weekday,33.475
2024-07-30,2024,7,30,212,23,1,87.29,2024-07-30 23:00:00+00:00,2024-07-31 00:00:00+00:00,42038.075,290.0125,2961.0575,0.0,30813.65,3251.07,-0.4689651910076318,-0.8832166493127127,-0.2588190451025215,0.965925826289068,0.7818314824680298,0.6234898018587336,0,weekday,33.74
2024-07-31,2024,7,31,213,23,2,92.4,2024-07-31 23:00:00+00:00,2024-08-01 00:00:00+00:00,41369.240000000005,662.5175,4361.08,0.0,33461.69,5023.5975,-0.4840885216389758,-0.8750190302029955,-0.2588190451025215,0.965925826289068,0.9749279121818236,-0.2225209339563143,0,weekday,35.735
2024-08-01,2024,8,1,214,23,3,89.17,2024-08-01 23:00:00+00:00,2024-08-02 00:00:00+00:00,41742.9525,632.5625,4642.0775,0.0,34641.96,5274.64,-0.4990686026885319,-0.8665624788845385,-0.2588190451025215,0.965925826289068,0.4338837391175582,-0.900968867902419,0,weekday,36.14
2024-08-02,2024,8,2,215,23,4,99.14,2024-08-02 23:00:00+00:00,2024-08-03 00:00:00+00:00,39236.155,410.91,1257.31,0.0,29407.11,1668.22,-0.5139010013093103,-0.8578494977869301,-0.2588190451025215,0.965925826289068,-0.433883739117558,-0.9009688679024191,0,weekday,36.67
2024-08-03,2024,8,3,216,23,5,101.34,2024-08-03 23:00:00+00:00,2024-08-04 00:00:00+00:00,36066.975,951.325,4973.655,0.0,26587.03,5924.98,-0.5285813283559292,-0.8488826652214553,-0.2588190451025215,0.965925826289068,-0.9749279121818236,-0.2225209339563146,0,weekend,36.65
2024-08-04,2024,8,4,217,23,6,85.32,2024-08-04 23:00:00+00:00,2024-08-05 00:00:00+00:00,38102.7,1709.7075,4756.53,0.0,28926.83,6466.237499999999,-0.5431052396834317,-0.8396646346181327,-0.2588190451025215,0.965925826289068,-0.7818314824680299,0.6234898018587334,0,weekend,36.71
2024-08-05,2024,8,5,218,23,0,95.57,2024-08-05 23:00:00+00:00,2024-08-06 00:00:00+00:00,41011.9325,776.3299999999999,3048.33,0.0,33915.82,3824.66,-0.5574684374327892,-0.8301981337405212,-0.2588190451025215,0.965925826289068,0.0,1.0,0,weekday,36.77
2024-08-06,2024,8,6,219,23,1,83.24,2024-08-06 23:00:00+00:00,2024-08-07 00:00:00+00:00,41201.037500000006,808.8924999999999,6164.895,0.0,34932.11,6973.7875,-0.5716666713027052,-0.8204859638785327,-0.2588190451025215,0.965925826289068,0.7818314824680298,0.6234898018587336,0,weekday,36.25
2024-08-07,2024,8,7,220,23,2,88.06,2024-08-07 23:00:00+00:00,2024-08-08 00:00:00+00:00,41223.5425,1206.195,3972.215,0.0,31814.49,5178.41,-0.5856957398073508,-0.8105309990194823,-0.2588190451025215,0.965925826289068,0.9749279121818236,-0.2225209339563143,0,weekday,36.755
2024-08-08,2024,8,8,221,23,3,83.92,2024-08-08 23:00:00+00:00,2024-08-09 00:00:00+00:00,41359.1525,3692.13,7966.1,0.0,33995.46,11658.23,-0.5995514915196489,-0.8003361849976323,-0.2588190451025215,0.965925826289068,0.4338837391175582,-0.900968867902419,0,weekday,38.62
2024-08-09,2024,8,9,222,23,4,92.13,2024-08-09 23:00:00+00:00,2024-08-10 00:00:00+00:00,38932.235,4783.2075,9037.465,0.0,33124.06,13820.6725,-0.6132298262997502,-0.7899045386224707,-0.2588190451025215,0.965925826289068,-0.433883739117558,-0.9009688679024191,0,weekday,40.035
2024-08-10,2024,8,10,223,23,5,104.17,2024-08-10 23:00:00+00:00,2024-08-11 00:00:00+00:00,35715.7275,3361.37,5352.7675,0.0,27067.99,8714.1375,-0.6267266965083301,-0.7792391467859886,-0.2588190451025215,0.965925826289068,-0.9749279121818236,-0.2225209339563146,0,weekend,40.395
2024-08-11,2024,8,11,224,23,6,94.62,2024-08-11 23:00:00+00:00,2024-08-12 00:00:00+00:00,38049.025,521.8875,5896.735,0.0,27875.66,6418.6225,-0.6400381082043503,-0.7683431655492202,-0.2588190451025215,0.965925826289068,-0.7818314824680299,0.6234898018587334,0,weekend,40.010000000000005
2024-08-12,2024,8,12,225,23,0,87.91,2024-08-12 23:00:00+00:00,2024-08-13 00:00:00+00:00,42373.975,3824.0475,11979.69,0.0,40572.77,15803.7375,-0.65316012232693,-0.7572198192083127,-0.2588190451025215,0.965925826289068,0.0,1.0,0,weekday,39.625
2024-08-13,2024,8,13,226,23,1,90.79,2024-08-13 23:00:00+00:00,2024-08-14 00:00:00+00:00,42941.6675,1442.67,10952.4,0.0,36950.51,12395.07,-0.666088855860977,-0.7458723993404063,-0.2588190451025215,0.965925826289068,0.7818314824680298,0.6234898018587336,0,weekday,39.395
2024-08-14,2024,8,14,227,23,2,109.66,2024-08-14 23:00:00+00:00,2024-08-15 00:00:00+00:00,40235.965,1507.2025,3664.9375,0.0,34327.34,5172.14,-0.6788204829862355,-0.734304263829602,-0.2588190451025215,0.965925826289068,0.9749279121818236,-0.2225209339563143,0,weekday,39.57
2024-08-15,2024,8,15,228,23,3,86.78,2024-08-15 23:00:00+00:00,2024-08-16 00:00:00+00:00,40902.87,3708.9925,5200.8675,0.0,32607.73,8909.86,-0.6913512362094071,-0.722518835873311,-0.2588190451025215,0.965925826289068,0.4338837391175582,-0.900968867902419,0,weekday,39.095
2024-08-16,2024,8,16,229,23,4,109.26,2024-08-16 23:00:00+00:00,2024-08-17 00:00:00+00:00,40944.3075,299.5025,1564.46,0.0,30858.86,1863.9625,-0.7036774074790128,-0.7105196029692745,-0.2588190451025215,0.965925826289068,-0.433883739117558,-0.9009688679024191,0,weekday,39.69
2024-08-17,2024,8,17,230,23,5,112.8,2024-08-17 23:00:00+00:00,2024-08-18 00:00:00+00:00,36478.9225,343.1225,2035.9,0.0,26076.36,2379.0225,-0.7157953492826642,-0.6983101158835584,-0.2588190451025215,0.965925826289068,-0.9749279121818236,-0.2225209339563146,0,weekend,39.645
2024-08-18,2024,8,18,231,23,6,90.1,2024-08-18 23:00:00+00:00,2024-08-19 00:00:00+00:00,37533.9175,1467.53,6386.2925,0.0,29800.59,7853.822499999999,-0.7277014757264236,-0.6858939875998223,-0.2588190451025215,0.965925826289068,-0.7818314824680299,0.6234898018587334,0,weekend,39.455
2024-08-19,2024,8,19,232,23,0,89.55,2024-08-19 23:00:00+00:00,2024-08-20 00:00:00+00:00,40674.955,2561.63,6282.8575,0.0,35084.24,8844.4875,-0.7393922635959241,-0.673274892250183,-0.2588190451025215,0.965925826289068,0.0,1.0,0,weekday,39.265
2024-08-20,2024,8,20,233,23,1,82.0,2024-08-20 23:00:00+00:00,2024-08-21 00:00:00+00:00,41491.9775,3328.02,11922.37,0.0,35060.08,15250.39,-0.7508642533989489,-0.6604565640279754,-0.2588190451025215,0.965925826289068,0.7818314824680298,0.6234898018587336,0,weekday,39.295
2024-08-21,2024,8,21,234,23,2,73.04,2024-08-21 23:00:00+00:00,2024-08-22 00:00:00+00:00,40579.605,5341.967500000001,10017.16,0.0,34462.9,15359.1275,-0.7621140503891487,-0.6474427960827475,-0.2588190451025215,0.965925826289068,0.9749279121818236,-0.2225209339563143,0,weekday,37.91
2024-08-22,2024,8,22,235,23,3,45.87,2024-08-22 23:00:00+00:00,2024-08-23 00:00:00+00:00,41873.715,5457.945,17791.5575,0.0,40517.16,23249.5025,-0.7731383255706026,-0.6342374393978054,-0.2588190451025215,0.965925826289068,0.4338837391175582,-0.900968867902419,0,weekday,37.225
2024-08-23,2024,8,23,236,23,4,103.78,2024-08-23 23:00:00+00:00,2024-08-24 00:00:00+00:00,39807.015,2276.975,6245.047500000001,0.0,30484.36,8522.022500000001,-0.7839338166829201,-0.620844401650647,-0.2588190451025215,0.965925826289068,-0.433883739117558,-0.9009688679024191,0,weekday,36.975
2024-08-24,2024,8,24,237,23,5,-0.02,2024-08-24 23:00:00+00:00,2024-08-25 00:00:00+00:00,36020.557499999995,3511.11,24875.47,0.0,40898.28,28386.58,-0.7944973291665992,-0.6072676460566135,-0.2588190451025215,0.965925826289068,-0.9749279121818236,-0.2225209339563146,0,weekend,36.865
2024-08-25,2024,8,25,238,23,6,85.65,2024-08-25 23:00:00+00:00,2024-08-26 00:00:00+00:00,37599.56,4897.615,5754.4875,0.0,31201.69,10652.1025,-0.8048257371083452,-0.593511190196115,-0.2588190451025215,0.965925826289068,-0.7818314824680299,0.6234898018587334,0,weekend,36.82
2024-08-26,2024,8,26,239,23,0,89.91,2024-08-26 23:00:00+00:00,2024-08-27 00:00:00+00:00,41384.07,1256.1025,1992.6725,0.0,33564.93,3248.775,-0.8149159841660791,-0.5795791048257612,-0.2588190451025215,0.965925826289068,0.0,1.0,0,weekday,36.775
2024-08-27,2024,8,27,240,23,1,91.31,2024-08-27 23:00:00+00:00,2024-08-28 00:00:00+00:00,42235.75,1688.44,12332.59,0.0,39315.62,14021.03,-0.8247650844733614,-0.5654755126737576,-0.2588190451025215,0.965925826289068,0.7818314824680298,0.6234898018587336,0,weekday,37.475
2024-08-28,2024,8,28,241,23,2,93.98,2024-08-28 23:00:00+00:00,2024-08-29 00:00:00+00:00,41641.72,3302.6625,11224.9425,0.0,41343.44,14527.605,-0.8343701235229538,-0.5512045872199277,-0.2588190451025215,0.965925826289068,0.9749279121818236,-0.2225209339563143,0,weekday,39.3
2024-08-29,2024,8,29,242,23,3,100.3,2024-08-29 23:00:00+00:00,2024-08-30 00:00:00+00:00,41775.93,416.29,3974.515,0.0,35194.6,4390.805,-0.8437282590292712,-0.5367705514607103,-0.2588190451025215,0.965925826289068,0.4338837391175582,-0.900968867902419,0,weekday,38.55
2024-08-30,2024,8,30,243,23,4,105.44,2024-08-30 23:00:00+00:00,2024-08-31 00:00:00+00:00,39187.5575,608.78,8785.6225,0.0,32940.82,9394.4025,-0.8528367217694595,-0.522177676659508,-0.2588190451025215,0.965925826289068,-0.433883739117558,-0.9009688679024191,0,weekday,38.985
2024-08-31,2024,8,31,244,23,5,85.98,2024-08-31 23:00:00+00:00,2024-09-01 00:00:00+00:00,36199.4825,2346.065,13553.1825,0.0,33367.05,15899.2475,-0.8616928164028522,-0.5074302810827518,-0.2588190451025215,0.965925826289068,-0.9749279121818236,-0.2225209339563146,0,weekend,39.825
2024-09-01,2024,9,1,245,23,6,94.77,2024-09-01 23:00:00+00:00,2024-09-02 00:00:00+00:00,38248.8325,4321.8075,10419.0725,0.0,38379.11,14740.88,-0.8702939222685674,-0.4925327287220543,-0.2588190451025215,0.965925826289068,-0.7818314824680299,0.6234898018587334,0,weekend,39.83166666666667
2024-09-02,2024,9,2,246,23,0,93.1,2024-09-02 23:00:00+00:00,2024-09-03 00:00:00+00:00,41977.795,2036.7075,7461.5825,0.0,38525.97,9498.29,-0.8786374941610001,-0.4774894280028391,-0.2588190451025215,0.965925826289068,0.0,1.0,0,weekday,39.83833333333333
2024-09-03,2024,9,3,247,23,1,101.02,2024-09-03 23:00:00+00:00,2024-09-04 00:00:00+00:00,42461.01,1249.29,1846.175,0.0,34167.36,3095.465,-0.886721063082993,-0.4623048304798108,-0.2588190451025215,0.965925826289068,0.7818314824680298,0.6234898018587336,0,weekday,39.845
2024-09-04,2024,9,4,248,23,2,94.6,2024-09-04 23:00:00+00:00,2024-09-05 00:00:00+00:00,41674.7275,2198.075,10141.9375,0.0,35879.56,12340.0125,-0.8945422369764496,-0.4469834295196741,-0.2588190451025215,0.965925826289068,0.9749279121818236,-0.2225209339563143,0,weekday,36.815
2024-09-05,2024,9,5,249,23,3,61.0,2024-09-05 23:00:00+00:00,2024-09-06 00:00:00+00:00,42046.87,4869.535,25450.45,0.0,48579.95,30319.985,-0.9020987014301836,-0.4315297589714714,-0.2588190451025215,0.965925826289068,0.4338837391175582,-0.900968867902419,0,weekday,35.705
2024-09-06,2024,9,6,250,23,4,96.9,2024-09-06 23:00:00+00:00,2024-09-07 00:00:00+00:00,39579.385,4320.09,7744.6475,0.0,33702.04,12064.7375,-0.9093882203647924,-0.4159483918249421,-0.2588190451025215,0.965925826289068,-0.433883739117558,-0.9009688679024191,0,weekday,37.05
2024-09-07,2024,9,7,251,23,5,86.46,2024-09-07 23:00:00+00:00,2024-09-08 00:00:00+00:00,36464.7725,1327.4325,10655.7925,0.0,31246.5,11983.225,-0.9164086366943458,-0.4002439388573056,-0.2588190451025215,0.965925826289068,-0.9749279121818236,-0.2225209339563146,0,weekend,36.48
2024-09-08,2024,9,8,252,23,6,85.76,2024-09-08 23:00:00+00:00,2024-09-09 00:00:00+00:00,38917.2775,1176.3975,6936.3,0.0,31299.95,8112.6975,-0.923157872964704,-0.3844210472688554,-0.2588190451025215,0.965925826289068,-0.7818314824680299,0.6234898018587334,0,weekend,36.69
2024-09-09,2024,9,9,253,23,0,59.79,2024-09-09 23:00:00+00:00,2024-09-10 00:00:00+00:00,43837.84,5296.745,16833.075,0.0,42366.2,22129.82,-0.9296339319682696,-0.3684843993077793,-0.2588190451025215,0.965925826289068,0.0,1.0,0,weekday,36.9
2024-09-10,2024,9,10,254,23,1,39.91,2024-09-10 23:00:00+00:00,2024-09-11 00:00:00+00:00,44437.9025,4307.1525,22615.685,0.0,42517.7,26922.8375,-0.935834897334994,-0.3524387108846032,-0.2588190451025215,0.965925826289068,0.7818314824680298,0.6234898018587336,0,weekday,37.395
2024-09-11,2024,9,11,255,23,2,84.1,2024-09-11 23:00:00+00:00,2024-09-12 00:00:00+00:00,42929.005,2431.9725,9424.7625,0.0,37434.49,11856.735,-0.9417589340994617,-0.3362887301766828,-0.2588190451025215,0.965925826289068,0.9749279121818236,-0.2225209339563143,0,weekday,35.45
2024-09-12,2024,9,12,256,23,3,91.52,2024-09-12 23:00:00+00:00,2024-09-13 00:00:00+00:00,44173.1975,1774.27,2458.05,0.0,31693.62,4232.32,-0.9474042892438844,-0.3200392362231385,-0.2588190451025215,0.965925826289068,0.4338837391175582,-0.900968867902419,0,weekday,35.83
2024-09-13,2024,9,13,257,23,4,50.01,2024-09-13 23:00:00+00:00,2024-09-14 00:00:00+00:00,41572.2425,3229.4375,20055.58,0.0,38045.06,23285.0175,-0.9527692922168512,-0.3036950375106588,-0.2588190451025215,0.965925826289068,-0.433883739117558,-0.9009688679024191,0,weekday,35.405
2024-09-14,2024,9,14,258,23,5,70.07,2024-09-14 23:00:00+00:00,2024-09-15 00:00:00+00:00,37294.2,1532.2800000000002,11204.455,0.0,28793.55,12736.735,-0.9578523554276668,-0.2872609705505963,-0.2588190451025215,0.965925826289068,-0.9749279121818236,-0.2225209339563146,0,weekend,35.648
2024-09-15,2024,9,15,259,23,6,88.14,2024-09-15 23:00:00+00:00,2024-09-16 00:00:00+00:00,39120.9475,723.115,6729.4575,0.0,29341.7,7452.5725,-0.9626519747161488,-0.2707418984477642,-0.2588190451025215,0.965925826289068,-0.7818314824680299,0.6234898018587334,0,weekend,35.379000000000005
2024-09-16,2024,9,16,260,23,0,82.3,2024-09-16 23:00:00+00:00,2024-09-17 00:00:00+00:00,42558.3125,2791.6675,13448.13,0.0,42455.22,16239.7975,-0.9671667297977312,-0.2541427094613622,-0.2588190451025215,0.965925826289068,0.0,1.0,0,weekday,35.11
2024-09-17,2024,9,17,261,23,1,80.94,2024-09-17 23:00:00+00:00,2024-09-18 00:00:00+00:00,42252.8975,1556.0425,12894.11,0.0,39293.87,14450.1525,-0.97139528468375,-0.2374683155584684,-0.2588190451025215,0.965925826289068,0.7818314824680298,0.6234898018587336,0,weekday,34.15
2024-09-18,2024,9,18,262,23,2,77.53,2024-09-18 23:00:00+00:00,2024-09-19 00:00:00+00:00,41286.725,1486.955,15579.555,0.0,38576.99,17066.510000000002,-0.9753363880767836,-0.2207236509605022,-0.2588190451025215,0.965925826289068,0.9749279121818236,-0.2225209339563143,0,weekday,35.185
2024-09-19,2024,9,19,263,23,3,74.04,2024-09-19 23:00:00+00:00,2024-09-20 00:00:00+00:00,42161.817500000005,3083.4775,16647.635000000002,0.0,39605.88,19731.112500000003,-0.978988873740932,-0.2039136706831147,-0.2588190451025215,0.965925826289068,0.4338837391175582,-0.900968867902419,0,weekday,35.98
2024-09-20,2024,9,20,264,23,4,85.3,2024-09-20 23:00:00+00:00,2024-09-21 00:00:00+00:00,39618.9325,2670.5975,12681.5575,0.0,36149.97,15352.155,-0.9823516608469236,-0.1870433490699165,-0.2588190451025215,0.965925826289068,-0.433883739117558,-0.9009688679024191,0,weekday,34.485
2024-09-21,2024,9,21,265,23,5,90.05,2024-09-21 23:00:00+00:00,2024-09-22 00:00:00+00:00,36471.03,1260.97,5958.1075,0.0,28996.12,7219.0775,-0.9854237542919524,-0.1701176783204905,-0.2588190451025215,0.965925826289068,-0.9749279121818236,-0.2225209339563146,0,weekend,34.444
2024-09-22,2024,9,22,266,23,6,84.08,2024-09-22 23:00:00+00:00,2024-09-23 00:00:00+00:00,38389.9775,358.8675,2408.9425,0.0,29591.44,2767.81,-0.9882042449941422,-0.15314166701312,-0.2588190451025215,0.965925826289068,-0.7818314824680299,0.6234898018587334,0,weekend,34.672
2024-09-23,2024,9,23,267,23,0,82.51,2024-09-23 23:00:00+00:00,2024-09-24 00:00:00+00:00,42267.94,1392.4375,5482.5575,0.0,34143.89,6874.995,-0.9906923101615608,-0.136120338622667,-0.2588190451025215,0.965925826289068,0.0,1.0,0,weekday,34.9
2024-09-24,2024,9,24,268,23,1,42.18,2024-09-24 23:00:00+00:00,2024-09-25 00:00:00+00:00,42799.215,5069.0875,21949.1575,0.0,44655.26,27018.245000000003,-0.9928872135356962,-0.1190587300340498,-0.2588190451025215,0.965925826289068,0.7818314824680298,0.6234898018587336,0,weekday,35.413
2024-09-25,2024,9,25,269,23,2,58.78,2024-09-25 23:00:00+00:00,2024-09-26 00:00:00+00:00,41444.5525,2150.1775,18155.9925,0.0,40952.94,20306.17,-0.994788305609327,-0.1019618900517457,-0.2588190451025215,0.965925826289068,0.9749279121818236,-0.2225209339563143,0,weekday,36.365
2024-09-26,2024,9,26,270,23,3,0.04,2024-09-26 23:00:00+00:00,2024-09-27 00:00:00+00:00,42051.0475,4805.04,33165.369999999995,0.0,50827.24,37970.41,-0.9963950238187232,-0.0848348779057653,-0.2588190451025215,0.965925826289068,0.4338837391175582,-0.900968867902419,0,weekday,37.03
2024-09-27,2024,9,27,271,23,4,3.03,2024-09-27 23:00:00+00:00,2024-09-28 00:00:00+00:00,40912.6675,5491.235,29539.2,0.0,49349.46,35030.435,-0.9977068927101168,-0.0676827617545516,-0.2588190451025215,0.965925826289068,-0.433883739117558,-0.9009688679024191,0,weekday,37.28
2024-09-28,2024,9,28,272,23,5,45.5,2024-09-28 23:00:00+00:00,2024-09-29 00:00:00+00:00,36876.3,4774.015,10985.1925,0.0,32128.07,15759.2075,-0.9987235240803972,-0.0505106171852228,-0.2588190451025215,0.965925826289068,-0.9749279121818236,-0.2225209339563146,0,weekend,38.114
2024-09-29,2024,9,29,273,23,6,11.45,2024-09-29 23:00:00+00:00,2024-09-30 00:00:00+00:00,39178.0175,5173.6875,17223.5675,0.0,39934.99,22397.255,-0.9994446170919858,-0.0333235257116313,-0.2588190451025215,0.965925826289068,-0.7818314824680299,0.6234898018587334,0,weekend,38.659499999999994
2024-09-30,2024,9,30,274,23,0,0.07,2024-09-30 23:00:00+00:00,2024-10-01 00:00:00+00:00,44433.3475,5485.75,27456.3725,0.0,49924.64,32942.1225,-0.9998699583618592,-0.0161265732706577,-0.2588190451025215,0.965925826289068,0.0,1.0,0,weekday,39.205
2024-10-01,2024,10,1,275,23,1,80.88,2024-10-01 23:00:00+00:00,2024-10-02 00:00:00+00:00,44616.815,6171.965,7430.825,0.0,37182.74,13602.79,-0.9999994220246924,0.0010751512827982,-0.2588190451025215,0.965925826289068,0.7818314824680298,0.6234898018587336,0,weekday,38.395
2024-10-02,2024,10,2,276,23,2,65.86,2024-10-02 23:00:00+00:00,2024-10-03 00:00:00+00:00,38870.5375,4025.8725,10426.365,0.0,35122.39,14452.2375,-0.999832969770105,0.0182765576816912,-0.2588190451025215,0.965925826289068,0.9749279121818236,-0.2225209339563143,0,weekday,39.9
2024-10-03,2024,10,3,277,23,3,72.52,2024-10-03 23:00:00+00:00,2024-10-04 00:00:00+00:00,39607.25,1278.165,10421.3675,0.0,35568.45,11699.5325,-0.9993706508539968,0.0354725557531255,-0.2588190451025215,0.965925826289068,0.4338837391175582,-0.900968867902419,1,holiday,38.395
2024-10-04,2024,10,4,278,23,4,84.64,2024-10-04 23:00:00+00:00,2024-10-05 00:00:00+00:00,42486.96,72.0875,4029.0075,0.0,30510.27,4101.095,-0.9986126020839734,0.052658056924614,-0.2588190451025215,0.965925826289068,-0.433883739117558,-0.9009688679024191,0,weekday,39.625
2024-10-05,2024,10,5,279,23,5,63.97,2024-10-05 23:00:00+00:00,2024-10-06 00:00:00+00:00,38453.985,2210.84,5883.0675,0.0,29589.9,8093.9075,-0.9975590477788612,0.0698279757298708,-0.2588190451025215,0.965925826289068,-0.9749279121818236,-0.2225209339563146,0,weekend,40.98
2024-10-06,2024,10,6,280,23,6,35.34,2024-10-06 23:00:00+00:00,2024-10-07 00:00:00+00:00,38579.845,5019.875,16572.84,0.0,40779.87,21592.715,-0.9962102997023295,0.0869772313136861,-0.2588190451025215,0.965925826289068,-0.7818314824680299,0.6234898018587334,0,weekend,40.5925
2024-10-07,2024,10,7,281,23,0,67.07,2024-10-07 23:00:00+00:00,2024-10-08 00:00:00+00:00,41979.82,1179.5475,12772.0475,0.0,38152.67,13951.595,-0.9945667569706336,0.1041007489354256,-0.2588190451025215,0.965925826289068,0.0,1.0,0,weekday,40.205
2024-10-08,2024,10,8,282,23,1,60.0,2024-10-08 23:00:00+00:00,2024-10-09 00:00:00+00:00,42300.6925,2485.5875,11900.6725,0.0,35242.54,14386.26,-0.9926289059345096,0.121193461470736,-0.2588190451025215,0.965925826289068,0.7818314824680298,0.6234898018587336,0,weekday,40.18
2024-10-09,2024,10,9,283,23,2,46.89,2024-10-09 23:00:00+00:00,2024-10-10 00:00:00+00:00,42969.2275,1169.2775,21352.4025,0.0,35891.08,22521.68,-0.9903973200352558,0.1382503109109819,-0.2588190451025215,0.965925826289068,0.9749279121818236,-0.2225209339563143,0,weekday,38.405
2024-10-10,2024,10,10,284,23,3,73.21,2024-10-10 23:00:00+00:00,2024-10-11 00:00:00+00:00,43863.7325,5623.4675,12028.46,0.0,38768.77,17651.927499999998,-0.9878726596350428,0.1552662498599956,-0.2588190451025215,0.965925826289068,0.4338837391175582,-0.900968867902419,0,weekday,38.405
2024-10-11,2024,10,11,285,23,4,79.42,2024-10-11 23:00:00+00:00,2024-10-12 00:00:00+00:00,41372.5775,4031.73,6545.57,0.0,34117.81,10577.3,-0.9850556718215012,0.172236243027682,-0.2588190451025215,0.965925826289068,-0.433883739117558,-0.9009688679024191,0,weekday,39.865
2024-10-12,2024,10,12,286,23,5,-0.01,2024-10-12 23:00:00+00:00,2024-10-13 00:00:00+00:00,37955.145,5199.842500000001,27746.86,0.0,47250.82,32946.7025,-0.981947190186646,0.1891552687200409,-0.2588190451025215,0.965925826289068,-0.9749279121818236,-0.2225209339563146,0,weekend,39.879
2024-10-13,2024,10,13,287,23,6,35.25,2024-10-13 23:00:00+00:00,2024-10-14 00:00:00+00:00,39793.3475,4600.935,19798.0475,0.0,40251.59,24398.9825,-0.9785481345802032,0.2060183203251708,-0.2588190451025215,0.965925826289068,-0.7818314824680299,0.6234898018587334,0,weekend,39.5995
2024-10-14,2024,10,14,288,23,0,86.49,2024-10-14 23:00:00+00:00,2024-10-15 00:00:00+00:00,43469.075,764.405,2475.685,0.0,32319.9,3240.09,-0.9748595108374124,0.2228204077947995,-0.2588190451025215,0.965925826289068,0.0,1.0,0,weekday,39.32
2024-10-15,2024,10,15,289,23,1,12.8,2024-10-15 23:00:00+00:00,2024-10-16 00:00:00+00:00,44304.3775,5285.8675,24796.46,0.0,47516.71,30082.3275,-0.9708824104813836,0.239556559120927,-0.2588190451025215,0.965925826289068,0.7818314824680298,0.6234898018587336,0,weekday,39.85
2024-10-16,2024,10,16,290,23,2,12.15,2024-10-16 23:00:00+00:00,2024-10-17 00:00:00+00:00,43626.88,6093.06,24902.005,0.0,47429.59,30995.065,-0.9666180104000972,0.2562218218071163,-0.2588190451025215,0.965925826289068,0.9749279121818236,-0.2225209339563143,0,weekday,40.205
2024-10-17,2024,10,17,291,23,3,81.16,2024-10-17 23:00:00+00:00,2024-10-18 00:00:00+00:00,42869.095,904.375,5143.99,0.0,31972.85,6048.365,-0.9620675724981452,0.2728112643340191,-0.2588190451025215,0.965925826289068,0.4338837391175582,-0.900968867902419,0,weekday,39.45
2024-10-18,2024,10,18,292,23,4,83.03,2024-10-18 23:00:00+00:00,2024-10-19 00:00:00+00:00,40898.265,1277.475,6083.485000000001,0.0,28393.27,7360.960000000001,-0.957232443323312,0.2893199776186952,-0.2588190451025215,0.965925826289068,-0.433883739117558,-0.9009688679024191,0,weekday,39.74
2024-10-19,2024,10,19,293,23,5,54.9,2024-10-19 23:00:00+00:00,2024-10-20 00:00:00+00:00,38034.9575,5248.75,8142.309999999999,0.0,30673.93,13391.059999999998,-0.9521140536681102,0.3057430764672831,-0.2588190451025215,0.965925826289068,-0.9749279121818236,-0.2225209339563146,0,weekend,39.204
2024-10-20,2024,10,20,294,23,6,-0.1,2024-10-20 23:00:00+00:00,2024-10-21 00:00:00+00:00,39911.1175,4951.6775,25467.31,0.0,45529.82,30418.987500000003,-0.9467139181463862,0.3220757010206104,-0.2588190451025215,0.965925826289068,-0.7818314824680299,0.6234898018587334,0,weekend,39.507000000000005
2024-10-21,2024,10,21,295,23,0,89.43,2024-10-21 23:00:00+00:00,2024-10-22 00:00:00+00:00,43519.755,1361.6075,7044.97,0.0,35058.16,8406.5775,-0.9410336347451196,0.3383130181923076,-0.2588190451025215,0.965925826289068,0.0,1.0,0,weekday,39.81
2024-10-22,2024,10,22,296,23,1,83.23,2024-10-22 23:00:00+00:00,2024-10-23 00:00:00+00:00,43612.8975,2459.12,7644.1925,0.0,35927.07,10103.3125,-0.9350748843515574,0.3544502230989869,-0.2588190451025215,0.965925826289068,0.7818314824680298,0.6234898018587336,0,weekday,39.93
2024-10-23,2024,10,23,297,23,2,82.42,2024-10-23 23:00:00+00:00,2024-10-24 00:00:00+00:00,43928.9825,2081.81,5912.0,0.0,37553.17,7993.809999999999,-0.9288394302558068,0.3704825404820963,-0.2588190451025215,0.965925826289068,0.9749279121818236,-0.2225209339563143,0,weekday,40.8
2024-10-24,2024,10,24,298,23,3,82.07,2024-10-24 23:00:00+00:00,2024-10-25 00:00:00+00:00,43687.665,1829.5025,12052.45,0.0,40258.01,13881.9525,-0.9223291176290545,0.3864052261209853,-0.2588190451025215,0.965925826289068,0.4338837391175582,-0.900968867902419,0,weekday,41.85
2024-10-25,2024,10,25,299,23,4,109.64,2024-10-25 23:00:00+00:00,2024-10-26 00:00:00+00:00,41622.84,188.19,2745.7525,0.0,32241.12,2933.9425,-0.9155458729775467,0.4022135682368036,-0.2588190451025215,0.965925826289068,-0.433883739117558,-0.9009688679024191,0,weekday,42.2
2024-10-26,2024,10,26,300,23,5,84.0,2024-10-26 23:00:00+00:00,2024-10-27 00:00:00+00:00,38276.1025,2425.4175,10077.6975,0.0,35880.93,12503.115,-0.9084917035725082,0.4179028888867866,-0.2588190451025215,0.965925826289068,-0.9749279121818236,-0.2225209339563146,0,weekend,43.513
2024-10-27,2024,10,27,301,23,6,95.6,2024-10-27 23:00:00+00:00,2024-10-28 00:00:00+00:00,41619.380000000005,2794.9375,3269.48,0.0,31967.62,6064.4175,-0.9011686968561567,0.4334685453485363,-0.2588190451025215,0.965925826289068,-0.7818314824680299,0.6234898018587334,0,weekend,43.0065
2024-10-28,2024,10,28,302,23,0,101.34,2024-10-28 23:00:00+00:00,2024-10-29 00:00:00+00:00,46754.0975,1495.61,9955.39,0.0,39858.18,11451.0,-0.8935790198239952,0.4489059314938798,-0.2588190451025215,0.965925826289068,0.0,1.0,0,weekday,42.5
2024-10-29,2024,10,29,303,23,1,100.71,2024-10-29 23:00:00+00:00,2024-10-30 00:00:00+00:00,45798.2675,1943.8775,5551.29,0.0,38883.7,7495.1675,-0.8857249183835637,0.4642104791518923,-0.2588190451025215,0.965925826289068,0.7818314824680298,0.6234898018587336,0,weekday,43.44
2024-10-30,2024,10,30,304,23,2,105.16,2024-10-30 23:00:00+00:00,2024-10-31 00:00:00+00:00,44760.8275,1551.5375,3713.2175,0.0,34029.3,5264.755,-0.8776087166898392,0.4793776594606945,-0.2588190451025215,0.965925826289068,0.9749279121818236,-0.2225209339563143,0,weekday,41.565
2024-10-31,2024,10,31,305,23,3,63.34,2024-10-31 23:00:00+00:00,2024-11-01 00:00:00+00:00,43827.855,5267.8875,16770.285,0.0,47809.92,22038.1725,-0.8692328164574792,0.4944029842076181,-0.2588190451025215,0.965925826289068,0.4338837391175582,-0.900968867902419,0,weekday,41.225
2024-11-01,2024,11,1,306,23,4,95.75,2024-11-01 23:00:00+00:00,2024-11-02 00:00:00+00:00,42543.2475,4090.0125,12272.65,0.0,38497.85,16362.6625,-0.8605996962501181,0.5092820071573356,-0.2588190451025215,0.965925826289068,-0.433883739117558,-0.9009688679024191,0,weekday,39.325
2024-11-02,2024,11,2,307,23,5,101.19,2024-11-02 23:00:00+00:00,2024-11-03 00:00:00+00:00,40411.9925,771.46,3544.9675,0.0,31102.58,4316.4275,-0.8517119107469189,0.5240103253675756,-0.2588190451025215,0.965925826289068,-0.9749279121818236,-0.2225209339563146,0,weekend,39.175
2024-11-03,2024,11,3,308,23,6,92.04,2024-11-03 23:00:00+00:00,2024-11-04 00:00:00+00:00,41819.0075,905.2275,5228.18,0.0,34789.27,6133.4075,-0.8425720899866032,0.5385835804920232,-0.2588190451025215,0.965925826289068,-0.7818314824680299,0.6234898018587334,0,weekend,39.334999999999994
2024-11-04,2024,11,4,309,23,0,101.77,2024-11-04 23:00:00+00:00,2024-11-05 00:00:00+00:00,46497.2925,1247.2575,7330.02,0.0,41115.72,8577.2775,-0.8331829385891785,0.5529974600700271,-0.2588190451025215,0.965925826289068,0.0,1.0,0,weekday,39.495
2024-11-05,2024,11,5,310,23,1,106.39,2024-11-05 23:00:00+00:00,2024-11-06 00:00:00+00:00,47328.225,85.07000000000001,1377.93,0.0,36735.91,1463.0,-0.8235472349556007,0.5672476988027229,-0.2588190451025215,0.965925826289068,0.7818314824680298,0.6234898018587336,0,weekday,40.33
2024-11-06,2024,11,6,311,23,2,109.54,2024-11-06 23:00:00+00:00,2024-11-07 00:00:00+00:00,44701.01,114.1125,481.3675,0.0,36077.3,595.48,-0.8136678304455991,0.5813300798152042,-0.2588190451025215,0.965925826289068,0.9749279121818236,-0.2225209339563143,0,weekday,40.1
2024-11-07,2024,11,7,312,23,3,99.57,2024-11-07 23:00:00+00:00,2024-11-08 00:00:00+00:00,46284.0175,1291.7925,4502.71,0.0,41611.24,5794.5025000000005,-0.8035476485339116,0.5952404359043674,-0.2588190451025215,0.965925826289068,0.4338837391175582,-0.900968867902419,0,weekday,40.505
2024-11-08,2024,11,8,313,23,4,105.1,2024-11-08 23:00:00+00:00,2024-11-09 00:00:00+00:00,44119.0025,1926.0725,8089.3225,0.0,40330.24,10015.395,-0.7931896839451843,0.6089746507720486,-0.2588190451025215,0.965925826289068,-0.433883739117558,-0.9009688679024191,0,weekday,42.325
2024-11-09,2024,11,9,314,23,5,104.99,2024-11-09 23:00:00+00:00,2024-11-10 00:00:00+00:00,40500.81,496.1625,1304.385,0.0,31798.34,1800.5475,-0.7825970017677834,0.6225286602431057,-0.2588190451025215,0.965925826289068,-0.9749279121818236,-0.2225209339563146,0,weekend,42.409
2024-11-10,2024,11,10,315,23,6,109.65,2024-11-10 23:00:00+00:00,2024-11-11 00:00:00+00:00,42076.2375,1590.545,2840.0375,0.0,34687.66,4430.5825,-0.7717727365467836,0.6358984534680745,-0.2588190451025215,0.965925826289068,-0.7818314824680299,0.6234898018587334,0,weekend,42.042
2024-11-11,2024,11,11,316,23,0,110.31,2024-11-11 23:00:00+00:00,2024-11-12 00:00:00+00:00,47501.0875,3598.5725,6432.375,0.0,43623.25,10030.9475,-0.7607200913564104,0.6490800741100398,-0.2588190451025215,0.965925826289068,0.0,1.0,0,weekday,41.675
2024-11-12,2024,11,12,317,23,1,117.15,2024-11-12 23:00:00+00:00,2024-11-13 00:00:00+00:00,46927.8825,516.2325000000001,3366.7175,0.0,40645.9,3882.95,-0.7494423368521954,0.6620696215153815,-0.2588190451025215,0.965925826289068,0.7818314824680298,0.6234898018587336,0,weekday,43.82
2024-11-13,2024,11,13,318,23,2,101.7,2024-11-13 23:00:00+00:00,2024-11-14 00:00:00+00:00,47182.105,6005.5525,9454.095,0.0,45874.52,15459.6475,-0.7379428103031386,0.6748632518680403,-0.2588190451025215,0.965925826289068,0.9749279121818236,-0.2225209339563143,0,weekday,43.625
2024-11-14,2024,11,14,319,23,3,110.44,2024-11-14 23:00:00+00:00,2024-11-15 00:00:00+00:00,47721.0675,2560.495,6506.3225,0.0,44270.44,9066.8175,-0.7262249146041543,0.6874571793269664,-0.2588190451025215,0.965925826289068,0.4338837391175582,-0.900968867902419,0,weekday,45.505
2024-11-15,2024,11,15,320,23,4,101.92,2024-11-15 23:00:00+00:00,2024-11-16 00:00:00+00:00,45797.515,6079.8925,13519.65,0.0,46774.71,19599.5425,-0.7142921172691032,0.699847677146407,-0.2588190451025215,0.965925826289068,-0.433883739117558,-0.9009688679024191,0,weekday,46.0
2024-11-16,2024,11,16,321,23,5,80.1,2024-11-16 23:00:00+00:00,2024-11-17 00:00:00+00:00,42133.25,5671.995,23299.09,0.0,46360.71,28971.085,-0.7021479494046978,0.7120310787787131,-0.2588190451025215,0.965925826289068,-0.9749279121818236,-0.2225209339563146,0,weekend,46.551
2024-11-17,2024,11,17,322,23,6,65.42,2024-11-17 23:00:00+00:00,2024-11-18 00:00:00+00:00,43941.825,5314.54,29409.2075,0.0,53174.2,34723.7475,-0.6897960046655887,0.7240037789593305,-0.2588190451025215,0.965925826289068,-0.7818314824680299,0.6234898018587334,0,weekend,46.0155
2024-11-18,2024,11,18,323,23,0,107.06,2024-11-18 23:00:00+00:00,2024-11-19 00:00:00+00:00,48184.84,2102.4275,13829.0075,0.0,44048.08,15931.435,-0.6772399381909491,0.7357622347736527,-0.2588190451025215,0.965925826289068,0.0,1.0,0,weekday,45.48
2024-11-19,2024,11,19,324,23,1,100.14,2024-11-19 23:00:00+00:00,2024-11-20 00:00:00+00:00,50012.7075,2382.83,13991.1425,0.0,45610.18,16373.9725,-0.6644834655228552,0.7473029667054296,-0.2588190451025215,0.965925826289068,0.7818314824680298,0.6234898018587336,0,weekday,46.655
2024-11-20,2024,11,20,325,23,2,93.96,2024-11-20 23:00:00+00:00,2024-11-21 00:00:00+00:00,48289.192500000005,2276.925,20004.52,0.0,50660.78,22281.445,-0.6515303615068021,0.75862255966641,-0.2588190451025215,0.965925826289068,0.9749279121818236,-0.2225209339563143,0,weekday,45.36
2024-11-21,2024,11,21,326,23,3,116.12,2024-11-21 23:00:00+00:00,2024-11-22 00:00:00+00:00,49194.1625,606.2625,10339.795,0.0,42349.9,10946.0575,-0.6383844591746642,0.7697176640069211,-0.2588190451025215,0.965925826289068,0.4338837391175582,-0.900968867902419,0,weekday,47.12
2024-11-22,2024,11,22,327,23,4,80.0,2024-11-22 23:00:00+00:00,2024-11-23 00:00:00+00:00,46698.84,5285.285,26494.85,0.0,54602.97,31780.135,-0.6250496486104377,0.7805849965070866,-0.2588190451025215,0.965925826289068,-0.433883739117558,-0.9009688679024191,0,weekday,49.05
2024-11-23,2024,11,23,328,23,5,1.01,2024-11-23 23:00:00+00:00,2024-11-24 00:00:00+00:00,42427.91,5542.085,39642.0575,0.0,56905.95,45184.1425,-0.6115298757991053,0.7912213413483807,-0.2588190451025215,0.965925826289068,-0.9749279121818236,-0.2225209339563146,0,weekend,47.018
2024-11-24,2024,11,24,329,23,6,-1.25,2024-11-24 23:00:00+00:00,2024-11-25 00:00:00+00:00,43525.6725,4155.9875,36950.935,0.0,53089.23,41106.9225,-0.5978291414589552,0.801623551065242,-0.2588190451025215,0.965925826289068,-0.7818314824680299,0.6234898018587334,0,weekend,47.341499999999996
2024-11-25,2024,11,25,330,23,0,89.53,2024-11-25 23:00:00+00:00,2024-11-26 00:00:00+00:00,48148.12,4990.66,21402.3975,0.0,50134.26,26393.0575,-0.5839514998576998,0.8117885474764613,-0.2588190451025215,0.965925826289068,0.0,1.0,0,weekday,47.665
2024-11-26,2024,11,26,331,23,1,104.74,2024-11-26 23:00:00+00:00,2024-11-27 00:00:00+00:00,48804.12,4169.55,13674.7025,0.0,47930.05,17844.2525,-0.5699010576127624,0.8217133225960589,-0.2588190451025215,0.965925826289068,0.7818314824680298,0.6234898018587336,0,weekday,47.38
2024-11-27,2024,11,27,332,23,2,49.21,2024-11-27 23:00:00+00:00,2024-11-28 00:00:00+00:00,49280.625,4892.92,37765.565,0.0,60308.97,42658.485,-0.5556819724760489,0.8313949395234058,-0.2588190451025215,0.965925826289068,0.9749279121818236,-0.2225209339563143,0,weekday,46.535
2024-11-28,2024,11,28,333,23,3,110.3,2024-11-28 23:00:00+00:00,2024-11-29 00:00:00+00:00,48978.6675,897.95,10796.8875,0.0,42891.46,11694.8375,-0.5412984521036173,0.8408305333122887,-0.2588190451025215,0.965925826289068,0.4338837391175582,-0.900968867902419,0,weekday,46.762
2024-11-29,2024,11,29,334,23,4,98.83,2024-11-29 23:00:00+00:00,2024-11-30 00:00:00+00:00,46610.2075,4958.5325,12058.49,0.0,47567.75,17017.0225,-0.5267547528105542,0.8500173118187018,-0.2588190451025215,0.965925826289068,-0.433883739117558,-0.9009688679024191,0,weekday,47.48
2024-11-30,2024,11,30,335,23,5,99.66,2024-11-30 23:00:00+00:00,2024-12-01 00:00:00+00:00,43411.795,2498.9325,9794.9575,0.0,40357.89,12293.89,-0.5120551783114646,0.8589525565270845,-0.2588190451025215,0.965925826289068,-0.9749279121818236,-0.2225209339563146,0,weekend,47.811
2024-12-01,2024,12,1,336,23,6,74.77,2024-12-01 23:00:00+00:00,2024-12-02 00:00:00+00:00,44698.85,5242.465,21275.5175,0.0,49998.86,26517.9825,-0.4972040784469378,0.8676336233547726,-0.2588190451025215,0.965925826289068,-0.7818314824680299,0.6234898018587334,0,weekend,48.335499999999996
2024-12-02,2024,12,2,337,23,0,110.73,2024-12-02 23:00:00+00:00,2024-12-03 00:00:00+00:00,48886.865000000005,4434.5025,16682.237500000003,0.0,50142.77,21116.74,-0.4822058478963526,0.8760579434344281,-0.2588190451025215,0.965925826289068,0.0,1.0,0,weekday,48.86
2024-12-03,2024,12,3,338,23,1,120.99,2024-12-03 23:00:00+00:00,2024-12-04 00:00:00+00:00,50030.0625,1836.205,7297.672500000001,0.0,45380.24,9133.8775,-0.4670649248774303,0.8842230238742036,-0.2588190451025215,0.965925826289068,0.7818314824680298,0.6234898018587336,0,weekday,48.93
2024-12-04,2024,12,4,339,23,2,114.77,2024-12-04 23:00:00+00:00,2024-12-05 00:00:00+00:00,48983.4975,2247.2025,6524.3925,0.0,40564.65,8771.595,-0.451785789832884,0.8921264484954345,-0.2588190451025215,0.965925826289068,0.9749279121818236,-0.2225209339563143,0,weekday,48.1
2024-12-05,2024,12,5,340,23,3,10.64,2024-12-05 23:00:00+00:00,2024-12-06 00:00:00+00:00,48983.065,4787.0325,36125.5075,0.0,57142.97,40912.54,-0.4363729641045924,0.8997658785476209,-0.2588190451025215,0.965925826289068,0.4338837391175582,-0.900968867902419,0,weekday,47.51
2024-12-06,2024,12,6,341,23,4,86.65,2024-12-06 23:00:00+00:00,2024-12-07 00:00:00+00:00,46873.98,1164.3925000000002,16213.115,0.0,42767.4,17377.5075,-0.4208310085956556,0.9071390534005044,-0.2588190451025215,0.965925826289068,-0.433883739117558,-0.9009688679024191,0,weekday,46.25
2024-12-07,2024,12,7,342,23,5,93.91,2024-12-07 23:00:00+00:00,2024-12-08 00:00:00+00:00,43122.5875,3468.895,16151.1125,0.0,41547.13,19620.0075,-0.4051645224207563,0.9142437912130223,-0.2588190451025215,0.965925826289068,-0.9749279121818236,-0.2225209339563146,0,weekend,46.48
2024-12-08,2024,12,8,343,23,6,71.36,2024-12-08 23:00:00+00:00,2024-12-09 00:00:00+00:00,44380.005,5687.52,20417.5375,0.0,47569.3,26105.0575,-0.3893781415452015,0.9210779895789526,-0.2588190451025215,0.965925826289068,-0.7818314824680299,0.6234898018587334,0,weekend,46.34
2024-12-09,2024,12,9,344,23,0,92.85,2024-12-09 23:00:00+00:00,2024-12-10 00:00:00+00:00,49629.73,5396.0275,22908.14,0.0,55007.43,28304.1675,-0.3734765374130707,0.9276396261490468,-0.2588190451025215,0.965925826289068,0.0,1.0,0,weekday,46.2
2024-12-10,2024,12,10,345,23,1,115.94,2024-12-10 23:00:00+00:00,2024-12-11 00:00:00+00:00,49978.2525,215.64,4255.7775,0.0,41567.73,4471.4175000000005,-0.3574644155648614,0.9339267592294762,-0.2588190451025215,0.965925826289068,0.7818314824680298,0.6234898018587336,0,weekday,44.55
2024-12-11,2024,12,11,346,23,2,122.24,2024-12-11 23:00:00+00:00,2024-12-12 00:00:00+00:00,48662.8875,1415.765,1486.59,0.0,41352.49,2902.355,-0.3413465142450361,0.9399375283564132,-0.2588190451025215,0.965925826289068,0.9749279121818236,-0.2225209339563143,0,weekday,45.25
2024-12-12,2024,12,12,347,23,3,130.07,2024-12-12 23:00:00+00:00,2024-12-13 00:00:00+00:00,48732.735,518.89,2560.855,0.0,40332.56,3079.745,-0.3251276029999093,0.9456701548465688,-0.2588190451025215,0.965925826289068,0.4338837391175582,-0.900968867902419,0,weekday,44.4
2024-12-13,2024,12,13,348,23,4,116.94,2024-12-13 23:00:00+00:00,2024-12-14 00:00:00+00:00,46988.2575,1506.69,6954.47,0.0,41527.48,8461.16,-0.3088124812662537,0.9511229423235356,-0.2588190451025215,0.965925826289068,-0.433883739117558,-0.9009688679024191,0,weekday,42.54
2024-12-14,2024,12,14,349,23,5,73.58,2024-12-14 23:00:00+00:00,2024-12-15 00:00:00+00:00,42774.6225,5523.5925,25740.28,0.0,49497.66,31263.8725,-0.2924059769510773,0.956294277219772,-0.2588190451025215,0.965925826289068,-0.9749279121818236,-0.2225209339563146,0,weekend,41.215
2024-12-15,2024,12,15,350,23,6,0.09,2024-12-15 23:00:00+00:00,2024-12-16 00:00:00+00:00,43542.5925,3746.715,42470.77,0.0,61550.58,46217.485,-0.2759129450029604,0.9611826292540836,-0.2588190451025215,0.965925826289068,-0.7818314824680299,0.6234898018587334,0,weekend,40.7
2024-12-16,2024,12,16,351,23,0,37.45,2024-12-16 23:00:00+00:00,2024-12-17 00:00:00+00:00,47180.6225,3970.68,37116.725,0.0,58319.4,41087.405,-0.2593382659754056,0.9657865518844574,-0.2588190451025215,0.965925826289068,0.0,1.0,0,weekday,40.185
2024-12-17,2024,12,17,352,23,1,69.18,2024-12-17 23:00:00+00:00,2024-12-18 00:00:00+00:00,48250.91,5622.095,16232.2825,0.0,44263.66,21854.3775,-0.2426868445825954,0.9701046827361176,-0.2588190451025215,0.965925826289068,0.7818314824680298,0.6234898018587336,0,weekday,40.5
2024-12-18,2024,12,18,353,23,2,11.28,2024-12-18 23:00:00+00:00,2024-12-19 00:00:00+00:00,48024.875,4543.8525,34465.885,0.0,54828.42,39009.7375,-0.225963608248019,0.974135744004672,-0.2588190451025215,0.965925826289068,0.9749279121818236,-0.2225209339563143,0,weekday,42.355
2024-12-19,2024,12,19,354,23,3,47.72,2024-12-19 23:00:00+00:00,2024-12-20 00:00:00+00:00,47476.0225,4064.6825,37467.17,0.0,58797.98,41531.8525,-0.2091735056463563,0.9778785428342386,-0.2588190451025215,0.965925826289068,0.4338837391175582,-0.900968867902419,0,weekday,41.475
2024-12-20,2024,12,20,355,23,4,27.75,2024-12-20 23:00:00+00:00,2024-12-21 00:00:00+00:00,45148.015,5019.9475,28778.4525,0.0,52592.32,33798.4,-0.1923215052390948,0.9813319716704276,-0.2588190451025215,0.965925826289068,-0.433883739117558,-0.9009688679024191,0,weekday,43.875
2024-12-21,2024,12,21,356,23,5,0.0,2024-12-21 23:00:00+00:00,2024-12-22 00:00:00+00:00,41072.33,4917.7125,39824.66,0.0,58504.49,44742.372500000005,-0.1754125938042784,0.9844950085880858,-0.2588190451025215,0.965925826289068,-0.9749279121818236,-0.2225209339563146,0,weekend,44.13
2024-12-22,2024,12,22,357,23,6,29.19,2024-12-22 23:00:00+00:00,2024-12-23 00:00:00+00:00,43273.4825,4526.9975,25804.0,0.0,48379.81,30330.9975,-0.1584517749608363,0.9873667175937016,-0.2588190451025215,0.965925826289068,-0.7818314824680299,0.6234898018587334,0,weekend,44.2325
2024-12-23,2024,12,23,358,23,0,86.03,2024-12-23 23:00:00+00:00,2024-12-24 00:00:00+00:00,46514.0275,1821.3975,18715.87,0.0,41927.14,20537.2675,-0.141444067687942,0.989946248902378,-0.2588190451025215,0.965925826289068,0.0,1.0,0,weekday,44.335
2024-12-24,2024,12,24,359,23,1,91.37,2024-12-24 23:00:00+00:00,2024-12-25 00:00:00+00:00,42303.2675,1716.8675,9281.83,0.0,34575.93,10998.6975,-0.1243945048397999,0.9922328391893008,-0.2588190451025215,0.965925826289068,0.7818314824680298,0.6234898018587336,0,weekday,45.75
2024-12-25,2024,12,25,360,23,2,102.17,2024-12-25 23:00:00+00:00,2024-12-26 00:00:00+00:00,39580.8825,1666.5825,3665.0125,0.0,30671.72,5331.594999999999,-0.1073081316563624,0.994225811815616,-0.2588190451025215,0.965925826289068,0.9749279121818236,-0.2225209339563143,1,holiday,45.731
2024-12-26,2024,12,26,361,23,3,106.79,2024-12-26 23:00:00+00:00,2024-12-27 00:00:00+00:00,42179.9,358.4375,3207.4475,0.0,34267.64,3565.885,-0.0901900042703451,0.99592457702866,-0.2588190451025215,0.965925826289068,0.4338837391175582,-0.900968867902419,1,holiday,45.731
2024-12-27,2024,12,27,362,23,4,126.4,2024-12-27 23:00:00+00:00,2024-12-28 00:00:00+00:00,42929.4075,352.0925,426.0375,0.0,32695.1,778.13,-0.0730451882110474,0.9973286321364752,-0.2588190451025215,0.965925826289068,-0.433883739117558,-0.9009688679024191,0,weekday,47.18
2024-12-28,2024,12,28,363,23,5,127.39,2024-12-28 23:00:00+00:00,2024-12-29 00:00:00+00:00,41787.7925,2237.7475,5304.2325,0.0,35469.74,7541.98,-0.0558787569053731,0.9984375616565666,-0.2588190451025215,0.965925826289068,-0.9749279121818236,-0.2225209339563146,0,weekend,47.731
2024-12-29,2024,12,29,364,23,6,71.73,2024-12-29 23:00:00+00:00,2024-12-30 00:00:00+00:00,41479.385,4907.2375,21791.38,0.0,46267.4,26698.6175,-0.0386957901765268,0.999251037438848,-0.2588190451025215,0.965925826289068,-0.7818314824680299,0.6234898018587334,0,weekend,48.0155
2024-12-30,2024,12,30,365,23,0,50.49,2024-12-30 23:00:00+00:00,2024-12-31 00:00:00+00:00,44990.615000000005,4710.8175,24810.72,0.0,50109.93,29521.5375,-0.0215013727408137,0.999768818762748,-0.2588190451025215,0.965925826289068,0.0,1.0,0,weekday,48.3
2024-12-31,2024,12,31,366,23,1,2.16,2024-12-31 23:00:00+00:00,2025-01-01 00:00:00+00:00,44968.7425,3759.6575,38594.4725,0.0,56521.73,42354.130000000005,-0.0043005927029819,0.9999907524084426,-0.2588190451025215,0.965925826289068,0.7818314824680298,0.6234898018587336,0,weekday,48.35
2025-01-01,2025,1,1,1,23,2,2.55,2025-01-01 23:00:00+00:00,2025-01-02 00:00:00+00:00,45446.17,4959.3525,39978.0975,0.0,60041.175,44937.45,0.0,1.0,-0.2588190451025215,0.965925826289068,0.9749279121818236,-0.2225209339563143,1,holiday,48.889
2025-01-02,2025,1,2,2,23,3,99.56,2025-01-02 23:00:00+00:00,2025-01-03 00:00:00+00:00,49157.42,5639.875,18805.685,0.0,47689.9,24445.56,0.0172015754182605,0.9998520419557736,-0.2588190451025215,0.965925826289068,0.4338837391175582,-0.900968867902419,0,weekday,50.215
2025-01-03,2025,1,3,3,23,4,90.43,2025-01-03 23:00:00+00:00,2025-01-04 00:00:00+00:00,48153.19,3913.29,20760.1125,0.0,48199.4225,24673.4025,0.034398060613608,0.9994082116062598,-0.2588190451025215,0.965925826289068,-0.433883739117558,-0.9009688679024191,0,weekday,49.905
2025-01-04,2025,1,4,4,23,5,113.84,2025-01-04 23:00:00+00:00,2025-01-05 00:00:00+00:00,43434.34,2223.0325000000003,8684.6225,0.0,36054.725,10907.655,0.0515843668694083,0.9986686402879996,-0.2588190451025215,0.965925826289068,-0.9749279121818236,-0.2225209339563146,0,weekend,49.622
2025-01-05,2025,1,5,5,23,6,27.52,2025-01-05 23:00:00+00:00,2025-01-06 00:00:00+00:00,44186.225,5616.905,32949.305,0.0,56882.7875,38566.21,0.0687554084811394,0.9976335468520452,-0.2588190451025215,0.965925826289068,-0.7818314824680299,0.6234898018587334,0,weekend,49.361000000000004
2025-01-06,2025,1,6,6,23,0,19.07,2025-01-06 23:00:00+00:00,2025-01-07 00:00:00+00:00,46758.33,3510.125,39215.9875,0.0,59479.4125,42726.1125,0.0859061042613327,0.9963032375991964,-0.2588190451025215,0.965925826289068,0.0,1.0,0,weekday,49.1
2025-01-07,2025,1,7,7,23,1,71.05,2025-01-07 23:00:00+00:00,2025-01-08 00:00:00+00:00,48750.655,4778.1625,33853.15,0.0,58586.9075,38631.3125,0.1030313790431787,0.9946781061893646,-0.2588190451025215,0.965925826289068,0.7818314824680298,0.6234898018587336,0,weekday,46.75
2025-01-08,2025,1,8,8,23,2,101.44,2025-01-08 23:00:00+00:00,2025-01-09 00:00:00+00:00,48923.035,1882.5175,13127.3075,0.0,41957.36,15009.825,0.1201261651823505,0.9927586335250792,-0.2588190451025215,0.965925826289068,0.9749279121818236,-0.2225209339563143,0,weekday,47.995
2025-01-09,2025,1,9,9,23,3,84.79,2025-01-09 23:00:00+00:00,2025-01-10 00:00:00+00:00,50729.68,3167.8375,27232.7175,0.0,53238.2725,30400.555,0.1371854040566005,0.9905453876091832,-0.2588190451025215,0.965925826289068,0.4338837391175582,-0.900968867902419,0,weekday,45.095
2025-01-10,2025,1,10,10,23,4,106.64,2025-01-10 23:00:00+00:00,2025-01-11 00:00:00+00:00,50333.2875,2156.8875,13822.98,0.0,42205.9,15979.8675,0.1542040475626894,0.988039023376751,-0.2588190451025215,0.965925826289068,-0.433883739117558,-0.9009688679024191,0,weekday,44.85
2025-01-11,2025,1,11,11,23,5,83.58,2025-01-11 23:00:00+00:00,2025-01-12 00:00:00+00:00,44746.2725,2497.54,18218.035,0.0,43895.895,20715.575,0.1711770596101998,0.985240282501282,-0.2588190451025215,0.965925826289068,-0.9749279121818236,-0.2225209339563146,0,weekend,45.008
2025-01-12,2025,1,12,12,23,6,112.39,2025-01-12 23:00:00+00:00,2025-01-13 00:00:00+00:00,47610.955,211.615,1986.4925,0.0,33754.655,2198.1075,0.1880994176117975,0.9821499931752292,-0.2588190451025215,0.965925826289068,-0.7818314824680299,0.6234898018587334,0,weekend,45.829
2025-01-13,2025,1,13,13,23,0,106.38,2025-01-13 23:00:00+00:00,2025-01-14 00:00:00+00:00,52016.905,5515.8575,15394.2525,0.0,50710.28,20910.11,0.2049661139694953,0.9787690698649216,-0.2588190451025215,0.965925826289068,0.0,1.0,0,weekday,46.65
2025-01-14,2025,1,14,14,23,1,108.28,2025-01-14 23:00:00+00:00,2025-01-15 00:00:00+00:00,53677.795,3343.615,18161.2125,0.0,51767.5725,21504.8275,0.2217721575564818,0.975098513039961,-0.2588190451025215,0.965925826289068,0.7818314824680298,0.6234898018587336,0,weekday,48.53
2025-01-15,2025,1,15,15,23,2,126.33,2025-01-15 23:00:00+00:00,2025-01-16 00:00:00+00:00,51406.0925,1381.6075,2193.1975,0.0,41370.0875,3574.8050000000003,0.2385125751940764,0.9711394088771652,-0.2588190451025215,0.965925826289068,0.9749279121818236,-0.2225209339563143,0,weekday,47.45
2025-01-16,2025,1,16,16,23,3,118.87,2025-01-16 23:00:00+00:00,2025-01-17 00:00:00+00:00,52056.75,3836.335,4702.1475,0.0,42278.78,8538.4825,0.2551824131233728,0.966892928939152,-0.2588190451025215,0.965925826289068,0.4338837391175582,-0.900968867902419,0,weekday,46.205
2025-01-17,2025,1,17,17,23,4,125.29,2025-01-17 23:00:00+00:00,2025-01-18 00:00:00+00:00,50452.9375,2155.82,3253.725,0.0,38867.2,5409.545,0.2717767384711357,0.9623603298276544,-0.2588190451025215,0.965925826289068,-0.433883739117558,-0.9009688679024191,0,weekday,46.0
2025-01-18,2025,1,18,18,23,5,129.73,2025-01-18 23:00:00+00:00,2025-01-19 00:00:00+00:00,46080.77,518.025,5144.845,0.0,38653.1575,5662.87,0.2882906407095177,0.957542952811672,-0.2588190451025215,0.965925826289068,-0.9749279121818236,-0.2225209339563146,0,weekend,46.887
2025-01-19,2025,1,19,19,23,6,122.27,2025-01-19 23:00:00+00:00,2025-01-20 00:00:00+00:00,48209.705,201.1375,5662.6325,0.0,38294.34,5863.77,0.3047192331091634,0.9524422234305676,-0.2588190451025215,0.965925826289068,-0.7818314824680299,0.6234898018587334,0,weekend,46.808
2025-01-20,2025,1,20,20,23,0,127.52,2025-01-20 23:00:00+00:00,2025-01-21 00:00:00+00:00,52286.4275,3499.9525,3721.8725,0.0,44056.305,7221.825,0.321057654185271,0.9470596510722284,-0.2588190451025215,0.965925826289068,0.0,1.0,0,weekday,46.729
2025-01-21,2025,1,21,21,23,1,128.0,2025-01-21 23:00:00+00:00,2025-01-22 00:00:00+00:00,53633.5375,1833.2375,4891.5225,0.0,44291.9975,6724.76,0.3373010691361842,0.9413968285264122,-0.2588190451025215,0.965925826289068,0.7818314824680298,0.6234898018587336,0,weekday,46.65
2025-01-22,2025,1,22,22,23,2,113.7,2025-01-22 23:00:00+00:00,2025-01-23 00:00:00+00:00,51035.7175,1949.255,19593.91,0.0,49170.5875,21543.165,0.3534446712740877,0.9354554315134164,-0.2588190451025215,0.965925826289068,0.9749279121818236,-0.2225209339563143,0,weekday,50.085
2025-01-23,2025,1,23,23,23,3,69.03,2025-01-23 23:00:00+00:00,2025-01-24 00:00:00+00:00,51140.4475,5879.9525,30014.5325,0.0,56957.6675,35894.485,0.3694836834473831,0.9292372181882051,-0.2588190451025215,0.965925826289068,0.4338837391175582,-0.900968867902419,0,weekday,48.83
2025-01-24,2025,1,24,24,23,4,59.04,2025-01-24 23:00:00+00:00,2025-01-25 00:00:00+00:00,49355.8425,5869.17,23293.955,0.0,51202.3975,29163.125,0.3854133594543256,0.9227440286201428,-0.2588190451025215,0.965925826289068,-0.433883739117558,-0.9009688679024191,0,weekday,49.585
2025-01-25,2025,1,25,25,23,5,126.21,2025-01-25 23:00:00+00:00,2025-01-26 00:00:00+00:00,45128.845,721.9875,7702.905000000001,0.0,34711.72,8424.8925,0.4012289854475009,0.9159777842484876,-0.2588190451025215,0.965925826289068,-0.9749279121818236,-0.2225209339563146,0,weekend,49.702
2025-01-26,2025,1,26,26,23,6,40.14,2025-01-26 23:00:00+00:00,2025-01-27 00:00:00+00:00,46470.5325,5168.04,26094.7,0.0,49913.0875,31262.74,0.4169258813287287,0.908940487313808,-0.2588190451025215,0.965925826289068,-0.7818314824680299,0.6234898018587334,0,weekend,49.2635
2025-01-27,2025,1,27,27,23,0,76.92,2025-01-27 23:00:00+00:00,2025-01-28 00:00:00+00:00,50628.8025,5405.54,24675.9275,0.0,50345.0825,30081.4675,0.4324994021339788,0.901634220265486,-0.2588190451025215,0.965925826289068,0.0,1.0,0,weekday,48.825
2025-01-28,2025,1,28,28,23,1,87.72,2025-01-28 23:00:00+00:00,2025-01-29 00:00:00+00:00,51395.9225,3938.2275,23663.1,0.0,50331.72,27601.3275,0.4479449394078911,0.8940611451454876,-0.2588190451025215,0.965925826289068,0.7818314824680298,0.6234898018587336,0,weekday,48.2
2025-01-29,2025,1,29,29,23,2,92.41,2025-01-29 23:00:00+00:00,2025-01-30 00:00:00+00:00,50947.01,5323.1275000000005,18086.0075,0.0,48882.3025,23409.135,0.4632579225674917,0.88622350294858,-0.2588190451025215,0.965925826289068,0.9749279121818236,-0.2225209339563143,0,weekday,49.74
2025-01-30,2025,1,30,30,23,3,120.0,2025-01-30 23:00:00+00:00,2025-01-31 00:00:00+00:00,50929.677500000005,4517.8150000000005,12829.695,0.0,46234.445,17347.510000000002,0.4784338202547012,0.8781236129591848,-0.2588190451025215,0.965925826289068,0.4338837391175582,-0.900968867902419,0,weekday,52.02
2025-01-31,2025,1,31,31,23,4,136.93,2025-01-31 23:00:00+00:00,2025-02-01 00:00:00+00:00,49981.0225,505.49,5441.825,0.0,38044.765,5947.315,0.4934681416772373,0.8697638720650646,-0.2588190451025215,0.965925826289068,-0.433883739117558,-0.9009688679024191,0,weekday,52.0
2025-02-01,2025,2,1,32,23,5,133.26,2025-02-01 23:00:00+00:00,2025-02-02 00:00:00+00:00,43883.28,347.37,3648.5325,0.0,36271.735,3995.9025,0.5083564379375122,0.8611467540480452,-0.2588190451025215,0.965925826289068,-0.9749279121818236,-0.2225209339563146,0,weekend,53.237
2025-02-02,2025,2,2,33,23,6,129.54,2025-02-02 23:00:00+00:00,2025-02-03 00:00:00+00:00,45928.0575,664.69,655.905,0.0,33740.774999999994,1320.595,0.5230943033491326,0.8522748088519838,-0.2588190451025215,0.965925826289068,-0.7818314824680299,0.6234898018587334,0,weekend,53.718500000000006
2025-02-03,2025,2,3,34,23,0,132.4,2025-02-03 23:00:00+00:00,2025-02-04 00:00:00+00:00,50755.5,2749.0825,4111.3825,0.0,41380.35,6860.465,0.5376773767406141,0.8431506618282,-0.2588190451025215,0.965925826289068,0.0,1.0,0,weekday,54.2
2025-02-04,2025,2,4,35,23,1,113.34,2025-02-04 23:00:00+00:00,2025-02-05 00:00:00+00:00,53099.5875,5460.675,14347.895,0.0,50451.085,19808.57,0.5521013427459208,0.8337770129585915,-0.2588190451025215,0.965925826289068,0.7818314824680298,0.6234898018587336,0,weekday,52.905
2025-02-05,2025,2,5,36,23,2,133.67,2025-02-05 23:00:00+00:00,2025-02-06 00:00:00+00:00,53473.595,941.9675,3733.7075,0.0,41118.5675,4675.675,0.5663619330814524,0.8241566360566663,-0.2588190451025215,0.965925826289068,0.9749279121818236,-0.2225209339563143,0,weekday,51.85
2025-02-06,2025,2,6,37,23,3,126.05,2025-02-06 23:00:00+00:00,2025-02-07 00:00:00+00:00,52859.4525,3757.2325,18320.1975,0.0,52263.535,22077.43,0.580454927809098,0.8142923779467267,-0.2588190451025215,0.965925826289068,0.4338837391175582,-0.900968867902419,0,weekday,53.91
2025-02-07,2025,2,7,38,23,4,81.34,2025-02-07 23:00:00+00:00,2025-02-08 00:00:00+00:00,50053.1575,6510.195,22556.1275,0.0,54387.02,29066.3225,0.5943761565849831,0.804187157621448,-0.2588190451025215,0.965925826289068,-0.433883739117558,-0.9009688679024191,0,weekday,53.815
2025-02-08,2025,2,8,39,23,5,135.0,2025-02-08 23:00:00+00:00,2025-02-09 00:00:00+00:00,44810.42,1434.1125,7758.195,0.0,39225.405,9192.3075,0.6081214998935418,0.7938439653781019,-0.2588190451025215,0.965925826289068,-0.9749279121818236,-0.2225209339563146,0,weekend,55.723
2025-02-09,2025,2,9,40,23,6,118.58,2025-02-09 23:00:00+00:00,2025-02-10 00:00:00+00:00,47329.67,6362.379999999999,10662.6175,0.0,45986.49,17024.997499999998,0.6216868902665479,0.7832658619336791,-0.2588190451025215,0.965925826289068,-0.7818314824680299,0.6234898018587334,0,weekend,56.5115
2025-02-10,2025,2,10,41,23,0,77.45,2025-02-10 23:00:00+00:00,2025-02-11 00:00:00+00:00,51533.46,6052.55,31848.46,0.0,60597.7975,37901.01,0.6350683134867438,0.7724559775191742,-0.2588190451025215,0.965925826289068,0.0,1.0,0,weekday,57.3
2025-02-11,2025,2,11,42,23,1,129.13,2025-02-11 23:00:00+00:00,2025-02-12 00:00:00+00:00,52602.9025,5605.725,15160.75,0.0,50876.07,20766.475,0.6482618097757122,0.7614175109532997,-0.2588190451025215,0.965925826289068,0.7818314824680298,0.6234898018587336,0,weekday,57.13
2025-02-12,2025,2,12,43,23,2,140.33,2025-02-12 23:00:00+00:00,2025-02-13 00:00:00+00:00,52113.5075,2731.5075,4495.29,0.0,41473.0175,7226.797500000001,0.6612634749656386,0.7501537286959042,-0.2588190451025215,0.965925826289068,0.9749279121818236,-0.2225209339563143,0,weekday,56.2
2025-02-13,2025,2,13,44,23,3,139.21,2025-02-13 23:00:00+00:00,2025-02-14 00:00:00+00:00,51999.51,1632.465,8293.2825,0.0,44651.92,9925.7475,0.6740694616546161,0.7386679638813748,-0.2588190451025215,0.965925826289068,0.4338837391175582,-0.900968867902419,0,weekday,55.66
2025-02-14,2025,2,14,45,23,4,135.29,2025-02-14 23:00:00+00:00,2025-02-15 00:00:00+00:00,49460.125,334.7775,1016.69,0.0,37031.745,1351.4675,0.6866759803451553,0.726963615332308,-0.2588190451025215,0.965925826289068,-0.433883739117558,-0.9009688679024191,0,weekday,50.05
2025-02-15,2025,2,15,46,23,5,134.11,2025-02-15 23:00:00+00:00,2025-02-16 00:00:00+00:00,46348.4675,2553.0775,4605.365,0.0,37466.135,7158.442499999999,0.6990793005655562,0.7150441465537444,-0.2588190451025215,0.965925826289068,-0.9749279121818236,-0.2225209339563146,0,weekend,50.685
2025-02-16,2025,2,16,47,23,6,128.05,2025-02-16 23:00:00+00:00,2025-02-17 00:00:00+00:00,48629.0275,562.9225,6611.935,0.0,39946.6825,7174.8575,0.7112757519738152,0.7029130847082615,-0.2588190451025215,0.965925826289068,-0.7818314824680299,0.6234898018587334,0,weekend,50.458333333333336
2025-02-17,2025,2,17,48,23,0,132.95,2025-02-17 23:00:00+00:00,2025-02-18 00:00:00+00:00,53700.265,805.175,4322.5825,0.0,42615.6675,5127.757500000001,0.7232617254437388,0.6905740195722293,-0.2588190451025215,0.965925826289068,0.0,1.0,0,weekday,50.23166666666667
2025-02-18,2025,2,18,49,23,1,104.54,2025-02-18 23:00:00+00:00,2025-02-19 00:00:00+00:00,55100.975,4729.89,15549.77,0.0,52546.585,20279.66,0.7350336741329413,0.6780306024735382,-0.2588190451025215,0.965925826289068,0.7818314824680298,0.6234898018587336,0,weekday,50.005
2025-02-19,2025,2,19,50,23,2,86.17,2025-02-19 23:00:00+00:00,2025-02-20 00:00:00+00:00,52067.54,5308.5325,20151.66,0.0,54791.28,25460.1925,0.746588114532413,0.6652865452111116,-0.2588190451025215,0.965925826289068,0.9749279121818236,-0.2225209339563143,0,weekday,50.0
2025-02-20,2025,2,20,51,23,3,75.51,2025-02-20 23:00:00+00:00,2025-02-21 00:00:00+00:00,50336.8475,6366.2925,18171.0475,0.0,48658.8975,24537.34,0.7579216274973472,0.6523456189565257,-0.2588190451025215,0.965925826289068,0.4338837391175582,-0.900968867902419,0,weekday,47.35
2025-02-21,2025,2,21,52,23,4,50.99,2025-02-21 23:00:00+00:00,2025-02-22 00:00:00+00:00,48911.015,5841.32,23523.3375,0.0,49989.8925,29364.6575,0.7690308592589181,0.6392116531380588,-0.2588190451025215,0.965925826289068,-0.433883739117558,-0.9009688679024191,0,weekday,47.65
2025-02-22,2025,2,22,53,23,5,91.1,2025-02-22 23:00:00+00:00,2025-02-23 00:00:00+00:00,43562.2025,3036.6675,17454.7875,0.0,43467.725,20491.455,0.7799125224167177,0.6258885343075018,-0.2588190451025215,0.965925826289068,-0.9749279121818236,-0.2225209339563146,0,weekend,47.195
2025-02-23,2025,2,23,54,23,6,70.83,2025-02-23 23:00:00+00:00,2025-02-24 00:00:00+00:00,45898.3525,4912.2725,18626.1975,0.0,45683.4875,23538.47,0.7905633969115482,0.612380204990065,-0.2588190451025215,0.965925826289068,-0.7818314824680299,0.6234898018587334,0,weekend,46.665
2025-02-24,2025,2,24,55,23,0,90.6,2025-02-24 23:00:00+00:00,2025-02-25 00:00:00+00:00,49780.9725,4762.87,16899.3175,0.0,44884.7525,21662.1875,0.8009803309782905,0.5986906625177214,-0.2588190451025215,0.965925826289068,0.0,1.0,0,weekday,46.135
2025-02-25,2025,2,25,56,23,1,122.99,2025-02-25 23:00:00+00:00,2025-02-26 00:00:00+00:00,51198.8325,180.3,5587.01,0.0,39035.605,5767.31,0.8111602420785621,0.5848239578463322,-0.2588190451025215,0.965925826289068,0.7818314824680298,0.6234898018587336,0,weekday,45.435
2025-02-26,2025,2,26,57,23,2,101.48,2025-02-26 23:00:00+00:00,2025-02-27 00:00:00+00:00,49904.0775,3394.8525,13588.5725,0.0,48479.0125,16983.425,0.8211001178128892,0.5707841943569036,-0.2588190451025215,0.965925826289068,0.9749279121818236,-0.2225209339563143,0,weekday,41.336
2025-02-27,2025,2,27,58,23,3,115.47,2025-02-27 23:00:00+00:00,2025-02-28 00:00:00+00:00,50185.9925,1841.505,5598.2,0.0,41810.5775,7439.705,0.8307970168121247,0.5565755266413303,-0.2588190451025215,0.965925826289068,0.4338837391175582,-0.900968867902419,0,weekday,44.375
2025-02-28,2025,2,28,59,23,4,128.19,2025-02-28 23:00:00+00:00,2025-03-01 00:00:00+00:00,48232.025,549.6475,4500.6875,0.0,38372.9575,5050.335,0.8402480696078469,0.5422021592729844,-0.2588190451025215,0.965925826289068,-0.433883739117558,-0.9009688679024191,0,weekday,46.5
2025-03-01,2025,3,1,60,23,5,123.94,2025-03-01 23:00:00+00:00,2025-03-02 00:00:00+00:00,45162.06,2820.8675000000003,7140.4675,0.0,39707.2925,9961.335,0.8494504794814806,0.527668345562516,-0.2588190451025215,0.965925826289068,-0.9749279121818236,-0.2225209339563146,0,weekend,44.32
2025-03-02,2025,3,2,61,23,6,108.01,2025-03-02 23:00:00+00:00,2025-03-03 00:00:00+00:00,46447.85,5335.875,9652.8675,0.0,43751.035,14988.7425,0.8584015232918917,0.512978386299228,-0.2588190451025215,0.965925826289068,-0.7818314824680299,0.6234898018587334,0,weekend,45.635000000000005
2025-03-03,2025,3,3,62,23,0,121.0,2025-03-03 23:00:00+00:00,2025-03-04 00:00:00+00:00,50931.355,4209.0175,8042.07,0.0,41667.5825,12251.0875,0.8670985522812081,0.4981366284784055,-0.2588190451025215,0.965925826289068,0.0,1.0,0,weekday,46.95
2025-03-04,2025,3,4,63,23,1,90.05,2025-03-04 23:00:00+00:00,2025-03-05 00:00:00+00:00,51296.415,5973.375,13817.4725,0.0,49026.35,19790.8475,0.8755389928586302,0.4831474640149687,-0.2588190451025215,0.965925826289068,0.7818314824680298,0.6234898018587336,0,weekday,45.315
2025-03-05,2025,3,5,64,23,2,83.9,2025-03-05 23:00:00+00:00,2025-03-06 00:00:00+00:00,49584.86,6275.7075,14257.745,0.0,47021.5575,20533.4525,0.8837203473619977,0.4680153284438345,-0.2588190451025215,0.965925826289068,0.9749279121818236,-0.2225209339563143,0,weekday,43.485
2025-03-06,2025,3,6,65,23,3,90.27,2025-03-06 23:00:00+00:00,2025-03-07 00:00:00+00:00,49502.9975,3685.035,13217.9675,0.0,43792.0125,16903.002500000002,0.8916401947968874,0.452744699607371,-0.2588190451025215,0.965925826289068,0.4338837391175582,-0.900968867902419,0,weekday,41.875
2025-03-07,2025,3,7,66,23,4,124.97,2025-03-07 23:00:00+00:00,2025-03-08 00:00:00+00:00,46965.55,479.15,2633.7200000000003,0.0,34101.285,3112.8700000000003,0.8992961915530253,0.4373400963303323,-0.2588190451025215,0.965925826289068,-0.433883739117558,-0.9009688679024191,0,weekday,37.325
2025-03-08,2025,3,8,67,23,5,95.19,2025-03-08 23:00:00+00:00,2025-03-09 00:00:00+00:00,43235.5175,3257.7875,11845.5825,0.0,38908.325,15103.37,0.9066860720977984,0.4218060770826634,-0.2588190451025215,0.965925826289068,-0.9749279121818236,-0.2225209339563146,0,weekend,39.971
2025-03-09,2025,3,9,68,23,6,96.83,2025-03-09 23:00:00+00:00,2025-03-10 00:00:00+00:00,44670.1475,1178.2575,2482.17,0.0,32958.9125,3660.4275,0.9138076496466616,0.4061472386305789,-0.2588190451025215,0.965925826289068,-0.7818314824680299,0.6234898018587334,0,weekend,40.0205
2025-03-10,2025,3,10,69,23,0,104.39,2025-03-10 23:00:00+00:00,2025-03-11 00:00:00+00:00,48854.81,1411.9525,4088.085,0.0,36906.1475,5500.0375,0.9206588168102428,0.3903682146763026,-0.2588190451025215,0.965925826289068,0.0,1.0,0,weekday,40.07
2025-03-11,2025,3,11,70,23,1,101.73,2025-03-11 23:00:00+00:00,2025-03-12 00:00:00+00:00,49100.7225,1887.475,5597.657499999999,0.0,39893.185,7485.1325,0.9272375462179536,0.374473674486883,-0.2588190451025215,0.965925826289068,0.7818314824680298,0.6234898018587336,0,weekday,41.405
2025-03-12,2025,3,12,71,23,2,108.52,2025-03-12 23:00:00+00:00,2025-03-13 00:00:00+00:00,49019.96,1440.2875,1751.9675000000002,0.0,37076.5625,3192.255,0.9335418911179212,0.3584683215124808,-0.2588190451025215,0.965925826289068,0.9749279121818236,-0.2225209339563143,0,weekday,42.645
2025-03-13,2025,3,13,72,23,3,109.09,2025-03-13 23:00:00+00:00,2025-03-14 00:00:00+00:00,49826.57,1797.24,3420.6925,0.0,38629.5625,5217.9325,0.9395699859530622,0.342356891994542,-0.2588190451025215,0.965925826289068,0.4338837391175582,-0.900968867902419,0,weekday,42.455
2025-03-14,2025,3,14,73,23,4,112.15,2025-03-14 23:00:00+00:00,2025-03-15 00:00:00+00:00,48345.567500000005,1762.2575000000002,9574.5025,0.0,40589.0725,11336.76,0.945320046913132,0.3261441535642696,-0.2588190451025215,0.965925826289068,-0.433883739117558,-0.9009688679024191,0,weekday,41.3
2025-03-15,2025,3,15,74,23,5,90.01,2025-03-15 23:00:00+00:00,2025-03-16 00:00:00+00:00,44347.81,617.4975,11535.8925,0.0,39505.0925,12153.39,0.9507903724625832,0.3098349038318025,-0.2588190451025215,0.965925826289068,-0.9749279121818236,-0.2225209339563146,0,weekend,42.29
2025-03-16,2025,3,16,75,23,6,78.1,2025-03-16 23:00:00+00:00,2025-03-17 00:00:00+00:00,46408.05,5801.780000000001,15199.065,0.0,47455.51,21000.845,0.9559793438440766,0.2934339689665273,-0.2588190451025215,0.965925826289068,-0.7818314824680299,0.6234898018587334,0,weekend,41.8425
2025-03-17,2025,3,17,76,23,0,92.2,2025-03-17 23:00:00+00:00,2025-03-18 00:00:00+00:00,50915.245,1296.4575,9638.62,0.0,40248.4825,10935.0775,0.9608854255574976,0.2769462022689364,-0.2588190451025215,0.965925826289068,0.0,1.0,0,weekday,41.395
2025-03-18,2025,3,18,77,23,1,107.29,2025-03-18 23:00:00+00:00,2025-03-19 00:00:00+00:00,50887.915,1348.9025,8658.02,0.0,42029.065,10006.9225,0.9655071658143364,0.2603764827344581,-0.2588190451025215,0.965925826289068,0.7818314824680298,0.6234898018587336,0,weekday,41.45
2025-03-19,2025,3,19,78,23,2,117.17,2025-03-19 23:00:00+00:00,2025-03-20 00:00:00+00:00,48726.0025,766.575,7123.24,0.0,42630.305,7889.815,0.969843196967294,0.2437297136096838,-0.2588190451025215,0.965925826289068,0.9749279121818236,-0.2225209339563143,0,weekday,42.505
2025-03-20,2025,3,20,79,23,3,125.07,2025-03-20 23:00:00+00:00,2025-03-21 00:00:00+00:00,47760.3975,260.2975,3177.46,0.0,36673.175,3437.7575,0.9738922359149924,0.2270108209414184,-0.2588190451025215,0.965925826289068,0.4338837391175582,-0.900968867902419,0,weekday,43.86
2025-03-21,2025,3,21,80,23,4,26.93,2025-03-21 23:00:00+00:00,2025-03-22 00:00:00+00:00,45790.56,5854.11,31502.7525,0.0,55506.625,37356.8625,0.977653084481664,0.2102247521189836,-0.2588190451025215,0.965925826289068,-0.433883739117558,-0.9009688679024191,0,weekday,44.755
2025-03-22,2025,3,22,81,23,5,13.69,2025-03-22 23:00:00+00:00,2025-03-23 00:00:00+00:00,43332.03,6041.9825,25838.785,0.0,49276.7225,31880.7675,0.981124629771712,0.1933764744102058,-0.2588190451025215,0.965925826289068,-0.9749279121818236,-0.2225209339563146,0,weekend,42.605
2025-03-23,2025,3,23,82,23,6,110.45,2025-03-23 23:00:00+00:00,2025-03-24 00:00:00+00:00,44154.28,1730.0475,2543.7225,0.0,34182.582500000004,4273.77,0.984305844499033,0.1764709734915216,-0.2588190451025215,0.965925826289068,-0.7818314824680299,0.6234898018587334,0,weekend,42.504999999999995
2025-03-24,2025,3,24,83,23,0,102.07,2025-03-24 23:00:00+00:00,2025-03-25 00:00:00+00:00,47606.817500000005,825.05,2916.8075,0.0,35832.7325,3741.8575,0.9871957872910084,0.1595132519726365,-0.2588190451025215,0.965925826289068,0.0,1.0,0,weekday,42.405
2025-03-25,2025,3,25,84,23,1,101.02,2025-03-25 23:00:00+00:00,2025-03-26 00:00:00+00:00,47949.2425,4698.61,9001.85,0.0,43997.4725,13700.46,0.9897936029670716,0.1425083279161708,-0.2588190451025215,0.965925826289068,0.7818314824680298,0.6234898018587336,0,weekday,42.05
2025-03-26,2025,3,26,85,23,2,104.93,2025-03-26 23:00:00+00:00,2025-03-27 00:00:00+00:00,47802.6075,2180.5925,5471.02,0.0,38426.8925,7651.612500000001,0.992098522791769,0.1254612333527364,-0.2588190451025215,0.965925826289068,0.9749279121818236,-0.2225209339563143,0,weekday,40.555
2025-03-27,2025,3,27,86,23,3,90.0,2025-03-27 23:00:00+00:00,2025-03-28 00:00:00+00:00,47738.3575,5075.2075,6161.66,0.0,38948.4,11236.8675,0.9941098647022418,0.108377012791876,-0.2588190451025215,0.965925826289068,0.4338837391175582,-0.900968867902419,0,weekday,41.1
2025-03-28,2025,3,28,87,23,4,113.62,2025-03-28 23:00:00+00:00,2025-03-29 00:00:00+00:00,45654.2625,1132.545,5279.9475,0.0,36567.325,6412.4925,0.9958270335100596,0.0912607217293118,-0.2588190451025215,0.965925826289068,-0.433883739117558,-0.9009688679024191,0,weekday,40.9
2025-03-29,2025,3,29,88,23,5,46.31,2025-03-29 23:00:00+00:00,2025-03-30 00:00:00+00:00,43572.4225,5170.735000000001,11729.0725,0.0,38590.59,16899.807500000003,0.9972495210773452,0.0741174251509443,-0.2588190451025215,0.965925826289068,-0.9749279121818236,-0.2225209339563146,0,weekend,40.587
2025-03-30,2025,3,30,89,23,6,63.25,2025-03-30 23:00:00+00:00,2025-03-31 00:00:00+00:00,44116.3375,4283.2125,25163.6025,0.0,47417.6025,29446.815,0.998376906467142,0.0569521960340397,-0.2588190451025215,0.965925826289068,-0.7818314824680299,0.6234898018587334,0,weekend,40.706
2025-03-31,2025,3,31,90,23,0,95.02,2025-03-31 23:00:00+00:00,2025-04-01 00:00:00+00:00,46367.5075,804.2725,6808.1925,0.0,37850.995,7612.465,0.9992088560679752,0.0397701138460557,-0.2588190451025215,0.965925826289068,0.0,1.0,0,weekday,40.825
2025-04-01,2025,4,1,91,23,1,66.93,2025-04-01 23:00:00+00:00,2025-04-02 00:00:00+00:00,47055.5775,1718.365,19162.1625,0.0,43836.7325,20880.5275,0.9997451236925734,0.0225762630415454,-0.2588190451025215,0.965925826289068,0.7818314824680298,0.6234898018587336,0,weekday,40.875
2025-04-02,2025,4,2,92,23,2,67.0,2025-04-02 23:00:00+00:00,2025-04-03 00:00:00+00:00,45680.83,3543.205,20748.78,0.0,44734.955,24291.985,0.9999855506507186,0.0053757315575838,-0.2588190451025215,0.965925826289068,0.9749279121818236,-0.2225209339563143,0,weekday,42.475
2025-04-03,2025,4,3,93,23,3,103.04,2025-04-03 23:00:00+00:00,2025-04-04 00:00:00+00:00,45622.2175,479.5025,6845.3975,0.0,37179.927500000005,7324.9,0.9999300657962056,-0.0118263906918325,-0.2588190451025215,0.965925826289068,0.4338837391175582,-0.900968867902419,0,weekday,39.75
2025-04-04,2025,4,4,94,23,4,102.76,2025-04-04 23:00:00+00:00,2025-04-05 00:00:00+00:00,43443.925,2523.46,10071.525,0.0,37729.895,12594.985,0.9995786855478958,-0.0290250133219752,-0.2588190451025215,0.965925826289068,-0.433883739117558,-0.9009688679024191,0,weekday,39.25
2025-04-05,2025,4,5,95,23,5,61.0,2025-04-05 23:00:00+00:00,2025-04-06 00:00:00+00:00,39910.395,2948.79,17659.1375,0.0,37572.0875,20607.9275,0.9989315138848576,-0.0462150469837083,-0.2588190451025215,0.965925826289068,-0.9749279121818236,-0.2225209339563146,0,weekend,36.401
2025-04-06,2025,4,6,96,23,6,85.0,2025-04-06 23:00:00+00:00,2025-04-07 00:00:00+00:00,42945.39,1198.005,7411.235,0.0,34655.9875,8609.24,0.9979887423155984,-0.0633914048695103,-0.2588190451025215,0.965925826289068,-0.7818314824680299,0.6234898018587334,0,weekend,35.523
2025-04-07,2025,4,7,97,23,0,87.83,2025-04-07 23:00:00+00:00,2025-04-08 00:00:00+00:00,47011.375,128.9725,4770.02,0.0,36947.685,4898.9925,0.9967506498213928,-0.0805490042187416,-0.2588190451025215,0.965925826289068,0.0,1.0,0,weekday,34.645
2025-04-08,2025,4,8,98,23,1,95.99,2025-04-08 23:00:00+00:00,2025-04-09 00:00:00+00:00,46198.5175,357.6275,3524.0275,0.0,35643.652500000004,3881.655,0.9952176027737294,-0.0976827678217159,-0.2588190451025215,0.965925826289068,0.7818314824680298,0.6234898018587336,0,weekday,36.335
2025-04-09,2025,4,9,99,23,2,89.55,2025-04-09 23:00:00+00:00,2025-04-10 00:00:00+00:00,46257.7575,3524.9925,11386.0575,0.0,40867.787500000006,14911.05,0.9933900548258936,-0.114787625522127,-0.2588190451025215,0.965925826289068,0.9749279121818236,-0.2225209339563143,0,weekday,34.6
2025-04-10,2025,4,10,100,23,3,60.75,2025-04-10 23:00:00+00:00,2025-04-11 00:00:00+00:00,46444.0575,5346.9275,22027.955,0.0,45289.115000000005,27374.8825,0.9912685467787256,-0.1318585157173911,-0.2588190451025215,0.965925826289068,0.4338837391175582,-0.900968867902419,0,weekday,34.65
2025-04-11,2025,4,11,101,23,4,104.41,2025-04-11 23:00:00+00:00,2025-04-12 00:00:00+00:00,42922.8275,1556.41,5453.37,0.0,33362.83,7009.78,0.9888537064205885,-0.1488903868564548,-0.2588190451025215,0.965925826289068,-0.433883739117558,-0.9009688679024191,0,weekday,33.725
2025-04-12,2025,4,12,102,23,5,56.0,2025-04-12 23:00:00+00:00,2025-04-13 00:00:00+00:00,40388.0775,4828.415,20421.1925,0.0,41860.865,25249.6075,0.986146248341595,-0.1658781989346314,-0.2588190451025215,0.965925826289068,-0.9749279121818236,-0.2225209339563146,0,weekend,33.463
2025-04-13,2025,4,13,103,23,6,82.69,2025-04-13 23:00:00+00:00,2025-04-14 00:00:00+00:00,41690.475,1318.6125,4131.365,0.0,30542.6325,5449.9775,0.98314697372215,-0.1828169249850199,-0.2588190451025215,0.965925826289068,-0.7818314824680299,0.6234898018587334,0,weekend,33.869
2025-04-14,2025,4,14,104,23,0,73.2,2025-04-14 23:00:00+00:00,2025-04-15 00:00:00+00:00,46185.6725,4902.745,21178.54,0.0,44898.635,26081.285,0.9798567700958664,-0.1997015525660636,-0.2588190451025215,0.965925826289068,0.0,1.0,0,weekday,34.275
2025-04-15,2025,4,15,105,23,1,82.04,2025-04-15 23:00:00+00:00,2025-04-16 00:00:00+00:00,46054.9575,1734.5525,10885.3175,0.0,36209.36,12619.87,0.976276611086932,-0.2165270852448143,-0.2588190451025215,0.965925826289068,0.7818314824680298,0.6234898018587336,0,weekday,34.5
2025-04-16,2025,4,16,106,23,2,83.99,2025-04-16 23:00:00+00:00,2025-04-17 00:00:00+00:00,46635.0325,1203.6025,16789.262499999997,0.0,41268.4075,17992.864999999998,0.9724075561219968,-0.2332885440754551,-0.2588190451025215,0.965925826289068,0.9749279121818236,-0.2225209339563143,0,weekday,33.905
2025-04-17,2025,4,17,107,23,3,81.3,2025-04-17 23:00:00+00:00,2025-04-18 00:00:00+00:00,42534.5425,2049.2575,16458.68,0.0,37887.6025,18507.9375,0.9682507501166718,-0.2499809690726521,-0.2588190451025215,0.965925826289068,0.4338837391175582,-0.900968867902419,0,weekday,35.6
2025-04-18,2025,4,18,108,23,4,80.01,2025-04-18 23:00:00+00:00,2025-04-19 00:00:00+00:00,41902.285,1477.8025,4723.4400000000005,0.0,29045.15,6201.2425,0.9638074231367308,-0.2665994206792935,-0.2588190451025215,0.965925826289068,-0.433883739117558,-0.9009688679024191,1,holiday,35.657
2025-04-19,2025,4,19,109,23,5,94.9,2025-04-19 23:00:00+00:00,2025-04-20 00:00:00+00:00,39044.58,1168.0075,4900.24,0.0,25564.715,6068.2475,0.9590788900341132,-0.2831389812281835,-0.2588190451025215,0.965925826289068,-0.9749279121818236,-0.2225209339563146,0,weekend,35.657
2025-04-20,2025,4,20,110,23,6,97.59,2025-04-20 23:00:00+00:00,2025-04-21 00:00:00+00:00,38934.19,121.655,3587.66,0.0,23964.37,3709.315,0.9540665500578388,-0.2995947563972602,-0.2588190451025215,0.965925826289068,-0.7818314824680299,0.6234898018587334,0,weekend,35.657
2025-04-21,2025,4,21,111,23,0,88.8,2025-04-21 23:00:00+00:00,2025-04-22 00:00:00+00:00,41632.942500000005,120.585,5129.155000000001,0.0,32044.3425,5249.740000000001,0.9487718864399473,-0.3159618766579029,-0.2588190451025215,0.965925826289068,0.0,1.0,1,holiday,35.657
2025-04-22,2025,4,22,112,23,1,99.4,2025-04-22 23:00:00+00:00,2025-04-23 00:00:00+00:00,44637.175,102.4075,609.9225,0.0,32121.275,712.33,0.9431964659565866,-0.3322354987159043,-0.2588190451025215,0.965925826289068,0.7818314824680298,0.6234898018587336,0,weekday,35.85
2025-04-23,2025,4,23,113,23,2,88.3,2025-04-23 23:00:00+00:00,2025-04-24 00:00:00+00:00,43802.54,2155.4275,8976.9675,0.0,37978.785,11132.395,0.9373419384643772,-0.3484108069446808,-0.2588190451025215,0.965925826289068,0.9749279121818236,-0.2225209339563143,0,weekday,34.675
2025-04-24,2025,4,24,114,23,3,82.92,2025-04-24 23:00:00+00:00,2025-04-25 00:00:00+00:00,45776.9225,980.3625,9014.94,0.0,34295.55,9995.3025,0.9312100364121948,-0.3644830148102912,-0.2588190451025215,0.965925826289068,0.4338837391175582,-0.900968867902419,0,weekday,34.05
2025-04-25,2025,4,25,115,23,4,92.19,2025-04-25 23:00:00+00:00,2025-04-26 00:00:00+00:00,43755.0625,203.0975,8992.717499999999,0.0,30912.4675,9195.815,0.9248025743285088,-0.3804473662878516,-0.2588190451025215,0.965925826289068,-0.433883739117558,-0.9009688679024191,0,weekday,33.445
2025-04-26,2025,4,26,116,23,5,62.91,2025-04-26 23:00:00+00:00,2025-04-27 00:00:00+00:00,39367.7325,2741.34,19560.7375,0.0,38687.97,22302.0775,0.9181214482844364,-0.3962991372689181,-0.2588190451025215,0.965925826289068,-0.9749279121818236,-0.2225209339563146,0,weekend,32.432
2025-04-27,2025,4,27,117,23,6,86.49,2025-04-27 23:00:00+00:00,2025-04-28 00:00:00+00:00,41030.655,228.435,4563.2875,0.0,29404.275,4791.722500000001,0.9111686353326632,-0.4120336369594263,-0.2588190451025215,0.965925826289068,-0.7818314824680299,0.6234898018587334,0,weekend,32.566
2025-04-28,2025,4,28,118,23,0,86.86,2025-04-28 23:00:00+00:00,2025-04-29 00:00:00+00:00,44495.94,1701.8475,3933.4275,0.0,32664.98,5635.275,0.9039461929224012,-0.4276462092677746,-0.2588190451025215,0.965925826289068,0.0,1.0,0,weekday,32.7
2025-04-29,2025,4,29,119,23,1,90.0,2025-04-29 23:00:00+00:00,2025-04-30 00:00:00+00:00,45120.7875,548.65,4988.29,0.0,34102.8725,5536.94,0.8964562582905575,-0.4431322341826345,-0.2588190451025215,0.965925826289068,0.7818314824680298,0.6234898018587336,0,weekday,30.9
2025-04-30,2025,4,30,120,23,2,91.78,2025-04-30 23:00:00+00:00,2025-05-01 00:00:00+00:00,41821.9175,249.5525,3213.7725,0.0,26962.6925,3463.325,0.8887010478292915,-0.4584871291400876,-0.2588190451025215,0.965925826289068,0.9749279121818236,-0.2225209339563143,0,weekday,31.875
2025-05-01,2025,5,1,121,23,3,77.12,2025-05-01 23:00:00+00:00,2025-05-02 00:00:00+00:00,41502.6175,2110.4275,11632.6375,0.0,31877.505,13743.065,0.8806828564301475,-0.47370635037968,-0.2588190451025215,0.965925826289068,0.4338837391175582,-0.900968867902419,1,holiday,32.03
2025-05-02,2025,5,2,122,23,4,93.34,2025-05-02 23:00:00+00:00,2025-05-03 00:00:00+00:00,42217.4275,1104.095,5831.8225,0.0,28753.3775,6935.9175000000005,0.8724040568049612,-0.4887853942889926,-0.2588190451025215,0.965925826289068,-0.433883739117558,-0.9009688679024191,0,weekday,32.095
2025-05-03,2025,5,3,123,23,5,44.9,2025-05-03 23:00:00+00:00,2025-05-04 00:00:00+00:00,39449.7275,5323.805,20514.215,0.0,40785.29,25838.02,0.8638670987837349,-0.503719798736334,-0.2588190451025215,0.965925826289068,-0.9749279121818236,-0.2225209339563146,0,weekend,33.078
2025-05-04,2025,5,4,124,23,6,70.51,2025-05-04 23:00:00+00:00,2025-05-05 00:00:00+00:00,40304.3425,3916.39,10081.4375,0.0,34364.2075,13997.8275,0.8550745085896932,-0.518505144391157,-0.2588190451025215,0.965925826289068,-0.7818314824680299,0.6234898018587334,0,weekend,32.934
2025-05-05,2025,5,5,125,23,0,81.68,2025-05-05 23:00:00+00:00,2025-05-06 00:00:00+00:00,44156.5725,2180.2025,9104.485,0.0,35714.4875,11284.6875,0.8460288880917339,-0.533137056031809,-0.2588190451025215,0.965925826289068,0.0,1.0,0,weekday,32.79
2025-05-06,2025,5,6,126,23,1,87.05,2025-05-06 23:00:00+00:00,2025-05-07 00:00:00+00:00,44492.2775,2014.765,6479.16,0.0,33722.5525,8493.925,0.8367329140344921,-0.5476112038402312,-0.2588190451025215,0.965925826289068,0.7818314824680298,0.6234898018587336,0,weekday,33.34
2025-05-07,2025,5,7,127,23,2,91.66,2025-05-07 23:00:00+00:00,2025-05-08 00:00:00+00:00,45636.61,926.0175,10692.6975,0.0,37791.22,11618.715,0.8271893372462497,-0.5619233046832195,-0.2588190451025215,0.965925826289068,0.9749279121818236,-0.2225209339563143,0,weekday,34.615
2025-05-08,2025,5,8,128,23,3,96.55,2025-05-08 23:00:00+00:00,2025-05-09 00:00:00+00:00,44967.555,386.635,7229.0225,0.0,35370.119999999995,7615.6575,0.8174009818249189,-0.5760691233798758,-0.2588190451025215,0.965925826289068,0.4338837391175582,-0.900968867902419,0,weekday,34.22
2025-05-09,2025,5,9,129,23,4,102.91,2025-05-09 23:00:00+00:00,2025-05-10 00:00:00+00:00,42482.325,357.21250000000003,7955.9825,0.0,31846.395,8313.195,0.8073707443023492,-0.5900444739548627,-0.2588190451025215,0.965925826289068,-0.433883739117558,-0.9009688679024191,0,weekday,35.7
2025-05-10,2025,5,10,130,23,5,95.1,2025-05-10 23:00:00+00:00,2025-05-11 00:00:00+00:00,39083.3475,924.755,10871.4825,0.0,31128.65,11796.2375,0.7971015927871943,-0.6038452208771035,-0.2588190451025215,0.965925826289068,-0.9749279121818236,-0.2225209339563146,0,weekend,34.618
2025-05-11,2025,5,11,131,23,6,81.28,2025-05-11 23:00:00+00:00,2025-05-12 00:00:00+00:00,41447.435,3695.0025,18572.5675,0.0,41827.05,22267.57,0.7865965660866021,-0.6174672802835514,-0.2588190451025215,0.965925826289068,-0.7818314824680299,0.6234898018587334,0,weekend,34.5865
2025-05-12,2025,5,12,132,23,0,88.55,2025-05-12 23:00:00+00:00,2025-05-13 00:00:00+00:00,44878.1,2798.3,14164.3575,0.0,41363.01,16962.6575,0.7758587728069828,-0.6309066211876704,-0.2588190451025215,0.965925826289068,0.0,1.0,0,weekday,34.555
2025-05-13,2025,5,13,133,23,1,97.3,2025-05-13 23:00:00+00:00,2025-05-14 00:00:00+00:00,44835.61,1348.995,6173.3425,0.0,32416.9325,7522.3375,0.7648913904341225,-0.6441592666722685,-0.2588190451025215,0.965925826289068,0.7818314824680298,0.6234898018587336,0,weekday,35.015
2025-05-14,2025,5,14,134,23,2,89.88,2025-05-14 23:00:00+00:00,2025-05-15 00:00:00+00:00,45226.3575,2640.4875,14172.8725,0.0,38850.315,16813.36,0.753697664392914,-0.6572212950663319,-0.2588190451025215,0.965925826289068,0.9749279121818236,-0.2225209339563143,0,weekday,35.65
2025-05-15,2025,5,15,135,23,3,88.47,2025-05-15 23:00:00+00:00,2025-05-16 00:00:00+00:00,44976.485,3526.29,11476.82,0.0,35904.81,15003.11,0.742280907086982,-0.6700888411055113,-0.2588190451025215,0.965925826289068,0.4338837391175582,-0.900968867902419,0,weekday,35.345
2025-05-16,2025,5,16,136,23,4,93.48,2025-05-16 23:00:00+00:00,2025-05-17 00:00:00+00:00,41938.955,3390.18,11112.0425,0.0,34118.6025,14502.2225,0.7306444969184916,-0.6827580970759147,-0.2588190451025215,0.965925826289068,-0.433883739117558,-0.9009688679024191,0,weekday,35.35
2025-05-17,2025,5,17,137,23,5,101.49,2025-05-17 23:00:00+00:00,2025-05-18 00:00:00+00:00,38820.9675,1910.9825,7225.1175,0.0,29547.1725,9136.1,0.7187918772884232,-0.6952253139408722,-0.2588190451025215,0.965925826289068,-0.9749279121818236,-0.2225209339563146,0,weekend,35.156
2025-05-18,2025,5,18,138,23,6,102.62,2025-05-18 23:00:00+00:00,2025-05-19 00:00:00+00:00,40367.315,1236.1475,7443.895,0.0,31120.3025,8680.0425,0.7067265555776158,-0.7074868024503348,-0.2588190451025215,0.965925826289068,-0.7818314824680299,0.6234898018587334,0,weekend,35.078
2025-05-19,2025,5,19,139,23,0,106.03,2025-05-19 23:00:00+00:00,2025-05-20 00:00:00+00:00,44369.485,863.4575,4086.2125,0.0,33811.8375,4949.67,0.6944521021088763,-0.719538934232584,-0.2588190451025215,0.965925826289068,0.0,1.0,0,weekday,35.0
2025-05-20,2025,5,20,140,23,1,102.33,2025-05-20 23:00:00+00:00,2025-05-21 00:00:00+00:00,43811.665,4459.775,8389.1825,0.0,36565.692500000005,12848.9575,0.6819721490904629,-0.7313781428679254,-0.2588190451025215,0.965925826289068,0.7818314824680298,0.6234898018587336,0,weekday,35.26
2025-05-21,2025,5,21,141,23,2,88.28,2025-05-21 23:00:00+00:00,2025-05-22 00:00:00+00:00,44273.72,5199.0875,16421.53,0.0,41383.8475,21620.6175,0.6692903895412567,-0.7430009249440493,-0.2588190451025215,0.965925826289068,0.9749279121818236,-0.2225209339563143,0,weekday,37.25
2025-05-22,2025,5,22,142,23,3,93.16,2025-05-22 23:00:00+00:00,2025-05-23 00:00:00+00:00,44113.665,5050.8075,13389.8175,0.0,38814.36,18440.625,0.6564105761979381,-0.7544038410927472,-0.2588190451025215,0.965925826289068,0.4338837391175582,-0.900968867902419,0,weekday,36.54
2025-05-23,2025,5,23,143,23,4,94.76,2025-05-23 23:00:00+00:00,2025-05-24 00:00:00+00:00,42013.42,3150.9275,10662.8025,0.0,35936.3275,13813.73,0.6433365204044917,-0.765583517007675,-0.2588190451025215,0.965925826289068,-0.433883739117558,-0.9009688679024191,0,weekday,36.4
2025-05-24,2025,5,24,144,23,5,22.9,2025-05-24 23:00:00+00:00,2025-05-25 00:00:00+00:00,39236.045,4354.57,19935.91,0.0,39161.22,24290.48,0.6300720909843687,-0.7765366444428655,-0.2588190451025215,0.965925826289068,-0.9749279121818236,-0.2225209339563146,0,weekend,36.45
2025-05-25,2025,5,25,145,23,6,79.12,2025-05-25 23:00:00+00:00,2025-05-26 00:00:00+00:00,40180.4075,3771.7775,13283.1675,0.0,34301.6375,17054.945,0.6166212130956382,-0.7872599821916922,-0.2588190451025215,0.965925826289068,-0.7818314824680299,0.6234898018587334,0,weekend,36.625
2025-05-26,2025,5,26,146,23,0,73.92,2025-05-26 23:00:00+00:00,2025-05-27 00:00:00+00:00,44407.795,5661.2225,11212.06,0.0,35808.1125,16873.2825,0.6029878670694714,-0.7977503570459932,-0.2588190451025215,0.965925826289068,0.0,1.0,0,weekday,36.800000000000004
2025-05-27,2025,5,27,147,23,1,69.01,2025-05-27 23:00:00+00:00,2025-05-28 00:00:00+00:00,44143.415,2783.175,25743.85,0.0,43202.675,28527.025,0.5891760872322963,-0.8080046647350754,-0.2588190451025215,0.965925826289068,0.7818314824680298,0.6234898018587336,0,weekday,36.975
2025-05-28,2025,5,28,148,23,2,94.8,2025-05-28 23:00:00+00:00,2025-05-29 00:00:00+00:00,40471.15,1796.885,13152.21,0.0,32429.0075,14949.095,0.5751899607119775,-0.8180198708443174,-0.2588190451025215,0.965925826289068,0.9749279121818236,-0.2225209339563143,0,weekday,36.8
2025-05-29,2025,5,29,149,23,3,25.67,2025-05-29 23:00:00+00:00,2025-05-30 00:00:00+00:00,40425.0675,4826.5325,20622.27,0.0,43993.7125,25448.8025,0.5610336262283677,-0.8277930117131022,-0.2588190451025215,0.965925826289068,0.4338837391175582,-0.900968867902419,1,holiday,35.158
2025-05-30,2025,5,30,150,23,4,99.94,2025-05-30 23:00:00+00:00,2025-05-31 00:00:00+00:00,39566.1175,2592.835,4347.6425,0.0,28229.8025,6940.4775,0.5467112728685939,-0.8373211953118121,-0.2588190451025215,0.965925826289068,-0.433883739117558,-0.9009688679024191,0,weekday,34.955
2025-05-31,2025,5,31,151,23,5,85.22,2025-05-31 23:00:00+00:00,2025-06-01 00:00:00+00:00,37881.3575,1450.1225,8347.0975,0.0,28387.0525,9797.22,0.5322271388474397,-0.8466016020976267,-0.2588190451025215,0.965925826289068,-0.9749279121818236,-0.2225209339563146,0,weekend,34.228
2025-06-01,2025,6,1,152,23,6,75.31,2025-06-01 23:00:00+00:00,2025-06-02 00:00:00+00:00,39521.79,5139.105,6101.465,0.0,30422.3475,11240.57,0.5175855102531889,-0.8556314858488706,-0.2588190451025215,0.965925826289068,-0.7818314824680299,0.6234898018587334,0,weekend,34.164
2025-06-02,2025,6,2,153,23,0,109.91,2025-06-02 23:00:00+00:00,2025-06-03 00:00:00+00:00,42986.7525,801.0525,1952.4175,0.0,31518.9175,2753.4700000000003,0.5027907197793043,-0.8644081744776648,-0.2588190451025215,0.965925826289068,0.0,1.0,0,weekday,34.1
2025-06-03,2025,6,3,154,23,1,67.25,2025-06-03 23:00:00+00:00,2025-06-04 00:00:00+00:00,43835.8375,5840.6325,12628.0425,0.0,36579.555,18468.675,0.4878471454423119,-0.8729290708206411,-0.2588190451025215,0.965925826289068,0.7818314824680298,0.6234898018587336,0,weekday,35.265
2025-06-04,2025,6,4,155,23,2,92.7,2025-06-04 23:00:00+00:00,2025-06-05 00:00:00+00:00,43978.11,1990.0375,6076.015,0.0,31333.64,8066.0525,0.4727592092862775,-0.881191653407483,-0.2588190451025215,0.965925826289068,0.9749279121818236,-0.2225209339563143,0,weekday,36.005
2025-06-05,2025,6,5,156,23,3,66.12,2025-06-05 23:00:00+00:00,2025-06-06 00:00:00+00:00,44179.1575,3685.7225,22011.2125,0.0,42680.1475,25696.935,0.4575313760742512,-0.8891934772070711,-0.2588190451025215,0.965925826289068,0.4338837391175582,-0.900968867902419,0,weekday,35.705
2025-06-06,2025,6,6,157,23,4,83.5,2025-06-06 23:00:00+00:00,2025-06-07 00:00:00+00:00,41663.025,1575.225,13609.125,0.0,34564.075,15184.35,0.442168151967072,-0.8969321743510065,-0.2588190451025215,0.965925826289068,-0.433883739117558,-0.9009688679024191,0,weekday,36.55
2025-06-07,2025,6,7,158,23,5,83.0,2025-06-07 23:00:00+00:00,2025-06-08 00:00:00+00:00,38239.9675,758.825,16880.335,0.0,34723.2675,17639.16,0.4266740831899246,-0.9044054548343,-0.2588190451025215,0.965925826289068,-0.9749279121818236,-0.2225209339563146,0,weekend,36.251
2025-06-08,2025,6,8,159,23,6,4.15,2025-06-08 23:00:00+00:00,2025-06-09 00:00:00+00:00,37235.7175,4726.85,22755.2225,0.0,39918.125,27482.0725,0.4110537546870351,-0.911611107193024,-0.2588190451025215,0.965925826289068,-0.7818314824680299,0.6234898018587334,0,weekend,36.198
2025-06-09,2025,6,9,160,23,0,78.07,2025-06-09 23:00:00+00:00,2025-06-10 00:00:00+00:00,40238.55,2894.165,7470.4625,0.0,31127.9475,10364.6275,0.3953117887649151,-0.9185469991587164,-0.2588190451025215,0.965925826289068,0.0,1.0,1,holiday,36.145
2025-06-10,2025,6,10,161,23,1,71.38,2025-06-10 23:00:00+00:00,2025-06-11 00:00:00+00:00,42949.285,3565.9075000000003,22539.33,0.0,41146.93,26105.237500000003,0.3794528437245443,-0.925211078289358,-0.2588190451025215,0.965925826289068,0.7818314824680298,0.6234898018587336,0,weekday,35.555
2025-06-11,2025,6,11,162,23,2,87.7,2025-06-11 23:00:00+00:00,2025-06-12 00:00:00+00:00,42298.3125,689.0450000000001,9573.375,0.0,33984.79,10262.42,0.3634816124829063,-0.9316013725767188,-0.2588190451025215,0.965925826289068,0.9749279121818236,-0.2225209339563143,0,weekday,35.165
2025-06-12,2025,6,12,163,23,3,55.25,2025-06-12 23:00:00+00:00,2025-06-13 00:00:00+00:00,43183.045,3887.4225,24550.1575,0.0,47499.8075,28437.58,0.3474028211842774,-0.9377159910299092,-0.2588190451025215,0.965925826289068,0.4338837391175582,-0.900968867902419,0,weekday,36.405
2025-06-13,2025,6,13,164,23,4,71.2,2025-06-13 23:00:00+00:00,2025-06-14 00:00:00+00:00,40645.24,5228.327499999999,22965.7825,0.0,44138.7025,28194.11,0.3312212278016865,-0.9435531242349544,-0.2588190451025215,0.965925826289068,-0.433883739117558,-0.9009688679024191,0,weekday,37.595
2025-06-14,2025,6,14,165,23,5,88.87,2025-06-14 23:00:00+00:00,2025-06-15 00:00:00+00:00,39298.28,2363.44,10869.375,0.0,29700.0175,13232.815,0.3149416207289519,-0.9491110448902284,-0.2588190451025215,0.965925826289068,-0.9749279121818236,-0.2225209339563146,0,weekend,37.894
2025-06-15,2025,6,15,166,23,6,91.64,2025-06-15 23:00:00+00:00,2025-06-16 00:00:00+00:00,39598.0175,2769.33,12863.4675,0.0,35995.6,15632.7975,0.2985688173637202,-0.9543881083175908,-0.2588190451025215,0.965925826289068,-0.7818314824680299,0.6234898018587334,0,weekend,38.282
2025-06-16,2025,6,16,167,23,0,98.26,2025-06-16 23:00:00+00:00,2025-06-17 00:00:00+00:00,42641.3075,2134.69,5446.275,0.0,32707.3575,7580.965,0.2821076626819194,-0.9593827529490744,-0.2588190451025215,0.965925826289068,0.0,1.0,0,weekday,38.67
2025-06-17,2025,6,17,168,23,1,106.8,2025-06-17 23:00:00+00:00,2025-06-18 00:00:00+00:00,43249.4675,2039.3375,3714.5025,0.0,32166.09,5753.84,0.2655630278040559,-0.9640935007889756,-0.2588190451025215,0.965925826289068,0.7818314824680298,0.6234898018587336,0,weekday,38.18
2025-06-18,2025,6,18,169,23,2,106.4,2025-06-18 23:00:00+00:00,2025-06-19 00:00:00+00:00,42175.745,2593.5225,8963.37,0.0,34684.4025,11556.892500000002,0.2489398085537665,-0.9685189578512204,-0.2588190451025215,0.965925826289068,0.9749279121818236,-0.2225209339563143,0,weekday,39.55
2025-06-19,2025,6,19,170,23,3,104.57,2025-06-19 23:00:00+00:00,2025-06-20 00:00:00+00:00,40304.9475,1208.0175,9006.42,0.0,32708.0825,10214.4375,0.2322429240090701,-0.9726578145718654,-0.2588190451025215,0.965925826289068,0.4338837391175582,-0.900968867902419,0,weekday,41.485
2025-06-20,2025,6,20,171,23,4,110.48,2025-06-20 23:00:00+00:00,2025-06-21 00:00:00+00:00,40517.9725,533.365,5112.71,0.0,32585.8825,5646.075,0.2154773150467301,-0.976508846196619,-0.2588190451025215,0.965925826289068,-0.433883739117558,-0.9009688679024191,0,weekday,39.955
2025-06-21,2025,6,21,172,23,5,101.07,2025-06-21 23:00:00+00:00,2025-06-22 00:00:00+00:00,38050.4225,1891.595,7210.7225,0.0,31173.5,9102.3175,0.1986479428801711,-0.9800709131432666,-0.2588190451025215,0.965925826289068,-0.9749279121818236,-0.2225209339563146,0,weekend,40.929
2025-06-22,2025,6,22,173,23,6,63.8,2025-06-22 23:00:00+00:00,2025-06-23 00:00:00+00:00,40350.4,4955.0125,16459.94,0.0,35079.195,21414.9525,0.1817597875913753,-0.9833429613388902,-0.2588190451025215,0.965925826289068,-0.7818314824680299,0.6234898018587334,0,weekend,41.2645
2025-06-23,2025,6,23,174,23,0,66.79,2025-06-23 23:00:00+00:00,2025-06-24 00:00:00+00:00,43533.935,5258.635,21960.1975,0.0,44467.99,27218.8325,0.1648178466571979,-0.9863240225317866,-0.2588190451025215,0.965925826289068,0.0,1.0,0,weekday,41.6
2025-06-24,2025,6,24,175,23,1,67.63,2025-06-24 23:00:00+00:00,2025-06-25 00:00:00+00:00,44038.165,4607.7,24828.3425,0.0,48396.4025,29436.0425,0.1478271334705304,-0.9890132145779884,-0.2588190451025215,0.965925826289068,0.7818314824680298,0.6234898018587336,0,weekday,36.485
2025-06-25,2025,6,25,176,23,2,107.63,2025-06-25 23:00:00+00:00,2025-06-26 00:00:00+00:00,43951.6,396.465,3352.6275,0.0,32695.895,3749.0925,0.1307926758567592,-0.9914097417023038,-0.2588190451025215,0.965925826289068,0.9749279121818236,-0.2225209339563143,0,weekday,35.45
2025-06-26,2025,6,26,177,23,3,78.83,2025-06-26 23:00:00+00:00,2025-06-27 00:00:00+00:00,44553.5175,4846.58,23134.5825,0.0,44063.7025,27981.1625,0.1137195145859496,-0.9935128947338008,-0.2588190451025215,0.965925826289068,0.4338837391175582,-0.900968867902419,0,weekday,35.305
2025-06-27,2025,6,27,178,23,4,89.61,2025-06-27 23:00:00+00:00,2025-06-28 00:00:00+00:00,40976.71000000001,5206.2475,7718.0075,0.0,34159.28,12924.255,0.0966127018812031,-0.9953220513156602,-0.2588190451025215,0.965925826289068,-0.433883739117558,-0.9009688679024191,0,weekday,33.087
2025-06-28,2025,6,28,179,23,5,89.42,2025-06-28 23:00:00+00:00,2025-06-29 00:00:00+00:00,38638.51,4301.585,10878.88,0.0,33243.645000000004,15180.465,0.0794772999236209,-0.9968366760893436,-0.2588190451025215,0.965925826289068,-0.9749279121818236,-0.2225209339563146,0,weekend,33.087
2025-06-29,2025,6,29,180,23,6,89.03,2025-06-29 23:00:00+00:00,2025-06-30 00:00:00+00:00,39928.8225,1723.8675,9081.675,0.0,32870.705,10805.5425,0.062318379354325,-0.998056320853012,-0.2588190451025215,0.965925826289068,-0.7818314824680299,0.6234898018587334,0,weekend,33.218500000000006
2025-06-30,2025,6,30,181,23,0,95.29,2025-06-30 23:00:00+00:00,2025-07-01 00:00:00+00:00,44096.7325,2413.4275,11854.6675,0.0,41149.9675,14268.095,0.0451410177739719,-0.998980624694158,-0.2588190451025215,0.965925826289068,0.0,1.0,0,weekday,33.35
2025-07-01,2025,7,1,182,23,1,102.7,2025-07-01 23:00:00+00:00,2025-07-02 00:00:00+00:00,44399.11,3572.605,12506.66,0.0,43232.685,16079.265,0.0279502982402103,-0.999609314096404,-0.2588190451025215,0.965925826289068,0.7818314824680298,0.6234898018587336,0,weekday,33.1
2025-07-02,2025,7,2,183,23,2,81.15,2025-07-02 23:00:00+00:00,2025-07-03 00:00:00+00:00,45535.4075,3819.3475,19751.3225,0.0,41274.8775,23570.67,0.0107513077635219,-0.9999422030204416,-0.2588190451025215,0.965925826289068,0.9749279121818236,-0.2225209339563143,0,weekday,33.98
2025-07-03,2025,7,3,184,23,3,105.45,2025-07-03 23:00:00+00:00,2025-07-04 00:00:00+00:00,45260.085,1617.1625,6453.8025,0.0,35952.23,8070.965,-0.0064508641981051,-0.9999791929590824,-0.2588190451025215,0.965925826289068,0.4338837391175582,-0.900968867902419,0,weekday,33.65
2025-07-04,2025,7,4,185,23,4,94.98,2025-07-04 23:00:00+00:00,2025-07-05 00:00:00+00:00,41842.2425,4955.0175,7307.155000000001,0.0,37268.8975,12262.1725,-0.0236511272452315,-0.9997202729664084,-0.2588190451025215,0.965925826289068,-0.433883739117558,-0.9009688679024191,0,weekday,33.95
2025-07-05,2025,7,5,186,23,5,89.5,2025-07-05 23:00:00+00:00,2025-07-06 00:00:00+00:00,39656.0275,4818.79,10271.5475,0.0,33616.41,15090.3375,-0.0408443915432961,-0.9991655196610107,-0.2588190451025215,0.965925826289068,-0.9749279121818236,-0.2225209339563146,0,weekend,33.43
2025-07-06,2025,7,6,187,23,6,107.42,2025-07-06 23:00:00+00:00,2025-07-07 00:00:00+00:00,40996.265,673.0825,8483.412499999999,0.0,32910.6875,9156.495,-0.0580255693287803,-0.9983150972033183,-0.2588190451025215,0.965925826289068,-0.7818314824680299,0.6234898018587334,0,weekend,33.32
2025-07-07,2025,7,7,188,23,0,92.9,2025-07-07 23:00:00+00:00,2025-07-08 00:00:00+00:00,45933.5725,3001.8875,12750.0225,0.0,39568.2675,15751.91,-0.0751895764147585,-0.9971692572470178,-0.2588190451025215,0.965925826289068,0.0,1.0,0,weekday,33.21
2025-07-08,2025,7,8,189,23,1,86.85,2025-07-08 23:00:00+00:00,2025-07-09 00:00:00+00:00,44173.12,1475.165,12925.745,0.0,37850.095,14400.91,-0.0923313336953912,-0.9957283388645872,-0.2588190451025215,0.965925826289068,0.7818314824680298,0.6234898018587336,0,weekday,34.005
2025-07-09,2025,7,9,190,23,2,95.73,2025-07-09 23:00:00+00:00,2025-07-10 00:00:00+00:00,43628.35,476.82,5370.1325,0.0,32721.165,5846.952499999999,-0.1094457686489155,-0.993992768446958,-0.2588190451025215,0.965925826289068,0.9749279121818236,-0.2225209339563143,0,weekday,34.32
2025-07-10,2025,7,10,191,23,3,99.57,2025-07-10 23:00:00+00:00,2025-07-11 00:00:00+00:00,43823.4325,1333.3125,6056.5825,0.0,34312.027500000004,7389.895,-0.1265278168386831,-0.9919630595773395,-0.2588190451025215,0.965925826289068,0.4338837391175582,-0.900968867902419,0,weekday,34.655
2025-07-11,2025,7,11,192,23,4,104.57,2025-07-11 23:00:00+00:00,2025-07-12 00:00:00+00:00,41269.06,2492.4625,8641.21,0.0,33943.395000000004,11133.6725,-0.1435724234118113,-0.9896398128792412,-0.2588190451025215,0.965925826289068,-0.433883739117558,-0.9009688679024191,0,weekday,34.93
2025-07-12,2025,7,12,193,23,5,109.14,2025-07-12 23:00:00+00:00,2025-07-13 00:00:00+00:00,39911.4225,2607.5475,4906.9225,0.0,27048.4075,7514.469999999999,-0.1605745445949937,-0.9870237158387384,-0.2588190451025215,0.965925826289068,-0.9749279121818236,-0.2225209339563146,0,weekend,35.561
2025-07-13,2025,7,13,194,23,6,104.01,2025-07-13 23:00:00+00:00,2025-07-14 00:00:00+00:00,39911.99,772.16,2083.8925,0.0,29723.075,2856.0525,-0.1775291491870349,-0.984115542601034,-0.2588190451025215,0.965925826289068,-0.7818314824680299,0.6234898018587334,0,weekend,35.5505
2025-07-14,2025,7,14,195,23,0,103.06,2025-07-14 23:00:00+00:00,2025-07-15 00:00:00+00:00,43547.91,667.9075,5649.9,0.0,32656.1175,6317.8075,-0.1944312200476619,-0.9809161537413774,-0.2588190451025215,0.965925826289068,0.0,1.0,0,weekday,35.54
2025-07-15,2025,7,15,196,23,1,93.99,2025-07-15 23:00:00+00:00,2025-07-16 00:00:00+00:00,43126.0975,1239.3825,6194.2375,0.0,32188.4925,7433.62,-0.2112757555821793,-0.9774264960104057,-0.2588190451025215,0.965925826289068,0.7818314824680298,0.6234898018587336,0,weekday,35.105
2025-07-16,2025,7,16,197,23,2,98.33,2025-07-16 23:00:00+00:00,2025-07-17 00:00:00+00:00,42763.2625,2301.025,8591.98,0.0,38607.7075,10893.005,-0.2280577712215198,-0.9736476020539838,-0.2588190451025215,0.965925826289068,0.9749279121818236,-0.2225209339563143,0,weekday,34.655
2025-07-17,2025,7,17,198,23,3,99.15,2025-07-17 23:00:00+00:00,2025-07-18 00:00:00+00:00,43272.555,599.1625,4768.8875,0.0,35200.23,5368.05,-0.2447723008972595,-0.9695805901076308,-0.2588190451025215,0.965925826289068,0.4338837391175582,-0.900968867902419,0,weekday,35.14
2025-07-18,2025,7,18,199,23,4,105.35,2025-07-18 23:00:00+00:00,2025-07-19 00:00:00+00:00,40321.1875,96.095,1809.565,0.0,32230.585,1905.66,-0.2614143985111562,-0.965226663665613,-0.2588190451025215,0.965925826289068,-0.433883739117558,-0.9009688679024191,0,weekday,34.6
2025-07-19,2025,7,19,200,23,5,88.94,2025-07-19 23:00:00+00:00,2025-07-20 00:00:00+00:00,38129.89,4126.0075,11555.875,0.0,35845.84,15681.8825,-0.2779791393987801,-0.9605871111248128,-0.2588190451025215,0.965925826289068,-0.9749279121818236,-0.2225209339563146,0,weekend,33.595
2025-07-20,2025,7,20,201,23,6,79.73,2025-07-20 23:00:00+00:00,2025-07-21 00:00:00+00:00,39901.04,1359.8925,9950.9625,0.0,35822.94,11310.855,-0.2944616217868012,-0.9556633054034704,-0.2588190451025215,0.965925826289068,-0.7818314824680299,0.6234898018587334,0,weekend,33.7125
2025-07-21,2025,7,21,202,23,0,87.2,2025-07-21 23:00:00+00:00,2025-07-22 00:00:00+00:00,43703.47,764.9275,11895.695,0.0,37922.925,12660.6225,-0.3108569682435036,-0.9504567035349152,-0.2588190451025215,0.965925826289068,0.0,1.0,0,weekday,33.83
2025-07-22,2025,7,22,203,23,1,79.47,2025-07-22 23:00:00+00:00,2025-07-23 00:00:00+00:00,42351.615,2864.795,20682.67,0.0,43901.105,23547.465,-0.3271603271220951,-0.9449688462364056,-0.2588190451025215,0.965925826289068,0.7818314824680298,0.6234898018587336,0,weekday,33.215
2025-07-23,2025,7,23,204,23,2,94.08,2025-07-23 23:00:00+00:00,2025-07-24 00:00:00+00:00,42211.9975,1125.3575,6028.4225,0.0,35503.1025,7153.78,-0.343366873996388,-0.939201357453208,-0.2588190451025215,0.965925826289068,0.9749279121818236,-0.2225209339563143,0,weekday,33.505
2025-07-24,2025,7,24,205,23,3,103.67,2025-07-24 23:00:00+00:00,2025-07-25 00:00:00+00:00,42802.215,1609.525,2443.4225,0.0,34719.7325,4052.9475,-0.3594718130884232,-0.9331559438780432,-0.2588190451025215,0.965925826289068,0.4338837391175582,-0.900968867902419,0,weekday,32.385
2025-07-25,2025,7,25,206,23,4,100.7,2025-07-25 23:00:00+00:00,2025-07-26 00:00:00+00:00,39940.5575,899.8975,4025.385,0.0,31874.8075,4925.2825,-0.3754703786876202,-0.9268343944460494,-0.2588190451025215,0.965925826289068,-0.433883739117558,-0.9009688679024191,0,weekday,32.1
2025-07-26,2025,7,26,207,23,5,99.47,2025-07-26 23:00:00+00:00,2025-07-27 00:00:00+00:00,38236.2475,708.7175,1258.1975,0.0,27187.1875,1966.915,-0.3913578365610259,-0.9202385798054076,-0.2588190451025215,0.965925826289068,-0.9749279121818236,-0.2225209339563146,0,weekend,32.499
2025-07-27,2025,7,27,208,23,6,88.77,2025-07-27 23:00:00+00:00,2025-07-28 00:00:00+00:00,39628.4775,1028.8825,6467.3,0.0,29977.445,7496.1825,-0.4071294853542516,-0.9133704517637858,-0.2588190451025215,0.965925826289068,-0.7818314824680299,0.6234898018587334,0,weekend,32.397000000000006
2025-07-28,2025,7,28,209,23,0,84.1,2025-07-28 23:00:00+00:00,2025-07-29 00:00:00+00:00,42624.575,3723.28,13340.25,0.0,35658.08,17063.53,-0.4227806579826773,-0.9062320427107696,-0.2588190451025215,0.965925826289068,0.0,1.0,0,weekday,32.295
2025-07-29,2025,7,29,210,23,1,90.88,2025-07-29 23:00:00+00:00,2025-07-30 00:00:00+00:00,42085.0825,4512.05,8020.077499999999,0.0,36906.2225,12532.1275,-0.4383067230125192,-0.898825465016444,-0.2588190451025215,0.965925826289068,0.7818314824680298,0.6234898018587336,0,weekday,34.103
2025-07-30,2025,7,30,211,23,2,82.11,2025-07-30 23:00:00+00:00,2025-07-31 00:00:00+00:00,41088.76,5018.2475,14525.5975,0.0,40220.065,19543.845,-0.4537030860313442,-0.8911529104063088,-0.2588190451025215,0.965925826289068,0.9749279121818236,-0.2225209339563143,0,weekday,33.65
2025-07-31,2025,7,31,212,23,3,98.54,2025-07-31 23:00:00+00:00,2025-08-01 00:00:00+00:00,42592.0525,1375.9425,8046.389999999999,0.0,33829.16,9422.3325,-0.4689651910076318,-0.8832166493127127,-0.2588190451025215,0.965925826289068,0.4338837391175582,-0.900968867902419,0,weekday,34.685
2025-08-01,2025,8,1,213,23,4,100.32,2025-08-01 23:00:00+00:00,2025-08-02 00:00:00+00:00,40269.695,1507.455,7154.225,0.0,32315.015,8661.68,-0.4840885216389758,-0.8750190302029955,-0.2588190451025215,0.965925826289068,-0.433883739117558,-0.9009688679024191,0,weekday,35.15
2025-08-02,2025,8,2,214,23,5,77.52,2025-08-02 23:00:00+00:00,2025-08-03 00:00:00+00:00,37834.06,4684.43,11819.975,0.0,35305.8225,16504.405,-0.4990686026885319,-0.8665624788845385,-0.2588190451025215,0.965925826289068,-0.9749279121818236,-0.2225209339563146,0,weekend,33.972
2025-08-03,2025,8,3,215,23,6,70.07,2025-08-03 23:00:00+00:00,2025-08-04 00:00:00+00:00,38459.435,5368.825,18272.18,0.0,41375.61,23641.005,-0.5139010013093103,-0.8578494977869301,-0.2588190451025215,0.965925826289068,-0.7818314824680299,0.6234898018587334,0,weekend,34.0185
2025-08-04,2025,8,4,216,23,0,15.34,2025-08-04 23:00:00+00:00,2025-08-05 00:00:00+00:00,42324.465,5487.202499999999,23455.445,0.0,44709.425,28942.6475,-0.5285813283559292,-0.8488826652214553,-0.2588190451025215,0.965925826289068,0.0,1.0,0,weekday,34.065
2025-08-05,2025,8,5,217,23,1,59.89,2025-08-05 23:00:00+00:00,2025-08-06 00:00:00+00:00,41020.1625,6168.355,18405.6325,0.0,42523.8075,24573.9875,-0.5431052396834317,-0.8396646346181327,-0.2588190451025215,0.965925826289068,0.7818314824680298,0.6234898018587336,0,weekday,34.19
2025-08-06,2025,8,6,218,23,2,97.04,2025-08-06 23:00:00+00:00,2025-08-07 00:00:00+00:00,41527.4175,2195.03,2753.0975,0.0,29143.8025,4948.1275000000005,-0.5574684374327892,-0.8301981337405212,-0.2588190451025215,0.965925826289068,0.9749279121818236,-0.2225209339563143,0,weekday,33.995
2025-08-07,2025,8,7,219,23,3,89.49,2025-08-07 23:00:00+00:00,2025-08-08 00:00:00+00:00,41677.065,2672.915,5952.0425,0.0,31883.11,8624.9575,-0.5716666713027052,-0.8204859638785327,-0.2588190451025215,0.965925826289068,0.4338837391175582,-0.900968867902419,0,weekday,32.95
2025-08-08,2025,8,8,220,23,4,100.43,2025-08-08 23:00:00+00:00,2025-08-09 00:00:00+00:00,38683.6425,705.8050000000001,1354.7825,0.0,28445.6875,2060.5875,-0.5856957398073508,-0.8105309990194823,-0.2588190451025215,0.965925826289068,-0.433883739117558,-0.9009688679024191,0,weekday,32.78
2025-08-09,2025,8,9,221,23,5,83.23,2025-08-09 23:00:00+00:00,2025-08-10 00:00:00+00:00,37257.9125,2751.4725,11683.8075,0.0,32022.2075,14435.28,-0.5995514915196489,-0.8003361849976323,-0.2588190451025215,0.965925826289068,-0.9749279121818236,-0.2225209339563146,0,weekend,32.446
2025-08-10,2025,8,10,222,23,6,91.97,2025-08-10 23:00:00+00:00,2025-08-11 00:00:00+00:00,38024.2975,366.145,4959.3625,0.0,27582.055,5325.5075,-0.6132298262997502,-0.7899045386224707,-0.2588190451025215,0.965925826289068,-0.7818314824680299,0.6234898018587334,0,weekend,32.468
2025-08-11,2025,8,11,223,23,0,89.67,2025-08-11 23:00:00+00:00,2025-08-12 00:00:00+00:00,41753.3125,99.9475,6213.5125,0.0,36458.6275,6313.46,-0.6267266965083301,-0.7792391467859886,-0.2588190451025215,0.965925826289068,0.0,1.0,0,weekday,32.49
2025-08-12,2025,8,12,224,23,1,90.0,2025-08-12 23:00:00+00:00,2025-08-13 00:00:00+00:00,41813.15,2450.0550000000003,12106.2825,0.0,41276.605,14556.3375,-0.6400381082043503,-0.7683431655492202,-0.2588190451025215,0.965925826289068,0.7818314824680298,0.6234898018587336,0,weekday,33.065
2025-08-13,2025,8,13,225,23,2,92.0,2025-08-13 23:00:00+00:00,2025-08-14 00:00:00+00:00,41242.7175,1366.9725,5459.4525,0.0,36271.04,6826.425,-0.65316012232693,-0.7572198192083127,-0.2588190451025215,0.965925826289068,0.9749279121818236,-0.2225209339563143,0,weekday,32.615
2025-08-14,2025,8,14,226,23,3,98.97,2025-08-14 23:00:00+00:00,2025-08-15 00:00:00+00:00,42123.715,1604.91,5196.762500000001,0.0,33990.715,6801.672500000001,-0.666088855860977,-0.7458723993404063,-0.2588190451025215,0.965925826289068,0.4338837391175582,-0.900968867902419,0,weekday,32.86
2025-08-15,2025,8,15,227,23,4,90.92,2025-08-15 23:00:00+00:00,2025-08-16 00:00:00+00:00,40427.6125,3438.59,9799.7225,0.0,33941.0975,13238.3125,-0.6788204829862355,-0.734304263829602,-0.2588190451025215,0.965925826289068,-0.433883739117558,-0.9009688679024191,0,weekday,31.975
2025-08-16,2025,8,16,228,23,5,85.34,2025-08-16 23:00:00+00:00,2025-08-17 00:00:00+00:00,37943.465,4204.8275,10228.995,0.0,33326.0725,14433.822500000002,-0.6913512362094071,-0.722518835873311,-0.2588190451025215,0.965925826289068,-0.9749279121818236,-0.2225209339563146,0,weekend,31.031
2025-08-17,2025,8,17,229,23,6,87.13,2025-08-17 23:00:00+00:00,2025-08-18 00:00:00+00:00,38186.715,413.785,3193.0825,0.0,29583.4225,3606.8675,-0.7036774074790128,-0.7105196029692745,-0.2588190451025215,0.965925826289068,-0.7818314824680299,0.6234898018587334,0,weekend,30.8405
2025-08-18,2025,8,18,230,23,0,94.82,2025-08-18 23:00:00+00:00,2025-08-19 00:00:00+00:00,42612.44,207.445,4418.755,0.0,33870.5,4626.2,-0.7157953492826642,-0.6983101158835584,-0.2588190451025215,0.965925826289068,0.0,1.0,0,weekday,30.65
2025-08-19,2025,8,19,231,23,1,93.18,2025-08-19 23:00:00+00:00,2025-08-20 00:00:00+00:00,42490.1575,2211.7725,4617.37,0.0,34243.54,6829.1425,-0.7277014757264236,-0.6858939875998223,-0.2588190451025215,0.965925826289068,0.7818314824680298,0.6234898018587336,0,weekday,30.725
2025-08-20,2025,8,20,232,23,2,90.73,2025-08-20 23:00:00+00:00,2025-08-21 00:00:00+00:00,42681.7775,1158.0575,7774.8525,0.0,36845.725,8932.91,-0.7393922635959241,-0.673274892250183,-0.2588190451025215,0.965925826289068,0.9749279121818236,-0.2225209339563143,0,weekday,31.375
2025-08-21,2025,8,21,233,23,3,81.99,2025-08-21 23:00:00+00:00,2025-08-22 00:00:00+00:00,42399.6775,3752.435,12028.8575,0.0,38510.355,15781.2925,-0.7508642533989489,-0.6604565640279754,-0.2588190451025215,0.965925826289068,0.4338837391175582,-0.900968867902419,0,weekday,32.245
2025-08-22,2025,8,22,234,23,4,89.32,2025-08-22 23:00:00+00:00,2025-08-23 00:00:00+00:00,39948.0775,4456.9725,9556.8475,0.0,34632.15,14013.82,-0.7621140503891487,-0.6474427960827475,-0.2588190451025215,0.965925826289068,-0.433883739117558,-0.9009688679024191,0,weekday,33.4
2025-08-23,2025,8,23,235,23,5,95.13,2025-08-23 23:00:00+00:00,2025-08-24 00:00:00+00:00,37598.545,1774.6025,4332.755,0.0,26534.3525,6107.3575,-0.7731383255706026,-0.6342374393978054,-0.2588190451025215,0.965925826289068,-0.9749279121818236,-0.2225209339563146,0,weekend,33.573
2025-08-24,2025,8,24,236,23,6,87.03,2025-08-24 23:00:00+00:00,2025-08-25 00:00:00+00:00,38578.8575,1939.2125,5788.5575,0.0,29630.5025,7727.77,-0.7839338166829201,-0.620844401650647,-0.2588190451025215,0.965925826289068,-0.7818314824680299,0.6234898018587334,0,weekend,33.424
2025-08-25,2025,8,25,237,23,0,100.44,2025-08-25 23:00:00+00:00,2025-08-26 00:00:00+00:00,42237.76,300.845,2162.795,0.0,31811.26,2463.6400000000003,-0.7944973291665992,-0.6072676460566135,-0.2588190451025215,0.965925826289068,0.0,1.0,0,weekday,33.275
2025-08-26,2025,8,26,238,23,1,89.98,2025-08-26 23:00:00+00:00,2025-08-27 00:00:00+00:00,42596.48,1812.16,12103.895,0.0,42672.58,13916.055,-0.8048257371083452,-0.593511190196115,-0.2588190451025215,0.965925826289068,0.7818314824680298,0.6234898018587336,0,weekday,33.6
2025-08-27,2025,8,27,239,23,2,91.92,2025-08-27 23:00:00+00:00,2025-08-28 00:00:00+00:00,42231.9575,1242.1925,4293.88,0.0,33641.0025,5536.0725,-0.8149159841660791,-0.5795791048257612,-0.2588190451025215,0.965925826289068,0.9749279121818236,-0.2225209339563143,0,weekday,32.7
2025-08-28,2025,8,28,240,23,3,83.27,2025-08-28 23:00:00+00:00,2025-08-29 00:00:00+00:00,43193.06,1252.405,5718.2225,0.0,35506.3325,6970.6275,-0.8247650844733614,-0.5654755126737576,-0.2588190451025215,0.965925826289068,0.4338837391175582,-0.900968867902419,0,weekday,31.275
2025-08-29,2025,8,29,241,23,4,86.56,2025-08-29 23:00:00+00:00,2025-08-30 00:00:00+00:00,40815.8975,3085.245,10687.3975,0.0,38765.6,13772.642499999998,-0.8343701235229538,-0.5512045872199277,-0.2588190451025215,0.965925826289068,-0.433883739117558,-0.9009688679024191,0,weekday,31.75
2025-08-30,2025,8,30,242,23,5,78.91,2025-08-30 23:00:00+00:00,2025-08-31 00:00:00+00:00,37984.3975,3288.8075,9150.2475,0.0,33337.2575,12439.055,-0.8437282590292712,-0.5367705514607103,-0.2588190451025215,0.965925826289068,-0.9749279121818236,-0.2225209339563146,0,weekend,31.622
2025-08-31,2025,8,31,243,23,6,81.43,2025-08-31 23:00:00+00:00,2025-09-01 00:00:00+00:00,38391.445,2924.3075,11483.385,0.0,37201.015,14407.6925,-0.8528367217694595,-0.522177676659508,-0.2588190451025215,0.965925826289068,-0.7818314824680299,0.6234898018587334,0,weekend,31.9485
2025-09-01,2025,9,1,244,23,0,90.11,2025-09-01 23:00:00+00:00,2025-09-02 00:00:00+00:00,42638.8475,2059.925,5048.0425,0.0,36175.4075,7107.9675,-0.8616928164028522,-0.5074302810827518,-0.2588190451025215,0.965925826289068,0.0,1.0,0,weekday,32.275
2025-09-02,2025,9,2,245,23,1,90.74,2025-09-02 23:00:00+00:00,2025-09-03 00:00:00+00:00,42860.51,2862.6775,13997.8,0.0,41301.0575,16860.4775,-0.8702939222685674,-0.4925327287220543,-0.2588190451025215,0.965925826289068,0.7818314824680298,0.6234898018587336,0,weekday,32.2
2025-09-03,2025,9,3,246,23,2,17.7,2025-09-03 23:00:00+00:00,2025-09-04 00:00:00+00:00,42487.96,5195.389999999999,25206.5025,0.0,46916.09,30401.8925,-0.8786374941610001,-0.4774894280028391,-0.2588190451025215,0.965925826289068,0.9749279121818236,-0.2225209339563143,0,weekday,31.525
2025-09-04,2025,9,4,247,23,3,86.1,2025-09-04 23:00:00+00:00,2025-09-05 00:00:00+00:00,43621.185,2226.2,7162.2825,0.0,37493.17,9388.4825,-0.886721063082993,-0.4623048304798108,-0.2588190451025215,0.965925826289068,0.4338837391175582,-0.900968867902419,0,weekday,31.84
2025-09-05,2025,9,5,248,23,4,100.59,2025-09-05 23:00:00+00:00,2025-09-06 00:00:00+00:00,40810.1175,569.855,2745.4875,0.0,31915.1975,3315.3425,-0.8945422369764496,-0.4469834295196741,-0.2588190451025215,0.965925826289068,-0.433883739117558,-0.9009688679024191,0,weekday,32.52
2025-09-06,2025,9,6,249,23,5,85.02,2025-09-06 23:00:00+00:00,2025-09-07 00:00:00+00:00,37414.455,2355.66,10349.3925,0.0,33908.5075,12705.0525,-0.9020987014301836,-0.4315297589714714,-0.2588190451025215,0.965925826289068,-0.9749279121818236,-0.2225209339563146,0,weekend,31.969
2025-09-07,2025,9,7,250,23,6,85.74,2025-09-07 23:00:00+00:00,2025-09-08 00:00:00+00:00,39461.7075,5322.7825,15243.55,0.0,42591.265,20566.3325,-0.9093882203647924,-0.4159483918249421,-0.2588190451025215,0.965925826289068,-0.7818314824680299,0.6234898018587334,0,weekend,32.084500000000006
2025-09-08,2025,9,8,251,23,0,112.46,2025-09-08 23:00:00+00:00,2025-09-09 00:00:00+00:00,43544.435,258.5375,2680.7625,0.0,32954.37,2939.3,-0.9164086366943458,-0.4002439388573056,-0.2588190451025215,0.965925826289068,0.0,1.0,0,weekday,32.2
2025-09-09,2025,9,9,252,23,1,107.29,2025-09-09 23:00:00+00:00,2025-09-10 00:00:00+00:00,43231.44,1729.6725,3781.3025,0.0,34277.6325,5510.974999999999,-0.923157872964704,-0.3844210472688554,-0.2588190451025215,0.965925826289068,0.7818314824680298,0.6234898018587336,0,weekday,33.085
2025-09-10,2025,9,10,253,23,2,85.0,2025-09-10 23:00:00+00:00,2025-09-11 00:00:00+00:00,44449.9675,4467.4125,10042.705,0.0,37511.9075,14510.1175,-0.9296339319682696,-0.3684843993077793,-0.2588190451025215,0.965925826289068,0.9749279121818236,-0.2225209339563143,0,weekday,33.24
2025-09-11,2025,9,11,254,23,3,33.23,2025-09-11 23:00:00+00:00,2025-09-12 00:00:00+00:00,43912.5925,5530.0625,22949.1525,0.0,43311.92,28479.215,-0.935834897334994,-0.3524387108846032,-0.2588190451025215,0.965925826289068,0.4338837391175582,-0.900968867902419,0,weekday,32.51
2025-09-12,2025,9,12,255,23,4,72.75,2025-09-12 23:00:00+00:00,2025-09-13 00:00:00+00:00,41104.56,5635.9775,16174.8525,0.0,39232.5175,21810.83,-0.9417589340994617,-0.3362887301766828,-0.2588190451025215,0.965925826289068,-0.433883739117558,-0.9009688679024191,0,weekday,32.395
2025-09-13,2025,9,13,256,23,5,77.57,2025-09-13 23:00:00+00:00,2025-09-14 00:00:00+00:00,39105.81,3171.4825,12205.1,0.0,34494.9675,15376.5825,-0.9474042892438844,-0.3200392362231385,-0.2588190451025215,0.965925826289068,-0.9749279121818236,-0.2225209339563146,0,weekend,32.662
2025-09-14,2025,9,14,257,23,6,3.87,2025-09-14 23:00:00+00:00,2025-09-15 00:00:00+00:00,39972.4425,5997.9525,24997.0275,0.0,45105.3075,30994.98,-0.9527692922168512,-0.3036950375106588,-0.2588190451025215,0.965925826289068,-0.7818314824680299,0.6234898018587334,0,weekend,32.431
2025-09-15,2025,9,15,258,23,0,-0.09,2025-09-15 23:00:00+00:00,2025-09-16 00:00:00+00:00,44347.3925,3704.6925,40879.2825,0.0,56680.7875,44583.975,-0.9578523554276668,-0.2872609705505963,-0.2588190451025215,0.965925826289068,0.0,1.0,0,weekday,32.2
2025-09-16,2025,9,16,259,23,1,63.47,2025-09-16 23:00:00+00:00,2025-09-17 00:00:00+00:00,43558.6625,6303.4175,26837.6,0.0,49941.8675,33141.0175,-0.9626519747161488,-0.2707418984477642,-0.2588190451025215,0.965925826289068,0.7818314824680298,0.6234898018587336,0,weekday,31.91
2025-09-17,2025,9,17,260,23,2,48.29,2025-09-17 23:00:00+00:00,2025-09-18 00:00:00+00:00,44520.4125,6068.715,23221.8825,0.0,45607.92,29290.5975,-0.9671667297977312,-0.2541427094613622,-0.2588190451025215,0.965925826289068,0.9749279121818236,-0.2225209339563143,0,weekday,32.605
2025-09-18,2025,9,18,261,23,3,72.47,2025-09-18 23:00:00+00:00,2025-09-19 00:00:00+00:00,43731.9375,6389.105,18757.18,0.0,43724.615,25146.285,-0.97139528468375,-0.2374683155584684,-0.2588190451025215,0.965925826289068,0.4338837391175582,-0.900968867902419,0,weekday,32.555
2025-09-19,2025,9,19,262,23,4,77.91,2025-09-19 23:00:00+00:00,2025-09-20 00:00:00+00:00,41090.33,4012.57,19068.7075,0.0,41100.9125,23081.2775,-0.9753363880767836,-0.2207236509605022,-0.2588190451025215,0.965925826289068,-0.433883739117558,-0.9009688679024191,0,weekday,32.66
2025-09-20,2025,9,20,263,23,5,3.7,2025-09-20 23:00:00+00:00,2025-09-21 00:00:00+00:00,38877.7475,5665.6725,19134.225,0.0,41366.7625,24799.8975,-0.978988873740932,-0.2039136706831147,-0.2588190451025215,0.965925826289068,-0.9749279121818236,-0.2225209339563146,0,weekend,32.308
2025-09-21,2025,9,21,264,23,6,83.57,2025-09-21 23:00:00+00:00,2025-09-22 00:00:00+00:00,38721.3725,6086.325,11106.705,0.0,35171.85,17193.03,-0.9823516608469236,-0.1870433490699165,-0.2588190451025215,0.965925826289068,-0.7818314824680299,0.6234898018587334,0,weekend,32.204
2025-09-22,2025,9,22,265,23,0,90.0,2025-09-22 23:00:00+00:00,2025-09-23 00:00:00+00:00,43641.545,3442.2575,9071.415,0.0,40345.6825,12513.6725,-0.9854237542919524,-0.1701176783204905,-0.2588190451025215,0.965925826289068,0.0,1.0,0,weekday,32.1
2025-09-23,2025,9,23,266,23,1,82.32,2025-09-23 23:00:00+00:00,2025-09-24 00:00:00+00:00,43688.8325,1214.355,17949.9875,0.0,43108.495,19164.3425,-0.9882042449941422,-0.15314166701312,-0.2588190451025215,0.965925826289068,0.7818314824680298,0.6234898018587336,0,weekday,32.03
2025-09-24,2025,9,24,267,23,2,69.69,2025-09-24 23:00:00+00:00,2025-09-25 00:00:00+00:00,43642.27,4587.145,27753.8075,0.0,47687.24,32340.9525,-0.9906923101615608,-0.136120338622667,-0.2588190451025215,0.965925826289068,0.9749279121818236,-0.2225209339563143,0,weekday,32.16
2025-09-25,2025,9,25,268,23,3,75.0,2025-09-25 23:00:00+00:00,2025-09-26 00:00:00+00:00,43878.4925,5690.645,18157.2075,0.0,42558.795,23847.8525,-0.9928872135356962,-0.1190587300340498,-0.2588190451025215,0.965925826289068,0.4338837391175582,-0.900968867902419,0,weekday,32.405
2025-09-26,2025,9,26,269,23,4,83.26,2025-09-26 23:00:00+00:00,2025-09-27 00:00:00+00:00,41100.075,4129.2725,13014.0875,0.0,36840.0475,17143.36,-0.994788305609327,-0.1019618900517457,-0.2588190451025215,0.965925826289068,-0.433883739117558,-0.9009688679024191,0,weekday,32.655
2025-09-27,2025,9,27,270,23,5,95.31,2025-09-27 23:00:00+00:00,2025-09-28 00:00:00+00:00,38386.0975,1202.3675,4843.7625,0.0,29539.345,6046.13,-0.9963950238187232,-0.0848348779057653,-0.2588190451025215,0.965925826289068,-0.9749279121818236,-0.2225209339563146,0,weekend,32.697
2025-09-28,2025,9,28,271,23,6,88.76,2025-09-28 23:00:00+00:00,2025-09-29 00:00:00+00:00,40469.77,875.0125,5160.0375,0.0,33673.365000000005,6035.05,-0.9977068927101168,-0.0676827617545516,-0.2588190451025215,0.965925826289068,-0.7818314824680299,0.6234898018587334,0,weekend,32.4885
2025-09-29,2025,9,29,272,23,0,98.43,2025-09-29 23:00:00+00:00,2025-09-30 00:00:00+00:00,44103.03,686.1825,5330.89,0.0,35823.6175,6017.0725,-0.9987235240803972,-0.0505106171852228,-0.2588190451025215,0.965925826289068,0.0,1.0,0,weekday,32.28
2025-09-30,2025,9,30,273,23,1,86.285,2025-09-30 23:00:00+00:00,2025-10-01 00:00:00+00:00,44444.9425,1757.91,6540.15,0.0,39463.665,8298.06,-0.9994446170919858,-0.0333235257116313,-0.2588190451025215,0.965925826289068,0.7818314824680298,0.6234898018587336,0,weekday,32.255
2025-10-01,2025,10,1,274,23,2,88.0,2025-10-01 23:00:00+00:00,2025-10-02 00:00:00+00:00,45195.695,2227.2425000000003,5988.1325,0.0,40407.7825,8215.375,-0.9998699583618592,-0.0161265732706577,-0.2588190451025215,0.965925826289068,0.9749279121818236,-0.2225209339563143,0,weekday,31.275
2025-10-02,2025,10,2,275,23,3,77.14,2025-10-02 23:00:00+00:00,2025-10-03 00:00:00+00:00,43417.2075,4814.605,12404.725,0.0,37365.802500000005,17219.33,-0.9999994220246924,0.0010751512827982,-0.2588190451025215,0.965925826289068,0.4338837391175582,-0.900968867902419,0,weekday,31.445
2025-10-03,2025,10,3,276,23,4,-0.01,2025-10-03 23:00:00+00:00,2025-10-04 00:00:00+00:00,42652.6125,3299.6125,34150.6275,0.0,49862.5075,37450.240000000005,-0.999832969770105,0.0182765576816912,-0.2588190451025215,0.965925826289068,-0.433883739117558,-0.9009688679024191,1,holiday,31.105
2025-10-04,2025,10,4,277,23,5,-1.4025,2025-10-04 23:00:00+00:00,2025-10-05 00:00:00+00:00,40921.7825,3461.7200000000003,41030.7125,0.0,54187.1975,44492.4325,-0.9993706508539968,0.0354725557531255,-0.2588190451025215,0.965925826289068,-0.9749279121818236,-0.2225209339563146,0,weekend,31.438
2025-10-05,2025,10,5,278,23,6,10.0475,2025-10-05 23:00:00+00:00,2025-10-06 00:00:00+00:00,41785.6725,4609.0425,35603.682499999995,0.0,54328.7075,40212.72499999999,-0.9986126020839734,0.052658056924614,-0.2588190451025215,0.965925826289068,-0.7818314824680299,0.6234898018587334,0,weekend,31.944000000000003
2025-10-06,2025,10,6,279,23,0,93.9875,2025-10-06 23:00:00+00:00,2025-10-07 00:00:00+00:00,44496.2625,837.7125,8241.245,0.0,37873.82,9078.9575,-0.9975590477788612,0.0698279757298708,-0.2588190451025215,0.965925826289068,0.0,1.0,0,weekday,32.45
2025-10-07,2025,10,7,280,23,1,88.4375,2025-10-07 23:00:00+00:00,2025-10-08 00:00:00+00:00,44941.33,2815.26,6245.8025,0.0,38313.075,9061.0625,-0.9962102997023295,0.0869772313136861,-0.2588190451025215,0.965925826289068,0.7818314824680298,0.6234898018587336,0,weekday,33.5
2025-10-08,2025,10,8,281,23,2,92.5825,2025-10-08 23:00:00+00:00,2025-10-09 00:00:00+00:00,44786.5975,1520.4275,4801.9175,0.0,39330.3175,6322.344999999999,-0.9945667569706336,0.1041007489354256,-0.2588190451025215,0.965925826289068,0.9749279121818236,-0.2225209339563143,0,weekday,33.57
2025-10-09,2025,10,9,282,23,3,84.9675,2025-10-09 23:00:00+00:00,2025-10-10 00:00:00+00:00,44884.7875,4554.465,17426.302499999998,0.0,44478.915,21980.7675,-0.9926289059345096,0.121193461470736,-0.2588190451025215,0.965925826289068,0.4338837391175582,-0.900968867902419,0,weekday,32.195
2025-10-10,2025,10,10,283,23,4,88.83500000000001,2025-10-10 23:00:00+00:00,2025-10-11 00:00:00+00:00,42638.0175,4307.7300000000005,12774.5175,0.0,38525.6575,17082.2475,-0.9903973200352558,0.1382503109109819,-0.2588190451025215,0.965925826289068,-0.433883739117558,-0.9009688679024191,0,weekday,32.08
2025-10-11,2025,10,11,284,23,5,92.1675,2025-10-11 23:00:00+00:00,2025-10-12 00:00:00+00:00,40267.6475,2338.6925,7470.8475,0.0,31924.005,9809.54,-0.9878726596350428,0.1552662498599956,-0.2588190451025215,0.965925826289068,-0.9749279121818236,-0.2225209339563146,0,weekend,32.17
2025-10-12,2025,10,12,285,23,6,90.26,2025-10-12 23:00:00+00:00,2025-10-13 00:00:00+00:00,42289.6525,1706.47,3222.1675,0.0,34311.225,4928.6375,-0.9850556718215012,0.172236243027682,-0.2588190451025215,0.965925826289068,-0.7818314824680299,0.6234898018587334,0,weekend,31.997500000000002
2025-10-13,2025,10,13,286,23,0,103.015,2025-10-13 23:00:00+00:00,2025-10-14 00:00:00+00:00,45332.7375,2039.0825,3512.0275,0.0,37855.375,5551.110000000001,-0.981947190186646,0.1891552687200409,-0.2588190451025215,0.965925826289068,0.0,1.0,0,weekday,31.825
2025-10-14,2025,10,14,287,23,1,111.865,2025-10-14 23:00:00+00:00,2025-10-15 00:00:00+00:00,45258.385,1124.9475,1449.67,0.0,35146.34,2574.6175000000003,-0.9785481345802032,0.2060183203251708,-0.2588190451025215,0.965925826289068,0.7818314824680298,0.6234898018587336,0,weekday,31.46
2025-10-15,2025,10,15,288,23,2,85.8075,2025-10-15 23:00:00+00:00,2025-10-16 00:00:00+00:00,44331.0675,5070.6425,7005.8,0.0,42318.6925,12076.4425,-0.9748595108374124,0.2228204077947995,-0.2588190451025215,0.965925826289068,0.9749279121818236,-0.2225209339563143,0,weekday,31.75
2025-10-16,2025,10,16,289,23,3,88.3125,2025-10-16 23:00:00+00:00,2025-10-17 00:00:00+00:00,45305.53,4447.0875,8946.877499999999,0.0,40046.6075,13393.964999999998,-0.9708824104813836,0.239556559120927,-0.2588190451025215,0.965925826289068,0.4338837391175582,-0.900968867902419,0,weekday,32.265
2025-10-17,2025,10,17,290,23,4,89.86,2025-10-17 23:00:00+00:00,2025-10-18 00:00:00+00:00,42597.3325,1733.7375,9166.8625,0.0,37225.92,10900.6,-0.9666180104000972,0.2562218218071163,-0.2588190451025215,0.965925826289068,-0.433883739117558,-0.9009688679024191,0,weekday,32.195
2025-10-18,2025,10,18,291,23,5,87.58500000000001,2025-10-18 23:00:00+00:00,2025-10-19 00:00:00+00:00,41142.0675,2402.11,11312.6425,0.0,36060.605,13714.7525,-0.9620675724981452,0.2728112643340191,-0.2588190451025215,0.965925826289068,-0.9749279121818236,-0.2225209339563146,0,weekend,31.816
2025-10-19,2025,10,19,292,23,6,63.975,2025-10-19 23:00:00+00:00,2025-10-20 00:00:00+00:00,41683.0825,6003.4825,22378.2975,0.0,44313.5525,28381.78,-0.957232443323312,0.2893199776186952,-0.2588190451025215,0.965925826289068,-0.7818314824680299,0.6234898018587334,0,weekend,31.795499999999997
2025-10-20,2025,10,20,293,23,0,43.8325,2025-10-20 23:00:00+00:00,2025-10-21 00:00:00+00:00,44999.655,6674.0025000000005,29932.085,0.0,51684.1525,36606.0875,-0.9521140536681102,0.3057430764672831,-0.2588190451025215,0.965925826289068,0.0,1.0,0,weekday,31.775
2025-10-21,2025,10,21,294,23,1,87.4925,2025-10-21 23:00:00+00:00,2025-10-22 00:00:00+00:00,44482.23,6006.075,21134.8,0.0,47915.8475,27140.875,-0.9467139181463862,0.3220757010206104,-0.2588190451025215,0.965925826289068,0.7818314824680298,0.6234898018587336,0,weekday,31.435
2025-10-22,2025,10,22,295,23,2,98.745,2025-10-22 23:00:00+00:00,2025-10-23 00:00:00+00:00,45152.4225,871.0225,11428.8225,0.0,39912.4875,12299.845,-0.9410336347451196,0.3383130181923076,-0.2588190451025215,0.965925826289068,0.9749279121818236,-0.2225209339563143,0,weekday,32.05
2025-10-23,2025,10,23,296,23,3,9.835,2025-10-23 23:00:00+00:00,2025-10-24 00:00:00+00:00,46483.4525,3343.36,40004.5225,0.0,54298.8775,43347.8825,-0.9350748843515574,0.3544502230989869,-0.2588190451025215,0.965925826289068,0.4338837391175582,-0.900968867902419,0,weekday,32.25
2025-10-24,2025,10,24,297,23,4,1.3199999999999998,2025-10-24 23:00:00+00:00,2025-10-25 00:00:00+00:00,43121.395,5687.255,37099.8,0.0,57752.4325,42787.055,-0.9288394302558068,0.3704825404820963,-0.2588190451025215,0.965925826289068,-0.433883739117558,-0.9009688679024191,0,weekday,32.2
2025-10-25,2025,10,25,298,23,5,3.6975,2025-10-25 23:00:00+00:00,2025-10-26 00:00:00+00:00,41254.6075,5813.54,33243.2725,0.0,55716.5025,39056.8125,-0.9223291176290545,0.3864052261209853,-0.2588190451025215,0.965925826289068,-0.9749279121818236,-0.2225209339563146,0,weekend,32.016
2025-10-26,2025,10,26,299,23,6,1.3424999999999998,2025-10-26 23:00:00+00:00,2025-10-27 00:00:00+00:00,43432.3925,4312.0825,40274.9375,0.0,56310.880000000005,44587.02,-0.9155458729775467,0.4022135682368036,-0.2588190451025215,0.965925826289068,-0.7818314824680299,0.6234898018587334,0,weekend,31.698
2025-10-27,2025,10,27,300,23,0,44.11,2025-10-27 23:00:00+00:00,2025-10-28 00:00:00+00:00,47809.9025,6011.955,37294.0575,0.0,59200.045,43306.0125,-0.9084917035725082,0.4179028888867866,-0.2588190451025215,0.965925826289068,0.0,1.0,0,weekday,31.38
2025-10-28,2025,10,28,301,23,1,58.8025,2025-10-28 23:00:00+00:00,2025-10-29 00:00:00+00:00,47746.665,5720.6775,32260.01,0.0,56567.1525,37980.6875,-0.9011686968561567,0.4334685453485363,-0.2588190451025215,0.965925826289068,0.7818314824680298,0.6234898018587336,0,weekday,31.315
2025-10-29,2025,10,29,302,23,2,75.245,2025-10-29 23:00:00+00:00,2025-10-30 00:00:00+00:00,47827.3675,3276.7375,23978.23,0.0,46061.81,27254.9675,-0.8935790198239952,0.4489059314938798,-0.2588190451025215,0.965925826289068,0.9749279121818236,-0.2225209339563143,0,weekday,31.869
2025-10-30,2025,10,30,303,23,3,87.74000000000001,2025-10-30 23:00:00+00:00,2025-10-31 00:00:00+00:00,46493.83500000001,2824.2375,11957.0625,0.0,38039.21,14781.3,-0.8857249183835637,0.4642104791518923,-0.2588190451025215,0.965925826289068,0.4338837391175582,-0.900968867902419,0,weekday,36.0
2025-10-31,2025,10,31,304,23,4,54.7075,2025-10-31 23:00:00+00:00,2025-11-01 00:00:00+00:00,43995.31,5519.2675,18482.6875,0.0,42818.9725,24001.955,-0.8776087166898392,0.4793776594606945,-0.2588190451025215,0.965925826289068,-0.433883739117558,-0.9009688679024191,0,weekday,31.185
2025-11-01,2025,11,1,305,23,5,64.285,2025-11-01 23:00:00+00:00,2025-11-02 00:00:00+00:00,41439.495,5096.44,18244.5075,0.0,42190.8475,23340.9475,-0.8692328164574792,0.4944029842076181,-0.2588190451025215,0.965925826289068,-0.9749279121818236,-0.2225209339563146,0,weekend,31.122
2025-11-02,2025,11,2,306,23,6,82.44,2025-11-02 23:00:00+00:00,2025-11-03 00:00:00+00:00,44015.5875,3340.19,16623.655,0.0,40947.8375,19963.845,-0.8605996962501181,0.5092820071573356,-0.2588190451025215,0.965925826289068,-0.7818314824680299,0.6234898018587334,0,weekend,31.3385
2025-11-03,2025,11,3,307,23,0,16.53,2025-11-03 23:00:00+00:00,2025-11-04 00:00:00+00:00,47132.835,6046.9775,26562.8525,0.0,50474.4725,32609.83,-0.8517119107469189,0.5240103253675756,-0.2588190451025215,0.965925826289068,0.0,1.0,0,weekday,31.555
2025-11-04,2025,11,4,308,23,1,77.33,2025-11-04 23:00:00+00:00,2025-11-05 00:00:00+00:00,46684.39,5733.7375,19948.135,0.0,47085.365,25681.8725,-0.8425720899866032,0.5385835804920232,-0.2588190451025215,0.965925826289068,0.7818314824680298,0.6234898018587336,0,weekday,31.94
2025-11-05,2025,11,5,309,23,2,93.3725,2025-11-05 23:00:00+00:00,2025-11-06 00:00:00+00:00,48073.5075,2455.3975,12831.175,0.0,43817.2775,15286.572499999998,-0.8331829385891785,0.5529974600700271,-0.2588190451025215,0.965925826289068,0.9749279121818236,-0.2225209339563143,0,weekday,32.1
2025-11-06,2025,11,6,310,23,3,90.1775,2025-11-06 23:00:00+00:00,2025-11-07 00:00:00+00:00,49241.69,1318.0625,8275.1775,0.0,41833.77,9593.24,-0.8235472349556007,0.5672476988027229,-0.2588190451025215,0.965925826289068,0.4338837391175582,-0.900968867902419,0,weekday,31.445
2025-11-07,2025,11,7,311,23,4,96.53,2025-11-07 23:00:00+00:00,2025-11-08 00:00:00+00:00,47220.880000000005,101.0425,2672.52,0.0,37563.7025,2773.5625,-0.8136678304455991,0.5813300798152042,-0.2588190451025215,0.965925826289068,-0.433883739117558,-0.9009688679024191,0,weekday,31.49
2025-11-08,2025,11,8,312,23,5,96.345,2025-11-08 23:00:00+00:00,2025-11-09 00:00:00+00:00,44312.56,62.115,1538.6475,0.0,34331.555,1600.7625,-0.8035476485339116,0.5952404359043674,-0.2588190451025215,0.965925826289068,-0.9749279121818236,-0.2225209339563146,0,weekend,31.201
2025-11-09,2025,11,9,313,23,6,88.98,2025-11-09 23:00:00+00:00,2025-11-10 00:00:00+00:00,43601.2075,800.3425,2733.1,0.0,36603.975,3533.4425,-0.7931896839451843,0.6089746507720486,-0.2588190451025215,0.965925826289068,-0.7818314824680299,0.6234898018587334,0,weekend,31.250500000000002
2025-11-10,2025,11,10,314,23,0,83.19,2025-11-10 23:00:00+00:00,2025-11-11 00:00:00+00:00,49398.2275,4201.1325,15135.5225,0.0,45733.3625,19336.655,-0.7825970017677834,0.6225286602431057,-0.2588190451025215,0.965925826289068,0.0,1.0,0,weekday,31.3
2025-11-11,2025,11,11,315,23,1,74.9775,2025-11-11 23:00:00+00:00,2025-11-12 00:00:00+00:00,48169.2775,5557.39,14472.7775,0.0,44406.1075,20030.1675,-0.7717727365467836,0.6358984534680745,-0.2588190451025215,0.965925826289068,0.7818314824680298,0.6234898018587336,0,weekday,31.04
2025-11-12,2025,11,12,316,23,2,32.917500000000004,2025-11-12 23:00:00+00:00,2025-11-13 00:00:00+00:00,47837.835,6146.215,29364.6975,0.0,54817.575,35510.9125,-0.7607200913564104,0.6490800741100398,-0.2588190451025215,0.965925826289068,0.9749279121818236,-0.2225209339563143,0,weekday,31.365
2025-11-13,2025,11,13,317,23,3,98.4425,2025-11-13 23:00:00+00:00,2025-11-14 00:00:00+00:00,47620.855,1510.5375,11924.14,0.0,41674.0275,13434.6775,-0.7494423368521954,0.6620696215153815,-0.2588190451025215,0.965925826289068,0.4338837391175582,-0.900968867902419,0,weekday,31.01
2025-11-14,2025,11,14,318,23,4,77.3775,2025-11-14 23:00:00+00:00,2025-11-15 00:00:00+00:00,47205.8575,5826.48,17941.03,0.0,45340.6125,23767.51,-0.7379428103031386,0.6748632518680403,-0.2588190451025215,0.965925826289068,-0.433883739117558,-0.9009688679024191,0,weekday,30.745
2025-11-15,2025,11,15,319,23,5,93.7475,2025-11-15 23:00:00+00:00,2025-11-16 00:00:00+00:00,44646.82,3834.6725,10438.285,0.0,40062.0725,14272.9575,-0.7262249146041543,0.6874571793269664,-0.2588190451025215,0.965925826289068,-0.9749279121818236,-0.2225209339563146,0,weekend,31.25
2025-11-16,2025,11,16,320,23,6,88.29,2025-11-16 23:00:00+00:00,2025-11-17 00:00:00+00:00,46077.995,6145.225,12817.775,0.0,41946.15,18963.0,-0.7142921172691032,0.699847677146407,-0.2588190451025215,0.965925826289068,-0.7818314824680299,0.6234898018587334,0,weekend,31.3625
2025-11-17,2025,11,17,321,23,0,84.88499999999999,2025-11-17 23:00:00+00:00,2025-11-18 00:00:00+00:00,49411.4275,5365.165,17890.7225,0.0,48245.1125,23255.8875,-0.7021479494046978,0.7120310787787131,-0.2588190451025215,0.965925826289068,0.0,1.0,0,weekday,31.475
2025-11-18,2025,11,18,322,23,1,87.3775,2025-11-18 23:00:00+00:00,2025-11-19 00:00:00+00:00,49330.475,849.6675,19076.0025,0.0,46363.29,19925.67,-0.6897960046655887,0.7240037789593305,-0.2588190451025215,0.965925826289068,0.7818314824680298,0.6234898018587336,0,weekday,31.74
2025-11-19,2025,11,19,323,23,2,90.6275,2025-11-19 23:00:00+00:00,2025-11-20 00:00:00+00:00,48769.625,3684.895,15942.68,0.0,47583.685,19627.575,-0.6772399381909491,0.7357622347736527,-0.2588190451025215,0.965925826289068,0.9749279121818236,-0.2225209339563143,0,weekday,31.155
2025-11-20,2025,11,20,324,23,3,101.5525,2025-11-20 23:00:00+00:00,2025-11-21 00:00:00+00:00,51748.3075,1737.9725,6072.6225,0.0,42260.585,7810.595,-0.6644834655228552,0.7473029667054296,-0.2588190451025215,0.965925826289068,0.4338837391175582,-0.900968867902419,0,weekday,31.035
2025-11-21,2025,11,21,325,23,4,102.2475,2025-11-21 23:00:00+00:00,2025-11-22 00:00:00+00:00,50174.065,2022.74,7237.585,0.0,40427.48,9260.325,-0.6515303615068021,0.75862255966641,-0.2588190451025215,0.965925826289068,-0.433883739117558,-0.9009688679024191,0,weekday,30.62
2025-11-22,2025,11,22,326,23,5,81.5275,2025-11-22 23:00:00+00:00,2025-11-23 00:00:00+00:00,47687.92,5860.915,19199.8725,0.0,47771.0375,25060.7875,-0.6383844591746642,0.7697176640069211,-0.2588190451025215,0.965925826289068,-0.9749279121818236,-0.2225209339563146,0,weekend,30.198
2025-11-23,2025,11,23,327,23,6,72.4575,2025-11-23 23:00:00+00:00,2025-11-24 00:00:00+00:00,47469.69,5476.8575,24772.9875,0.0,49366.545,30249.845,-0.6250496486104377,0.7805849965070866,-0.2588190451025215,0.965925826289068,-0.7818314824680299,0.6234898018587334,0,weekend,30.1115
2025-11-24,2025,11,24,328,23,0,100.9,2025-11-24 23:00:00+00:00,2025-11-25 00:00:00+00:00,52530.6975,1998.2275,4708.3725,0.0,43408.25,6706.6,-0.6115298757991053,0.7912213413483807,-0.2588190451025215,0.965925826289068,0.0,1.0,0,weekday,30.025
2025-11-25,2025,11,25,329,23,1,92.855,2025-11-25 23:00:00+00:00,2025-11-26 00:00:00+00:00,52469.675,818.6,4517.635,0.0,41275.3025,5336.235000000001,-0.5978291414589552,0.801623551065242,-0.2588190451025215,0.965925826289068,0.7818314824680298,0.6234898018587336,0,weekday,29.65
2025-11-26,2025,11,26,330,23,2,89.945,2025-11-26 23:00:00+00:00,2025-11-27 00:00:00+00:00,51435.685,4208.28,7591.32,0.0,41216.0525,11799.6,-0.5839514998576998,0.8117885474764613,-0.2588190451025215,0.965925826289068,0.9749279121818236,-0.2225209339563143,0,weekday,29.37
2025-11-27,2025,11,27,331,23,3,60.84,2025-11-27 23:00:00+00:00,2025-11-28 00:00:00+00:00,52832.4975,5714.22,27434.09,0.0,53686.8125,33148.31,-0.5699010576127624,0.8217133225960589,-0.2588190451025215,0.965925826289068,0.4338837391175582,-0.900968867902419,0,weekday,29.368
2025-11-28,2025,11,28,332,23,4,81.72999999999999,2025-11-28 23:00:00+00:00,2025-11-29 00:00:00+00:00,49646.1975,5343.165,22538.6425,0.0,51749.095,27881.807500000003,-0.5556819724760489,0.8313949395234058,-0.2588190451025215,0.965925826289068,-0.433883739117558,-0.9009688679024191,0,weekday,29.07
2025-11-29,2025,11,29,333,23,5,75.9725,2025-11-29 23:00:00+00:00,2025-11-30 00:00:00+00:00,47692.8475,5578.2225,22543.0025,0.0,48077.9175,28121.225,-0.5412984521036173,0.8408305333122887,-0.2588190451025215,0.965925826289068,-0.9749279121818236,-0.2225209339563146,0,weekend,28.817
2025-11-30,2025,11,30,334,23,6,87.995,2025-11-30 23:00:00+00:00,2025-12-01 00:00:00+00:00,48448.425,4916.9775,15819.0575,0.0,44571.2325,20736.035,-0.5267547528105542,0.8500173118187018,-0.2588190451025215,0.965925826289068,-0.7818314824680299,0.6234898018587334,0,weekend,28.546
2025-12-01,2025,12,1,335,23,0,65.7775,2025-12-01 23:00:00+00:00,2025-12-02 00:00:00+00:00,52047.67,5743.31,28807.16,0.0,52529.47,34550.47,-0.5120551783114646,0.8589525565270845,-0.2588190451025215,0.965925826289068,0.0,1.0,0,weekday,28.275
2025-12-02,2025,12,2,336,23,1,90.835,2025-12-02 23:00:00+00:00,2025-12-03 00:00:00+00:00,51692.6875,1547.35,6442.155000000001,0.0,42842.3825,7989.505000000001,-0.4972040784469378,0.8676336233547726,-0.2588190451025215,0.965925826289068,0.7818314824680298,0.6234898018587336,0,weekday,27.715
2025-12-03,2025,12,3,337,23,2,97.3825,2025-12-03 23:00:00+00:00,2025-12-04 00:00:00+00:00,52157.145,1302.42,4312.577499999999,0.0,42566.5775,5614.9975,-0.4822058478963526,0.8760579434344281,-0.2588190451025215,0.965925826289068,0.9749279121818236,-0.2225209339563143,0,weekday,27.995
2025-12-04,2025,12,4,338,23,3,95.7425,2025-12-04 23:00:00+00:00,2025-12-05 00:00:00+00:00,52465.27,2197.4300000000003,4799.615,0.0,43773.715,6997.045,-0.4670649248774303,0.8842230238742036,-0.2588190451025215,0.965925826289068,0.4338837391175582,-0.900968867902419,0,weekday,27.575
2025-12-05,2025,12,5,339,23,4,82.08,2025-12-05 23:00:00+00:00,2025-12-06 00:00:00+00:00,50448.505000000005,4465.015,13299.29,0.0,42414.3375,17764.305,-0.451785789832884,0.8921264484954345,-0.2588190451025215,0.965925826289068,-0.433883739117558,-0.9009688679024191,0,weekday,27.36
2025-12-06,2025,12,6,340,23,5,67.32249999999999,2025-12-06 23:00:00+00:00,2025-12-07 00:00:00+00:00,47538.47,4456.385,26028.4175,0.0,48593.7325,30484.8025,-0.4363729641045924,0.8997658785476209,-0.2588190451025215,0.965925826289068,-0.9749279121818236,-0.2225209339563146,0,weekend,27.266
2025-12-07,2025,12,7,341,23,6,19.27,2025-12-07 23:00:00+00:00,2025-12-08 00:00:00+00:00,47244.685,5463.235,35120.97,0.0,54582.185,40584.205,-0.4208310085956556,0.9071390534005044,-0.2588190451025215,0.965925826289068,-0.7818314824680299,0.6234898018587334,0,weekend,27.408
2025-12-08,2025,12,8,342,23,0,73.69749999999999,2025-12-08 23:00:00+00:00,2025-12-09 00:00:00+00:00,48500.7175,5331.5675,23855.945,0.0,49556.09,29187.5125,-0.4051645224207563,0.9142437912130223,-0.2588190451025215,0.965925826289068,0.0,1.0,0,weekday,27.55
2025-12-09,2025,12,9,343,23,1,43.9,2025-12-09 23:00:00+00:00,2025-12-10 00:00:00+00:00,50532.4575,5705.35,26979.895,0.0,53071.455,32685.245000000003,-0.3893781415452015,0.9210779895789526,-0.2588190451025215,0.965925826289068,0.7818314824680298,0.6234898018587336,0,weekday,27.4
2025-12-10,2025,12,10,344,23,2,73.975,2025-12-10 23:00:00+00:00,2025-12-11 00:00:00+00:00,48509.305,5958.24,23568.255,0.0,51593.5725,29526.495000000003,-0.3734765374130707,0.9276396261490468,-0.2588190451025215,0.965925826289068,0.9749279121818236,-0.2225209339563143,0,weekday,27.015
2025-12-11,2025,12,11,345,23,3,83.78,2025-12-11 23:00:00+00:00,2025-12-12 00:00:00+00:00,49495.34,3482.12,9451.615,0.0,42526.9725,12933.735,-0.3574644155648614,0.9339267592294762,-0.2588190451025215,0.965925826289068,0.4338837391175582,-0.900968867902419,0,weekday,26.715
2025-12-12,2025,12,12,346,23,4,92.2825,2025-12-12 23:00:00+00:00,2025-12-13 00:00:00+00:00,48581.685,2882.3725,5588.8125,0.0,41886.6275,8471.185,-0.3413465142450361,0.9399375283564132,-0.2588190451025215,0.965925826289068,-0.433883739117558,-0.9009688679024191,0,weekday,27.355
2025-12-13,2025,12,13,347,23,5,91.195,2025-12-13 23:00:00+00:00,2025-12-14 00:00:00+00:00,46365.74,6143.2375,9251.955,0.0,39677.7075,15395.1925,-0.3251276029999093,0.9456701548465688,-0.2588190451025215,0.965925826289068,-0.9749279121818236,-0.2225209339563146,0,weekend,27.684
2025-12-14,2025,12,14,348,23,6,72.5,2025-12-14 23:00:00+00:00,2025-12-15 00:00:00+00:00,46363.765,6212.8475,18456.7225,0.0,45184.6525,24669.57,-0.3088124812662537,0.9511229423235356,-0.2588190451025215,0.965925826289068,-0.7818314824680299,0.6234898018587334,0,weekend,27.707
2025-12-15,2025,12,15,349,23,0,80.67,2025-12-15 23:00:00+00:00,2025-12-16 00:00:00+00:00,50918.5525,4254.76,19456.6125,0.0,49560.02,23711.3725,-0.2924059769510773,0.956294277219772,-0.2588190451025215,0.965925826289068,0.0,1.0,0,weekday,27.73
2025-12-16,2025,12,16,350,23,1,89.0025,2025-12-16 23:00:00+00:00,2025-12-17 00:00:00+00:00,48898.61,2318.7725,8373.1275,0.0,44338.425,10691.9,-0.2759129450029604,0.9611826292540836,-0.2588190451025215,0.965925826289068,0.7818314824680298,0.6234898018587336,0,weekday,26.97
2025-12-17,2025,12,17,351,23,2,77.755,2025-12-17 23:00:00+00:00,2025-12-18 00:00:00+00:00,49030.355,5809.11,16343.905,0.0,45567.8675,22153.015,-0.2593382659754056,0.9657865518844574,-0.2588190451025215,0.965925826289068,0.9749279121818236,-0.2225209339563143,0,weekday,27.085
2025-12-18,2025,12,18,352,23,3,9.84,2025-12-18 23:00:00+00:00,2025-12-19 00:00:00+00:00,48890.1,5693.1575,36170.5675,0.0,57930.4825,41863.725,-0.2426868445825954,0.9701046827361176,-0.2588190451025215,0.965925826289068,0.4338837391175582,-0.900968867902419,0,weekday,27.55
2025-12-19,2025,12,19,353,23,4,84.8125,2025-12-19 23:00:00+00:00,2025-12-20 00:00:00+00:00,46101.215,4772.6225,9840.95,0.0,40774.035,14613.572500000002,-0.225963608248019,0.974135744004672,-0.2588190451025215,0.965925826289068,-0.433883739117558,-0.9009688679024191,0,weekday,27.95
2025-12-20,2025,12,20,354,23,5,95.7,2025-12-20 23:00:00+00:00,2025-12-21 00:00:00+00:00,44664.8725,3254.2875,9317.895,0.0,40490.5525,12572.1825,-0.2091735056463563,0.9778785428342386,-0.2588190451025215,0.965925826289068,-0.9749279121818236,-0.2225209339563146,0,weekend,28.161
2025-12-21,2025,12,21,355,23,6,70.22749999999999,2025-12-21 23:00:00+00:00,2025-12-22 00:00:00+00:00,46005.5875,5523.3925,23264.845,0.0,49914.4525,28788.237500000003,-0.1923215052390948,0.9813319716704276,-0.2588190451025215,0.965925826289068,-0.7818314824680299,0.6234898018587334,0,weekend,27.924
2025-12-22,2025,12,22,356,23,0,72.2325,2025-12-22 23:00:00+00:00,2025-12-23 00:00:00+00:00,48755.72,6099.305,20278.6525,0.0,47685.7575,26377.9575,-0.1754125938042784,0.9844950085880858,-0.2588190451025215,0.965925826289068,0.0,1.0,0,weekday,27.687
2025-12-23,2025,12,23,357,23,1,60.2475,2025-12-23 23:00:00+00:00,2025-12-24 00:00:00+00:00,46832.0825,5850.0225,28320.4875,0.0,52661.205,34170.51,-0.1584517749608363,0.9873667175937016,-0.2588190451025215,0.965925826289068,0.7818314824680298,0.6234898018587336,0,weekday,27.79
2025-12-24,2025,12,24,358,23,2,63.22,2025-12-24 23:00:00+00:00,2025-12-25 00:00:00+00:00,43388.5475,4120.0125,28690.455,0.0,50955.445,32810.4675,-0.141444067687942,0.989946248902378,-0.2588190451025215,0.965925826289068,0.9749279121818236,-0.2225209339563143,0,weekday,28.22
2025-12-25,2025,12,25,359,23,3,97.1,2025-12-25 23:00:00+00:00,2025-12-26 00:00:00+00:00,42620.635,1315.91,13193.4375,0.0,37628.38,14509.3475,-0.1243945048397999,0.9922328391893008,-0.2588190451025215,0.965925826289068,0.4338837391175582,-0.900968867902419,1,holiday,28.095
2025-12-26,2025,12,26,360,23,4,96.69,2025-12-26 23:00:00+00:00,2025-12-27 00:00:00+00:00,44566.49,359.5325,7878.0775,0.0,34008.805,8237.61,-0.1073081316563624,0.994225811815616,-0.2588190451025215,0.965925826289068,-0.433883739117558,-0.9009688679024191,1,holiday,28.095
2025-12-27,2025,12,27,361,23,5,84.33500000000001,2025-12-27 23:00:00+00:00,2025-12-28 00:00:00+00:00,43557.82,2831.6625,11951.0775,0.0,36109.04,14782.74,-0.0901900042703451,0.99592457702866,-0.2588190451025215,0.965925826289068,-0.9749279121818236,-0.2225209339563146,0,weekend,28.095
2025-12-28,2025,12,28,362,23,6,89.88,2025-12-28 23:00:00+00:00,2025-12-29 00:00:00+00:00,46424.6275,4817.985,18598.1675,0.0,44041.245,23416.1525,-0.0730451882110474,0.9973286321364752,-0.2588190451025215,0.965925826289068,-0.7818314824680299,0.6234898018587334,0,weekend,28.2725
2025-12-29,2025,12,29,363,23,0,77.8625,2025-12-29 23:00:00+00:00,2025-12-30 00:00:00+00:00,49868.31,6352.595,19366.755,0.0,47026.67,25719.35,-0.0558787569053731,0.9984375616565666,-0.2588190451025215,0.965925826289068,0.0,1.0,0,weekday,28.45
2025-12-30,2025,12,30,364,23,1,88.0825,2025-12-30 23:00:00+00:00,2025-12-31 00:00:00+00:00,48113.7775,5468.9325,14399.385,0.0,43036.56,19868.3175,-0.0386957901765268,0.999251037438848,-0.2588190451025215,0.965925826289068,0.7818314824680298,0.6234898018587336,0,weekday,27.766
